page_index,time_cycles
0,59396
page_index,time_cycles
0,35056
page_index,time_cycles
0,56968
page_index,time_cycles
0,36580
page_index,time_cycles
0,45084
page_index,time_cycles
0,41680
page_index,time_cycles
0,39586
page_index,time_cycles
0,47452
page_index,time_cycles
0,44406
page_index,time_cycles
0,35722
page_index,time_cycles
0,39396
page_index,time_cycles
0,53938
page_index,time_cycles
0,55150
page_index,time_cycles
0,35670
page_index,time_cycles
0,34326
page_index,time_cycles
0,35156
page_index,time_cycles
0,39236
page_index,time_cycles
0,34258
page_index,time_cycles
0,49838
page_index,time_cycles
0,35752
page_index,time_cycles
0,36522
page_index,time_cycles
0,47592
page_index,time_cycles
0,44414
page_index,time_cycles
0,35256
page_index,time_cycles
0,57498
page_index,time_cycles
0,51486
page_index,time_cycles
0,37646
page_index,time_cycles
0,35426
page_index,time_cycles
0,43374
page_index,time_cycles
0,41016
page_index,time_cycles
0,35716
page_index,time_cycles
0,46524
page_index,time_cycles
0,66386
page_index,time_cycles
0,42278
page_index,time_cycles
0,46480
page_index,time_cycles
0,49510
page_index,time_cycles
0,34772
page_index,time_cycles
0,38690
page_index,time_cycles
0,51396
page_index,time_cycles
0,41718
page_index,time_cycles
0,45498
page_index,time_cycles
0,38066
page_index,time_cycles
0,35394
page_index,time_cycles
0,37040
page_index,time_cycles
0,43980
page_index,time_cycles
0,44886
page_index,time_cycles
0,42418
page_index,time_cycles
0,40854
page_index,time_cycles
0,38246
page_index,time_cycles
0,47310
page_index,time_cycles
0,42176
page_index,time_cycles
0,41536
page_index,time_cycles
0,36926
page_index,time_cycles
0,41536
page_index,time_cycles
0,34898
page_index,time_cycles
0,37326
page_index,time_cycles
0,35224
page_index,time_cycles
0,34070
page_index,time_cycles
0,39496
page_index,time_cycles
0,46360
page_index,time_cycles
0,38666
page_index,time_cycles
0,80080
page_index,time_cycles
0,37294
page_index,time_cycles
0,35788
page_index,time_cycles
0,37810
page_index,time_cycles
0,58452
page_index,time_cycles
0,35240
page_index,time_cycles
0,40824
page_index,time_cycles
0,39908
page_index,time_cycles
0,34262
page_index,time_cycles
0,36040
page_index,time_cycles
0,34062
page_index,time_cycles
0,39948
page_index,time_cycles
0,51912
page_index,time_cycles
0,36808
page_index,time_cycles
0,37006
page_index,time_cycles
0,43388
page_index,time_cycles
0,37048
page_index,time_cycles
0,33468
page_index,time_cycles
0,45752
page_index,time_cycles
0,42016
page_index,time_cycles
0,53252
page_index,time_cycles
0,35884
page_index,time_cycles
0,37808
page_index,time_cycles
0,43520
page_index,time_cycles
0,59438
page_index,time_cycles
0,33620
page_index,time_cycles
0,34630
page_index,time_cycles
0,36064
page_index,time_cycles
0,36920
page_index,time_cycles
0,40252
page_index,time_cycles
0,32432
page_index,time_cycles
0,35252
page_index,time_cycles
0,44142
page_index,time_cycles
0,44376
page_index,time_cycles
0,58744
page_index,time_cycles
0,45652
page_index,time_cycles
0,48714
page_index,time_cycles
0,34674
page_index,time_cycles
0,50728
page_index,time_cycles
0,43306
page_index,time_cycles
0,38428
page_index,time_cycles
0,35136
page_index,time_cycles
0,42788
page_index,time_cycles
0,35102
page_index,time_cycles
0,43598
page_index,time_cycles
0,47988
page_index,time_cycles
0,41518
page_index,time_cycles
0,37944
page_index,time_cycles
0,38060
page_index,time_cycles
0,42356
page_index,time_cycles
0,35516
page_index,time_cycles
0,43910
page_index,time_cycles
0,34764
page_index,time_cycles
0,74700
page_index,time_cycles
0,44032
page_index,time_cycles
0,47006
page_index,time_cycles
0,46332
page_index,time_cycles
0,53644
page_index,time_cycles
0,42656
page_index,time_cycles
0,35984
page_index,time_cycles
0,39054
page_index,time_cycles
0,43142
page_index,time_cycles
0,41824
page_index,time_cycles
0,47834
page_index,time_cycles
0,41230
page_index,time_cycles
0,36422
page_index,time_cycles
0,37834
page_index,time_cycles
0,74950
page_index,time_cycles
0,44344
page_index,time_cycles
0,35908
page_index,time_cycles
0,40642
page_index,time_cycles
0,40252
page_index,time_cycles
0,40950
page_index,time_cycles
0,37126
page_index,time_cycles
0,38284
page_index,time_cycles
0,41740
page_index,time_cycles
0,53326
page_index,time_cycles
0,42144
page_index,time_cycles
0,34664
page_index,time_cycles
0,42148
page_index,time_cycles
0,34496
page_index,time_cycles
0,33914
page_index,time_cycles
0,43170
page_index,time_cycles
0,34316
page_index,time_cycles
0,44466
page_index,time_cycles
0,50376
page_index,time_cycles
0,43708
page_index,time_cycles
0,35290
page_index,time_cycles
0,35342
page_index,time_cycles
0,73548
page_index,time_cycles
0,37966
page_index,time_cycles
0,60058
page_index,time_cycles
0,40758
page_index,time_cycles
0,69988
page_index,time_cycles
0,66736
page_index,time_cycles
0,37526
page_index,time_cycles
0,45410
page_index,time_cycles
0,40506
page_index,time_cycles
0,46352
page_index,time_cycles
0,36968
page_index,time_cycles
0,58184
page_index,time_cycles
0,35216
page_index,time_cycles
0,33074
page_index,time_cycles
0,79674
page_index,time_cycles
0,39830
page_index,time_cycles
0,44852
page_index,time_cycles
0,42676
page_index,time_cycles
0,41332
page_index,time_cycles
0,42348
page_index,time_cycles
0,39994
page_index,time_cycles
0,39828
page_index,time_cycles
0,42436
page_index,time_cycles
0,45216
page_index,time_cycles
0,59374
page_index,time_cycles
0,36910
page_index,time_cycles
0,40158
page_index,time_cycles
0,50648
page_index,time_cycles
0,36458
page_index,time_cycles
0,36556
page_index,time_cycles
0,39654
page_index,time_cycles
0,42058
page_index,time_cycles
0,35666
page_index,time_cycles
0,33420
page_index,time_cycles
0,51270
page_index,time_cycles
0,43368
page_index,time_cycles
0,43224
page_index,time_cycles
0,36648
page_index,time_cycles
0,52690
page_index,time_cycles
0,44092
page_index,time_cycles
0,35644
page_index,time_cycles
0,39758
page_index,time_cycles
0,43746
page_index,time_cycles
0,54926
page_index,time_cycles
0,36976
page_index,time_cycles
0,39264
page_index,time_cycles
0,45032
page_index,time_cycles
0,42436
page_index,time_cycles
0,54948
page_index,time_cycles
0,57314
page_index,time_cycles
0,43750
page_index,time_cycles
0,36098
page_index,time_cycles
0,43808
page_index,time_cycles
0,41594
page_index,time_cycles
0,43560
page_index,time_cycles
0,39814
page_index,time_cycles
0,38896
page_index,time_cycles
0,54096
page_index,time_cycles
0,41022
page_index,time_cycles
0,100306
page_index,time_cycles
0,33556
page_index,time_cycles
0,37772
page_index,time_cycles
0,36258
page_index,time_cycles
0,34306
page_index,time_cycles
0,49640
page_index,time_cycles
0,44158
page_index,time_cycles
0,76980
page_index,time_cycles
0,45220
page_index,time_cycles
0,34548
page_index,time_cycles
0,44060
page_index,time_cycles
0,43038
page_index,time_cycles
0,35388
page_index,time_cycles
0,36218
page_index,time_cycles
0,36834
page_index,time_cycles
0,39810
page_index,time_cycles
0,39784
page_index,time_cycles
0,37934
page_index,time_cycles
0,57814
page_index,time_cycles
0,35898
page_index,time_cycles
0,102044
page_index,time_cycles
0,48532
page_index,time_cycles
0,34310
page_index,time_cycles
0,36170
page_index,time_cycles
0,41298
page_index,time_cycles
0,39986
page_index,time_cycles
0,36406
page_index,time_cycles
0,41460
page_index,time_cycles
0,38492
page_index,time_cycles
0,77592
page_index,time_cycles
0,41390
page_index,time_cycles
0,56926
page_index,time_cycles
0,42262
page_index,time_cycles
0,34592
page_index,time_cycles
0,42966
page_index,time_cycles
0,42994
page_index,time_cycles
0,69752
page_index,time_cycles
0,41372
page_index,time_cycles
0,49046
page_index,time_cycles
0,36246
page_index,time_cycles
0,37146
page_index,time_cycles
0,42522
page_index,time_cycles
0,51490
page_index,time_cycles
0,36154
page_index,time_cycles
0,43732
page_index,time_cycles
0,37382
page_index,time_cycles
0,33456
page_index,time_cycles
0,47082
page_index,time_cycles
0,36274
page_index,time_cycles
0,41984
page_index,time_cycles
0,58946
page_index,time_cycles
0,39264
page_index,time_cycles
0,43158
page_index,time_cycles
0,32152
page_index,time_cycles
0,45694
page_index,time_cycles
0,49446
page_index,time_cycles
0,42164
page_index,time_cycles
0,38026
page_index,time_cycles
0,42266
page_index,time_cycles
0,48948
page_index,time_cycles
0,67884
page_index,time_cycles
0,35504
page_index,time_cycles
0,49800
page_index,time_cycles
0,41828
page_index,time_cycles
0,42866
page_index,time_cycles
0,52420
page_index,time_cycles
0,81066
page_index,time_cycles
0,43008
page_index,time_cycles
0,36142
page_index,time_cycles
0,42726
page_index,time_cycles
0,33724
page_index,time_cycles
0,37618
page_index,time_cycles
0,37882
page_index,time_cycles
0,32818
page_index,time_cycles
0,40992
page_index,time_cycles
0,35944
page_index,time_cycles
0,38228
page_index,time_cycles
0,83830
page_index,time_cycles
0,39948
page_index,time_cycles
0,49646
page_index,time_cycles
0,43528
page_index,time_cycles
0,38812
page_index,time_cycles
0,41596
page_index,time_cycles
0,38344
page_index,time_cycles
0,38332
page_index,time_cycles
0,51102
page_index,time_cycles
0,45290
page_index,time_cycles
0,45844
page_index,time_cycles
0,44892
page_index,time_cycles
0,40348
page_index,time_cycles
0,49542
page_index,time_cycles
0,41778
page_index,time_cycles
0,48796
page_index,time_cycles
0,41822
page_index,time_cycles
0,42772
page_index,time_cycles
0,36142
page_index,time_cycles
0,41936
page_index,time_cycles
0,43690
page_index,time_cycles
0,34722
page_index,time_cycles
0,33978
page_index,time_cycles
0,45430
page_index,time_cycles
0,43350
page_index,time_cycles
0,43062
page_index,time_cycles
0,35146
page_index,time_cycles
0,51550
page_index,time_cycles
0,42078
page_index,time_cycles
0,33854
page_index,time_cycles
0,44860
page_index,time_cycles
0,55078
page_index,time_cycles
0,56494
page_index,time_cycles
0,42672
page_index,time_cycles
0,48522
page_index,time_cycles
0,46242
page_index,time_cycles
0,76838
page_index,time_cycles
0,71724
page_index,time_cycles
0,49430
page_index,time_cycles
0,39808
page_index,time_cycles
0,41624
page_index,time_cycles
0,37764
page_index,time_cycles
0,32574
page_index,time_cycles
0,35668
page_index,time_cycles
0,51482
page_index,time_cycles
0,53648
page_index,time_cycles
0,41012
page_index,time_cycles
0,42574
page_index,time_cycles
0,39268
page_index,time_cycles
0,37604
page_index,time_cycles
0,42844
page_index,time_cycles
0,36414
page_index,time_cycles
0,45674
page_index,time_cycles
0,42318
page_index,time_cycles
0,35146
page_index,time_cycles
0,34742
page_index,time_cycles
0,42294
page_index,time_cycles
0,38962
page_index,time_cycles
0,34552
page_index,time_cycles
0,42846
page_index,time_cycles
0,37952
page_index,time_cycles
0,33694
page_index,time_cycles
0,44340
page_index,time_cycles
0,72858
page_index,time_cycles
0,36200
page_index,time_cycles
0,38268
page_index,time_cycles
0,40170
page_index,time_cycles
0,39626
page_index,time_cycles
0,33584
page_index,time_cycles
0,40280
page_index,time_cycles
0,37436
page_index,time_cycles
0,40654
page_index,time_cycles
0,42726
page_index,time_cycles
0,42278
page_index,time_cycles
0,37878
page_index,time_cycles
0,36894
page_index,time_cycles
0,35072
page_index,time_cycles
0,40458
page_index,time_cycles
0,51798
page_index,time_cycles
0,36480
page_index,time_cycles
0,39094
page_index,time_cycles
0,40334
page_index,time_cycles
0,31742
page_index,time_cycles
0,32638
page_index,time_cycles
0,59544
page_index,time_cycles
0,51662
page_index,time_cycles
0,42504
page_index,time_cycles
0,39378
page_index,time_cycles
0,32554
page_index,time_cycles
0,39698
page_index,time_cycles
0,51726
page_index,time_cycles
0,37486
page_index,time_cycles
0,38570
page_index,time_cycles
0,34378
page_index,time_cycles
0,48744
page_index,time_cycles
0,43312
page_index,time_cycles
0,37948
page_index,time_cycles
0,44734
page_index,time_cycles
0,36850
page_index,time_cycles
0,39398
page_index,time_cycles
0,41584
page_index,time_cycles
0,44334
page_index,time_cycles
0,36800
page_index,time_cycles
0,36466
page_index,time_cycles
0,37496
page_index,time_cycles
0,38070
page_index,time_cycles
0,49876
page_index,time_cycles
0,35504
page_index,time_cycles
0,41356
page_index,time_cycles
0,47374
page_index,time_cycles
0,42574
page_index,time_cycles
0,35922
page_index,time_cycles
0,34264
page_index,time_cycles
0,35370
page_index,time_cycles
0,39470
page_index,time_cycles
0,36544
page_index,time_cycles
0,43282
page_index,time_cycles
0,64074
page_index,time_cycles
0,43064
page_index,time_cycles
0,35520
page_index,time_cycles
0,61674
page_index,time_cycles
0,45174
page_index,time_cycles
0,38186
page_index,time_cycles
0,42958
page_index,time_cycles
0,40642
page_index,time_cycles
0,34976
page_index,time_cycles
0,45404
page_index,time_cycles
0,37656
page_index,time_cycles
0,44620
page_index,time_cycles
0,41266
page_index,time_cycles
0,35526
page_index,time_cycles
0,42960
page_index,time_cycles
0,40490
page_index,time_cycles
0,47186
page_index,time_cycles
0,41262
page_index,time_cycles
0,42774
page_index,time_cycles
0,39276
page_index,time_cycles
0,42286
page_index,time_cycles
0,35594
page_index,time_cycles
0,41528
page_index,time_cycles
0,42150
page_index,time_cycles
0,56564
page_index,time_cycles
0,42818
page_index,time_cycles
0,43558
page_index,time_cycles
0,32450
page_index,time_cycles
0,45432
page_index,time_cycles
0,34732
page_index,time_cycles
0,35456
page_index,time_cycles
0,42266
page_index,time_cycles
0,37104
page_index,time_cycles
0,40406
page_index,time_cycles
0,38320
page_index,time_cycles
0,35414
page_index,time_cycles
0,36948
page_index,time_cycles
0,42586
page_index,time_cycles
0,45656
page_index,time_cycles
0,162024
page_index,time_cycles
0,37162
page_index,time_cycles
0,47260
page_index,time_cycles
0,53430
page_index,time_cycles
0,45036
page_index,time_cycles
0,38830
page_index,time_cycles
0,39036
page_index,time_cycles
0,78748
page_index,time_cycles
0,41844
page_index,time_cycles
0,38918
page_index,time_cycles
0,56772
page_index,time_cycles
0,37136
page_index,time_cycles
0,44858
page_index,time_cycles
0,38262
page_index,time_cycles
0,43524
page_index,time_cycles
0,60456
page_index,time_cycles
0,47186
page_index,time_cycles
0,51874
page_index,time_cycles
0,56710
page_index,time_cycles
0,44430
page_index,time_cycles
0,42976
page_index,time_cycles
0,35410
page_index,time_cycles
0,36794
page_index,time_cycles
0,38662
page_index,time_cycles
0,36748
page_index,time_cycles
0,41258
page_index,time_cycles
0,45466
page_index,time_cycles
0,33366
page_index,time_cycles
0,36136
page_index,time_cycles
0,39950
page_index,time_cycles
0,33962
page_index,time_cycles
0,42172
page_index,time_cycles
0,37248
page_index,time_cycles
0,53616
page_index,time_cycles
0,37784
page_index,time_cycles
0,49098
page_index,time_cycles
0,44892
page_index,time_cycles
0,50244
page_index,time_cycles
0,44358
page_index,time_cycles
0,35374
page_index,time_cycles
0,36066
page_index,time_cycles
0,44270
page_index,time_cycles
0,36212
page_index,time_cycles
0,42358
page_index,time_cycles
0,44054
page_index,time_cycles
0,46856
page_index,time_cycles
0,36184
page_index,time_cycles
0,35812
page_index,time_cycles
0,41714
page_index,time_cycles
0,36216
page_index,time_cycles
0,43580
page_index,time_cycles
0,34394
page_index,time_cycles
0,43552
page_index,time_cycles
0,36084
page_index,time_cycles
0,34364
page_index,time_cycles
0,36024
page_index,time_cycles
0,37694
page_index,time_cycles
0,41270
page_index,time_cycles
0,36734
page_index,time_cycles
0,36928
page_index,time_cycles
0,58822
page_index,time_cycles
0,35524
page_index,time_cycles
0,44554
page_index,time_cycles
0,35756
page_index,time_cycles
0,52946
page_index,time_cycles
0,35120
page_index,time_cycles
0,43320
page_index,time_cycles
0,42524
page_index,time_cycles
0,41214
page_index,time_cycles
0,36736
page_index,time_cycles
0,169794
page_index,time_cycles
0,61946
page_index,time_cycles
0,42414
page_index,time_cycles
0,36818
page_index,time_cycles
0,41522
page_index,time_cycles
0,43152
page_index,time_cycles
0,36334
page_index,time_cycles
0,41850
page_index,time_cycles
0,40184
page_index,time_cycles
0,35164
page_index,time_cycles
0,45284
page_index,time_cycles
0,52946
page_index,time_cycles
0,34510
page_index,time_cycles
0,41872
page_index,time_cycles
0,36604
page_index,time_cycles
0,38526
page_index,time_cycles
0,35462
page_index,time_cycles
0,51498
page_index,time_cycles
0,42274
page_index,time_cycles
0,37616
page_index,time_cycles
0,34578
page_index,time_cycles
0,40450
page_index,time_cycles
0,41458
page_index,time_cycles
0,43988
page_index,time_cycles
0,43048
page_index,time_cycles
0,43496
page_index,time_cycles
0,37746
page_index,time_cycles
0,35288
page_index,time_cycles
0,36112
page_index,time_cycles
0,44194
page_index,time_cycles
0,56956
page_index,time_cycles
0,46802
page_index,time_cycles
0,35630
page_index,time_cycles
0,38480
page_index,time_cycles
0,44234
page_index,time_cycles
0,34572
page_index,time_cycles
0,38160
page_index,time_cycles
0,37282
page_index,time_cycles
0,48148
page_index,time_cycles
0,33578
page_index,time_cycles
0,52672
page_index,time_cycles
0,42092
page_index,time_cycles
0,36784
page_index,time_cycles
0,35486
page_index,time_cycles
0,36938
page_index,time_cycles
0,40476
page_index,time_cycles
0,41264
page_index,time_cycles
0,51830
page_index,time_cycles
0,43322
page_index,time_cycles
0,58640
page_index,time_cycles
0,40806
page_index,time_cycles
0,35740
page_index,time_cycles
0,40842
page_index,time_cycles
0,54878
page_index,time_cycles
0,37066
page_index,time_cycles
0,35964
page_index,time_cycles
0,35490
page_index,time_cycles
0,41052
page_index,time_cycles
0,77868
page_index,time_cycles
0,44632
page_index,time_cycles
0,35162
page_index,time_cycles
0,43714
page_index,time_cycles
0,42320
page_index,time_cycles
0,50074
page_index,time_cycles
0,36568
page_index,time_cycles
0,42752
page_index,time_cycles
0,34984
page_index,time_cycles
0,36446
page_index,time_cycles
0,46022
page_index,time_cycles
0,49134
page_index,time_cycles
0,41504
page_index,time_cycles
0,53692
page_index,time_cycles
0,35548
page_index,time_cycles
0,33190
page_index,time_cycles
0,42160
page_index,time_cycles
0,49542
page_index,time_cycles
0,49604
page_index,time_cycles
0,43674
page_index,time_cycles
0,44208
page_index,time_cycles
0,34698
page_index,time_cycles
0,47038
page_index,time_cycles
0,37066
page_index,time_cycles
0,48396
page_index,time_cycles
0,42278
page_index,time_cycles
0,35810
page_index,time_cycles
0,42152
page_index,time_cycles
0,43284
page_index,time_cycles
0,39138
page_index,time_cycles
0,43506
page_index,time_cycles
0,34528
page_index,time_cycles
0,33960
page_index,time_cycles
0,43702
page_index,time_cycles
0,42356
page_index,time_cycles
0,34472
page_index,time_cycles
0,50080
page_index,time_cycles
0,37592
page_index,time_cycles
0,34238
page_index,time_cycles
0,38086
page_index,time_cycles
0,39868
page_index,time_cycles
0,83850
page_index,time_cycles
0,34560
page_index,time_cycles
0,46270
page_index,time_cycles
0,35258
page_index,time_cycles
0,35020
page_index,time_cycles
0,42002
page_index,time_cycles
0,38046
page_index,time_cycles
0,36414
page_index,time_cycles
0,39048
page_index,time_cycles
0,36636
page_index,time_cycles
0,43136
page_index,time_cycles
0,42814
page_index,time_cycles
0,37218
page_index,time_cycles
0,42792
page_index,time_cycles
0,36386
page_index,time_cycles
0,34290
page_index,time_cycles
0,34492
page_index,time_cycles
0,41248
page_index,time_cycles
0,62674
page_index,time_cycles
0,34402
page_index,time_cycles
0,47606
page_index,time_cycles
0,40740
page_index,time_cycles
0,34860
page_index,time_cycles
0,68926
page_index,time_cycles
0,35266
page_index,time_cycles
0,42946
page_index,time_cycles
0,32916
page_index,time_cycles
0,37634
page_index,time_cycles
0,51138
page_index,time_cycles
0,45424
page_index,time_cycles
0,41250
page_index,time_cycles
0,46808
page_index,time_cycles
0,35902
page_index,time_cycles
0,48286
page_index,time_cycles
0,38044
page_index,time_cycles
0,51040
page_index,time_cycles
0,42700
page_index,time_cycles
0,36460
page_index,time_cycles
0,37860
page_index,time_cycles
0,38634
page_index,time_cycles
0,52942
page_index,time_cycles
0,34970
page_index,time_cycles
0,60792
page_index,time_cycles
0,42506
page_index,time_cycles
0,38096
page_index,time_cycles
0,49282
page_index,time_cycles
0,42870
page_index,time_cycles
0,36248
page_index,time_cycles
0,42072
page_index,time_cycles
0,35376
page_index,time_cycles
0,51522
page_index,time_cycles
0,35618
page_index,time_cycles
0,48240
page_index,time_cycles
0,37432
page_index,time_cycles
0,57044
page_index,time_cycles
0,42880
page_index,time_cycles
0,49894
page_index,time_cycles
0,49202
page_index,time_cycles
0,37914
page_index,time_cycles
0,42044
page_index,time_cycles
0,37792
page_index,time_cycles
0,41014
page_index,time_cycles
0,44140
page_index,time_cycles
0,34972
page_index,time_cycles
0,42278
page_index,time_cycles
0,42360
page_index,time_cycles
0,43572
page_index,time_cycles
0,38910
page_index,time_cycles
0,43282
page_index,time_cycles
0,59530
page_index,time_cycles
0,36068
page_index,time_cycles
0,40890
page_index,time_cycles
0,40378
page_index,time_cycles
0,35236
page_index,time_cycles
0,41900
page_index,time_cycles
0,33882
page_index,time_cycles
0,40526
page_index,time_cycles
0,34638
page_index,time_cycles
0,35360
page_index,time_cycles
0,38778
page_index,time_cycles
0,40894
page_index,time_cycles
0,37598
page_index,time_cycles
0,43450
page_index,time_cycles
0,36010
page_index,time_cycles
0,39092
page_index,time_cycles
0,36408
page_index,time_cycles
0,42290
page_index,time_cycles
0,37438
page_index,time_cycles
0,35348
page_index,time_cycles
0,51058
page_index,time_cycles
0,45448
page_index,time_cycles
0,36456
page_index,time_cycles
0,40176
page_index,time_cycles
0,67064
page_index,time_cycles
0,37118
page_index,time_cycles
0,43960
page_index,time_cycles
0,36212
page_index,time_cycles
0,40888
page_index,time_cycles
0,42970
page_index,time_cycles
0,46568
page_index,time_cycles
0,33444
page_index,time_cycles
0,45412
page_index,time_cycles
0,57564
page_index,time_cycles
0,59456
page_index,time_cycles
0,44366
page_index,time_cycles
0,35532
page_index,time_cycles
0,33108
page_index,time_cycles
0,43252
page_index,time_cycles
0,40806
page_index,time_cycles
0,38950
page_index,time_cycles
0,41632
page_index,time_cycles
0,46954
page_index,time_cycles
0,38772
page_index,time_cycles
0,34682
page_index,time_cycles
0,39048
page_index,time_cycles
0,41164
page_index,time_cycles
0,38268
page_index,time_cycles
0,49542
page_index,time_cycles
0,44676
page_index,time_cycles
0,43196
page_index,time_cycles
0,35506
page_index,time_cycles
0,34964
page_index,time_cycles
0,44348
page_index,time_cycles
0,37984
page_index,time_cycles
0,33982
page_index,time_cycles
0,47642
page_index,time_cycles
0,36082
page_index,time_cycles
0,37164
page_index,time_cycles
0,41396
page_index,time_cycles
0,34966
page_index,time_cycles
0,43094
page_index,time_cycles
0,40704
page_index,time_cycles
0,51368
page_index,time_cycles
0,35708
page_index,time_cycles
0,40834
page_index,time_cycles
0,43596
page_index,time_cycles
0,36606
page_index,time_cycles
0,36444
page_index,time_cycles
0,37500
page_index,time_cycles
0,52856
page_index,time_cycles
0,34114
page_index,time_cycles
0,41104
page_index,time_cycles
0,33792
page_index,time_cycles
0,38054
page_index,time_cycles
0,71700
page_index,time_cycles
0,38968
page_index,time_cycles
0,42988
page_index,time_cycles
0,36880
page_index,time_cycles
0,38252
page_index,time_cycles
0,36630
page_index,time_cycles
0,43236
page_index,time_cycles
0,43488
page_index,time_cycles
0,36950
page_index,time_cycles
0,55614
page_index,time_cycles
0,41790
page_index,time_cycles
0,82562
page_index,time_cycles
0,41636
page_index,time_cycles
0,42614
page_index,time_cycles
0,34502
page_index,time_cycles
0,45140
page_index,time_cycles
0,36054
page_index,time_cycles
0,36468
page_index,time_cycles
0,42792
page_index,time_cycles
0,40688
page_index,time_cycles
0,37430
page_index,time_cycles
0,43232
page_index,time_cycles
0,43068
page_index,time_cycles
0,35454
page_index,time_cycles
0,41390
page_index,time_cycles
0,38484
page_index,time_cycles
0,43366
page_index,time_cycles
0,45852
page_index,time_cycles
0,36420
page_index,time_cycles
0,41148
page_index,time_cycles
0,44012
page_index,time_cycles
0,38320
page_index,time_cycles
0,41944
page_index,time_cycles
0,37122
page_index,time_cycles
0,32828
page_index,time_cycles
0,42416
page_index,time_cycles
0,37258
page_index,time_cycles
0,55270
page_index,time_cycles
0,38678
page_index,time_cycles
0,37136
page_index,time_cycles
0,58954
page_index,time_cycles
0,40518
page_index,time_cycles
0,42574
page_index,time_cycles
0,77160
page_index,time_cycles
0,37792
page_index,time_cycles
0,40644
page_index,time_cycles
0,36656
page_index,time_cycles
0,42098
page_index,time_cycles
0,42598
page_index,time_cycles
0,45894
page_index,time_cycles
0,43222
page_index,time_cycles
0,49816
page_index,time_cycles
0,43464
page_index,time_cycles
0,40500
page_index,time_cycles
0,36314
page_index,time_cycles
0,44262
page_index,time_cycles
0,36088
page_index,time_cycles
0,35458
page_index,time_cycles
0,54982
page_index,time_cycles
0,63082
page_index,time_cycles
0,36446
page_index,time_cycles
0,40390
page_index,time_cycles
0,36842
page_index,time_cycles
0,43780
page_index,time_cycles
0,42612
page_index,time_cycles
0,36934
page_index,time_cycles
0,32274
page_index,time_cycles
0,51390
page_index,time_cycles
0,49556
page_index,time_cycles
0,50726
page_index,time_cycles
0,55466
page_index,time_cycles
0,44894
page_index,time_cycles
0,40920
page_index,time_cycles
0,41064
page_index,time_cycles
0,69700
page_index,time_cycles
0,35146
page_index,time_cycles
0,52272
page_index,time_cycles
0,40424
page_index,time_cycles
0,35408
page_index,time_cycles
0,67238
page_index,time_cycles
0,37860
page_index,time_cycles
0,41334
page_index,time_cycles
0,35240
page_index,time_cycles
0,49190
page_index,time_cycles
0,38154
page_index,time_cycles
0,40156
page_index,time_cycles
0,36552
page_index,time_cycles
0,45844
page_index,time_cycles
0,39054
page_index,time_cycles
0,36966
page_index,time_cycles
0,35356
page_index,time_cycles
0,43618
page_index,time_cycles
0,62056
page_index,time_cycles
0,44486
page_index,time_cycles
0,55692
page_index,time_cycles
0,45190
page_index,time_cycles
0,72456
page_index,time_cycles
0,44198
page_index,time_cycles
0,38086
page_index,time_cycles
0,45344
page_index,time_cycles
0,38136
page_index,time_cycles
0,35848
page_index,time_cycles
0,40388
page_index,time_cycles
0,43262
page_index,time_cycles
0,52634
page_index,time_cycles
0,35388
page_index,time_cycles
0,37008
page_index,time_cycles
0,47090
page_index,time_cycles
0,39060
page_index,time_cycles
0,36460
page_index,time_cycles
0,43948
page_index,time_cycles
0,63204
page_index,time_cycles
0,41894
page_index,time_cycles
0,34276
page_index,time_cycles
0,46718
page_index,time_cycles
0,54902
page_index,time_cycles
0,55134
page_index,time_cycles
0,43328
page_index,time_cycles
0,36668
page_index,time_cycles
0,33162
page_index,time_cycles
0,41000
page_index,time_cycles
0,40514
page_index,time_cycles
0,79082
page_index,time_cycles
0,42258
page_index,time_cycles
0,42100
page_index,time_cycles
0,36426
page_index,time_cycles
0,35110
page_index,time_cycles
0,36314
page_index,time_cycles
0,37180
page_index,time_cycles
0,43104
page_index,time_cycles
0,38930
page_index,time_cycles
0,34322
page_index,time_cycles
0,37744
page_index,time_cycles
0,36082
page_index,time_cycles
0,51832
page_index,time_cycles
0,34732
page_index,time_cycles
0,37596
page_index,time_cycles
0,36966
page_index,time_cycles
0,45360
page_index,time_cycles
0,41874
page_index,time_cycles
0,40620
page_index,time_cycles
0,41348
page_index,time_cycles
0,36944
page_index,time_cycles
0,60424
page_index,time_cycles
0,35292
page_index,time_cycles
0,34444
page_index,time_cycles
0,43398
page_index,time_cycles
0,42654
page_index,time_cycles
0,37148
page_index,time_cycles
0,33724
page_index,time_cycles
0,34962
page_index,time_cycles
0,35804
page_index,time_cycles
0,40846
page_index,time_cycles
0,39160
page_index,time_cycles
0,34180
page_index,time_cycles
0,76396
page_index,time_cycles
0,35290
page_index,time_cycles
0,36278
page_index,time_cycles
0,35130
page_index,time_cycles
0,42938
page_index,time_cycles
0,53786
page_index,time_cycles
0,40734
page_index,time_cycles
0,35428
page_index,time_cycles
0,34806
page_index,time_cycles
0,41266
page_index,time_cycles
0,42284
page_index,time_cycles
0,36742
page_index,time_cycles
0,41828
page_index,time_cycles
0,37992
page_index,time_cycles
0,59500
page_index,time_cycles
0,41172
page_index,time_cycles
0,46286
page_index,time_cycles
0,42790
page_index,time_cycles
0,40416
page_index,time_cycles
0,42960
page_index,time_cycles
0,41812
page_index,time_cycles
0,34802
page_index,time_cycles
0,37108
page_index,time_cycles
0,35100
page_index,time_cycles
0,42400
page_index,time_cycles
0,58798
page_index,time_cycles
0,43870
page_index,time_cycles
0,33804
page_index,time_cycles
0,36646
page_index,time_cycles
0,35422
page_index,time_cycles
0,41880
page_index,time_cycles
0,56894
page_index,time_cycles
0,43564
page_index,time_cycles
0,37304
page_index,time_cycles
0,36330
page_index,time_cycles
0,51876
page_index,time_cycles
0,36402
page_index,time_cycles
0,42962
page_index,time_cycles
0,42782
page_index,time_cycles
0,42412
page_index,time_cycles
0,64340
page_index,time_cycles
0,44412
page_index,time_cycles
0,38842
page_index,time_cycles
0,43490
page_index,time_cycles
0,48068
page_index,time_cycles
0,36096
page_index,time_cycles
0,41170
page_index,time_cycles
0,47192
page_index,time_cycles
0,42038
page_index,time_cycles
0,41968
page_index,time_cycles
0,36220
page_index,time_cycles
0,42170
page_index,time_cycles
0,39576
page_index,time_cycles
0,51518
page_index,time_cycles
0,36710
page_index,time_cycles
0,35624
page_index,time_cycles
0,41050
page_index,time_cycles
0,35592
page_index,time_cycles
0,49820
page_index,time_cycles
0,43838
page_index,time_cycles
0,74156
page_index,time_cycles
0,39872
page_index,time_cycles
0,49392
page_index,time_cycles
0,56958
page_index,time_cycles
0,38174
page_index,time_cycles
0,39562
page_index,time_cycles
0,42498
page_index,time_cycles
0,39232
page_index,time_cycles
0,49378
page_index,time_cycles
0,42780
page_index,time_cycles
0,51712
page_index,time_cycles
0,37056
page_index,time_cycles
0,37562
page_index,time_cycles
0,51792
page_index,time_cycles
0,34982
page_index,time_cycles
0,42792
page_index,time_cycles
0,56752
page_index,time_cycles
0,42310
page_index,time_cycles
0,41472
page_index,time_cycles
0,41916
page_index,time_cycles
0,59972
page_index,time_cycles
0,33770
page_index,time_cycles
0,36312
page_index,time_cycles
0,40000
page_index,time_cycles
0,115088
page_index,time_cycles
0,43446
page_index,time_cycles
0,36350
page_index,time_cycles
0,49742
page_index,time_cycles
0,41828
page_index,time_cycles
0,42746
page_index,time_cycles
0,47726
page_index,time_cycles
0,41218
page_index,time_cycles
0,41690
page_index,time_cycles
0,36036
page_index,time_cycles
0,62064
page_index,time_cycles
0,40342
page_index,time_cycles
0,40622
page_index,time_cycles
0,39048
page_index,time_cycles
0,34600
page_index,time_cycles
0,36644
page_index,time_cycles
0,40152
page_index,time_cycles
0,43892
page_index,time_cycles
0,37210
page_index,time_cycles
0,37014
page_index,time_cycles
0,43134
page_index,time_cycles
0,50944
page_index,time_cycles
0,57476
page_index,time_cycles
0,52272
page_index,time_cycles
0,55610
page_index,time_cycles
0,39946
page_index,time_cycles
0,58422
page_index,time_cycles
0,41202
page_index,time_cycles
0,38160
page_index,time_cycles
0,40828
page_index,time_cycles
0,51496
page_index,time_cycles
0,51544
page_index,time_cycles
0,57426
page_index,time_cycles
0,53492
page_index,time_cycles
0,43516
page_index,time_cycles
0,37834
page_index,time_cycles
0,38712
page_index,time_cycles
0,35448
page_index,time_cycles
0,33132
page_index,time_cycles
0,44554
page_index,time_cycles
0,37540
page_index,time_cycles
0,43010
page_index,time_cycles
0,35908
page_index,time_cycles
0,41580
page_index,time_cycles
0,68420
page_index,time_cycles
0,35836
page_index,time_cycles
0,41224
page_index,time_cycles
0,38054
page_index,time_cycles
0,40938
page_index,time_cycles
0,41464
page_index,time_cycles
0,34110
page_index,time_cycles
0,48360
page_index,time_cycles
0,31322
page_index,time_cycles
0,33646
page_index,time_cycles
0,35214
page_index,time_cycles
0,46018
page_index,time_cycles
0,43250
page_index,time_cycles
0,43434
page_index,time_cycles
0,37404
page_index,time_cycles
0,78790
page_index,time_cycles
0,37642
page_index,time_cycles
0,37050
page_index,time_cycles
0,46968
page_index,time_cycles
0,39004
page_index,time_cycles
0,37810
page_index,time_cycles
0,51966
page_index,time_cycles
0,32320
page_index,time_cycles
0,41708
page_index,time_cycles
0,37928
page_index,time_cycles
0,42388
page_index,time_cycles
0,40264
page_index,time_cycles
0,37290
page_index,time_cycles
0,47004
page_index,time_cycles
0,35530
page_index,time_cycles
0,50392
page_index,time_cycles
0,37404
page_index,time_cycles
0,40748
page_index,time_cycles
0,35438
page_index,time_cycles
0,41054
page_index,time_cycles
0,42786
page_index,time_cycles
0,43526
page_index,time_cycles
0,38252
page_index,time_cycles
0,39652
page_index,time_cycles
0,41210
page_index,time_cycles
0,38484
page_index,time_cycles
0,36394
page_index,time_cycles
0,94414
page_index,time_cycles
0,38798
page_index,time_cycles
0,43368
page_index,time_cycles
0,40378
page_index,time_cycles
0,41736
page_index,time_cycles
0,33286
page_index,time_cycles
0,41964
page_index,time_cycles
0,54234
page_index,time_cycles
0,41686
page_index,time_cycles
0,39844
page_index,time_cycles
0,41272
page_index,time_cycles
0,41798
page_index,time_cycles
0,44022
page_index,time_cycles
0,96646
page_index,time_cycles
0,56892
page_index,time_cycles
0,69356
page_index,time_cycles
0,33728
page_index,time_cycles
0,41702
page_index,time_cycles
0,42478
page_index,time_cycles
0,40360
page_index,time_cycles
0,41642
page_index,time_cycles
0,39166
page_index,time_cycles
0,37128
page_index,time_cycles
0,45420
page_index,time_cycles
0,42632
page_index,time_cycles
0,44034
page_index,time_cycles
0,44192
page_index,time_cycles
0,34344
page_index,time_cycles
0,52086
page_index,time_cycles
0,33958
page_index,time_cycles
0,47546
page_index,time_cycles
0,43416
page_index,time_cycles
0,38044
page_index,time_cycles
0,34728
page_index,time_cycles
0,40868
page_index,time_cycles
0,36840
page_index,time_cycles
0,46912
page_index,time_cycles
0,36468
page_index,time_cycles
0,36412
page_index,time_cycles
0,37304
page_index,time_cycles
0,42198
page_index,time_cycles
0,34934
page_index,time_cycles
0,41670
page_index,time_cycles
0,36800
page_index,time_cycles
0,43540
page_index,time_cycles
0,38420
page_index,time_cycles
0,37808
page_index,time_cycles
0,33726
page_index,time_cycles
0,38894
page_index,time_cycles
0,36160
page_index,time_cycles
0,35990
page_index,time_cycles
0,44782
page_index,time_cycles
0,35352
page_index,time_cycles
0,40232
page_index,time_cycles
0,66618
page_index,time_cycles
0,36498
page_index,time_cycles
0,42366
page_index,time_cycles
0,42742
page_index,time_cycles
0,161322
page_index,time_cycles
0,35276
page_index,time_cycles
0,40154
page_index,time_cycles
0,35524
page_index,time_cycles
0,54942
page_index,time_cycles
0,35418
page_index,time_cycles
0,43226
page_index,time_cycles
0,35710
page_index,time_cycles
0,40626
page_index,time_cycles
0,46592
page_index,time_cycles
0,35160
page_index,time_cycles
0,50118
page_index,time_cycles
0,41388
page_index,time_cycles
0,41440
page_index,time_cycles
0,38116
page_index,time_cycles
0,35450
page_index,time_cycles
0,35956
page_index,time_cycles
0,35246
page_index,time_cycles
0,41714
page_index,time_cycles
0,43334
page_index,time_cycles
0,39442
page_index,time_cycles
0,45374
page_index,time_cycles
0,41412
page_index,time_cycles
0,36938
page_index,time_cycles
0,40202
page_index,time_cycles
0,36350
page_index,time_cycles
0,36742
page_index,time_cycles
0,37378
page_index,time_cycles
0,38222
page_index,time_cycles
0,42006
page_index,time_cycles
0,40736
page_index,time_cycles
0,38970
page_index,time_cycles
0,48408
page_index,time_cycles
0,39820
page_index,time_cycles
0,35494
page_index,time_cycles
0,41332
page_index,time_cycles
0,38506
page_index,time_cycles
0,35862
page_index,time_cycles
0,37882
page_index,time_cycles
0,43306
page_index,time_cycles
0,44686
page_index,time_cycles
0,37302
page_index,time_cycles
0,35548
page_index,time_cycles
0,35214
page_index,time_cycles
0,45172
page_index,time_cycles
0,42132
page_index,time_cycles
0,37188
page_index,time_cycles
0,52982
page_index,time_cycles
0,38478
page_index,time_cycles
0,44366
page_index,time_cycles
0,43024
page_index,time_cycles
0,49370
page_index,time_cycles
0,47480
page_index,time_cycles
0,33470
page_index,time_cycles
0,49168
page_index,time_cycles
0,41824
page_index,time_cycles
0,37110
page_index,time_cycles
0,36414
page_index,time_cycles
0,43182
page_index,time_cycles
0,40848
page_index,time_cycles
0,40024
page_index,time_cycles
0,35264
page_index,time_cycles
0,42444
page_index,time_cycles
0,33524
page_index,time_cycles
0,39384
page_index,time_cycles
0,48176
page_index,time_cycles
0,44570
page_index,time_cycles
0,36852
page_index,time_cycles
0,34160
page_index,time_cycles
0,42558
page_index,time_cycles
0,39122
page_index,time_cycles
0,37136
page_index,time_cycles
0,44472
page_index,time_cycles
0,42808
page_index,time_cycles
0,47864
page_index,time_cycles
0,36342
page_index,time_cycles
0,45492
page_index,time_cycles
0,41764
page_index,time_cycles
0,67814
page_index,time_cycles
0,33658
page_index,time_cycles
0,43740
page_index,time_cycles
0,51422
page_index,time_cycles
0,35906
page_index,time_cycles
0,54010
page_index,time_cycles
0,37558
page_index,time_cycles
0,39788
page_index,time_cycles
0,48880
page_index,time_cycles
0,56850
page_index,time_cycles
0,40054
page_index,time_cycles
0,74560
page_index,time_cycles
0,34620
page_index,time_cycles
0,38818
page_index,time_cycles
0,36558
page_index,time_cycles
0,34026
page_index,time_cycles
0,40704
page_index,time_cycles
0,35058
page_index,time_cycles
0,34848
page_index,time_cycles
0,72776
page_index,time_cycles
0,56504
page_index,time_cycles
0,38442
page_index,time_cycles
0,35368
page_index,time_cycles
0,56858
page_index,time_cycles
0,43782
page_index,time_cycles
0,36150
page_index,time_cycles
0,43970
page_index,time_cycles
0,43900
page_index,time_cycles
0,43866
page_index,time_cycles
0,75200
page_index,time_cycles
0,36260
page_index,time_cycles
0,42644
page_index,time_cycles
0,37174
page_index,time_cycles
0,39366
page_index,time_cycles
0,35452
page_index,time_cycles
0,37366
page_index,time_cycles
0,36324
page_index,time_cycles
0,41778
page_index,time_cycles
0,58230
page_index,time_cycles
0,46328
page_index,time_cycles
0,51720
page_index,time_cycles
0,34698
page_index,time_cycles
0,61062
page_index,time_cycles
0,41434
page_index,time_cycles
0,45656
page_index,time_cycles
0,44452
page_index,time_cycles
0,46986
page_index,time_cycles
0,36038
page_index,time_cycles
0,33230
page_index,time_cycles
0,73302
page_index,time_cycles
0,34780
page_index,time_cycles
0,43836
page_index,time_cycles
0,37806
page_index,time_cycles
0,35094
page_index,time_cycles
0,44488
page_index,time_cycles
0,45496
page_index,time_cycles
0,38162
page_index,time_cycles
0,92070
page_index,time_cycles
0,36780
page_index,time_cycles
0,35686
page_index,time_cycles
0,42850
page_index,time_cycles
0,36174
page_index,time_cycles
0,68540
page_index,time_cycles
0,51470
page_index,time_cycles
0,42828
page_index,time_cycles
0,96954
page_index,time_cycles
0,45248
page_index,time_cycles
0,34550
page_index,time_cycles
0,53142
page_index,time_cycles
0,59686
page_index,time_cycles
0,42808
page_index,time_cycles
0,42724
page_index,time_cycles
0,39256
page_index,time_cycles
0,36676
page_index,time_cycles
0,76424
page_index,time_cycles
0,40874
page_index,time_cycles
0,47496
page_index,time_cycles
0,43946
page_index,time_cycles
0,38976
page_index,time_cycles
0,46514
page_index,time_cycles
0,34882
page_index,time_cycles
0,72788
page_index,time_cycles
0,62058
page_index,time_cycles
0,37078
page_index,time_cycles
0,38442
page_index,time_cycles
0,37438
page_index,time_cycles
0,45968
page_index,time_cycles
0,34480
page_index,time_cycles
0,47064
page_index,time_cycles
0,38270
page_index,time_cycles
0,37842
page_index,time_cycles
0,34324
page_index,time_cycles
0,47188
page_index,time_cycles
0,39984
page_index,time_cycles
0,44174
page_index,time_cycles
0,88056
page_index,time_cycles
0,35724
page_index,time_cycles
0,40970
page_index,time_cycles
0,59444
page_index,time_cycles
0,34542
page_index,time_cycles
0,33892
page_index,time_cycles
0,45888
page_index,time_cycles
0,45542
page_index,time_cycles
0,54376
page_index,time_cycles
0,43638
page_index,time_cycles
0,34474
page_index,time_cycles
0,36794
page_index,time_cycles
0,36128
page_index,time_cycles
0,37554
page_index,time_cycles
0,36806
page_index,time_cycles
0,41616
page_index,time_cycles
0,45866
page_index,time_cycles
0,41920
page_index,time_cycles
0,44472
page_index,time_cycles
0,49068
page_index,time_cycles
0,44212
page_index,time_cycles
0,40520
page_index,time_cycles
0,56676
page_index,time_cycles
0,55266
page_index,time_cycles
0,36734
page_index,time_cycles
0,58270
page_index,time_cycles
0,35530
page_index,time_cycles
0,42588
page_index,time_cycles
0,33834
page_index,time_cycles
0,32784
page_index,time_cycles
0,36428
page_index,time_cycles
0,46152
page_index,time_cycles
0,69522
page_index,time_cycles
0,46266
page_index,time_cycles
0,56530
page_index,time_cycles
0,54856
page_index,time_cycles
0,41030
page_index,time_cycles
0,35502
page_index,time_cycles
0,42184
page_index,time_cycles
0,37186
page_index,time_cycles
0,40888
page_index,time_cycles
0,39594
page_index,time_cycles
0,49184
page_index,time_cycles
0,74934
page_index,time_cycles
0,33912
page_index,time_cycles
0,93464
page_index,time_cycles
0,42860
page_index,time_cycles
0,42190
page_index,time_cycles
0,37762
page_index,time_cycles
0,33682
page_index,time_cycles
0,43410
page_index,time_cycles
0,36616
page_index,time_cycles
0,38106
page_index,time_cycles
0,40154
page_index,time_cycles
0,36796
page_index,time_cycles
0,35668
page_index,time_cycles
0,44690
page_index,time_cycles
0,41528
page_index,time_cycles
0,43956
page_index,time_cycles
0,39956
page_index,time_cycles
0,46544
page_index,time_cycles
0,80190
page_index,time_cycles
0,47380
page_index,time_cycles
0,37266
page_index,time_cycles
0,88594
page_index,time_cycles
0,57830
page_index,time_cycles
0,43628
page_index,time_cycles
0,43792
page_index,time_cycles
0,45768
page_index,time_cycles
0,43002
page_index,time_cycles
0,43048
page_index,time_cycles
0,41764
page_index,time_cycles
0,40354
page_index,time_cycles
0,42770
page_index,time_cycles
0,45420
page_index,time_cycles
0,42084
page_index,time_cycles
0,43490
page_index,time_cycles
0,35760
page_index,time_cycles
0,33212
page_index,time_cycles
0,58670
page_index,time_cycles
0,43902
page_index,time_cycles
0,57938
page_index,time_cycles
0,43142
page_index,time_cycles
0,34464
page_index,time_cycles
0,56356
page_index,time_cycles
0,72948
page_index,time_cycles
0,38842
page_index,time_cycles
0,46290
page_index,time_cycles
0,34806
page_index,time_cycles
0,44034
page_index,time_cycles
0,41854
page_index,time_cycles
0,37390
page_index,time_cycles
0,38556
page_index,time_cycles
0,36902
page_index,time_cycles
0,60970
page_index,time_cycles
0,42782
page_index,time_cycles
0,43036
page_index,time_cycles
0,47382
page_index,time_cycles
0,55906
page_index,time_cycles
0,43190
page_index,time_cycles
0,44658
page_index,time_cycles
0,39488
page_index,time_cycles
0,49802
page_index,time_cycles
0,39816
page_index,time_cycles
0,35236
page_index,time_cycles
0,35304
page_index,time_cycles
0,44072
page_index,time_cycles
0,45020
page_index,time_cycles
0,50646
page_index,time_cycles
0,39008
page_index,time_cycles
0,44136
page_index,time_cycles
0,41800
page_index,time_cycles
0,35468
page_index,time_cycles
0,52202
page_index,time_cycles
0,45346
page_index,time_cycles
0,42820
page_index,time_cycles
0,35324
page_index,time_cycles
0,34144
page_index,time_cycles
0,40386
page_index,time_cycles
0,36376
page_index,time_cycles
0,41674
page_index,time_cycles
0,35466
page_index,time_cycles
0,51746
page_index,time_cycles
0,42324
page_index,time_cycles
0,39228
page_index,time_cycles
0,39780
page_index,time_cycles
0,41284
page_index,time_cycles
0,44278
page_index,time_cycles
0,45116
page_index,time_cycles
0,58278
page_index,time_cycles
0,41920
page_index,time_cycles
0,41674
page_index,time_cycles
0,51582
page_index,time_cycles
0,40860
page_index,time_cycles
0,43096
page_index,time_cycles
0,62010
page_index,time_cycles
0,44912
page_index,time_cycles
0,36058
page_index,time_cycles
0,32528
page_index,time_cycles
0,44302
page_index,time_cycles
0,75214
page_index,time_cycles
0,43680
page_index,time_cycles
0,40970
page_index,time_cycles
0,50802
page_index,time_cycles
0,44982
page_index,time_cycles
0,43506
page_index,time_cycles
0,36928
page_index,time_cycles
0,36234
page_index,time_cycles
0,41044
page_index,time_cycles
0,41748
page_index,time_cycles
0,42652
page_index,time_cycles
0,40904
page_index,time_cycles
0,42386
page_index,time_cycles
0,43210
page_index,time_cycles
0,58690
page_index,time_cycles
0,37760
page_index,time_cycles
0,44136
page_index,time_cycles
0,46938
page_index,time_cycles
0,41952
page_index,time_cycles
0,41260
page_index,time_cycles
0,41644
page_index,time_cycles
0,40190
page_index,time_cycles
0,62628
page_index,time_cycles
0,44822
page_index,time_cycles
0,41890
page_index,time_cycles
0,38396
page_index,time_cycles
0,40506
page_index,time_cycles
0,82004
page_index,time_cycles
0,70120
page_index,time_cycles
0,36738
page_index,time_cycles
0,42688
page_index,time_cycles
0,37308
page_index,time_cycles
0,34696
page_index,time_cycles
0,36058
page_index,time_cycles
0,89180
page_index,time_cycles
0,34774
page_index,time_cycles
0,36154
page_index,time_cycles
0,42170
page_index,time_cycles
0,38098
page_index,time_cycles
0,41326
page_index,time_cycles
0,40406
page_index,time_cycles
0,44202
page_index,time_cycles
0,38762
page_index,time_cycles
0,41158
page_index,time_cycles
0,36538
page_index,time_cycles
0,41492
page_index,time_cycles
0,41672
page_index,time_cycles
0,50332
page_index,time_cycles
0,37514
page_index,time_cycles
0,55396
page_index,time_cycles
0,42646
page_index,time_cycles
0,34152
page_index,time_cycles
0,36314
page_index,time_cycles
0,37200
page_index,time_cycles
0,36236
page_index,time_cycles
0,53678
page_index,time_cycles
0,33582
page_index,time_cycles
0,39544
page_index,time_cycles
0,38092
page_index,time_cycles
0,34420
page_index,time_cycles
0,36738
page_index,time_cycles
0,56646
page_index,time_cycles
0,39104
page_index,time_cycles
0,43472
page_index,time_cycles
0,35310
page_index,time_cycles
0,58890
page_index,time_cycles
0,40510
page_index,time_cycles
0,38596
page_index,time_cycles
0,39496
page_index,time_cycles
0,41826
page_index,time_cycles
0,40820
page_index,time_cycles
0,37162
page_index,time_cycles
0,41438
page_index,time_cycles
0,43856
page_index,time_cycles
0,56270
page_index,time_cycles
0,34770
page_index,time_cycles
0,36414
page_index,time_cycles
0,36324
page_index,time_cycles
0,36650
page_index,time_cycles
0,35962
page_index,time_cycles
0,37754
page_index,time_cycles
0,33268
page_index,time_cycles
0,44286
page_index,time_cycles
0,42104
page_index,time_cycles
0,43660
page_index,time_cycles
0,38548
page_index,time_cycles
0,47972
page_index,time_cycles
0,42116
page_index,time_cycles
0,34938
page_index,time_cycles
0,53120
page_index,time_cycles
0,33694
page_index,time_cycles
0,55284
page_index,time_cycles
0,44880
page_index,time_cycles
0,56096
page_index,time_cycles
0,44672
page_index,time_cycles
0,34380
page_index,time_cycles
0,52254
page_index,time_cycles
0,45700
page_index,time_cycles
0,43766
page_index,time_cycles
0,43138
page_index,time_cycles
0,42122
page_index,time_cycles
0,45346
page_index,time_cycles
0,35066
page_index,time_cycles
0,40436
page_index,time_cycles
0,36304
page_index,time_cycles
0,34944
page_index,time_cycles
0,41002
page_index,time_cycles
0,46142
page_index,time_cycles
0,165532
page_index,time_cycles
0,43582
page_index,time_cycles
0,37028
page_index,time_cycles
0,58828
page_index,time_cycles
0,40094
page_index,time_cycles
0,35110
page_index,time_cycles
0,52436
page_index,time_cycles
0,47334
page_index,time_cycles
0,37364
page_index,time_cycles
0,43346
page_index,time_cycles
0,46168
page_index,time_cycles
0,42362
page_index,time_cycles
0,74168
page_index,time_cycles
0,43146
page_index,time_cycles
0,41890
page_index,time_cycles
0,34146
page_index,time_cycles
0,49422
page_index,time_cycles
0,43558
page_index,time_cycles
0,36180
page_index,time_cycles
0,35834
page_index,time_cycles
0,40396
page_index,time_cycles
0,37648
page_index,time_cycles
0,38134
page_index,time_cycles
0,36256
page_index,time_cycles
0,36998
page_index,time_cycles
0,42362
page_index,time_cycles
0,42608
page_index,time_cycles
0,36470
page_index,time_cycles
0,43918
page_index,time_cycles
0,35824
page_index,time_cycles
0,40094
page_index,time_cycles
0,35946
page_index,time_cycles
0,34656
page_index,time_cycles
0,37158
page_index,time_cycles
0,36874
page_index,time_cycles
0,38490
page_index,time_cycles
0,47198
page_index,time_cycles
0,54170
page_index,time_cycles
0,36828
page_index,time_cycles
0,34168
page_index,time_cycles
0,41474
page_index,time_cycles
0,38918
page_index,time_cycles
0,38726
page_index,time_cycles
0,42910
page_index,time_cycles
0,35072
page_index,time_cycles
0,45578
page_index,time_cycles
0,34388
page_index,time_cycles
0,39442
page_index,time_cycles
0,46702
page_index,time_cycles
0,43436
page_index,time_cycles
0,45844
page_index,time_cycles
0,37816
page_index,time_cycles
0,41558
page_index,time_cycles
0,36518
page_index,time_cycles
0,53556
page_index,time_cycles
0,62162
page_index,time_cycles
0,37536
page_index,time_cycles
0,45176
page_index,time_cycles
0,44148
page_index,time_cycles
0,42598
page_index,time_cycles
0,38750
page_index,time_cycles
0,51638
page_index,time_cycles
0,42056
page_index,time_cycles
0,42270
page_index,time_cycles
0,36874
page_index,time_cycles
0,43020
page_index,time_cycles
0,41256
page_index,time_cycles
0,36282
page_index,time_cycles
0,59324
page_index,time_cycles
0,35122
page_index,time_cycles
0,61468
page_index,time_cycles
0,76096
page_index,time_cycles
0,35162
page_index,time_cycles
0,48960
page_index,time_cycles
0,33940
page_index,time_cycles
0,56664
page_index,time_cycles
0,38540
page_index,time_cycles
0,35956
page_index,time_cycles
0,39440
page_index,time_cycles
0,35742
page_index,time_cycles
0,53694
page_index,time_cycles
0,43324
page_index,time_cycles
0,35966
page_index,time_cycles
0,50570
page_index,time_cycles
0,42006
page_index,time_cycles
0,57232
page_index,time_cycles
0,41454
page_index,time_cycles
0,36314
page_index,time_cycles
0,34924
page_index,time_cycles
0,34138
page_index,time_cycles
0,41000
page_index,time_cycles
0,39848
page_index,time_cycles
0,55130
page_index,time_cycles
0,36578
page_index,time_cycles
0,75550
page_index,time_cycles
0,52752
page_index,time_cycles
0,43828
page_index,time_cycles
0,40480
page_index,time_cycles
0,40866
page_index,time_cycles
0,38356
page_index,time_cycles
0,52014
page_index,time_cycles
0,36460
page_index,time_cycles
0,45426
page_index,time_cycles
0,62902
page_index,time_cycles
0,47524
page_index,time_cycles
0,44782
page_index,time_cycles
0,46736
page_index,time_cycles
0,36992
page_index,time_cycles
0,41862
page_index,time_cycles
0,55680
page_index,time_cycles
0,35612
page_index,time_cycles
0,35462
page_index,time_cycles
0,36684
page_index,time_cycles
0,39568
page_index,time_cycles
0,34630
page_index,time_cycles
0,34584
page_index,time_cycles
0,36168
page_index,time_cycles
0,39392
page_index,time_cycles
0,41318
page_index,time_cycles
0,53032
page_index,time_cycles
0,64212
page_index,time_cycles
0,41930
page_index,time_cycles
0,36326
page_index,time_cycles
0,41168
page_index,time_cycles
0,54078
page_index,time_cycles
0,35318
page_index,time_cycles
0,43288
page_index,time_cycles
0,46390
page_index,time_cycles
0,56048
page_index,time_cycles
0,38466
page_index,time_cycles
0,43378
page_index,time_cycles
0,53112
page_index,time_cycles
0,41682
page_index,time_cycles
0,43804
page_index,time_cycles
0,35246
page_index,time_cycles
0,43132
page_index,time_cycles
0,35434
page_index,time_cycles
0,37234
page_index,time_cycles
0,40062
page_index,time_cycles
0,50942
page_index,time_cycles
0,42846
page_index,time_cycles
0,34640
page_index,time_cycles
0,35128
page_index,time_cycles
0,40592
page_index,time_cycles
0,35576
page_index,time_cycles
0,43884
page_index,time_cycles
0,42314
page_index,time_cycles
0,41506
page_index,time_cycles
0,82552
page_index,time_cycles
0,51966
page_index,time_cycles
0,58308
page_index,time_cycles
0,52646
page_index,time_cycles
0,40854
page_index,time_cycles
0,40134
page_index,time_cycles
0,44676
page_index,time_cycles
0,39872
page_index,time_cycles
0,35692
page_index,time_cycles
0,40938
page_index,time_cycles
0,39582
page_index,time_cycles
0,44626
page_index,time_cycles
0,41576
page_index,time_cycles
0,39756
page_index,time_cycles
0,36430
page_index,time_cycles
0,38878
page_index,time_cycles
0,36250
page_index,time_cycles
0,43014
page_index,time_cycles
0,48848
page_index,time_cycles
0,57278
page_index,time_cycles
0,40470
page_index,time_cycles
0,42956
page_index,time_cycles
0,41960
page_index,time_cycles
0,47978
page_index,time_cycles
0,32610
page_index,time_cycles
0,37360
page_index,time_cycles
0,40650
page_index,time_cycles
0,35204
page_index,time_cycles
0,35828
page_index,time_cycles
0,57700
page_index,time_cycles
0,41590
page_index,time_cycles
0,57482
page_index,time_cycles
0,44382
page_index,time_cycles
0,40262
page_index,time_cycles
0,41994
page_index,time_cycles
0,42578
page_index,time_cycles
0,43984
page_index,time_cycles
0,68326
page_index,time_cycles
0,42814
page_index,time_cycles
0,35586
page_index,time_cycles
0,44698
page_index,time_cycles
0,42336
page_index,time_cycles
0,36210
page_index,time_cycles
0,34794
page_index,time_cycles
0,54846
page_index,time_cycles
0,35932
page_index,time_cycles
0,40748
page_index,time_cycles
0,43484
page_index,time_cycles
0,40724
page_index,time_cycles
0,36880
page_index,time_cycles
0,40582
page_index,time_cycles
0,35630
page_index,time_cycles
0,55238
page_index,time_cycles
0,44574
page_index,time_cycles
0,41256
page_index,time_cycles
0,42572
page_index,time_cycles
0,35834
page_index,time_cycles
0,33988
page_index,time_cycles
0,38708
page_index,time_cycles
0,55726
page_index,time_cycles
0,46514
page_index,time_cycles
0,48584
page_index,time_cycles
0,37298
page_index,time_cycles
0,59250
page_index,time_cycles
0,35176
page_index,time_cycles
0,52558
page_index,time_cycles
0,40054
page_index,time_cycles
0,35784
page_index,time_cycles
0,34834
page_index,time_cycles
0,42170
page_index,time_cycles
0,41514
page_index,time_cycles
0,46292
page_index,time_cycles
0,48666
page_index,time_cycles
0,37970
page_index,time_cycles
0,45914
page_index,time_cycles
0,41572
page_index,time_cycles
0,34156
page_index,time_cycles
0,52202
page_index,time_cycles
0,49872
page_index,time_cycles
0,36988
page_index,time_cycles
0,35480
page_index,time_cycles
0,35934
page_index,time_cycles
0,41802
page_index,time_cycles
0,41414
page_index,time_cycles
0,42936
page_index,time_cycles
0,39746
page_index,time_cycles
0,34934
page_index,time_cycles
0,40474
page_index,time_cycles
0,55048
page_index,time_cycles
0,45452
page_index,time_cycles
0,42290
page_index,time_cycles
0,34830
page_index,time_cycles
0,53066
page_index,time_cycles
0,41800
page_index,time_cycles
0,44426
page_index,time_cycles
0,47248
page_index,time_cycles
0,41324
page_index,time_cycles
0,43708
page_index,time_cycles
0,55944
page_index,time_cycles
0,39388
page_index,time_cycles
0,46734
page_index,time_cycles
0,37108
page_index,time_cycles
0,39942
page_index,time_cycles
0,34222
page_index,time_cycles
0,42428
page_index,time_cycles
0,37726
page_index,time_cycles
0,39966
page_index,time_cycles
0,64692
page_index,time_cycles
0,37568
page_index,time_cycles
0,41424
page_index,time_cycles
0,43392
page_index,time_cycles
0,36860
page_index,time_cycles
0,42272
page_index,time_cycles
0,46898
page_index,time_cycles
0,35028
page_index,time_cycles
0,40604
page_index,time_cycles
0,39736
page_index,time_cycles
0,65174
page_index,time_cycles
0,60470
page_index,time_cycles
0,44074
page_index,time_cycles
0,37294
page_index,time_cycles
0,43094
page_index,time_cycles
0,35110
page_index,time_cycles
0,35212
page_index,time_cycles
0,36910
page_index,time_cycles
0,50058
page_index,time_cycles
0,35250
page_index,time_cycles
0,59984
page_index,time_cycles
0,60072
page_index,time_cycles
0,36256
page_index,time_cycles
0,48776
page_index,time_cycles
0,39124
page_index,time_cycles
0,40740
page_index,time_cycles
0,39650
page_index,time_cycles
0,36092
page_index,time_cycles
0,42926
page_index,time_cycles
0,36034
page_index,time_cycles
0,37922
page_index,time_cycles
0,70530
page_index,time_cycles
0,37190
page_index,time_cycles
0,39984
page_index,time_cycles
0,43616
page_index,time_cycles
0,36170
page_index,time_cycles
0,36124
page_index,time_cycles
0,45340
page_index,time_cycles
0,44848
page_index,time_cycles
0,47662
page_index,time_cycles
0,35312
page_index,time_cycles
0,41376
page_index,time_cycles
0,40432
page_index,time_cycles
0,36068
page_index,time_cycles
0,41824
page_index,time_cycles
0,33718
page_index,time_cycles
0,38986
page_index,time_cycles
0,41712
page_index,time_cycles
0,41212
page_index,time_cycles
0,32898
page_index,time_cycles
0,38850
page_index,time_cycles
0,42310
page_index,time_cycles
0,43414
page_index,time_cycles
0,35302
page_index,time_cycles
0,36970
page_index,time_cycles
0,45108
page_index,time_cycles
0,36934
page_index,time_cycles
0,41432
page_index,time_cycles
0,41266
page_index,time_cycles
0,43628
page_index,time_cycles
0,36466
page_index,time_cycles
0,42702
page_index,time_cycles
0,38032
page_index,time_cycles
0,48678
page_index,time_cycles
0,35480
page_index,time_cycles
0,57694
page_index,time_cycles
0,40272
page_index,time_cycles
0,42684
page_index,time_cycles
0,42368
page_index,time_cycles
0,58080
page_index,time_cycles
0,36918
page_index,time_cycles
0,38760
page_index,time_cycles
0,42666
page_index,time_cycles
0,54838
page_index,time_cycles
0,34134
page_index,time_cycles
0,38332
page_index,time_cycles
0,49708
page_index,time_cycles
0,37506
page_index,time_cycles
0,50960
page_index,time_cycles
0,31778
page_index,time_cycles
0,33278
page_index,time_cycles
0,35658
page_index,time_cycles
0,44448
page_index,time_cycles
0,39698
page_index,time_cycles
0,42786
page_index,time_cycles
0,42732
page_index,time_cycles
0,42204
page_index,time_cycles
0,35962
page_index,time_cycles
0,38358
page_index,time_cycles
0,97238
page_index,time_cycles
0,35542
page_index,time_cycles
0,35640
page_index,time_cycles
0,37490
page_index,time_cycles
0,35714
page_index,time_cycles
0,44046
page_index,time_cycles
0,35404
page_index,time_cycles
0,40564
page_index,time_cycles
0,43906
page_index,time_cycles
0,35196
page_index,time_cycles
0,35780
page_index,time_cycles
0,59906
page_index,time_cycles
0,43880
page_index,time_cycles
0,45386
page_index,time_cycles
0,38002
page_index,time_cycles
0,37022
page_index,time_cycles
0,44088
page_index,time_cycles
0,45766
page_index,time_cycles
0,40124
page_index,time_cycles
0,36632
page_index,time_cycles
0,37992
page_index,time_cycles
0,38374
page_index,time_cycles
0,40470
page_index,time_cycles
0,57714
page_index,time_cycles
0,51354
page_index,time_cycles
0,43960
page_index,time_cycles
0,34666
page_index,time_cycles
0,60988
page_index,time_cycles
0,42582
page_index,time_cycles
0,59712
page_index,time_cycles
0,55540
page_index,time_cycles
0,61308
page_index,time_cycles
0,32562
page_index,time_cycles
0,38834
page_index,time_cycles
0,40180
page_index,time_cycles
0,43518
page_index,time_cycles
0,34734
page_index,time_cycles
0,40554
page_index,time_cycles
0,48610
page_index,time_cycles
0,38984
page_index,time_cycles
0,38442
page_index,time_cycles
0,43114
page_index,time_cycles
0,47694
page_index,time_cycles
0,35248
page_index,time_cycles
0,34404
page_index,time_cycles
0,37252
page_index,time_cycles
0,40936
page_index,time_cycles
0,41844
page_index,time_cycles
0,42582
page_index,time_cycles
0,33424
page_index,time_cycles
0,67112
page_index,time_cycles
0,50024
page_index,time_cycles
0,44212
page_index,time_cycles
0,37868
page_index,time_cycles
0,62728
page_index,time_cycles
0,45890
page_index,time_cycles
0,35196
page_index,time_cycles
0,41088
page_index,time_cycles
0,43356
page_index,time_cycles
0,44938
page_index,time_cycles
0,34526
page_index,time_cycles
0,36728
page_index,time_cycles
0,42162
page_index,time_cycles
0,36666
page_index,time_cycles
0,36412
page_index,time_cycles
0,36822
page_index,time_cycles
0,41534
page_index,time_cycles
0,40824
page_index,time_cycles
0,45620
page_index,time_cycles
0,33682
page_index,time_cycles
0,34796
page_index,time_cycles
0,40500
page_index,time_cycles
0,41574
page_index,time_cycles
0,50484
page_index,time_cycles
0,38624
page_index,time_cycles
0,36956
page_index,time_cycles
0,79340
page_index,time_cycles
0,35714
page_index,time_cycles
0,87208
page_index,time_cycles
0,37110
page_index,time_cycles
0,36914
page_index,time_cycles
0,38146
page_index,time_cycles
0,43530
page_index,time_cycles
0,58256
page_index,time_cycles
0,58312
page_index,time_cycles
0,33642
page_index,time_cycles
0,34506
page_index,time_cycles
0,46468
page_index,time_cycles
0,39948
page_index,time_cycles
0,36760
page_index,time_cycles
0,64624
page_index,time_cycles
0,36324
page_index,time_cycles
0,69020
page_index,time_cycles
0,41768
page_index,time_cycles
0,59726
page_index,time_cycles
0,36252
page_index,time_cycles
0,45464
page_index,time_cycles
0,38268
page_index,time_cycles
0,32144
page_index,time_cycles
0,38798
page_index,time_cycles
0,56706
page_index,time_cycles
0,53944
page_index,time_cycles
0,41042
page_index,time_cycles
0,44696
page_index,time_cycles
0,40038
page_index,time_cycles
0,37906
page_index,time_cycles
0,35654
page_index,time_cycles
0,37174
page_index,time_cycles
0,40942
page_index,time_cycles
0,40308
page_index,time_cycles
0,41566
page_index,time_cycles
0,33602
page_index,time_cycles
0,43490
page_index,time_cycles
0,43152
page_index,time_cycles
0,39346
page_index,time_cycles
0,37308
page_index,time_cycles
0,42642
page_index,time_cycles
0,37050
page_index,time_cycles
0,50410
page_index,time_cycles
0,35718
page_index,time_cycles
0,42996
page_index,time_cycles
0,37860
page_index,time_cycles
0,35380
page_index,time_cycles
0,41156
page_index,time_cycles
0,35684
page_index,time_cycles
0,38776
page_index,time_cycles
0,42854
page_index,time_cycles
0,50688
page_index,time_cycles
0,45310
page_index,time_cycles
0,37638
page_index,time_cycles
0,36826
page_index,time_cycles
0,40766
page_index,time_cycles
0,41828
page_index,time_cycles
0,38568
page_index,time_cycles
0,41070
page_index,time_cycles
0,97456
page_index,time_cycles
0,35300
page_index,time_cycles
0,35350
page_index,time_cycles
0,44444
page_index,time_cycles
0,35572
page_index,time_cycles
0,37716
page_index,time_cycles
0,39202
page_index,time_cycles
0,38640
page_index,time_cycles
0,38148
page_index,time_cycles
0,40780
page_index,time_cycles
0,38244
page_index,time_cycles
0,37290
page_index,time_cycles
0,65102
page_index,time_cycles
0,41858
page_index,time_cycles
0,37884
page_index,time_cycles
0,41510
page_index,time_cycles
0,41906
page_index,time_cycles
0,35956
page_index,time_cycles
0,73378
page_index,time_cycles
0,38862
page_index,time_cycles
0,37598
page_index,time_cycles
0,34872
page_index,time_cycles
0,36068
page_index,time_cycles
0,38982
page_index,time_cycles
0,57052
page_index,time_cycles
0,40294
page_index,time_cycles
0,34704
page_index,time_cycles
0,44928
page_index,time_cycles
0,40966
page_index,time_cycles
0,53018
page_index,time_cycles
0,36802
page_index,time_cycles
0,35758
page_index,time_cycles
0,36144
page_index,time_cycles
0,36512
page_index,time_cycles
0,55668
page_index,time_cycles
0,58988
page_index,time_cycles
0,35918
page_index,time_cycles
0,39936
page_index,time_cycles
0,70996
page_index,time_cycles
0,39862
page_index,time_cycles
0,41402
page_index,time_cycles
0,42930
page_index,time_cycles
0,42002
page_index,time_cycles
0,71018
page_index,time_cycles
0,51476
page_index,time_cycles
0,37916
page_index,time_cycles
0,34900
page_index,time_cycles
0,45434
page_index,time_cycles
0,34450
page_index,time_cycles
0,75150
page_index,time_cycles
0,37552
page_index,time_cycles
0,40270
page_index,time_cycles
0,33934
page_index,time_cycles
0,46818
page_index,time_cycles
0,43046
page_index,time_cycles
0,45374
page_index,time_cycles
0,51412
page_index,time_cycles
0,41586
page_index,time_cycles
0,41552
page_index,time_cycles
0,39624
page_index,time_cycles
0,45396
page_index,time_cycles
0,33290
page_index,time_cycles
0,37850
page_index,time_cycles
0,39810
page_index,time_cycles
0,42924
page_index,time_cycles
0,69478
page_index,time_cycles
0,41640
page_index,time_cycles
0,34718
page_index,time_cycles
0,47686
page_index,time_cycles
0,43920
page_index,time_cycles
0,37116
page_index,time_cycles
0,41864
page_index,time_cycles
0,34228
page_index,time_cycles
0,39792
page_index,time_cycles
0,38732
page_index,time_cycles
0,51586
page_index,time_cycles
0,37072
page_index,time_cycles
0,36708
page_index,time_cycles
0,35622
page_index,time_cycles
0,46618
page_index,time_cycles
0,36754
page_index,time_cycles
0,60580
page_index,time_cycles
0,42298
page_index,time_cycles
0,38226
page_index,time_cycles
0,40510
page_index,time_cycles
0,39674
page_index,time_cycles
0,35488
page_index,time_cycles
0,43468
page_index,time_cycles
0,41000
page_index,time_cycles
0,43650
page_index,time_cycles
0,36734
page_index,time_cycles
0,36864
page_index,time_cycles
0,39914
page_index,time_cycles
0,44530
page_index,time_cycles
0,39382
page_index,time_cycles
0,37374
page_index,time_cycles
0,34994
page_index,time_cycles
0,70954
page_index,time_cycles
0,40548
page_index,time_cycles
0,70110
page_index,time_cycles
0,43100
page_index,time_cycles
0,57212
page_index,time_cycles
0,39260
page_index,time_cycles
0,39662
page_index,time_cycles
0,38750
page_index,time_cycles
0,60190
page_index,time_cycles
0,38478
page_index,time_cycles
0,226318
page_index,time_cycles
0,43054
page_index,time_cycles
0,54866
page_index,time_cycles
0,67020
page_index,time_cycles
0,53794
page_index,time_cycles
0,44716
page_index,time_cycles
0,43944
page_index,time_cycles
0,53590
page_index,time_cycles
0,38132
page_index,time_cycles
0,47296
page_index,time_cycles
0,43340
page_index,time_cycles
0,37998
page_index,time_cycles
0,44870
page_index,time_cycles
0,45314
page_index,time_cycles
0,36402
page_index,time_cycles
0,49132
page_index,time_cycles
0,43478
page_index,time_cycles
0,36694
page_index,time_cycles
0,45918
page_index,time_cycles
0,48836
page_index,time_cycles
0,38938
page_index,time_cycles
0,43844
page_index,time_cycles
0,37308
page_index,time_cycles
0,37132
page_index,time_cycles
0,36120
page_index,time_cycles
0,35858
page_index,time_cycles
0,36298
page_index,time_cycles
0,49408
page_index,time_cycles
0,35722
page_index,time_cycles
0,38804
page_index,time_cycles
0,45596
page_index,time_cycles
0,38484
page_index,time_cycles
0,36696
page_index,time_cycles
0,36034
page_index,time_cycles
0,43200
page_index,time_cycles
0,69066
page_index,time_cycles
0,44660
page_index,time_cycles
0,47188
page_index,time_cycles
0,37622
page_index,time_cycles
0,39110
page_index,time_cycles
0,47650
page_index,time_cycles
0,45898
page_index,time_cycles
0,36278
page_index,time_cycles
0,49132
page_index,time_cycles
0,49806
page_index,time_cycles
0,51384
page_index,time_cycles
0,35164
page_index,time_cycles
0,35780
page_index,time_cycles
0,53012
page_index,time_cycles
0,38972
page_index,time_cycles
0,43044
page_index,time_cycles
0,38364
page_index,time_cycles
0,41470
page_index,time_cycles
0,42820
page_index,time_cycles
0,36460
page_index,time_cycles
0,43472
page_index,time_cycles
0,34730
page_index,time_cycles
0,35848
page_index,time_cycles
0,46260
page_index,time_cycles
0,46208
page_index,time_cycles
0,34354
page_index,time_cycles
0,44254
page_index,time_cycles
0,36192
page_index,time_cycles
0,39514
page_index,time_cycles
0,35524
page_index,time_cycles
0,59706
page_index,time_cycles
0,36828
page_index,time_cycles
0,33512
page_index,time_cycles
0,46150
page_index,time_cycles
0,43086
page_index,time_cycles
0,36452
page_index,time_cycles
0,32694
page_index,time_cycles
0,42470
page_index,time_cycles
0,49440
page_index,time_cycles
0,55840
page_index,time_cycles
0,34698
page_index,time_cycles
0,34632
page_index,time_cycles
0,36308
page_index,time_cycles
0,38372
page_index,time_cycles
0,41954
page_index,time_cycles
0,43294
page_index,time_cycles
0,51208
page_index,time_cycles
0,42120
page_index,time_cycles
0,35206
page_index,time_cycles
0,34714
page_index,time_cycles
0,41526
page_index,time_cycles
0,36620
page_index,time_cycles
0,37760
page_index,time_cycles
0,40438
page_index,time_cycles
0,46588
page_index,time_cycles
0,36166
page_index,time_cycles
0,45190
page_index,time_cycles
0,45998
page_index,time_cycles
0,40958
page_index,time_cycles
0,129260
page_index,time_cycles
0,34424
page_index,time_cycles
0,41588
page_index,time_cycles
0,49616
page_index,time_cycles
0,36510
page_index,time_cycles
0,38462
page_index,time_cycles
0,34738
page_index,time_cycles
0,42578
page_index,time_cycles
0,42314
page_index,time_cycles
0,38282
page_index,time_cycles
0,38544
page_index,time_cycles
0,37806
page_index,time_cycles
0,43714
page_index,time_cycles
0,43808
page_index,time_cycles
0,41906
page_index,time_cycles
0,42374
page_index,time_cycles
0,37356
page_index,time_cycles
0,36862
page_index,time_cycles
0,42540
page_index,time_cycles
0,38872
page_index,time_cycles
0,35818
page_index,time_cycles
0,41970
page_index,time_cycles
0,35436
page_index,time_cycles
0,43570
page_index,time_cycles
0,35410
page_index,time_cycles
0,41002
page_index,time_cycles
0,48826
page_index,time_cycles
0,38112
page_index,time_cycles
0,34762
page_index,time_cycles
0,51638
page_index,time_cycles
0,43752
page_index,time_cycles
0,34208
page_index,time_cycles
0,42436
page_index,time_cycles
0,38042
page_index,time_cycles
0,44380
page_index,time_cycles
0,35270
page_index,time_cycles
0,39022
page_index,time_cycles
0,41394
page_index,time_cycles
0,42356
page_index,time_cycles
0,48998
page_index,time_cycles
0,41866
page_index,time_cycles
0,37998
page_index,time_cycles
0,35022
page_index,time_cycles
0,32706
page_index,time_cycles
0,41728
page_index,time_cycles
0,50062
page_index,time_cycles
0,46488
page_index,time_cycles
0,35716
page_index,time_cycles
0,34772
page_index,time_cycles
0,42068
page_index,time_cycles
0,45774
page_index,time_cycles
0,45708
page_index,time_cycles
0,37578
page_index,time_cycles
0,44772
page_index,time_cycles
0,49882
page_index,time_cycles
0,37524
page_index,time_cycles
0,36260
page_index,time_cycles
0,46212
page_index,time_cycles
0,39094
page_index,time_cycles
0,326918
page_index,time_cycles
0,34684
page_index,time_cycles
0,36722
page_index,time_cycles
0,40278
page_index,time_cycles
0,57564
page_index,time_cycles
0,41270
page_index,time_cycles
0,54732
page_index,time_cycles
0,41330
page_index,time_cycles
0,33640
page_index,time_cycles
0,35932
page_index,time_cycles
0,45916
page_index,time_cycles
0,88464
page_index,time_cycles
0,43318
page_index,time_cycles
0,43076
page_index,time_cycles
0,43514
page_index,time_cycles
0,39552
page_index,time_cycles
0,44228
page_index,time_cycles
0,43892
page_index,time_cycles
0,56276
page_index,time_cycles
0,44706
page_index,time_cycles
0,37476
page_index,time_cycles
0,35206
page_index,time_cycles
0,35870
page_index,time_cycles
0,43284
page_index,time_cycles
0,47170
page_index,time_cycles
0,47106
page_index,time_cycles
0,38248
page_index,time_cycles
0,40746
page_index,time_cycles
0,41110
page_index,time_cycles
0,34344
page_index,time_cycles
0,35396
page_index,time_cycles
0,34790
page_index,time_cycles
0,36110
page_index,time_cycles
0,44330
page_index,time_cycles
0,38160
page_index,time_cycles
0,41906
page_index,time_cycles
0,43110
page_index,time_cycles
0,42734
page_index,time_cycles
0,55046
page_index,time_cycles
0,51794
page_index,time_cycles
0,37382
page_index,time_cycles
0,45664
page_index,time_cycles
0,33726
page_index,time_cycles
0,38654
page_index,time_cycles
0,36152
page_index,time_cycles
0,37406
page_index,time_cycles
0,34076
page_index,time_cycles
0,55736
page_index,time_cycles
0,36978
page_index,time_cycles
0,52014
page_index,time_cycles
0,62818
page_index,time_cycles
0,44586
page_index,time_cycles
0,58610
page_index,time_cycles
0,38172
page_index,time_cycles
0,35254
page_index,time_cycles
0,42464
page_index,time_cycles
0,35976
page_index,time_cycles
0,41062
page_index,time_cycles
0,36032
page_index,time_cycles
0,39686
page_index,time_cycles
0,39268
page_index,time_cycles
0,35506
page_index,time_cycles
0,39632
page_index,time_cycles
0,36306
page_index,time_cycles
0,36184
page_index,time_cycles
0,37494
page_index,time_cycles
0,45738
page_index,time_cycles
0,40972
page_index,time_cycles
0,43100
page_index,time_cycles
0,32996
page_index,time_cycles
0,36816
page_index,time_cycles
0,36628
page_index,time_cycles
0,41816
page_index,time_cycles
0,57160
page_index,time_cycles
0,43400
page_index,time_cycles
0,34856
page_index,time_cycles
0,36940
page_index,time_cycles
0,41504
page_index,time_cycles
0,43284
page_index,time_cycles
0,35934
page_index,time_cycles
0,37062
page_index,time_cycles
0,35072
page_index,time_cycles
0,43990
page_index,time_cycles
0,35114
page_index,time_cycles
0,42838
page_index,time_cycles
0,44592
page_index,time_cycles
0,35402
page_index,time_cycles
0,44802
page_index,time_cycles
0,36124
page_index,time_cycles
0,35370
page_index,time_cycles
0,36362
page_index,time_cycles
0,35310
page_index,time_cycles
0,48200
page_index,time_cycles
0,35622
page_index,time_cycles
0,35112
page_index,time_cycles
0,36818
page_index,time_cycles
0,35004
page_index,time_cycles
0,74498
page_index,time_cycles
0,37016
page_index,time_cycles
0,56558
page_index,time_cycles
0,35114
page_index,time_cycles
0,44816
page_index,time_cycles
0,40222
page_index,time_cycles
0,44672
page_index,time_cycles
0,33872
page_index,time_cycles
0,37980
page_index,time_cycles
0,40748
page_index,time_cycles
0,36098
page_index,time_cycles
0,44846
page_index,time_cycles
0,41254
page_index,time_cycles
0,33982
page_index,time_cycles
0,40920
page_index,time_cycles
0,67850
page_index,time_cycles
0,42010
page_index,time_cycles
0,39222
page_index,time_cycles
0,36996
page_index,time_cycles
0,37784
page_index,time_cycles
0,35296
page_index,time_cycles
0,44038
page_index,time_cycles
0,43002
page_index,time_cycles
0,42780
page_index,time_cycles
0,35108
page_index,time_cycles
0,41506
page_index,time_cycles
0,44708
page_index,time_cycles
0,41180
page_index,time_cycles
0,53606
page_index,time_cycles
0,33058
page_index,time_cycles
0,38874
page_index,time_cycles
0,42046
page_index,time_cycles
0,42766
page_index,time_cycles
0,42154
page_index,time_cycles
0,39846
page_index,time_cycles
0,39782
page_index,time_cycles
0,45382
page_index,time_cycles
0,40206
page_index,time_cycles
0,55396
page_index,time_cycles
0,68634
page_index,time_cycles
0,39390
page_index,time_cycles
0,35188
page_index,time_cycles
0,52898
page_index,time_cycles
0,37036
page_index,time_cycles
0,44374
page_index,time_cycles
0,41436
page_index,time_cycles
0,43118
page_index,time_cycles
0,49562
page_index,time_cycles
0,35672
page_index,time_cycles
0,33374
page_index,time_cycles
0,45126
page_index,time_cycles
0,45122
page_index,time_cycles
0,35716
page_index,time_cycles
0,35238
page_index,time_cycles
0,44218
page_index,time_cycles
0,51282
page_index,time_cycles
0,42112
page_index,time_cycles
0,36062
page_index,time_cycles
0,44182
page_index,time_cycles
0,49302
page_index,time_cycles
0,42226
page_index,time_cycles
0,41784
page_index,time_cycles
0,41964
page_index,time_cycles
0,49040
page_index,time_cycles
0,37258
page_index,time_cycles
0,40538
page_index,time_cycles
0,44046
page_index,time_cycles
0,34784
page_index,time_cycles
0,33540
page_index,time_cycles
0,36776
page_index,time_cycles
0,42658
page_index,time_cycles
0,41540
page_index,time_cycles
0,63412
page_index,time_cycles
0,38102
page_index,time_cycles
0,46208
page_index,time_cycles
0,34092
page_index,time_cycles
0,34644
page_index,time_cycles
0,38108
page_index,time_cycles
0,41520
page_index,time_cycles
0,46404
page_index,time_cycles
0,36148
page_index,time_cycles
0,33916
page_index,time_cycles
0,44122
page_index,time_cycles
0,42824
page_index,time_cycles
0,40204
page_index,time_cycles
0,36882
page_index,time_cycles
0,36544
page_index,time_cycles
0,36388
page_index,time_cycles
0,38508
page_index,time_cycles
0,34678
page_index,time_cycles
0,36816
page_index,time_cycles
0,42130
page_index,time_cycles
0,38854
page_index,time_cycles
0,40546
page_index,time_cycles
0,62566
page_index,time_cycles
0,41088
page_index,time_cycles
0,40238
page_index,time_cycles
0,35238
page_index,time_cycles
0,33880
page_index,time_cycles
0,35712
page_index,time_cycles
0,38290
page_index,time_cycles
0,36318
page_index,time_cycles
0,36446
page_index,time_cycles
0,37310
page_index,time_cycles
0,54304
page_index,time_cycles
0,86796
page_index,time_cycles
0,35742
page_index,time_cycles
0,37176
page_index,time_cycles
0,43110
page_index,time_cycles
0,35476
page_index,time_cycles
0,38490
page_index,time_cycles
0,41732
page_index,time_cycles
0,36216
page_index,time_cycles
0,44632
page_index,time_cycles
0,33666
page_index,time_cycles
0,36310
page_index,time_cycles
0,34954
page_index,time_cycles
0,35694
page_index,time_cycles
0,41420
page_index,time_cycles
0,36144
page_index,time_cycles
0,40802
page_index,time_cycles
0,35706
page_index,time_cycles
0,36856
page_index,time_cycles
0,53534
page_index,time_cycles
0,40872
page_index,time_cycles
0,41498
page_index,time_cycles
0,43054
page_index,time_cycles
0,52978
page_index,time_cycles
0,36576
page_index,time_cycles
0,55524
page_index,time_cycles
0,60144
page_index,time_cycles
0,51480
page_index,time_cycles
0,44972
page_index,time_cycles
0,41800
page_index,time_cycles
0,51908
page_index,time_cycles
0,34614
page_index,time_cycles
0,44076
page_index,time_cycles
0,51322
page_index,time_cycles
0,40854
page_index,time_cycles
0,35290
page_index,time_cycles
0,43430
page_index,time_cycles
0,53604
page_index,time_cycles
0,44362
page_index,time_cycles
0,42884
page_index,time_cycles
0,35060
page_index,time_cycles
0,36710
page_index,time_cycles
0,46262
page_index,time_cycles
0,43206
page_index,time_cycles
0,75380
page_index,time_cycles
0,37712
page_index,time_cycles
0,42106
page_index,time_cycles
0,54520
page_index,time_cycles
0,34752
page_index,time_cycles
0,36760
page_index,time_cycles
0,36782
page_index,time_cycles
0,40388
page_index,time_cycles
0,36140
page_index,time_cycles
0,42656
page_index,time_cycles
0,34068
page_index,time_cycles
0,33508
page_index,time_cycles
0,48932
page_index,time_cycles
0,44202
page_index,time_cycles
0,34076
page_index,time_cycles
0,36578
page_index,time_cycles
0,37484
page_index,time_cycles
0,42224
page_index,time_cycles
0,52362
page_index,time_cycles
0,43556
page_index,time_cycles
0,46070
page_index,time_cycles
0,43654
page_index,time_cycles
0,35664
page_index,time_cycles
0,47782
page_index,time_cycles
0,38874
page_index,time_cycles
0,50244
page_index,time_cycles
0,35812
page_index,time_cycles
0,42504
page_index,time_cycles
0,35094
page_index,time_cycles
0,41484
page_index,time_cycles
0,40724
page_index,time_cycles
0,36998
page_index,time_cycles
0,40000
page_index,time_cycles
0,41542
page_index,time_cycles
0,33914
page_index,time_cycles
0,36324
page_index,time_cycles
0,40638
page_index,time_cycles
0,40816
page_index,time_cycles
0,46640
page_index,time_cycles
0,40022
page_index,time_cycles
0,38778
page_index,time_cycles
0,36266
page_index,time_cycles
0,36366
page_index,time_cycles
0,39218
page_index,time_cycles
0,63734
page_index,time_cycles
0,40750
page_index,time_cycles
0,69096
page_index,time_cycles
0,43402
page_index,time_cycles
0,71488
page_index,time_cycles
0,35882
page_index,time_cycles
0,40520
page_index,time_cycles
0,35736
page_index,time_cycles
0,45590
page_index,time_cycles
0,47214
page_index,time_cycles
0,42976
page_index,time_cycles
0,36492
page_index,time_cycles
0,34114
page_index,time_cycles
0,38062
page_index,time_cycles
0,41520
page_index,time_cycles
0,35576
page_index,time_cycles
0,57672
page_index,time_cycles
0,43158
page_index,time_cycles
0,56936
page_index,time_cycles
0,35762
page_index,time_cycles
0,36684
page_index,time_cycles
0,41198
page_index,time_cycles
0,39248
page_index,time_cycles
0,44514
page_index,time_cycles
0,45044
page_index,time_cycles
0,41854
page_index,time_cycles
0,39324
page_index,time_cycles
0,43680
page_index,time_cycles
0,34304
page_index,time_cycles
0,42506
page_index,time_cycles
0,39854
page_index,time_cycles
0,43212
page_index,time_cycles
0,52990
page_index,time_cycles
0,38098
page_index,time_cycles
0,41596
page_index,time_cycles
0,35074
page_index,time_cycles
0,42570
page_index,time_cycles
0,44344
page_index,time_cycles
0,40596
page_index,time_cycles
0,44058
page_index,time_cycles
0,41414
page_index,time_cycles
0,41004
page_index,time_cycles
0,35262
page_index,time_cycles
0,45834
page_index,time_cycles
0,42980
page_index,time_cycles
0,44808
page_index,time_cycles
0,36242
page_index,time_cycles
0,163528
page_index,time_cycles
0,40104
page_index,time_cycles
0,40234
page_index,time_cycles
0,42298
page_index,time_cycles
0,37020
page_index,time_cycles
0,45094
page_index,time_cycles
0,42006
page_index,time_cycles
0,36098
page_index,time_cycles
0,37134
page_index,time_cycles
0,36424
page_index,time_cycles
0,42438
page_index,time_cycles
0,36260
page_index,time_cycles
0,36872
page_index,time_cycles
0,46274
page_index,time_cycles
0,34434
page_index,time_cycles
0,42376
page_index,time_cycles
0,41462
page_index,time_cycles
0,35526
page_index,time_cycles
0,42608
page_index,time_cycles
0,42352
page_index,time_cycles
0,42224
page_index,time_cycles
0,46662
page_index,time_cycles
0,56084
page_index,time_cycles
0,40652
page_index,time_cycles
0,62480
page_index,time_cycles
0,42630
page_index,time_cycles
0,47524
page_index,time_cycles
0,35516
page_index,time_cycles
0,36656
page_index,time_cycles
0,36756
page_index,time_cycles
0,36092
page_index,time_cycles
0,35988
page_index,time_cycles
0,34284
page_index,time_cycles
0,50160
page_index,time_cycles
0,43300
page_index,time_cycles
0,45726
page_index,time_cycles
0,36386
page_index,time_cycles
0,42706
page_index,time_cycles
0,35444
page_index,time_cycles
0,37314
page_index,time_cycles
0,34792
page_index,time_cycles
0,37562
page_index,time_cycles
0,46772
page_index,time_cycles
0,41460
page_index,time_cycles
0,44774
page_index,time_cycles
0,49622
page_index,time_cycles
0,41484
page_index,time_cycles
0,49018
page_index,time_cycles
0,43022
page_index,time_cycles
0,60710
page_index,time_cycles
0,41284
page_index,time_cycles
0,46150
page_index,time_cycles
0,42440
page_index,time_cycles
0,51514
page_index,time_cycles
0,41920
page_index,time_cycles
0,42172
page_index,time_cycles
0,40148
page_index,time_cycles
0,35202
page_index,time_cycles
0,42698
page_index,time_cycles
0,40240
page_index,time_cycles
0,38054
page_index,time_cycles
0,48078
page_index,time_cycles
0,39324
page_index,time_cycles
0,34090
page_index,time_cycles
0,35840
page_index,time_cycles
0,46990
page_index,time_cycles
0,42908
page_index,time_cycles
0,41078
page_index,time_cycles
0,34806
page_index,time_cycles
0,42750
page_index,time_cycles
0,37896
page_index,time_cycles
0,42040
page_index,time_cycles
0,44270
page_index,time_cycles
0,35916
page_index,time_cycles
0,45276
page_index,time_cycles
0,40210
page_index,time_cycles
0,35046
page_index,time_cycles
0,35242
page_index,time_cycles
0,42392
page_index,time_cycles
0,44370
page_index,time_cycles
0,40536
page_index,time_cycles
0,34800
page_index,time_cycles
0,43676
page_index,time_cycles
0,76946
page_index,time_cycles
0,47298
page_index,time_cycles
0,40586
page_index,time_cycles
0,35168
page_index,time_cycles
0,36054
page_index,time_cycles
0,42216
page_index,time_cycles
0,36836
page_index,time_cycles
0,57270
page_index,time_cycles
0,36434
page_index,time_cycles
0,42124
page_index,time_cycles
0,37692
page_index,time_cycles
0,38226
page_index,time_cycles
0,34286
page_index,time_cycles
0,34812
page_index,time_cycles
0,44300
page_index,time_cycles
0,61104
page_index,time_cycles
0,34240
page_index,time_cycles
0,61734
page_index,time_cycles
0,65818
page_index,time_cycles
0,41372
page_index,time_cycles
0,56806
page_index,time_cycles
0,34528
page_index,time_cycles
0,42534
page_index,time_cycles
0,43236
page_index,time_cycles
0,42978
page_index,time_cycles
0,41012
page_index,time_cycles
0,46108
page_index,time_cycles
0,43322
page_index,time_cycles
0,34612
page_index,time_cycles
0,40174
page_index,time_cycles
0,40470
page_index,time_cycles
0,59708
page_index,time_cycles
0,42472
page_index,time_cycles
0,38748
page_index,time_cycles
0,36716
page_index,time_cycles
0,36256
page_index,time_cycles
0,34286
page_index,time_cycles
0,45386
page_index,time_cycles
0,37788
page_index,time_cycles
0,39538
page_index,time_cycles
0,65996
page_index,time_cycles
0,43106
page_index,time_cycles
0,34302
page_index,time_cycles
0,42200
page_index,time_cycles
0,38652
page_index,time_cycles
0,41820
page_index,time_cycles
0,38734
page_index,time_cycles
0,38248
page_index,time_cycles
0,65378
page_index,time_cycles
0,37428
page_index,time_cycles
0,50386
page_index,time_cycles
0,54206
page_index,time_cycles
0,35348
page_index,time_cycles
0,54434
page_index,time_cycles
0,37730
page_index,time_cycles
0,43634
page_index,time_cycles
0,49592
page_index,time_cycles
0,33576
page_index,time_cycles
0,45752
page_index,time_cycles
0,40914
page_index,time_cycles
0,38040
page_index,time_cycles
0,75526
page_index,time_cycles
0,53832
page_index,time_cycles
0,35284
page_index,time_cycles
0,36010
page_index,time_cycles
0,45704
page_index,time_cycles
0,47438
page_index,time_cycles
0,38118
page_index,time_cycles
0,36394
page_index,time_cycles
0,50982
page_index,time_cycles
0,36670
page_index,time_cycles
0,32284
page_index,time_cycles
0,35162
page_index,time_cycles
0,45084
page_index,time_cycles
0,37078
page_index,time_cycles
0,44122
page_index,time_cycles
0,44624
page_index,time_cycles
0,41936
page_index,time_cycles
0,36522
page_index,time_cycles
0,54630
page_index,time_cycles
0,40750
page_index,time_cycles
0,42340
page_index,time_cycles
0,45318
page_index,time_cycles
0,37512
page_index,time_cycles
0,40390
page_index,time_cycles
0,37774
page_index,time_cycles
0,37650
page_index,time_cycles
0,40814
page_index,time_cycles
0,44376
page_index,time_cycles
0,41816
page_index,time_cycles
0,42648
page_index,time_cycles
0,49160
page_index,time_cycles
0,43198
page_index,time_cycles
0,58586
page_index,time_cycles
0,43910
page_index,time_cycles
0,37560
page_index,time_cycles
0,37184
page_index,time_cycles
0,40852
page_index,time_cycles
0,74216
page_index,time_cycles
0,37168
page_index,time_cycles
0,42056
page_index,time_cycles
0,39146
page_index,time_cycles
0,35098
page_index,time_cycles
0,45420
page_index,time_cycles
0,34560
page_index,time_cycles
0,35830
page_index,time_cycles
0,33648
page_index,time_cycles
0,41278
page_index,time_cycles
0,44238
page_index,time_cycles
0,38324
page_index,time_cycles
0,49080
page_index,time_cycles
0,34534
page_index,time_cycles
0,44538
page_index,time_cycles
0,35074
page_index,time_cycles
0,36822
page_index,time_cycles
0,34936
page_index,time_cycles
0,38824
page_index,time_cycles
0,73268
page_index,time_cycles
0,69402
page_index,time_cycles
0,38072
page_index,time_cycles
0,43618
page_index,time_cycles
0,42684
page_index,time_cycles
0,42414
page_index,time_cycles
0,36746
page_index,time_cycles
0,56924
page_index,time_cycles
0,44680
page_index,time_cycles
0,60280
page_index,time_cycles
0,46650
page_index,time_cycles
0,44634
page_index,time_cycles
0,36698
page_index,time_cycles
0,36322
page_index,time_cycles
0,37446
page_index,time_cycles
0,43442
page_index,time_cycles
0,43688
page_index,time_cycles
0,33026
page_index,time_cycles
0,34924
page_index,time_cycles
0,35846
page_index,time_cycles
0,47120
page_index,time_cycles
0,37838
page_index,time_cycles
0,47552
page_index,time_cycles
0,34650
page_index,time_cycles
0,59242
page_index,time_cycles
0,37290
page_index,time_cycles
0,35928
page_index,time_cycles
0,42388
page_index,time_cycles
0,34660
page_index,time_cycles
0,38808
page_index,time_cycles
0,62654
page_index,time_cycles
0,36020
page_index,time_cycles
0,41750
page_index,time_cycles
0,41578
page_index,time_cycles
0,36144
page_index,time_cycles
0,38602
page_index,time_cycles
0,34692
page_index,time_cycles
0,44192
page_index,time_cycles
0,38412
page_index,time_cycles
0,37856
page_index,time_cycles
0,51156
page_index,time_cycles
0,40890
page_index,time_cycles
0,39252
page_index,time_cycles
0,34740
page_index,time_cycles
0,44702
page_index,time_cycles
0,57456
page_index,time_cycles
0,37882
page_index,time_cycles
0,35716
page_index,time_cycles
0,46620
page_index,time_cycles
0,41248
page_index,time_cycles
0,47204
page_index,time_cycles
0,37282
page_index,time_cycles
0,44942
page_index,time_cycles
0,38794
page_index,time_cycles
0,42684
page_index,time_cycles
0,35608
page_index,time_cycles
0,34348
page_index,time_cycles
0,43476
page_index,time_cycles
0,35308
page_index,time_cycles
0,79602
page_index,time_cycles
0,36868
page_index,time_cycles
0,36590
page_index,time_cycles
0,37982
page_index,time_cycles
0,33912
page_index,time_cycles
0,43056
page_index,time_cycles
0,45188
page_index,time_cycles
0,36696
page_index,time_cycles
0,44688
page_index,time_cycles
0,45844
page_index,time_cycles
0,42328
page_index,time_cycles
0,48710
page_index,time_cycles
0,52582
page_index,time_cycles
0,45064
page_index,time_cycles
0,37202
page_index,time_cycles
0,44066
page_index,time_cycles
0,34084
page_index,time_cycles
0,35214
page_index,time_cycles
0,37404
page_index,time_cycles
0,43156
page_index,time_cycles
0,36436
page_index,time_cycles
0,44432
page_index,time_cycles
0,44932
page_index,time_cycles
0,35744
page_index,time_cycles
0,42620
page_index,time_cycles
0,42060
page_index,time_cycles
0,42224
page_index,time_cycles
0,41700
page_index,time_cycles
0,42362
page_index,time_cycles
0,40344
page_index,time_cycles
0,40826
page_index,time_cycles
0,35908
page_index,time_cycles
0,44050
page_index,time_cycles
0,36798
page_index,time_cycles
0,35908
page_index,time_cycles
0,35152
page_index,time_cycles
0,34536
page_index,time_cycles
0,41734
page_index,time_cycles
0,34598
page_index,time_cycles
0,52990
page_index,time_cycles
0,42244
page_index,time_cycles
0,36986
page_index,time_cycles
0,40412
page_index,time_cycles
0,65218
page_index,time_cycles
0,44894
page_index,time_cycles
0,37616
page_index,time_cycles
0,42756
page_index,time_cycles
0,35572
page_index,time_cycles
0,34502
page_index,time_cycles
0,54330
page_index,time_cycles
0,42808
page_index,time_cycles
0,51460
page_index,time_cycles
0,35418
page_index,time_cycles
0,46890
page_index,time_cycles
0,45598
page_index,time_cycles
0,37018
page_index,time_cycles
0,43806
page_index,time_cycles
0,43954
page_index,time_cycles
0,47558
page_index,time_cycles
0,34496
page_index,time_cycles
0,34954
page_index,time_cycles
0,45234
page_index,time_cycles
0,43720
page_index,time_cycles
0,39610
page_index,time_cycles
0,47940
page_index,time_cycles
0,34748
page_index,time_cycles
0,33946
page_index,time_cycles
0,38564
page_index,time_cycles
0,38780
page_index,time_cycles
0,39766
page_index,time_cycles
0,57216
page_index,time_cycles
0,35860
page_index,time_cycles
0,36872
page_index,time_cycles
0,45668
page_index,time_cycles
0,39172
page_index,time_cycles
0,49236
page_index,time_cycles
0,34944
page_index,time_cycles
0,39508
page_index,time_cycles
0,41692
page_index,time_cycles
0,36010
page_index,time_cycles
0,34466
page_index,time_cycles
0,37574
page_index,time_cycles
0,36750
page_index,time_cycles
0,41838
page_index,time_cycles
0,38588
page_index,time_cycles
0,37804
page_index,time_cycles
0,35876
page_index,time_cycles
0,36024
page_index,time_cycles
0,35804
page_index,time_cycles
0,37834
page_index,time_cycles
0,42676
page_index,time_cycles
0,38762
page_index,time_cycles
0,35070
page_index,time_cycles
0,35852
page_index,time_cycles
0,42908
page_index,time_cycles
0,35832
page_index,time_cycles
0,36756
page_index,time_cycles
0,33218
page_index,time_cycles
0,36218
page_index,time_cycles
0,61986
page_index,time_cycles
0,41884
page_index,time_cycles
0,40758
page_index,time_cycles
0,35004
page_index,time_cycles
0,39222
page_index,time_cycles
0,64314
page_index,time_cycles
0,34196
page_index,time_cycles
0,39742
page_index,time_cycles
0,47336
page_index,time_cycles
0,54992
page_index,time_cycles
0,41988
page_index,time_cycles
0,39462
page_index,time_cycles
0,39196
page_index,time_cycles
0,48774
page_index,time_cycles
0,35552
page_index,time_cycles
0,43790
page_index,time_cycles
0,38068
page_index,time_cycles
0,42170
page_index,time_cycles
0,41162
page_index,time_cycles
0,35546
page_index,time_cycles
0,38752
page_index,time_cycles
0,48884
page_index,time_cycles
0,37072
page_index,time_cycles
0,45876
page_index,time_cycles
0,44664
page_index,time_cycles
0,37104
page_index,time_cycles
0,37824
page_index,time_cycles
0,46292
page_index,time_cycles
0,35420
page_index,time_cycles
0,43038
page_index,time_cycles
0,49724
page_index,time_cycles
0,45838
page_index,time_cycles
0,36872
page_index,time_cycles
0,43884
page_index,time_cycles
0,44044
page_index,time_cycles
0,42664
page_index,time_cycles
0,35190
page_index,time_cycles
0,41068
page_index,time_cycles
0,36238
page_index,time_cycles
0,45808
page_index,time_cycles
0,38220
page_index,time_cycles
0,40374
page_index,time_cycles
0,38834
page_index,time_cycles
0,35986
page_index,time_cycles
0,35254
page_index,time_cycles
0,74460
page_index,time_cycles
0,45174
page_index,time_cycles
0,38252
page_index,time_cycles
0,49252
page_index,time_cycles
0,40946
page_index,time_cycles
0,36256
page_index,time_cycles
0,35830
page_index,time_cycles
0,45258
page_index,time_cycles
0,52256
page_index,time_cycles
0,73560
page_index,time_cycles
0,38804
page_index,time_cycles
0,35528
page_index,time_cycles
0,47340
page_index,time_cycles
0,41324
page_index,time_cycles
0,57274
page_index,time_cycles
0,41846
page_index,time_cycles
0,42458
page_index,time_cycles
0,42832
page_index,time_cycles
0,35954
page_index,time_cycles
0,42358
page_index,time_cycles
0,41842
page_index,time_cycles
0,75488
page_index,time_cycles
0,43094
page_index,time_cycles
0,36030
page_index,time_cycles
0,43134
page_index,time_cycles
0,43638
page_index,time_cycles
0,34472
page_index,time_cycles
0,35138
page_index,time_cycles
0,43064
page_index,time_cycles
0,36686
page_index,time_cycles
0,36702
page_index,time_cycles
0,35398
page_index,time_cycles
0,47084
page_index,time_cycles
0,44962
page_index,time_cycles
0,42924
page_index,time_cycles
0,42864
page_index,time_cycles
0,41450
page_index,time_cycles
0,44228
page_index,time_cycles
0,35306
page_index,time_cycles
0,37606
page_index,time_cycles
0,38446
page_index,time_cycles
0,40904
page_index,time_cycles
0,62644
page_index,time_cycles
0,36172
page_index,time_cycles
0,38222
page_index,time_cycles
0,42414
page_index,time_cycles
0,36044
page_index,time_cycles
0,35972
page_index,time_cycles
0,51988
page_index,time_cycles
0,34894
page_index,time_cycles
0,39098
page_index,time_cycles
0,49370
page_index,time_cycles
0,37330
page_index,time_cycles
0,39790
page_index,time_cycles
0,55746
page_index,time_cycles
0,35004
page_index,time_cycles
0,44540
page_index,time_cycles
0,35310
page_index,time_cycles
0,36368
page_index,time_cycles
0,84224
page_index,time_cycles
0,32308
page_index,time_cycles
0,43210
page_index,time_cycles
0,35456
page_index,time_cycles
0,45534
page_index,time_cycles
0,45910
page_index,time_cycles
0,39660
page_index,time_cycles
0,48990
page_index,time_cycles
0,41184
page_index,time_cycles
0,38218
page_index,time_cycles
0,44066
page_index,time_cycles
0,39006
page_index,time_cycles
0,37002
page_index,time_cycles
0,36296
page_index,time_cycles
0,38842
page_index,time_cycles
0,36772
page_index,time_cycles
0,45910
page_index,time_cycles
0,74108
page_index,time_cycles
0,42042
page_index,time_cycles
0,42828
page_index,time_cycles
0,70424
page_index,time_cycles
0,40188
page_index,time_cycles
0,37272
page_index,time_cycles
0,49678
page_index,time_cycles
0,37716
page_index,time_cycles
0,35784
page_index,time_cycles
0,34808
page_index,time_cycles
0,40894
page_index,time_cycles
0,45454
page_index,time_cycles
0,43512
page_index,time_cycles
0,40040
page_index,time_cycles
0,37394
page_index,time_cycles
0,41346
page_index,time_cycles
0,38578
page_index,time_cycles
0,42698
page_index,time_cycles
0,50854
page_index,time_cycles
0,35476
page_index,time_cycles
0,51270
page_index,time_cycles
0,36010
page_index,time_cycles
0,36198
page_index,time_cycles
0,41456
page_index,time_cycles
0,61646
page_index,time_cycles
0,41834
page_index,time_cycles
0,45380
page_index,time_cycles
0,36042
page_index,time_cycles
0,35132
page_index,time_cycles
0,37848
page_index,time_cycles
0,34698
page_index,time_cycles
0,35498
page_index,time_cycles
0,45214
page_index,time_cycles
0,35980
page_index,time_cycles
0,42760
page_index,time_cycles
0,33720
page_index,time_cycles
0,36694
page_index,time_cycles
0,35488
page_index,time_cycles
0,41292
page_index,time_cycles
0,36038
page_index,time_cycles
0,42136
page_index,time_cycles
0,51380
page_index,time_cycles
0,57994
page_index,time_cycles
0,39794
page_index,time_cycles
0,43978
page_index,time_cycles
0,36612
page_index,time_cycles
0,52250
page_index,time_cycles
0,44936
page_index,time_cycles
0,35940
page_index,time_cycles
0,37130
page_index,time_cycles
0,41400
page_index,time_cycles
0,37922
page_index,time_cycles
0,36294
page_index,time_cycles
0,44804
page_index,time_cycles
0,34840
page_index,time_cycles
0,39076
page_index,time_cycles
0,41510
page_index,time_cycles
0,36382
page_index,time_cycles
0,40746
page_index,time_cycles
0,50380
page_index,time_cycles
0,39538
page_index,time_cycles
0,51002
page_index,time_cycles
0,40822
page_index,time_cycles
0,46956
page_index,time_cycles
0,37012
page_index,time_cycles
0,40296
page_index,time_cycles
0,36290
page_index,time_cycles
0,46216
page_index,time_cycles
0,47046
page_index,time_cycles
0,43178
page_index,time_cycles
0,37490
page_index,time_cycles
0,41706
page_index,time_cycles
0,44214
page_index,time_cycles
0,45766
page_index,time_cycles
0,47160
page_index,time_cycles
0,44482
page_index,time_cycles
0,42278
page_index,time_cycles
0,42480
page_index,time_cycles
0,41638
page_index,time_cycles
0,34482
page_index,time_cycles
0,42602
page_index,time_cycles
0,36118
page_index,time_cycles
0,47900
page_index,time_cycles
0,55458
page_index,time_cycles
0,34632
page_index,time_cycles
0,41310
page_index,time_cycles
0,41236
page_index,time_cycles
0,38992
page_index,time_cycles
0,35816
page_index,time_cycles
0,44764
page_index,time_cycles
0,35220
page_index,time_cycles
0,77540
page_index,time_cycles
0,36200
page_index,time_cycles
0,37376
page_index,time_cycles
0,59496
page_index,time_cycles
0,78222
page_index,time_cycles
0,81018
page_index,time_cycles
0,41910
page_index,time_cycles
0,40016
page_index,time_cycles
0,33560
page_index,time_cycles
0,37432
page_index,time_cycles
0,40612
page_index,time_cycles
0,57028
page_index,time_cycles
0,50706
page_index,time_cycles
0,39968
page_index,time_cycles
0,40186
page_index,time_cycles
0,34310
page_index,time_cycles
0,58540
page_index,time_cycles
0,35472
page_index,time_cycles
0,71272
page_index,time_cycles
0,35744
page_index,time_cycles
0,33018
page_index,time_cycles
0,43040
page_index,time_cycles
0,34852
page_index,time_cycles
0,36064
page_index,time_cycles
0,35352
page_index,time_cycles
0,34736
page_index,time_cycles
0,36364
page_index,time_cycles
0,36246
page_index,time_cycles
0,35488
page_index,time_cycles
0,40818
page_index,time_cycles
0,50758
page_index,time_cycles
0,50394
page_index,time_cycles
0,44024
page_index,time_cycles
0,39816
page_index,time_cycles
0,48142
page_index,time_cycles
0,39322
page_index,time_cycles
0,34604
page_index,time_cycles
0,55274
page_index,time_cycles
0,65990
page_index,time_cycles
0,61860
page_index,time_cycles
0,42084
page_index,time_cycles
0,41392
page_index,time_cycles
0,36658
page_index,time_cycles
0,38416
page_index,time_cycles
0,43042
page_index,time_cycles
0,37970
page_index,time_cycles
0,35402
page_index,time_cycles
0,40122
page_index,time_cycles
0,41866
page_index,time_cycles
0,64602
page_index,time_cycles
0,43874
page_index,time_cycles
0,41512
page_index,time_cycles
0,35302
page_index,time_cycles
0,41676
page_index,time_cycles
0,37182
page_index,time_cycles
0,36474
page_index,time_cycles
0,35620
page_index,time_cycles
0,42218
page_index,time_cycles
0,42908
page_index,time_cycles
0,36436
page_index,time_cycles
0,35232
page_index,time_cycles
0,36926
page_index,time_cycles
0,44346
page_index,time_cycles
0,34454
page_index,time_cycles
0,43278
page_index,time_cycles
0,51438
page_index,time_cycles
0,38252
page_index,time_cycles
0,37564
page_index,time_cycles
0,40766
page_index,time_cycles
0,46520
page_index,time_cycles
0,42778
page_index,time_cycles
0,50484
page_index,time_cycles
0,36218
page_index,time_cycles
0,49918
page_index,time_cycles
0,44670
page_index,time_cycles
0,35930
page_index,time_cycles
0,34760
page_index,time_cycles
0,41852
page_index,time_cycles
0,46946
page_index,time_cycles
0,40936
page_index,time_cycles
0,37074
page_index,time_cycles
0,47814
page_index,time_cycles
0,43070
page_index,time_cycles
0,38042
page_index,time_cycles
0,35846
page_index,time_cycles
0,39986
page_index,time_cycles
0,50778
page_index,time_cycles
0,33706
page_index,time_cycles
0,45240
page_index,time_cycles
0,67506
page_index,time_cycles
0,41228
page_index,time_cycles
0,55886
page_index,time_cycles
0,40526
page_index,time_cycles
0,48060
page_index,time_cycles
0,41820
page_index,time_cycles
0,36396
page_index,time_cycles
0,40788
page_index,time_cycles
0,43478
page_index,time_cycles
0,36458
page_index,time_cycles
0,38442
page_index,time_cycles
0,36560
page_index,time_cycles
0,57048
page_index,time_cycles
0,41720
page_index,time_cycles
0,36218
page_index,time_cycles
0,36312
page_index,time_cycles
0,48224
page_index,time_cycles
0,42660
page_index,time_cycles
0,49236
page_index,time_cycles
0,44426
page_index,time_cycles
0,56770
page_index,time_cycles
0,36110
page_index,time_cycles
0,39734
page_index,time_cycles
0,34980
page_index,time_cycles
0,40986
page_index,time_cycles
0,44112
page_index,time_cycles
0,42590
page_index,time_cycles
0,44470
page_index,time_cycles
0,44192
page_index,time_cycles
0,37960
page_index,time_cycles
0,34200
page_index,time_cycles
0,51960
page_index,time_cycles
0,41350
page_index,time_cycles
0,35520
page_index,time_cycles
0,42070
page_index,time_cycles
0,43124
page_index,time_cycles
0,42444
page_index,time_cycles
0,37940
page_index,time_cycles
0,34934
page_index,time_cycles
0,62228
page_index,time_cycles
0,68454
page_index,time_cycles
0,35908
page_index,time_cycles
0,41004
page_index,time_cycles
0,33440
page_index,time_cycles
0,38214
page_index,time_cycles
0,56906
page_index,time_cycles
0,55482
page_index,time_cycles
0,53098
page_index,time_cycles
0,43902
page_index,time_cycles
0,36370
page_index,time_cycles
0,41354
page_index,time_cycles
0,33392
page_index,time_cycles
0,36958
page_index,time_cycles
0,41366
page_index,time_cycles
0,44376
page_index,time_cycles
0,42882
page_index,time_cycles
0,40900
page_index,time_cycles
0,37976
page_index,time_cycles
0,40282
page_index,time_cycles
0,46336
page_index,time_cycles
0,43978
page_index,time_cycles
0,44554
page_index,time_cycles
0,56636
page_index,time_cycles
0,43844
page_index,time_cycles
0,45796
page_index,time_cycles
0,101240
page_index,time_cycles
0,36856
page_index,time_cycles
0,43574
page_index,time_cycles
0,35442
page_index,time_cycles
0,41866
page_index,time_cycles
0,38776
page_index,time_cycles
0,41894
page_index,time_cycles
0,37302
page_index,time_cycles
0,38924
page_index,time_cycles
0,44986
page_index,time_cycles
0,45102
page_index,time_cycles
0,42990
page_index,time_cycles
0,48072
page_index,time_cycles
0,75208
page_index,time_cycles
0,43698
page_index,time_cycles
0,34564
page_index,time_cycles
0,39268
page_index,time_cycles
0,99142
page_index,time_cycles
0,40916
page_index,time_cycles
0,42992
page_index,time_cycles
0,35350
page_index,time_cycles
0,42370
page_index,time_cycles
0,37592
page_index,time_cycles
0,40828
page_index,time_cycles
0,43914
page_index,time_cycles
0,44918
page_index,time_cycles
0,34594
page_index,time_cycles
0,77460
page_index,time_cycles
0,40750
page_index,time_cycles
0,37376
page_index,time_cycles
0,36308
page_index,time_cycles
0,43340
page_index,time_cycles
0,41868
page_index,time_cycles
0,64908
page_index,time_cycles
0,37406
page_index,time_cycles
0,43162
page_index,time_cycles
0,39178
page_index,time_cycles
0,42842
page_index,time_cycles
0,69810
page_index,time_cycles
0,38634
page_index,time_cycles
0,44128
page_index,time_cycles
0,36778
page_index,time_cycles
0,36900
page_index,time_cycles
0,65614
page_index,time_cycles
0,45602
page_index,time_cycles
0,37500
page_index,time_cycles
0,35826
page_index,time_cycles
0,40966
page_index,time_cycles
0,44820
page_index,time_cycles
0,35438
page_index,time_cycles
0,40814
page_index,time_cycles
0,45770
page_index,time_cycles
0,35732
page_index,time_cycles
0,47820
page_index,time_cycles
0,56532
page_index,time_cycles
0,34214
page_index,time_cycles
0,40968
page_index,time_cycles
0,44582
page_index,time_cycles
0,43562
page_index,time_cycles
0,58398
page_index,time_cycles
0,47624
page_index,time_cycles
0,37036
page_index,time_cycles
0,35266
page_index,time_cycles
0,36548
page_index,time_cycles
0,52814
page_index,time_cycles
0,41100
page_index,time_cycles
0,36276
page_index,time_cycles
0,38830
page_index,time_cycles
0,45242
page_index,time_cycles
0,41310
page_index,time_cycles
0,36876
page_index,time_cycles
0,43950
page_index,time_cycles
0,41432
page_index,time_cycles
0,40148
page_index,time_cycles
0,55668
page_index,time_cycles
0,60584
page_index,time_cycles
0,60182
page_index,time_cycles
0,33810
page_index,time_cycles
0,40578
page_index,time_cycles
0,67720
page_index,time_cycles
0,85198
page_index,time_cycles
0,44762
page_index,time_cycles
0,43074
page_index,time_cycles
0,41872
page_index,time_cycles
0,41560
page_index,time_cycles
0,35580
page_index,time_cycles
0,37218
page_index,time_cycles
0,45848
page_index,time_cycles
0,38306
page_index,time_cycles
0,37960
page_index,time_cycles
0,35104
page_index,time_cycles
0,42400
page_index,time_cycles
0,49490
page_index,time_cycles
0,40914
page_index,time_cycles
0,34934
page_index,time_cycles
0,45348
page_index,time_cycles
0,35406
page_index,time_cycles
0,55558
page_index,time_cycles
0,73784
page_index,time_cycles
0,40440
page_index,time_cycles
0,33824
page_index,time_cycles
0,36762
page_index,time_cycles
0,35348
page_index,time_cycles
0,36342
page_index,time_cycles
0,37536
page_index,time_cycles
0,43464
page_index,time_cycles
0,43090
page_index,time_cycles
0,43070
page_index,time_cycles
0,41830
page_index,time_cycles
0,36798
page_index,time_cycles
0,58092
page_index,time_cycles
0,47098
page_index,time_cycles
0,36416
page_index,time_cycles
0,52048
page_index,time_cycles
0,37166
page_index,time_cycles
0,43284
page_index,time_cycles
0,40586
page_index,time_cycles
0,37954
page_index,time_cycles
0,41476
page_index,time_cycles
0,59076
page_index,time_cycles
0,52232
page_index,time_cycles
0,40392
page_index,time_cycles
0,48522
page_index,time_cycles
0,50716
page_index,time_cycles
0,38568
page_index,time_cycles
0,36812
page_index,time_cycles
0,40602
page_index,time_cycles
0,34816
page_index,time_cycles
0,36464
page_index,time_cycles
0,56262
page_index,time_cycles
0,40242
page_index,time_cycles
0,34452
page_index,time_cycles
0,36930
page_index,time_cycles
0,35964
page_index,time_cycles
0,46098
page_index,time_cycles
0,41530
page_index,time_cycles
0,39234
page_index,time_cycles
0,64762
page_index,time_cycles
0,44298
page_index,time_cycles
0,44978
page_index,time_cycles
0,47466
page_index,time_cycles
0,55848
page_index,time_cycles
0,49632
page_index,time_cycles
0,45780
page_index,time_cycles
0,43066
page_index,time_cycles
0,77146
page_index,time_cycles
0,40648
page_index,time_cycles
0,44930
page_index,time_cycles
0,39330
page_index,time_cycles
0,36812
page_index,time_cycles
0,48520
page_index,time_cycles
0,36986
page_index,time_cycles
0,56372
page_index,time_cycles
0,36562
page_index,time_cycles
0,44320
page_index,time_cycles
0,41786
page_index,time_cycles
0,37474
page_index,time_cycles
0,41864
page_index,time_cycles
0,51416
page_index,time_cycles
0,41412
page_index,time_cycles
0,37288
page_index,time_cycles
0,43230
page_index,time_cycles
0,41254
page_index,time_cycles
0,34872
page_index,time_cycles
0,42970
page_index,time_cycles
0,37358
page_index,time_cycles
0,33770
page_index,time_cycles
0,35910
page_index,time_cycles
0,42166
page_index,time_cycles
0,42714
page_index,time_cycles
0,36834
page_index,time_cycles
0,37814
page_index,time_cycles
0,45900
page_index,time_cycles
0,60406
page_index,time_cycles
0,35988
page_index,time_cycles
0,43564
page_index,time_cycles
0,45284
page_index,time_cycles
0,33806
page_index,time_cycles
0,33970
page_index,time_cycles
0,43262
page_index,time_cycles
0,42130
page_index,time_cycles
0,36726
page_index,time_cycles
0,41498
page_index,time_cycles
0,72052
page_index,time_cycles
0,37026
page_index,time_cycles
0,41914
page_index,time_cycles
0,41988
page_index,time_cycles
0,50636
page_index,time_cycles
0,38718
page_index,time_cycles
0,36336
page_index,time_cycles
0,34474
page_index,time_cycles
0,49212
page_index,time_cycles
0,34262
page_index,time_cycles
0,48830
page_index,time_cycles
0,45824
page_index,time_cycles
0,40500
page_index,time_cycles
0,45846
page_index,time_cycles
0,42396
page_index,time_cycles
0,34670
page_index,time_cycles
0,42944
page_index,time_cycles
0,42130
page_index,time_cycles
0,48548
page_index,time_cycles
0,35812
page_index,time_cycles
0,55096
page_index,time_cycles
0,45644
page_index,time_cycles
0,36380
page_index,time_cycles
0,40974
page_index,time_cycles
0,36770
page_index,time_cycles
0,36500
page_index,time_cycles
0,40990
page_index,time_cycles
0,35794
page_index,time_cycles
0,33842
page_index,time_cycles
0,45862
page_index,time_cycles
0,34118
page_index,time_cycles
0,41902
page_index,time_cycles
0,37218
page_index,time_cycles
0,35186
page_index,time_cycles
0,54482
page_index,time_cycles
0,37792
page_index,time_cycles
0,34884
page_index,time_cycles
0,41820
page_index,time_cycles
0,35142
page_index,time_cycles
0,36322
page_index,time_cycles
0,53680
page_index,time_cycles
0,43236
page_index,time_cycles
0,43688
page_index,time_cycles
0,39250
page_index,time_cycles
0,40842
page_index,time_cycles
0,35236
page_index,time_cycles
0,51238
page_index,time_cycles
0,47584
page_index,time_cycles
0,37406
page_index,time_cycles
0,60216
page_index,time_cycles
0,35342
page_index,time_cycles
0,35252
page_index,time_cycles
0,34640
page_index,time_cycles
0,37618
page_index,time_cycles
0,33530
page_index,time_cycles
0,36602
page_index,time_cycles
0,79958
page_index,time_cycles
0,60542
page_index,time_cycles
0,36048
page_index,time_cycles
0,41744
page_index,time_cycles
0,37590
page_index,time_cycles
0,71788
page_index,time_cycles
0,41012
page_index,time_cycles
0,39944
page_index,time_cycles
0,41958
page_index,time_cycles
0,53560
page_index,time_cycles
0,45370
page_index,time_cycles
0,42418
page_index,time_cycles
0,39522
page_index,time_cycles
0,41078
page_index,time_cycles
0,38486
page_index,time_cycles
0,39792
page_index,time_cycles
0,40384
page_index,time_cycles
0,69878
page_index,time_cycles
0,44034
page_index,time_cycles
0,43986
page_index,time_cycles
0,35920
page_index,time_cycles
0,35794
page_index,time_cycles
0,44248
page_index,time_cycles
0,38390
page_index,time_cycles
0,38304
page_index,time_cycles
0,37184
page_index,time_cycles
0,44612
page_index,time_cycles
0,42136
page_index,time_cycles
0,42490
page_index,time_cycles
0,41326
page_index,time_cycles
0,47386
page_index,time_cycles
0,54268
page_index,time_cycles
0,43156
page_index,time_cycles
0,39762
page_index,time_cycles
0,43998
page_index,time_cycles
0,45728
page_index,time_cycles
0,38298
page_index,time_cycles
0,45946
page_index,time_cycles
0,34522
page_index,time_cycles
0,44494
page_index,time_cycles
0,36478
page_index,time_cycles
0,93374
page_index,time_cycles
0,49838
page_index,time_cycles
0,40718
page_index,time_cycles
0,41406
page_index,time_cycles
0,50626
page_index,time_cycles
0,35210
page_index,time_cycles
0,37672
page_index,time_cycles
0,45716
page_index,time_cycles
0,41978
page_index,time_cycles
0,42356
page_index,time_cycles
0,43084
page_index,time_cycles
0,35564
page_index,time_cycles
0,35206
page_index,time_cycles
0,35270
page_index,time_cycles
0,42016
page_index,time_cycles
0,49114
page_index,time_cycles
0,41934
page_index,time_cycles
0,40716
page_index,time_cycles
0,42154
page_index,time_cycles
0,43002
page_index,time_cycles
0,55806
page_index,time_cycles
0,43678
page_index,time_cycles
0,35830
page_index,time_cycles
0,34732
page_index,time_cycles
0,36310
page_index,time_cycles
0,45818
page_index,time_cycles
0,35996
page_index,time_cycles
0,40732
page_index,time_cycles
0,37502
page_index,time_cycles
0,36024
page_index,time_cycles
0,34486
page_index,time_cycles
0,34812
page_index,time_cycles
0,61284
page_index,time_cycles
0,40302
page_index,time_cycles
0,47886
page_index,time_cycles
0,35362
page_index,time_cycles
0,37120
page_index,time_cycles
0,36106
page_index,time_cycles
0,35210
page_index,time_cycles
0,41250
page_index,time_cycles
0,32972
page_index,time_cycles
0,34580
page_index,time_cycles
0,42926
page_index,time_cycles
0,44106
page_index,time_cycles
0,40872
page_index,time_cycles
0,37182
page_index,time_cycles
0,34600
page_index,time_cycles
0,35320
page_index,time_cycles
0,39996
page_index,time_cycles
0,88824
page_index,time_cycles
0,41658
page_index,time_cycles
0,61990
page_index,time_cycles
0,34358
page_index,time_cycles
0,34216
page_index,time_cycles
0,35900
page_index,time_cycles
0,36944
page_index,time_cycles
0,35456
page_index,time_cycles
0,44622
page_index,time_cycles
0,58230
page_index,time_cycles
0,39180
page_index,time_cycles
0,84794
page_index,time_cycles
0,41272
page_index,time_cycles
0,35892
page_index,time_cycles
0,60318
page_index,time_cycles
0,40116
page_index,time_cycles
0,53914
page_index,time_cycles
0,52698
page_index,time_cycles
0,43208
page_index,time_cycles
0,39626
page_index,time_cycles
0,37366
page_index,time_cycles
0,35612
page_index,time_cycles
0,35068
page_index,time_cycles
0,37150
page_index,time_cycles
0,40582
page_index,time_cycles
0,35918
page_index,time_cycles
0,58254
page_index,time_cycles
0,60476
page_index,time_cycles
0,42100
page_index,time_cycles
0,45980
page_index,time_cycles
0,51486
page_index,time_cycles
0,35436
page_index,time_cycles
0,37322
page_index,time_cycles
0,45472
page_index,time_cycles
0,56962
page_index,time_cycles
0,39412
page_index,time_cycles
0,34882
page_index,time_cycles
0,43716
page_index,time_cycles
0,38876
page_index,time_cycles
0,37634
page_index,time_cycles
0,45764
page_index,time_cycles
0,40748
page_index,time_cycles
0,34420
page_index,time_cycles
0,71660
page_index,time_cycles
0,42358
page_index,time_cycles
0,35120
page_index,time_cycles
0,43232
page_index,time_cycles
0,38070
page_index,time_cycles
0,58394
page_index,time_cycles
0,35362
page_index,time_cycles
0,41852
page_index,time_cycles
0,42444
page_index,time_cycles
0,45510
page_index,time_cycles
0,35504
page_index,time_cycles
0,49338
page_index,time_cycles
0,44454
page_index,time_cycles
0,39282
page_index,time_cycles
0,60176
page_index,time_cycles
0,47150
page_index,time_cycles
0,38642
page_index,time_cycles
0,41058
page_index,time_cycles
0,48728
page_index,time_cycles
0,43434
page_index,time_cycles
0,54560
page_index,time_cycles
0,42902
page_index,time_cycles
0,35542
page_index,time_cycles
0,37332
page_index,time_cycles
0,46992
page_index,time_cycles
0,34492
page_index,time_cycles
0,42524
page_index,time_cycles
0,34806
page_index,time_cycles
0,46932
page_index,time_cycles
0,42650
page_index,time_cycles
0,40608
page_index,time_cycles
0,43120
page_index,time_cycles
0,38434
page_index,time_cycles
0,76596
page_index,time_cycles
0,37446
page_index,time_cycles
0,40810
page_index,time_cycles
0,35468
page_index,time_cycles
0,37966
page_index,time_cycles
0,44344
page_index,time_cycles
0,44238
page_index,time_cycles
0,74738
page_index,time_cycles
0,40866
page_index,time_cycles
0,80626
page_index,time_cycles
0,37098
page_index,time_cycles
0,32840
page_index,time_cycles
0,36576
page_index,time_cycles
0,44072
page_index,time_cycles
0,40432
page_index,time_cycles
0,36806
page_index,time_cycles
0,35128
page_index,time_cycles
0,41362
page_index,time_cycles
0,56042
page_index,time_cycles
0,47444
page_index,time_cycles
0,40510
page_index,time_cycles
0,35594
page_index,time_cycles
0,43410
page_index,time_cycles
0,42262
page_index,time_cycles
0,34308
page_index,time_cycles
0,36760
page_index,time_cycles
0,43088
page_index,time_cycles
0,45248
page_index,time_cycles
0,44246
page_index,time_cycles
0,93832
page_index,time_cycles
0,44132
page_index,time_cycles
0,35644
page_index,time_cycles
0,58128
page_index,time_cycles
0,75174
page_index,time_cycles
0,44846
page_index,time_cycles
0,36738
page_index,time_cycles
0,44020
page_index,time_cycles
0,41336
page_index,time_cycles
0,40604
page_index,time_cycles
0,40588
page_index,time_cycles
0,37420
page_index,time_cycles
0,49958
page_index,time_cycles
0,35194
page_index,time_cycles
0,72954
page_index,time_cycles
0,42178
page_index,time_cycles
0,48960
page_index,time_cycles
0,34362
page_index,time_cycles
0,37414
page_index,time_cycles
0,40592
page_index,time_cycles
0,39136
page_index,time_cycles
0,38050
page_index,time_cycles
0,40710
page_index,time_cycles
0,34446
page_index,time_cycles
0,34938
page_index,time_cycles
0,41996
page_index,time_cycles
0,42662
page_index,time_cycles
0,39234
page_index,time_cycles
0,45042
page_index,time_cycles
0,43628
page_index,time_cycles
0,42476
page_index,time_cycles
0,34228
page_index,time_cycles
0,39356
page_index,time_cycles
0,37154
page_index,time_cycles
0,36616
page_index,time_cycles
0,37440
page_index,time_cycles
0,41312
page_index,time_cycles
0,36814
page_index,time_cycles
0,42030
page_index,time_cycles
0,41930
page_index,time_cycles
0,55724
page_index,time_cycles
0,41076
page_index,time_cycles
0,37312
page_index,time_cycles
0,44118
page_index,time_cycles
0,56796
page_index,time_cycles
0,36232
page_index,time_cycles
0,34920
page_index,time_cycles
0,47296
page_index,time_cycles
0,39308
page_index,time_cycles
0,56310
page_index,time_cycles
0,42284
page_index,time_cycles
0,39578
page_index,time_cycles
0,35774
page_index,time_cycles
0,41794
page_index,time_cycles
0,69532
page_index,time_cycles
0,34560
page_index,time_cycles
0,42114
page_index,time_cycles
0,58206
page_index,time_cycles
0,43010
page_index,time_cycles
0,37896
page_index,time_cycles
0,76498
page_index,time_cycles
0,37250
page_index,time_cycles
0,43404
page_index,time_cycles
0,37324
page_index,time_cycles
0,54994
page_index,time_cycles
0,38912
page_index,time_cycles
0,35570
page_index,time_cycles
0,38522
page_index,time_cycles
0,40560
page_index,time_cycles
0,44040
page_index,time_cycles
0,33598
page_index,time_cycles
0,52634
page_index,time_cycles
0,42426
page_index,time_cycles
0,34792
page_index,time_cycles
0,39618
page_index,time_cycles
0,46836
page_index,time_cycles
0,40958
page_index,time_cycles
0,33048
page_index,time_cycles
0,41204
page_index,time_cycles
0,42472
page_index,time_cycles
0,35944
page_index,time_cycles
0,34934
page_index,time_cycles
0,33238
page_index,time_cycles
0,45842
page_index,time_cycles
0,38958
page_index,time_cycles
0,35790
page_index,time_cycles
0,44390
page_index,time_cycles
0,40568
page_index,time_cycles
0,37136
page_index,time_cycles
0,44934
page_index,time_cycles
0,47180
page_index,time_cycles
0,53864
page_index,time_cycles
0,33178
page_index,time_cycles
0,39718
page_index,time_cycles
0,41868
page_index,time_cycles
0,40702
page_index,time_cycles
0,50780
page_index,time_cycles
0,35720
page_index,time_cycles
0,52636
page_index,time_cycles
0,38978
page_index,time_cycles
0,71700
page_index,time_cycles
0,35942
page_index,time_cycles
0,31744
page_index,time_cycles
0,42482
page_index,time_cycles
0,40954
page_index,time_cycles
0,49214
page_index,time_cycles
0,37518
page_index,time_cycles
0,39680
page_index,time_cycles
0,41266
page_index,time_cycles
0,34406
page_index,time_cycles
0,38144
page_index,time_cycles
0,39182
page_index,time_cycles
0,43466
page_index,time_cycles
0,37118
page_index,time_cycles
0,35416
page_index,time_cycles
0,45350
page_index,time_cycles
0,34244
page_index,time_cycles
0,40816
page_index,time_cycles
0,64520
page_index,time_cycles
0,128062
page_index,time_cycles
0,53296
page_index,time_cycles
0,36642
page_index,time_cycles
0,36278
page_index,time_cycles
0,58170
page_index,time_cycles
0,63378
page_index,time_cycles
0,43296
page_index,time_cycles
0,35340
page_index,time_cycles
0,51162
page_index,time_cycles
0,44142
page_index,time_cycles
0,35440
page_index,time_cycles
0,47552
page_index,time_cycles
0,36796
page_index,time_cycles
0,44590
page_index,time_cycles
0,35714
page_index,time_cycles
0,52972
page_index,time_cycles
0,35868
page_index,time_cycles
0,36864
page_index,time_cycles
0,62258
page_index,time_cycles
0,42058
page_index,time_cycles
0,38146
page_index,time_cycles
0,42186
page_index,time_cycles
0,31226
page_index,time_cycles
0,42400
page_index,time_cycles
0,38000
page_index,time_cycles
0,48104
page_index,time_cycles
0,34140
page_index,time_cycles
0,36932
page_index,time_cycles
0,41960
page_index,time_cycles
0,35280
page_index,time_cycles
0,41414
page_index,time_cycles
0,71430
page_index,time_cycles
0,65028
page_index,time_cycles
0,52398
page_index,time_cycles
0,35220
page_index,time_cycles
0,40626
page_index,time_cycles
0,35858
page_index,time_cycles
0,41890
page_index,time_cycles
0,44790
page_index,time_cycles
0,55614
page_index,time_cycles
0,40668
page_index,time_cycles
0,38396
page_index,time_cycles
0,36680
page_index,time_cycles
0,55006
page_index,time_cycles
0,35644
page_index,time_cycles
0,35682
page_index,time_cycles
0,44958
page_index,time_cycles
0,40440
page_index,time_cycles
0,61044
page_index,time_cycles
0,38674
page_index,time_cycles
0,37426
page_index,time_cycles
0,38250
page_index,time_cycles
0,35862
page_index,time_cycles
0,38538
page_index,time_cycles
0,37918
page_index,time_cycles
0,42376
page_index,time_cycles
0,68462
page_index,time_cycles
0,44438
page_index,time_cycles
0,34244
page_index,time_cycles
0,35224
page_index,time_cycles
0,43998
page_index,time_cycles
0,36188
page_index,time_cycles
0,39368
page_index,time_cycles
0,48748
page_index,time_cycles
0,34866
page_index,time_cycles
0,38030
page_index,time_cycles
0,41920
page_index,time_cycles
0,34326
page_index,time_cycles
0,44408
page_index,time_cycles
0,41402
page_index,time_cycles
0,36574
page_index,time_cycles
0,34824
page_index,time_cycles
0,35942
page_index,time_cycles
0,36116
page_index,time_cycles
0,37760
page_index,time_cycles
0,47880
page_index,time_cycles
0,37158
page_index,time_cycles
0,56214
page_index,time_cycles
0,38196
page_index,time_cycles
0,34526
page_index,time_cycles
0,43422
page_index,time_cycles
0,41884
page_index,time_cycles
0,38046
page_index,time_cycles
0,42496
page_index,time_cycles
0,37470
page_index,time_cycles
0,35660
page_index,time_cycles
0,40072
page_index,time_cycles
0,35538
page_index,time_cycles
0,41074
page_index,time_cycles
0,38470
page_index,time_cycles
0,35626
page_index,time_cycles
0,66952
page_index,time_cycles
0,34984
page_index,time_cycles
0,33486
page_index,time_cycles
0,42782
page_index,time_cycles
0,44738
page_index,time_cycles
0,43348
page_index,time_cycles
0,36850
page_index,time_cycles
0,43400
page_index,time_cycles
0,48250
page_index,time_cycles
0,42110
page_index,time_cycles
0,44972
page_index,time_cycles
0,41548
page_index,time_cycles
0,61882
page_index,time_cycles
0,42970
page_index,time_cycles
0,60600
page_index,time_cycles
0,36038
page_index,time_cycles
0,43272
page_index,time_cycles
0,36834
page_index,time_cycles
0,58998
page_index,time_cycles
0,61600
page_index,time_cycles
0,37340
page_index,time_cycles
0,35998
page_index,time_cycles
0,35286
page_index,time_cycles
0,41464
page_index,time_cycles
0,85248
page_index,time_cycles
0,35650
page_index,time_cycles
0,36796
page_index,time_cycles
0,41606
page_index,time_cycles
0,41860
page_index,time_cycles
0,33792
page_index,time_cycles
0,35666
page_index,time_cycles
0,49046
page_index,time_cycles
0,45470
page_index,time_cycles
0,59302
page_index,time_cycles
0,45094
page_index,time_cycles
0,45790
page_index,time_cycles
0,44772
page_index,time_cycles
0,60062
page_index,time_cycles
0,44838
page_index,time_cycles
0,49582
page_index,time_cycles
0,43088
page_index,time_cycles
0,42220
page_index,time_cycles
0,36520
page_index,time_cycles
0,39256
page_index,time_cycles
0,44092
page_index,time_cycles
0,38186
page_index,time_cycles
0,35918
page_index,time_cycles
0,43684
page_index,time_cycles
0,45258
page_index,time_cycles
0,34282
page_index,time_cycles
0,44212
page_index,time_cycles
0,40902
page_index,time_cycles
0,44642
page_index,time_cycles
0,51578
page_index,time_cycles
0,34454
page_index,time_cycles
0,40096
page_index,time_cycles
0,46502
page_index,time_cycles
0,36374
page_index,time_cycles
0,33554
page_index,time_cycles
0,41222
page_index,time_cycles
0,34924
page_index,time_cycles
0,56784
page_index,time_cycles
0,33466
page_index,time_cycles
0,46076
page_index,time_cycles
0,39076
page_index,time_cycles
0,37112
page_index,time_cycles
0,41230
page_index,time_cycles
0,34342
page_index,time_cycles
0,42104
page_index,time_cycles
0,38964
page_index,time_cycles
0,43548
page_index,time_cycles
0,35928
page_index,time_cycles
0,86514
page_index,time_cycles
0,39556
page_index,time_cycles
0,35734
page_index,time_cycles
0,36840
page_index,time_cycles
0,39948
page_index,time_cycles
0,43212
page_index,time_cycles
0,42352
page_index,time_cycles
0,49228
page_index,time_cycles
0,41102
page_index,time_cycles
0,36082
page_index,time_cycles
0,42720
page_index,time_cycles
0,42350
page_index,time_cycles
0,35450
page_index,time_cycles
0,35852
page_index,time_cycles
0,39732
page_index,time_cycles
0,34312
page_index,time_cycles
0,43218
page_index,time_cycles
0,34396
page_index,time_cycles
0,48254
page_index,time_cycles
0,39786
page_index,time_cycles
0,41844
page_index,time_cycles
0,41764
page_index,time_cycles
0,35464
page_index,time_cycles
0,40444
page_index,time_cycles
0,37398
page_index,time_cycles
0,40078
page_index,time_cycles
0,41518
page_index,time_cycles
0,35526
page_index,time_cycles
0,37992
page_index,time_cycles
0,39146
page_index,time_cycles
0,55120
page_index,time_cycles
0,40008
page_index,time_cycles
0,42904
page_index,time_cycles
0,53926
page_index,time_cycles
0,40720
page_index,time_cycles
0,33994
page_index,time_cycles
0,37970
page_index,time_cycles
0,36818
page_index,time_cycles
0,44900
page_index,time_cycles
0,49690
page_index,time_cycles
0,58126
page_index,time_cycles
0,37268
page_index,time_cycles
0,39818
page_index,time_cycles
0,37940
page_index,time_cycles
0,37106
page_index,time_cycles
0,44766
page_index,time_cycles
0,42786
page_index,time_cycles
0,41766
page_index,time_cycles
0,42232
page_index,time_cycles
0,44236
page_index,time_cycles
0,33850
page_index,time_cycles
0,49474
page_index,time_cycles
0,42000
page_index,time_cycles
0,32490
page_index,time_cycles
0,38724
page_index,time_cycles
0,40672
page_index,time_cycles
0,46394
page_index,time_cycles
0,45888
page_index,time_cycles
0,69686
page_index,time_cycles
0,44030
page_index,time_cycles
0,34372
page_index,time_cycles
0,60668
page_index,time_cycles
0,41352
page_index,time_cycles
0,43414
page_index,time_cycles
0,37882
page_index,time_cycles
0,35194
page_index,time_cycles
0,43590
page_index,time_cycles
0,34966
page_index,time_cycles
0,72452
page_index,time_cycles
0,34150
page_index,time_cycles
0,73090
page_index,time_cycles
0,42940
page_index,time_cycles
0,39378
page_index,time_cycles
0,42644
page_index,time_cycles
0,38956
page_index,time_cycles
0,52388
page_index,time_cycles
0,42588
page_index,time_cycles
0,38720
page_index,time_cycles
0,60680
page_index,time_cycles
0,77262
page_index,time_cycles
0,44240
page_index,time_cycles
0,42770
page_index,time_cycles
0,35314
page_index,time_cycles
0,34196
page_index,time_cycles
0,35992
page_index,time_cycles
0,41168
page_index,time_cycles
0,40766
page_index,time_cycles
0,34704
page_index,time_cycles
0,70046
page_index,time_cycles
0,37142
page_index,time_cycles
0,62558
page_index,time_cycles
0,56992
page_index,time_cycles
0,37348
page_index,time_cycles
0,42952
page_index,time_cycles
0,35146
page_index,time_cycles
0,35156
page_index,time_cycles
0,46748
page_index,time_cycles
0,38368
page_index,time_cycles
0,44258
page_index,time_cycles
0,75336
page_index,time_cycles
0,50496
page_index,time_cycles
0,37432
page_index,time_cycles
0,35982
page_index,time_cycles
0,36500
page_index,time_cycles
0,51870
page_index,time_cycles
0,41390
page_index,time_cycles
0,37666
page_index,time_cycles
0,40086
page_index,time_cycles
0,37578
page_index,time_cycles
0,43760
page_index,time_cycles
0,44734
page_index,time_cycles
0,41260
page_index,time_cycles
0,33458
page_index,time_cycles
0,43894
page_index,time_cycles
0,50798
page_index,time_cycles
0,40952
page_index,time_cycles
0,44902
page_index,time_cycles
0,35336
page_index,time_cycles
0,35728
page_index,time_cycles
0,37574
page_index,time_cycles
0,38918
page_index,time_cycles
0,37268
page_index,time_cycles
0,41614
page_index,time_cycles
0,46134
page_index,time_cycles
0,42518
page_index,time_cycles
0,48544
page_index,time_cycles
0,34502
page_index,time_cycles
0,35700
page_index,time_cycles
0,34856
page_index,time_cycles
0,41040
page_index,time_cycles
0,54404
page_index,time_cycles
0,34094
page_index,time_cycles
0,34712
page_index,time_cycles
0,36560
page_index,time_cycles
0,41240
page_index,time_cycles
0,41584
page_index,time_cycles
0,55840
page_index,time_cycles
0,37536
page_index,time_cycles
0,35814
page_index,time_cycles
0,44928
page_index,time_cycles
0,52770
page_index,time_cycles
0,36256
page_index,time_cycles
0,47388
page_index,time_cycles
0,37572
page_index,time_cycles
0,42888
page_index,time_cycles
0,40112
page_index,time_cycles
0,42394
page_index,time_cycles
0,53278
page_index,time_cycles
0,40096
page_index,time_cycles
0,37850
page_index,time_cycles
0,39926
page_index,time_cycles
0,42202
page_index,time_cycles
0,35692
page_index,time_cycles
0,43800
page_index,time_cycles
0,42242
page_index,time_cycles
0,40692
page_index,time_cycles
0,42922
page_index,time_cycles
0,42114
page_index,time_cycles
0,37412
page_index,time_cycles
0,41464
page_index,time_cycles
0,36154
page_index,time_cycles
0,35698
page_index,time_cycles
0,40236
page_index,time_cycles
0,34692
page_index,time_cycles
0,42260
page_index,time_cycles
0,39170
page_index,time_cycles
0,42352
page_index,time_cycles
0,37366
page_index,time_cycles
0,42006
page_index,time_cycles
0,34290
page_index,time_cycles
0,41234
page_index,time_cycles
0,39166
page_index,time_cycles
0,41940
page_index,time_cycles
0,66594
page_index,time_cycles
0,47064
page_index,time_cycles
0,35792
page_index,time_cycles
0,43164
page_index,time_cycles
0,42482
page_index,time_cycles
0,58264
page_index,time_cycles
0,45668
page_index,time_cycles
0,38460
page_index,time_cycles
0,60460
page_index,time_cycles
0,61044
page_index,time_cycles
0,48826
page_index,time_cycles
0,42670
page_index,time_cycles
0,40176
page_index,time_cycles
0,41174
page_index,time_cycles
0,60878
page_index,time_cycles
0,37462
page_index,time_cycles
0,42820
page_index,time_cycles
0,53580
page_index,time_cycles
0,42056
page_index,time_cycles
0,43226
page_index,time_cycles
0,34466
page_index,time_cycles
0,61576
page_index,time_cycles
0,56854
page_index,time_cycles
0,40254
page_index,time_cycles
0,38838
page_index,time_cycles
0,33908
page_index,time_cycles
0,42074
page_index,time_cycles
0,35214
page_index,time_cycles
0,33986
page_index,time_cycles
0,69088
page_index,time_cycles
0,34978
page_index,time_cycles
0,53302
page_index,time_cycles
0,38454
page_index,time_cycles
0,33448
page_index,time_cycles
0,45088
page_index,time_cycles
0,34770
page_index,time_cycles
0,41682
page_index,time_cycles
0,35152
page_index,time_cycles
0,44002
page_index,time_cycles
0,43048
page_index,time_cycles
0,44364
page_index,time_cycles
0,45558
page_index,time_cycles
0,36944
page_index,time_cycles
0,37218
page_index,time_cycles
0,38304
page_index,time_cycles
0,52334
page_index,time_cycles
0,41654
page_index,time_cycles
0,41078
page_index,time_cycles
0,43720
page_index,time_cycles
0,51178
page_index,time_cycles
0,37044
page_index,time_cycles
0,56204
page_index,time_cycles
0,38750
page_index,time_cycles
0,44714
page_index,time_cycles
0,37042
page_index,time_cycles
0,43720
page_index,time_cycles
0,42082
page_index,time_cycles
0,37042
page_index,time_cycles
0,37952
page_index,time_cycles
0,43232
page_index,time_cycles
0,43424
page_index,time_cycles
0,38002
page_index,time_cycles
0,43478
page_index,time_cycles
0,41662
page_index,time_cycles
0,38788
page_index,time_cycles
0,37260
page_index,time_cycles
0,39258
page_index,time_cycles
0,34516
page_index,time_cycles
0,36926
page_index,time_cycles
0,35406
page_index,time_cycles
0,63562
page_index,time_cycles
0,35748
page_index,time_cycles
0,43046
page_index,time_cycles
0,41790
page_index,time_cycles
0,35232
page_index,time_cycles
0,35210
page_index,time_cycles
0,42238
page_index,time_cycles
0,37680
page_index,time_cycles
0,50276
page_index,time_cycles
0,47924
page_index,time_cycles
0,53420
page_index,time_cycles
0,35498
page_index,time_cycles
0,35212
page_index,time_cycles
0,40576
page_index,time_cycles
0,34498
page_index,time_cycles
0,51056
page_index,time_cycles
0,38380
page_index,time_cycles
0,57264
page_index,time_cycles
0,48510
page_index,time_cycles
0,45080
page_index,time_cycles
0,58130
page_index,time_cycles
0,44670
page_index,time_cycles
0,34968
page_index,time_cycles
0,34452
page_index,time_cycles
0,42734
page_index,time_cycles
0,36080
page_index,time_cycles
0,55680
page_index,time_cycles
0,40736
page_index,time_cycles
0,43048
page_index,time_cycles
0,36026
page_index,time_cycles
0,73890
page_index,time_cycles
0,35558
page_index,time_cycles
0,35340
page_index,time_cycles
0,35200
page_index,time_cycles
0,43346
page_index,time_cycles
0,35106
page_index,time_cycles
0,61262
page_index,time_cycles
0,40896
page_index,time_cycles
0,89270
page_index,time_cycles
0,35644
page_index,time_cycles
0,35702
page_index,time_cycles
0,42492
page_index,time_cycles
0,37164
page_index,time_cycles
0,44404
page_index,time_cycles
0,44168
page_index,time_cycles
0,57054
page_index,time_cycles
0,38758
page_index,time_cycles
0,55910
page_index,time_cycles
0,37490
page_index,time_cycles
0,49868
page_index,time_cycles
0,43546
page_index,time_cycles
0,32488
page_index,time_cycles
0,57940
page_index,time_cycles
0,35146
page_index,time_cycles
0,40546
page_index,time_cycles
0,37756
page_index,time_cycles
0,35416
page_index,time_cycles
0,43356
page_index,time_cycles
0,42168
page_index,time_cycles
0,42816
page_index,time_cycles
0,50000
page_index,time_cycles
0,39218
page_index,time_cycles
0,43206
page_index,time_cycles
0,48806
page_index,time_cycles
0,39372
page_index,time_cycles
0,35786
page_index,time_cycles
0,45052
page_index,time_cycles
0,41060
page_index,time_cycles
0,37090
page_index,time_cycles
0,45156
page_index,time_cycles
0,46090
page_index,time_cycles
0,79196
page_index,time_cycles
0,54072
page_index,time_cycles
0,37698
page_index,time_cycles
0,41960
page_index,time_cycles
0,72698
page_index,time_cycles
0,44030
page_index,time_cycles
0,50716
page_index,time_cycles
0,41944
page_index,time_cycles
0,51680
page_index,time_cycles
0,37896
page_index,time_cycles
0,42440
page_index,time_cycles
0,42246
page_index,time_cycles
0,34202
page_index,time_cycles
0,56594
page_index,time_cycles
0,57662
page_index,time_cycles
0,35378
page_index,time_cycles
0,35480
page_index,time_cycles
0,40842
page_index,time_cycles
0,33136
page_index,time_cycles
0,40686
page_index,time_cycles
0,46550
page_index,time_cycles
0,35098
page_index,time_cycles
0,35262
page_index,time_cycles
0,46288
page_index,time_cycles
0,74262
page_index,time_cycles
0,35080
page_index,time_cycles
0,36822
page_index,time_cycles
0,45378
page_index,time_cycles
0,324746
page_index,time_cycles
0,37570
page_index,time_cycles
0,37890
page_index,time_cycles
0,43822
page_index,time_cycles
0,44198
page_index,time_cycles
0,42614
page_index,time_cycles
0,36158
page_index,time_cycles
0,37880
page_index,time_cycles
0,42454
page_index,time_cycles
0,53696
page_index,time_cycles
0,42912
page_index,time_cycles
0,38018
page_index,time_cycles
0,34790
page_index,time_cycles
0,40860
page_index,time_cycles
0,41382
page_index,time_cycles
0,43334
page_index,time_cycles
0,36828
page_index,time_cycles
0,41570
page_index,time_cycles
0,35496
page_index,time_cycles
0,36012
page_index,time_cycles
0,33914
page_index,time_cycles
0,49968
page_index,time_cycles
0,34332
page_index,time_cycles
0,44906
page_index,time_cycles
0,35020
page_index,time_cycles
0,42930
page_index,time_cycles
0,39666
page_index,time_cycles
0,36486
page_index,time_cycles
0,35626
page_index,time_cycles
0,34626
page_index,time_cycles
0,59922
page_index,time_cycles
0,44470
page_index,time_cycles
0,47344
page_index,time_cycles
0,44306
page_index,time_cycles
0,43160
page_index,time_cycles
0,41292
page_index,time_cycles
0,41324
page_index,time_cycles
0,38760
page_index,time_cycles
0,44806
page_index,time_cycles
0,36258
page_index,time_cycles
0,33808
page_index,time_cycles
0,43024
page_index,time_cycles
0,36558
page_index,time_cycles
0,36878
page_index,time_cycles
0,36314
page_index,time_cycles
0,35582
page_index,time_cycles
0,35800
page_index,time_cycles
0,35514
page_index,time_cycles
0,40766
page_index,time_cycles
0,40216
page_index,time_cycles
0,37866
page_index,time_cycles
0,37048
page_index,time_cycles
0,35246
page_index,time_cycles
0,78068
page_index,time_cycles
0,42736
page_index,time_cycles
0,34710
page_index,time_cycles
0,37542
page_index,time_cycles
0,50758
page_index,time_cycles
0,55790
page_index,time_cycles
0,42304
page_index,time_cycles
0,42806
page_index,time_cycles
0,41204
page_index,time_cycles
0,39704
page_index,time_cycles
0,43914
page_index,time_cycles
0,35638
page_index,time_cycles
0,35498
page_index,time_cycles
0,34796
page_index,time_cycles
0,35598
page_index,time_cycles
0,41642
page_index,time_cycles
0,34270
page_index,time_cycles
0,47482
page_index,time_cycles
0,36760
page_index,time_cycles
0,40790
page_index,time_cycles
0,63968
page_index,time_cycles
0,54446
page_index,time_cycles
0,47110
page_index,time_cycles
0,48312
page_index,time_cycles
0,46978
page_index,time_cycles
0,33346
page_index,time_cycles
0,52274
page_index,time_cycles
0,36292
page_index,time_cycles
0,34244
page_index,time_cycles
0,36516
page_index,time_cycles
0,36230
page_index,time_cycles
0,56430
page_index,time_cycles
0,60580
page_index,time_cycles
0,37544
page_index,time_cycles
0,51460
page_index,time_cycles
0,45902
page_index,time_cycles
0,34484
page_index,time_cycles
0,35314
page_index,time_cycles
0,34002
page_index,time_cycles
0,59406
page_index,time_cycles
0,45010
page_index,time_cycles
0,34216
page_index,time_cycles
0,42936
page_index,time_cycles
0,40888
page_index,time_cycles
0,43276
page_index,time_cycles
0,36994
page_index,time_cycles
0,34774
page_index,time_cycles
0,35660
page_index,time_cycles
0,53072
page_index,time_cycles
0,44860
page_index,time_cycles
0,36216
page_index,time_cycles
0,42596
page_index,time_cycles
0,38500
page_index,time_cycles
0,43680
page_index,time_cycles
0,42262
page_index,time_cycles
0,35874
page_index,time_cycles
0,58214
page_index,time_cycles
0,57356
page_index,time_cycles
0,37748
page_index,time_cycles
0,40866
page_index,time_cycles
0,45452
page_index,time_cycles
0,45232
page_index,time_cycles
0,48158
page_index,time_cycles
0,42202
page_index,time_cycles
0,37838
page_index,time_cycles
0,41092
page_index,time_cycles
0,46354
page_index,time_cycles
0,57452
page_index,time_cycles
0,36814
page_index,time_cycles
0,43670
page_index,time_cycles
0,43940
page_index,time_cycles
0,36084
page_index,time_cycles
0,38402
page_index,time_cycles
0,35458
page_index,time_cycles
0,40404
page_index,time_cycles
0,35060
page_index,time_cycles
0,36260
page_index,time_cycles
0,44144
page_index,time_cycles
0,43984
page_index,time_cycles
0,36056
page_index,time_cycles
0,55990
page_index,time_cycles
0,36952
page_index,time_cycles
0,36564
page_index,time_cycles
0,36528
page_index,time_cycles
0,35988
page_index,time_cycles
0,39950
page_index,time_cycles
0,36018
page_index,time_cycles
0,37108
page_index,time_cycles
0,43936
page_index,time_cycles
0,40314
page_index,time_cycles
0,43788
page_index,time_cycles
0,39136
page_index,time_cycles
0,42390
page_index,time_cycles
0,60150
page_index,time_cycles
0,34076
page_index,time_cycles
0,37680
page_index,time_cycles
0,37480
page_index,time_cycles
0,36982
page_index,time_cycles
0,33658
page_index,time_cycles
0,43874
page_index,time_cycles
0,41982
page_index,time_cycles
0,50120
page_index,time_cycles
0,51770
page_index,time_cycles
0,36222
page_index,time_cycles
0,37372
page_index,time_cycles
0,34014
page_index,time_cycles
0,41808
page_index,time_cycles
0,48688
page_index,time_cycles
0,48968
page_index,time_cycles
0,36120
page_index,time_cycles
0,59288
page_index,time_cycles
0,35362
page_index,time_cycles
0,43816
page_index,time_cycles
0,37282
page_index,time_cycles
0,33806
page_index,time_cycles
0,39760
page_index,time_cycles
0,37382
page_index,time_cycles
0,41244
page_index,time_cycles
0,35824
page_index,time_cycles
0,38862
page_index,time_cycles
0,40548
page_index,time_cycles
0,45694
page_index,time_cycles
0,37984
page_index,time_cycles
0,35858
page_index,time_cycles
0,36088
page_index,time_cycles
0,38622
page_index,time_cycles
0,36006
page_index,time_cycles
0,33444
page_index,time_cycles
0,36390
page_index,time_cycles
0,51818
page_index,time_cycles
0,40444
page_index,time_cycles
0,44312
page_index,time_cycles
0,43884
page_index,time_cycles
0,50956
page_index,time_cycles
0,50334
page_index,time_cycles
0,36952
page_index,time_cycles
0,43260
page_index,time_cycles
0,41638
page_index,time_cycles
0,35118
page_index,time_cycles
0,48988
page_index,time_cycles
0,40764
page_index,time_cycles
0,49682
page_index,time_cycles
0,41692
page_index,time_cycles
0,34054
page_index,time_cycles
0,38406
page_index,time_cycles
0,42956
page_index,time_cycles
0,43042
page_index,time_cycles
0,40764
page_index,time_cycles
0,45200
page_index,time_cycles
0,36832
page_index,time_cycles
0,34230
page_index,time_cycles
0,117082
page_index,time_cycles
0,52550
page_index,time_cycles
0,49372
page_index,time_cycles
0,37094
page_index,time_cycles
0,60394
page_index,time_cycles
0,47718
page_index,time_cycles
0,35446
page_index,time_cycles
0,59806
page_index,time_cycles
0,41774
page_index,time_cycles
0,44222
page_index,time_cycles
0,85860
page_index,time_cycles
0,54758
page_index,time_cycles
0,42584
page_index,time_cycles
0,42008
page_index,time_cycles
0,36406
page_index,time_cycles
0,45170
page_index,time_cycles
0,44048
page_index,time_cycles
0,37436
page_index,time_cycles
0,44176
page_index,time_cycles
0,44212
page_index,time_cycles
0,33934
page_index,time_cycles
0,45638
page_index,time_cycles
0,56360
page_index,time_cycles
0,45502
page_index,time_cycles
0,32792
page_index,time_cycles
0,41494
page_index,time_cycles
0,51734
page_index,time_cycles
0,42048
page_index,time_cycles
0,50222
page_index,time_cycles
0,48796
page_index,time_cycles
0,34808
page_index,time_cycles
0,43210
page_index,time_cycles
0,46092
page_index,time_cycles
0,43490
page_index,time_cycles
0,38590
page_index,time_cycles
0,42414
page_index,time_cycles
0,44084
page_index,time_cycles
0,35686
page_index,time_cycles
0,47242
page_index,time_cycles
0,42272
page_index,time_cycles
0,35222
page_index,time_cycles
0,40834
page_index,time_cycles
0,41296
page_index,time_cycles
0,34794
page_index,time_cycles
0,35268
page_index,time_cycles
0,43830
page_index,time_cycles
0,34562
page_index,time_cycles
0,38064
page_index,time_cycles
0,39196
page_index,time_cycles
0,40124
page_index,time_cycles
0,44928
page_index,time_cycles
0,41618
page_index,time_cycles
0,58390
page_index,time_cycles
0,40428
page_index,time_cycles
0,41070
page_index,time_cycles
0,61172
page_index,time_cycles
0,60070
page_index,time_cycles
0,36394
page_index,time_cycles
0,40938
page_index,time_cycles
0,43278
page_index,time_cycles
0,33932
page_index,time_cycles
0,41472
page_index,time_cycles
0,40268
page_index,time_cycles
0,41298
page_index,time_cycles
0,36264
page_index,time_cycles
0,137052
page_index,time_cycles
0,39432
page_index,time_cycles
0,42334
page_index,time_cycles
0,54278
page_index,time_cycles
0,291484
page_index,time_cycles
0,35788
page_index,time_cycles
0,34770
page_index,time_cycles
0,33858
page_index,time_cycles
0,46134
page_index,time_cycles
0,37094
page_index,time_cycles
0,45762
page_index,time_cycles
0,36102
page_index,time_cycles
0,41546
page_index,time_cycles
0,34476
page_index,time_cycles
0,41962
page_index,time_cycles
0,37266
page_index,time_cycles
0,52656
page_index,time_cycles
0,56782
page_index,time_cycles
0,51916
page_index,time_cycles
0,35954
page_index,time_cycles
0,34354
page_index,time_cycles
0,36826
page_index,time_cycles
0,35706
page_index,time_cycles
0,44116
page_index,time_cycles
0,35838
page_index,time_cycles
0,38194
page_index,time_cycles
0,38296
page_index,time_cycles
0,49760
page_index,time_cycles
0,35310
page_index,time_cycles
0,35498
page_index,time_cycles
0,35230
page_index,time_cycles
0,40574
page_index,time_cycles
0,41370
page_index,time_cycles
0,36206
page_index,time_cycles
0,39042
page_index,time_cycles
0,44432
page_index,time_cycles
0,38970
page_index,time_cycles
0,44176
page_index,time_cycles
0,37736
page_index,time_cycles
0,39844
page_index,time_cycles
0,36450
page_index,time_cycles
0,51264
page_index,time_cycles
0,44260
page_index,time_cycles
0,43940
page_index,time_cycles
0,35670
page_index,time_cycles
0,42776
page_index,time_cycles
0,34914
page_index,time_cycles
0,41634
page_index,time_cycles
0,36462
page_index,time_cycles
0,36864
page_index,time_cycles
0,40714
page_index,time_cycles
0,42066
page_index,time_cycles
0,37036
page_index,time_cycles
0,42360
page_index,time_cycles
0,49010
page_index,time_cycles
0,38080
page_index,time_cycles
0,40530
page_index,time_cycles
0,39180
page_index,time_cycles
0,35060
page_index,time_cycles
0,45366
page_index,time_cycles
0,39226
page_index,time_cycles
0,47824
page_index,time_cycles
0,41628
page_index,time_cycles
0,71616
page_index,time_cycles
0,34890
page_index,time_cycles
0,43382
page_index,time_cycles
0,38214
page_index,time_cycles
0,37356
page_index,time_cycles
0,44512
page_index,time_cycles
0,42916
page_index,time_cycles
0,43924
page_index,time_cycles
0,39588
page_index,time_cycles
0,45756
page_index,time_cycles
0,56838
page_index,time_cycles
0,41398
page_index,time_cycles
0,35514
page_index,time_cycles
0,42110
page_index,time_cycles
0,41710
page_index,time_cycles
0,34750
page_index,time_cycles
0,36344
page_index,time_cycles
0,71912
page_index,time_cycles
0,34792
page_index,time_cycles
0,40044
page_index,time_cycles
0,42790
page_index,time_cycles
0,41482
page_index,time_cycles
0,39236
page_index,time_cycles
0,36056
page_index,time_cycles
0,59422
page_index,time_cycles
0,34322
page_index,time_cycles
0,32898
page_index,time_cycles
0,36866
page_index,time_cycles
0,37842
page_index,time_cycles
0,43778
page_index,time_cycles
0,43730
page_index,time_cycles
0,36884
page_index,time_cycles
0,36936
page_index,time_cycles
0,35528
page_index,time_cycles
0,40922
page_index,time_cycles
0,38254
page_index,time_cycles
0,43262
page_index,time_cycles
0,43510
page_index,time_cycles
0,45858
page_index,time_cycles
0,38696
page_index,time_cycles
0,41312
page_index,time_cycles
0,33510
page_index,time_cycles
0,47564
page_index,time_cycles
0,33838
page_index,time_cycles
0,35064
page_index,time_cycles
0,35766
page_index,time_cycles
0,50874
page_index,time_cycles
0,39536
page_index,time_cycles
0,40442
page_index,time_cycles
0,39486
page_index,time_cycles
0,34578
page_index,time_cycles
0,37700
page_index,time_cycles
0,36396
page_index,time_cycles
0,42210
page_index,time_cycles
0,34698
page_index,time_cycles
0,75484
page_index,time_cycles
0,35198
page_index,time_cycles
0,38104
page_index,time_cycles
0,41918
page_index,time_cycles
0,40334
page_index,time_cycles
0,55134
page_index,time_cycles
0,48204
page_index,time_cycles
0,49996
page_index,time_cycles
0,34798
page_index,time_cycles
0,39442
page_index,time_cycles
0,44902
page_index,time_cycles
0,40442
page_index,time_cycles
0,35902
page_index,time_cycles
0,39738
page_index,time_cycles
0,43648
page_index,time_cycles
0,35624
page_index,time_cycles
0,40516
page_index,time_cycles
0,37052
page_index,time_cycles
0,47078
page_index,time_cycles
0,37060
page_index,time_cycles
0,49550
page_index,time_cycles
0,42604
page_index,time_cycles
0,35686
page_index,time_cycles
0,40860
page_index,time_cycles
0,54812
page_index,time_cycles
0,34478
page_index,time_cycles
0,42106
page_index,time_cycles
0,43798
page_index,time_cycles
0,61478
page_index,time_cycles
0,42700
page_index,time_cycles
0,37730
page_index,time_cycles
0,47608
page_index,time_cycles
0,35080
page_index,time_cycles
0,42370
page_index,time_cycles
0,39724
page_index,time_cycles
0,35666
page_index,time_cycles
0,44568
page_index,time_cycles
0,43540
page_index,time_cycles
0,36816
page_index,time_cycles
0,35768
page_index,time_cycles
0,40572
page_index,time_cycles
0,49056
page_index,time_cycles
0,37366
page_index,time_cycles
0,42152
page_index,time_cycles
0,35904
page_index,time_cycles
0,57610
page_index,time_cycles
0,45244
page_index,time_cycles
0,42946
page_index,time_cycles
0,41592
page_index,time_cycles
0,47538
page_index,time_cycles
0,34638
page_index,time_cycles
0,56960
page_index,time_cycles
0,53872
page_index,time_cycles
0,48214
page_index,time_cycles
0,31850
page_index,time_cycles
0,45786
page_index,time_cycles
0,42440
page_index,time_cycles
0,36484
page_index,time_cycles
0,33728
page_index,time_cycles
0,42856
page_index,time_cycles
0,66346
page_index,time_cycles
0,39656
page_index,time_cycles
0,35758
page_index,time_cycles
0,54292
page_index,time_cycles
0,36158
page_index,time_cycles
0,45716
page_index,time_cycles
0,37732
page_index,time_cycles
0,33414
page_index,time_cycles
0,36760
page_index,time_cycles
0,34604
page_index,time_cycles
0,35920
page_index,time_cycles
0,39502
page_index,time_cycles
0,35024
page_index,time_cycles
0,38286
page_index,time_cycles
0,41892
page_index,time_cycles
0,36472
page_index,time_cycles
0,35938
page_index,time_cycles
0,59876
page_index,time_cycles
0,43154
page_index,time_cycles
0,56428
page_index,time_cycles
0,42556
page_index,time_cycles
0,59518
page_index,time_cycles
0,45464
page_index,time_cycles
0,33646
page_index,time_cycles
0,36076
page_index,time_cycles
0,45034
page_index,time_cycles
0,36374
page_index,time_cycles
0,41932
page_index,time_cycles
0,34882
page_index,time_cycles
0,44886
page_index,time_cycles
0,55836
page_index,time_cycles
0,33646
page_index,time_cycles
0,34808
page_index,time_cycles
0,36022
page_index,time_cycles
0,56864
page_index,time_cycles
0,35650
page_index,time_cycles
0,33910
page_index,time_cycles
0,40696
page_index,time_cycles
0,43566
page_index,time_cycles
0,40430
page_index,time_cycles
0,73468
page_index,time_cycles
0,49416
page_index,time_cycles
0,35066
page_index,time_cycles
0,40460
page_index,time_cycles
0,38492
page_index,time_cycles
0,43580
page_index,time_cycles
0,37456
page_index,time_cycles
0,38914
page_index,time_cycles
0,33766
page_index,time_cycles
0,43476
page_index,time_cycles
0,63120
page_index,time_cycles
0,37846
page_index,time_cycles
0,41240
page_index,time_cycles
0,34246
page_index,time_cycles
0,37854
page_index,time_cycles
0,34858
page_index,time_cycles
0,35020
page_index,time_cycles
0,37010
page_index,time_cycles
0,41840
page_index,time_cycles
0,43114
page_index,time_cycles
0,36602
page_index,time_cycles
0,37644
page_index,time_cycles
0,46356
page_index,time_cycles
0,59184
page_index,time_cycles
0,41892
page_index,time_cycles
0,40346
page_index,time_cycles
0,43864
page_index,time_cycles
0,48444
page_index,time_cycles
0,46856
page_index,time_cycles
0,36844
page_index,time_cycles
0,34190
page_index,time_cycles
0,39298
page_index,time_cycles
0,50622
page_index,time_cycles
0,49612
page_index,time_cycles
0,42402
page_index,time_cycles
0,71438
page_index,time_cycles
0,35142
page_index,time_cycles
0,40998
page_index,time_cycles
0,38462
page_index,time_cycles
0,37136
page_index,time_cycles
0,49988
page_index,time_cycles
0,42274
page_index,time_cycles
0,45090
page_index,time_cycles
0,41758
page_index,time_cycles
0,36414
page_index,time_cycles
0,36738
page_index,time_cycles
0,42796
page_index,time_cycles
0,38374
page_index,time_cycles
0,37568
page_index,time_cycles
0,37374
page_index,time_cycles
0,41862
page_index,time_cycles
0,36694
page_index,time_cycles
0,38916
page_index,time_cycles
0,41854
page_index,time_cycles
0,37680
page_index,time_cycles
0,39596
page_index,time_cycles
0,48628
page_index,time_cycles
0,39102
page_index,time_cycles
0,47238
page_index,time_cycles
0,45290
page_index,time_cycles
0,41132
page_index,time_cycles
0,43544
page_index,time_cycles
0,34690
page_index,time_cycles
0,52962
page_index,time_cycles
0,42646
page_index,time_cycles
0,95856
page_index,time_cycles
0,36490
page_index,time_cycles
0,41768
page_index,time_cycles
0,36692
page_index,time_cycles
0,37050
page_index,time_cycles
0,34688
page_index,time_cycles
0,38792
page_index,time_cycles
0,35064
page_index,time_cycles
0,35322
page_index,time_cycles
0,46892
page_index,time_cycles
0,39584
page_index,time_cycles
0,36638
page_index,time_cycles
0,40694
page_index,time_cycles
0,36638
page_index,time_cycles
0,36222
page_index,time_cycles
0,60656
page_index,time_cycles
0,37124
page_index,time_cycles
0,37072
page_index,time_cycles
0,76970
page_index,time_cycles
0,42020
page_index,time_cycles
0,38404
page_index,time_cycles
0,82916
page_index,time_cycles
0,37296
page_index,time_cycles
0,39716
page_index,time_cycles
0,54200
page_index,time_cycles
0,351184
page_index,time_cycles
0,59462
page_index,time_cycles
0,73830
page_index,time_cycles
0,43130
page_index,time_cycles
0,41720
page_index,time_cycles
0,34028
page_index,time_cycles
0,35032
page_index,time_cycles
0,41074
page_index,time_cycles
0,36070
page_index,time_cycles
0,36514
page_index,time_cycles
0,57446
page_index,time_cycles
0,39368
page_index,time_cycles
0,37076
page_index,time_cycles
0,37704
page_index,time_cycles
0,40118
page_index,time_cycles
0,37322
page_index,time_cycles
0,37270
page_index,time_cycles
0,38444
page_index,time_cycles
0,40908
page_index,time_cycles
0,34438
page_index,time_cycles
0,32806
page_index,time_cycles
0,41724
page_index,time_cycles
0,39670
page_index,time_cycles
0,44626
page_index,time_cycles
0,50142
page_index,time_cycles
0,34770
page_index,time_cycles
0,42682
page_index,time_cycles
0,37302
page_index,time_cycles
0,53496
page_index,time_cycles
0,54398
page_index,time_cycles
0,49450
page_index,time_cycles
0,34770
page_index,time_cycles
0,39070
page_index,time_cycles
0,36488
page_index,time_cycles
0,36652
page_index,time_cycles
0,41586
page_index,time_cycles
0,38020
page_index,time_cycles
0,55732
page_index,time_cycles
0,41744
page_index,time_cycles
0,34184
page_index,time_cycles
0,39008
page_index,time_cycles
0,40588
page_index,time_cycles
0,38198
page_index,time_cycles
0,41166
page_index,time_cycles
0,42088
page_index,time_cycles
0,46042
page_index,time_cycles
0,36680
page_index,time_cycles
0,40984
page_index,time_cycles
0,36564
page_index,time_cycles
0,42476
page_index,time_cycles
0,43874
page_index,time_cycles
0,35308
page_index,time_cycles
0,40996
page_index,time_cycles
0,42636
page_index,time_cycles
0,53258
page_index,time_cycles
0,57454
page_index,time_cycles
0,41648
page_index,time_cycles
0,36440
page_index,time_cycles
0,41746
page_index,time_cycles
0,40512
page_index,time_cycles
0,41130
page_index,time_cycles
0,44278
page_index,time_cycles
0,109254
page_index,time_cycles
0,34486
page_index,time_cycles
0,41820
page_index,time_cycles
0,41376
page_index,time_cycles
0,44936
page_index,time_cycles
0,42188
page_index,time_cycles
0,59488
page_index,time_cycles
0,34770
page_index,time_cycles
0,40472
page_index,time_cycles
0,82134
page_index,time_cycles
0,51592
page_index,time_cycles
0,38462
page_index,time_cycles
0,41876
page_index,time_cycles
0,36596
page_index,time_cycles
0,38620
page_index,time_cycles
0,49428
page_index,time_cycles
0,51638
page_index,time_cycles
0,40898
page_index,time_cycles
0,40578
page_index,time_cycles
0,48344
page_index,time_cycles
0,37272
page_index,time_cycles
0,35964
page_index,time_cycles
0,43562
page_index,time_cycles
0,36914
page_index,time_cycles
0,52516
page_index,time_cycles
0,39354
page_index,time_cycles
0,32404
page_index,time_cycles
0,44798
page_index,time_cycles
0,35482
page_index,time_cycles
0,55876
page_index,time_cycles
0,42740
page_index,time_cycles
0,43438
page_index,time_cycles
0,42308
page_index,time_cycles
0,41384
page_index,time_cycles
0,36450
page_index,time_cycles
0,37390
page_index,time_cycles
0,39634
page_index,time_cycles
0,35496
page_index,time_cycles
0,36642
page_index,time_cycles
0,70984
page_index,time_cycles
0,45116
page_index,time_cycles
0,53896
page_index,time_cycles
0,48594
page_index,time_cycles
0,35020
page_index,time_cycles
0,47502
page_index,time_cycles
0,45200
page_index,time_cycles
0,55710
page_index,time_cycles
0,42686
page_index,time_cycles
0,39160
page_index,time_cycles
0,42400
page_index,time_cycles
0,35876
page_index,time_cycles
0,35868
page_index,time_cycles
0,56634
page_index,time_cycles
0,36384
page_index,time_cycles
0,36720
page_index,time_cycles
0,38118
page_index,time_cycles
0,42550
page_index,time_cycles
0,35070
page_index,time_cycles
0,42888
page_index,time_cycles
0,37948
page_index,time_cycles
0,42582
page_index,time_cycles
0,35502
page_index,time_cycles
0,33962
page_index,time_cycles
0,51190
page_index,time_cycles
0,66242
page_index,time_cycles
0,38622
page_index,time_cycles
0,36606
page_index,time_cycles
0,60556
page_index,time_cycles
0,52066
page_index,time_cycles
0,54940
page_index,time_cycles
0,41640
page_index,time_cycles
0,36448
page_index,time_cycles
0,45524
page_index,time_cycles
0,42108
page_index,time_cycles
0,47584
page_index,time_cycles
0,45006
page_index,time_cycles
0,36266
page_index,time_cycles
0,34856
page_index,time_cycles
0,44522
page_index,time_cycles
0,40928
page_index,time_cycles
0,42356
page_index,time_cycles
0,46236
page_index,time_cycles
0,34486
page_index,time_cycles
0,42640
page_index,time_cycles
0,41898
page_index,time_cycles
0,46260
page_index,time_cycles
0,36414
page_index,time_cycles
0,36958
page_index,time_cycles
0,74108
page_index,time_cycles
0,48034
page_index,time_cycles
0,54204
page_index,time_cycles
0,37042
page_index,time_cycles
0,35692
page_index,time_cycles
0,38302
page_index,time_cycles
0,48982
page_index,time_cycles
0,64982
page_index,time_cycles
0,37042
page_index,time_cycles
0,47402
page_index,time_cycles
0,39068
page_index,time_cycles
0,34750
page_index,time_cycles
0,45642
page_index,time_cycles
0,41946
page_index,time_cycles
0,50942
page_index,time_cycles
0,41970
page_index,time_cycles
0,36520
page_index,time_cycles
0,41688
page_index,time_cycles
0,71344
page_index,time_cycles
0,36162
page_index,time_cycles
0,35420
page_index,time_cycles
0,55512
page_index,time_cycles
0,43940
page_index,time_cycles
0,39940
page_index,time_cycles
0,35788
page_index,time_cycles
0,44192
page_index,time_cycles
0,44604
page_index,time_cycles
0,44490
page_index,time_cycles
0,42524
page_index,time_cycles
0,43222
page_index,time_cycles
0,62300
page_index,time_cycles
0,50342
page_index,time_cycles
0,43942
page_index,time_cycles
0,39662
page_index,time_cycles
0,36834
page_index,time_cycles
0,39978
page_index,time_cycles
0,40384
page_index,time_cycles
0,41738
page_index,time_cycles
0,35640
page_index,time_cycles
0,37054
page_index,time_cycles
0,44092
page_index,time_cycles
0,50372
page_index,time_cycles
0,36528
page_index,time_cycles
0,34906
page_index,time_cycles
0,36736
page_index,time_cycles
0,42112
page_index,time_cycles
0,36940
page_index,time_cycles
0,44904
page_index,time_cycles
0,39348
page_index,time_cycles
0,37058
page_index,time_cycles
0,36730
page_index,time_cycles
0,41860
page_index,time_cycles
0,37956
page_index,time_cycles
0,37796
page_index,time_cycles
0,39738
page_index,time_cycles
0,49938
page_index,time_cycles
0,45872
page_index,time_cycles
0,45338
page_index,time_cycles
0,59484
page_index,time_cycles
0,43396
page_index,time_cycles
0,37838
page_index,time_cycles
0,45672
page_index,time_cycles
0,42090
page_index,time_cycles
0,37988
page_index,time_cycles
0,35714
page_index,time_cycles
0,54742
page_index,time_cycles
0,58172
page_index,time_cycles
0,35730
page_index,time_cycles
0,50118
page_index,time_cycles
0,42534
page_index,time_cycles
0,44586
page_index,time_cycles
0,34896
page_index,time_cycles
0,36836
page_index,time_cycles
0,48564
page_index,time_cycles
0,33702
page_index,time_cycles
0,55448
page_index,time_cycles
0,34052
page_index,time_cycles
0,37974
page_index,time_cycles
0,34466
page_index,time_cycles
0,35534
page_index,time_cycles
0,44646
page_index,time_cycles
0,42066
page_index,time_cycles
0,33262
page_index,time_cycles
0,53048
page_index,time_cycles
0,37714
page_index,time_cycles
0,52294
page_index,time_cycles
0,43830
page_index,time_cycles
0,35492
page_index,time_cycles
0,57170
page_index,time_cycles
0,43786
page_index,time_cycles
0,79986
page_index,time_cycles
0,45256
page_index,time_cycles
0,38552
page_index,time_cycles
0,42456
page_index,time_cycles
0,33582
page_index,time_cycles
0,45032
page_index,time_cycles
0,53666
page_index,time_cycles
0,37024
page_index,time_cycles
0,36082
page_index,time_cycles
0,44324
page_index,time_cycles
0,50268
page_index,time_cycles
0,42288
page_index,time_cycles
0,34504
page_index,time_cycles
0,34050
page_index,time_cycles
0,45594
page_index,time_cycles
0,35266
page_index,time_cycles
0,34706
page_index,time_cycles
0,38386
page_index,time_cycles
0,42788
page_index,time_cycles
0,34740
page_index,time_cycles
0,36314
page_index,time_cycles
0,34438
page_index,time_cycles
0,37162
page_index,time_cycles
0,54380
page_index,time_cycles
0,42924
page_index,time_cycles
0,41122
page_index,time_cycles
0,41166
page_index,time_cycles
0,57834
page_index,time_cycles
0,34954
page_index,time_cycles
0,45084
page_index,time_cycles
0,54946
page_index,time_cycles
0,44792
page_index,time_cycles
0,35902
page_index,time_cycles
0,37122
page_index,time_cycles
0,41448
page_index,time_cycles
0,42420
page_index,time_cycles
0,60986
page_index,time_cycles
0,45268
page_index,time_cycles
0,35656
page_index,time_cycles
0,43078
page_index,time_cycles
0,34394
page_index,time_cycles
0,44818
page_index,time_cycles
0,35296
page_index,time_cycles
0,36152
page_index,time_cycles
0,40916
page_index,time_cycles
0,43852
page_index,time_cycles
0,43294
page_index,time_cycles
0,42736
page_index,time_cycles
0,36882
page_index,time_cycles
0,39512
page_index,time_cycles
0,35000
page_index,time_cycles
0,38456
page_index,time_cycles
0,49330
page_index,time_cycles
0,37330
page_index,time_cycles
0,35592
page_index,time_cycles
0,34638
page_index,time_cycles
0,35040
page_index,time_cycles
0,41764
page_index,time_cycles
0,35736
page_index,time_cycles
0,41050
page_index,time_cycles
0,43554
page_index,time_cycles
0,53704
page_index,time_cycles
0,39088
page_index,time_cycles
0,44028
page_index,time_cycles
0,60486
page_index,time_cycles
0,34572
page_index,time_cycles
0,34548
page_index,time_cycles
0,51386
page_index,time_cycles
0,60528
page_index,time_cycles
0,50142
page_index,time_cycles
0,39086
page_index,time_cycles
0,35454
page_index,time_cycles
0,45732
page_index,time_cycles
0,49674
page_index,time_cycles
0,42178
page_index,time_cycles
0,36964
page_index,time_cycles
0,35258
page_index,time_cycles
0,41606
page_index,time_cycles
0,41748
page_index,time_cycles
0,35942
page_index,time_cycles
0,33540
page_index,time_cycles
0,36712
page_index,time_cycles
0,41834
page_index,time_cycles
0,36088
page_index,time_cycles
0,45808
page_index,time_cycles
0,80248
page_index,time_cycles
0,39008
page_index,time_cycles
0,38546
page_index,time_cycles
0,36552
page_index,time_cycles
0,35534
page_index,time_cycles
0,32700
page_index,time_cycles
0,38522
page_index,time_cycles
0,34162
page_index,time_cycles
0,49016
page_index,time_cycles
0,61974
page_index,time_cycles
0,37308
page_index,time_cycles
0,35260
page_index,time_cycles
0,42936
page_index,time_cycles
0,40980
page_index,time_cycles
0,36796
page_index,time_cycles
0,36482
page_index,time_cycles
0,39982
page_index,time_cycles
0,42812
page_index,time_cycles
0,38284
page_index,time_cycles
0,37250
page_index,time_cycles
0,33324
page_index,time_cycles
0,44108
page_index,time_cycles
0,40034
page_index,time_cycles
0,34896
page_index,time_cycles
0,43342
page_index,time_cycles
0,39888
page_index,time_cycles
0,39320
page_index,time_cycles
0,36918
page_index,time_cycles
0,34724
page_index,time_cycles
0,37410
page_index,time_cycles
0,34896
page_index,time_cycles
0,72098
page_index,time_cycles
0,52780
page_index,time_cycles
0,35362
page_index,time_cycles
0,36914
page_index,time_cycles
0,35648
page_index,time_cycles
0,37326
page_index,time_cycles
0,54320
page_index,time_cycles
0,42584
page_index,time_cycles
0,63558
page_index,time_cycles
0,35664
page_index,time_cycles
0,41120
page_index,time_cycles
0,45464
page_index,time_cycles
0,42168
page_index,time_cycles
0,43980
page_index,time_cycles
0,42018
page_index,time_cycles
0,41974
page_index,time_cycles
0,35344
page_index,time_cycles
0,59228
page_index,time_cycles
0,34256
page_index,time_cycles
0,37458
page_index,time_cycles
0,39836
page_index,time_cycles
0,40672
page_index,time_cycles
0,36020
page_index,time_cycles
0,40912
page_index,time_cycles
0,68264
page_index,time_cycles
0,54386
page_index,time_cycles
0,58170
page_index,time_cycles
0,40744
page_index,time_cycles
0,40972
page_index,time_cycles
0,41316
page_index,time_cycles
0,45712
page_index,time_cycles
0,40728
page_index,time_cycles
0,48350
page_index,time_cycles
0,35302
page_index,time_cycles
0,53704
page_index,time_cycles
0,42580
page_index,time_cycles
0,42576
page_index,time_cycles
0,47502
page_index,time_cycles
0,41366
page_index,time_cycles
0,39982
page_index,time_cycles
0,42516
page_index,time_cycles
0,38386
page_index,time_cycles
0,41632
page_index,time_cycles
0,42990
page_index,time_cycles
0,35506
page_index,time_cycles
0,40282
page_index,time_cycles
0,41882
page_index,time_cycles
0,35960
page_index,time_cycles
0,36512
page_index,time_cycles
0,41822
page_index,time_cycles
0,34828
page_index,time_cycles
0,44382
page_index,time_cycles
0,41450
page_index,time_cycles
0,36520
page_index,time_cycles
0,52220
page_index,time_cycles
0,39434
page_index,time_cycles
0,41654
page_index,time_cycles
0,42482
page_index,time_cycles
0,44922
page_index,time_cycles
0,35838
page_index,time_cycles
0,39698
page_index,time_cycles
0,39422
page_index,time_cycles
0,77110
page_index,time_cycles
0,111062
page_index,time_cycles
0,38902
page_index,time_cycles
0,40240
page_index,time_cycles
0,39368
page_index,time_cycles
0,41098
page_index,time_cycles
0,36872
page_index,time_cycles
0,35490
page_index,time_cycles
0,42202
page_index,time_cycles
0,33884
page_index,time_cycles
0,40980
page_index,time_cycles
0,34572
page_index,time_cycles
0,44656
page_index,time_cycles
0,40068
page_index,time_cycles
0,40768
page_index,time_cycles
0,41962
page_index,time_cycles
0,77132
page_index,time_cycles
0,38534
page_index,time_cycles
0,49450
page_index,time_cycles
0,44000
page_index,time_cycles
0,33520
page_index,time_cycles
0,42004
page_index,time_cycles
0,43056
page_index,time_cycles
0,71852
page_index,time_cycles
0,34408
page_index,time_cycles
0,57214
page_index,time_cycles
0,51600
page_index,time_cycles
0,45674
page_index,time_cycles
0,42516
page_index,time_cycles
0,49814
page_index,time_cycles
0,42116
page_index,time_cycles
0,45204
page_index,time_cycles
0,38496
page_index,time_cycles
0,33984
page_index,time_cycles
0,35500
page_index,time_cycles
0,43246
page_index,time_cycles
0,39282
page_index,time_cycles
0,36760
page_index,time_cycles
0,42866
page_index,time_cycles
0,34878
page_index,time_cycles
0,42896
page_index,time_cycles
0,43000
page_index,time_cycles
0,43490
page_index,time_cycles
0,42786
page_index,time_cycles
0,43146
page_index,time_cycles
0,36300
page_index,time_cycles
0,35822
page_index,time_cycles
0,37608
page_index,time_cycles
0,37342
page_index,time_cycles
0,56198
page_index,time_cycles
0,90478
page_index,time_cycles
0,38146
page_index,time_cycles
0,37736
page_index,time_cycles
0,35342
page_index,time_cycles
0,41472
page_index,time_cycles
0,45724
page_index,time_cycles
0,48276
page_index,time_cycles
0,35710
page_index,time_cycles
0,34526
page_index,time_cycles
0,35138
page_index,time_cycles
0,45180
page_index,time_cycles
0,41080
page_index,time_cycles
0,43192
page_index,time_cycles
0,36326
page_index,time_cycles
0,37150
page_index,time_cycles
0,43582
page_index,time_cycles
0,37048
page_index,time_cycles
0,45314
page_index,time_cycles
0,36948
page_index,time_cycles
0,39832
page_index,time_cycles
0,36664
page_index,time_cycles
0,41774
page_index,time_cycles
0,36884
page_index,time_cycles
0,45414
page_index,time_cycles
0,37308
page_index,time_cycles
0,38876
page_index,time_cycles
0,34646
page_index,time_cycles
0,36946
page_index,time_cycles
0,38978
page_index,time_cycles
0,51994
page_index,time_cycles
0,33788
page_index,time_cycles
0,50522
page_index,time_cycles
0,40818
page_index,time_cycles
0,45576
page_index,time_cycles
0,47792
page_index,time_cycles
0,36488
page_index,time_cycles
0,45512
page_index,time_cycles
0,34240
page_index,time_cycles
0,36000
page_index,time_cycles
0,35766
page_index,time_cycles
0,55484
page_index,time_cycles
0,55254
page_index,time_cycles
0,39626
page_index,time_cycles
0,41728
page_index,time_cycles
0,34646
page_index,time_cycles
0,35048
page_index,time_cycles
0,37512
page_index,time_cycles
0,36684
page_index,time_cycles
0,41992
page_index,time_cycles
0,35550
page_index,time_cycles
0,41362
page_index,time_cycles
0,39630
page_index,time_cycles
0,61676
page_index,time_cycles
0,44020
page_index,time_cycles
0,36914
page_index,time_cycles
0,37088
page_index,time_cycles
0,48142
page_index,time_cycles
0,35182
page_index,time_cycles
0,42616
page_index,time_cycles
0,37696
page_index,time_cycles
0,37324
page_index,time_cycles
0,56778
page_index,time_cycles
0,44502
page_index,time_cycles
0,35956
page_index,time_cycles
0,39396
page_index,time_cycles
0,37412
page_index,time_cycles
0,37376
page_index,time_cycles
0,35592
page_index,time_cycles
0,44716
page_index,time_cycles
0,41704
page_index,time_cycles
0,35518
page_index,time_cycles
0,78368
page_index,time_cycles
0,34056
page_index,time_cycles
0,41494
page_index,time_cycles
0,35230
page_index,time_cycles
0,44890
page_index,time_cycles
0,45444
page_index,time_cycles
0,36824
page_index,time_cycles
0,43736
page_index,time_cycles
0,37532
page_index,time_cycles
0,41618
page_index,time_cycles
0,36746
page_index,time_cycles
0,35926
page_index,time_cycles
0,90600
page_index,time_cycles
0,42906
page_index,time_cycles
0,41598
page_index,time_cycles
0,40650
page_index,time_cycles
0,31944
page_index,time_cycles
0,60038
page_index,time_cycles
0,45484
page_index,time_cycles
0,38682
page_index,time_cycles
0,43618
page_index,time_cycles
0,58598
page_index,time_cycles
0,43572
page_index,time_cycles
0,39158
page_index,time_cycles
0,42870
page_index,time_cycles
0,40688
page_index,time_cycles
0,36170
page_index,time_cycles
0,35736
page_index,time_cycles
0,41720
page_index,time_cycles
0,34846
page_index,time_cycles
0,34784
page_index,time_cycles
0,41728
page_index,time_cycles
0,50516
page_index,time_cycles
0,36490
page_index,time_cycles
0,50694
page_index,time_cycles
0,34474
page_index,time_cycles
0,57708
page_index,time_cycles
0,34218
page_index,time_cycles
0,38910
page_index,time_cycles
0,37826
page_index,time_cycles
0,45048
page_index,time_cycles
0,37266
page_index,time_cycles
0,53928
page_index,time_cycles
0,52730
page_index,time_cycles
0,37590
page_index,time_cycles
0,46590
page_index,time_cycles
0,34484
page_index,time_cycles
0,36606
page_index,time_cycles
0,36932
page_index,time_cycles
0,37326
page_index,time_cycles
0,36440
page_index,time_cycles
0,46924
page_index,time_cycles
0,37854
page_index,time_cycles
0,41804
page_index,time_cycles
0,43796
page_index,time_cycles
0,42666
page_index,time_cycles
0,35846
page_index,time_cycles
0,43240
page_index,time_cycles
0,38584
page_index,time_cycles
0,36292
page_index,time_cycles
0,70298
page_index,time_cycles
0,58454
page_index,time_cycles
0,42520
page_index,time_cycles
0,37318
page_index,time_cycles
0,42148
page_index,time_cycles
0,35562
page_index,time_cycles
0,34362
page_index,time_cycles
0,43216
page_index,time_cycles
0,44712
page_index,time_cycles
0,65820
page_index,time_cycles
0,41554
page_index,time_cycles
0,38072
page_index,time_cycles
0,37584
page_index,time_cycles
0,35360
page_index,time_cycles
0,36420
page_index,time_cycles
0,41744
page_index,time_cycles
0,34468
page_index,time_cycles
0,45236
page_index,time_cycles
0,111014
page_index,time_cycles
0,55490
page_index,time_cycles
0,41964
page_index,time_cycles
0,33056
page_index,time_cycles
0,38048
page_index,time_cycles
0,35532
page_index,time_cycles
0,71980
page_index,time_cycles
0,37296
page_index,time_cycles
0,43242
page_index,time_cycles
0,39890
page_index,time_cycles
0,35930
page_index,time_cycles
0,38412
page_index,time_cycles
0,58724
page_index,time_cycles
0,42728
page_index,time_cycles
0,60118
page_index,time_cycles
0,43520
page_index,time_cycles
0,34794
page_index,time_cycles
0,38742
page_index,time_cycles
0,40546
page_index,time_cycles
0,37252
page_index,time_cycles
0,34274
page_index,time_cycles
0,37904
page_index,time_cycles
0,33592
page_index,time_cycles
0,69730
page_index,time_cycles
0,37554
page_index,time_cycles
0,34774
page_index,time_cycles
0,52630
page_index,time_cycles
0,41846
page_index,time_cycles
0,43684
page_index,time_cycles
0,51720
page_index,time_cycles
0,50004
page_index,time_cycles
0,43106
page_index,time_cycles
0,37454
page_index,time_cycles
0,36670
page_index,time_cycles
0,40204
page_index,time_cycles
0,35900
page_index,time_cycles
0,52678
page_index,time_cycles
0,43130
page_index,time_cycles
0,44368
page_index,time_cycles
0,41414
page_index,time_cycles
0,37700
page_index,time_cycles
0,42610
page_index,time_cycles
0,41310
page_index,time_cycles
0,51386
page_index,time_cycles
0,33164
page_index,time_cycles
0,36150
page_index,time_cycles
0,73068
page_index,time_cycles
0,65148
page_index,time_cycles
0,43182
page_index,time_cycles
0,96770
page_index,time_cycles
0,45166
page_index,time_cycles
0,34430
page_index,time_cycles
0,35608
page_index,time_cycles
0,62752
page_index,time_cycles
0,43540
page_index,time_cycles
0,36194
page_index,time_cycles
0,37782
page_index,time_cycles
0,36624
page_index,time_cycles
0,35368
page_index,time_cycles
0,45414
page_index,time_cycles
0,36292
page_index,time_cycles
0,104372
page_index,time_cycles
0,44700
page_index,time_cycles
0,38184
page_index,time_cycles
0,35108
page_index,time_cycles
0,35006
page_index,time_cycles
0,34328
page_index,time_cycles
0,36626
page_index,time_cycles
0,47490
page_index,time_cycles
0,47604
page_index,time_cycles
0,38336
page_index,time_cycles
0,36556
page_index,time_cycles
0,37072
page_index,time_cycles
0,37154
page_index,time_cycles
0,35550
page_index,time_cycles
0,52050
page_index,time_cycles
0,70994
page_index,time_cycles
0,35278
page_index,time_cycles
0,45396
page_index,time_cycles
0,45126
page_index,time_cycles
0,45304
page_index,time_cycles
0,62126
page_index,time_cycles
0,40426
page_index,time_cycles
0,45316
page_index,time_cycles
0,37676
page_index,time_cycles
0,40740
page_index,time_cycles
0,43640
page_index,time_cycles
0,74024
page_index,time_cycles
0,37552
page_index,time_cycles
0,38348
page_index,time_cycles
0,47134
page_index,time_cycles
0,41988
page_index,time_cycles
0,43854
page_index,time_cycles
0,42524
page_index,time_cycles
0,49500
page_index,time_cycles
0,37076
page_index,time_cycles
0,36264
page_index,time_cycles
0,42584
page_index,time_cycles
0,43828
page_index,time_cycles
0,47180
page_index,time_cycles
0,38260
page_index,time_cycles
0,45214
page_index,time_cycles
0,34464
page_index,time_cycles
0,37348
page_index,time_cycles
0,50884
page_index,time_cycles
0,40374
page_index,time_cycles
0,38806
page_index,time_cycles
0,36982
page_index,time_cycles
0,35734
page_index,time_cycles
0,43172
page_index,time_cycles
0,47810
page_index,time_cycles
0,34476
page_index,time_cycles
0,37372
page_index,time_cycles
0,36646
page_index,time_cycles
0,40562
page_index,time_cycles
0,41844
page_index,time_cycles
0,44150
page_index,time_cycles
0,40718
page_index,time_cycles
0,34612
page_index,time_cycles
0,37846
page_index,time_cycles
0,42544
page_index,time_cycles
0,53086
page_index,time_cycles
0,36216
page_index,time_cycles
0,39808
page_index,time_cycles
0,36246
page_index,time_cycles
0,32402
page_index,time_cycles
0,42026
page_index,time_cycles
0,38250
page_index,time_cycles
0,58538
page_index,time_cycles
0,37084
page_index,time_cycles
0,36922
page_index,time_cycles
0,43236
page_index,time_cycles
0,50258
page_index,time_cycles
0,47724
page_index,time_cycles
0,54304
page_index,time_cycles
0,44882
page_index,time_cycles
0,46808
page_index,time_cycles
0,41584
page_index,time_cycles
0,44958
page_index,time_cycles
0,43490
page_index,time_cycles
0,35714
page_index,time_cycles
0,45304
page_index,time_cycles
0,35514
page_index,time_cycles
0,43952
page_index,time_cycles
0,54354
page_index,time_cycles
0,36866
page_index,time_cycles
0,49972
page_index,time_cycles
0,54784
page_index,time_cycles
0,44506
page_index,time_cycles
0,41568
page_index,time_cycles
0,35652
page_index,time_cycles
0,40042
page_index,time_cycles
0,41108
page_index,time_cycles
0,34770
page_index,time_cycles
0,44584
page_index,time_cycles
0,40548
page_index,time_cycles
0,35840
page_index,time_cycles
0,34130
page_index,time_cycles
0,42932
page_index,time_cycles
0,37056
page_index,time_cycles
0,36872
page_index,time_cycles
0,43458
page_index,time_cycles
0,37708
page_index,time_cycles
0,42604
page_index,time_cycles
0,42970
page_index,time_cycles
0,35888
page_index,time_cycles
0,37156
page_index,time_cycles
0,32934
page_index,time_cycles
0,40646
page_index,time_cycles
0,41472
page_index,time_cycles
0,34444
page_index,time_cycles
0,38312
page_index,time_cycles
0,37008
page_index,time_cycles
0,42856
page_index,time_cycles
0,35456
page_index,time_cycles
0,35894
page_index,time_cycles
0,42980
page_index,time_cycles
0,40622
page_index,time_cycles
0,43018
page_index,time_cycles
0,44540
page_index,time_cycles
0,34646
page_index,time_cycles
0,44862
page_index,time_cycles
0,34330
page_index,time_cycles
0,40826
page_index,time_cycles
0,45088
page_index,time_cycles
0,42988
page_index,time_cycles
0,53330
page_index,time_cycles
0,41738
page_index,time_cycles
0,45254
page_index,time_cycles
0,35642
page_index,time_cycles
0,36278
page_index,time_cycles
0,41780
page_index,time_cycles
0,33766
page_index,time_cycles
0,40030
page_index,time_cycles
0,36266
page_index,time_cycles
0,41560
page_index,time_cycles
0,32948
page_index,time_cycles
0,33480
page_index,time_cycles
0,40696
page_index,time_cycles
0,36386
page_index,time_cycles
0,52390
page_index,time_cycles
0,43250
page_index,time_cycles
0,35194
page_index,time_cycles
0,42766
page_index,time_cycles
0,45796
page_index,time_cycles
0,45794
page_index,time_cycles
0,42880
page_index,time_cycles
0,78402
page_index,time_cycles
0,42272
page_index,time_cycles
0,42720
page_index,time_cycles
0,40018
page_index,time_cycles
0,36808
page_index,time_cycles
0,39254
page_index,time_cycles
0,38288
page_index,time_cycles
0,35658
page_index,time_cycles
0,37818
page_index,time_cycles
0,39258
page_index,time_cycles
0,34718
page_index,time_cycles
0,41346
page_index,time_cycles
0,34642
page_index,time_cycles
0,64826
page_index,time_cycles
0,43904
page_index,time_cycles
0,43862
page_index,time_cycles
0,41640
page_index,time_cycles
0,36960
page_index,time_cycles
0,35944
page_index,time_cycles
0,45096
page_index,time_cycles
0,52202
page_index,time_cycles
0,70952
page_index,time_cycles
0,35856
page_index,time_cycles
0,37438
page_index,time_cycles
0,43432
page_index,time_cycles
0,34620
page_index,time_cycles
0,47148
page_index,time_cycles
0,34214
page_index,time_cycles
0,37004
page_index,time_cycles
0,35956
page_index,time_cycles
0,36910
page_index,time_cycles
0,39730
page_index,time_cycles
0,43962
page_index,time_cycles
0,37086
page_index,time_cycles
0,44334
page_index,time_cycles
0,41424
page_index,time_cycles
0,52826
page_index,time_cycles
0,58244
page_index,time_cycles
0,43856
page_index,time_cycles
0,37788
page_index,time_cycles
0,46936
page_index,time_cycles
0,36276
page_index,time_cycles
0,60866
page_index,time_cycles
0,38846
page_index,time_cycles
0,39036
page_index,time_cycles
0,45434
page_index,time_cycles
0,37396
page_index,time_cycles
0,39480
page_index,time_cycles
0,34844
page_index,time_cycles
0,44526
page_index,time_cycles
0,41588
page_index,time_cycles
0,40910
page_index,time_cycles
0,44042
page_index,time_cycles
0,43950
page_index,time_cycles
0,54416
page_index,time_cycles
0,65504
page_index,time_cycles
0,45280
page_index,time_cycles
0,60886
page_index,time_cycles
0,50986
page_index,time_cycles
0,38796
page_index,time_cycles
0,34088
page_index,time_cycles
0,59998
page_index,time_cycles
0,42764
page_index,time_cycles
0,34890
page_index,time_cycles
0,42916
page_index,time_cycles
0,50894
page_index,time_cycles
0,37182
page_index,time_cycles
0,42062
page_index,time_cycles
0,46556
page_index,time_cycles
0,35812
page_index,time_cycles
0,34464
page_index,time_cycles
0,51248
page_index,time_cycles
0,37190
page_index,time_cycles
0,49438
page_index,time_cycles
0,36618
page_index,time_cycles
0,32520
page_index,time_cycles
0,36622
page_index,time_cycles
0,34756
page_index,time_cycles
0,36142
page_index,time_cycles
0,37410
page_index,time_cycles
0,37830
page_index,time_cycles
0,33742
page_index,time_cycles
0,53374
page_index,time_cycles
0,53378
page_index,time_cycles
0,34302
page_index,time_cycles
0,37604
page_index,time_cycles
0,62044
page_index,time_cycles
0,46904
page_index,time_cycles
0,35084
page_index,time_cycles
0,40202
page_index,time_cycles
0,37556
page_index,time_cycles
0,36016
page_index,time_cycles
0,54824
page_index,time_cycles
0,35074
page_index,time_cycles
0,37090
page_index,time_cycles
0,42462
page_index,time_cycles
0,45420
page_index,time_cycles
0,42710
page_index,time_cycles
0,39608
page_index,time_cycles
0,41086
page_index,time_cycles
0,44376
page_index,time_cycles
0,42166
page_index,time_cycles
0,47364
page_index,time_cycles
0,44980
page_index,time_cycles
0,36334
page_index,time_cycles
0,42576
page_index,time_cycles
0,40748
page_index,time_cycles
0,47644
page_index,time_cycles
0,42714
page_index,time_cycles
0,42440
page_index,time_cycles
0,46980
page_index,time_cycles
0,42360
page_index,time_cycles
0,36444
page_index,time_cycles
0,42142
page_index,time_cycles
0,44408
page_index,time_cycles
0,33670
page_index,time_cycles
0,38140
page_index,time_cycles
0,36108
page_index,time_cycles
0,70836
page_index,time_cycles
0,35380
page_index,time_cycles
0,48648
page_index,time_cycles
0,75370
page_index,time_cycles
0,42324
page_index,time_cycles
0,44526
page_index,time_cycles
0,54202
page_index,time_cycles
0,40848
page_index,time_cycles
0,42538
page_index,time_cycles
0,39028
page_index,time_cycles
0,37266
page_index,time_cycles
0,34324
page_index,time_cycles
0,42696
page_index,time_cycles
0,61004
page_index,time_cycles
0,34424
page_index,time_cycles
0,36852
page_index,time_cycles
0,41584
page_index,time_cycles
0,34988
page_index,time_cycles
0,43928
page_index,time_cycles
0,34346
page_index,time_cycles
0,44236
page_index,time_cycles
0,35398
page_index,time_cycles
0,43708
page_index,time_cycles
0,37540
page_index,time_cycles
0,45236
page_index,time_cycles
0,33512
page_index,time_cycles
0,46610
page_index,time_cycles
0,37554
page_index,time_cycles
0,43426
page_index,time_cycles
0,35402
page_index,time_cycles
0,42514
page_index,time_cycles
0,38280
page_index,time_cycles
0,34534
page_index,time_cycles
0,49520
page_index,time_cycles
0,36792
page_index,time_cycles
0,56826
page_index,time_cycles
0,39884
page_index,time_cycles
0,40486
page_index,time_cycles
0,43764
page_index,time_cycles
0,33930
page_index,time_cycles
0,43800
page_index,time_cycles
0,48216
page_index,time_cycles
0,44466
page_index,time_cycles
0,36684
page_index,time_cycles
0,59922
page_index,time_cycles
0,38382
page_index,time_cycles
0,42424
page_index,time_cycles
0,35356
page_index,time_cycles
0,53770
page_index,time_cycles
0,38506
page_index,time_cycles
0,43950
page_index,time_cycles
0,36722
page_index,time_cycles
0,43406
page_index,time_cycles
0,34014
page_index,time_cycles
0,33556
page_index,time_cycles
0,42212
page_index,time_cycles
0,47260
page_index,time_cycles
0,34928
page_index,time_cycles
0,42538
page_index,time_cycles
0,40420
page_index,time_cycles
0,34808
page_index,time_cycles
0,43008
page_index,time_cycles
0,33644
page_index,time_cycles
0,41348
page_index,time_cycles
0,34346
page_index,time_cycles
0,37314
page_index,time_cycles
0,34454
page_index,time_cycles
0,41866
page_index,time_cycles
0,34884
page_index,time_cycles
0,40050
page_index,time_cycles
0,35308
page_index,time_cycles
0,58184
page_index,time_cycles
0,35626
page_index,time_cycles
0,48130
page_index,time_cycles
0,35702
page_index,time_cycles
0,37582
page_index,time_cycles
0,36014
page_index,time_cycles
0,41316
page_index,time_cycles
0,56894
page_index,time_cycles
0,33966
page_index,time_cycles
0,35466
page_index,time_cycles
0,43018
page_index,time_cycles
0,49214
page_index,time_cycles
0,39438
page_index,time_cycles
0,35322
page_index,time_cycles
0,34550
page_index,time_cycles
0,35042
page_index,time_cycles
0,36916
page_index,time_cycles
0,41102
page_index,time_cycles
0,35184
page_index,time_cycles
0,41000
page_index,time_cycles
0,43178
page_index,time_cycles
0,38112
page_index,time_cycles
0,37320
page_index,time_cycles
0,38338
page_index,time_cycles
0,34412
page_index,time_cycles
0,38994
page_index,time_cycles
0,37344
page_index,time_cycles
0,36628
page_index,time_cycles
0,35308
page_index,time_cycles
0,35160
page_index,time_cycles
0,34478
page_index,time_cycles
0,42296
page_index,time_cycles
0,37954
page_index,time_cycles
0,42040
page_index,time_cycles
0,36200
page_index,time_cycles
0,39968
page_index,time_cycles
0,34396
page_index,time_cycles
0,37152
page_index,time_cycles
0,36960
page_index,time_cycles
0,46546
page_index,time_cycles
0,53346
page_index,time_cycles
0,48690
page_index,time_cycles
0,43998
page_index,time_cycles
0,44230
page_index,time_cycles
0,45072
page_index,time_cycles
0,34306
page_index,time_cycles
0,38290
page_index,time_cycles
0,37796
page_index,time_cycles
0,35682
page_index,time_cycles
0,36538
page_index,time_cycles
0,37238
page_index,time_cycles
0,43352
page_index,time_cycles
0,40492
page_index,time_cycles
0,43588
page_index,time_cycles
0,35956
page_index,time_cycles
0,39176
page_index,time_cycles
0,36854
page_index,time_cycles
0,34218
page_index,time_cycles
0,36696
page_index,time_cycles
0,54656
page_index,time_cycles
0,35202
page_index,time_cycles
0,39788
page_index,time_cycles
0,42956
page_index,time_cycles
0,41152
page_index,time_cycles
0,35352
page_index,time_cycles
0,43464
page_index,time_cycles
0,36640
page_index,time_cycles
0,41110
page_index,time_cycles
0,34046
page_index,time_cycles
0,35344
page_index,time_cycles
0,31950
page_index,time_cycles
0,42784
page_index,time_cycles
0,43082
page_index,time_cycles
0,49900
page_index,time_cycles
0,45020
page_index,time_cycles
0,37624
page_index,time_cycles
0,60478
page_index,time_cycles
0,36548
page_index,time_cycles
0,34460
page_index,time_cycles
0,44052
page_index,time_cycles
0,35840
page_index,time_cycles
0,46750
page_index,time_cycles
0,35006
page_index,time_cycles
0,45298
page_index,time_cycles
0,50198
page_index,time_cycles
0,41746
page_index,time_cycles
0,45486
page_index,time_cycles
0,41926
page_index,time_cycles
0,48078
page_index,time_cycles
0,39534
page_index,time_cycles
0,35494
page_index,time_cycles
0,42178
page_index,time_cycles
0,35256
page_index,time_cycles
0,37046
page_index,time_cycles
0,39856
page_index,time_cycles
0,36618
page_index,time_cycles
0,36684
page_index,time_cycles
0,54490
page_index,time_cycles
0,38988
page_index,time_cycles
0,40802
page_index,time_cycles
0,40792
page_index,time_cycles
0,35176
page_index,time_cycles
0,37540
page_index,time_cycles
0,42438
page_index,time_cycles
0,33794
page_index,time_cycles
0,54812
page_index,time_cycles
0,62666
page_index,time_cycles
0,33778
page_index,time_cycles
0,51444
page_index,time_cycles
0,42390
page_index,time_cycles
0,42616
page_index,time_cycles
0,37580
page_index,time_cycles
0,42496
page_index,time_cycles
0,41802
page_index,time_cycles
0,33716
page_index,time_cycles
0,41364
page_index,time_cycles
0,39468
page_index,time_cycles
0,35788
page_index,time_cycles
0,56670
page_index,time_cycles
0,34192
page_index,time_cycles
0,37828
page_index,time_cycles
0,35750
page_index,time_cycles
0,35086
page_index,time_cycles
0,43264
page_index,time_cycles
0,38150
page_index,time_cycles
0,41074
page_index,time_cycles
0,34938
page_index,time_cycles
0,36926
page_index,time_cycles
0,44284
page_index,time_cycles
0,36500
page_index,time_cycles
0,36226
page_index,time_cycles
0,46640
page_index,time_cycles
0,38042
page_index,time_cycles
0,34732
page_index,time_cycles
0,37594
page_index,time_cycles
0,56050
page_index,time_cycles
0,50468
page_index,time_cycles
0,36176
page_index,time_cycles
0,38772
page_index,time_cycles
0,43482
page_index,time_cycles
0,35344
page_index,time_cycles
0,40630
page_index,time_cycles
0,38120
page_index,time_cycles
0,43346
page_index,time_cycles
0,41574
page_index,time_cycles
0,40746
page_index,time_cycles
0,35122
page_index,time_cycles
0,80988
page_index,time_cycles
0,44366
page_index,time_cycles
0,35844
page_index,time_cycles
0,36082
page_index,time_cycles
0,50392
page_index,time_cycles
0,32410
page_index,time_cycles
0,51974
page_index,time_cycles
0,38782
page_index,time_cycles
0,41444
page_index,time_cycles
0,35718
page_index,time_cycles
0,42554
page_index,time_cycles
0,39132
page_index,time_cycles
0,35526
page_index,time_cycles
0,43558
page_index,time_cycles
0,55410
page_index,time_cycles
0,37620
page_index,time_cycles
0,34524
page_index,time_cycles
0,35670
page_index,time_cycles
0,43472
page_index,time_cycles
0,42006
page_index,time_cycles
0,39768
page_index,time_cycles
0,40338
page_index,time_cycles
0,44464
page_index,time_cycles
0,43022
page_index,time_cycles
0,37332
page_index,time_cycles
0,59400
page_index,time_cycles
0,41656
page_index,time_cycles
0,44310
page_index,time_cycles
0,33102
page_index,time_cycles
0,36210
page_index,time_cycles
0,35074
page_index,time_cycles
0,46296
page_index,time_cycles
0,42474
page_index,time_cycles
0,49834
page_index,time_cycles
0,43708
page_index,time_cycles
0,41728
page_index,time_cycles
0,36044
page_index,time_cycles
0,56784
page_index,time_cycles
0,40458
page_index,time_cycles
0,46204
page_index,time_cycles
0,35638
page_index,time_cycles
0,47580
page_index,time_cycles
0,45118
page_index,time_cycles
0,38252
page_index,time_cycles
0,47786
page_index,time_cycles
0,49324
page_index,time_cycles
0,50674
page_index,time_cycles
0,36358
page_index,time_cycles
0,34796
page_index,time_cycles
0,75168
page_index,time_cycles
0,36230
page_index,time_cycles
0,40158
page_index,time_cycles
0,35022
page_index,time_cycles
0,114366
page_index,time_cycles
0,35008
page_index,time_cycles
0,369804
page_index,time_cycles
0,39356
page_index,time_cycles
0,52988
page_index,time_cycles
0,44628
page_index,time_cycles
0,36534
page_index,time_cycles
0,34008
page_index,time_cycles
0,39088
page_index,time_cycles
0,35908
page_index,time_cycles
0,36120
page_index,time_cycles
0,41136
page_index,time_cycles
0,40296
page_index,time_cycles
0,42172
page_index,time_cycles
0,45802
page_index,time_cycles
0,43116
page_index,time_cycles
0,37702
page_index,time_cycles
0,45544
page_index,time_cycles
0,42392
page_index,time_cycles
0,40284
page_index,time_cycles
0,35744
page_index,time_cycles
0,32822
page_index,time_cycles
0,36338
page_index,time_cycles
0,35372
page_index,time_cycles
0,34498
page_index,time_cycles
0,35052
page_index,time_cycles
0,40726
page_index,time_cycles
0,60240
page_index,time_cycles
0,38258
page_index,time_cycles
0,40876
page_index,time_cycles
0,88376
page_index,time_cycles
0,42512
page_index,time_cycles
0,36870
page_index,time_cycles
0,35026
page_index,time_cycles
0,54264
page_index,time_cycles
0,38538
page_index,time_cycles
0,34320
page_index,time_cycles
0,60954
page_index,time_cycles
0,41356
page_index,time_cycles
0,34080
page_index,time_cycles
0,40826
page_index,time_cycles
0,40308
page_index,time_cycles
0,44416
page_index,time_cycles
0,35876
page_index,time_cycles
0,36646
page_index,time_cycles
0,42956
page_index,time_cycles
0,72298
page_index,time_cycles
0,34954
page_index,time_cycles
0,39938
page_index,time_cycles
0,35844
page_index,time_cycles
0,36030
page_index,time_cycles
0,44236
page_index,time_cycles
0,45386
page_index,time_cycles
0,39472
page_index,time_cycles
0,43002
page_index,time_cycles
0,45006
page_index,time_cycles
0,71752
page_index,time_cycles
0,37506
page_index,time_cycles
0,35854
page_index,time_cycles
0,38222
page_index,time_cycles
0,37188
page_index,time_cycles
0,43514
page_index,time_cycles
0,43884
page_index,time_cycles
0,73758
page_index,time_cycles
0,34842
page_index,time_cycles
0,42084
page_index,time_cycles
0,37774
page_index,time_cycles
0,37858
page_index,time_cycles
0,38758
page_index,time_cycles
0,43240
page_index,time_cycles
0,52702
page_index,time_cycles
0,44988
page_index,time_cycles
0,43680
page_index,time_cycles
0,39230
page_index,time_cycles
0,40810
page_index,time_cycles
0,46172
page_index,time_cycles
0,44032
page_index,time_cycles
0,42654
page_index,time_cycles
0,41692
page_index,time_cycles
0,45024
page_index,time_cycles
0,57532
page_index,time_cycles
0,38980
page_index,time_cycles
0,40006
page_index,time_cycles
0,43290
page_index,time_cycles
0,43742
page_index,time_cycles
0,41102
page_index,time_cycles
0,50932
page_index,time_cycles
0,113262
page_index,time_cycles
0,41602
page_index,time_cycles
0,43544
page_index,time_cycles
0,34826
page_index,time_cycles
0,54074
page_index,time_cycles
0,41634
page_index,time_cycles
0,35570
page_index,time_cycles
0,34624
page_index,time_cycles
0,42442
page_index,time_cycles
0,35618
page_index,time_cycles
0,35784
page_index,time_cycles
0,46930
page_index,time_cycles
0,40096
page_index,time_cycles
0,35744
page_index,time_cycles
0,36890
page_index,time_cycles
0,44494
page_index,time_cycles
0,45690
page_index,time_cycles
0,37016
page_index,time_cycles
0,47480
page_index,time_cycles
0,34510
page_index,time_cycles
0,44794
page_index,time_cycles
0,33244
page_index,time_cycles
0,38304
page_index,time_cycles
0,45474
page_index,time_cycles
0,44538
page_index,time_cycles
0,42212
page_index,time_cycles
0,37282
page_index,time_cycles
0,57912
page_index,time_cycles
0,42004
page_index,time_cycles
0,37214
page_index,time_cycles
0,37392
page_index,time_cycles
0,41532
page_index,time_cycles
0,42326
page_index,time_cycles
0,44212
page_index,time_cycles
0,41244
page_index,time_cycles
0,49834
page_index,time_cycles
0,36208
page_index,time_cycles
0,36128
page_index,time_cycles
0,42460
page_index,time_cycles
0,44604
page_index,time_cycles
0,44902
page_index,time_cycles
0,34988
page_index,time_cycles
0,37824
page_index,time_cycles
0,35594
page_index,time_cycles
0,43782
page_index,time_cycles
0,35724
page_index,time_cycles
0,34106
page_index,time_cycles
0,35530
page_index,time_cycles
0,46066
page_index,time_cycles
0,35494
page_index,time_cycles
0,43468
page_index,time_cycles
0,37184
page_index,time_cycles
0,50992
page_index,time_cycles
0,43494
page_index,time_cycles
0,33596
page_index,time_cycles
0,37366
page_index,time_cycles
0,57830
page_index,time_cycles
0,37152
page_index,time_cycles
0,34668
page_index,time_cycles
0,40268
page_index,time_cycles
0,36532
page_index,time_cycles
0,36522
page_index,time_cycles
0,50216
page_index,time_cycles
0,41152
page_index,time_cycles
0,43376
page_index,time_cycles
0,33152
page_index,time_cycles
0,35640
page_index,time_cycles
0,48344
page_index,time_cycles
0,37624
page_index,time_cycles
0,35616
page_index,time_cycles
0,40978
page_index,time_cycles
0,47206
page_index,time_cycles
0,35852
page_index,time_cycles
0,45028
page_index,time_cycles
0,42376
page_index,time_cycles
0,36912
page_index,time_cycles
0,43412
page_index,time_cycles
0,40900
page_index,time_cycles
0,34824
page_index,time_cycles
0,41622
page_index,time_cycles
0,35598
page_index,time_cycles
0,38720
page_index,time_cycles
0,34682
page_index,time_cycles
0,40992
page_index,time_cycles
0,35322
page_index,time_cycles
0,36506
page_index,time_cycles
0,39580
page_index,time_cycles
0,40402
page_index,time_cycles
0,45710
page_index,time_cycles
0,41900
page_index,time_cycles
0,34558
page_index,time_cycles
0,35796
page_index,time_cycles
0,40084
page_index,time_cycles
0,33092
page_index,time_cycles
0,36080
page_index,time_cycles
0,40324
page_index,time_cycles
0,35284
page_index,time_cycles
0,37344
page_index,time_cycles
0,36842
page_index,time_cycles
0,36502
page_index,time_cycles
0,59254
page_index,time_cycles
0,40370
page_index,time_cycles
0,38306
page_index,time_cycles
0,33430
page_index,time_cycles
0,53228
page_index,time_cycles
0,37908
page_index,time_cycles
0,45104
page_index,time_cycles
0,47158
page_index,time_cycles
0,39626
page_index,time_cycles
0,34764
page_index,time_cycles
0,41662
page_index,time_cycles
0,36612
page_index,time_cycles
0,47012
page_index,time_cycles
0,46028
page_index,time_cycles
0,39550
page_index,time_cycles
0,49786
page_index,time_cycles
0,42286
page_index,time_cycles
0,35102
page_index,time_cycles
0,36654
page_index,time_cycles
0,36556
page_index,time_cycles
0,53492
page_index,time_cycles
0,43960
page_index,time_cycles
0,36708
page_index,time_cycles
0,37000
page_index,time_cycles
0,34482
page_index,time_cycles
0,35252
page_index,time_cycles
0,42340
page_index,time_cycles
0,44200
page_index,time_cycles
0,35874
page_index,time_cycles
0,50494
page_index,time_cycles
0,40892
page_index,time_cycles
0,37800
page_index,time_cycles
0,37322
page_index,time_cycles
0,41492
page_index,time_cycles
0,35244
page_index,time_cycles
0,44582
page_index,time_cycles
0,36498
page_index,time_cycles
0,35140
page_index,time_cycles
0,36022
page_index,time_cycles
0,44514
page_index,time_cycles
0,41368
page_index,time_cycles
0,48544
page_index,time_cycles
0,41406
page_index,time_cycles
0,40264
page_index,time_cycles
0,40276
page_index,time_cycles
0,42104
page_index,time_cycles
0,56682
page_index,time_cycles
0,73206
page_index,time_cycles
0,35290
page_index,time_cycles
0,35512
page_index,time_cycles
0,48958
page_index,time_cycles
0,37284
page_index,time_cycles
0,42160
page_index,time_cycles
0,35424
page_index,time_cycles
0,42256
page_index,time_cycles
0,44574
page_index,time_cycles
0,38542
page_index,time_cycles
0,69476
page_index,time_cycles
0,33798
page_index,time_cycles
0,43748
page_index,time_cycles
0,41948
page_index,time_cycles
0,35364
page_index,time_cycles
0,33222
page_index,time_cycles
0,44738
page_index,time_cycles
0,41732
page_index,time_cycles
0,37776
page_index,time_cycles
0,35380
page_index,time_cycles
0,35352
page_index,time_cycles
0,36646
page_index,time_cycles
0,50348
page_index,time_cycles
0,40664
page_index,time_cycles
0,32576
page_index,time_cycles
0,35506
page_index,time_cycles
0,34570
page_index,time_cycles
0,38026
page_index,time_cycles
0,35054
page_index,time_cycles
0,38490
page_index,time_cycles
0,42632
page_index,time_cycles
0,46096
page_index,time_cycles
0,33722
page_index,time_cycles
0,34132
page_index,time_cycles
0,42856
page_index,time_cycles
0,50436
page_index,time_cycles
0,40784
page_index,time_cycles
0,42254
page_index,time_cycles
0,43872
page_index,time_cycles
0,35666
page_index,time_cycles
0,39630
page_index,time_cycles
0,37958
page_index,time_cycles
0,46760
page_index,time_cycles
0,42742
page_index,time_cycles
0,39116
page_index,time_cycles
0,35742
page_index,time_cycles
0,35936
page_index,time_cycles
0,50318
page_index,time_cycles
0,38682
page_index,time_cycles
0,43998
page_index,time_cycles
0,44534
page_index,time_cycles
0,39686
page_index,time_cycles
0,43412
page_index,time_cycles
0,35280
page_index,time_cycles
0,38782
page_index,time_cycles
0,37444
page_index,time_cycles
0,45232
page_index,time_cycles
0,36820
page_index,time_cycles
0,50690
page_index,time_cycles
0,42820
page_index,time_cycles
0,34556
page_index,time_cycles
0,41852
page_index,time_cycles
0,47278
page_index,time_cycles
0,55148
page_index,time_cycles
0,52832
page_index,time_cycles
0,52872
page_index,time_cycles
0,34070
page_index,time_cycles
0,39242
page_index,time_cycles
0,42450
page_index,time_cycles
0,56638
page_index,time_cycles
0,43430
page_index,time_cycles
0,34978
page_index,time_cycles
0,41704
page_index,time_cycles
0,44058
page_index,time_cycles
0,38264
page_index,time_cycles
0,47912
page_index,time_cycles
0,63316
page_index,time_cycles
0,37264
page_index,time_cycles
0,41318
page_index,time_cycles
0,45164
page_index,time_cycles
0,34716
page_index,time_cycles
0,37622
page_index,time_cycles
0,36248
page_index,time_cycles
0,39056
page_index,time_cycles
0,40192
page_index,time_cycles
0,42972
page_index,time_cycles
0,42694
page_index,time_cycles
0,36468
page_index,time_cycles
0,37390
page_index,time_cycles
0,77034
page_index,time_cycles
0,40984
page_index,time_cycles
0,33144
page_index,time_cycles
0,47522
page_index,time_cycles
0,43724
page_index,time_cycles
0,39300
page_index,time_cycles
0,42694
page_index,time_cycles
0,48320
page_index,time_cycles
0,47670
page_index,time_cycles
0,40832
page_index,time_cycles
0,44104
page_index,time_cycles
0,97646
page_index,time_cycles
0,40302
page_index,time_cycles
0,50596
page_index,time_cycles
0,35872
page_index,time_cycles
0,41788
page_index,time_cycles
0,42226
page_index,time_cycles
0,39380
page_index,time_cycles
0,40786
page_index,time_cycles
0,40686
page_index,time_cycles
0,43100
page_index,time_cycles
0,37650
page_index,time_cycles
0,40924
page_index,time_cycles
0,41830
page_index,time_cycles
0,35234
page_index,time_cycles
0,41828
page_index,time_cycles
0,37492
page_index,time_cycles
0,46288
page_index,time_cycles
0,46636
page_index,time_cycles
0,47904
page_index,time_cycles
0,43064
page_index,time_cycles
0,37494
page_index,time_cycles
0,36520
page_index,time_cycles
0,40650
page_index,time_cycles
0,48552
page_index,time_cycles
0,40324
page_index,time_cycles
0,44048
page_index,time_cycles
0,50964
page_index,time_cycles
0,35230
page_index,time_cycles
0,34812
page_index,time_cycles
0,43310
page_index,time_cycles
0,43314
page_index,time_cycles
0,35618
page_index,time_cycles
0,34894
page_index,time_cycles
0,328594
page_index,time_cycles
0,33918
page_index,time_cycles
0,40392
page_index,time_cycles
0,43806
page_index,time_cycles
0,33970
page_index,time_cycles
0,44320
page_index,time_cycles
0,45230
page_index,time_cycles
0,38302
page_index,time_cycles
0,37364
page_index,time_cycles
0,44200
page_index,time_cycles
0,65284
page_index,time_cycles
0,40322
page_index,time_cycles
0,44444
page_index,time_cycles
0,35340
page_index,time_cycles
0,35576
page_index,time_cycles
0,42602
page_index,time_cycles
0,42148
page_index,time_cycles
0,45380
page_index,time_cycles
0,50634
page_index,time_cycles
0,42684
page_index,time_cycles
0,36734
page_index,time_cycles
0,44998
page_index,time_cycles
0,77958
page_index,time_cycles
0,43898
page_index,time_cycles
0,41096
page_index,time_cycles
0,42782
page_index,time_cycles
0,35546
page_index,time_cycles
0,54170
page_index,time_cycles
0,42094
page_index,time_cycles
0,38608
page_index,time_cycles
0,34984
page_index,time_cycles
0,37052
page_index,time_cycles
0,34930
page_index,time_cycles
0,42366
page_index,time_cycles
0,50040
page_index,time_cycles
0,50522
page_index,time_cycles
0,52680
page_index,time_cycles
0,36122
page_index,time_cycles
0,72266
page_index,time_cycles
0,89750
page_index,time_cycles
0,41478
page_index,time_cycles
0,74140
page_index,time_cycles
0,41798
page_index,time_cycles
0,36512
page_index,time_cycles
0,38388
page_index,time_cycles
0,39428
page_index,time_cycles
0,35976
page_index,time_cycles
0,45226
page_index,time_cycles
0,78484
page_index,time_cycles
0,37118
page_index,time_cycles
0,57174
page_index,time_cycles
0,37230
page_index,time_cycles
0,43084
page_index,time_cycles
0,43472
page_index,time_cycles
0,62502
page_index,time_cycles
0,35462
page_index,time_cycles
0,34314
page_index,time_cycles
0,36176
page_index,time_cycles
0,35502
page_index,time_cycles
0,51474
page_index,time_cycles
0,42862
page_index,time_cycles
0,34080
page_index,time_cycles
0,34620
page_index,time_cycles
0,36730
page_index,time_cycles
0,64966
page_index,time_cycles
0,35970
page_index,time_cycles
0,38100
page_index,time_cycles
0,44792
page_index,time_cycles
0,39984
page_index,time_cycles
0,44446
page_index,time_cycles
0,82174
page_index,time_cycles
0,54720
page_index,time_cycles
0,36188
page_index,time_cycles
0,43248
page_index,time_cycles
0,45066
page_index,time_cycles
0,59426
page_index,time_cycles
0,38562
page_index,time_cycles
0,37748
page_index,time_cycles
0,41060
page_index,time_cycles
0,33206
page_index,time_cycles
0,37210
page_index,time_cycles
0,39100
page_index,time_cycles
0,48312
page_index,time_cycles
0,43440
page_index,time_cycles
0,36792
page_index,time_cycles
0,41356
page_index,time_cycles
0,42396
page_index,time_cycles
0,41966
page_index,time_cycles
0,65356
page_index,time_cycles
0,40688
page_index,time_cycles
0,42610
page_index,time_cycles
0,34814
page_index,time_cycles
0,40470
page_index,time_cycles
0,36068
page_index,time_cycles
0,42834
page_index,time_cycles
0,37664
page_index,time_cycles
0,42622
page_index,time_cycles
0,47498
page_index,time_cycles
0,35198
page_index,time_cycles
0,61250
page_index,time_cycles
0,40504
page_index,time_cycles
0,34298
page_index,time_cycles
0,37166
page_index,time_cycles
0,33012
page_index,time_cycles
0,34880
page_index,time_cycles
0,48608
page_index,time_cycles
0,45902
page_index,time_cycles
0,38246
page_index,time_cycles
0,43526
page_index,time_cycles
0,39346
page_index,time_cycles
0,46028
page_index,time_cycles
0,34752
page_index,time_cycles
0,41970
page_index,time_cycles
0,68940
page_index,time_cycles
0,43126
page_index,time_cycles
0,34422
page_index,time_cycles
0,43964
page_index,time_cycles
0,36912
page_index,time_cycles
0,46602
page_index,time_cycles
0,56012
page_index,time_cycles
0,38636
page_index,time_cycles
0,42672
page_index,time_cycles
0,43630
page_index,time_cycles
0,48296
page_index,time_cycles
0,36704
page_index,time_cycles
0,35826
page_index,time_cycles
0,35956
page_index,time_cycles
0,40140
page_index,time_cycles
0,42708
page_index,time_cycles
0,36506
page_index,time_cycles
0,44478
page_index,time_cycles
0,35506
page_index,time_cycles
0,44458
page_index,time_cycles
0,57734
page_index,time_cycles
0,48878
page_index,time_cycles
0,35648
page_index,time_cycles
0,35184
page_index,time_cycles
0,40046
page_index,time_cycles
0,45208
page_index,time_cycles
0,36302
page_index,time_cycles
0,37852
page_index,time_cycles
0,57624
page_index,time_cycles
0,36376
page_index,time_cycles
0,43136
page_index,time_cycles
0,45726
page_index,time_cycles
0,35380
page_index,time_cycles
0,42642
page_index,time_cycles
0,54886
page_index,time_cycles
0,51762
page_index,time_cycles
0,40352
page_index,time_cycles
0,44190
page_index,time_cycles
0,38896
page_index,time_cycles
0,35518
page_index,time_cycles
0,46652
page_index,time_cycles
0,37192
page_index,time_cycles
0,44384
page_index,time_cycles
0,36900
page_index,time_cycles
0,40976
page_index,time_cycles
0,43986
page_index,time_cycles
0,38134
page_index,time_cycles
0,58384
page_index,time_cycles
0,46326
page_index,time_cycles
0,38094
page_index,time_cycles
0,45482
page_index,time_cycles
0,36272
page_index,time_cycles
0,35860
page_index,time_cycles
0,36370
page_index,time_cycles
0,37384
page_index,time_cycles
0,43664
page_index,time_cycles
0,42780
page_index,time_cycles
0,46478
page_index,time_cycles
0,35606
page_index,time_cycles
0,44874
page_index,time_cycles
0,41598
page_index,time_cycles
0,46120
page_index,time_cycles
0,36676
page_index,time_cycles
0,39828
page_index,time_cycles
0,40756
page_index,time_cycles
0,41494
page_index,time_cycles
0,67128
page_index,time_cycles
0,43300
page_index,time_cycles
0,51000
page_index,time_cycles
0,38200
page_index,time_cycles
0,35942
page_index,time_cycles
0,42300
page_index,time_cycles
0,51324
page_index,time_cycles
0,37420
page_index,time_cycles
0,40970
page_index,time_cycles
0,35396
page_index,time_cycles
0,40182
page_index,time_cycles
0,35912
page_index,time_cycles
0,35316
page_index,time_cycles
0,45726
page_index,time_cycles
0,41020
page_index,time_cycles
0,36062
page_index,time_cycles
0,43684
page_index,time_cycles
0,45524
page_index,time_cycles
0,41532
page_index,time_cycles
0,51772
page_index,time_cycles
0,40660
page_index,time_cycles
0,45196
page_index,time_cycles
0,40130
page_index,time_cycles
0,35048
page_index,time_cycles
0,43398
page_index,time_cycles
0,61110
page_index,time_cycles
0,64272
page_index,time_cycles
0,49368
page_index,time_cycles
0,34298
page_index,time_cycles
0,57292
page_index,time_cycles
0,41292
page_index,time_cycles
0,33764
page_index,time_cycles
0,45036
page_index,time_cycles
0,39588
page_index,time_cycles
0,37192
page_index,time_cycles
0,35172
page_index,time_cycles
0,34874
page_index,time_cycles
0,35668
page_index,time_cycles
0,35084
page_index,time_cycles
0,35384
page_index,time_cycles
0,36730
page_index,time_cycles
0,44636
page_index,time_cycles
0,44438
page_index,time_cycles
0,34142
page_index,time_cycles
0,46330
page_index,time_cycles
0,37212
page_index,time_cycles
0,34766
page_index,time_cycles
0,43288
page_index,time_cycles
0,49436
page_index,time_cycles
0,41982
page_index,time_cycles
0,53384
page_index,time_cycles
0,36588
page_index,time_cycles
0,43686
page_index,time_cycles
0,35208
page_index,time_cycles
0,38014
page_index,time_cycles
0,42048
page_index,time_cycles
0,35344
page_index,time_cycles
0,42486
page_index,time_cycles
0,32716
page_index,time_cycles
0,42586
page_index,time_cycles
0,34320
page_index,time_cycles
0,42084
page_index,time_cycles
0,36794
page_index,time_cycles
0,42444
page_index,time_cycles
0,36954
page_index,time_cycles
0,37110
page_index,time_cycles
0,36014
page_index,time_cycles
0,42832
page_index,time_cycles
0,43976
page_index,time_cycles
0,37326
page_index,time_cycles
0,38328
page_index,time_cycles
0,41446
page_index,time_cycles
0,41094
page_index,time_cycles
0,51302
page_index,time_cycles
0,38664
page_index,time_cycles
0,36108
page_index,time_cycles
0,66628
page_index,time_cycles
0,39138
page_index,time_cycles
0,88640
page_index,time_cycles
0,36968
page_index,time_cycles
0,49300
page_index,time_cycles
0,36718
page_index,time_cycles
0,44524
page_index,time_cycles
0,35688
page_index,time_cycles
0,36258
page_index,time_cycles
0,33044
page_index,time_cycles
0,37120
page_index,time_cycles
0,35162
page_index,time_cycles
0,36732
page_index,time_cycles
0,43796
page_index,time_cycles
0,71550
page_index,time_cycles
0,59166
page_index,time_cycles
0,44270
page_index,time_cycles
0,35386
page_index,time_cycles
0,41954
page_index,time_cycles
0,45322
page_index,time_cycles
0,46656
page_index,time_cycles
0,44506
page_index,time_cycles
0,48366
page_index,time_cycles
0,46958
page_index,time_cycles
0,52764
page_index,time_cycles
0,37176
page_index,time_cycles
0,42486
page_index,time_cycles
0,62630
page_index,time_cycles
0,42522
page_index,time_cycles
0,34512
page_index,time_cycles
0,43594
page_index,time_cycles
0,42004
page_index,time_cycles
0,35128
page_index,time_cycles
0,75826
page_index,time_cycles
0,33878
page_index,time_cycles
0,43982
page_index,time_cycles
0,45154
page_index,time_cycles
0,35154
page_index,time_cycles
0,59284
page_index,time_cycles
0,40984
page_index,time_cycles
0,35692
page_index,time_cycles
0,44174
page_index,time_cycles
0,46504
page_index,time_cycles
0,37338
page_index,time_cycles
0,33600
page_index,time_cycles
0,42080
page_index,time_cycles
0,44516
page_index,time_cycles
0,40758
page_index,time_cycles
0,63810
page_index,time_cycles
0,42072
page_index,time_cycles
0,43800
page_index,time_cycles
0,42182
page_index,time_cycles
0,41338
page_index,time_cycles
0,42224
page_index,time_cycles
0,36656
page_index,time_cycles
0,45312
page_index,time_cycles
0,42044
page_index,time_cycles
0,48086
page_index,time_cycles
0,34666
page_index,time_cycles
0,71744
page_index,time_cycles
0,58030
page_index,time_cycles
0,34584
page_index,time_cycles
0,36934
page_index,time_cycles
0,35258
page_index,time_cycles
0,36606
page_index,time_cycles
0,40950
page_index,time_cycles
0,64010
page_index,time_cycles
0,41762
page_index,time_cycles
0,47616
page_index,time_cycles
0,38722
page_index,time_cycles
0,41304
page_index,time_cycles
0,40274
page_index,time_cycles
0,36430
page_index,time_cycles
0,42620
page_index,time_cycles
0,40402
page_index,time_cycles
0,44032
page_index,time_cycles
0,76160
page_index,time_cycles
0,37074
page_index,time_cycles
0,36006
page_index,time_cycles
0,44232
page_index,time_cycles
0,44358
page_index,time_cycles
0,38024
page_index,time_cycles
0,34958
page_index,time_cycles
0,36848
page_index,time_cycles
0,36308
page_index,time_cycles
0,36756
page_index,time_cycles
0,37996
page_index,time_cycles
0,57150
page_index,time_cycles
0,33760
page_index,time_cycles
0,52096
page_index,time_cycles
0,44218
page_index,time_cycles
0,41566
page_index,time_cycles
0,40826
page_index,time_cycles
0,44334
page_index,time_cycles
0,48018
page_index,time_cycles
0,38412
page_index,time_cycles
0,49016
page_index,time_cycles
0,39608
page_index,time_cycles
0,38324
page_index,time_cycles
0,40680
page_index,time_cycles
0,52162
page_index,time_cycles
0,39724
page_index,time_cycles
0,47858
page_index,time_cycles
0,39966
page_index,time_cycles
0,44354
page_index,time_cycles
0,63602
page_index,time_cycles
0,56940
page_index,time_cycles
0,45202
page_index,time_cycles
0,38026
page_index,time_cycles
0,40976
page_index,time_cycles
0,50388
page_index,time_cycles
0,41130
page_index,time_cycles
0,41814
page_index,time_cycles
0,35762
page_index,time_cycles
0,38262
page_index,time_cycles
0,43410
page_index,time_cycles
0,33758
page_index,time_cycles
0,36452
page_index,time_cycles
0,40668
page_index,time_cycles
0,44358
page_index,time_cycles
0,45126
page_index,time_cycles
0,42176
page_index,time_cycles
0,41282
page_index,time_cycles
0,43828
page_index,time_cycles
0,42114
page_index,time_cycles
0,60568
page_index,time_cycles
0,61762
page_index,time_cycles
0,39560
page_index,time_cycles
0,42474
page_index,time_cycles
0,111216
page_index,time_cycles
0,82060
page_index,time_cycles
0,42086
page_index,time_cycles
0,41810
page_index,time_cycles
0,41030
page_index,time_cycles
0,43388
page_index,time_cycles
0,57744
page_index,time_cycles
0,39080
page_index,time_cycles
0,52826
page_index,time_cycles
0,39750
page_index,time_cycles
0,39288
page_index,time_cycles
0,46436
page_index,time_cycles
0,36008
page_index,time_cycles
0,103206
page_index,time_cycles
0,41548
page_index,time_cycles
0,34788
page_index,time_cycles
0,36826
page_index,time_cycles
0,44060
page_index,time_cycles
0,34550
page_index,time_cycles
0,41146
page_index,time_cycles
0,42348
page_index,time_cycles
0,35502
page_index,time_cycles
0,36096
page_index,time_cycles
0,49974
page_index,time_cycles
0,37564
page_index,time_cycles
0,53794
page_index,time_cycles
0,44552
page_index,time_cycles
0,36028
page_index,time_cycles
0,34748
page_index,time_cycles
0,66506
page_index,time_cycles
0,35770
page_index,time_cycles
0,36084
page_index,time_cycles
0,41106
page_index,time_cycles
0,48550
page_index,time_cycles
0,40640
page_index,time_cycles
0,46922
page_index,time_cycles
0,40822
page_index,time_cycles
0,33516
page_index,time_cycles
0,49294
page_index,time_cycles
0,39418
page_index,time_cycles
0,37020
page_index,time_cycles
0,36572
page_index,time_cycles
0,35334
page_index,time_cycles
0,41288
page_index,time_cycles
0,38124
page_index,time_cycles
0,43120
page_index,time_cycles
0,34232
page_index,time_cycles
0,41442
page_index,time_cycles
0,38896
page_index,time_cycles
0,38288
page_index,time_cycles
0,35666
page_index,time_cycles
0,47084
page_index,time_cycles
0,40050
page_index,time_cycles
0,34286
page_index,time_cycles
0,41854
page_index,time_cycles
0,47110
page_index,time_cycles
0,38510
page_index,time_cycles
0,36304
page_index,time_cycles
0,36970
page_index,time_cycles
0,49636
page_index,time_cycles
0,44542
page_index,time_cycles
0,40546
page_index,time_cycles
0,35396
page_index,time_cycles
0,45276
page_index,time_cycles
0,41432
page_index,time_cycles
0,35244
page_index,time_cycles
0,35814
page_index,time_cycles
0,48228
page_index,time_cycles
0,39056
page_index,time_cycles
0,36726
page_index,time_cycles
0,42018
page_index,time_cycles
0,46756
page_index,time_cycles
0,47320
page_index,time_cycles
0,33196
page_index,time_cycles
0,41450
page_index,time_cycles
0,35984
page_index,time_cycles
0,47816
page_index,time_cycles
0,40908
page_index,time_cycles
0,43370
page_index,time_cycles
0,35574
page_index,time_cycles
0,41714
page_index,time_cycles
0,49972
page_index,time_cycles
0,36516
page_index,time_cycles
0,36154
page_index,time_cycles
0,35502
page_index,time_cycles
0,41254
page_index,time_cycles
0,45490
page_index,time_cycles
0,43728
page_index,time_cycles
0,42274
page_index,time_cycles
0,40828
page_index,time_cycles
0,35728
page_index,time_cycles
0,41626
page_index,time_cycles
0,42930
page_index,time_cycles
0,42168
page_index,time_cycles
0,42338
page_index,time_cycles
0,40714
page_index,time_cycles
0,45076
page_index,time_cycles
0,43968
page_index,time_cycles
0,39666
page_index,time_cycles
0,39670
page_index,time_cycles
0,60260
page_index,time_cycles
0,43022
page_index,time_cycles
0,38862
page_index,time_cycles
0,36104
page_index,time_cycles
0,42798
page_index,time_cycles
0,60830
page_index,time_cycles
0,44962
page_index,time_cycles
0,35942
page_index,time_cycles
0,45360
page_index,time_cycles
0,36736
page_index,time_cycles
0,42938
page_index,time_cycles
0,39644
page_index,time_cycles
0,38322
page_index,time_cycles
0,41622
page_index,time_cycles
0,37910
page_index,time_cycles
0,42084
page_index,time_cycles
0,34420
page_index,time_cycles
0,58162
page_index,time_cycles
0,41798
page_index,time_cycles
0,38902
page_index,time_cycles
0,36802
page_index,time_cycles
0,40512
page_index,time_cycles
0,41992
page_index,time_cycles
0,33568
page_index,time_cycles
0,33096
page_index,time_cycles
0,39888
page_index,time_cycles
0,60834
page_index,time_cycles
0,42250
page_index,time_cycles
0,35770
page_index,time_cycles
0,41916
page_index,time_cycles
0,36746
page_index,time_cycles
0,35618
page_index,time_cycles
0,42704
page_index,time_cycles
0,35064
page_index,time_cycles
0,43402
page_index,time_cycles
0,35462
page_index,time_cycles
0,43482
page_index,time_cycles
0,40338
page_index,time_cycles
0,41100
page_index,time_cycles
0,41834
page_index,time_cycles
0,55076
page_index,time_cycles
0,42652
page_index,time_cycles
0,40562
page_index,time_cycles
0,37026
page_index,time_cycles
0,39962
page_index,time_cycles
0,39520
page_index,time_cycles
0,39016
page_index,time_cycles
0,41704
page_index,time_cycles
0,37652
page_index,time_cycles
0,39054
page_index,time_cycles
0,49158
page_index,time_cycles
0,52808
page_index,time_cycles
0,335218
page_index,time_cycles
0,35896
page_index,time_cycles
0,54080
page_index,time_cycles
0,67822
page_index,time_cycles
0,43992
page_index,time_cycles
0,49346
page_index,time_cycles
0,54650
page_index,time_cycles
0,40240
page_index,time_cycles
0,44650
page_index,time_cycles
0,34462
page_index,time_cycles
0,41622
page_index,time_cycles
0,59226
page_index,time_cycles
0,44280
page_index,time_cycles
0,46708
page_index,time_cycles
0,37680
page_index,time_cycles
0,42056
page_index,time_cycles
0,40906
page_index,time_cycles
0,37240
page_index,time_cycles
0,32610
page_index,time_cycles
0,43188
page_index,time_cycles
0,48706
page_index,time_cycles
0,40522
page_index,time_cycles
0,36678
page_index,time_cycles
0,42004
page_index,time_cycles
0,39738
page_index,time_cycles
0,50250
page_index,time_cycles
0,42656
page_index,time_cycles
0,36960
page_index,time_cycles
0,38290
page_index,time_cycles
0,44078
page_index,time_cycles
0,38118
page_index,time_cycles
0,44114
page_index,time_cycles
0,36972
page_index,time_cycles
0,40932
page_index,time_cycles
0,46906
page_index,time_cycles
0,36256
page_index,time_cycles
0,42306
page_index,time_cycles
0,40748
page_index,time_cycles
0,34362
page_index,time_cycles
0,37356
page_index,time_cycles
0,51582
page_index,time_cycles
0,34906
page_index,time_cycles
0,42964
page_index,time_cycles
0,56260
page_index,time_cycles
0,36504
page_index,time_cycles
0,40092
page_index,time_cycles
0,36558
page_index,time_cycles
0,41330
page_index,time_cycles
0,45980
page_index,time_cycles
0,54092
page_index,time_cycles
0,65240
page_index,time_cycles
0,41306
page_index,time_cycles
0,37004
page_index,time_cycles
0,38510
page_index,time_cycles
0,39682
page_index,time_cycles
0,36266
page_index,time_cycles
0,33856
page_index,time_cycles
0,43914
page_index,time_cycles
0,35190
page_index,time_cycles
0,37252
page_index,time_cycles
0,58466
page_index,time_cycles
0,35148
page_index,time_cycles
0,53240
page_index,time_cycles
0,43518
page_index,time_cycles
0,35604
page_index,time_cycles
0,34806
page_index,time_cycles
0,44494
page_index,time_cycles
0,41984
page_index,time_cycles
0,72566
page_index,time_cycles
0,39928
page_index,time_cycles
0,37958
page_index,time_cycles
0,35692
page_index,time_cycles
0,430046
page_index,time_cycles
0,62692
page_index,time_cycles
0,58912
page_index,time_cycles
0,35534
page_index,time_cycles
0,42812
page_index,time_cycles
0,35518
page_index,time_cycles
0,39060
page_index,time_cycles
0,35390
page_index,time_cycles
0,37054
page_index,time_cycles
0,43452
page_index,time_cycles
0,41330
page_index,time_cycles
0,35390
page_index,time_cycles
0,35414
page_index,time_cycles
0,42616
page_index,time_cycles
0,36836
page_index,time_cycles
0,36246
page_index,time_cycles
0,41974
page_index,time_cycles
0,38468
page_index,time_cycles
0,46334
page_index,time_cycles
0,52220
page_index,time_cycles
0,63712
page_index,time_cycles
0,35494
page_index,time_cycles
0,33974
page_index,time_cycles
0,40358
page_index,time_cycles
0,42712
page_index,time_cycles
0,34356
page_index,time_cycles
0,37486
page_index,time_cycles
0,40550
page_index,time_cycles
0,35244
page_index,time_cycles
0,35942
page_index,time_cycles
0,35274
page_index,time_cycles
0,42730
page_index,time_cycles
0,35894
page_index,time_cycles
0,37998
page_index,time_cycles
0,36600
page_index,time_cycles
0,36098
page_index,time_cycles
0,36736
page_index,time_cycles
0,52760
page_index,time_cycles
0,52626
page_index,time_cycles
0,43842
page_index,time_cycles
0,35940
page_index,time_cycles
0,36486
page_index,time_cycles
0,38928
page_index,time_cycles
0,40332
page_index,time_cycles
0,36002
page_index,time_cycles
0,43352
page_index,time_cycles
0,116120
page_index,time_cycles
0,41806
page_index,time_cycles
0,35766
page_index,time_cycles
0,55638
page_index,time_cycles
0,52400
page_index,time_cycles
0,41928
page_index,time_cycles
0,35518
page_index,time_cycles
0,41446
page_index,time_cycles
0,34934
page_index,time_cycles
0,42504
page_index,time_cycles
0,36246
page_index,time_cycles
0,48322
page_index,time_cycles
0,42898
page_index,time_cycles
0,37538
page_index,time_cycles
0,36618
page_index,time_cycles
0,42590
page_index,time_cycles
0,41612
page_index,time_cycles
0,42824
page_index,time_cycles
0,40410
page_index,time_cycles
0,42810
page_index,time_cycles
0,47590
page_index,time_cycles
0,46214
page_index,time_cycles
0,41662
page_index,time_cycles
0,40744
page_index,time_cycles
0,43422
page_index,time_cycles
0,41950
page_index,time_cycles
0,40408
page_index,time_cycles
0,50630
page_index,time_cycles
0,43920
page_index,time_cycles
0,36250
page_index,time_cycles
0,37216
page_index,time_cycles
0,34732
page_index,time_cycles
0,34612
page_index,time_cycles
0,45978
page_index,time_cycles
0,34416
page_index,time_cycles
0,37804
page_index,time_cycles
0,42022
page_index,time_cycles
0,46152
page_index,time_cycles
0,37662
page_index,time_cycles
0,35292
page_index,time_cycles
0,35404
page_index,time_cycles
0,36256
page_index,time_cycles
0,44934
page_index,time_cycles
0,40416
page_index,time_cycles
0,42454
page_index,time_cycles
0,36534
page_index,time_cycles
0,37760
page_index,time_cycles
0,42102
page_index,time_cycles
0,40788
page_index,time_cycles
0,44268
page_index,time_cycles
0,46226
page_index,time_cycles
0,55154
page_index,time_cycles
0,42732
page_index,time_cycles
0,35682
page_index,time_cycles
0,36000
page_index,time_cycles
0,45560
page_index,time_cycles
0,35744
page_index,time_cycles
0,39780
page_index,time_cycles
0,40604
page_index,time_cycles
0,43874
page_index,time_cycles
0,45270
page_index,time_cycles
0,35484
page_index,time_cycles
0,44812
page_index,time_cycles
0,35756
page_index,time_cycles
0,40230
page_index,time_cycles
0,75200
page_index,time_cycles
0,36078
page_index,time_cycles
0,59048
page_index,time_cycles
0,34890
page_index,time_cycles
0,43710
page_index,time_cycles
0,40416
page_index,time_cycles
0,42918
page_index,time_cycles
0,44936
page_index,time_cycles
0,38980
page_index,time_cycles
0,37514
page_index,time_cycles
0,43914
page_index,time_cycles
0,34782
page_index,time_cycles
0,36890
page_index,time_cycles
0,42852
page_index,time_cycles
0,36792
page_index,time_cycles
0,35426
page_index,time_cycles
0,36862
page_index,time_cycles
0,64448
page_index,time_cycles
0,35058
page_index,time_cycles
0,43990
page_index,time_cycles
0,33466
page_index,time_cycles
0,36434
page_index,time_cycles
0,34894
page_index,time_cycles
0,32442
page_index,time_cycles
0,33910
page_index,time_cycles
0,34970
page_index,time_cycles
0,34940
page_index,time_cycles
0,37612
page_index,time_cycles
0,44922
page_index,time_cycles
0,36274
page_index,time_cycles
0,47548
page_index,time_cycles
0,40452
page_index,time_cycles
0,34784
page_index,time_cycles
0,47844
page_index,time_cycles
0,35660
page_index,time_cycles
0,60530
page_index,time_cycles
0,59016
page_index,time_cycles
0,42828
page_index,time_cycles
0,38852
page_index,time_cycles
0,36244
page_index,time_cycles
0,43696
page_index,time_cycles
0,77036
page_index,time_cycles
0,42060
page_index,time_cycles
0,36612
page_index,time_cycles
0,36060
page_index,time_cycles
0,36546
page_index,time_cycles
0,42194
page_index,time_cycles
0,64330
page_index,time_cycles
0,39952
page_index,time_cycles
0,43814
page_index,time_cycles
0,58802
page_index,time_cycles
0,35168
page_index,time_cycles
0,42486
page_index,time_cycles
0,47242
page_index,time_cycles
0,56166
page_index,time_cycles
0,50300
page_index,time_cycles
0,83664
page_index,time_cycles
0,53754
page_index,time_cycles
0,45186
page_index,time_cycles
0,38636
page_index,time_cycles
0,46264
page_index,time_cycles
0,71424
page_index,time_cycles
0,35734
page_index,time_cycles
0,50412
page_index,time_cycles
0,70144
page_index,time_cycles
0,74392
page_index,time_cycles
0,33536
page_index,time_cycles
0,35830
page_index,time_cycles
0,39178
page_index,time_cycles
0,36930
page_index,time_cycles
0,36762
page_index,time_cycles
0,40176
page_index,time_cycles
0,34358
page_index,time_cycles
0,91766
page_index,time_cycles
0,48488
page_index,time_cycles
0,43346
page_index,time_cycles
0,39760
page_index,time_cycles
0,43278
page_index,time_cycles
0,59808
page_index,time_cycles
0,35444
page_index,time_cycles
0,41034
page_index,time_cycles
0,36628
page_index,time_cycles
0,35958
page_index,time_cycles
0,55414
page_index,time_cycles
0,59988
page_index,time_cycles
0,35514
page_index,time_cycles
0,34542
page_index,time_cycles
0,40718
page_index,time_cycles
0,49050
page_index,time_cycles
0,67018
page_index,time_cycles
0,39958
page_index,time_cycles
0,65590
page_index,time_cycles
0,35596
page_index,time_cycles
0,43034
page_index,time_cycles
0,86454
page_index,time_cycles
0,34990
page_index,time_cycles
0,43896
page_index,time_cycles
0,45858
page_index,time_cycles
0,42326
page_index,time_cycles
0,35020
page_index,time_cycles
0,44284
page_index,time_cycles
0,41206
page_index,time_cycles
0,35516
page_index,time_cycles
0,40538
page_index,time_cycles
0,47738
page_index,time_cycles
0,41436
page_index,time_cycles
0,37368
page_index,time_cycles
0,53474
page_index,time_cycles
0,40428
page_index,time_cycles
0,45052
page_index,time_cycles
0,48818
page_index,time_cycles
0,45780
page_index,time_cycles
0,52576
page_index,time_cycles
0,40766
page_index,time_cycles
0,41864
page_index,time_cycles
0,44116
page_index,time_cycles
0,40108
page_index,time_cycles
0,52064
page_index,time_cycles
0,35998
page_index,time_cycles
0,36434
page_index,time_cycles
0,57804
page_index,time_cycles
0,38058
page_index,time_cycles
0,44926
page_index,time_cycles
0,44360
page_index,time_cycles
0,41770
page_index,time_cycles
0,46516
page_index,time_cycles
0,58632
page_index,time_cycles
0,35284
page_index,time_cycles
0,38238
page_index,time_cycles
0,47162
page_index,time_cycles
0,34496
page_index,time_cycles
0,38468
page_index,time_cycles
0,39840
page_index,time_cycles
0,48622
page_index,time_cycles
0,41400
page_index,time_cycles
0,44654
page_index,time_cycles
0,45098
page_index,time_cycles
0,40030
page_index,time_cycles
0,42096
page_index,time_cycles
0,39926
page_index,time_cycles
0,35880
page_index,time_cycles
0,356160
page_index,time_cycles
0,42066
page_index,time_cycles
0,34738
page_index,time_cycles
0,36464
page_index,time_cycles
0,46490
page_index,time_cycles
0,44288
page_index,time_cycles
0,34994
page_index,time_cycles
0,35774
page_index,time_cycles
0,44886
page_index,time_cycles
0,41566
page_index,time_cycles
0,40360
page_index,time_cycles
0,37990
page_index,time_cycles
0,38122
page_index,time_cycles
0,46140
page_index,time_cycles
0,39542
page_index,time_cycles
0,39146
page_index,time_cycles
0,36626
page_index,time_cycles
0,44404
page_index,time_cycles
0,43860
page_index,time_cycles
0,38438
page_index,time_cycles
0,42780
page_index,time_cycles
0,43124
page_index,time_cycles
0,40340
page_index,time_cycles
0,36336
page_index,time_cycles
0,40364
page_index,time_cycles
0,36248
page_index,time_cycles
0,44170
page_index,time_cycles
0,43754
page_index,time_cycles
0,41152
page_index,time_cycles
0,42874
page_index,time_cycles
0,39514
page_index,time_cycles
0,55662
page_index,time_cycles
0,40778
page_index,time_cycles
0,36874
page_index,time_cycles
0,44722
page_index,time_cycles
0,36206
page_index,time_cycles
0,42724
page_index,time_cycles
0,39010
page_index,time_cycles
0,43216
page_index,time_cycles
0,43668
page_index,time_cycles
0,46510
page_index,time_cycles
0,40892
page_index,time_cycles
0,37488
page_index,time_cycles
0,66606
page_index,time_cycles
0,36438
page_index,time_cycles
0,42914
page_index,time_cycles
0,36170
page_index,time_cycles
0,46246
page_index,time_cycles
0,44672
page_index,time_cycles
0,55564
page_index,time_cycles
0,37498
page_index,time_cycles
0,37384
page_index,time_cycles
0,45482
page_index,time_cycles
0,51342
page_index,time_cycles
0,41586
page_index,time_cycles
0,35172
page_index,time_cycles
0,42684
page_index,time_cycles
0,37848
page_index,time_cycles
0,44862
page_index,time_cycles
0,43336
page_index,time_cycles
0,42608
page_index,time_cycles
0,40016
page_index,time_cycles
0,40958
page_index,time_cycles
0,35904
page_index,time_cycles
0,44320
page_index,time_cycles
0,43764
page_index,time_cycles
0,33570
page_index,time_cycles
0,41522
page_index,time_cycles
0,37122
page_index,time_cycles
0,38670
page_index,time_cycles
0,44608
page_index,time_cycles
0,34494
page_index,time_cycles
0,45568
page_index,time_cycles
0,35980
page_index,time_cycles
0,36006
page_index,time_cycles
0,34574
page_index,time_cycles
0,39360
page_index,time_cycles
0,42690
page_index,time_cycles
0,36504
page_index,time_cycles
0,40404
page_index,time_cycles
0,40574
page_index,time_cycles
0,40844
page_index,time_cycles
0,37788
page_index,time_cycles
0,42216
page_index,time_cycles
0,36550
page_index,time_cycles
0,34422
page_index,time_cycles
0,42542
page_index,time_cycles
0,35130
page_index,time_cycles
0,37638
page_index,time_cycles
0,35918
page_index,time_cycles
0,37742
page_index,time_cycles
0,44670
page_index,time_cycles
0,35940
page_index,time_cycles
0,51528
page_index,time_cycles
0,45630
page_index,time_cycles
0,36564
page_index,time_cycles
0,38484
page_index,time_cycles
0,36598
page_index,time_cycles
0,40694
page_index,time_cycles
0,37354
page_index,time_cycles
0,53394
page_index,time_cycles
0,43470
page_index,time_cycles
0,41954
page_index,time_cycles
0,34734
page_index,time_cycles
0,35968
page_index,time_cycles
0,35392
page_index,time_cycles
0,52678
page_index,time_cycles
0,42364
page_index,time_cycles
0,46022
page_index,time_cycles
0,42418
page_index,time_cycles
0,48932
page_index,time_cycles
0,36560
page_index,time_cycles
0,49740
page_index,time_cycles
0,42100
page_index,time_cycles
0,44380
page_index,time_cycles
0,48390
page_index,time_cycles
0,42244
page_index,time_cycles
0,37014
page_index,time_cycles
0,38000
page_index,time_cycles
0,38480
page_index,time_cycles
0,35648
page_index,time_cycles
0,50682
page_index,time_cycles
0,59504
page_index,time_cycles
0,55226
page_index,time_cycles
0,36576
page_index,time_cycles
0,42496
page_index,time_cycles
0,43008
page_index,time_cycles
0,39922
page_index,time_cycles
0,38002
page_index,time_cycles
0,37696
page_index,time_cycles
0,47278
page_index,time_cycles
0,58146
page_index,time_cycles
0,41710
page_index,time_cycles
0,40708
page_index,time_cycles
0,45110
page_index,time_cycles
0,38342
page_index,time_cycles
0,44578
page_index,time_cycles
0,56168
page_index,time_cycles
0,43514
page_index,time_cycles
0,73418
page_index,time_cycles
0,36172
page_index,time_cycles
0,57920
page_index,time_cycles
0,52062
page_index,time_cycles
0,37520
page_index,time_cycles
0,32482
page_index,time_cycles
0,46906
page_index,time_cycles
0,61230
page_index,time_cycles
0,34498
page_index,time_cycles
0,43606
page_index,time_cycles
0,38450
page_index,time_cycles
0,38734
page_index,time_cycles
0,37910
page_index,time_cycles
0,37242
page_index,time_cycles
0,48224
page_index,time_cycles
0,42434
page_index,time_cycles
0,35644
page_index,time_cycles
0,43182
page_index,time_cycles
0,34948
page_index,time_cycles
0,36656
page_index,time_cycles
0,37504
page_index,time_cycles
0,41848
page_index,time_cycles
0,44326
page_index,time_cycles
0,38716
page_index,time_cycles
0,43242
page_index,time_cycles
0,54896
page_index,time_cycles
0,47690
page_index,time_cycles
0,41864
page_index,time_cycles
0,51294
page_index,time_cycles
0,42444
page_index,time_cycles
0,43350
page_index,time_cycles
0,37054
page_index,time_cycles
0,39914
page_index,time_cycles
0,52990
page_index,time_cycles
0,36878
page_index,time_cycles
0,36734
page_index,time_cycles
0,36146
page_index,time_cycles
0,39698
page_index,time_cycles
0,36802
page_index,time_cycles
0,57696
page_index,time_cycles
0,35776
page_index,time_cycles
0,43208
page_index,time_cycles
0,38392
page_index,time_cycles
0,36028
page_index,time_cycles
0,37920
page_index,time_cycles
0,50128
page_index,time_cycles
0,41462
page_index,time_cycles
0,34722
page_index,time_cycles
0,43544
page_index,time_cycles
0,34990
page_index,time_cycles
0,33780
page_index,time_cycles
0,110172
page_index,time_cycles
0,42098
page_index,time_cycles
0,35796
page_index,time_cycles
0,44194
page_index,time_cycles
0,41302
page_index,time_cycles
0,35794
page_index,time_cycles
0,40978
page_index,time_cycles
0,44186
page_index,time_cycles
0,40724
page_index,time_cycles
0,34744
page_index,time_cycles
0,43290
page_index,time_cycles
0,36316
page_index,time_cycles
0,46922
page_index,time_cycles
0,43590
page_index,time_cycles
0,41228
page_index,time_cycles
0,36606
page_index,time_cycles
0,42136
page_index,time_cycles
0,59882
page_index,time_cycles
0,41194
page_index,time_cycles
0,36226
page_index,time_cycles
0,51764
page_index,time_cycles
0,44232
page_index,time_cycles
0,44338
page_index,time_cycles
0,36040
page_index,time_cycles
0,42722
page_index,time_cycles
0,34924
page_index,time_cycles
0,35658
page_index,time_cycles
0,43278
page_index,time_cycles
0,37274
page_index,time_cycles
0,36702
page_index,time_cycles
0,36342
page_index,time_cycles
0,38158
page_index,time_cycles
0,46626
page_index,time_cycles
0,39334
page_index,time_cycles
0,52806
page_index,time_cycles
0,42912
page_index,time_cycles
0,44258
page_index,time_cycles
0,120014
page_index,time_cycles
0,41608
page_index,time_cycles
0,62264
page_index,time_cycles
0,35826
page_index,time_cycles
0,34842
page_index,time_cycles
0,37230
page_index,time_cycles
0,33264
page_index,time_cycles
0,99634
page_index,time_cycles
0,37514
page_index,time_cycles
0,44214
page_index,time_cycles
0,44914
page_index,time_cycles
0,52588
page_index,time_cycles
0,43530
page_index,time_cycles
0,44684
page_index,time_cycles
0,42284
page_index,time_cycles
0,38190
page_index,time_cycles
0,69232
page_index,time_cycles
0,46340
page_index,time_cycles
0,37040
page_index,time_cycles
0,46756
page_index,time_cycles
0,45018
page_index,time_cycles
0,44188
page_index,time_cycles
0,51602
page_index,time_cycles
0,35998
page_index,time_cycles
0,51120
page_index,time_cycles
0,51114
page_index,time_cycles
0,41914
page_index,time_cycles
0,43424
page_index,time_cycles
0,42476
page_index,time_cycles
0,41276
page_index,time_cycles
0,42142
page_index,time_cycles
0,44842
page_index,time_cycles
0,35442
page_index,time_cycles
0,40508
page_index,time_cycles
0,37632
page_index,time_cycles
0,41610
page_index,time_cycles
0,64880
page_index,time_cycles
0,42698
page_index,time_cycles
0,36132
page_index,time_cycles
0,36158
page_index,time_cycles
0,38936
page_index,time_cycles
0,41072
page_index,time_cycles
0,42710
page_index,time_cycles
0,50816
page_index,time_cycles
0,48184
page_index,time_cycles
0,37122
page_index,time_cycles
0,34756
page_index,time_cycles
0,52792
page_index,time_cycles
0,34384
page_index,time_cycles
0,37614
page_index,time_cycles
0,65672
page_index,time_cycles
0,39358
page_index,time_cycles
0,33416
page_index,time_cycles
0,44754
page_index,time_cycles
0,34046
page_index,time_cycles
0,42778
page_index,time_cycles
0,35612
page_index,time_cycles
0,40520
page_index,time_cycles
0,39636
page_index,time_cycles
0,34220
page_index,time_cycles
0,40002
page_index,time_cycles
0,35610
page_index,time_cycles
0,39134
page_index,time_cycles
0,41694
page_index,time_cycles
0,61230
page_index,time_cycles
0,44232
page_index,time_cycles
0,47940
page_index,time_cycles
0,38008
page_index,time_cycles
0,44500
page_index,time_cycles
0,35926
page_index,time_cycles
0,50270
page_index,time_cycles
0,37620
page_index,time_cycles
0,35948
page_index,time_cycles
0,41644
page_index,time_cycles
0,41310
page_index,time_cycles
0,59194
page_index,time_cycles
0,36154
page_index,time_cycles
0,52180
page_index,time_cycles
0,43168
page_index,time_cycles
0,40746
page_index,time_cycles
0,35214
page_index,time_cycles
0,45810
page_index,time_cycles
0,41762
page_index,time_cycles
0,35786
page_index,time_cycles
0,35454
page_index,time_cycles
0,36506
page_index,time_cycles
0,40898
page_index,time_cycles
0,42858
page_index,time_cycles
0,34540
page_index,time_cycles
0,39808
page_index,time_cycles
0,53552
page_index,time_cycles
0,41404
page_index,time_cycles
0,41046
page_index,time_cycles
0,43528
page_index,time_cycles
0,43946
page_index,time_cycles
0,91992
page_index,time_cycles
0,35012
page_index,time_cycles
0,36228
page_index,time_cycles
0,34960
page_index,time_cycles
0,49366
page_index,time_cycles
0,39906
page_index,time_cycles
0,39480
page_index,time_cycles
0,37404
page_index,time_cycles
0,42462
page_index,time_cycles
0,34912
page_index,time_cycles
0,36284
page_index,time_cycles
0,40848
page_index,time_cycles
0,43196
page_index,time_cycles
0,40884
page_index,time_cycles
0,41240
page_index,time_cycles
0,34702
page_index,time_cycles
0,43446
page_index,time_cycles
0,58348
page_index,time_cycles
0,36944
page_index,time_cycles
0,41188
page_index,time_cycles
0,36450
page_index,time_cycles
0,33486
page_index,time_cycles
0,36028
page_index,time_cycles
0,38078
page_index,time_cycles
0,34532
page_index,time_cycles
0,39866
page_index,time_cycles
0,35010
page_index,time_cycles
0,72764
page_index,time_cycles
0,35210
page_index,time_cycles
0,42488
page_index,time_cycles
0,55880
page_index,time_cycles
0,35474
page_index,time_cycles
0,45058
page_index,time_cycles
0,37764
page_index,time_cycles
0,40062
page_index,time_cycles
0,45054
page_index,time_cycles
0,37318
page_index,time_cycles
0,41698
page_index,time_cycles
0,40098
page_index,time_cycles
0,53490
page_index,time_cycles
0,44590
page_index,time_cycles
0,41790
page_index,time_cycles
0,42928
page_index,time_cycles
0,36530
page_index,time_cycles
0,33742
page_index,time_cycles
0,41316
page_index,time_cycles
0,40414
page_index,time_cycles
0,34794
page_index,time_cycles
0,50678
page_index,time_cycles
0,41066
page_index,time_cycles
0,41008
page_index,time_cycles
0,37874
page_index,time_cycles
0,35622
page_index,time_cycles
0,37058
page_index,time_cycles
0,65458
page_index,time_cycles
0,33654
page_index,time_cycles
0,41920
page_index,time_cycles
0,57164
page_index,time_cycles
0,60176
page_index,time_cycles
0,88492
page_index,time_cycles
0,44766
page_index,time_cycles
0,35900
page_index,time_cycles
0,42422
page_index,time_cycles
0,41836
page_index,time_cycles
0,37648
page_index,time_cycles
0,41384
page_index,time_cycles
0,34248
page_index,time_cycles
0,35718
page_index,time_cycles
0,43568
page_index,time_cycles
0,37266
page_index,time_cycles
0,43984
page_index,time_cycles
0,35240
page_index,time_cycles
0,42382
page_index,time_cycles
0,44742
page_index,time_cycles
0,35254
page_index,time_cycles
0,45822
page_index,time_cycles
0,43038
page_index,time_cycles
0,44072
page_index,time_cycles
0,41676
page_index,time_cycles
0,42368
page_index,time_cycles
0,37192
page_index,time_cycles
0,36634
page_index,time_cycles
0,42810
page_index,time_cycles
0,34564
page_index,time_cycles
0,53036
page_index,time_cycles
0,49894
page_index,time_cycles
0,41958
page_index,time_cycles
0,43400
page_index,time_cycles
0,40660
page_index,time_cycles
0,41476
page_index,time_cycles
0,58032
page_index,time_cycles
0,43948
page_index,time_cycles
0,36386
page_index,time_cycles
0,36710
page_index,time_cycles
0,46134
page_index,time_cycles
0,42604
page_index,time_cycles
0,42400
page_index,time_cycles
0,40124
page_index,time_cycles
0,43634
page_index,time_cycles
0,34742
page_index,time_cycles
0,38422
page_index,time_cycles
0,40280
page_index,time_cycles
0,51664
page_index,time_cycles
0,45076
page_index,time_cycles
0,39384
page_index,time_cycles
0,41260
page_index,time_cycles
0,55066
page_index,time_cycles
0,56038
page_index,time_cycles
0,35476
page_index,time_cycles
0,51252
page_index,time_cycles
0,42362
page_index,time_cycles
0,35318
page_index,time_cycles
0,39106
page_index,time_cycles
0,41568
page_index,time_cycles
0,41022
page_index,time_cycles
0,35080
page_index,time_cycles
0,35074
page_index,time_cycles
0,37484
page_index,time_cycles
0,34874
page_index,time_cycles
0,41154
page_index,time_cycles
0,37372
page_index,time_cycles
0,35954
page_index,time_cycles
0,38688
page_index,time_cycles
0,38602
page_index,time_cycles
0,40882
page_index,time_cycles
0,40054
page_index,time_cycles
0,43588
page_index,time_cycles
0,42756
page_index,time_cycles
0,45488
page_index,time_cycles
0,43090
page_index,time_cycles
0,36822
page_index,time_cycles
0,70896
page_index,time_cycles
0,47736
page_index,time_cycles
0,39514
page_index,time_cycles
0,61672
page_index,time_cycles
0,40134
page_index,time_cycles
0,44120
page_index,time_cycles
0,35164
page_index,time_cycles
0,41412
page_index,time_cycles
0,76166
page_index,time_cycles
0,36550
page_index,time_cycles
0,34878
page_index,time_cycles
0,40118
page_index,time_cycles
0,63652
page_index,time_cycles
0,46764
page_index,time_cycles
0,59384
page_index,time_cycles
0,37490
page_index,time_cycles
0,41844
page_index,time_cycles
0,36688
page_index,time_cycles
0,43668
page_index,time_cycles
0,52488
page_index,time_cycles
0,42978
page_index,time_cycles
0,40732
page_index,time_cycles
0,39388
page_index,time_cycles
0,47208
page_index,time_cycles
0,37128
page_index,time_cycles
0,92538
page_index,time_cycles
0,36218
page_index,time_cycles
0,41656
page_index,time_cycles
0,43580
page_index,time_cycles
0,36140
page_index,time_cycles
0,35122
page_index,time_cycles
0,41790
page_index,time_cycles
0,42370
page_index,time_cycles
0,41940
page_index,time_cycles
0,44736
page_index,time_cycles
0,37622
page_index,time_cycles
0,63524
page_index,time_cycles
0,43338
page_index,time_cycles
0,51304
page_index,time_cycles
0,35750
page_index,time_cycles
0,50752
page_index,time_cycles
0,48066
page_index,time_cycles
0,41844
page_index,time_cycles
0,50582
page_index,time_cycles
0,42412
page_index,time_cycles
0,51388
page_index,time_cycles
0,43600
page_index,time_cycles
0,55894
page_index,time_cycles
0,39482
page_index,time_cycles
0,41818
page_index,time_cycles
0,52064
page_index,time_cycles
0,40018
page_index,time_cycles
0,42226
page_index,time_cycles
0,42800
page_index,time_cycles
0,35298
page_index,time_cycles
0,37542
page_index,time_cycles
0,36918
page_index,time_cycles
0,35500
page_index,time_cycles
0,44048
page_index,time_cycles
0,36548
page_index,time_cycles
0,34810
page_index,time_cycles
0,38366
page_index,time_cycles
0,60160
page_index,time_cycles
0,35186
page_index,time_cycles
0,34528
page_index,time_cycles
0,77466
page_index,time_cycles
0,34310
page_index,time_cycles
0,36448
page_index,time_cycles
0,37280
page_index,time_cycles
0,42790
page_index,time_cycles
0,50942
page_index,time_cycles
0,36830
page_index,time_cycles
0,39550
page_index,time_cycles
0,44190
page_index,time_cycles
0,41424
page_index,time_cycles
0,41442
page_index,time_cycles
0,42926
page_index,time_cycles
0,42072
page_index,time_cycles
0,41132
page_index,time_cycles
0,57900
page_index,time_cycles
0,51958
page_index,time_cycles
0,35056
page_index,time_cycles
0,35584
page_index,time_cycles
0,34726
page_index,time_cycles
0,39892
page_index,time_cycles
0,40968
page_index,time_cycles
0,38862
page_index,time_cycles
0,35890
page_index,time_cycles
0,36024
page_index,time_cycles
0,36808
page_index,time_cycles
0,42822
page_index,time_cycles
0,43330
page_index,time_cycles
0,44544
page_index,time_cycles
0,36768
page_index,time_cycles
0,43162
page_index,time_cycles
0,39860
page_index,time_cycles
0,36568
page_index,time_cycles
0,39736
page_index,time_cycles
0,53616
page_index,time_cycles
0,45928
page_index,time_cycles
0,60786
page_index,time_cycles
0,35584
page_index,time_cycles
0,43316
page_index,time_cycles
0,70118
page_index,time_cycles
0,34066
page_index,time_cycles
0,63826
page_index,time_cycles
0,41742
page_index,time_cycles
0,36356
page_index,time_cycles
0,34632
page_index,time_cycles
0,34738
page_index,time_cycles
0,37890
page_index,time_cycles
0,38138
page_index,time_cycles
0,41202
page_index,time_cycles
0,45626
page_index,time_cycles
0,70284
page_index,time_cycles
0,44266
page_index,time_cycles
0,35878
page_index,time_cycles
0,35430
page_index,time_cycles
0,34830
page_index,time_cycles
0,37944
page_index,time_cycles
0,34878
page_index,time_cycles
0,38032
page_index,time_cycles
0,54792
page_index,time_cycles
0,35296
page_index,time_cycles
0,73740
page_index,time_cycles
0,53384
page_index,time_cycles
0,60956
page_index,time_cycles
0,36752
page_index,time_cycles
0,39868
page_index,time_cycles
0,38292
page_index,time_cycles
0,46822
page_index,time_cycles
0,32560
page_index,time_cycles
0,33538
page_index,time_cycles
0,38084
page_index,time_cycles
0,38370
page_index,time_cycles
0,35722
page_index,time_cycles
0,35664
page_index,time_cycles
0,39340
page_index,time_cycles
0,43936
page_index,time_cycles
0,46766
page_index,time_cycles
0,53248
page_index,time_cycles
0,37216
page_index,time_cycles
0,42556
page_index,time_cycles
0,43702
page_index,time_cycles
0,44902
page_index,time_cycles
0,35478
page_index,time_cycles
0,38460
page_index,time_cycles
0,44040
page_index,time_cycles
0,35236
page_index,time_cycles
0,38300
page_index,time_cycles
0,34344
page_index,time_cycles
0,42100
page_index,time_cycles
0,46194
page_index,time_cycles
0,41800
page_index,time_cycles
0,35756
page_index,time_cycles
0,43728
page_index,time_cycles
0,41664
page_index,time_cycles
0,43906
page_index,time_cycles
0,33138
page_index,time_cycles
0,69752
page_index,time_cycles
0,37870
page_index,time_cycles
0,43990
page_index,time_cycles
0,41606
page_index,time_cycles
0,33464
page_index,time_cycles
0,38778
page_index,time_cycles
0,36212
page_index,time_cycles
0,45170
page_index,time_cycles
0,35286
page_index,time_cycles
0,62690
page_index,time_cycles
0,38854
page_index,time_cycles
0,44294
page_index,time_cycles
0,37366
page_index,time_cycles
0,54210
page_index,time_cycles
0,37972
page_index,time_cycles
0,44706
page_index,time_cycles
0,42664
page_index,time_cycles
0,41258
page_index,time_cycles
0,42550
page_index,time_cycles
0,38918
page_index,time_cycles
0,35978
page_index,time_cycles
0,37334
page_index,time_cycles
0,35962
page_index,time_cycles
0,42496
page_index,time_cycles
0,34598
page_index,time_cycles
0,36136
page_index,time_cycles
0,44972
page_index,time_cycles
0,35538
page_index,time_cycles
0,35988
page_index,time_cycles
0,36568
page_index,time_cycles
0,41784
page_index,time_cycles
0,33758
page_index,time_cycles
0,44186
page_index,time_cycles
0,37438
page_index,time_cycles
0,34392
page_index,time_cycles
0,35508
page_index,time_cycles
0,41948
page_index,time_cycles
0,41974
page_index,time_cycles
0,33500
page_index,time_cycles
0,33692
page_index,time_cycles
0,45360
page_index,time_cycles
0,37122
page_index,time_cycles
0,35548
page_index,time_cycles
0,45852
page_index,time_cycles
0,37548
page_index,time_cycles
0,42164
page_index,time_cycles
0,39008
page_index,time_cycles
0,33684
page_index,time_cycles
0,45720
page_index,time_cycles
0,49440
page_index,time_cycles
0,34896
page_index,time_cycles
0,36578
page_index,time_cycles
0,41896
page_index,time_cycles
0,36582
page_index,time_cycles
0,40716
page_index,time_cycles
0,45492
page_index,time_cycles
0,43386
page_index,time_cycles
0,50430
page_index,time_cycles
0,40550
page_index,time_cycles
0,36294
page_index,time_cycles
0,40828
page_index,time_cycles
0,43978
page_index,time_cycles
0,42848
page_index,time_cycles
0,35592
page_index,time_cycles
0,42392
page_index,time_cycles
0,40838
page_index,time_cycles
0,35032
page_index,time_cycles
0,42686
page_index,time_cycles
0,39618
page_index,time_cycles
0,35948
page_index,time_cycles
0,42506
page_index,time_cycles
0,43434
page_index,time_cycles
0,40750
page_index,time_cycles
0,43434
page_index,time_cycles
0,44410
page_index,time_cycles
0,37398
page_index,time_cycles
0,35732
page_index,time_cycles
0,56774
page_index,time_cycles
0,44184
page_index,time_cycles
0,34886
page_index,time_cycles
0,36078
page_index,time_cycles
0,36690
page_index,time_cycles
0,40722
page_index,time_cycles
0,43224
page_index,time_cycles
0,51816
page_index,time_cycles
0,57118
page_index,time_cycles
0,42094
page_index,time_cycles
0,44768
page_index,time_cycles
0,36302
page_index,time_cycles
0,59242
page_index,time_cycles
0,35788
page_index,time_cycles
0,42158
page_index,time_cycles
0,54202
page_index,time_cycles
0,41504
page_index,time_cycles
0,43336
page_index,time_cycles
0,42686
page_index,time_cycles
0,40946
page_index,time_cycles
0,65016
page_index,time_cycles
0,34814
page_index,time_cycles
0,33866
page_index,time_cycles
0,46462
page_index,time_cycles
0,60326
page_index,time_cycles
0,42470
page_index,time_cycles
0,45368
page_index,time_cycles
0,44980
page_index,time_cycles
0,45238
page_index,time_cycles
0,35558
page_index,time_cycles
0,42116
page_index,time_cycles
0,40634
page_index,time_cycles
0,33544
page_index,time_cycles
0,41962
page_index,time_cycles
0,52240
page_index,time_cycles
0,41634
page_index,time_cycles
0,43086
page_index,time_cycles
0,36192
page_index,time_cycles
0,35724
page_index,time_cycles
0,39822
page_index,time_cycles
0,35270
page_index,time_cycles
0,41218
page_index,time_cycles
0,42972
page_index,time_cycles
0,52434
page_index,time_cycles
0,45670
page_index,time_cycles
0,52334
page_index,time_cycles
0,43636
page_index,time_cycles
0,52278
page_index,time_cycles
0,36186
page_index,time_cycles
0,34956
page_index,time_cycles
0,42886
page_index,time_cycles
0,45048
page_index,time_cycles
0,43226
page_index,time_cycles
0,34952
page_index,time_cycles
0,35838
page_index,time_cycles
0,35042
page_index,time_cycles
0,45150
page_index,time_cycles
0,44136
page_index,time_cycles
0,35884
page_index,time_cycles
0,42874
page_index,time_cycles
0,35560
page_index,time_cycles
0,42322
page_index,time_cycles
0,33240
page_index,time_cycles
0,40496
page_index,time_cycles
0,49414
page_index,time_cycles
0,39174
page_index,time_cycles
0,43094
page_index,time_cycles
0,48182
page_index,time_cycles
0,36544
page_index,time_cycles
0,42874
page_index,time_cycles
0,35292
page_index,time_cycles
0,33572
page_index,time_cycles
0,44608
page_index,time_cycles
0,54438
page_index,time_cycles
0,35780
page_index,time_cycles
0,40884
page_index,time_cycles
0,40536
page_index,time_cycles
0,40056
page_index,time_cycles
0,43938
page_index,time_cycles
0,45400
page_index,time_cycles
0,44616
page_index,time_cycles
0,36818
page_index,time_cycles
0,57430
page_index,time_cycles
0,43290
page_index,time_cycles
0,37102
page_index,time_cycles
0,46260
page_index,time_cycles
0,109602
page_index,time_cycles
0,49690
page_index,time_cycles
0,34378
page_index,time_cycles
0,35604
page_index,time_cycles
0,36470
page_index,time_cycles
0,47312
page_index,time_cycles
0,38030
page_index,time_cycles
0,43164
page_index,time_cycles
0,36196
page_index,time_cycles
0,34034
page_index,time_cycles
0,46176
page_index,time_cycles
0,36768
page_index,time_cycles
0,37708
page_index,time_cycles
0,44248
page_index,time_cycles
0,34070
page_index,time_cycles
0,46462
page_index,time_cycles
0,34078
page_index,time_cycles
0,35900
page_index,time_cycles
0,35938
page_index,time_cycles
0,40968
page_index,time_cycles
0,44394
page_index,time_cycles
0,58232
page_index,time_cycles
0,40708
page_index,time_cycles
0,40906
page_index,time_cycles
0,38544
page_index,time_cycles
0,34278
page_index,time_cycles
0,53842
page_index,time_cycles
0,52576
page_index,time_cycles
0,43088
page_index,time_cycles
0,58416
page_index,time_cycles
0,42058
page_index,time_cycles
0,42254
page_index,time_cycles
0,50334
page_index,time_cycles
0,35478
page_index,time_cycles
0,35146
page_index,time_cycles
0,44414
page_index,time_cycles
0,43038
page_index,time_cycles
0,42506
page_index,time_cycles
0,34378
page_index,time_cycles
0,40940
page_index,time_cycles
0,36068
page_index,time_cycles
0,40486
page_index,time_cycles
0,39738
page_index,time_cycles
0,38846
page_index,time_cycles
0,42704
page_index,time_cycles
0,40694
page_index,time_cycles
0,43768
page_index,time_cycles
0,49186
page_index,time_cycles
0,41142
page_index,time_cycles
0,35768
page_index,time_cycles
0,33598
page_index,time_cycles
0,41404
page_index,time_cycles
0,36694
page_index,time_cycles
0,44900
page_index,time_cycles
0,52092
page_index,time_cycles
0,40900
page_index,time_cycles
0,66230
page_index,time_cycles
0,38294
page_index,time_cycles
0,38520
page_index,time_cycles
0,44442
page_index,time_cycles
0,45182
page_index,time_cycles
0,37514
page_index,time_cycles
0,47518
page_index,time_cycles
0,43696
page_index,time_cycles
0,45976
page_index,time_cycles
0,44276
page_index,time_cycles
0,46086
page_index,time_cycles
0,48480
page_index,time_cycles
0,39712
page_index,time_cycles
0,40714
page_index,time_cycles
0,42550
page_index,time_cycles
0,58156
page_index,time_cycles
0,35410
page_index,time_cycles
0,44738
page_index,time_cycles
0,34912
page_index,time_cycles
0,38254
page_index,time_cycles
0,41824
page_index,time_cycles
0,50862
page_index,time_cycles
0,37950
page_index,time_cycles
0,34520
page_index,time_cycles
0,36398
page_index,time_cycles
0,44410
page_index,time_cycles
0,51050
page_index,time_cycles
0,45904
page_index,time_cycles
0,34222
page_index,time_cycles
0,40070
page_index,time_cycles
0,43418
page_index,time_cycles
0,35884
page_index,time_cycles
0,33178
page_index,time_cycles
0,35980
page_index,time_cycles
0,37572
page_index,time_cycles
0,51394
page_index,time_cycles
0,42308
page_index,time_cycles
0,95760
page_index,time_cycles
0,35996
page_index,time_cycles
0,40516
page_index,time_cycles
0,45034
page_index,time_cycles
0,41530
page_index,time_cycles
0,55738
page_index,time_cycles
0,37340
page_index,time_cycles
0,38900
page_index,time_cycles
0,34456
page_index,time_cycles
0,38118
page_index,time_cycles
0,33970
page_index,time_cycles
0,44692
page_index,time_cycles
0,37774
page_index,time_cycles
0,39606
page_index,time_cycles
0,34628
page_index,time_cycles
0,50220
page_index,time_cycles
0,43420
page_index,time_cycles
0,37690
page_index,time_cycles
0,37960
page_index,time_cycles
0,35724
page_index,time_cycles
0,46126
page_index,time_cycles
0,55634
page_index,time_cycles
0,38764
page_index,time_cycles
0,36712
page_index,time_cycles
0,40218
page_index,time_cycles
0,58748
page_index,time_cycles
0,42244
page_index,time_cycles
0,48758
page_index,time_cycles
0,39288
page_index,time_cycles
0,35818
page_index,time_cycles
0,50010
page_index,time_cycles
0,35162
page_index,time_cycles
0,35092
page_index,time_cycles
0,33704
page_index,time_cycles
0,47650
page_index,time_cycles
0,37850
page_index,time_cycles
0,43716
page_index,time_cycles
0,43338
page_index,time_cycles
0,43078
page_index,time_cycles
0,33252
page_index,time_cycles
0,45158
page_index,time_cycles
0,46566
page_index,time_cycles
0,43712
page_index,time_cycles
0,41418
page_index,time_cycles
0,71662
page_index,time_cycles
0,50288
page_index,time_cycles
0,43448
page_index,time_cycles
0,41550
page_index,time_cycles
0,57600
page_index,time_cycles
0,44588
page_index,time_cycles
0,41012
page_index,time_cycles
0,40390
page_index,time_cycles
0,34718
page_index,time_cycles
0,35766
page_index,time_cycles
0,34544
page_index,time_cycles
0,41316
page_index,time_cycles
0,37042
page_index,time_cycles
0,35698
page_index,time_cycles
0,40176
page_index,time_cycles
0,41884
page_index,time_cycles
0,49700
page_index,time_cycles
0,44494
page_index,time_cycles
0,66854
page_index,time_cycles
0,44054
page_index,time_cycles
0,35788
page_index,time_cycles
0,37884
page_index,time_cycles
0,37768
page_index,time_cycles
0,35978
page_index,time_cycles
0,39606
page_index,time_cycles
0,37574
page_index,time_cycles
0,44434
page_index,time_cycles
0,42220
page_index,time_cycles
0,72348
page_index,time_cycles
0,36346
page_index,time_cycles
0,38968
page_index,time_cycles
0,43064
page_index,time_cycles
0,37158
page_index,time_cycles
0,66608
page_index,time_cycles
0,39354
page_index,time_cycles
0,51864
page_index,time_cycles
0,36802
page_index,time_cycles
0,41488
page_index,time_cycles
0,41474
page_index,time_cycles
0,41030
page_index,time_cycles
0,43806
page_index,time_cycles
0,42924
page_index,time_cycles
0,36378
page_index,time_cycles
0,40902
page_index,time_cycles
0,40310
page_index,time_cycles
0,35442
page_index,time_cycles
0,57314
page_index,time_cycles
0,45300
page_index,time_cycles
0,41436
page_index,time_cycles
0,35582
page_index,time_cycles
0,37956
page_index,time_cycles
0,43688
page_index,time_cycles
0,51382
page_index,time_cycles
0,41974
page_index,time_cycles
0,34576
page_index,time_cycles
0,53326
page_index,time_cycles
0,42350
page_index,time_cycles
0,132562
page_index,time_cycles
0,40690
page_index,time_cycles
0,37734
page_index,time_cycles
0,35918
page_index,time_cycles
0,42496
page_index,time_cycles
0,36126
page_index,time_cycles
0,39066
page_index,time_cycles
0,45594
page_index,time_cycles
0,35808
page_index,time_cycles
0,39882
page_index,time_cycles
0,37026
page_index,time_cycles
0,35602
page_index,time_cycles
0,34954
page_index,time_cycles
0,35606
page_index,time_cycles
0,34922
page_index,time_cycles
0,40848
page_index,time_cycles
0,63460
page_index,time_cycles
0,40946
page_index,time_cycles
0,37120
page_index,time_cycles
0,40394
page_index,time_cycles
0,43420
page_index,time_cycles
0,41532
page_index,time_cycles
0,38500
page_index,time_cycles
0,36288
page_index,time_cycles
0,41036
page_index,time_cycles
0,38484
page_index,time_cycles
0,47680
page_index,time_cycles
0,35742
page_index,time_cycles
0,59712
page_index,time_cycles
0,45526
page_index,time_cycles
0,41922
page_index,time_cycles
0,34284
page_index,time_cycles
0,46688
page_index,time_cycles
0,43168
page_index,time_cycles
0,60896
page_index,time_cycles
0,44536
page_index,time_cycles
0,36798
page_index,time_cycles
0,36262
page_index,time_cycles
0,35850
page_index,time_cycles
0,40134
page_index,time_cycles
0,45678
page_index,time_cycles
0,44186
page_index,time_cycles
0,35440
page_index,time_cycles
0,42520
page_index,time_cycles
0,44976
page_index,time_cycles
0,37400
page_index,time_cycles
0,44556
page_index,time_cycles
0,44628
page_index,time_cycles
0,50414
page_index,time_cycles
0,36008
page_index,time_cycles
0,41406
page_index,time_cycles
0,39278
page_index,time_cycles
0,40408
page_index,time_cycles
0,34568
page_index,time_cycles
0,41338
page_index,time_cycles
0,35242
page_index,time_cycles
0,34304
page_index,time_cycles
0,41858
page_index,time_cycles
0,42956
page_index,time_cycles
0,40160
page_index,time_cycles
0,38322
page_index,time_cycles
0,44578
page_index,time_cycles
0,43522
page_index,time_cycles
0,42542
page_index,time_cycles
0,42800
page_index,time_cycles
0,52428
page_index,time_cycles
0,37480
page_index,time_cycles
0,43570
page_index,time_cycles
0,37152
page_index,time_cycles
0,50024
page_index,time_cycles
0,34190
page_index,time_cycles
0,33974
page_index,time_cycles
0,34694
page_index,time_cycles
0,41990
page_index,time_cycles
0,49470
page_index,time_cycles
0,43704
page_index,time_cycles
0,35554
page_index,time_cycles
0,43404
page_index,time_cycles
0,48368
page_index,time_cycles
0,37620
page_index,time_cycles
0,40768
page_index,time_cycles
0,38104
page_index,time_cycles
0,37338
page_index,time_cycles
0,41664
page_index,time_cycles
0,33664
page_index,time_cycles
0,37868
page_index,time_cycles
0,40274
page_index,time_cycles
0,41844
page_index,time_cycles
0,41790
page_index,time_cycles
0,40928
page_index,time_cycles
0,37636
page_index,time_cycles
0,33630
page_index,time_cycles
0,36100
page_index,time_cycles
0,37448
page_index,time_cycles
0,36038
page_index,time_cycles
0,45068
page_index,time_cycles
0,44596
page_index,time_cycles
0,52922
page_index,time_cycles
0,35424
page_index,time_cycles
0,37610
page_index,time_cycles
0,45244
page_index,time_cycles
0,53392
page_index,time_cycles
0,34692
page_index,time_cycles
0,35632
page_index,time_cycles
0,38666
page_index,time_cycles
0,37106
page_index,time_cycles
0,39162
page_index,time_cycles
0,42134
page_index,time_cycles
0,36158
page_index,time_cycles
0,36278
page_index,time_cycles
0,34774
page_index,time_cycles
0,44508
page_index,time_cycles
0,39064
page_index,time_cycles
0,37440
page_index,time_cycles
0,42280
page_index,time_cycles
0,58512
page_index,time_cycles
0,42462
page_index,time_cycles
0,45656
page_index,time_cycles
0,50230
page_index,time_cycles
0,59656
page_index,time_cycles
0,35644
page_index,time_cycles
0,42236
page_index,time_cycles
0,35070
page_index,time_cycles
0,36978
page_index,time_cycles
0,44722
page_index,time_cycles
0,35146
page_index,time_cycles
0,46922
page_index,time_cycles
0,35950
page_index,time_cycles
0,36480
page_index,time_cycles
0,34894
page_index,time_cycles
0,35296
page_index,time_cycles
0,36342
page_index,time_cycles
0,36596
page_index,time_cycles
0,72674
page_index,time_cycles
0,35194
page_index,time_cycles
0,37630
page_index,time_cycles
0,46672
page_index,time_cycles
0,40386
page_index,time_cycles
0,35380
page_index,time_cycles
0,48604
page_index,time_cycles
0,35688
page_index,time_cycles
0,40800
page_index,time_cycles
0,39342
page_index,time_cycles
0,54068
page_index,time_cycles
0,34374
page_index,time_cycles
0,34768
page_index,time_cycles
0,35356
page_index,time_cycles
0,35776
page_index,time_cycles
0,39224
page_index,time_cycles
0,39896
page_index,time_cycles
0,38424
page_index,time_cycles
0,36808
page_index,time_cycles
0,32528
page_index,time_cycles
0,56970
page_index,time_cycles
0,36680
page_index,time_cycles
0,56954
page_index,time_cycles
0,34302
page_index,time_cycles
0,44638
page_index,time_cycles
0,39378
page_index,time_cycles
0,39174
page_index,time_cycles
0,41784
page_index,time_cycles
0,38116
page_index,time_cycles
0,55142
page_index,time_cycles
0,36382
page_index,time_cycles
0,34308
page_index,time_cycles
0,41850
page_index,time_cycles
0,41872
page_index,time_cycles
0,34834
page_index,time_cycles
0,37048
page_index,time_cycles
0,34440
page_index,time_cycles
0,51788
page_index,time_cycles
0,44058
page_index,time_cycles
0,51996
page_index,time_cycles
0,43008
page_index,time_cycles
0,36306
page_index,time_cycles
0,36508
page_index,time_cycles
0,39896
page_index,time_cycles
0,33620
page_index,time_cycles
0,35554
page_index,time_cycles
0,37408
page_index,time_cycles
0,40728
page_index,time_cycles
0,42330
page_index,time_cycles
0,35352
page_index,time_cycles
0,37520
page_index,time_cycles
0,36430
page_index,time_cycles
0,43918
page_index,time_cycles
0,34622
page_index,time_cycles
0,35740
page_index,time_cycles
0,35700
page_index,time_cycles
0,35564
page_index,time_cycles
0,43394
page_index,time_cycles
0,47100
page_index,time_cycles
0,51628
page_index,time_cycles
0,34468
page_index,time_cycles
0,36652
page_index,time_cycles
0,35060
page_index,time_cycles
0,42316
page_index,time_cycles
0,43680
page_index,time_cycles
0,43234
page_index,time_cycles
0,44180
page_index,time_cycles
0,34514
page_index,time_cycles
0,55640
page_index,time_cycles
0,45028
page_index,time_cycles
0,61618
page_index,time_cycles
0,34870
page_index,time_cycles
0,42374
page_index,time_cycles
0,43644
page_index,time_cycles
0,40342
page_index,time_cycles
0,41760
page_index,time_cycles
0,44090
page_index,time_cycles
0,36794
page_index,time_cycles
0,36536
page_index,time_cycles
0,35012
page_index,time_cycles
0,51798
page_index,time_cycles
0,52130
page_index,time_cycles
0,40402
page_index,time_cycles
0,34096
page_index,time_cycles
0,34512
page_index,time_cycles
0,34432
page_index,time_cycles
0,40456
page_index,time_cycles
0,53248
page_index,time_cycles
0,46414
page_index,time_cycles
0,46326
page_index,time_cycles
0,37156
page_index,time_cycles
0,43166
page_index,time_cycles
0,45812
page_index,time_cycles
0,33942
page_index,time_cycles
0,58926
page_index,time_cycles
0,43796
page_index,time_cycles
0,35722
page_index,time_cycles
0,39056
page_index,time_cycles
0,43056
page_index,time_cycles
0,46192
page_index,time_cycles
0,45512
page_index,time_cycles
0,45472
page_index,time_cycles
0,40846
page_index,time_cycles
0,79184
page_index,time_cycles
0,60484
page_index,time_cycles
0,44338
page_index,time_cycles
0,40044
page_index,time_cycles
0,45272
page_index,time_cycles
0,34096
page_index,time_cycles
0,45140
page_index,time_cycles
0,57036
page_index,time_cycles
0,39056
page_index,time_cycles
0,37060
page_index,time_cycles
0,44290
page_index,time_cycles
0,36332
page_index,time_cycles
0,37360
page_index,time_cycles
0,44890
page_index,time_cycles
0,38776
page_index,time_cycles
0,36722
page_index,time_cycles
0,39874
page_index,time_cycles
0,51376
page_index,time_cycles
0,47324
page_index,time_cycles
0,39870
page_index,time_cycles
0,39190
page_index,time_cycles
0,39918
page_index,time_cycles
0,38206
page_index,time_cycles
0,36996
page_index,time_cycles
0,41636
page_index,time_cycles
0,46412
page_index,time_cycles
0,35672
page_index,time_cycles
0,35566
page_index,time_cycles
0,41182
page_index,time_cycles
0,62936
page_index,time_cycles
0,37032
page_index,time_cycles
0,43990
page_index,time_cycles
0,47180
page_index,time_cycles
0,34746
page_index,time_cycles
0,34950
page_index,time_cycles
0,35496
page_index,time_cycles
0,43684
page_index,time_cycles
0,45148
page_index,time_cycles
0,58910
page_index,time_cycles
0,40626
page_index,time_cycles
0,75446
page_index,time_cycles
0,39358
page_index,time_cycles
0,34666
page_index,time_cycles
0,43938
page_index,time_cycles
0,35952
page_index,time_cycles
0,37722
page_index,time_cycles
0,42582
page_index,time_cycles
0,33714
page_index,time_cycles
0,36074
page_index,time_cycles
0,46544
page_index,time_cycles
0,36326
page_index,time_cycles
0,107214
page_index,time_cycles
0,98494
page_index,time_cycles
0,40190
page_index,time_cycles
0,39554
page_index,time_cycles
0,56938
page_index,time_cycles
0,43612
page_index,time_cycles
0,49120
page_index,time_cycles
0,41794
page_index,time_cycles
0,35600
page_index,time_cycles
0,35676
page_index,time_cycles
0,34414
page_index,time_cycles
0,35598
page_index,time_cycles
0,56798
page_index,time_cycles
0,58516
page_index,time_cycles
0,43736
page_index,time_cycles
0,54556
page_index,time_cycles
0,37560
page_index,time_cycles
0,37498
page_index,time_cycles
0,43340
page_index,time_cycles
0,42022
page_index,time_cycles
0,56310
page_index,time_cycles
0,53476
page_index,time_cycles
0,52254
page_index,time_cycles
0,34742
page_index,time_cycles
0,36872
page_index,time_cycles
0,37508
page_index,time_cycles
0,38110
page_index,time_cycles
0,57900
page_index,time_cycles
0,35182
page_index,time_cycles
0,62486
page_index,time_cycles
0,41478
page_index,time_cycles
0,47600
page_index,time_cycles
0,42354
page_index,time_cycles
0,48394
page_index,time_cycles
0,35872
page_index,time_cycles
0,36652
page_index,time_cycles
0,53362
page_index,time_cycles
0,37318
page_index,time_cycles
0,37794
page_index,time_cycles
0,43748
page_index,time_cycles
0,34212
page_index,time_cycles
0,35562
page_index,time_cycles
0,42540
page_index,time_cycles
0,34634
page_index,time_cycles
0,34134
page_index,time_cycles
0,38570
page_index,time_cycles
0,40208
page_index,time_cycles
0,40694
page_index,time_cycles
0,41936
page_index,time_cycles
0,35942
page_index,time_cycles
0,38144
page_index,time_cycles
0,35236
page_index,time_cycles
0,36258
page_index,time_cycles
0,38856
page_index,time_cycles
0,42816
page_index,time_cycles
0,51064
page_index,time_cycles
0,43860
page_index,time_cycles
0,40602
page_index,time_cycles
0,35460
page_index,time_cycles
0,37592
page_index,time_cycles
0,33716
page_index,time_cycles
0,33704
page_index,time_cycles
0,34580
page_index,time_cycles
0,55506
page_index,time_cycles
0,45356
page_index,time_cycles
0,35602
page_index,time_cycles
0,36866
page_index,time_cycles
0,36780
page_index,time_cycles
0,35758
page_index,time_cycles
0,39974
page_index,time_cycles
0,38950
page_index,time_cycles
0,65094
page_index,time_cycles
0,34148
page_index,time_cycles
0,42658
page_index,time_cycles
0,53988
page_index,time_cycles
0,60086
page_index,time_cycles
0,35274
page_index,time_cycles
0,41172
page_index,time_cycles
0,42078
page_index,time_cycles
0,36888
page_index,time_cycles
0,41882
page_index,time_cycles
0,44268
page_index,time_cycles
0,44570
page_index,time_cycles
0,41782
page_index,time_cycles
0,44576
page_index,time_cycles
0,35252
page_index,time_cycles
0,37138
page_index,time_cycles
0,36286
page_index,time_cycles
0,42886
page_index,time_cycles
0,41472
page_index,time_cycles
0,33794
page_index,time_cycles
0,42060
page_index,time_cycles
0,41850
page_index,time_cycles
0,43986
page_index,time_cycles
0,41086
page_index,time_cycles
0,33694
page_index,time_cycles
0,34240
page_index,time_cycles
0,34756
page_index,time_cycles
0,42036
page_index,time_cycles
0,43342
page_index,time_cycles
0,49018
page_index,time_cycles
0,44854
page_index,time_cycles
0,58212
page_index,time_cycles
0,36500
page_index,time_cycles
0,34678
page_index,time_cycles
0,36184
page_index,time_cycles
0,37180
page_index,time_cycles
0,42870
page_index,time_cycles
0,33232
page_index,time_cycles
0,73424
page_index,time_cycles
0,36690
page_index,time_cycles
0,35950
page_index,time_cycles
0,45328
page_index,time_cycles
0,44688
page_index,time_cycles
0,45224
page_index,time_cycles
0,34926
page_index,time_cycles
0,40430
page_index,time_cycles
0,84862
page_index,time_cycles
0,41464
page_index,time_cycles
0,41956
page_index,time_cycles
0,41284
page_index,time_cycles
0,41958
page_index,time_cycles
0,34448
page_index,time_cycles
0,42492
page_index,time_cycles
0,35606
page_index,time_cycles
0,36816
page_index,time_cycles
0,44316
page_index,time_cycles
0,35184
page_index,time_cycles
0,38032
page_index,time_cycles
0,35174
page_index,time_cycles
0,43044
page_index,time_cycles
0,43676
page_index,time_cycles
0,35766
page_index,time_cycles
0,37218
page_index,time_cycles
0,33606
page_index,time_cycles
0,34904
page_index,time_cycles
0,58210
page_index,time_cycles
0,35510
page_index,time_cycles
0,36564
page_index,time_cycles
0,39782
page_index,time_cycles
0,35270
page_index,time_cycles
0,75588
page_index,time_cycles
0,41422
page_index,time_cycles
0,36618
page_index,time_cycles
0,42472
page_index,time_cycles
0,47314
page_index,time_cycles
0,39782
page_index,time_cycles
0,35778
page_index,time_cycles
0,45694
page_index,time_cycles
0,36644
page_index,time_cycles
0,42444
page_index,time_cycles
0,36542
page_index,time_cycles
0,34990
page_index,time_cycles
0,41594
page_index,time_cycles
0,43492
page_index,time_cycles
0,36870
page_index,time_cycles
0,75268
page_index,time_cycles
0,34514
page_index,time_cycles
0,42186
page_index,time_cycles
0,34534
page_index,time_cycles
0,41136
page_index,time_cycles
0,44718
page_index,time_cycles
0,39904
page_index,time_cycles
0,47536
page_index,time_cycles
0,34126
page_index,time_cycles
0,38416
page_index,time_cycles
0,35212
page_index,time_cycles
0,39338
page_index,time_cycles
0,34162
page_index,time_cycles
0,34998
page_index,time_cycles
0,53254
page_index,time_cycles
0,40672
page_index,time_cycles
0,43328
page_index,time_cycles
0,47260
page_index,time_cycles
0,33768
page_index,time_cycles
0,59206
page_index,time_cycles
0,43662
page_index,time_cycles
0,47830
page_index,time_cycles
0,43030
page_index,time_cycles
0,72926
page_index,time_cycles
0,37136
page_index,time_cycles
0,34444
page_index,time_cycles
0,33752
page_index,time_cycles
0,36088
page_index,time_cycles
0,38152
page_index,time_cycles
0,35386
page_index,time_cycles
0,37568
page_index,time_cycles
0,38568
page_index,time_cycles
0,44480
page_index,time_cycles
0,48270
page_index,time_cycles
0,43758
page_index,time_cycles
0,40342
page_index,time_cycles
0,39318
page_index,time_cycles
0,39752
page_index,time_cycles
0,50070
page_index,time_cycles
0,34496
page_index,time_cycles
0,34836
page_index,time_cycles
0,52456
page_index,time_cycles
0,35570
page_index,time_cycles
0,50228
page_index,time_cycles
0,37950
page_index,time_cycles
0,44866
page_index,time_cycles
0,35950
page_index,time_cycles
0,151160
page_index,time_cycles
0,38230
page_index,time_cycles
0,39816
page_index,time_cycles
0,43020
page_index,time_cycles
0,43632
page_index,time_cycles
0,37022
page_index,time_cycles
0,35588
page_index,time_cycles
0,33238
page_index,time_cycles
0,51158
page_index,time_cycles
0,47440
page_index,time_cycles
0,35916
page_index,time_cycles
0,38966
page_index,time_cycles
0,34402
page_index,time_cycles
0,50420
page_index,time_cycles
0,48466
page_index,time_cycles
0,36208
page_index,time_cycles
0,34922
page_index,time_cycles
0,40664
page_index,time_cycles
0,35824
page_index,time_cycles
0,42438
page_index,time_cycles
0,69722
page_index,time_cycles
0,38970
page_index,time_cycles
0,51454
page_index,time_cycles
0,38988
page_index,time_cycles
0,50290
page_index,time_cycles
0,35686
page_index,time_cycles
0,42592
page_index,time_cycles
0,43006
page_index,time_cycles
0,41482
page_index,time_cycles
0,40588
page_index,time_cycles
0,43452
page_index,time_cycles
0,40002
page_index,time_cycles
0,36754
page_index,time_cycles
0,43428
page_index,time_cycles
0,46848
page_index,time_cycles
0,47078
page_index,time_cycles
0,34940
page_index,time_cycles
0,68984
page_index,time_cycles
0,130974
page_index,time_cycles
0,47488
page_index,time_cycles
0,47134
page_index,time_cycles
0,37650
page_index,time_cycles
0,41580
page_index,time_cycles
0,38472
page_index,time_cycles
0,36180
page_index,time_cycles
0,35714
page_index,time_cycles
0,41856
page_index,time_cycles
0,47928
page_index,time_cycles
0,39886
page_index,time_cycles
0,45336
page_index,time_cycles
0,46600
page_index,time_cycles
0,63258
page_index,time_cycles
0,56160
page_index,time_cycles
0,42858
page_index,time_cycles
0,42364
page_index,time_cycles
0,41118
page_index,time_cycles
0,38632
page_index,time_cycles
0,37600
page_index,time_cycles
0,38644
page_index,time_cycles
0,51980
page_index,time_cycles
0,37524
page_index,time_cycles
0,35134
page_index,time_cycles
0,46368
page_index,time_cycles
0,46386
page_index,time_cycles
0,34554
page_index,time_cycles
0,40546
page_index,time_cycles
0,51676
page_index,time_cycles
0,39244
page_index,time_cycles
0,38602
page_index,time_cycles
0,36008
page_index,time_cycles
0,37796
page_index,time_cycles
0,34748
page_index,time_cycles
0,34758
page_index,time_cycles
0,43850
page_index,time_cycles
0,44176
page_index,time_cycles
0,57192
page_index,time_cycles
0,36610
page_index,time_cycles
0,42828
page_index,time_cycles
0,37096
page_index,time_cycles
0,37196
page_index,time_cycles
0,44358
page_index,time_cycles
0,35512
page_index,time_cycles
0,33904
page_index,time_cycles
0,71918
page_index,time_cycles
0,42488
page_index,time_cycles
0,36512
page_index,time_cycles
0,42696
page_index,time_cycles
0,37162
page_index,time_cycles
0,42116
page_index,time_cycles
0,45558
page_index,time_cycles
0,44190
page_index,time_cycles
0,46156
page_index,time_cycles
0,36238
page_index,time_cycles
0,55384
page_index,time_cycles
0,42312
page_index,time_cycles
0,41988
page_index,time_cycles
0,43590
page_index,time_cycles
0,37298
page_index,time_cycles
0,37322
page_index,time_cycles
0,34348
page_index,time_cycles
0,43964
page_index,time_cycles
0,43298
page_index,time_cycles
0,40266
page_index,time_cycles
0,35488
page_index,time_cycles
0,67506
page_index,time_cycles
0,36554
page_index,time_cycles
0,43602
page_index,time_cycles
0,44700
page_index,time_cycles
0,36190
page_index,time_cycles
0,42714
page_index,time_cycles
0,35616
page_index,time_cycles
0,57552
page_index,time_cycles
0,69530
page_index,time_cycles
0,42116
page_index,time_cycles
0,40658
page_index,time_cycles
0,43936
page_index,time_cycles
0,42226
page_index,time_cycles
0,56146
page_index,time_cycles
0,50792
page_index,time_cycles
0,34720
page_index,time_cycles
0,55260
page_index,time_cycles
0,36690
page_index,time_cycles
0,45754
page_index,time_cycles
0,65940
page_index,time_cycles
0,39690
page_index,time_cycles
0,43810
page_index,time_cycles
0,35414
page_index,time_cycles
0,42968
page_index,time_cycles
0,42682
page_index,time_cycles
0,60292
page_index,time_cycles
0,43084
page_index,time_cycles
0,44232
page_index,time_cycles
0,36412
page_index,time_cycles
0,40356
page_index,time_cycles
0,56088
page_index,time_cycles
0,36774
page_index,time_cycles
0,39086
page_index,time_cycles
0,44946
page_index,time_cycles
0,43176
page_index,time_cycles
0,32958
page_index,time_cycles
0,45068
page_index,time_cycles
0,49276
page_index,time_cycles
0,39554
page_index,time_cycles
0,43138
page_index,time_cycles
0,34858
page_index,time_cycles
0,41044
page_index,time_cycles
0,34218
page_index,time_cycles
0,40756
page_index,time_cycles
0,37420
page_index,time_cycles
0,35768
page_index,time_cycles
0,40662
page_index,time_cycles
0,39292
page_index,time_cycles
0,49462
page_index,time_cycles
0,37764
page_index,time_cycles
0,35200
page_index,time_cycles
0,38706
page_index,time_cycles
0,43122
page_index,time_cycles
0,43516
page_index,time_cycles
0,41884
page_index,time_cycles
0,41314
page_index,time_cycles
0,35080
page_index,time_cycles
0,35984
page_index,time_cycles
0,46402
page_index,time_cycles
0,59634
page_index,time_cycles
0,35700
page_index,time_cycles
0,50272
page_index,time_cycles
0,41678
page_index,time_cycles
0,37382
page_index,time_cycles
0,34502
page_index,time_cycles
0,40652
page_index,time_cycles
0,36324
page_index,time_cycles
0,39624
page_index,time_cycles
0,43410
page_index,time_cycles
0,46236
page_index,time_cycles
0,45390
page_index,time_cycles
0,34386
page_index,time_cycles
0,42486
page_index,time_cycles
0,62226
page_index,time_cycles
0,44544
page_index,time_cycles
0,42212
page_index,time_cycles
0,34444
page_index,time_cycles
0,35890
page_index,time_cycles
0,52056
page_index,time_cycles
0,43234
page_index,time_cycles
0,34786
page_index,time_cycles
0,39014
page_index,time_cycles
0,53054
page_index,time_cycles
0,33216
page_index,time_cycles
0,42968
page_index,time_cycles
0,36236
page_index,time_cycles
0,43846
page_index,time_cycles
0,41764
page_index,time_cycles
0,42776
page_index,time_cycles
0,52618
page_index,time_cycles
0,43606
page_index,time_cycles
0,43428
page_index,time_cycles
0,43230
page_index,time_cycles
0,40200
page_index,time_cycles
0,50426
page_index,time_cycles
0,39824
page_index,time_cycles
0,36378
page_index,time_cycles
0,41166
page_index,time_cycles
0,38334
page_index,time_cycles
0,37610
page_index,time_cycles
0,42646
page_index,time_cycles
0,35376
page_index,time_cycles
0,38600
page_index,time_cycles
0,58468
page_index,time_cycles
0,41402
page_index,time_cycles
0,36010
page_index,time_cycles
0,77476
page_index,time_cycles
0,60528
page_index,time_cycles
0,42178
page_index,time_cycles
0,55276
page_index,time_cycles
0,42084
page_index,time_cycles
0,42266
page_index,time_cycles
0,56166
page_index,time_cycles
0,44494
page_index,time_cycles
0,46620
page_index,time_cycles
0,47290
page_index,time_cycles
0,34874
page_index,time_cycles
0,35484
page_index,time_cycles
0,35052
page_index,time_cycles
0,43808
page_index,time_cycles
0,46208
page_index,time_cycles
0,34732
page_index,time_cycles
0,34478
page_index,time_cycles
0,34722
page_index,time_cycles
0,37366
page_index,time_cycles
0,65772
page_index,time_cycles
0,40842
page_index,time_cycles
0,45276
page_index,time_cycles
0,54502
page_index,time_cycles
0,35068
page_index,time_cycles
0,39370
page_index,time_cycles
0,36046
page_index,time_cycles
0,45562
page_index,time_cycles
0,37816
page_index,time_cycles
0,40596
page_index,time_cycles
0,39614
page_index,time_cycles
0,52642
page_index,time_cycles
0,34720
page_index,time_cycles
0,36722
page_index,time_cycles
0,35094
page_index,time_cycles
0,40776
page_index,time_cycles
0,50630
page_index,time_cycles
0,40064
page_index,time_cycles
0,33952
page_index,time_cycles
0,39126
page_index,time_cycles
0,37032
page_index,time_cycles
0,34898
page_index,time_cycles
0,70832
page_index,time_cycles
0,41706
page_index,time_cycles
0,43084
page_index,time_cycles
0,50116
page_index,time_cycles
0,34202
page_index,time_cycles
0,46122
page_index,time_cycles
0,402030
page_index,time_cycles
0,41948
page_index,time_cycles
0,44776
page_index,time_cycles
0,41952
page_index,time_cycles
0,39242
page_index,time_cycles
0,56412
page_index,time_cycles
0,44184
page_index,time_cycles
0,36610
page_index,time_cycles
0,51042
page_index,time_cycles
0,34546
page_index,time_cycles
0,35648
page_index,time_cycles
0,77370
page_index,time_cycles
0,40014
page_index,time_cycles
0,61272
page_index,time_cycles
0,50806
page_index,time_cycles
0,48538
page_index,time_cycles
0,51394
page_index,time_cycles
0,44982
page_index,time_cycles
0,42378
page_index,time_cycles
0,35304
page_index,time_cycles
0,36566
page_index,time_cycles
0,55300
page_index,time_cycles
0,35738
page_index,time_cycles
0,35114
page_index,time_cycles
0,56988
page_index,time_cycles
0,32986
page_index,time_cycles
0,36800
page_index,time_cycles
0,37818
page_index,time_cycles
0,35852
page_index,time_cycles
0,35890
page_index,time_cycles
0,41466
page_index,time_cycles
0,35834
page_index,time_cycles
0,33056
page_index,time_cycles
0,38306
page_index,time_cycles
0,48328
page_index,time_cycles
0,37930
page_index,time_cycles
0,37606
page_index,time_cycles
0,35852
page_index,time_cycles
0,38552
page_index,time_cycles
0,53450
page_index,time_cycles
0,44314
page_index,time_cycles
0,37466
page_index,time_cycles
0,34716
page_index,time_cycles
0,37976
page_index,time_cycles
0,35140
page_index,time_cycles
0,42878
page_index,time_cycles
0,34220
page_index,time_cycles
0,63054
page_index,time_cycles
0,34256
page_index,time_cycles
0,41470
page_index,time_cycles
0,35578
page_index,time_cycles
0,34500
page_index,time_cycles
0,36998
page_index,time_cycles
0,59306
page_index,time_cycles
0,41610
page_index,time_cycles
0,42206
page_index,time_cycles
0,35094
page_index,time_cycles
0,40578
page_index,time_cycles
0,34688
page_index,time_cycles
0,39678
page_index,time_cycles
0,36206
page_index,time_cycles
0,41076
page_index,time_cycles
0,33778
page_index,time_cycles
0,34624
page_index,time_cycles
0,33716
page_index,time_cycles
0,36484
page_index,time_cycles
0,39382
page_index,time_cycles
0,41292
page_index,time_cycles
0,41976
page_index,time_cycles
0,37990
page_index,time_cycles
0,35714
page_index,time_cycles
0,36474
page_index,time_cycles
0,36850
page_index,time_cycles
0,38280
page_index,time_cycles
0,75036
page_index,time_cycles
0,46290
page_index,time_cycles
0,40440
page_index,time_cycles
0,34642
page_index,time_cycles
0,42620
page_index,time_cycles
0,40542
page_index,time_cycles
0,50028
page_index,time_cycles
0,38374
page_index,time_cycles
0,63016
page_index,time_cycles
0,35298
page_index,time_cycles
0,39336
page_index,time_cycles
0,39674
page_index,time_cycles
0,37398
page_index,time_cycles
0,35412
page_index,time_cycles
0,68464
page_index,time_cycles
0,38458
page_index,time_cycles
0,34540
page_index,time_cycles
0,37214
page_index,time_cycles
0,47650
page_index,time_cycles
0,85130
page_index,time_cycles
0,49434
page_index,time_cycles
0,45062
page_index,time_cycles
0,44652
page_index,time_cycles
0,40174
page_index,time_cycles
0,37768
page_index,time_cycles
0,37028
page_index,time_cycles
0,37622
page_index,time_cycles
0,42834
page_index,time_cycles
0,41750
page_index,time_cycles
0,42804
page_index,time_cycles
0,51164
page_index,time_cycles
0,44662
page_index,time_cycles
0,34420
page_index,time_cycles
0,35998
page_index,time_cycles
0,36726
page_index,time_cycles
0,33958
page_index,time_cycles
0,46454
page_index,time_cycles
0,42332
page_index,time_cycles
0,44280
page_index,time_cycles
0,42848
page_index,time_cycles
0,43908
page_index,time_cycles
0,35904
page_index,time_cycles
0,40608
page_index,time_cycles
0,40518
page_index,time_cycles
0,35858
page_index,time_cycles
0,36450
page_index,time_cycles
0,41432
page_index,time_cycles
0,56438
page_index,time_cycles
0,34510
page_index,time_cycles
0,45246
page_index,time_cycles
0,37516
page_index,time_cycles
0,34184
page_index,time_cycles
0,81420
page_index,time_cycles
0,39376
page_index,time_cycles
0,36124
page_index,time_cycles
0,37818
page_index,time_cycles
0,43842
page_index,time_cycles
0,41160
page_index,time_cycles
0,41440
page_index,time_cycles
0,33654
page_index,time_cycles
0,40966
page_index,time_cycles
0,34272
page_index,time_cycles
0,44980
page_index,time_cycles
0,35270
page_index,time_cycles
0,36594
page_index,time_cycles
0,34536
page_index,time_cycles
0,38928
page_index,time_cycles
0,47104
page_index,time_cycles
0,41774
page_index,time_cycles
0,44898
page_index,time_cycles
0,37544
page_index,time_cycles
0,43830
page_index,time_cycles
0,42704
page_index,time_cycles
0,41374
page_index,time_cycles
0,34222
page_index,time_cycles
0,46816
page_index,time_cycles
0,58866
page_index,time_cycles
0,41764
page_index,time_cycles
0,45242
page_index,time_cycles
0,66510
page_index,time_cycles
0,38740
page_index,time_cycles
0,42336
page_index,time_cycles
0,39756
page_index,time_cycles
0,59426
page_index,time_cycles
0,36104
page_index,time_cycles
0,38352
page_index,time_cycles
0,50964
page_index,time_cycles
0,34722
page_index,time_cycles
0,47350
page_index,time_cycles
0,44944
page_index,time_cycles
0,34724
page_index,time_cycles
0,55494
page_index,time_cycles
0,37962
page_index,time_cycles
0,35814
page_index,time_cycles
0,44898
page_index,time_cycles
0,33830
page_index,time_cycles
0,44626
page_index,time_cycles
0,36888
page_index,time_cycles
0,37762
page_index,time_cycles
0,47228
page_index,time_cycles
0,39604
page_index,time_cycles
0,43744
page_index,time_cycles
0,55504
page_index,time_cycles
0,41418
page_index,time_cycles
0,43568
page_index,time_cycles
0,44942
page_index,time_cycles
0,35542
page_index,time_cycles
0,33740
page_index,time_cycles
0,75740
page_index,time_cycles
0,52894
page_index,time_cycles
0,40466
page_index,time_cycles
0,35306
page_index,time_cycles
0,42208
page_index,time_cycles
0,42212
page_index,time_cycles
0,45600
page_index,time_cycles
0,46172
page_index,time_cycles
0,41438
page_index,time_cycles
0,34974
page_index,time_cycles
0,33252
page_index,time_cycles
0,34790
page_index,time_cycles
0,34226
page_index,time_cycles
0,41000
page_index,time_cycles
0,38118
page_index,time_cycles
0,42328
page_index,time_cycles
0,42622
page_index,time_cycles
0,43926
page_index,time_cycles
0,37806
page_index,time_cycles
0,40380
page_index,time_cycles
0,37918
page_index,time_cycles
0,35630
page_index,time_cycles
0,40554
page_index,time_cycles
0,76692
page_index,time_cycles
0,41506
page_index,time_cycles
0,34828
page_index,time_cycles
0,42934
page_index,time_cycles
0,52596
page_index,time_cycles
0,34492
page_index,time_cycles
0,36796
page_index,time_cycles
0,33868
page_index,time_cycles
0,37038
page_index,time_cycles
0,39328
page_index,time_cycles
0,34806
page_index,time_cycles
0,36846
page_index,time_cycles
0,37472
page_index,time_cycles
0,49670
page_index,time_cycles
0,44780
page_index,time_cycles
0,43286
page_index,time_cycles
0,36300
page_index,time_cycles
0,33184
page_index,time_cycles
0,51636
page_index,time_cycles
0,36150
page_index,time_cycles
0,36974
page_index,time_cycles
0,34002
page_index,time_cycles
0,35722
page_index,time_cycles
0,44402
page_index,time_cycles
0,42294
page_index,time_cycles
0,56806
page_index,time_cycles
0,62592
page_index,time_cycles
0,33640
page_index,time_cycles
0,37674
page_index,time_cycles
0,40026
page_index,time_cycles
0,39216
page_index,time_cycles
0,44206
page_index,time_cycles
0,36800
page_index,time_cycles
0,45584
page_index,time_cycles
0,44404
page_index,time_cycles
0,43854
page_index,time_cycles
0,33774
page_index,time_cycles
0,82838
page_index,time_cycles
0,36244
page_index,time_cycles
0,33382
page_index,time_cycles
0,36858
page_index,time_cycles
0,42404
page_index,time_cycles
0,245326
page_index,time_cycles
0,42000
page_index,time_cycles
0,45986
page_index,time_cycles
0,44620
page_index,time_cycles
0,40270
page_index,time_cycles
0,39502
page_index,time_cycles
0,36040
page_index,time_cycles
0,42086
page_index,time_cycles
0,45122
page_index,time_cycles
0,42400
page_index,time_cycles
0,53716
page_index,time_cycles
0,41472
page_index,time_cycles
0,40858
page_index,time_cycles
0,56808
page_index,time_cycles
0,53876
page_index,time_cycles
0,55776
page_index,time_cycles
0,55652
page_index,time_cycles
0,84156
page_index,time_cycles
0,38496
page_index,time_cycles
0,41656
page_index,time_cycles
0,51604
page_index,time_cycles
0,45064
page_index,time_cycles
0,44248
page_index,time_cycles
0,43118
page_index,time_cycles
0,35632
page_index,time_cycles
0,43040
page_index,time_cycles
0,36938
page_index,time_cycles
0,57810
page_index,time_cycles
0,42322
page_index,time_cycles
0,43942
page_index,time_cycles
0,40118
page_index,time_cycles
0,61778
page_index,time_cycles
0,38126
page_index,time_cycles
0,41056
page_index,time_cycles
0,42666
page_index,time_cycles
0,37464
page_index,time_cycles
0,37632
page_index,time_cycles
0,42134
page_index,time_cycles
0,42386
page_index,time_cycles
0,35898
page_index,time_cycles
0,44838
page_index,time_cycles
0,44320
page_index,time_cycles
0,56696
page_index,time_cycles
0,44260
page_index,time_cycles
0,35180
page_index,time_cycles
0,35470
page_index,time_cycles
0,37204
page_index,time_cycles
0,36372
page_index,time_cycles
0,36004
page_index,time_cycles
0,46866
page_index,time_cycles
0,35822
page_index,time_cycles
0,43490
page_index,time_cycles
0,36092
page_index,time_cycles
0,42094
page_index,time_cycles
0,34192
page_index,time_cycles
0,50682
page_index,time_cycles
0,40184
page_index,time_cycles
0,70778
page_index,time_cycles
0,37776
page_index,time_cycles
0,35658
page_index,time_cycles
0,42412
page_index,time_cycles
0,35412
page_index,time_cycles
0,38180
page_index,time_cycles
0,37262
page_index,time_cycles
0,44050
page_index,time_cycles
0,39374
page_index,time_cycles
0,42392
page_index,time_cycles
0,41150
page_index,time_cycles
0,43246
page_index,time_cycles
0,41710
page_index,time_cycles
0,40608
page_index,time_cycles
0,35294
page_index,time_cycles
0,36580
page_index,time_cycles
0,55876
page_index,time_cycles
0,41772
page_index,time_cycles
0,43464
page_index,time_cycles
0,34938
page_index,time_cycles
0,36686
page_index,time_cycles
0,43132
page_index,time_cycles
0,35266
page_index,time_cycles
0,43780
page_index,time_cycles
0,60892
page_index,time_cycles
0,36974
page_index,time_cycles
0,43488
page_index,time_cycles
0,44786
page_index,time_cycles
0,47098
page_index,time_cycles
0,35170
page_index,time_cycles
0,64938
page_index,time_cycles
0,41150
page_index,time_cycles
0,36396
page_index,time_cycles
0,35190
page_index,time_cycles
0,40066
page_index,time_cycles
0,33536
page_index,time_cycles
0,46208
page_index,time_cycles
0,44224
page_index,time_cycles
0,41572
page_index,time_cycles
0,41822
page_index,time_cycles
0,38984
page_index,time_cycles
0,61790
page_index,time_cycles
0,37574
page_index,time_cycles
0,38344
page_index,time_cycles
0,36638
page_index,time_cycles
0,46248
page_index,time_cycles
0,59474
page_index,time_cycles
0,36574
page_index,time_cycles
0,41250
page_index,time_cycles
0,57652
page_index,time_cycles
0,43774
page_index,time_cycles
0,41798
page_index,time_cycles
0,36034
page_index,time_cycles
0,34492
page_index,time_cycles
0,38070
page_index,time_cycles
0,50434
page_index,time_cycles
0,40462
page_index,time_cycles
0,89876
page_index,time_cycles
0,40514
page_index,time_cycles
0,40670
page_index,time_cycles
0,43100
page_index,time_cycles
0,59022
page_index,time_cycles
0,45264
page_index,time_cycles
0,37190
page_index,time_cycles
0,56746
page_index,time_cycles
0,43304
page_index,time_cycles
0,38200
page_index,time_cycles
0,44200
page_index,time_cycles
0,65392
page_index,time_cycles
0,41678
page_index,time_cycles
0,39658
page_index,time_cycles
0,35664
page_index,time_cycles
0,35524
page_index,time_cycles
0,41326
page_index,time_cycles
0,35052
page_index,time_cycles
0,39160
page_index,time_cycles
0,40882
page_index,time_cycles
0,46378
page_index,time_cycles
0,38802
page_index,time_cycles
0,40032
page_index,time_cycles
0,59200
page_index,time_cycles
0,41862
page_index,time_cycles
0,34782
page_index,time_cycles
0,40996
page_index,time_cycles
0,35734
page_index,time_cycles
0,38954
page_index,time_cycles
0,39848
page_index,time_cycles
0,47962
page_index,time_cycles
0,36096
page_index,time_cycles
0,40958
page_index,time_cycles
0,36436
page_index,time_cycles
0,37494
page_index,time_cycles
0,36126
page_index,time_cycles
0,36444
page_index,time_cycles
0,43450
page_index,time_cycles
0,52774
page_index,time_cycles
0,36048
page_index,time_cycles
0,35552
page_index,time_cycles
0,34360
page_index,time_cycles
0,49982
page_index,time_cycles
0,55152
page_index,time_cycles
0,58784
page_index,time_cycles
0,44084
page_index,time_cycles
0,63050
page_index,time_cycles
0,43590
page_index,time_cycles
0,36420
page_index,time_cycles
0,42578
page_index,time_cycles
0,44746
page_index,time_cycles
0,55284
page_index,time_cycles
0,32944
page_index,time_cycles
0,38318
page_index,time_cycles
0,42864
page_index,time_cycles
0,58806
page_index,time_cycles
0,45662
page_index,time_cycles
0,43010
page_index,time_cycles
0,35904
page_index,time_cycles
0,46056
page_index,time_cycles
0,42828
page_index,time_cycles
0,33798
page_index,time_cycles
0,60880
page_index,time_cycles
0,44188
page_index,time_cycles
0,34184
page_index,time_cycles
0,47148
page_index,time_cycles
0,37994
page_index,time_cycles
0,36668
page_index,time_cycles
0,36042
page_index,time_cycles
0,36102
page_index,time_cycles
0,35706
page_index,time_cycles
0,40854
page_index,time_cycles
0,36700
page_index,time_cycles
0,36534
page_index,time_cycles
0,54540
page_index,time_cycles
0,37398
page_index,time_cycles
0,52174
page_index,time_cycles
0,40790
page_index,time_cycles
0,54628
page_index,time_cycles
0,35846
page_index,time_cycles
0,37670
page_index,time_cycles
0,39674
page_index,time_cycles
0,40052
page_index,time_cycles
0,51388
page_index,time_cycles
0,35286
page_index,time_cycles
0,51916
page_index,time_cycles
0,42148
page_index,time_cycles
0,42824
page_index,time_cycles
0,35790
page_index,time_cycles
0,36236
page_index,time_cycles
0,37172
page_index,time_cycles
0,43744
page_index,time_cycles
0,35962
page_index,time_cycles
0,37298
page_index,time_cycles
0,49296
page_index,time_cycles
0,35638
page_index,time_cycles
0,35636
page_index,time_cycles
0,38132
page_index,time_cycles
0,37030
page_index,time_cycles
0,45382
page_index,time_cycles
0,36924
page_index,time_cycles
0,45398
page_index,time_cycles
0,37910
page_index,time_cycles
0,50426
page_index,time_cycles
0,41788
page_index,time_cycles
0,46030
page_index,time_cycles
0,35208
page_index,time_cycles
0,41536
page_index,time_cycles
0,38444
page_index,time_cycles
0,48738
page_index,time_cycles
0,37576
page_index,time_cycles
0,33750
page_index,time_cycles
0,43044
page_index,time_cycles
0,56872
page_index,time_cycles
0,36422
page_index,time_cycles
0,58252
page_index,time_cycles
0,76464
page_index,time_cycles
0,59550
page_index,time_cycles
0,34308
page_index,time_cycles
0,36814
page_index,time_cycles
0,35372
page_index,time_cycles
0,38308
page_index,time_cycles
0,41966
page_index,time_cycles
0,36856
page_index,time_cycles
0,34988
page_index,time_cycles
0,43166
page_index,time_cycles
0,43882
page_index,time_cycles
0,41214
page_index,time_cycles
0,42762
page_index,time_cycles
0,43764
page_index,time_cycles
0,38624
page_index,time_cycles
0,36328
page_index,time_cycles
0,35592
page_index,time_cycles
0,40520
page_index,time_cycles
0,50314
page_index,time_cycles
0,49252
page_index,time_cycles
0,40882
page_index,time_cycles
0,44326
page_index,time_cycles
0,41692
page_index,time_cycles
0,40770
page_index,time_cycles
0,50422
page_index,time_cycles
0,44024
page_index,time_cycles
0,51194
page_index,time_cycles
0,36062
page_index,time_cycles
0,41190
page_index,time_cycles
0,41674
page_index,time_cycles
0,36214
page_index,time_cycles
0,46840
page_index,time_cycles
0,41462
page_index,time_cycles
0,36098
page_index,time_cycles
0,37632
page_index,time_cycles
0,51962
page_index,time_cycles
0,40994
page_index,time_cycles
0,36394
page_index,time_cycles
0,43100
page_index,time_cycles
0,40732
page_index,time_cycles
0,35222
page_index,time_cycles
0,49504
page_index,time_cycles
0,44272
page_index,time_cycles
0,43658
page_index,time_cycles
0,37474
page_index,time_cycles
0,79166
page_index,time_cycles
0,43246
page_index,time_cycles
0,57624
page_index,time_cycles
0,36626
page_index,time_cycles
0,49734
page_index,time_cycles
0,40144
page_index,time_cycles
0,35388
page_index,time_cycles
0,44088
page_index,time_cycles
0,42276
page_index,time_cycles
0,34738
page_index,time_cycles
0,46850
page_index,time_cycles
0,62048
page_index,time_cycles
0,35868
page_index,time_cycles
0,35762
page_index,time_cycles
0,43616
page_index,time_cycles
0,38622
page_index,time_cycles
0,42732
page_index,time_cycles
0,43028
page_index,time_cycles
0,74006
page_index,time_cycles
0,50468
page_index,time_cycles
0,69690
page_index,time_cycles
0,46752
page_index,time_cycles
0,38376
page_index,time_cycles
0,40616
page_index,time_cycles
0,55518
page_index,time_cycles
0,35076
page_index,time_cycles
0,34604
page_index,time_cycles
0,58202
page_index,time_cycles
0,60184
page_index,time_cycles
0,38998
page_index,time_cycles
0,40220
page_index,time_cycles
0,36464
page_index,time_cycles
0,42766
page_index,time_cycles
0,48174
page_index,time_cycles
0,33310
page_index,time_cycles
0,44370
page_index,time_cycles
0,36264
page_index,time_cycles
0,37216
page_index,time_cycles
0,34004
page_index,time_cycles
0,56666
page_index,time_cycles
0,42610
page_index,time_cycles
0,44356
page_index,time_cycles
0,46814
page_index,time_cycles
0,36372
page_index,time_cycles
0,37980
page_index,time_cycles
0,39480
page_index,time_cycles
0,35444
page_index,time_cycles
0,34986
page_index,time_cycles
0,36532
page_index,time_cycles
0,50068
page_index,time_cycles
0,42144
page_index,time_cycles
0,44546
page_index,time_cycles
0,38278
page_index,time_cycles
0,43622
page_index,time_cycles
0,47690
page_index,time_cycles
0,45566
page_index,time_cycles
0,49786
page_index,time_cycles
0,42216
page_index,time_cycles
0,35146
page_index,time_cycles
0,36224
page_index,time_cycles
0,34250
page_index,time_cycles
0,41296
page_index,time_cycles
0,35070
page_index,time_cycles
0,46832
page_index,time_cycles
0,44472
page_index,time_cycles
0,47616
page_index,time_cycles
0,62664
page_index,time_cycles
0,44634
page_index,time_cycles
0,86352
page_index,time_cycles
0,34744
page_index,time_cycles
0,44588
page_index,time_cycles
0,62590
page_index,time_cycles
0,31892
page_index,time_cycles
0,44620
page_index,time_cycles
0,34530
page_index,time_cycles
0,42032
page_index,time_cycles
0,35842
page_index,time_cycles
0,42216
page_index,time_cycles
0,40634
page_index,time_cycles
0,64288
page_index,time_cycles
0,37564
page_index,time_cycles
0,43334
page_index,time_cycles
0,43828
page_index,time_cycles
0,46796
page_index,time_cycles
0,47528
page_index,time_cycles
0,46276
page_index,time_cycles
0,36392
page_index,time_cycles
0,49644
page_index,time_cycles
0,35898
page_index,time_cycles
0,33342
page_index,time_cycles
0,41072
page_index,time_cycles
0,33540
page_index,time_cycles
0,52470
page_index,time_cycles
0,36170
page_index,time_cycles
0,35356
page_index,time_cycles
0,38126
page_index,time_cycles
0,45024
page_index,time_cycles
0,60596
page_index,time_cycles
0,35612
page_index,time_cycles
0,38210
page_index,time_cycles
0,41212
page_index,time_cycles
0,41546
page_index,time_cycles
0,42336
page_index,time_cycles
0,41006
page_index,time_cycles
0,42966
page_index,time_cycles
0,72952
page_index,time_cycles
0,35830
page_index,time_cycles
0,35910
page_index,time_cycles
0,33964
page_index,time_cycles
0,53036
page_index,time_cycles
0,37292
page_index,time_cycles
0,52550
page_index,time_cycles
0,35200
page_index,time_cycles
0,35242
page_index,time_cycles
0,38672
page_index,time_cycles
0,57902
page_index,time_cycles
0,39160
page_index,time_cycles
0,75384
page_index,time_cycles
0,35102
page_index,time_cycles
0,39242
page_index,time_cycles
0,38400
page_index,time_cycles
0,33078
page_index,time_cycles
0,37618
page_index,time_cycles
0,69268
page_index,time_cycles
0,34072
page_index,time_cycles
0,43942
page_index,time_cycles
0,56718
page_index,time_cycles
0,39084
page_index,time_cycles
0,40544
page_index,time_cycles
0,37180
page_index,time_cycles
0,42244
page_index,time_cycles
0,41086
page_index,time_cycles
0,35570
page_index,time_cycles
0,35552
page_index,time_cycles
0,42850
page_index,time_cycles
0,41472
page_index,time_cycles
0,46362
page_index,time_cycles
0,43414
page_index,time_cycles
0,43850
page_index,time_cycles
0,33216
page_index,time_cycles
0,39418
page_index,time_cycles
0,54100
page_index,time_cycles
0,35408
page_index,time_cycles
0,35424
page_index,time_cycles
0,37574
page_index,time_cycles
0,53344
page_index,time_cycles
0,35492
page_index,time_cycles
0,44298
page_index,time_cycles
0,34912
page_index,time_cycles
0,38490
page_index,time_cycles
0,34014
page_index,time_cycles
0,55474
page_index,time_cycles
0,35236
page_index,time_cycles
0,37460
page_index,time_cycles
0,57886
page_index,time_cycles
0,35256
page_index,time_cycles
0,44978
page_index,time_cycles
0,37674
page_index,time_cycles
0,46100
page_index,time_cycles
0,37936
page_index,time_cycles
0,37168
page_index,time_cycles
0,42022
page_index,time_cycles
0,57774
page_index,time_cycles
0,42878
page_index,time_cycles
0,35812
page_index,time_cycles
0,43092
page_index,time_cycles
0,42104
page_index,time_cycles
0,62760
page_index,time_cycles
0,53318
page_index,time_cycles
0,62338
page_index,time_cycles
0,41714
page_index,time_cycles
0,55872
page_index,time_cycles
0,44442
page_index,time_cycles
0,35216
page_index,time_cycles
0,33288
page_index,time_cycles
0,38948
page_index,time_cycles
0,42640
page_index,time_cycles
0,33158
page_index,time_cycles
0,59772
page_index,time_cycles
0,44948
page_index,time_cycles
0,44510
page_index,time_cycles
0,50116
page_index,time_cycles
0,39238
page_index,time_cycles
0,38082
page_index,time_cycles
0,35664
page_index,time_cycles
0,34910
page_index,time_cycles
0,35504
page_index,time_cycles
0,49464
page_index,time_cycles
0,36868
page_index,time_cycles
0,48974
page_index,time_cycles
0,42912
page_index,time_cycles
0,37390
page_index,time_cycles
0,55006
page_index,time_cycles
0,35566
page_index,time_cycles
0,35194
page_index,time_cycles
0,35928
page_index,time_cycles
0,44256
page_index,time_cycles
0,36694
page_index,time_cycles
0,43812
page_index,time_cycles
0,36806
page_index,time_cycles
0,39018
page_index,time_cycles
0,41122
page_index,time_cycles
0,42250
page_index,time_cycles
0,41112
page_index,time_cycles
0,44788
page_index,time_cycles
0,42058
page_index,time_cycles
0,39998
page_index,time_cycles
0,39940
page_index,time_cycles
0,38594
page_index,time_cycles
0,41670
page_index,time_cycles
0,51398
page_index,time_cycles
0,43860
page_index,time_cycles
0,45968
page_index,time_cycles
0,41272
page_index,time_cycles
0,39402
page_index,time_cycles
0,42456
page_index,time_cycles
0,54832
page_index,time_cycles
0,36860
page_index,time_cycles
0,40426
page_index,time_cycles
0,37360
page_index,time_cycles
0,43352
page_index,time_cycles
0,35590
page_index,time_cycles
0,39158
page_index,time_cycles
0,37754
page_index,time_cycles
0,37466
page_index,time_cycles
0,43948
page_index,time_cycles
0,39810
page_index,time_cycles
0,35140
page_index,time_cycles
0,40058
page_index,time_cycles
0,42324
page_index,time_cycles
0,40774
page_index,time_cycles
0,33562
page_index,time_cycles
0,35980
page_index,time_cycles
0,63040
page_index,time_cycles
0,39870
page_index,time_cycles
0,56432
page_index,time_cycles
0,39818
page_index,time_cycles
0,42030
page_index,time_cycles
0,45540
page_index,time_cycles
0,52598
page_index,time_cycles
0,41224
page_index,time_cycles
0,55922
page_index,time_cycles
0,56430
page_index,time_cycles
0,35116
page_index,time_cycles
0,38894
page_index,time_cycles
0,41276
page_index,time_cycles
0,36092
page_index,time_cycles
0,35120
page_index,time_cycles
0,42118
page_index,time_cycles
0,41290
page_index,time_cycles
0,41246
page_index,time_cycles
0,39384
page_index,time_cycles
0,41634
page_index,time_cycles
0,36194
page_index,time_cycles
0,39576
page_index,time_cycles
0,79050
page_index,time_cycles
0,35188
page_index,time_cycles
0,42020
page_index,time_cycles
0,51366
page_index,time_cycles
0,34426
page_index,time_cycles
0,41936
page_index,time_cycles
0,52082
page_index,time_cycles
0,35040
page_index,time_cycles
0,43218
page_index,time_cycles
0,46052
page_index,time_cycles
0,43508
page_index,time_cycles
0,37882
page_index,time_cycles
0,40800
page_index,time_cycles
0,35640
page_index,time_cycles
0,37400
page_index,time_cycles
0,35632
page_index,time_cycles
0,43694
page_index,time_cycles
0,40578
page_index,time_cycles
0,40916
page_index,time_cycles
0,35334
page_index,time_cycles
0,49056
page_index,time_cycles
0,38158
page_index,time_cycles
0,34938
page_index,time_cycles
0,43230
page_index,time_cycles
0,37614
page_index,time_cycles
0,38000
page_index,time_cycles
0,35872
page_index,time_cycles
0,37720
page_index,time_cycles
0,67508
page_index,time_cycles
0,48974
page_index,time_cycles
0,33962
page_index,time_cycles
0,38586
page_index,time_cycles
0,49422
page_index,time_cycles
0,61740
page_index,time_cycles
0,40386
page_index,time_cycles
0,36128
page_index,time_cycles
0,47112
page_index,time_cycles
0,36098
page_index,time_cycles
0,45510
page_index,time_cycles
0,49204
page_index,time_cycles
0,45648
page_index,time_cycles
0,38088
page_index,time_cycles
0,35108
page_index,time_cycles
0,43146
page_index,time_cycles
0,42190
page_index,time_cycles
0,41430
page_index,time_cycles
0,37754
page_index,time_cycles
0,34776
page_index,time_cycles
0,36642
page_index,time_cycles
0,36180
page_index,time_cycles
0,45124
page_index,time_cycles
0,40826
page_index,time_cycles
0,48594
page_index,time_cycles
0,35432
page_index,time_cycles
0,37566
page_index,time_cycles
0,44948
page_index,time_cycles
0,38762
page_index,time_cycles
0,42072
page_index,time_cycles
0,41638
page_index,time_cycles
0,40408
page_index,time_cycles
0,46984
page_index,time_cycles
0,38386
page_index,time_cycles
0,38472
page_index,time_cycles
0,34870
page_index,time_cycles
0,35722
page_index,time_cycles
0,44460
page_index,time_cycles
0,46798
page_index,time_cycles
0,80794
page_index,time_cycles
0,51918
page_index,time_cycles
0,39154
page_index,time_cycles
0,41036
page_index,time_cycles
0,44276
page_index,time_cycles
0,92048
page_index,time_cycles
0,51958
SUMMARY,COUNT=10000,MEAN=43207.65,STD=14147.90
