page_index,time_cycles
0,396566
page_index,time_cycles
0,420906
page_index,time_cycles
0,383456
page_index,time_cycles
0,394098
page_index,time_cycles
0,391394
page_index,time_cycles
0,404110
page_index,time_cycles
0,401416
page_index,time_cycles
0,395928
page_index,time_cycles
0,387484
page_index,time_cycles
0,392524
page_index,time_cycles
0,401076
page_index,time_cycles
0,390640
page_index,time_cycles
0,402532
page_index,time_cycles
0,392026
page_index,time_cycles
0,389534
page_index,time_cycles
0,390910
page_index,time_cycles
0,407006
page_index,time_cycles
0,422318
page_index,time_cycles
0,410724
page_index,time_cycles
0,387008
page_index,time_cycles
0,400966
page_index,time_cycles
0,396770
page_index,time_cycles
0,402224
page_index,time_cycles
0,390376
page_index,time_cycles
0,427662
page_index,time_cycles
0,400822
page_index,time_cycles
0,392582
page_index,time_cycles
0,395098
page_index,time_cycles
0,417524
page_index,time_cycles
0,415998
page_index,time_cycles
0,408154
page_index,time_cycles
0,381476
page_index,time_cycles
0,414982
page_index,time_cycles
0,387704
page_index,time_cycles
0,422488
page_index,time_cycles
0,395152
page_index,time_cycles
0,413484
page_index,time_cycles
0,409228
page_index,time_cycles
0,392580
page_index,time_cycles
0,387976
page_index,time_cycles
0,407644
page_index,time_cycles
0,394856
page_index,time_cycles
0,406126
page_index,time_cycles
0,450318
page_index,time_cycles
0,400374
page_index,time_cycles
0,398246
page_index,time_cycles
0,397436
page_index,time_cycles
0,391902
page_index,time_cycles
0,382016
page_index,time_cycles
0,396562
page_index,time_cycles
0,389730
page_index,time_cycles
0,392566
page_index,time_cycles
0,399826
page_index,time_cycles
0,426242
page_index,time_cycles
0,387718
page_index,time_cycles
0,417366
page_index,time_cycles
0,388078
page_index,time_cycles
0,406696
page_index,time_cycles
0,393540
page_index,time_cycles
0,415314
page_index,time_cycles
0,387624
page_index,time_cycles
0,437190
page_index,time_cycles
0,404594
page_index,time_cycles
0,408770
page_index,time_cycles
0,410768
page_index,time_cycles
0,386318
page_index,time_cycles
0,405770
page_index,time_cycles
0,468566
page_index,time_cycles
0,419032
page_index,time_cycles
0,397392
page_index,time_cycles
0,408920
page_index,time_cycles
0,412374
page_index,time_cycles
0,392134
page_index,time_cycles
0,471858
page_index,time_cycles
0,391768
page_index,time_cycles
0,398680
page_index,time_cycles
0,398846
page_index,time_cycles
0,398390
page_index,time_cycles
0,410274
page_index,time_cycles
0,396590
page_index,time_cycles
0,406098
page_index,time_cycles
0,408816
page_index,time_cycles
0,396466
page_index,time_cycles
0,398316
page_index,time_cycles
0,399174
page_index,time_cycles
0,390542
page_index,time_cycles
0,433882
page_index,time_cycles
0,397936
page_index,time_cycles
0,408236
page_index,time_cycles
0,398496
page_index,time_cycles
0,430958
page_index,time_cycles
0,389352
page_index,time_cycles
0,448626
page_index,time_cycles
0,404250
page_index,time_cycles
0,395818
page_index,time_cycles
0,386516
page_index,time_cycles
0,398382
page_index,time_cycles
0,399840
page_index,time_cycles
0,437604
page_index,time_cycles
0,428892
page_index,time_cycles
0,395462
page_index,time_cycles
0,391074
page_index,time_cycles
0,396218
page_index,time_cycles
0,397762
page_index,time_cycles
0,400158
page_index,time_cycles
0,404862
page_index,time_cycles
0,467936
page_index,time_cycles
0,398110
page_index,time_cycles
0,392540
page_index,time_cycles
0,401718
page_index,time_cycles
0,415514
page_index,time_cycles
0,393916
page_index,time_cycles
0,422780
page_index,time_cycles
0,398766
page_index,time_cycles
0,391230
page_index,time_cycles
0,391816
page_index,time_cycles
0,705792
page_index,time_cycles
0,399642
page_index,time_cycles
0,399012
page_index,time_cycles
0,407944
page_index,time_cycles
0,391234
page_index,time_cycles
0,398768
page_index,time_cycles
0,395376
page_index,time_cycles
0,407150
page_index,time_cycles
0,397292
page_index,time_cycles
0,392184
page_index,time_cycles
0,466320
page_index,time_cycles
0,384250
page_index,time_cycles
0,391904
page_index,time_cycles
0,394966
page_index,time_cycles
0,392870
page_index,time_cycles
0,396740
page_index,time_cycles
0,407828
page_index,time_cycles
0,412698
page_index,time_cycles
0,403888
page_index,time_cycles
0,388594
page_index,time_cycles
0,401734
page_index,time_cycles
0,387660
page_index,time_cycles
0,386134
page_index,time_cycles
0,414298
page_index,time_cycles
0,396778
page_index,time_cycles
0,386682
page_index,time_cycles
0,417960
page_index,time_cycles
0,420150
page_index,time_cycles
0,408600
page_index,time_cycles
0,391366
page_index,time_cycles
0,386702
page_index,time_cycles
0,391396
page_index,time_cycles
0,416458
page_index,time_cycles
0,449934
page_index,time_cycles
0,390854
page_index,time_cycles
0,393602
page_index,time_cycles
0,389244
page_index,time_cycles
0,434104
page_index,time_cycles
0,433924
page_index,time_cycles
0,421462
page_index,time_cycles
0,409284
page_index,time_cycles
0,404552
page_index,time_cycles
0,395722
page_index,time_cycles
0,402742
page_index,time_cycles
0,399120
page_index,time_cycles
0,390222
page_index,time_cycles
0,405434
page_index,time_cycles
0,394110
page_index,time_cycles
0,411788
page_index,time_cycles
0,400388
page_index,time_cycles
0,400336
page_index,time_cycles
0,415262
page_index,time_cycles
0,382832
page_index,time_cycles
0,391370
page_index,time_cycles
0,390194
page_index,time_cycles
0,404266
page_index,time_cycles
0,399526
page_index,time_cycles
0,410232
page_index,time_cycles
0,399140
page_index,time_cycles
0,385684
page_index,time_cycles
0,408594
page_index,time_cycles
0,407082
page_index,time_cycles
0,391878
page_index,time_cycles
0,413696
page_index,time_cycles
0,391076
page_index,time_cycles
0,398244
page_index,time_cycles
0,441296
page_index,time_cycles
0,406880
page_index,time_cycles
0,386674
page_index,time_cycles
0,393626
page_index,time_cycles
0,434366
page_index,time_cycles
0,397772
page_index,time_cycles
0,406406
page_index,time_cycles
0,389344
page_index,time_cycles
0,392154
page_index,time_cycles
0,428292
page_index,time_cycles
0,397254
page_index,time_cycles
0,398938
page_index,time_cycles
0,421860
page_index,time_cycles
0,404192
page_index,time_cycles
0,398282
page_index,time_cycles
0,393370
page_index,time_cycles
0,405130
page_index,time_cycles
0,388992
page_index,time_cycles
0,392126
page_index,time_cycles
0,397700
page_index,time_cycles
0,394482
page_index,time_cycles
0,396096
page_index,time_cycles
0,412902
page_index,time_cycles
0,398256
page_index,time_cycles
0,410358
page_index,time_cycles
0,386282
page_index,time_cycles
0,393514
page_index,time_cycles
0,483230
page_index,time_cycles
0,450254
page_index,time_cycles
0,424206
page_index,time_cycles
0,402530
page_index,time_cycles
0,385694
page_index,time_cycles
0,388786
page_index,time_cycles
0,387386
page_index,time_cycles
0,389460
page_index,time_cycles
0,398706
page_index,time_cycles
0,388458
page_index,time_cycles
0,391840
page_index,time_cycles
0,396998
page_index,time_cycles
0,388154
page_index,time_cycles
0,391756
page_index,time_cycles
0,389578
page_index,time_cycles
0,429650
page_index,time_cycles
0,391626
page_index,time_cycles
0,392544
page_index,time_cycles
0,390928
page_index,time_cycles
0,397716
page_index,time_cycles
0,407424
page_index,time_cycles
0,485932
page_index,time_cycles
0,397998
page_index,time_cycles
0,405068
page_index,time_cycles
0,400450
page_index,time_cycles
0,394766
page_index,time_cycles
0,396608
page_index,time_cycles
0,398590
page_index,time_cycles
0,396720
page_index,time_cycles
0,391418
page_index,time_cycles
0,407248
page_index,time_cycles
0,388006
page_index,time_cycles
0,405916
page_index,time_cycles
0,401624
page_index,time_cycles
0,384016
page_index,time_cycles
0,427640
page_index,time_cycles
0,390094
page_index,time_cycles
0,389728
page_index,time_cycles
0,399858
page_index,time_cycles
0,408390
page_index,time_cycles
0,396822
page_index,time_cycles
0,397310
page_index,time_cycles
0,392524
page_index,time_cycles
0,407160
page_index,time_cycles
0,388710
page_index,time_cycles
0,399448
page_index,time_cycles
0,396760
page_index,time_cycles
0,389260
page_index,time_cycles
0,435678
page_index,time_cycles
0,394650
page_index,time_cycles
0,398962
page_index,time_cycles
0,403854
page_index,time_cycles
0,392830
page_index,time_cycles
0,432540
page_index,time_cycles
0,408726
page_index,time_cycles
0,404212
page_index,time_cycles
0,441108
page_index,time_cycles
0,398538
page_index,time_cycles
0,399036
page_index,time_cycles
0,400420
page_index,time_cycles
0,424748
page_index,time_cycles
0,403044
page_index,time_cycles
0,416224
page_index,time_cycles
0,411022
page_index,time_cycles
0,435788
page_index,time_cycles
0,405602
page_index,time_cycles
0,422400
page_index,time_cycles
0,394064
page_index,time_cycles
0,423528
page_index,time_cycles
0,387950
page_index,time_cycles
0,422416
page_index,time_cycles
0,404498
page_index,time_cycles
0,419838
page_index,time_cycles
0,400262
page_index,time_cycles
0,395376
page_index,time_cycles
0,393216
page_index,time_cycles
0,421206
page_index,time_cycles
0,389164
page_index,time_cycles
0,387534
page_index,time_cycles
0,389162
page_index,time_cycles
0,431446
page_index,time_cycles
0,413642
page_index,time_cycles
0,428126
page_index,time_cycles
0,396450
page_index,time_cycles
0,400702
page_index,time_cycles
0,403030
page_index,time_cycles
0,391290
page_index,time_cycles
0,407820
page_index,time_cycles
0,400840
page_index,time_cycles
0,435076
page_index,time_cycles
0,427574
page_index,time_cycles
0,406644
page_index,time_cycles
0,395754
page_index,time_cycles
0,386952
page_index,time_cycles
0,393542
page_index,time_cycles
0,401030
page_index,time_cycles
0,396656
page_index,time_cycles
0,401376
page_index,time_cycles
0,401654
page_index,time_cycles
0,409798
page_index,time_cycles
0,398434
page_index,time_cycles
0,438966
page_index,time_cycles
0,388676
page_index,time_cycles
0,422594
page_index,time_cycles
0,394990
page_index,time_cycles
0,402310
page_index,time_cycles
0,408682
page_index,time_cycles
0,430530
page_index,time_cycles
0,387184
page_index,time_cycles
0,404688
page_index,time_cycles
0,401294
page_index,time_cycles
0,385812
page_index,time_cycles
0,409546
page_index,time_cycles
0,387464
page_index,time_cycles
0,388626
page_index,time_cycles
0,420838
page_index,time_cycles
0,400402
page_index,time_cycles
0,387322
page_index,time_cycles
0,394638
page_index,time_cycles
0,390686
page_index,time_cycles
0,392462
page_index,time_cycles
0,408958
page_index,time_cycles
0,395206
page_index,time_cycles
0,398604
page_index,time_cycles
0,389902
page_index,time_cycles
0,422504
page_index,time_cycles
0,386360
page_index,time_cycles
0,389770
page_index,time_cycles
0,413188
page_index,time_cycles
0,388582
page_index,time_cycles
0,399122
page_index,time_cycles
0,433442
page_index,time_cycles
0,394022
page_index,time_cycles
0,402656
page_index,time_cycles
0,417828
page_index,time_cycles
0,399026
page_index,time_cycles
0,402912
page_index,time_cycles
0,492854
page_index,time_cycles
0,397404
page_index,time_cycles
0,392304
page_index,time_cycles
0,400122
page_index,time_cycles
0,395958
page_index,time_cycles
0,405946
page_index,time_cycles
0,397186
page_index,time_cycles
0,387586
page_index,time_cycles
0,404984
page_index,time_cycles
0,431044
page_index,time_cycles
0,392928
page_index,time_cycles
0,397920
page_index,time_cycles
0,418670
page_index,time_cycles
0,401718
page_index,time_cycles
0,439906
page_index,time_cycles
0,397104
page_index,time_cycles
0,403724
page_index,time_cycles
0,393932
page_index,time_cycles
0,393870
page_index,time_cycles
0,407792
page_index,time_cycles
0,419744
page_index,time_cycles
0,431290
page_index,time_cycles
0,383630
page_index,time_cycles
0,389468
page_index,time_cycles
0,442828
page_index,time_cycles
0,403956
page_index,time_cycles
0,396110
page_index,time_cycles
0,385524
page_index,time_cycles
0,395550
page_index,time_cycles
0,399024
page_index,time_cycles
0,422592
page_index,time_cycles
0,387774
page_index,time_cycles
0,472282
page_index,time_cycles
0,393616
page_index,time_cycles
0,401598
page_index,time_cycles
0,396122
page_index,time_cycles
0,382012
page_index,time_cycles
0,387042
page_index,time_cycles
0,395704
page_index,time_cycles
0,395740
page_index,time_cycles
0,420320
page_index,time_cycles
0,388904
page_index,time_cycles
0,394650
page_index,time_cycles
0,424878
page_index,time_cycles
0,413498
page_index,time_cycles
0,393590
page_index,time_cycles
0,448960
page_index,time_cycles
0,436648
page_index,time_cycles
0,392236
page_index,time_cycles
0,431384
page_index,time_cycles
0,396180
page_index,time_cycles
0,392622
page_index,time_cycles
0,421846
page_index,time_cycles
0,458232
page_index,time_cycles
0,435386
page_index,time_cycles
0,387516
page_index,time_cycles
0,409458
page_index,time_cycles
0,398664
page_index,time_cycles
0,410432
page_index,time_cycles
0,388924
page_index,time_cycles
0,381644
page_index,time_cycles
0,422942
page_index,time_cycles
0,398504
page_index,time_cycles
0,393462
page_index,time_cycles
0,403192
page_index,time_cycles
0,429996
page_index,time_cycles
0,394588
page_index,time_cycles
0,428492
page_index,time_cycles
0,398940
page_index,time_cycles
0,399824
page_index,time_cycles
0,385348
page_index,time_cycles
0,402620
page_index,time_cycles
0,404278
page_index,time_cycles
0,395130
page_index,time_cycles
0,464832
page_index,time_cycles
0,395710
page_index,time_cycles
0,392044
page_index,time_cycles
0,398170
page_index,time_cycles
0,438102
page_index,time_cycles
0,384846
page_index,time_cycles
0,389428
page_index,time_cycles
0,399020
page_index,time_cycles
0,456934
page_index,time_cycles
0,382012
page_index,time_cycles
0,390958
page_index,time_cycles
0,411538
page_index,time_cycles
0,398282
page_index,time_cycles
0,406340
page_index,time_cycles
0,406390
page_index,time_cycles
0,396522
page_index,time_cycles
0,423008
page_index,time_cycles
0,399040
page_index,time_cycles
0,401454
page_index,time_cycles
0,383390
page_index,time_cycles
0,419242
page_index,time_cycles
0,392560
page_index,time_cycles
0,392220
page_index,time_cycles
0,385964
page_index,time_cycles
0,401742
page_index,time_cycles
0,394224
page_index,time_cycles
0,396802
page_index,time_cycles
0,396022
page_index,time_cycles
0,394370
page_index,time_cycles
0,414168
page_index,time_cycles
0,400728
page_index,time_cycles
0,439000
page_index,time_cycles
0,391922
page_index,time_cycles
0,410352
page_index,time_cycles
0,382144
page_index,time_cycles
0,405984
page_index,time_cycles
0,395636
page_index,time_cycles
0,396032
page_index,time_cycles
0,470312
page_index,time_cycles
0,397760
page_index,time_cycles
0,393396
page_index,time_cycles
0,408812
page_index,time_cycles
0,400884
page_index,time_cycles
0,481862
page_index,time_cycles
0,393578
page_index,time_cycles
0,398932
page_index,time_cycles
0,410400
page_index,time_cycles
0,396228
page_index,time_cycles
0,447504
page_index,time_cycles
0,391180
page_index,time_cycles
0,427812
page_index,time_cycles
0,408780
page_index,time_cycles
0,389462
page_index,time_cycles
0,417784
page_index,time_cycles
0,402482
page_index,time_cycles
0,420466
page_index,time_cycles
0,393254
page_index,time_cycles
0,395908
page_index,time_cycles
0,410130
page_index,time_cycles
0,382152
page_index,time_cycles
0,400432
page_index,time_cycles
0,399830
page_index,time_cycles
0,389194
page_index,time_cycles
0,402124
page_index,time_cycles
0,401192
page_index,time_cycles
0,393554
page_index,time_cycles
0,393960
page_index,time_cycles
0,390416
page_index,time_cycles
0,391566
page_index,time_cycles
0,391332
page_index,time_cycles
0,414098
page_index,time_cycles
0,433344
page_index,time_cycles
0,388102
page_index,time_cycles
0,394052
page_index,time_cycles
0,391934
page_index,time_cycles
0,402756
page_index,time_cycles
0,404588
page_index,time_cycles
0,401748
page_index,time_cycles
0,408368
page_index,time_cycles
0,392110
page_index,time_cycles
0,387936
page_index,time_cycles
0,374930
page_index,time_cycles
0,393312
page_index,time_cycles
0,426468
page_index,time_cycles
0,404774
page_index,time_cycles
0,433420
page_index,time_cycles
0,385878
page_index,time_cycles
0,384188
page_index,time_cycles
0,431732
page_index,time_cycles
0,403388
page_index,time_cycles
0,390260
page_index,time_cycles
0,387502
page_index,time_cycles
0,404008
page_index,time_cycles
0,398284
page_index,time_cycles
0,407142
page_index,time_cycles
0,399294
page_index,time_cycles
0,401782
page_index,time_cycles
0,389788
page_index,time_cycles
0,405716
page_index,time_cycles
0,412422
page_index,time_cycles
0,394050
page_index,time_cycles
0,405622
page_index,time_cycles
0,394760
page_index,time_cycles
0,406462
page_index,time_cycles
0,396650
page_index,time_cycles
0,386122
page_index,time_cycles
0,391532
page_index,time_cycles
0,389384
page_index,time_cycles
0,441220
page_index,time_cycles
0,389586
page_index,time_cycles
0,411726
page_index,time_cycles
0,394582
page_index,time_cycles
0,408110
page_index,time_cycles
0,393416
page_index,time_cycles
0,427346
page_index,time_cycles
0,397490
page_index,time_cycles
0,404056
page_index,time_cycles
0,389004
page_index,time_cycles
0,428322
page_index,time_cycles
0,394478
page_index,time_cycles
0,399452
page_index,time_cycles
0,387888
page_index,time_cycles
0,406330
page_index,time_cycles
0,389632
page_index,time_cycles
0,497596
page_index,time_cycles
0,391342
page_index,time_cycles
0,393658
page_index,time_cycles
0,389788
page_index,time_cycles
0,399916
page_index,time_cycles
0,394884
page_index,time_cycles
0,400804
page_index,time_cycles
0,393444
page_index,time_cycles
0,403158
page_index,time_cycles
0,400384
page_index,time_cycles
0,403482
page_index,time_cycles
0,403218
page_index,time_cycles
0,394852
page_index,time_cycles
0,402794
page_index,time_cycles
0,412046
page_index,time_cycles
0,397972
page_index,time_cycles
0,401756
page_index,time_cycles
0,398792
page_index,time_cycles
0,411362
page_index,time_cycles
0,437234
page_index,time_cycles
0,384980
page_index,time_cycles
0,388472
page_index,time_cycles
0,397664
page_index,time_cycles
0,386976
page_index,time_cycles
0,393754
page_index,time_cycles
0,408366
page_index,time_cycles
0,424190
page_index,time_cycles
0,397058
page_index,time_cycles
0,406002
page_index,time_cycles
0,392992
page_index,time_cycles
0,400866
page_index,time_cycles
0,400384
page_index,time_cycles
0,393662
page_index,time_cycles
0,395574
page_index,time_cycles
0,462648
page_index,time_cycles
0,394620
page_index,time_cycles
0,392492
page_index,time_cycles
0,389926
page_index,time_cycles
0,393852
page_index,time_cycles
0,403572
page_index,time_cycles
0,384544
page_index,time_cycles
0,418020
page_index,time_cycles
0,395580
page_index,time_cycles
0,390430
page_index,time_cycles
0,419904
page_index,time_cycles
0,384124
page_index,time_cycles
0,383424
page_index,time_cycles
0,493182
page_index,time_cycles
0,419778
page_index,time_cycles
0,475198
page_index,time_cycles
0,395098
page_index,time_cycles
0,398482
page_index,time_cycles
0,395434
page_index,time_cycles
0,392538
page_index,time_cycles
0,438416
page_index,time_cycles
0,398788
page_index,time_cycles
0,445894
page_index,time_cycles
0,408808
page_index,time_cycles
0,397210
page_index,time_cycles
0,400720
page_index,time_cycles
0,385438
page_index,time_cycles
0,391970
page_index,time_cycles
0,400124
page_index,time_cycles
0,402998
page_index,time_cycles
0,404546
page_index,time_cycles
0,390778
page_index,time_cycles
0,399940
page_index,time_cycles
0,391062
page_index,time_cycles
0,384154
page_index,time_cycles
0,391312
page_index,time_cycles
0,405236
page_index,time_cycles
0,400358
page_index,time_cycles
0,399956
page_index,time_cycles
0,398460
page_index,time_cycles
0,418778
page_index,time_cycles
0,394780
page_index,time_cycles
0,398528
page_index,time_cycles
0,431600
page_index,time_cycles
0,391264
page_index,time_cycles
0,389846
page_index,time_cycles
0,425052
page_index,time_cycles
0,391056
page_index,time_cycles
0,420226
page_index,time_cycles
0,403720
page_index,time_cycles
0,396814
page_index,time_cycles
0,391506
page_index,time_cycles
0,394348
page_index,time_cycles
0,409208
page_index,time_cycles
0,398378
page_index,time_cycles
0,398472
page_index,time_cycles
0,412354
page_index,time_cycles
0,411614
page_index,time_cycles
0,393930
page_index,time_cycles
0,439712
page_index,time_cycles
0,390202
page_index,time_cycles
0,468066
page_index,time_cycles
0,411554
page_index,time_cycles
0,419208
page_index,time_cycles
0,414566
page_index,time_cycles
0,402324
page_index,time_cycles
0,403892
page_index,time_cycles
0,402812
page_index,time_cycles
0,396290
page_index,time_cycles
0,403532
page_index,time_cycles
0,391004
page_index,time_cycles
0,389332
page_index,time_cycles
0,386436
page_index,time_cycles
0,397236
page_index,time_cycles
0,384362
page_index,time_cycles
0,428022
page_index,time_cycles
0,408042
page_index,time_cycles
0,470302
page_index,time_cycles
0,446400
page_index,time_cycles
0,389266
page_index,time_cycles
0,405612
page_index,time_cycles
0,399530
page_index,time_cycles
0,425570
page_index,time_cycles
0,389718
page_index,time_cycles
0,394302
page_index,time_cycles
0,398790
page_index,time_cycles
0,429142
page_index,time_cycles
0,392806
page_index,time_cycles
0,385348
page_index,time_cycles
0,403634
page_index,time_cycles
0,401498
page_index,time_cycles
0,403382
page_index,time_cycles
0,392272
page_index,time_cycles
0,393880
page_index,time_cycles
0,392868
page_index,time_cycles
0,404010
page_index,time_cycles
0,393848
page_index,time_cycles
0,386916
page_index,time_cycles
0,398158
page_index,time_cycles
0,393610
page_index,time_cycles
0,418132
page_index,time_cycles
0,387302
page_index,time_cycles
0,393022
page_index,time_cycles
0,387686
page_index,time_cycles
0,385496
page_index,time_cycles
0,391330
page_index,time_cycles
0,430516
page_index,time_cycles
0,390486
page_index,time_cycles
0,396304
page_index,time_cycles
0,387956
page_index,time_cycles
0,394838
page_index,time_cycles
0,406016
page_index,time_cycles
0,396410
page_index,time_cycles
0,406512
page_index,time_cycles
0,381050
page_index,time_cycles
0,388788
page_index,time_cycles
0,405204
page_index,time_cycles
0,408222
page_index,time_cycles
0,389198
page_index,time_cycles
0,401174
page_index,time_cycles
0,397696
page_index,time_cycles
0,425886
page_index,time_cycles
0,432632
page_index,time_cycles
0,397562
page_index,time_cycles
0,414696
page_index,time_cycles
0,387888
page_index,time_cycles
0,384614
page_index,time_cycles
0,386194
page_index,time_cycles
0,407250
page_index,time_cycles
0,383206
page_index,time_cycles
0,403000
page_index,time_cycles
0,397808
page_index,time_cycles
0,389404
page_index,time_cycles
0,399640
page_index,time_cycles
0,399642
page_index,time_cycles
0,385054
page_index,time_cycles
0,432938
page_index,time_cycles
0,403898
page_index,time_cycles
0,392932
page_index,time_cycles
0,402398
page_index,time_cycles
0,408308
page_index,time_cycles
0,392902
page_index,time_cycles
0,387686
page_index,time_cycles
0,396900
page_index,time_cycles
0,394058
page_index,time_cycles
0,391932
page_index,time_cycles
0,395680
page_index,time_cycles
0,388418
page_index,time_cycles
0,399018
page_index,time_cycles
0,437544
page_index,time_cycles
0,391926
page_index,time_cycles
0,398426
page_index,time_cycles
0,399974
page_index,time_cycles
0,400636
page_index,time_cycles
0,405250
page_index,time_cycles
0,389056
page_index,time_cycles
0,390068
page_index,time_cycles
0,384466
page_index,time_cycles
0,390790
page_index,time_cycles
0,384522
page_index,time_cycles
0,396568
page_index,time_cycles
0,407478
page_index,time_cycles
0,405520
page_index,time_cycles
0,392660
page_index,time_cycles
0,394148
page_index,time_cycles
0,423530
page_index,time_cycles
0,410036
page_index,time_cycles
0,405570
page_index,time_cycles
0,403242
page_index,time_cycles
0,428046
page_index,time_cycles
0,401716
page_index,time_cycles
0,408610
page_index,time_cycles
0,402636
page_index,time_cycles
0,409360
page_index,time_cycles
0,434742
page_index,time_cycles
0,386426
page_index,time_cycles
0,398084
page_index,time_cycles
0,412482
page_index,time_cycles
0,399918
page_index,time_cycles
0,406322
page_index,time_cycles
0,413568
page_index,time_cycles
0,404350
page_index,time_cycles
0,410484
page_index,time_cycles
0,399902
page_index,time_cycles
0,390906
page_index,time_cycles
0,393316
page_index,time_cycles
0,404184
page_index,time_cycles
0,396608
page_index,time_cycles
0,394546
page_index,time_cycles
0,406464
page_index,time_cycles
0,416646
page_index,time_cycles
0,411336
page_index,time_cycles
0,399580
page_index,time_cycles
0,393136
page_index,time_cycles
0,387840
page_index,time_cycles
0,441632
page_index,time_cycles
0,393538
page_index,time_cycles
0,386652
page_index,time_cycles
0,404834
page_index,time_cycles
0,406710
page_index,time_cycles
0,412090
page_index,time_cycles
0,432120
page_index,time_cycles
0,400380
page_index,time_cycles
0,397654
page_index,time_cycles
0,395908
page_index,time_cycles
0,382250
page_index,time_cycles
0,398220
page_index,time_cycles
0,390154
page_index,time_cycles
0,408942
page_index,time_cycles
0,387190
page_index,time_cycles
0,410852
page_index,time_cycles
0,396646
page_index,time_cycles
0,398434
page_index,time_cycles
0,386598
page_index,time_cycles
0,387904
page_index,time_cycles
0,393976
page_index,time_cycles
0,406442
page_index,time_cycles
0,400876
page_index,time_cycles
0,407052
page_index,time_cycles
0,423054
page_index,time_cycles
0,394100
page_index,time_cycles
0,388208
page_index,time_cycles
0,414858
page_index,time_cycles
0,448420
page_index,time_cycles
0,397080
page_index,time_cycles
0,395692
page_index,time_cycles
0,396110
page_index,time_cycles
0,402574
page_index,time_cycles
0,405218
page_index,time_cycles
0,413168
page_index,time_cycles
0,424618
page_index,time_cycles
0,406092
page_index,time_cycles
0,401546
page_index,time_cycles
0,411436
page_index,time_cycles
0,398614
page_index,time_cycles
0,416934
page_index,time_cycles
0,416072
page_index,time_cycles
0,399768
page_index,time_cycles
0,451090
page_index,time_cycles
0,395172
page_index,time_cycles
0,390920
page_index,time_cycles
0,387088
page_index,time_cycles
0,400698
page_index,time_cycles
0,392230
page_index,time_cycles
0,421436
page_index,time_cycles
0,397388
page_index,time_cycles
0,398050
page_index,time_cycles
0,399940
page_index,time_cycles
0,408546
page_index,time_cycles
0,393546
page_index,time_cycles
0,409758
page_index,time_cycles
0,460362
page_index,time_cycles
0,393466
page_index,time_cycles
0,414110
page_index,time_cycles
0,403428
page_index,time_cycles
0,392276
page_index,time_cycles
0,398006
page_index,time_cycles
0,392762
page_index,time_cycles
0,376424
page_index,time_cycles
0,420758
page_index,time_cycles
0,396330
page_index,time_cycles
0,391832
page_index,time_cycles
0,384952
page_index,time_cycles
0,388940
page_index,time_cycles
0,401852
page_index,time_cycles
0,405846
page_index,time_cycles
0,391660
page_index,time_cycles
0,490092
page_index,time_cycles
0,404578
page_index,time_cycles
0,391482
page_index,time_cycles
0,402600
page_index,time_cycles
0,406338
page_index,time_cycles
0,400322
page_index,time_cycles
0,386334
page_index,time_cycles
0,444350
page_index,time_cycles
0,444224
page_index,time_cycles
0,409522
page_index,time_cycles
0,403414
page_index,time_cycles
0,389430
page_index,time_cycles
0,387302
page_index,time_cycles
0,397110
page_index,time_cycles
0,388604
page_index,time_cycles
0,386690
page_index,time_cycles
0,397208
page_index,time_cycles
0,432664
page_index,time_cycles
0,413574
page_index,time_cycles
0,382302
page_index,time_cycles
0,427764
page_index,time_cycles
0,402990
page_index,time_cycles
0,3319920
page_index,time_cycles
0,391392
page_index,time_cycles
0,416558
page_index,time_cycles
0,386776
page_index,time_cycles
0,408124
page_index,time_cycles
0,393964
page_index,time_cycles
0,396522
page_index,time_cycles
0,382650
page_index,time_cycles
0,393386
page_index,time_cycles
0,401426
page_index,time_cycles
0,385756
page_index,time_cycles
0,402488
page_index,time_cycles
0,407514
page_index,time_cycles
0,390902
page_index,time_cycles
0,403738
page_index,time_cycles
0,385792
page_index,time_cycles
0,408392
page_index,time_cycles
0,390192
page_index,time_cycles
0,399078
page_index,time_cycles
0,392334
page_index,time_cycles
0,514438
page_index,time_cycles
0,407962
page_index,time_cycles
0,396780
page_index,time_cycles
0,402722
page_index,time_cycles
0,410392
page_index,time_cycles
0,389378
page_index,time_cycles
0,479254
page_index,time_cycles
0,407282
page_index,time_cycles
0,405756
page_index,time_cycles
0,428566
page_index,time_cycles
0,391294
page_index,time_cycles
0,407712
page_index,time_cycles
0,392188
page_index,time_cycles
0,453880
page_index,time_cycles
0,416800
page_index,time_cycles
0,397812
page_index,time_cycles
0,420044
page_index,time_cycles
0,404804
page_index,time_cycles
0,391360
page_index,time_cycles
0,412604
page_index,time_cycles
0,405026
page_index,time_cycles
0,389186
page_index,time_cycles
0,390024
page_index,time_cycles
0,409468
page_index,time_cycles
0,391422
page_index,time_cycles
0,405194
page_index,time_cycles
0,398270
page_index,time_cycles
0,393320
page_index,time_cycles
0,408390
page_index,time_cycles
0,384272
page_index,time_cycles
0,386940
page_index,time_cycles
0,401330
page_index,time_cycles
0,393946
page_index,time_cycles
0,393906
page_index,time_cycles
0,442258
page_index,time_cycles
0,396546
page_index,time_cycles
0,416548
page_index,time_cycles
0,388532
page_index,time_cycles
0,408966
page_index,time_cycles
0,459486
page_index,time_cycles
0,393246
page_index,time_cycles
0,391776
page_index,time_cycles
0,396664
page_index,time_cycles
0,405862
page_index,time_cycles
0,451202
page_index,time_cycles
0,427142
page_index,time_cycles
0,441096
page_index,time_cycles
0,384176
page_index,time_cycles
0,389672
page_index,time_cycles
0,391844
page_index,time_cycles
0,391122
page_index,time_cycles
0,391208
page_index,time_cycles
0,398450
page_index,time_cycles
0,401738
page_index,time_cycles
0,408868
page_index,time_cycles
0,377522
page_index,time_cycles
0,418792
page_index,time_cycles
0,397496
page_index,time_cycles
0,401762
page_index,time_cycles
0,388744
page_index,time_cycles
0,394080
page_index,time_cycles
0,406682
page_index,time_cycles
0,418906
page_index,time_cycles
0,400178
page_index,time_cycles
0,399708
page_index,time_cycles
0,386676
page_index,time_cycles
0,395380
page_index,time_cycles
0,389922
page_index,time_cycles
0,402018
page_index,time_cycles
0,392424
page_index,time_cycles
0,392330
page_index,time_cycles
0,443708
page_index,time_cycles
0,403296
page_index,time_cycles
0,386504
page_index,time_cycles
0,423580
page_index,time_cycles
0,393432
page_index,time_cycles
0,400300
page_index,time_cycles
0,394532
page_index,time_cycles
0,404772
page_index,time_cycles
0,391056
page_index,time_cycles
0,391030
page_index,time_cycles
0,402488
page_index,time_cycles
0,397754
page_index,time_cycles
0,395652
page_index,time_cycles
0,438108
page_index,time_cycles
0,393044
page_index,time_cycles
0,394514
page_index,time_cycles
0,406280
page_index,time_cycles
0,393756
page_index,time_cycles
0,390920
page_index,time_cycles
0,396766
page_index,time_cycles
0,393210
page_index,time_cycles
0,399814
page_index,time_cycles
0,381470
page_index,time_cycles
0,427968
page_index,time_cycles
0,385650
page_index,time_cycles
0,402168
page_index,time_cycles
0,398212
page_index,time_cycles
0,398300
page_index,time_cycles
0,428562
page_index,time_cycles
0,390162
page_index,time_cycles
0,409762
page_index,time_cycles
0,393424
page_index,time_cycles
0,405706
page_index,time_cycles
0,474434
page_index,time_cycles
0,399490
page_index,time_cycles
0,391696
page_index,time_cycles
0,445798
page_index,time_cycles
0,409686
page_index,time_cycles
0,419520
page_index,time_cycles
0,393898
page_index,time_cycles
0,397868
page_index,time_cycles
0,390828
page_index,time_cycles
0,438284
page_index,time_cycles
0,385974
page_index,time_cycles
0,388520
page_index,time_cycles
0,390702
page_index,time_cycles
0,382152
page_index,time_cycles
0,386912
page_index,time_cycles
0,435568
page_index,time_cycles
0,396646
page_index,time_cycles
0,393070
page_index,time_cycles
0,399616
page_index,time_cycles
0,387362
page_index,time_cycles
0,405528
page_index,time_cycles
0,409082
page_index,time_cycles
0,394666
page_index,time_cycles
0,392916
page_index,time_cycles
0,393448
page_index,time_cycles
0,401484
page_index,time_cycles
0,396324
page_index,time_cycles
0,397098
page_index,time_cycles
0,396982
page_index,time_cycles
0,404254
page_index,time_cycles
0,390622
page_index,time_cycles
0,384546
page_index,time_cycles
0,395834
page_index,time_cycles
0,385634
page_index,time_cycles
0,396888
page_index,time_cycles
0,390538
page_index,time_cycles
0,412930
page_index,time_cycles
0,391440
page_index,time_cycles
0,409462
page_index,time_cycles
0,408004
page_index,time_cycles
0,405432
page_index,time_cycles
0,422150
page_index,time_cycles
0,416302
page_index,time_cycles
0,424904
page_index,time_cycles
0,395102
page_index,time_cycles
0,407480
page_index,time_cycles
0,410428
page_index,time_cycles
0,415794
page_index,time_cycles
0,393910
page_index,time_cycles
0,388676
page_index,time_cycles
0,390442
page_index,time_cycles
0,407396
page_index,time_cycles
0,396132
page_index,time_cycles
0,407868
page_index,time_cycles
0,399386
page_index,time_cycles
0,415962
page_index,time_cycles
0,423914
page_index,time_cycles
0,389980
page_index,time_cycles
0,387676
page_index,time_cycles
0,396092
page_index,time_cycles
0,409730
page_index,time_cycles
0,388094
page_index,time_cycles
0,425702
page_index,time_cycles
0,391088
page_index,time_cycles
0,399382
page_index,time_cycles
0,397532
page_index,time_cycles
0,393222
page_index,time_cycles
0,400384
page_index,time_cycles
0,409366
page_index,time_cycles
0,396174
page_index,time_cycles
0,417748
page_index,time_cycles
0,395882
page_index,time_cycles
0,405404
page_index,time_cycles
0,407576
page_index,time_cycles
0,387538
page_index,time_cycles
0,395402
page_index,time_cycles
0,390016
page_index,time_cycles
0,413418
page_index,time_cycles
0,407834
page_index,time_cycles
0,403982
page_index,time_cycles
0,392862
page_index,time_cycles
0,397740
page_index,time_cycles
0,444954
page_index,time_cycles
0,398908
page_index,time_cycles
0,398338
page_index,time_cycles
0,392910
page_index,time_cycles
0,392026
page_index,time_cycles
0,448384
page_index,time_cycles
0,425258
page_index,time_cycles
0,390360
page_index,time_cycles
0,402678
page_index,time_cycles
0,386280
page_index,time_cycles
0,409144
page_index,time_cycles
0,394204
page_index,time_cycles
0,399212
page_index,time_cycles
0,387342
page_index,time_cycles
0,396480
page_index,time_cycles
0,429416
page_index,time_cycles
0,414446
page_index,time_cycles
0,395542
page_index,time_cycles
0,397914
page_index,time_cycles
0,399190
page_index,time_cycles
0,432432
page_index,time_cycles
0,406390
page_index,time_cycles
0,386238
page_index,time_cycles
0,393300
page_index,time_cycles
0,398192
page_index,time_cycles
0,394902
page_index,time_cycles
0,386474
page_index,time_cycles
0,400546
page_index,time_cycles
0,388686
page_index,time_cycles
0,405426
page_index,time_cycles
0,391686
page_index,time_cycles
0,405600
page_index,time_cycles
0,397798
page_index,time_cycles
0,399908
page_index,time_cycles
0,424508
page_index,time_cycles
0,416924
page_index,time_cycles
0,398208
page_index,time_cycles
0,403142
page_index,time_cycles
0,381754
page_index,time_cycles
0,395564
page_index,time_cycles
0,448104
page_index,time_cycles
0,428560
page_index,time_cycles
0,421386
page_index,time_cycles
0,389160
page_index,time_cycles
0,399430
page_index,time_cycles
0,402964
page_index,time_cycles
0,435502
page_index,time_cycles
0,394464
page_index,time_cycles
0,412408
page_index,time_cycles
0,396476
page_index,time_cycles
0,396882
page_index,time_cycles
0,395072
page_index,time_cycles
0,396604
page_index,time_cycles
0,419366
page_index,time_cycles
0,397046
page_index,time_cycles
0,408254
page_index,time_cycles
0,409466
page_index,time_cycles
0,414498
page_index,time_cycles
0,393048
page_index,time_cycles
0,390652
page_index,time_cycles
0,389544
page_index,time_cycles
0,391014
page_index,time_cycles
0,396356
page_index,time_cycles
0,384236
page_index,time_cycles
0,393102
page_index,time_cycles
0,399324
page_index,time_cycles
0,415100
page_index,time_cycles
0,387308
page_index,time_cycles
0,432456
page_index,time_cycles
0,396782
page_index,time_cycles
0,402898
page_index,time_cycles
0,388906
page_index,time_cycles
0,385820
page_index,time_cycles
0,396672
page_index,time_cycles
0,396272
page_index,time_cycles
0,378694
page_index,time_cycles
0,397546
page_index,time_cycles
0,412624
page_index,time_cycles
0,381418
page_index,time_cycles
0,418562
page_index,time_cycles
0,394630
page_index,time_cycles
0,406188
page_index,time_cycles
0,389440
page_index,time_cycles
0,438428
page_index,time_cycles
0,405492
page_index,time_cycles
0,403744
page_index,time_cycles
0,393870
page_index,time_cycles
0,396426
page_index,time_cycles
0,435188
page_index,time_cycles
0,398148
page_index,time_cycles
0,387790
page_index,time_cycles
0,407996
page_index,time_cycles
0,402056
page_index,time_cycles
0,393116
page_index,time_cycles
0,422906
page_index,time_cycles
0,384062
page_index,time_cycles
0,413564
page_index,time_cycles
0,427532
page_index,time_cycles
0,401780
page_index,time_cycles
0,420584
page_index,time_cycles
0,438110
page_index,time_cycles
0,423564
page_index,time_cycles
0,388036
page_index,time_cycles
0,402036
page_index,time_cycles
0,430342
page_index,time_cycles
0,390616
page_index,time_cycles
0,420194
page_index,time_cycles
0,447678
page_index,time_cycles
0,391168
page_index,time_cycles
0,426202
page_index,time_cycles
0,381222
page_index,time_cycles
0,387804
page_index,time_cycles
0,413700
page_index,time_cycles
0,412708
page_index,time_cycles
0,392332
page_index,time_cycles
0,389428
page_index,time_cycles
0,395840
page_index,time_cycles
0,402594
page_index,time_cycles
0,392364
page_index,time_cycles
0,445828
page_index,time_cycles
0,407378
page_index,time_cycles
0,399154
page_index,time_cycles
0,435030
page_index,time_cycles
0,393640
page_index,time_cycles
0,394372
page_index,time_cycles
0,398804
page_index,time_cycles
0,402398
page_index,time_cycles
0,413840
page_index,time_cycles
0,417024
page_index,time_cycles
0,387228
page_index,time_cycles
0,394734
page_index,time_cycles
0,396806
page_index,time_cycles
0,393420
page_index,time_cycles
0,393010
page_index,time_cycles
0,392440
page_index,time_cycles
0,452680
page_index,time_cycles
0,412090
page_index,time_cycles
0,392590
page_index,time_cycles
0,394782
page_index,time_cycles
0,400786
page_index,time_cycles
0,392226
page_index,time_cycles
0,391520
page_index,time_cycles
0,398166
page_index,time_cycles
0,407744
page_index,time_cycles
0,403208
page_index,time_cycles
0,387518
page_index,time_cycles
0,391610
page_index,time_cycles
0,391276
page_index,time_cycles
0,397194
page_index,time_cycles
0,429292
page_index,time_cycles
0,418870
page_index,time_cycles
0,402496
page_index,time_cycles
0,423788
page_index,time_cycles
0,409076
page_index,time_cycles
0,386824
page_index,time_cycles
0,447502
page_index,time_cycles
0,393202
page_index,time_cycles
0,456128
page_index,time_cycles
0,407512
page_index,time_cycles
0,392800
page_index,time_cycles
0,411700
page_index,time_cycles
0,394006
page_index,time_cycles
0,414198
page_index,time_cycles
0,409470
page_index,time_cycles
0,388314
page_index,time_cycles
0,392606
page_index,time_cycles
0,401126
page_index,time_cycles
0,392692
page_index,time_cycles
0,394524
page_index,time_cycles
0,402188
page_index,time_cycles
0,399476
page_index,time_cycles
0,422172
page_index,time_cycles
0,422020
page_index,time_cycles
0,400762
page_index,time_cycles
0,416772
page_index,time_cycles
0,475058
page_index,time_cycles
0,400478
page_index,time_cycles
0,394680
page_index,time_cycles
0,394790
page_index,time_cycles
0,439376
page_index,time_cycles
0,404710
page_index,time_cycles
0,391390
page_index,time_cycles
0,392352
page_index,time_cycles
0,403786
page_index,time_cycles
0,416576
page_index,time_cycles
0,401234
page_index,time_cycles
0,429950
page_index,time_cycles
0,449728
page_index,time_cycles
0,403716
page_index,time_cycles
0,403254
page_index,time_cycles
0,403674
page_index,time_cycles
0,408476
page_index,time_cycles
0,406484
page_index,time_cycles
0,397032
page_index,time_cycles
0,395964
page_index,time_cycles
0,387304
page_index,time_cycles
0,395928
page_index,time_cycles
0,399438
page_index,time_cycles
0,414970
page_index,time_cycles
0,379004
page_index,time_cycles
0,381504
page_index,time_cycles
0,385684
page_index,time_cycles
0,401812
page_index,time_cycles
0,388228
page_index,time_cycles
0,393048
page_index,time_cycles
0,425016
page_index,time_cycles
0,394536
page_index,time_cycles
0,421250
page_index,time_cycles
0,384556
page_index,time_cycles
0,391660
page_index,time_cycles
0,401790
page_index,time_cycles
0,410412
page_index,time_cycles
0,389762
page_index,time_cycles
0,439684
page_index,time_cycles
0,394110
page_index,time_cycles
0,388844
page_index,time_cycles
0,397662
page_index,time_cycles
0,433622
page_index,time_cycles
0,399526
page_index,time_cycles
0,394212
page_index,time_cycles
0,415146
page_index,time_cycles
0,393916
page_index,time_cycles
0,394440
page_index,time_cycles
0,388984
page_index,time_cycles
0,446952
page_index,time_cycles
0,934702
page_index,time_cycles
0,392420
page_index,time_cycles
0,394056
page_index,time_cycles
0,389184
page_index,time_cycles
0,416912
page_index,time_cycles
0,391342
page_index,time_cycles
0,392504
page_index,time_cycles
0,389718
page_index,time_cycles
0,383388
page_index,time_cycles
0,396346
page_index,time_cycles
0,393960
page_index,time_cycles
0,392832
page_index,time_cycles
0,420920
page_index,time_cycles
0,389216
page_index,time_cycles
0,410770
page_index,time_cycles
0,387176
page_index,time_cycles
0,391956
page_index,time_cycles
0,389378
page_index,time_cycles
0,402436
page_index,time_cycles
0,470834
page_index,time_cycles
0,402868
page_index,time_cycles
0,417530
page_index,time_cycles
0,430466
page_index,time_cycles
0,402080
page_index,time_cycles
0,392362
page_index,time_cycles
0,437772
page_index,time_cycles
0,383256
page_index,time_cycles
0,394314
page_index,time_cycles
0,391870
page_index,time_cycles
0,399616
page_index,time_cycles
0,415974
page_index,time_cycles
0,398750
page_index,time_cycles
0,408998
page_index,time_cycles
0,389578
page_index,time_cycles
0,390912
page_index,time_cycles
0,408266
page_index,time_cycles
0,427224
page_index,time_cycles
0,398356
page_index,time_cycles
0,448818
page_index,time_cycles
0,387382
page_index,time_cycles
0,397164
page_index,time_cycles
0,405158
page_index,time_cycles
0,400076
page_index,time_cycles
0,420200
page_index,time_cycles
0,392872
page_index,time_cycles
0,412392
page_index,time_cycles
0,427708
page_index,time_cycles
0,399118
page_index,time_cycles
0,387922
page_index,time_cycles
0,397276
page_index,time_cycles
0,386444
page_index,time_cycles
0,394690
page_index,time_cycles
0,394492
page_index,time_cycles
0,406564
page_index,time_cycles
0,423342
page_index,time_cycles
0,394388
page_index,time_cycles
0,394416
page_index,time_cycles
0,403208
page_index,time_cycles
0,411698
page_index,time_cycles
0,394156
page_index,time_cycles
0,392898
page_index,time_cycles
0,391264
page_index,time_cycles
0,394164
page_index,time_cycles
0,398980
page_index,time_cycles
0,389258
page_index,time_cycles
0,390326
page_index,time_cycles
0,392808
page_index,time_cycles
0,390344
page_index,time_cycles
0,390128
page_index,time_cycles
0,389152
page_index,time_cycles
0,389998
page_index,time_cycles
0,711884
page_index,time_cycles
0,418364
page_index,time_cycles
0,389920
page_index,time_cycles
0,391580
page_index,time_cycles
0,389594
page_index,time_cycles
0,465024
page_index,time_cycles
0,395000
page_index,time_cycles
0,393116
page_index,time_cycles
0,385892
page_index,time_cycles
0,406340
page_index,time_cycles
0,396152
page_index,time_cycles
0,398692
page_index,time_cycles
0,395546
page_index,time_cycles
0,409252
page_index,time_cycles
0,402378
page_index,time_cycles
0,407822
page_index,time_cycles
0,402568
page_index,time_cycles
0,476870
page_index,time_cycles
0,382680
page_index,time_cycles
0,403206
page_index,time_cycles
0,400198
page_index,time_cycles
0,399928
page_index,time_cycles
0,400368
page_index,time_cycles
0,402964
page_index,time_cycles
0,393248
page_index,time_cycles
0,411122
page_index,time_cycles
0,417836
page_index,time_cycles
0,392810
page_index,time_cycles
0,396402
page_index,time_cycles
0,392578
page_index,time_cycles
0,385160
page_index,time_cycles
0,405048
page_index,time_cycles
0,413248
page_index,time_cycles
0,413638
page_index,time_cycles
0,397584
page_index,time_cycles
0,430710
page_index,time_cycles
0,399240
page_index,time_cycles
0,425272
page_index,time_cycles
0,407498
page_index,time_cycles
0,432166
page_index,time_cycles
0,415576
page_index,time_cycles
0,408888
page_index,time_cycles
0,396536
page_index,time_cycles
0,390554
page_index,time_cycles
0,417108
page_index,time_cycles
0,392290
page_index,time_cycles
0,381404
page_index,time_cycles
0,456222
page_index,time_cycles
0,398610
page_index,time_cycles
0,401448
page_index,time_cycles
0,437502
page_index,time_cycles
0,395894
page_index,time_cycles
0,395384
page_index,time_cycles
0,429768
page_index,time_cycles
0,386032
page_index,time_cycles
0,395916
page_index,time_cycles
0,421394
page_index,time_cycles
0,390654
page_index,time_cycles
0,400150
page_index,time_cycles
0,416668
page_index,time_cycles
0,400222
page_index,time_cycles
0,408566
page_index,time_cycles
0,390508
page_index,time_cycles
0,401902
page_index,time_cycles
0,392062
page_index,time_cycles
0,398894
page_index,time_cycles
0,396902
page_index,time_cycles
0,383776
page_index,time_cycles
0,399998
page_index,time_cycles
0,422618
page_index,time_cycles
0,413052
page_index,time_cycles
0,404586
page_index,time_cycles
0,398182
page_index,time_cycles
0,395598
page_index,time_cycles
0,418186
page_index,time_cycles
0,392108
page_index,time_cycles
0,437384
page_index,time_cycles
0,411966
page_index,time_cycles
0,427064
page_index,time_cycles
0,391594
page_index,time_cycles
0,409002
page_index,time_cycles
0,390922
page_index,time_cycles
0,396548
page_index,time_cycles
0,397494
page_index,time_cycles
0,404576
page_index,time_cycles
0,434998
page_index,time_cycles
0,399110
page_index,time_cycles
0,385662
page_index,time_cycles
0,403864
page_index,time_cycles
0,433544
page_index,time_cycles
0,397810
page_index,time_cycles
0,406192
page_index,time_cycles
0,396884
page_index,time_cycles
0,395618
page_index,time_cycles
0,399790
page_index,time_cycles
0,433782
page_index,time_cycles
0,393812
page_index,time_cycles
0,398872
page_index,time_cycles
0,397126
page_index,time_cycles
0,395548
page_index,time_cycles
0,396806
page_index,time_cycles
0,401958
page_index,time_cycles
0,396088
page_index,time_cycles
0,395254
page_index,time_cycles
0,389306
page_index,time_cycles
0,403892
page_index,time_cycles
0,396596
page_index,time_cycles
0,400088
page_index,time_cycles
0,422048
page_index,time_cycles
0,398142
page_index,time_cycles
0,399378
page_index,time_cycles
0,395554
page_index,time_cycles
0,397880
page_index,time_cycles
0,396354
page_index,time_cycles
0,380020
page_index,time_cycles
0,418596
page_index,time_cycles
0,391794
page_index,time_cycles
0,404470
page_index,time_cycles
0,417816
page_index,time_cycles
0,392388
page_index,time_cycles
0,401352
page_index,time_cycles
0,378362
page_index,time_cycles
0,395740
page_index,time_cycles
0,393448
page_index,time_cycles
0,408328
page_index,time_cycles
0,388174
page_index,time_cycles
0,412166
page_index,time_cycles
0,392202
page_index,time_cycles
0,430706
page_index,time_cycles
0,394106
page_index,time_cycles
0,388448
page_index,time_cycles
0,402460
page_index,time_cycles
0,400628
page_index,time_cycles
0,392636
page_index,time_cycles
0,380942
page_index,time_cycles
0,398244
page_index,time_cycles
0,390580
page_index,time_cycles
0,388762
page_index,time_cycles
0,384372
page_index,time_cycles
0,383742
page_index,time_cycles
0,428480
page_index,time_cycles
0,393358
page_index,time_cycles
0,393272
page_index,time_cycles
0,397378
page_index,time_cycles
0,401000
page_index,time_cycles
0,387092
page_index,time_cycles
0,390654
page_index,time_cycles
0,396358
page_index,time_cycles
0,382064
page_index,time_cycles
0,409952
page_index,time_cycles
0,413448
page_index,time_cycles
0,392200
page_index,time_cycles
0,395614
page_index,time_cycles
0,418696
page_index,time_cycles
0,399140
page_index,time_cycles
0,390136
page_index,time_cycles
0,402534
page_index,time_cycles
0,391800
page_index,time_cycles
0,409964
page_index,time_cycles
0,395876
page_index,time_cycles
0,405606
page_index,time_cycles
0,390590
page_index,time_cycles
0,410554
page_index,time_cycles
0,385702
page_index,time_cycles
0,408054
page_index,time_cycles
0,396352
page_index,time_cycles
0,396684
page_index,time_cycles
0,386408
page_index,time_cycles
0,396734
page_index,time_cycles
0,408146
page_index,time_cycles
0,422812
page_index,time_cycles
0,400080
page_index,time_cycles
0,397932
page_index,time_cycles
0,401530
page_index,time_cycles
0,419774
page_index,time_cycles
0,408246
page_index,time_cycles
0,394134
page_index,time_cycles
0,394280
page_index,time_cycles
0,390022
page_index,time_cycles
0,398664
page_index,time_cycles
0,400872
page_index,time_cycles
0,409372
page_index,time_cycles
0,403462
page_index,time_cycles
0,409244
page_index,time_cycles
0,404644
page_index,time_cycles
0,405006
page_index,time_cycles
0,386818
page_index,time_cycles
0,391756
page_index,time_cycles
0,407526
page_index,time_cycles
0,395256
page_index,time_cycles
0,384462
page_index,time_cycles
0,430240
page_index,time_cycles
0,402792
page_index,time_cycles
0,408238
page_index,time_cycles
0,400334
page_index,time_cycles
0,433118
page_index,time_cycles
0,404632
page_index,time_cycles
0,396248
page_index,time_cycles
0,398296
page_index,time_cycles
0,385076
page_index,time_cycles
0,387064
page_index,time_cycles
0,399942
page_index,time_cycles
0,405184
page_index,time_cycles
0,402112
page_index,time_cycles
0,404982
page_index,time_cycles
0,402844
page_index,time_cycles
0,405800
page_index,time_cycles
0,419210
page_index,time_cycles
0,396680
page_index,time_cycles
0,419496
page_index,time_cycles
0,391100
page_index,time_cycles
0,409546
page_index,time_cycles
0,397032
page_index,time_cycles
0,502158
page_index,time_cycles
0,441110
page_index,time_cycles
0,388754
page_index,time_cycles
0,395564
page_index,time_cycles
0,389888
page_index,time_cycles
0,391720
page_index,time_cycles
0,408678
page_index,time_cycles
0,424392
page_index,time_cycles
0,395346
page_index,time_cycles
0,392518
page_index,time_cycles
0,386374
page_index,time_cycles
0,408756
page_index,time_cycles
0,405310
page_index,time_cycles
0,397224
page_index,time_cycles
0,397364
page_index,time_cycles
0,405102
page_index,time_cycles
0,396928
page_index,time_cycles
0,394978
page_index,time_cycles
0,405988
page_index,time_cycles
0,390808
page_index,time_cycles
0,395474
page_index,time_cycles
0,391284
page_index,time_cycles
0,397656
page_index,time_cycles
0,403176
page_index,time_cycles
0,401530
page_index,time_cycles
0,391370
page_index,time_cycles
0,412038
page_index,time_cycles
0,392832
page_index,time_cycles
0,403764
page_index,time_cycles
0,406222
page_index,time_cycles
0,399640
page_index,time_cycles
0,397326
page_index,time_cycles
0,398496
page_index,time_cycles
0,394250
page_index,time_cycles
0,441540
page_index,time_cycles
0,394136
page_index,time_cycles
0,403912
page_index,time_cycles
0,385976
page_index,time_cycles
0,396784
page_index,time_cycles
0,384226
page_index,time_cycles
0,404096
page_index,time_cycles
0,385334
page_index,time_cycles
0,391118
page_index,time_cycles
0,390240
page_index,time_cycles
0,382556
page_index,time_cycles
0,386802
page_index,time_cycles
0,431770
page_index,time_cycles
0,434398
page_index,time_cycles
0,392992
page_index,time_cycles
0,400466
page_index,time_cycles
0,397402
page_index,time_cycles
0,438604
page_index,time_cycles
0,432254
page_index,time_cycles
0,408568
page_index,time_cycles
0,388066
page_index,time_cycles
0,399058
page_index,time_cycles
0,395168
page_index,time_cycles
0,397702
page_index,time_cycles
0,411562
page_index,time_cycles
0,394154
page_index,time_cycles
0,414762
page_index,time_cycles
0,393240
page_index,time_cycles
0,395464
page_index,time_cycles
0,391008
page_index,time_cycles
0,403034
page_index,time_cycles
0,415550
page_index,time_cycles
0,428320
page_index,time_cycles
0,389854
page_index,time_cycles
0,403736
page_index,time_cycles
0,397988
page_index,time_cycles
0,388118
page_index,time_cycles
0,396402
page_index,time_cycles
0,434864
page_index,time_cycles
0,395624
page_index,time_cycles
0,409730
page_index,time_cycles
0,392518
page_index,time_cycles
0,401642
page_index,time_cycles
0,403472
page_index,time_cycles
0,453434
page_index,time_cycles
0,402400
page_index,time_cycles
0,425860
page_index,time_cycles
0,379174
page_index,time_cycles
0,452906
page_index,time_cycles
0,397968
page_index,time_cycles
0,394912
page_index,time_cycles
0,435444
page_index,time_cycles
0,391336
page_index,time_cycles
0,396316
page_index,time_cycles
0,391320
page_index,time_cycles
0,392276
page_index,time_cycles
0,387520
page_index,time_cycles
0,422228
page_index,time_cycles
0,398080
page_index,time_cycles
0,389936
page_index,time_cycles
0,399086
page_index,time_cycles
0,396196
page_index,time_cycles
0,420340
page_index,time_cycles
0,392604
page_index,time_cycles
0,394722
page_index,time_cycles
0,382886
page_index,time_cycles
0,400962
page_index,time_cycles
0,400580
page_index,time_cycles
0,423714
page_index,time_cycles
0,393890
page_index,time_cycles
0,406604
page_index,time_cycles
0,385042
page_index,time_cycles
0,396528
page_index,time_cycles
0,421610
page_index,time_cycles
0,398320
page_index,time_cycles
0,400516
page_index,time_cycles
0,399878
page_index,time_cycles
0,400158
page_index,time_cycles
0,404656
page_index,time_cycles
0,402594
page_index,time_cycles
0,392712
page_index,time_cycles
0,383944
page_index,time_cycles
0,390972
page_index,time_cycles
0,437824
page_index,time_cycles
0,404110
page_index,time_cycles
0,396082
page_index,time_cycles
0,409884
page_index,time_cycles
0,399518
page_index,time_cycles
0,416896
page_index,time_cycles
0,427204
page_index,time_cycles
0,381782
page_index,time_cycles
0,398948
page_index,time_cycles
0,414776
page_index,time_cycles
0,450326
page_index,time_cycles
0,399384
page_index,time_cycles
0,406424
page_index,time_cycles
0,399266
page_index,time_cycles
0,391572
page_index,time_cycles
0,424558
page_index,time_cycles
0,401768
page_index,time_cycles
0,400834
page_index,time_cycles
0,401766
page_index,time_cycles
0,425154
page_index,time_cycles
0,387106
page_index,time_cycles
0,393788
page_index,time_cycles
0,425886
page_index,time_cycles
0,410858
page_index,time_cycles
0,399256
page_index,time_cycles
0,441344
page_index,time_cycles
0,399314
page_index,time_cycles
0,402824
page_index,time_cycles
0,402156
page_index,time_cycles
0,408398
page_index,time_cycles
0,396250
page_index,time_cycles
0,400464
page_index,time_cycles
0,407094
page_index,time_cycles
0,396572
page_index,time_cycles
0,421902
page_index,time_cycles
0,397592
page_index,time_cycles
0,399012
page_index,time_cycles
0,385588
page_index,time_cycles
0,406276
page_index,time_cycles
0,405636
page_index,time_cycles
0,392452
page_index,time_cycles
0,394866
page_index,time_cycles
0,399142
page_index,time_cycles
0,420944
page_index,time_cycles
0,387848
page_index,time_cycles
0,417992
page_index,time_cycles
0,409578
page_index,time_cycles
0,387844
page_index,time_cycles
0,391718
page_index,time_cycles
0,407942
page_index,time_cycles
0,390550
page_index,time_cycles
0,413186
page_index,time_cycles
0,461656
page_index,time_cycles
0,409420
page_index,time_cycles
0,392588
page_index,time_cycles
0,407722
page_index,time_cycles
0,410022
page_index,time_cycles
0,389268
page_index,time_cycles
0,405822
page_index,time_cycles
0,403522
page_index,time_cycles
0,389448
page_index,time_cycles
0,443484
page_index,time_cycles
0,397570
page_index,time_cycles
0,401506
page_index,time_cycles
0,420620
page_index,time_cycles
0,398388
page_index,time_cycles
0,395068
page_index,time_cycles
0,401526
page_index,time_cycles
0,396374
page_index,time_cycles
0,395704
page_index,time_cycles
0,394152
page_index,time_cycles
0,404146
page_index,time_cycles
0,434860
page_index,time_cycles
0,393188
page_index,time_cycles
0,427862
page_index,time_cycles
0,431250
page_index,time_cycles
0,405184
page_index,time_cycles
0,398218
page_index,time_cycles
0,422932
page_index,time_cycles
0,405798
page_index,time_cycles
0,426804
page_index,time_cycles
0,398762
page_index,time_cycles
0,415892
page_index,time_cycles
0,426078
page_index,time_cycles
0,405776
page_index,time_cycles
0,398500
page_index,time_cycles
0,384690
page_index,time_cycles
0,387396
page_index,time_cycles
0,419358
page_index,time_cycles
0,387694
page_index,time_cycles
0,402736
page_index,time_cycles
0,393768
page_index,time_cycles
0,416966
page_index,time_cycles
0,407664
page_index,time_cycles
0,412934
page_index,time_cycles
0,393690
page_index,time_cycles
0,392644
page_index,time_cycles
0,393956
page_index,time_cycles
0,394470
page_index,time_cycles
0,407924
page_index,time_cycles
0,395842
page_index,time_cycles
0,397914
page_index,time_cycles
0,389130
page_index,time_cycles
0,397418
page_index,time_cycles
0,400386
page_index,time_cycles
0,395268
page_index,time_cycles
0,389488
page_index,time_cycles
0,399230
page_index,time_cycles
0,458976
page_index,time_cycles
0,396398
page_index,time_cycles
0,405952
page_index,time_cycles
0,390628
page_index,time_cycles
0,393710
page_index,time_cycles
0,459968
page_index,time_cycles
0,405708
page_index,time_cycles
0,394660
page_index,time_cycles
0,400302
page_index,time_cycles
0,439092
page_index,time_cycles
0,406610
page_index,time_cycles
0,401188
page_index,time_cycles
0,390850
page_index,time_cycles
0,387676
page_index,time_cycles
0,410924
page_index,time_cycles
0,410618
page_index,time_cycles
0,395498
page_index,time_cycles
0,394926
page_index,time_cycles
0,426838
page_index,time_cycles
0,412414
page_index,time_cycles
0,415850
page_index,time_cycles
0,388708
page_index,time_cycles
0,390304
page_index,time_cycles
0,397504
page_index,time_cycles
0,413582
page_index,time_cycles
0,399374
page_index,time_cycles
0,393516
page_index,time_cycles
0,394364
page_index,time_cycles
0,396260
page_index,time_cycles
0,396382
page_index,time_cycles
0,400190
page_index,time_cycles
0,409192
page_index,time_cycles
0,402794
page_index,time_cycles
0,411104
page_index,time_cycles
0,385060
page_index,time_cycles
0,400666
page_index,time_cycles
0,399918
page_index,time_cycles
0,401386
page_index,time_cycles
0,404220
page_index,time_cycles
0,401664
page_index,time_cycles
0,387888
page_index,time_cycles
0,408312
page_index,time_cycles
0,402094
page_index,time_cycles
0,395882
page_index,time_cycles
0,389860
page_index,time_cycles
0,392616
page_index,time_cycles
0,387704
page_index,time_cycles
0,400036
page_index,time_cycles
0,399716
page_index,time_cycles
0,393900
page_index,time_cycles
0,426920
page_index,time_cycles
0,398570
page_index,time_cycles
0,422372
page_index,time_cycles
0,407898
page_index,time_cycles
0,395702
page_index,time_cycles
0,398514
page_index,time_cycles
0,395804
page_index,time_cycles
0,394650
page_index,time_cycles
0,405044
page_index,time_cycles
0,397570
page_index,time_cycles
0,393710
page_index,time_cycles
0,395498
page_index,time_cycles
0,392882
page_index,time_cycles
0,418382
page_index,time_cycles
0,446292
page_index,time_cycles
0,397920
page_index,time_cycles
0,414574
page_index,time_cycles
0,402618
page_index,time_cycles
0,383500
page_index,time_cycles
0,394464
page_index,time_cycles
0,424420
page_index,time_cycles
0,420840
page_index,time_cycles
0,400028
page_index,time_cycles
0,393190
page_index,time_cycles
0,432928
page_index,time_cycles
0,389972
page_index,time_cycles
0,386824
page_index,time_cycles
0,408202
page_index,time_cycles
0,435512
page_index,time_cycles
0,394410
page_index,time_cycles
0,396654
page_index,time_cycles
0,405500
page_index,time_cycles
0,386240
page_index,time_cycles
0,387016
page_index,time_cycles
0,401638
page_index,time_cycles
0,388518
page_index,time_cycles
0,401302
page_index,time_cycles
0,396226
page_index,time_cycles
0,385894
page_index,time_cycles
0,392636
page_index,time_cycles
0,388166
page_index,time_cycles
0,384348
page_index,time_cycles
0,403050
page_index,time_cycles
0,397464
page_index,time_cycles
0,393294
page_index,time_cycles
0,393726
page_index,time_cycles
0,419680
page_index,time_cycles
0,399158
page_index,time_cycles
0,433764
page_index,time_cycles
0,400280
page_index,time_cycles
0,402826
page_index,time_cycles
0,392922
page_index,time_cycles
0,398166
page_index,time_cycles
0,392128
page_index,time_cycles
0,403276
page_index,time_cycles
0,401822
page_index,time_cycles
0,396718
page_index,time_cycles
0,387664
page_index,time_cycles
0,393536
page_index,time_cycles
0,423030
page_index,time_cycles
0,385878
page_index,time_cycles
0,407524
page_index,time_cycles
0,431322
page_index,time_cycles
0,404578
page_index,time_cycles
0,603686
page_index,time_cycles
0,401228
page_index,time_cycles
0,441116
page_index,time_cycles
0,400900
page_index,time_cycles
0,406080
page_index,time_cycles
0,394278
page_index,time_cycles
0,392642
page_index,time_cycles
0,452710
page_index,time_cycles
0,397472
page_index,time_cycles
0,397374
page_index,time_cycles
0,390928
page_index,time_cycles
0,405372
page_index,time_cycles
0,398504
page_index,time_cycles
0,400724
page_index,time_cycles
0,397970
page_index,time_cycles
0,429914
page_index,time_cycles
0,393320
page_index,time_cycles
0,387004
page_index,time_cycles
0,422514
page_index,time_cycles
0,403288
page_index,time_cycles
0,425288
page_index,time_cycles
0,395468
page_index,time_cycles
0,418848
page_index,time_cycles
0,387906
page_index,time_cycles
0,406992
page_index,time_cycles
0,407524
page_index,time_cycles
0,401670
page_index,time_cycles
0,401322
page_index,time_cycles
0,399254
page_index,time_cycles
0,393190
page_index,time_cycles
0,400568
page_index,time_cycles
0,433912
page_index,time_cycles
0,398792
page_index,time_cycles
0,396228
page_index,time_cycles
0,395178
page_index,time_cycles
0,405840
page_index,time_cycles
0,414444
page_index,time_cycles
0,385818
page_index,time_cycles
0,399672
page_index,time_cycles
0,420384
page_index,time_cycles
0,394086
page_index,time_cycles
0,402954
page_index,time_cycles
0,408520
page_index,time_cycles
0,389046
page_index,time_cycles
0,390874
page_index,time_cycles
0,399408
page_index,time_cycles
0,401254
page_index,time_cycles
0,397782
page_index,time_cycles
0,426222
page_index,time_cycles
0,387710
page_index,time_cycles
0,397796
page_index,time_cycles
0,412784
page_index,time_cycles
0,386836
page_index,time_cycles
0,393884
page_index,time_cycles
0,453680
page_index,time_cycles
0,385304
page_index,time_cycles
0,398188
page_index,time_cycles
0,415368
page_index,time_cycles
0,398730
page_index,time_cycles
0,390546
page_index,time_cycles
0,396524
page_index,time_cycles
0,395928
page_index,time_cycles
0,392862
page_index,time_cycles
0,387564
page_index,time_cycles
0,402174
page_index,time_cycles
0,389164
page_index,time_cycles
0,410320
page_index,time_cycles
0,399840
page_index,time_cycles
0,393504
page_index,time_cycles
0,389214
page_index,time_cycles
0,395728
page_index,time_cycles
0,429824
page_index,time_cycles
0,392888
page_index,time_cycles
0,439492
page_index,time_cycles
0,397624
page_index,time_cycles
0,395222
page_index,time_cycles
0,383152
page_index,time_cycles
0,406964
page_index,time_cycles
0,398210
page_index,time_cycles
0,398290
page_index,time_cycles
0,413470
page_index,time_cycles
0,414952
page_index,time_cycles
0,416166
page_index,time_cycles
0,411114
page_index,time_cycles
0,392304
page_index,time_cycles
0,396386
page_index,time_cycles
0,412002
page_index,time_cycles
0,418244
page_index,time_cycles
0,417872
page_index,time_cycles
0,390820
page_index,time_cycles
0,394482
page_index,time_cycles
0,420016
page_index,time_cycles
0,400142
page_index,time_cycles
0,384978
page_index,time_cycles
0,406854
page_index,time_cycles
0,384618
page_index,time_cycles
0,430702
page_index,time_cycles
0,387440
page_index,time_cycles
0,391020
page_index,time_cycles
0,390860
page_index,time_cycles
0,392630
page_index,time_cycles
0,397282
page_index,time_cycles
0,423138
page_index,time_cycles
0,387528
page_index,time_cycles
0,424340
page_index,time_cycles
0,416392
page_index,time_cycles
0,390760
page_index,time_cycles
0,405274
page_index,time_cycles
0,406996
page_index,time_cycles
0,395748
page_index,time_cycles
0,383422
page_index,time_cycles
0,401362
page_index,time_cycles
0,405100
page_index,time_cycles
0,402434
page_index,time_cycles
0,406332
page_index,time_cycles
0,400730
page_index,time_cycles
0,396332
page_index,time_cycles
0,411826
page_index,time_cycles
0,418888
page_index,time_cycles
0,387902
page_index,time_cycles
0,397836
page_index,time_cycles
0,423190
page_index,time_cycles
0,399904
page_index,time_cycles
0,397014
page_index,time_cycles
0,396746
page_index,time_cycles
0,392760
page_index,time_cycles
0,399594
page_index,time_cycles
0,397776
page_index,time_cycles
0,395828
page_index,time_cycles
0,422662
page_index,time_cycles
0,411680
page_index,time_cycles
0,703774
page_index,time_cycles
0,428848
page_index,time_cycles
0,389620
page_index,time_cycles
0,413104
page_index,time_cycles
0,414180
page_index,time_cycles
0,397954
page_index,time_cycles
0,401000
page_index,time_cycles
0,394064
page_index,time_cycles
0,394276
page_index,time_cycles
0,400626
page_index,time_cycles
0,389646
page_index,time_cycles
0,402454
page_index,time_cycles
0,407730
page_index,time_cycles
0,404504
page_index,time_cycles
0,413592
page_index,time_cycles
0,398400
page_index,time_cycles
0,399524
page_index,time_cycles
0,473062
page_index,time_cycles
0,422090
page_index,time_cycles
0,396484
page_index,time_cycles
0,398226
page_index,time_cycles
0,401676
page_index,time_cycles
0,434702
page_index,time_cycles
0,400226
page_index,time_cycles
0,384788
page_index,time_cycles
0,402614
page_index,time_cycles
0,402296
page_index,time_cycles
0,403792
page_index,time_cycles
0,387276
page_index,time_cycles
0,392396
page_index,time_cycles
0,430660
page_index,time_cycles
0,446752
page_index,time_cycles
0,396496
page_index,time_cycles
0,434670
page_index,time_cycles
0,422826
page_index,time_cycles
0,394392
page_index,time_cycles
0,412734
page_index,time_cycles
0,387462
page_index,time_cycles
0,423334
page_index,time_cycles
0,391336
page_index,time_cycles
0,395590
page_index,time_cycles
0,396330
page_index,time_cycles
0,392222
page_index,time_cycles
0,410950
page_index,time_cycles
0,390738
page_index,time_cycles
0,386680
page_index,time_cycles
0,391086
page_index,time_cycles
0,453292
page_index,time_cycles
0,420086
page_index,time_cycles
0,429180
page_index,time_cycles
0,430212
page_index,time_cycles
0,441414
page_index,time_cycles
0,412904
page_index,time_cycles
0,403660
page_index,time_cycles
0,400226
page_index,time_cycles
0,396052
page_index,time_cycles
0,389298
page_index,time_cycles
0,420484
page_index,time_cycles
0,403374
page_index,time_cycles
0,445284
page_index,time_cycles
0,393672
page_index,time_cycles
0,402860
page_index,time_cycles
0,401178
page_index,time_cycles
0,383932
page_index,time_cycles
0,410906
page_index,time_cycles
0,385860
page_index,time_cycles
0,384808
page_index,time_cycles
0,438802
page_index,time_cycles
0,388738
page_index,time_cycles
0,394512
page_index,time_cycles
0,394510
page_index,time_cycles
0,406446
page_index,time_cycles
0,400840
page_index,time_cycles
0,449714
page_index,time_cycles
0,406582
page_index,time_cycles
0,395094
page_index,time_cycles
0,439872
page_index,time_cycles
0,397428
page_index,time_cycles
0,405708
page_index,time_cycles
0,394810
page_index,time_cycles
0,406296
page_index,time_cycles
0,391178
page_index,time_cycles
0,397086
page_index,time_cycles
0,415316
page_index,time_cycles
0,388522
page_index,time_cycles
0,416366
page_index,time_cycles
0,426138
page_index,time_cycles
0,411150
page_index,time_cycles
0,423360
page_index,time_cycles
0,398468
page_index,time_cycles
0,393802
page_index,time_cycles
0,402236
page_index,time_cycles
0,381544
page_index,time_cycles
0,405096
page_index,time_cycles
0,419566
page_index,time_cycles
0,391980
page_index,time_cycles
0,387424
page_index,time_cycles
0,405430
page_index,time_cycles
0,388964
page_index,time_cycles
0,407598
page_index,time_cycles
0,393976
page_index,time_cycles
0,403970
page_index,time_cycles
0,408330
page_index,time_cycles
0,395240
page_index,time_cycles
0,398242
page_index,time_cycles
0,402596
page_index,time_cycles
0,394204
page_index,time_cycles
0,394816
page_index,time_cycles
0,407298
page_index,time_cycles
0,395898
page_index,time_cycles
0,417506
page_index,time_cycles
0,401812
page_index,time_cycles
0,395298
page_index,time_cycles
0,386098
page_index,time_cycles
0,409690
page_index,time_cycles
0,397708
page_index,time_cycles
0,399610
page_index,time_cycles
0,404726
page_index,time_cycles
0,389300
page_index,time_cycles
0,400216
page_index,time_cycles
0,389934
page_index,time_cycles
0,388434
page_index,time_cycles
0,396708
page_index,time_cycles
0,395460
page_index,time_cycles
0,387874
page_index,time_cycles
0,391962
page_index,time_cycles
0,400968
page_index,time_cycles
0,406408
page_index,time_cycles
0,414822
page_index,time_cycles
0,405540
page_index,time_cycles
0,420594
page_index,time_cycles
0,387450
page_index,time_cycles
0,409734
page_index,time_cycles
0,394004
page_index,time_cycles
0,394298
page_index,time_cycles
0,406864
page_index,time_cycles
0,420356
page_index,time_cycles
0,387616
page_index,time_cycles
0,419060
page_index,time_cycles
0,405110
page_index,time_cycles
0,395168
page_index,time_cycles
0,391290
page_index,time_cycles
0,392498
page_index,time_cycles
0,397934
page_index,time_cycles
0,391154
page_index,time_cycles
0,383818
page_index,time_cycles
0,405330
page_index,time_cycles
0,415862
page_index,time_cycles
0,432194
page_index,time_cycles
0,384474
page_index,time_cycles
0,403814
page_index,time_cycles
0,455600
page_index,time_cycles
0,398692
page_index,time_cycles
0,400314
page_index,time_cycles
0,402610
page_index,time_cycles
0,403796
page_index,time_cycles
0,393810
page_index,time_cycles
0,396816
page_index,time_cycles
0,380448
page_index,time_cycles
0,395912
page_index,time_cycles
0,394160
page_index,time_cycles
0,395260
page_index,time_cycles
0,397972
page_index,time_cycles
0,399806
page_index,time_cycles
0,382248
page_index,time_cycles
0,396208
page_index,time_cycles
0,385712
page_index,time_cycles
0,403266
page_index,time_cycles
0,450192
page_index,time_cycles
0,384858
page_index,time_cycles
0,396328
page_index,time_cycles
0,393946
page_index,time_cycles
0,385498
page_index,time_cycles
0,394914
page_index,time_cycles
0,390616
page_index,time_cycles
0,401132
page_index,time_cycles
0,418278
page_index,time_cycles
0,392568
page_index,time_cycles
0,384992
page_index,time_cycles
0,388570
page_index,time_cycles
0,426676
page_index,time_cycles
0,415760
page_index,time_cycles
0,403422
page_index,time_cycles
0,398118
page_index,time_cycles
0,392976
page_index,time_cycles
0,430502
page_index,time_cycles
0,394206
page_index,time_cycles
0,399942
page_index,time_cycles
0,402498
page_index,time_cycles
0,401066
page_index,time_cycles
0,438190
page_index,time_cycles
0,413106
page_index,time_cycles
0,404982
page_index,time_cycles
0,400626
page_index,time_cycles
0,392624
page_index,time_cycles
0,407774
page_index,time_cycles
0,388624
page_index,time_cycles
0,395290
page_index,time_cycles
0,394014
page_index,time_cycles
0,408114
page_index,time_cycles
0,404180
page_index,time_cycles
0,384538
page_index,time_cycles
0,411246
page_index,time_cycles
0,408838
page_index,time_cycles
0,421182
page_index,time_cycles
0,396662
page_index,time_cycles
0,408912
page_index,time_cycles
0,396070
page_index,time_cycles
0,418806
page_index,time_cycles
0,383976
page_index,time_cycles
0,412250
page_index,time_cycles
0,422462
page_index,time_cycles
0,404736
page_index,time_cycles
0,393640
page_index,time_cycles
0,402022
page_index,time_cycles
0,387330
page_index,time_cycles
0,389452
page_index,time_cycles
0,393714
page_index,time_cycles
0,394604
page_index,time_cycles
0,390334
page_index,time_cycles
0,400682
page_index,time_cycles
0,434678
page_index,time_cycles
0,391334
page_index,time_cycles
0,389320
page_index,time_cycles
0,401224
page_index,time_cycles
0,427722
page_index,time_cycles
0,394194
page_index,time_cycles
0,402406
page_index,time_cycles
0,390026
page_index,time_cycles
0,405788
page_index,time_cycles
0,398804
page_index,time_cycles
0,402102
page_index,time_cycles
0,386220
page_index,time_cycles
0,408550
page_index,time_cycles
0,386078
page_index,time_cycles
0,448100
page_index,time_cycles
0,403118
page_index,time_cycles
0,436786
page_index,time_cycles
0,388252
page_index,time_cycles
0,385994
page_index,time_cycles
0,461898
page_index,time_cycles
0,390236
page_index,time_cycles
0,393154
page_index,time_cycles
0,389018
page_index,time_cycles
0,388492
page_index,time_cycles
0,387460
page_index,time_cycles
0,392836
page_index,time_cycles
0,388984
page_index,time_cycles
0,409148
page_index,time_cycles
0,409820
page_index,time_cycles
0,418712
page_index,time_cycles
0,390330
page_index,time_cycles
0,394378
page_index,time_cycles
0,387068
page_index,time_cycles
0,407168
page_index,time_cycles
0,399164
page_index,time_cycles
0,387392
page_index,time_cycles
0,388408
page_index,time_cycles
0,409316
page_index,time_cycles
0,389000
page_index,time_cycles
0,385326
page_index,time_cycles
0,420332
page_index,time_cycles
0,411310
page_index,time_cycles
0,408218
page_index,time_cycles
0,393552
page_index,time_cycles
0,396782
page_index,time_cycles
0,380834
page_index,time_cycles
0,382526
page_index,time_cycles
0,381702
page_index,time_cycles
0,397014
page_index,time_cycles
0,391410
page_index,time_cycles
0,399808
page_index,time_cycles
0,394782
page_index,time_cycles
0,411554
page_index,time_cycles
0,391242
page_index,time_cycles
0,381520
page_index,time_cycles
0,410866
page_index,time_cycles
0,390876
page_index,time_cycles
0,394800
page_index,time_cycles
0,429300
page_index,time_cycles
0,393570
page_index,time_cycles
0,395454
page_index,time_cycles
0,418980
page_index,time_cycles
0,444878
page_index,time_cycles
0,388708
page_index,time_cycles
0,395350
page_index,time_cycles
0,403224
page_index,time_cycles
0,385428
page_index,time_cycles
0,393638
page_index,time_cycles
0,398700
page_index,time_cycles
0,396512
page_index,time_cycles
0,399470
page_index,time_cycles
0,461188
page_index,time_cycles
0,401596
page_index,time_cycles
0,388486
page_index,time_cycles
0,388826
page_index,time_cycles
0,423242
page_index,time_cycles
0,395256
page_index,time_cycles
0,394276
page_index,time_cycles
0,394742
page_index,time_cycles
0,409462
page_index,time_cycles
0,404272
page_index,time_cycles
0,405124
page_index,time_cycles
0,398934
page_index,time_cycles
0,403132
page_index,time_cycles
0,390300
page_index,time_cycles
0,408386
page_index,time_cycles
0,394146
page_index,time_cycles
0,383406
page_index,time_cycles
0,410404
page_index,time_cycles
0,387772
page_index,time_cycles
0,419296
page_index,time_cycles
0,389186
page_index,time_cycles
0,405998
page_index,time_cycles
0,424104
page_index,time_cycles
0,392422
page_index,time_cycles
0,392822
page_index,time_cycles
0,394192
page_index,time_cycles
0,384140
page_index,time_cycles
0,400098
page_index,time_cycles
0,398952
page_index,time_cycles
0,405840
page_index,time_cycles
0,384602
page_index,time_cycles
0,410280
page_index,time_cycles
0,410252
page_index,time_cycles
0,401714
page_index,time_cycles
0,390532
page_index,time_cycles
0,385578
page_index,time_cycles
0,422034
page_index,time_cycles
0,393428
page_index,time_cycles
0,393278
page_index,time_cycles
0,394370
page_index,time_cycles
0,412650
page_index,time_cycles
0,389530
page_index,time_cycles
0,401732
page_index,time_cycles
0,392336
page_index,time_cycles
0,418310
page_index,time_cycles
0,390116
page_index,time_cycles
0,426296
page_index,time_cycles
0,403856
page_index,time_cycles
0,433712
page_index,time_cycles
0,401462
page_index,time_cycles
0,391408
page_index,time_cycles
0,405110
page_index,time_cycles
0,395190
page_index,time_cycles
0,399328
page_index,time_cycles
0,392114
page_index,time_cycles
0,402698
page_index,time_cycles
0,402950
page_index,time_cycles
0,389376
page_index,time_cycles
0,386828
page_index,time_cycles
0,407198
page_index,time_cycles
0,383068
page_index,time_cycles
0,416732
page_index,time_cycles
0,388330
page_index,time_cycles
0,393296
page_index,time_cycles
0,390822
page_index,time_cycles
0,401240
page_index,time_cycles
0,390218
page_index,time_cycles
0,406548
page_index,time_cycles
0,392092
page_index,time_cycles
0,410834
page_index,time_cycles
0,414918
page_index,time_cycles
0,388626
page_index,time_cycles
0,389438
page_index,time_cycles
0,389502
page_index,time_cycles
0,397892
page_index,time_cycles
0,397750
page_index,time_cycles
0,389276
page_index,time_cycles
0,392320
page_index,time_cycles
0,403952
page_index,time_cycles
0,435910
page_index,time_cycles
0,413572
page_index,time_cycles
0,382628
page_index,time_cycles
0,408834
page_index,time_cycles
0,406528
page_index,time_cycles
0,391096
page_index,time_cycles
0,403706
page_index,time_cycles
0,394764
page_index,time_cycles
0,393004
page_index,time_cycles
0,394060
page_index,time_cycles
0,387906
page_index,time_cycles
0,387190
page_index,time_cycles
0,421708
page_index,time_cycles
0,386000
page_index,time_cycles
0,402478
page_index,time_cycles
0,391798
page_index,time_cycles
0,393316
page_index,time_cycles
0,393936
page_index,time_cycles
0,414542
page_index,time_cycles
0,394416
page_index,time_cycles
0,413200
page_index,time_cycles
0,405634
page_index,time_cycles
0,388988
page_index,time_cycles
0,401618
page_index,time_cycles
0,395262
page_index,time_cycles
0,390608
page_index,time_cycles
0,431864
page_index,time_cycles
0,396594
page_index,time_cycles
0,414764
page_index,time_cycles
0,436752
page_index,time_cycles
0,410458
page_index,time_cycles
0,408974
page_index,time_cycles
0,438568
page_index,time_cycles
0,398814
page_index,time_cycles
0,392438
page_index,time_cycles
0,393954
page_index,time_cycles
0,387128
page_index,time_cycles
0,391706
page_index,time_cycles
0,403356
page_index,time_cycles
0,397962
page_index,time_cycles
0,409966
page_index,time_cycles
0,391332
page_index,time_cycles
0,446002
page_index,time_cycles
0,397862
page_index,time_cycles
0,422576
page_index,time_cycles
0,405814
page_index,time_cycles
0,398200
page_index,time_cycles
0,397270
page_index,time_cycles
0,388818
page_index,time_cycles
0,397822
page_index,time_cycles
0,438146
page_index,time_cycles
0,397520
page_index,time_cycles
0,391688
page_index,time_cycles
0,419592
page_index,time_cycles
0,412070
page_index,time_cycles
0,430584
page_index,time_cycles
0,436742
page_index,time_cycles
0,405910
page_index,time_cycles
0,404618
page_index,time_cycles
0,389750
page_index,time_cycles
0,386666
page_index,time_cycles
0,409656
page_index,time_cycles
0,403800
page_index,time_cycles
0,437322
page_index,time_cycles
0,397022
page_index,time_cycles
0,395010
page_index,time_cycles
0,392230
page_index,time_cycles
0,408142
page_index,time_cycles
0,386346
page_index,time_cycles
0,394858
page_index,time_cycles
0,399754
page_index,time_cycles
0,404374
page_index,time_cycles
0,391116
page_index,time_cycles
0,424414
page_index,time_cycles
0,402968
page_index,time_cycles
0,401654
page_index,time_cycles
0,423262
page_index,time_cycles
0,388048
page_index,time_cycles
0,438012
page_index,time_cycles
0,429986
page_index,time_cycles
0,400302
page_index,time_cycles
0,386014
page_index,time_cycles
0,389592
page_index,time_cycles
0,429612
page_index,time_cycles
0,402082
page_index,time_cycles
0,391682
page_index,time_cycles
0,413118
page_index,time_cycles
0,393144
page_index,time_cycles
0,400636
page_index,time_cycles
0,393632
page_index,time_cycles
0,399478
page_index,time_cycles
0,420372
page_index,time_cycles
0,448288
page_index,time_cycles
0,402874
page_index,time_cycles
0,386842
page_index,time_cycles
0,406064
page_index,time_cycles
0,400238
page_index,time_cycles
0,402628
page_index,time_cycles
0,407312
page_index,time_cycles
0,425646
page_index,time_cycles
0,416028
page_index,time_cycles
0,399550
page_index,time_cycles
0,403874
page_index,time_cycles
0,428168
page_index,time_cycles
0,390670
page_index,time_cycles
0,394364
page_index,time_cycles
0,378824
page_index,time_cycles
0,429492
page_index,time_cycles
0,384966
page_index,time_cycles
0,391946
page_index,time_cycles
0,397352
page_index,time_cycles
0,403844
page_index,time_cycles
0,439644
page_index,time_cycles
0,397542
page_index,time_cycles
0,403744
page_index,time_cycles
0,405192
page_index,time_cycles
0,395978
page_index,time_cycles
0,391336
page_index,time_cycles
0,395254
page_index,time_cycles
0,385318
page_index,time_cycles
0,397614
page_index,time_cycles
0,394866
page_index,time_cycles
0,392094
page_index,time_cycles
0,392664
page_index,time_cycles
0,395434
page_index,time_cycles
0,432274
page_index,time_cycles
0,398706
page_index,time_cycles
0,411086
page_index,time_cycles
0,425034
page_index,time_cycles
0,495792
page_index,time_cycles
0,387836
page_index,time_cycles
0,389036
page_index,time_cycles
0,390642
page_index,time_cycles
0,395136
page_index,time_cycles
0,394202
page_index,time_cycles
0,411450
page_index,time_cycles
0,389958
page_index,time_cycles
0,406258
page_index,time_cycles
0,430996
page_index,time_cycles
0,388744
page_index,time_cycles
0,397386
page_index,time_cycles
0,388038
page_index,time_cycles
0,391966
page_index,time_cycles
0,391800
page_index,time_cycles
0,420140
page_index,time_cycles
0,409124
page_index,time_cycles
0,424058
page_index,time_cycles
0,415672
page_index,time_cycles
0,422108
page_index,time_cycles
0,421124
page_index,time_cycles
0,399642
page_index,time_cycles
0,404464
page_index,time_cycles
0,394038
page_index,time_cycles
0,406698
page_index,time_cycles
0,398576
page_index,time_cycles
0,420808
page_index,time_cycles
0,389692
page_index,time_cycles
0,405498
page_index,time_cycles
0,396728
page_index,time_cycles
0,390792
page_index,time_cycles
0,389766
page_index,time_cycles
0,405922
page_index,time_cycles
0,411462
page_index,time_cycles
0,402528
page_index,time_cycles
0,397878
page_index,time_cycles
0,417094
page_index,time_cycles
0,399632
page_index,time_cycles
0,389042
page_index,time_cycles
0,411916
page_index,time_cycles
0,487938
page_index,time_cycles
0,400270
page_index,time_cycles
0,388712
page_index,time_cycles
0,437126
page_index,time_cycles
0,1029942
page_index,time_cycles
0,395608
page_index,time_cycles
0,424198
page_index,time_cycles
0,391422
page_index,time_cycles
0,408094
page_index,time_cycles
0,427498
page_index,time_cycles
0,397626
page_index,time_cycles
0,404890
page_index,time_cycles
0,399256
page_index,time_cycles
0,421462
page_index,time_cycles
0,388538
page_index,time_cycles
0,403192
page_index,time_cycles
0,408150
page_index,time_cycles
0,404582
page_index,time_cycles
0,391234
page_index,time_cycles
0,389746
page_index,time_cycles
0,418364
page_index,time_cycles
0,400784
page_index,time_cycles
0,390514
page_index,time_cycles
0,396706
page_index,time_cycles
0,417648
page_index,time_cycles
0,433496
page_index,time_cycles
0,398160
page_index,time_cycles
0,389528
page_index,time_cycles
0,386382
page_index,time_cycles
0,385138
page_index,time_cycles
0,392484
page_index,time_cycles
0,392548
page_index,time_cycles
0,400762
page_index,time_cycles
0,398458
page_index,time_cycles
0,512784
page_index,time_cycles
0,401356
page_index,time_cycles
0,406932
page_index,time_cycles
0,401586
page_index,time_cycles
0,402880
page_index,time_cycles
0,409440
page_index,time_cycles
0,407368
page_index,time_cycles
0,397942
page_index,time_cycles
0,395398
page_index,time_cycles
0,387116
page_index,time_cycles
0,386438
page_index,time_cycles
0,432654
page_index,time_cycles
0,392908
page_index,time_cycles
0,409382
page_index,time_cycles
0,454260
page_index,time_cycles
0,388122
page_index,time_cycles
0,394048
page_index,time_cycles
0,403292
page_index,time_cycles
0,400808
page_index,time_cycles
0,388456
page_index,time_cycles
0,385990
page_index,time_cycles
0,390560
page_index,time_cycles
0,400676
page_index,time_cycles
0,394160
page_index,time_cycles
0,394754
page_index,time_cycles
0,406022
page_index,time_cycles
0,408798
page_index,time_cycles
0,398756
page_index,time_cycles
0,398842
page_index,time_cycles
0,442878
page_index,time_cycles
0,390302
page_index,time_cycles
0,386502
page_index,time_cycles
0,390414
page_index,time_cycles
0,401174
page_index,time_cycles
0,410570
page_index,time_cycles
0,403452
page_index,time_cycles
0,404870
page_index,time_cycles
0,388970
page_index,time_cycles
0,386016
page_index,time_cycles
0,426012
page_index,time_cycles
0,401266
page_index,time_cycles
0,407846
page_index,time_cycles
0,382848
page_index,time_cycles
0,400640
page_index,time_cycles
0,398622
page_index,time_cycles
0,394190
page_index,time_cycles
0,390566
page_index,time_cycles
0,400142
page_index,time_cycles
0,390270
page_index,time_cycles
0,379716
page_index,time_cycles
0,394588
page_index,time_cycles
0,416754
page_index,time_cycles
0,390236
page_index,time_cycles
0,421032
page_index,time_cycles
0,413756
page_index,time_cycles
0,426924
page_index,time_cycles
0,392226
page_index,time_cycles
0,401160
page_index,time_cycles
0,402180
page_index,time_cycles
0,426370
page_index,time_cycles
0,383800
page_index,time_cycles
0,404224
page_index,time_cycles
0,382034
page_index,time_cycles
0,405532
page_index,time_cycles
0,404230
page_index,time_cycles
0,403226
page_index,time_cycles
0,388706
page_index,time_cycles
0,400730
page_index,time_cycles
0,394738
page_index,time_cycles
0,397498
page_index,time_cycles
0,402126
page_index,time_cycles
0,389626
page_index,time_cycles
0,411316
page_index,time_cycles
0,404026
page_index,time_cycles
0,383602
page_index,time_cycles
0,399014
page_index,time_cycles
0,393996
page_index,time_cycles
0,472056
page_index,time_cycles
0,396366
page_index,time_cycles
0,390946
page_index,time_cycles
0,415166
page_index,time_cycles
0,391892
page_index,time_cycles
0,390952
page_index,time_cycles
0,392844
page_index,time_cycles
0,393462
page_index,time_cycles
0,397120
page_index,time_cycles
0,386552
page_index,time_cycles
0,427480
page_index,time_cycles
0,387234
page_index,time_cycles
0,400156
page_index,time_cycles
0,393798
page_index,time_cycles
0,404622
page_index,time_cycles
0,393738
page_index,time_cycles
0,396782
page_index,time_cycles
0,394492
page_index,time_cycles
0,424328
page_index,time_cycles
0,415942
page_index,time_cycles
0,394530
page_index,time_cycles
0,387062
page_index,time_cycles
0,399588
page_index,time_cycles
0,392814
page_index,time_cycles
0,391234
page_index,time_cycles
0,403458
page_index,time_cycles
0,413420
page_index,time_cycles
0,396748
page_index,time_cycles
0,399422
page_index,time_cycles
0,397452
page_index,time_cycles
0,404928
page_index,time_cycles
0,412266
page_index,time_cycles
0,402544
page_index,time_cycles
0,411670
page_index,time_cycles
0,388500
page_index,time_cycles
0,401674
page_index,time_cycles
0,442732
page_index,time_cycles
0,412198
page_index,time_cycles
0,392866
page_index,time_cycles
0,381570
page_index,time_cycles
0,412348
page_index,time_cycles
0,428160
page_index,time_cycles
0,399064
page_index,time_cycles
0,433886
page_index,time_cycles
0,408670
page_index,time_cycles
0,392686
page_index,time_cycles
0,393966
page_index,time_cycles
0,389864
page_index,time_cycles
0,400296
page_index,time_cycles
0,426950
page_index,time_cycles
0,441360
page_index,time_cycles
0,406012
page_index,time_cycles
0,395494
page_index,time_cycles
0,395988
page_index,time_cycles
0,406926
page_index,time_cycles
0,551150
page_index,time_cycles
0,408036
page_index,time_cycles
0,387382
page_index,time_cycles
0,392058
page_index,time_cycles
0,405048
page_index,time_cycles
0,395476
page_index,time_cycles
0,391290
page_index,time_cycles
0,402972
page_index,time_cycles
0,405340
page_index,time_cycles
0,394714
page_index,time_cycles
0,383432
page_index,time_cycles
0,421584
page_index,time_cycles
0,415742
page_index,time_cycles
0,439170
page_index,time_cycles
0,436552
page_index,time_cycles
0,390640
page_index,time_cycles
0,410958
page_index,time_cycles
0,435604
page_index,time_cycles
0,407860
page_index,time_cycles
0,387574
page_index,time_cycles
0,425472
page_index,time_cycles
0,426448
page_index,time_cycles
0,408146
page_index,time_cycles
0,381078
page_index,time_cycles
0,401420
page_index,time_cycles
0,405678
page_index,time_cycles
0,397654
page_index,time_cycles
0,383954
page_index,time_cycles
0,411710
page_index,time_cycles
0,385776
page_index,time_cycles
0,395734
page_index,time_cycles
0,490106
page_index,time_cycles
0,427268
page_index,time_cycles
0,392454
page_index,time_cycles
0,384864
page_index,time_cycles
0,397032
page_index,time_cycles
0,386854
page_index,time_cycles
0,391264
page_index,time_cycles
0,402530
page_index,time_cycles
0,404674
page_index,time_cycles
0,393430
page_index,time_cycles
0,397126
page_index,time_cycles
0,422266
page_index,time_cycles
0,392914
page_index,time_cycles
0,391368
page_index,time_cycles
0,427798
page_index,time_cycles
0,401484
page_index,time_cycles
0,386472
page_index,time_cycles
0,413590
page_index,time_cycles
0,431468
page_index,time_cycles
0,406144
page_index,time_cycles
0,390952
page_index,time_cycles
0,411686
page_index,time_cycles
0,397982
page_index,time_cycles
0,407678
page_index,time_cycles
0,396556
page_index,time_cycles
0,397610
page_index,time_cycles
0,397068
page_index,time_cycles
0,420986
page_index,time_cycles
0,387652
page_index,time_cycles
0,392170
page_index,time_cycles
0,399554
page_index,time_cycles
0,400366
page_index,time_cycles
0,404520
page_index,time_cycles
0,409142
page_index,time_cycles
0,443706
page_index,time_cycles
0,514758
page_index,time_cycles
0,403714
page_index,time_cycles
0,384212
page_index,time_cycles
0,395404
page_index,time_cycles
0,407346
page_index,time_cycles
0,431420
page_index,time_cycles
0,398000
page_index,time_cycles
0,382760
page_index,time_cycles
0,392358
page_index,time_cycles
0,398296
page_index,time_cycles
0,391668
page_index,time_cycles
0,386478
page_index,time_cycles
0,425348
page_index,time_cycles
0,395702
page_index,time_cycles
0,387760
page_index,time_cycles
0,385704
page_index,time_cycles
0,381562
page_index,time_cycles
0,397590
page_index,time_cycles
0,400368
page_index,time_cycles
0,386686
page_index,time_cycles
0,429852
page_index,time_cycles
0,432146
page_index,time_cycles
0,389238
page_index,time_cycles
0,431996
page_index,time_cycles
0,428192
page_index,time_cycles
0,391900
page_index,time_cycles
0,416022
page_index,time_cycles
0,389178
page_index,time_cycles
0,394104
page_index,time_cycles
0,405330
page_index,time_cycles
0,392152
page_index,time_cycles
0,393856
page_index,time_cycles
0,422082
page_index,time_cycles
0,395836
page_index,time_cycles
0,422222
page_index,time_cycles
0,395892
page_index,time_cycles
0,392508
page_index,time_cycles
0,385754
page_index,time_cycles
0,395106
page_index,time_cycles
0,396782
page_index,time_cycles
0,388176
page_index,time_cycles
0,393000
page_index,time_cycles
0,418590
page_index,time_cycles
0,400288
page_index,time_cycles
0,405046
page_index,time_cycles
0,402392
page_index,time_cycles
0,404056
page_index,time_cycles
0,440048
page_index,time_cycles
0,431330
page_index,time_cycles
0,395242
page_index,time_cycles
0,392776
page_index,time_cycles
0,399914
page_index,time_cycles
0,416782
page_index,time_cycles
0,391542
page_index,time_cycles
0,397724
page_index,time_cycles
0,392572
page_index,time_cycles
0,397866
page_index,time_cycles
0,388316
page_index,time_cycles
0,403702
page_index,time_cycles
0,393324
page_index,time_cycles
0,380920
page_index,time_cycles
0,410058
page_index,time_cycles
0,402540
page_index,time_cycles
0,396682
page_index,time_cycles
0,397782
page_index,time_cycles
0,399396
page_index,time_cycles
0,390982
page_index,time_cycles
0,398276
page_index,time_cycles
0,403048
page_index,time_cycles
0,398574
page_index,time_cycles
0,410806
page_index,time_cycles
0,403910
page_index,time_cycles
0,388152
page_index,time_cycles
0,388202
page_index,time_cycles
0,390222
page_index,time_cycles
0,417312
page_index,time_cycles
0,411132
page_index,time_cycles
0,393380
page_index,time_cycles
0,423402
page_index,time_cycles
0,380408
page_index,time_cycles
0,413378
page_index,time_cycles
0,396660
page_index,time_cycles
0,396912
page_index,time_cycles
0,390502
page_index,time_cycles
0,394218
page_index,time_cycles
0,388562
page_index,time_cycles
0,399610
page_index,time_cycles
0,391682
page_index,time_cycles
0,390974
page_index,time_cycles
0,394114
page_index,time_cycles
0,402410
page_index,time_cycles
0,389436
page_index,time_cycles
0,385368
page_index,time_cycles
0,396408
page_index,time_cycles
0,385168
page_index,time_cycles
0,398606
page_index,time_cycles
0,394324
page_index,time_cycles
0,492154
page_index,time_cycles
0,395544
page_index,time_cycles
0,447570
page_index,time_cycles
0,399328
page_index,time_cycles
0,389348
page_index,time_cycles
0,400010
page_index,time_cycles
0,400242
page_index,time_cycles
0,403258
page_index,time_cycles
0,395724
page_index,time_cycles
0,401164
page_index,time_cycles
0,400246
page_index,time_cycles
0,399764
page_index,time_cycles
0,402694
page_index,time_cycles
0,467208
page_index,time_cycles
0,399182
page_index,time_cycles
0,393700
page_index,time_cycles
0,386770
page_index,time_cycles
0,383452
page_index,time_cycles
0,428286
page_index,time_cycles
0,432534
page_index,time_cycles
0,396250
page_index,time_cycles
0,386354
page_index,time_cycles
0,403914
page_index,time_cycles
0,394368
page_index,time_cycles
0,391432
page_index,time_cycles
0,395714
page_index,time_cycles
0,408572
page_index,time_cycles
0,397574
page_index,time_cycles
0,448802
page_index,time_cycles
0,401888
page_index,time_cycles
0,383984
page_index,time_cycles
0,399906
page_index,time_cycles
0,395568
page_index,time_cycles
0,393238
page_index,time_cycles
0,403100
page_index,time_cycles
0,398490
page_index,time_cycles
0,407636
page_index,time_cycles
0,392648
page_index,time_cycles
0,389092
page_index,time_cycles
0,398070
page_index,time_cycles
0,392824
page_index,time_cycles
0,397756
page_index,time_cycles
0,393174
page_index,time_cycles
0,392058
page_index,time_cycles
0,414108
page_index,time_cycles
0,401744
page_index,time_cycles
0,405106
page_index,time_cycles
0,414090
page_index,time_cycles
0,406138
page_index,time_cycles
0,439992
page_index,time_cycles
0,387368
page_index,time_cycles
0,390814
page_index,time_cycles
0,404570
page_index,time_cycles
0,404164
page_index,time_cycles
0,427398
page_index,time_cycles
0,392416
page_index,time_cycles
0,406870
page_index,time_cycles
0,394000
page_index,time_cycles
0,535128
page_index,time_cycles
0,395212
page_index,time_cycles
0,392358
page_index,time_cycles
0,401656
page_index,time_cycles
0,385632
page_index,time_cycles
0,395058
page_index,time_cycles
0,396194
page_index,time_cycles
0,401094
page_index,time_cycles
0,409598
page_index,time_cycles
0,390934
page_index,time_cycles
0,429094
page_index,time_cycles
0,415900
page_index,time_cycles
0,413314
page_index,time_cycles
0,394436
page_index,time_cycles
0,415238
page_index,time_cycles
0,415826
page_index,time_cycles
0,399166
page_index,time_cycles
0,397504
page_index,time_cycles
0,385840
page_index,time_cycles
0,407016
page_index,time_cycles
0,395000
page_index,time_cycles
0,394612
page_index,time_cycles
0,386700
page_index,time_cycles
0,400360
page_index,time_cycles
0,468260
page_index,time_cycles
0,386220
page_index,time_cycles
0,420486
page_index,time_cycles
0,421924
page_index,time_cycles
0,395308
page_index,time_cycles
0,416650
page_index,time_cycles
0,393992
page_index,time_cycles
0,406716
page_index,time_cycles
0,411216
page_index,time_cycles
0,402118
page_index,time_cycles
0,398468
page_index,time_cycles
0,385154
page_index,time_cycles
0,393882
page_index,time_cycles
0,392682
page_index,time_cycles
0,440054
page_index,time_cycles
0,1488026
page_index,time_cycles
0,428556
page_index,time_cycles
0,398016
page_index,time_cycles
0,418162
page_index,time_cycles
0,424910
page_index,time_cycles
0,389304
page_index,time_cycles
0,397902
page_index,time_cycles
0,398602
page_index,time_cycles
0,416196
page_index,time_cycles
0,396872
page_index,time_cycles
0,390676
page_index,time_cycles
0,395786
page_index,time_cycles
0,410640
page_index,time_cycles
0,412778
page_index,time_cycles
0,398740
page_index,time_cycles
0,389808
page_index,time_cycles
0,454536
page_index,time_cycles
0,437476
page_index,time_cycles
0,385644
page_index,time_cycles
0,393602
page_index,time_cycles
0,396114
page_index,time_cycles
0,396980
page_index,time_cycles
0,390014
page_index,time_cycles
0,411450
page_index,time_cycles
0,399854
page_index,time_cycles
0,399420
page_index,time_cycles
0,403172
page_index,time_cycles
0,392206
page_index,time_cycles
0,392074
page_index,time_cycles
0,390304
page_index,time_cycles
0,395412
page_index,time_cycles
0,432604
page_index,time_cycles
0,412162
page_index,time_cycles
0,388410
page_index,time_cycles
0,405632
page_index,time_cycles
0,383054
page_index,time_cycles
0,401482
page_index,time_cycles
0,389180
page_index,time_cycles
0,396356
page_index,time_cycles
0,397644
page_index,time_cycles
0,403368
page_index,time_cycles
0,415674
page_index,time_cycles
0,401446
page_index,time_cycles
0,388494
page_index,time_cycles
0,409294
page_index,time_cycles
0,418542
page_index,time_cycles
0,390868
page_index,time_cycles
0,421006
page_index,time_cycles
0,440048
page_index,time_cycles
0,388900
page_index,time_cycles
0,441738
page_index,time_cycles
0,384254
page_index,time_cycles
0,389218
page_index,time_cycles
0,442398
page_index,time_cycles
0,400818
page_index,time_cycles
0,389526
page_index,time_cycles
0,393756
page_index,time_cycles
0,397532
page_index,time_cycles
0,385542
page_index,time_cycles
0,418546
page_index,time_cycles
0,396950
page_index,time_cycles
0,408280
page_index,time_cycles
0,392872
page_index,time_cycles
0,401042
page_index,time_cycles
0,391926
page_index,time_cycles
0,391056
page_index,time_cycles
0,399304
page_index,time_cycles
0,388546
page_index,time_cycles
0,386832
page_index,time_cycles
0,390538
page_index,time_cycles
0,419822
page_index,time_cycles
0,396322
page_index,time_cycles
0,395850
page_index,time_cycles
0,393220
page_index,time_cycles
0,401388
page_index,time_cycles
0,385678
page_index,time_cycles
0,405220
page_index,time_cycles
0,401016
page_index,time_cycles
0,394690
page_index,time_cycles
0,426870
page_index,time_cycles
0,476374
page_index,time_cycles
0,402662
page_index,time_cycles
0,407572
page_index,time_cycles
0,395828
page_index,time_cycles
0,432300
page_index,time_cycles
0,388388
page_index,time_cycles
0,428610
page_index,time_cycles
0,460342
page_index,time_cycles
0,399630
page_index,time_cycles
0,403412
page_index,time_cycles
0,397612
page_index,time_cycles
0,413140
page_index,time_cycles
0,406370
page_index,time_cycles
0,392028
page_index,time_cycles
0,395144
page_index,time_cycles
0,389202
page_index,time_cycles
0,396930
page_index,time_cycles
0,396672
page_index,time_cycles
0,389078
page_index,time_cycles
0,400872
page_index,time_cycles
0,406862
page_index,time_cycles
0,396292
page_index,time_cycles
0,387130
page_index,time_cycles
0,432438
page_index,time_cycles
0,400252
page_index,time_cycles
0,394448
page_index,time_cycles
0,415982
page_index,time_cycles
0,401824
page_index,time_cycles
0,424746
page_index,time_cycles
0,392682
page_index,time_cycles
0,410012
page_index,time_cycles
0,418424
page_index,time_cycles
0,441522
page_index,time_cycles
0,399264
page_index,time_cycles
0,403674
page_index,time_cycles
0,394768
page_index,time_cycles
0,398462
page_index,time_cycles
0,392244
page_index,time_cycles
0,405050
page_index,time_cycles
0,383592
page_index,time_cycles
0,393258
page_index,time_cycles
0,395758
page_index,time_cycles
0,425504
page_index,time_cycles
0,403628
page_index,time_cycles
0,394754
page_index,time_cycles
0,401378
page_index,time_cycles
0,396180
page_index,time_cycles
0,390670
page_index,time_cycles
0,403196
page_index,time_cycles
0,416972
page_index,time_cycles
0,410138
page_index,time_cycles
0,389656
page_index,time_cycles
0,442766
page_index,time_cycles
0,400998
page_index,time_cycles
0,415842
page_index,time_cycles
0,389144
page_index,time_cycles
0,403548
page_index,time_cycles
0,410090
page_index,time_cycles
0,401408
page_index,time_cycles
0,384864
page_index,time_cycles
0,460826
page_index,time_cycles
0,392912
page_index,time_cycles
0,393218
page_index,time_cycles
0,389044
page_index,time_cycles
0,418088
page_index,time_cycles
0,419490
page_index,time_cycles
0,396582
page_index,time_cycles
0,413434
page_index,time_cycles
0,395400
page_index,time_cycles
0,394516
page_index,time_cycles
0,393148
page_index,time_cycles
0,392026
page_index,time_cycles
0,401778
page_index,time_cycles
0,392914
page_index,time_cycles
0,398230
page_index,time_cycles
0,389432
page_index,time_cycles
0,394108
page_index,time_cycles
0,408616
page_index,time_cycles
0,407792
page_index,time_cycles
0,387736
page_index,time_cycles
0,407726
page_index,time_cycles
0,393768
page_index,time_cycles
0,397130
page_index,time_cycles
0,391536
page_index,time_cycles
0,417566
page_index,time_cycles
0,391230
page_index,time_cycles
0,391662
page_index,time_cycles
0,432370
page_index,time_cycles
0,391634
page_index,time_cycles
0,384306
page_index,time_cycles
0,401132
page_index,time_cycles
0,410946
page_index,time_cycles
0,412642
page_index,time_cycles
0,400842
page_index,time_cycles
0,394374
page_index,time_cycles
0,409120
page_index,time_cycles
0,400914
page_index,time_cycles
0,412490
page_index,time_cycles
0,401190
page_index,time_cycles
0,383856
page_index,time_cycles
0,422540
page_index,time_cycles
0,398344
page_index,time_cycles
0,408896
page_index,time_cycles
0,395360
page_index,time_cycles
0,404906
page_index,time_cycles
0,388476
page_index,time_cycles
0,387236
page_index,time_cycles
0,390998
page_index,time_cycles
0,397560
page_index,time_cycles
0,412432
page_index,time_cycles
0,399138
page_index,time_cycles
0,394410
page_index,time_cycles
0,390168
page_index,time_cycles
0,388992
page_index,time_cycles
0,397656
page_index,time_cycles
0,390862
page_index,time_cycles
0,411180
page_index,time_cycles
0,389206
page_index,time_cycles
0,395808
page_index,time_cycles
0,393584
page_index,time_cycles
0,397700
page_index,time_cycles
0,385042
page_index,time_cycles
0,392712
page_index,time_cycles
0,399876
page_index,time_cycles
0,398990
page_index,time_cycles
0,389988
page_index,time_cycles
0,397362
page_index,time_cycles
0,403568
page_index,time_cycles
0,396030
page_index,time_cycles
0,387632
page_index,time_cycles
0,395414
page_index,time_cycles
0,383350
page_index,time_cycles
0,389032
page_index,time_cycles
0,406306
page_index,time_cycles
0,382636
page_index,time_cycles
0,393842
page_index,time_cycles
0,407418
page_index,time_cycles
0,392286
page_index,time_cycles
0,399664
page_index,time_cycles
0,388908
page_index,time_cycles
0,394538
page_index,time_cycles
0,394490
page_index,time_cycles
0,400190
page_index,time_cycles
0,399376
page_index,time_cycles
0,398516
page_index,time_cycles
0,395754
page_index,time_cycles
0,398974
page_index,time_cycles
0,396254
page_index,time_cycles
0,390746
page_index,time_cycles
0,401648
page_index,time_cycles
0,388356
page_index,time_cycles
0,389880
page_index,time_cycles
0,394232
page_index,time_cycles
0,396864
page_index,time_cycles
0,406126
page_index,time_cycles
0,403266
page_index,time_cycles
0,388508
page_index,time_cycles
0,405202
page_index,time_cycles
0,422508
page_index,time_cycles
0,387210
page_index,time_cycles
0,396796
page_index,time_cycles
0,396306
page_index,time_cycles
0,389486
page_index,time_cycles
0,400706
page_index,time_cycles
0,386722
page_index,time_cycles
0,406936
page_index,time_cycles
0,392750
page_index,time_cycles
0,422912
page_index,time_cycles
0,396620
page_index,time_cycles
0,436180
page_index,time_cycles
0,393974
page_index,time_cycles
0,410374
page_index,time_cycles
0,391342
page_index,time_cycles
0,406024
page_index,time_cycles
0,389516
page_index,time_cycles
0,406202
page_index,time_cycles
0,538326
page_index,time_cycles
0,388972
page_index,time_cycles
0,388518
page_index,time_cycles
0,389432
page_index,time_cycles
0,401832
page_index,time_cycles
0,395206
page_index,time_cycles
0,428914
page_index,time_cycles
0,399572
page_index,time_cycles
0,386736
page_index,time_cycles
0,389706
page_index,time_cycles
0,431082
page_index,time_cycles
0,388806
page_index,time_cycles
0,389798
page_index,time_cycles
0,414278
page_index,time_cycles
0,395282
page_index,time_cycles
0,404978
page_index,time_cycles
0,391672
page_index,time_cycles
0,399428
page_index,time_cycles
0,396586
page_index,time_cycles
0,399748
page_index,time_cycles
0,394726
page_index,time_cycles
0,415924
page_index,time_cycles
0,391918
page_index,time_cycles
0,407866
page_index,time_cycles
0,569722
page_index,time_cycles
0,394876
page_index,time_cycles
0,397024
page_index,time_cycles
0,400740
page_index,time_cycles
0,403962
page_index,time_cycles
0,417828
page_index,time_cycles
0,397112
page_index,time_cycles
0,412370
page_index,time_cycles
0,394002
page_index,time_cycles
0,438854
page_index,time_cycles
0,398480
page_index,time_cycles
0,411846
page_index,time_cycles
0,410410
page_index,time_cycles
0,398814
page_index,time_cycles
0,398964
page_index,time_cycles
0,387486
page_index,time_cycles
0,384096
page_index,time_cycles
0,417854
page_index,time_cycles
0,388004
page_index,time_cycles
0,393802
page_index,time_cycles
0,398772
page_index,time_cycles
0,401224
page_index,time_cycles
0,415584
page_index,time_cycles
0,387662
page_index,time_cycles
0,434118
page_index,time_cycles
0,456042
page_index,time_cycles
0,393262
page_index,time_cycles
0,385434
page_index,time_cycles
0,705798
page_index,time_cycles
0,401638
page_index,time_cycles
0,413562
page_index,time_cycles
0,386830
page_index,time_cycles
0,383408
page_index,time_cycles
0,408178
page_index,time_cycles
0,393160
page_index,time_cycles
0,394418
page_index,time_cycles
0,394168
page_index,time_cycles
0,395544
page_index,time_cycles
0,398762
page_index,time_cycles
0,419458
page_index,time_cycles
0,415924
page_index,time_cycles
0,394162
page_index,time_cycles
0,453064
page_index,time_cycles
0,398966
page_index,time_cycles
0,386400
page_index,time_cycles
0,404058
page_index,time_cycles
0,388498
page_index,time_cycles
0,395204
page_index,time_cycles
0,389142
page_index,time_cycles
0,378110
page_index,time_cycles
0,437458
page_index,time_cycles
0,400792
page_index,time_cycles
0,387584
page_index,time_cycles
0,399944
page_index,time_cycles
0,394732
page_index,time_cycles
0,420798
page_index,time_cycles
0,388540
page_index,time_cycles
0,390150
page_index,time_cycles
0,395740
page_index,time_cycles
0,430838
page_index,time_cycles
0,396408
page_index,time_cycles
0,431300
page_index,time_cycles
0,398858
page_index,time_cycles
0,404390
page_index,time_cycles
0,390848
page_index,time_cycles
0,419402
page_index,time_cycles
0,394900
page_index,time_cycles
0,406302
page_index,time_cycles
0,396296
page_index,time_cycles
0,404814
page_index,time_cycles
0,398162
page_index,time_cycles
0,390320
page_index,time_cycles
0,398056
page_index,time_cycles
0,418022
page_index,time_cycles
0,400240
page_index,time_cycles
0,397366
page_index,time_cycles
0,388280
page_index,time_cycles
0,395694
page_index,time_cycles
0,407870
page_index,time_cycles
0,401758
page_index,time_cycles
0,405652
page_index,time_cycles
0,387568
page_index,time_cycles
0,396508
page_index,time_cycles
0,401688
page_index,time_cycles
0,407662
page_index,time_cycles
0,394910
page_index,time_cycles
0,403282
page_index,time_cycles
0,434726
page_index,time_cycles
0,393452
page_index,time_cycles
0,419786
page_index,time_cycles
0,395022
page_index,time_cycles
0,405862
page_index,time_cycles
0,398364
page_index,time_cycles
0,396288
page_index,time_cycles
0,392388
page_index,time_cycles
0,393488
page_index,time_cycles
0,402276
page_index,time_cycles
0,389658
page_index,time_cycles
0,402104
page_index,time_cycles
0,388352
page_index,time_cycles
0,411398
page_index,time_cycles
0,406892
page_index,time_cycles
0,392824
page_index,time_cycles
0,399388
page_index,time_cycles
0,392040
page_index,time_cycles
0,438324
page_index,time_cycles
0,402422
page_index,time_cycles
0,390462
page_index,time_cycles
0,436188
page_index,time_cycles
0,408488
page_index,time_cycles
0,395770
page_index,time_cycles
0,395870
page_index,time_cycles
0,431728
page_index,time_cycles
0,410058
page_index,time_cycles
0,401670
page_index,time_cycles
0,388564
page_index,time_cycles
0,387712
page_index,time_cycles
0,401928
page_index,time_cycles
0,405474
page_index,time_cycles
0,410022
page_index,time_cycles
0,390682
page_index,time_cycles
0,393498
page_index,time_cycles
0,391186
page_index,time_cycles
0,432524
page_index,time_cycles
0,388280
page_index,time_cycles
0,392850
page_index,time_cycles
0,389856
page_index,time_cycles
0,401386
page_index,time_cycles
0,384046
page_index,time_cycles
0,388350
page_index,time_cycles
0,407148
page_index,time_cycles
0,383154
page_index,time_cycles
0,397118
page_index,time_cycles
0,398308
page_index,time_cycles
0,401628
page_index,time_cycles
0,389498
page_index,time_cycles
0,397444
page_index,time_cycles
0,404536
page_index,time_cycles
0,443944
page_index,time_cycles
0,404316
page_index,time_cycles
0,388502
page_index,time_cycles
0,401524
page_index,time_cycles
0,406628
page_index,time_cycles
0,425070
page_index,time_cycles
0,399816
page_index,time_cycles
0,399376
page_index,time_cycles
0,392534
page_index,time_cycles
0,434324
page_index,time_cycles
0,408148
page_index,time_cycles
0,407870
page_index,time_cycles
0,394114
page_index,time_cycles
0,390604
page_index,time_cycles
0,386482
page_index,time_cycles
0,424202
page_index,time_cycles
0,461350
page_index,time_cycles
0,426624
page_index,time_cycles
0,385650
page_index,time_cycles
0,395960
page_index,time_cycles
0,425598
page_index,time_cycles
0,388464
page_index,time_cycles
0,394410
page_index,time_cycles
0,397206
page_index,time_cycles
0,404500
page_index,time_cycles
0,409466
page_index,time_cycles
0,392844
page_index,time_cycles
0,404746
page_index,time_cycles
0,390574
page_index,time_cycles
0,385508
page_index,time_cycles
0,396854
page_index,time_cycles
0,395306
page_index,time_cycles
0,448792
page_index,time_cycles
0,413884
page_index,time_cycles
0,394876
page_index,time_cycles
0,402628
page_index,time_cycles
0,389486
page_index,time_cycles
0,414402
page_index,time_cycles
0,382672
page_index,time_cycles
0,399318
page_index,time_cycles
0,386670
page_index,time_cycles
0,430306
page_index,time_cycles
0,389694
page_index,time_cycles
0,391782
page_index,time_cycles
0,453202
page_index,time_cycles
0,402782
page_index,time_cycles
0,405168
page_index,time_cycles
0,394248
page_index,time_cycles
0,433140
page_index,time_cycles
0,398052
page_index,time_cycles
0,388876
page_index,time_cycles
0,378450
page_index,time_cycles
0,409894
page_index,time_cycles
0,382966
page_index,time_cycles
0,402434
page_index,time_cycles
0,405968
page_index,time_cycles
0,385220
page_index,time_cycles
0,397656
page_index,time_cycles
0,396678
page_index,time_cycles
0,405360
page_index,time_cycles
0,414280
page_index,time_cycles
0,391144
page_index,time_cycles
0,397640
page_index,time_cycles
0,427528
page_index,time_cycles
0,386858
page_index,time_cycles
0,397678
page_index,time_cycles
0,425702
page_index,time_cycles
0,389144
page_index,time_cycles
0,397980
page_index,time_cycles
0,403348
page_index,time_cycles
0,391560
page_index,time_cycles
0,392218
page_index,time_cycles
0,383462
page_index,time_cycles
0,391160
page_index,time_cycles
0,390282
page_index,time_cycles
0,392320
page_index,time_cycles
0,402208
page_index,time_cycles
0,396504
page_index,time_cycles
0,412586
page_index,time_cycles
0,389294
page_index,time_cycles
0,400952
page_index,time_cycles
0,404502
page_index,time_cycles
0,401838
page_index,time_cycles
0,402092
page_index,time_cycles
0,437170
page_index,time_cycles
0,403986
page_index,time_cycles
0,407174
page_index,time_cycles
0,436948
page_index,time_cycles
0,385456
page_index,time_cycles
0,430158
page_index,time_cycles
0,431408
page_index,time_cycles
0,386312
page_index,time_cycles
0,401696
page_index,time_cycles
0,380978
page_index,time_cycles
0,389184
page_index,time_cycles
0,395666
page_index,time_cycles
0,395798
page_index,time_cycles
0,399364
page_index,time_cycles
0,386840
page_index,time_cycles
0,385412
page_index,time_cycles
0,396280
page_index,time_cycles
0,407184
page_index,time_cycles
0,385064
page_index,time_cycles
0,396408
page_index,time_cycles
0,394864
page_index,time_cycles
0,392368
page_index,time_cycles
0,402118
page_index,time_cycles
0,400618
page_index,time_cycles
0,396114
page_index,time_cycles
0,407328
page_index,time_cycles
0,414310
page_index,time_cycles
0,394234
page_index,time_cycles
0,410146
page_index,time_cycles
0,388632
page_index,time_cycles
0,412658
page_index,time_cycles
0,413642
page_index,time_cycles
0,394082
page_index,time_cycles
0,392950
page_index,time_cycles
0,396492
page_index,time_cycles
0,395326
page_index,time_cycles
0,426862
page_index,time_cycles
0,417458
page_index,time_cycles
0,397312
page_index,time_cycles
0,404932
page_index,time_cycles
0,394500
page_index,time_cycles
0,4213628
page_index,time_cycles
0,415322
page_index,time_cycles
0,384896
page_index,time_cycles
0,402236
page_index,time_cycles
0,391092
page_index,time_cycles
0,450660
page_index,time_cycles
0,389948
page_index,time_cycles
0,399162
page_index,time_cycles
0,390424
page_index,time_cycles
0,499814
page_index,time_cycles
0,438732
page_index,time_cycles
0,404454
page_index,time_cycles
0,387894
page_index,time_cycles
0,394774
page_index,time_cycles
0,390000
page_index,time_cycles
0,390744
page_index,time_cycles
0,406152
page_index,time_cycles
0,403420
page_index,time_cycles
0,395034
page_index,time_cycles
0,434972
page_index,time_cycles
0,408962
page_index,time_cycles
0,403094
page_index,time_cycles
0,392602
page_index,time_cycles
0,403164
page_index,time_cycles
0,388792
page_index,time_cycles
0,396646
page_index,time_cycles
0,424618
page_index,time_cycles
0,397348
page_index,time_cycles
0,427742
page_index,time_cycles
0,386788
page_index,time_cycles
0,389772
page_index,time_cycles
0,415782
page_index,time_cycles
0,385020
page_index,time_cycles
0,389338
page_index,time_cycles
0,401782
page_index,time_cycles
0,395374
page_index,time_cycles
0,388626
page_index,time_cycles
0,386510
page_index,time_cycles
0,397696
page_index,time_cycles
0,386378
page_index,time_cycles
0,397972
page_index,time_cycles
0,391602
page_index,time_cycles
0,389888
page_index,time_cycles
0,404020
page_index,time_cycles
0,385948
page_index,time_cycles
0,391670
page_index,time_cycles
0,433154
page_index,time_cycles
0,407678
page_index,time_cycles
0,392544
page_index,time_cycles
0,400978
page_index,time_cycles
0,420400
page_index,time_cycles
0,392882
page_index,time_cycles
0,382860
page_index,time_cycles
0,396668
page_index,time_cycles
0,390464
page_index,time_cycles
0,392158
page_index,time_cycles
0,392534
page_index,time_cycles
0,390138
page_index,time_cycles
0,400804
page_index,time_cycles
0,400784
page_index,time_cycles
0,397224
page_index,time_cycles
0,406210
page_index,time_cycles
0,397316
page_index,time_cycles
0,397962
page_index,time_cycles
0,453574
page_index,time_cycles
0,389690
page_index,time_cycles
0,414764
page_index,time_cycles
0,403050
page_index,time_cycles
0,405690
page_index,time_cycles
0,404292
page_index,time_cycles
0,409414
page_index,time_cycles
0,387022
page_index,time_cycles
0,474178
page_index,time_cycles
0,419752
page_index,time_cycles
0,425074
page_index,time_cycles
0,395996
page_index,time_cycles
0,396018
page_index,time_cycles
0,428566
page_index,time_cycles
0,387874
page_index,time_cycles
0,436216
page_index,time_cycles
0,392642
page_index,time_cycles
0,427160
page_index,time_cycles
0,405258
page_index,time_cycles
0,401112
page_index,time_cycles
0,384350
page_index,time_cycles
0,392540
page_index,time_cycles
0,407812
page_index,time_cycles
0,412096
page_index,time_cycles
0,423382
page_index,time_cycles
0,390374
page_index,time_cycles
0,1292318
page_index,time_cycles
0,400796
page_index,time_cycles
0,423034
page_index,time_cycles
0,415908
page_index,time_cycles
0,402330
page_index,time_cycles
0,392522
page_index,time_cycles
0,401156
page_index,time_cycles
0,388628
page_index,time_cycles
0,392688
page_index,time_cycles
0,432504
page_index,time_cycles
0,398452
page_index,time_cycles
0,428232
page_index,time_cycles
0,392710
page_index,time_cycles
0,429594
page_index,time_cycles
0,406028
page_index,time_cycles
0,405796
page_index,time_cycles
0,387400
page_index,time_cycles
0,398978
page_index,time_cycles
0,392094
page_index,time_cycles
0,387476
page_index,time_cycles
0,403820
page_index,time_cycles
0,396346
page_index,time_cycles
0,382688
page_index,time_cycles
0,387958
page_index,time_cycles
0,394356
page_index,time_cycles
0,414990
page_index,time_cycles
0,405552
page_index,time_cycles
0,409918
page_index,time_cycles
0,399932
page_index,time_cycles
0,390742
page_index,time_cycles
0,396476
page_index,time_cycles
0,411778
page_index,time_cycles
0,406928
page_index,time_cycles
0,390460
page_index,time_cycles
0,398010
page_index,time_cycles
0,422274
page_index,time_cycles
0,397896
page_index,time_cycles
0,391344
page_index,time_cycles
0,459902
page_index,time_cycles
0,410842
page_index,time_cycles
0,388726
page_index,time_cycles
0,426866
page_index,time_cycles
0,393048
page_index,time_cycles
0,655576
page_index,time_cycles
0,403864
page_index,time_cycles
0,411892
page_index,time_cycles
0,404524
page_index,time_cycles
0,386052
page_index,time_cycles
0,416578
page_index,time_cycles
0,389614
page_index,time_cycles
0,424326
page_index,time_cycles
0,391660
page_index,time_cycles
0,393054
page_index,time_cycles
0,403218
page_index,time_cycles
0,404400
page_index,time_cycles
0,391748
page_index,time_cycles
0,425958
page_index,time_cycles
0,534682
page_index,time_cycles
0,392622
page_index,time_cycles
0,395814
page_index,time_cycles
0,402098
page_index,time_cycles
0,390612
page_index,time_cycles
0,433604
page_index,time_cycles
0,389156
page_index,time_cycles
0,393398
page_index,time_cycles
0,389760
page_index,time_cycles
0,393862
page_index,time_cycles
0,388536
page_index,time_cycles
0,398370
page_index,time_cycles
0,392944
page_index,time_cycles
0,394148
page_index,time_cycles
0,405450
page_index,time_cycles
0,403500
page_index,time_cycles
0,404880
page_index,time_cycles
0,389414
page_index,time_cycles
0,398536
page_index,time_cycles
0,402868
page_index,time_cycles
0,389322
page_index,time_cycles
0,419396
page_index,time_cycles
0,413438
page_index,time_cycles
0,390472
page_index,time_cycles
0,389364
page_index,time_cycles
0,385034
page_index,time_cycles
0,404202
page_index,time_cycles
0,400812
page_index,time_cycles
0,414116
page_index,time_cycles
0,401060
page_index,time_cycles
0,410764
page_index,time_cycles
0,449964
page_index,time_cycles
0,392876
page_index,time_cycles
0,400238
page_index,time_cycles
0,387542
page_index,time_cycles
0,397054
page_index,time_cycles
0,407758
page_index,time_cycles
0,387382
page_index,time_cycles
0,395126
page_index,time_cycles
0,384676
page_index,time_cycles
0,414802
page_index,time_cycles
0,391624
page_index,time_cycles
0,405196
page_index,time_cycles
0,407328
page_index,time_cycles
0,419552
page_index,time_cycles
0,421440
page_index,time_cycles
0,391142
page_index,time_cycles
0,388476
page_index,time_cycles
0,403158
page_index,time_cycles
0,402258
page_index,time_cycles
0,420354
page_index,time_cycles
0,411688
page_index,time_cycles
0,416572
page_index,time_cycles
0,401834
page_index,time_cycles
0,408350
page_index,time_cycles
0,403288
page_index,time_cycles
0,400298
page_index,time_cycles
0,423794
page_index,time_cycles
0,391372
page_index,time_cycles
0,388896
page_index,time_cycles
0,397158
page_index,time_cycles
0,403100
page_index,time_cycles
0,404090
page_index,time_cycles
0,394378
page_index,time_cycles
0,396714
page_index,time_cycles
0,402646
page_index,time_cycles
0,419360
page_index,time_cycles
0,390846
page_index,time_cycles
0,390980
page_index,time_cycles
0,394084
page_index,time_cycles
0,401922
page_index,time_cycles
0,385756
page_index,time_cycles
0,404830
page_index,time_cycles
0,397376
page_index,time_cycles
0,430222
page_index,time_cycles
0,391508
page_index,time_cycles
0,388772
page_index,time_cycles
0,427254
page_index,time_cycles
0,394158
page_index,time_cycles
0,392064
page_index,time_cycles
0,397466
page_index,time_cycles
0,389346
page_index,time_cycles
0,395142
page_index,time_cycles
0,385986
page_index,time_cycles
0,386884
page_index,time_cycles
0,388720
page_index,time_cycles
0,392336
page_index,time_cycles
0,401608
page_index,time_cycles
0,404300
page_index,time_cycles
0,389248
page_index,time_cycles
0,396556
page_index,time_cycles
0,412322
page_index,time_cycles
0,395310
page_index,time_cycles
0,403698
page_index,time_cycles
0,393328
page_index,time_cycles
0,393620
page_index,time_cycles
0,402110
page_index,time_cycles
0,387228
page_index,time_cycles
0,385574
page_index,time_cycles
0,433878
page_index,time_cycles
0,403282
page_index,time_cycles
0,400802
page_index,time_cycles
0,409112
page_index,time_cycles
0,393162
page_index,time_cycles
0,396728
page_index,time_cycles
0,420726
page_index,time_cycles
0,409650
page_index,time_cycles
0,427170
page_index,time_cycles
0,390408
page_index,time_cycles
0,397962
page_index,time_cycles
0,398364
page_index,time_cycles
0,398106
page_index,time_cycles
0,396050
page_index,time_cycles
0,386030
page_index,time_cycles
0,390324
page_index,time_cycles
0,396408
page_index,time_cycles
0,421670
page_index,time_cycles
0,466032
page_index,time_cycles
0,408226
page_index,time_cycles
0,398474
page_index,time_cycles
0,410242
page_index,time_cycles
0,407514
page_index,time_cycles
0,389362
page_index,time_cycles
0,392468
page_index,time_cycles
0,405940
page_index,time_cycles
0,401948
page_index,time_cycles
0,392360
page_index,time_cycles
0,389564
page_index,time_cycles
0,383460
page_index,time_cycles
0,396432
page_index,time_cycles
0,389726
page_index,time_cycles
0,402966
page_index,time_cycles
0,430970
page_index,time_cycles
0,428692
page_index,time_cycles
0,381646
page_index,time_cycles
0,448222
page_index,time_cycles
0,386090
page_index,time_cycles
0,401354
page_index,time_cycles
0,574968
page_index,time_cycles
0,396060
page_index,time_cycles
0,403544
page_index,time_cycles
0,392718
page_index,time_cycles
0,395586
page_index,time_cycles
0,398310
page_index,time_cycles
0,396914
page_index,time_cycles
0,431888
page_index,time_cycles
0,398036
page_index,time_cycles
0,396812
page_index,time_cycles
0,396784
page_index,time_cycles
0,459532
page_index,time_cycles
0,397774
page_index,time_cycles
0,392270
page_index,time_cycles
0,403484
page_index,time_cycles
0,403834
page_index,time_cycles
0,403850
page_index,time_cycles
0,393124
page_index,time_cycles
0,392550
page_index,time_cycles
0,397342
page_index,time_cycles
0,402902
page_index,time_cycles
0,389744
page_index,time_cycles
0,382538
page_index,time_cycles
0,392912
page_index,time_cycles
0,408222
page_index,time_cycles
0,386202
page_index,time_cycles
0,414566
page_index,time_cycles
0,400790
page_index,time_cycles
0,406650
page_index,time_cycles
0,408000
page_index,time_cycles
0,399904
page_index,time_cycles
0,421920
page_index,time_cycles
0,389224
page_index,time_cycles
0,392522
page_index,time_cycles
0,404832
page_index,time_cycles
0,394938
page_index,time_cycles
0,399624
page_index,time_cycles
0,403924
page_index,time_cycles
0,448654
page_index,time_cycles
0,448548
page_index,time_cycles
0,397138
page_index,time_cycles
0,389828
page_index,time_cycles
0,408136
page_index,time_cycles
0,391692
page_index,time_cycles
0,434860
page_index,time_cycles
0,400596
page_index,time_cycles
0,397632
page_index,time_cycles
0,395300
page_index,time_cycles
0,416140
page_index,time_cycles
0,396978
page_index,time_cycles
0,402708
page_index,time_cycles
0,398832
page_index,time_cycles
0,389162
page_index,time_cycles
0,396296
page_index,time_cycles
0,394922
page_index,time_cycles
0,404392
page_index,time_cycles
0,398300
page_index,time_cycles
0,391182
page_index,time_cycles
0,395714
page_index,time_cycles
0,410740
page_index,time_cycles
0,403318
page_index,time_cycles
0,390044
page_index,time_cycles
0,403284
page_index,time_cycles
0,384494
page_index,time_cycles
0,402870
page_index,time_cycles
0,384928
page_index,time_cycles
0,391588
page_index,time_cycles
0,398490
page_index,time_cycles
0,443444
page_index,time_cycles
0,397494
page_index,time_cycles
0,401868
page_index,time_cycles
0,394600
page_index,time_cycles
0,401024
page_index,time_cycles
0,390668
page_index,time_cycles
0,393396
page_index,time_cycles
0,391534
page_index,time_cycles
0,410862
page_index,time_cycles
0,386232
page_index,time_cycles
0,408284
page_index,time_cycles
0,463336
page_index,time_cycles
0,425090
page_index,time_cycles
0,454226
page_index,time_cycles
0,414264
page_index,time_cycles
0,412012
page_index,time_cycles
0,393820
page_index,time_cycles
0,391052
page_index,time_cycles
0,389146
page_index,time_cycles
0,395976
page_index,time_cycles
0,386348
page_index,time_cycles
0,391566
page_index,time_cycles
0,383926
page_index,time_cycles
0,400228
page_index,time_cycles
0,399382
page_index,time_cycles
0,389126
page_index,time_cycles
0,391084
page_index,time_cycles
0,404240
page_index,time_cycles
0,388132
page_index,time_cycles
0,407208
page_index,time_cycles
0,401836
page_index,time_cycles
0,403172
page_index,time_cycles
0,405488
page_index,time_cycles
0,402400
page_index,time_cycles
0,517196
page_index,time_cycles
0,390360
page_index,time_cycles
0,394504
page_index,time_cycles
0,397594
page_index,time_cycles
0,400648
page_index,time_cycles
0,385808
page_index,time_cycles
0,394326
page_index,time_cycles
0,398854
page_index,time_cycles
0,410192
page_index,time_cycles
0,389584
page_index,time_cycles
0,399954
page_index,time_cycles
0,393134
page_index,time_cycles
0,422758
page_index,time_cycles
0,391014
page_index,time_cycles
0,406260
page_index,time_cycles
0,388364
page_index,time_cycles
0,392244
page_index,time_cycles
0,435866
page_index,time_cycles
0,396900
page_index,time_cycles
0,405860
page_index,time_cycles
0,394618
page_index,time_cycles
0,388382
page_index,time_cycles
0,392598
page_index,time_cycles
0,393088
page_index,time_cycles
0,412784
page_index,time_cycles
0,389376
page_index,time_cycles
0,397966
page_index,time_cycles
0,403864
page_index,time_cycles
0,394186
page_index,time_cycles
0,397808
page_index,time_cycles
0,432416
page_index,time_cycles
0,413628
page_index,time_cycles
0,409092
page_index,time_cycles
0,397926
page_index,time_cycles
0,389722
page_index,time_cycles
0,408208
page_index,time_cycles
0,389060
page_index,time_cycles
0,425732
page_index,time_cycles
0,439946
page_index,time_cycles
0,400710
page_index,time_cycles
0,387666
page_index,time_cycles
0,435568
page_index,time_cycles
0,408696
page_index,time_cycles
0,389260
page_index,time_cycles
0,392036
page_index,time_cycles
0,391084
page_index,time_cycles
0,398878
page_index,time_cycles
0,397416
page_index,time_cycles
0,389424
page_index,time_cycles
0,415448
page_index,time_cycles
0,394780
page_index,time_cycles
0,423612
page_index,time_cycles
0,406292
page_index,time_cycles
0,388614
page_index,time_cycles
0,394226
page_index,time_cycles
0,399658
page_index,time_cycles
0,411226
page_index,time_cycles
0,393488
page_index,time_cycles
0,470976
page_index,time_cycles
0,389458
page_index,time_cycles
0,398194
page_index,time_cycles
0,398300
page_index,time_cycles
0,2031896
page_index,time_cycles
0,387612
page_index,time_cycles
0,402768
page_index,time_cycles
0,395306
page_index,time_cycles
0,389006
page_index,time_cycles
0,382224
page_index,time_cycles
0,398204
page_index,time_cycles
0,398064
page_index,time_cycles
0,426676
page_index,time_cycles
0,423722
page_index,time_cycles
0,394410
page_index,time_cycles
0,422436
page_index,time_cycles
0,437462
page_index,time_cycles
0,397368
page_index,time_cycles
0,404596
page_index,time_cycles
0,390770
page_index,time_cycles
0,397928
page_index,time_cycles
0,390634
page_index,time_cycles
0,397280
page_index,time_cycles
0,391108
page_index,time_cycles
0,395046
page_index,time_cycles
0,415370
page_index,time_cycles
0,413394
page_index,time_cycles
0,388514
page_index,time_cycles
0,401078
page_index,time_cycles
0,393630
page_index,time_cycles
0,398270
page_index,time_cycles
0,397178
page_index,time_cycles
0,394178
page_index,time_cycles
0,404060
page_index,time_cycles
0,402780
page_index,time_cycles
0,429056
page_index,time_cycles
0,394870
page_index,time_cycles
0,399490
page_index,time_cycles
0,402130
page_index,time_cycles
0,417958
page_index,time_cycles
0,386754
page_index,time_cycles
0,393186
page_index,time_cycles
0,401258
page_index,time_cycles
0,407162
page_index,time_cycles
0,395900
page_index,time_cycles
0,398242
page_index,time_cycles
0,404582
page_index,time_cycles
0,394086
page_index,time_cycles
0,405742
page_index,time_cycles
0,402890
page_index,time_cycles
0,387964
page_index,time_cycles
0,428054
page_index,time_cycles
0,407804
page_index,time_cycles
0,427376
page_index,time_cycles
0,412476
page_index,time_cycles
0,393590
page_index,time_cycles
0,394170
page_index,time_cycles
0,410754
page_index,time_cycles
0,387762
page_index,time_cycles
0,396714
page_index,time_cycles
0,400396
page_index,time_cycles
0,389304
page_index,time_cycles
0,414146
page_index,time_cycles
0,397310
page_index,time_cycles
0,387918
page_index,time_cycles
0,393868
page_index,time_cycles
0,393874
page_index,time_cycles
0,414512
page_index,time_cycles
0,398644
page_index,time_cycles
0,389962
page_index,time_cycles
0,404030
page_index,time_cycles
0,398050
page_index,time_cycles
0,3698606
page_index,time_cycles
0,399602
page_index,time_cycles
0,390312
page_index,time_cycles
0,405754
page_index,time_cycles
0,400952
page_index,time_cycles
0,407872
page_index,time_cycles
0,403920
page_index,time_cycles
0,387504
page_index,time_cycles
0,406272
page_index,time_cycles
0,416342
page_index,time_cycles
0,405038
page_index,time_cycles
0,384878
page_index,time_cycles
0,398152
page_index,time_cycles
0,389462
page_index,time_cycles
0,396156
page_index,time_cycles
0,393228
page_index,time_cycles
0,395012
page_index,time_cycles
0,410646
page_index,time_cycles
0,425970
page_index,time_cycles
0,384310
page_index,time_cycles
0,445666
page_index,time_cycles
0,397802
page_index,time_cycles
0,400180
page_index,time_cycles
0,392016
page_index,time_cycles
0,392932
page_index,time_cycles
0,407390
page_index,time_cycles
0,403444
page_index,time_cycles
0,407290
page_index,time_cycles
0,395868
page_index,time_cycles
0,428352
page_index,time_cycles
0,433886
page_index,time_cycles
0,402002
page_index,time_cycles
0,396520
page_index,time_cycles
0,385194
page_index,time_cycles
0,388798
page_index,time_cycles
0,402092
page_index,time_cycles
0,404662
page_index,time_cycles
0,399798
page_index,time_cycles
0,392066
page_index,time_cycles
0,401420
page_index,time_cycles
0,395518
page_index,time_cycles
0,390108
page_index,time_cycles
0,393536
page_index,time_cycles
0,418050
page_index,time_cycles
0,418008
page_index,time_cycles
0,434640
page_index,time_cycles
0,393962
page_index,time_cycles
0,387488
page_index,time_cycles
0,409070
page_index,time_cycles
0,397992
page_index,time_cycles
0,387880
page_index,time_cycles
0,416976
page_index,time_cycles
0,393996
page_index,time_cycles
0,389022
page_index,time_cycles
0,404320
page_index,time_cycles
0,395312
page_index,time_cycles
0,432292
page_index,time_cycles
0,392830
page_index,time_cycles
0,385594
page_index,time_cycles
0,391270
page_index,time_cycles
0,389550
page_index,time_cycles
0,491078
page_index,time_cycles
0,414464
page_index,time_cycles
0,402936
page_index,time_cycles
0,401512
page_index,time_cycles
0,398180
page_index,time_cycles
0,399114
page_index,time_cycles
0,386254
page_index,time_cycles
0,395354
page_index,time_cycles
0,385500
page_index,time_cycles
0,400722
page_index,time_cycles
0,409290
page_index,time_cycles
0,392774
page_index,time_cycles
0,405872
page_index,time_cycles
0,388176
page_index,time_cycles
0,404262
page_index,time_cycles
0,409804
page_index,time_cycles
0,392818
page_index,time_cycles
0,384128
page_index,time_cycles
0,399946
page_index,time_cycles
0,390238
page_index,time_cycles
0,388724
page_index,time_cycles
0,389632
page_index,time_cycles
0,582422
page_index,time_cycles
0,392412
page_index,time_cycles
0,390922
page_index,time_cycles
0,399106
page_index,time_cycles
0,389248
page_index,time_cycles
0,412560
page_index,time_cycles
0,393458
page_index,time_cycles
0,404274
page_index,time_cycles
0,393844
page_index,time_cycles
0,428568
page_index,time_cycles
0,413708
page_index,time_cycles
0,402682
page_index,time_cycles
0,417168
page_index,time_cycles
0,399448
page_index,time_cycles
0,390628
page_index,time_cycles
0,403932
page_index,time_cycles
0,398282
page_index,time_cycles
0,396194
page_index,time_cycles
0,389904
page_index,time_cycles
0,395942
page_index,time_cycles
0,404646
page_index,time_cycles
0,401932
page_index,time_cycles
0,414582
page_index,time_cycles
0,389452
page_index,time_cycles
0,394868
page_index,time_cycles
0,394870
page_index,time_cycles
0,462596
page_index,time_cycles
0,389208
page_index,time_cycles
0,2036050
page_index,time_cycles
0,399350
page_index,time_cycles
0,392440
page_index,time_cycles
0,406630
page_index,time_cycles
0,399166
page_index,time_cycles
0,386866
page_index,time_cycles
0,401482
page_index,time_cycles
0,388856
page_index,time_cycles
0,394024
page_index,time_cycles
0,391534
page_index,time_cycles
0,432066
page_index,time_cycles
0,389480
page_index,time_cycles
0,430626
page_index,time_cycles
0,394764
page_index,time_cycles
0,413548
page_index,time_cycles
0,382660
page_index,time_cycles
0,430632
page_index,time_cycles
0,388934
page_index,time_cycles
0,384630
page_index,time_cycles
0,401454
page_index,time_cycles
0,469874
page_index,time_cycles
0,399062
page_index,time_cycles
0,390554
page_index,time_cycles
0,409634
page_index,time_cycles
0,412222
page_index,time_cycles
0,395766
page_index,time_cycles
0,406448
page_index,time_cycles
0,389484
page_index,time_cycles
0,431246
page_index,time_cycles
0,405798
page_index,time_cycles
0,399728
page_index,time_cycles
0,391546
page_index,time_cycles
0,383028
page_index,time_cycles
0,391742
page_index,time_cycles
0,396436
page_index,time_cycles
0,424768
page_index,time_cycles
0,400124
page_index,time_cycles
0,397742
page_index,time_cycles
0,417220
page_index,time_cycles
0,395042
page_index,time_cycles
0,400772
page_index,time_cycles
0,394526
page_index,time_cycles
0,394254
page_index,time_cycles
0,431992
page_index,time_cycles
0,391588
page_index,time_cycles
0,410438
page_index,time_cycles
0,401646
page_index,time_cycles
0,388018
page_index,time_cycles
0,384572
page_index,time_cycles
0,406394
page_index,time_cycles
0,414944
page_index,time_cycles
0,388472
page_index,time_cycles
0,412936
page_index,time_cycles
0,399646
page_index,time_cycles
0,393538
page_index,time_cycles
0,412738
page_index,time_cycles
0,416658
page_index,time_cycles
0,403174
page_index,time_cycles
0,386768
page_index,time_cycles
0,409798
page_index,time_cycles
0,397834
page_index,time_cycles
0,428288
page_index,time_cycles
0,398228
page_index,time_cycles
0,396798
page_index,time_cycles
0,418770
page_index,time_cycles
0,390404
page_index,time_cycles
0,398368
page_index,time_cycles
0,396912
page_index,time_cycles
0,385466
page_index,time_cycles
0,411570
page_index,time_cycles
0,390544
page_index,time_cycles
0,387958
page_index,time_cycles
0,391284
page_index,time_cycles
0,421890
page_index,time_cycles
0,409130
page_index,time_cycles
0,389750
page_index,time_cycles
0,397312
page_index,time_cycles
0,425212
page_index,time_cycles
0,406162
page_index,time_cycles
0,428572
page_index,time_cycles
0,390754
page_index,time_cycles
0,390246
page_index,time_cycles
0,395886
page_index,time_cycles
0,399700
page_index,time_cycles
0,434324
page_index,time_cycles
0,404138
page_index,time_cycles
0,390874
page_index,time_cycles
0,457108
page_index,time_cycles
0,393050
page_index,time_cycles
0,385968
page_index,time_cycles
0,396978
page_index,time_cycles
0,404154
page_index,time_cycles
0,398438
page_index,time_cycles
0,391242
page_index,time_cycles
0,400804
page_index,time_cycles
0,388390
page_index,time_cycles
0,396876
page_index,time_cycles
0,402150
page_index,time_cycles
0,408660
page_index,time_cycles
0,392864
page_index,time_cycles
0,407506
page_index,time_cycles
0,440160
page_index,time_cycles
0,391276
page_index,time_cycles
0,387472
page_index,time_cycles
0,405738
page_index,time_cycles
0,410102
page_index,time_cycles
0,407376
page_index,time_cycles
0,383150
page_index,time_cycles
0,388458
page_index,time_cycles
0,387776
page_index,time_cycles
0,392672
page_index,time_cycles
0,403398
page_index,time_cycles
0,399308
page_index,time_cycles
0,390644
page_index,time_cycles
0,395756
page_index,time_cycles
0,396720
page_index,time_cycles
0,386040
page_index,time_cycles
0,403376
page_index,time_cycles
0,386116
page_index,time_cycles
0,407160
page_index,time_cycles
0,388590
page_index,time_cycles
0,391772
page_index,time_cycles
0,394686
page_index,time_cycles
0,407776
page_index,time_cycles
0,391750
page_index,time_cycles
0,394314
page_index,time_cycles
0,423466
page_index,time_cycles
0,402398
page_index,time_cycles
0,409642
page_index,time_cycles
0,385948
page_index,time_cycles
0,439028
page_index,time_cycles
0,406432
page_index,time_cycles
0,396694
page_index,time_cycles
0,405536
page_index,time_cycles
0,422788
page_index,time_cycles
0,393310
page_index,time_cycles
0,402424
page_index,time_cycles
0,392040
page_index,time_cycles
0,395458
page_index,time_cycles
0,428962
page_index,time_cycles
0,381552
page_index,time_cycles
0,393684
page_index,time_cycles
0,408668
page_index,time_cycles
0,389830
page_index,time_cycles
0,470680
page_index,time_cycles
0,395174
page_index,time_cycles
0,392784
page_index,time_cycles
0,410280
page_index,time_cycles
0,395772
page_index,time_cycles
0,387520
page_index,time_cycles
0,386798
page_index,time_cycles
0,396814
page_index,time_cycles
0,410294
page_index,time_cycles
0,391102
page_index,time_cycles
0,395184
page_index,time_cycles
0,437066
page_index,time_cycles
0,396562
page_index,time_cycles
0,439216
page_index,time_cycles
0,387872
page_index,time_cycles
0,406490
page_index,time_cycles
0,417516
page_index,time_cycles
0,385478
page_index,time_cycles
0,392360
page_index,time_cycles
0,401880
page_index,time_cycles
0,403732
page_index,time_cycles
0,399842
page_index,time_cycles
0,393456
page_index,time_cycles
0,400092
page_index,time_cycles
0,389948
page_index,time_cycles
0,395278
page_index,time_cycles
0,391374
page_index,time_cycles
0,416012
page_index,time_cycles
0,446518
page_index,time_cycles
0,401762
page_index,time_cycles
0,386806
page_index,time_cycles
0,392426
page_index,time_cycles
0,381988
page_index,time_cycles
0,387262
page_index,time_cycles
0,396016
page_index,time_cycles
0,389718
page_index,time_cycles
0,423192
page_index,time_cycles
0,384470
page_index,time_cycles
0,396248
page_index,time_cycles
0,414832
page_index,time_cycles
0,443864
page_index,time_cycles
0,387998
page_index,time_cycles
0,394680
page_index,time_cycles
0,406190
page_index,time_cycles
0,424346
page_index,time_cycles
0,383874
page_index,time_cycles
0,403312
page_index,time_cycles
0,390972
page_index,time_cycles
0,398628
page_index,time_cycles
0,407094
page_index,time_cycles
0,385356
page_index,time_cycles
0,1219518
page_index,time_cycles
0,402732
page_index,time_cycles
0,391556
page_index,time_cycles
0,394078
page_index,time_cycles
0,430322
page_index,time_cycles
0,392436
page_index,time_cycles
0,387788
page_index,time_cycles
0,410024
page_index,time_cycles
0,404218
page_index,time_cycles
0,395674
page_index,time_cycles
0,391448
page_index,time_cycles
0,404878
page_index,time_cycles
0,403036
page_index,time_cycles
0,389462
page_index,time_cycles
0,380082
page_index,time_cycles
0,416376
page_index,time_cycles
0,479008
page_index,time_cycles
0,398710
page_index,time_cycles
0,400340
page_index,time_cycles
0,424556
page_index,time_cycles
0,428952
page_index,time_cycles
0,395492
page_index,time_cycles
0,384798
page_index,time_cycles
0,394522
page_index,time_cycles
0,398544
page_index,time_cycles
0,472854
page_index,time_cycles
0,417472
page_index,time_cycles
0,416742
page_index,time_cycles
0,402410
page_index,time_cycles
0,421082
page_index,time_cycles
0,391224
page_index,time_cycles
0,399206
page_index,time_cycles
0,415894
page_index,time_cycles
0,391876
page_index,time_cycles
0,390140
page_index,time_cycles
0,391616
page_index,time_cycles
0,468084
page_index,time_cycles
0,391188
page_index,time_cycles
0,397914
page_index,time_cycles
0,406582
page_index,time_cycles
0,385746
page_index,time_cycles
0,391022
page_index,time_cycles
0,382820
page_index,time_cycles
0,385416
page_index,time_cycles
0,435206
page_index,time_cycles
0,387724
page_index,time_cycles
0,394636
page_index,time_cycles
0,412152
page_index,time_cycles
0,418378
page_index,time_cycles
0,411916
page_index,time_cycles
0,396560
page_index,time_cycles
0,391072
page_index,time_cycles
0,413388
page_index,time_cycles
0,392284
page_index,time_cycles
0,396194
page_index,time_cycles
0,398042
page_index,time_cycles
0,392562
page_index,time_cycles
0,395674
page_index,time_cycles
0,407970
page_index,time_cycles
0,385690
page_index,time_cycles
0,403356
page_index,time_cycles
0,410580
page_index,time_cycles
0,400534
page_index,time_cycles
0,388186
page_index,time_cycles
0,409238
page_index,time_cycles
0,440774
page_index,time_cycles
0,386134
page_index,time_cycles
0,400252
page_index,time_cycles
0,410776
page_index,time_cycles
0,408672
page_index,time_cycles
0,403248
page_index,time_cycles
0,412754
page_index,time_cycles
0,397526
page_index,time_cycles
0,391974
page_index,time_cycles
0,391210
page_index,time_cycles
0,414760
page_index,time_cycles
0,408668
page_index,time_cycles
0,403682
page_index,time_cycles
0,395174
page_index,time_cycles
0,405842
page_index,time_cycles
0,393216
page_index,time_cycles
0,395874
page_index,time_cycles
0,389180
page_index,time_cycles
0,448696
page_index,time_cycles
0,395524
page_index,time_cycles
0,394020
page_index,time_cycles
0,431804
page_index,time_cycles
0,412972
page_index,time_cycles
0,396794
page_index,time_cycles
0,386764
page_index,time_cycles
0,402128
page_index,time_cycles
0,389684
page_index,time_cycles
0,393798
page_index,time_cycles
0,392986
page_index,time_cycles
0,415344
page_index,time_cycles
0,391436
page_index,time_cycles
0,385468
page_index,time_cycles
0,399930
page_index,time_cycles
0,395436
page_index,time_cycles
0,400064
page_index,time_cycles
0,386302
page_index,time_cycles
0,401522
page_index,time_cycles
0,383942
page_index,time_cycles
0,397662
page_index,time_cycles
0,437342
page_index,time_cycles
0,414530
page_index,time_cycles
0,398082
page_index,time_cycles
0,410044
page_index,time_cycles
0,389222
page_index,time_cycles
0,387634
page_index,time_cycles
0,440854
page_index,time_cycles
0,385342
page_index,time_cycles
0,389178
page_index,time_cycles
0,407210
page_index,time_cycles
0,389764
page_index,time_cycles
0,392446
page_index,time_cycles
0,427720
page_index,time_cycles
0,391100
page_index,time_cycles
0,402994
page_index,time_cycles
0,440124
page_index,time_cycles
0,385866
page_index,time_cycles
0,506490
page_index,time_cycles
0,396780
page_index,time_cycles
0,401944
page_index,time_cycles
0,391702
page_index,time_cycles
0,406226
page_index,time_cycles
0,410264
page_index,time_cycles
0,407982
page_index,time_cycles
0,394002
page_index,time_cycles
0,404620
page_index,time_cycles
0,405556
page_index,time_cycles
0,389952
page_index,time_cycles
0,403008
page_index,time_cycles
0,393024
page_index,time_cycles
0,384938
page_index,time_cycles
0,390696
page_index,time_cycles
0,396938
page_index,time_cycles
0,390876
page_index,time_cycles
0,388372
page_index,time_cycles
0,387230
page_index,time_cycles
0,438902
page_index,time_cycles
0,394172
page_index,time_cycles
0,393918
page_index,time_cycles
0,402532
page_index,time_cycles
0,459544
page_index,time_cycles
0,424656
page_index,time_cycles
0,428626
page_index,time_cycles
0,414410
page_index,time_cycles
0,420698
page_index,time_cycles
0,394602
page_index,time_cycles
0,392902
page_index,time_cycles
0,394116
page_index,time_cycles
0,425730
page_index,time_cycles
0,384922
page_index,time_cycles
0,402668
page_index,time_cycles
0,396394
page_index,time_cycles
0,405320
page_index,time_cycles
0,410106
page_index,time_cycles
0,400474
page_index,time_cycles
0,415796
page_index,time_cycles
0,396494
page_index,time_cycles
0,1911836
page_index,time_cycles
0,397982
page_index,time_cycles
0,441174
page_index,time_cycles
0,399388
page_index,time_cycles
0,394772
page_index,time_cycles
0,387626
page_index,time_cycles
0,411824
page_index,time_cycles
0,401626
page_index,time_cycles
0,394748
page_index,time_cycles
0,398636
page_index,time_cycles
0,426416
page_index,time_cycles
0,393794
page_index,time_cycles
0,410208
page_index,time_cycles
0,411040
page_index,time_cycles
0,384650
page_index,time_cycles
0,417106
page_index,time_cycles
0,403708
page_index,time_cycles
0,416342
page_index,time_cycles
0,400026
page_index,time_cycles
0,392598
page_index,time_cycles
0,399904
page_index,time_cycles
0,395282
page_index,time_cycles
0,381630
page_index,time_cycles
0,430384
page_index,time_cycles
0,393346
page_index,time_cycles
0,410298
page_index,time_cycles
0,407124
page_index,time_cycles
0,403524
page_index,time_cycles
0,391460
page_index,time_cycles
0,389478
page_index,time_cycles
0,390214
page_index,time_cycles
0,413236
page_index,time_cycles
0,394100
page_index,time_cycles
0,394214
page_index,time_cycles
0,385734
page_index,time_cycles
0,395298
page_index,time_cycles
0,390232
page_index,time_cycles
0,406382
page_index,time_cycles
0,388018
page_index,time_cycles
0,399354
page_index,time_cycles
0,412562
page_index,time_cycles
0,496084
page_index,time_cycles
0,387132
page_index,time_cycles
0,437772
page_index,time_cycles
0,410374
page_index,time_cycles
0,402862
page_index,time_cycles
0,430378
page_index,time_cycles
0,3282594
page_index,time_cycles
0,388262
page_index,time_cycles
0,439454
page_index,time_cycles
0,394496
page_index,time_cycles
0,409058
page_index,time_cycles
0,407414
page_index,time_cycles
0,394964
page_index,time_cycles
0,417016
page_index,time_cycles
0,392510
page_index,time_cycles
0,433748
page_index,time_cycles
0,393540
page_index,time_cycles
0,393110
page_index,time_cycles
0,392540
page_index,time_cycles
0,386962
page_index,time_cycles
0,389618
page_index,time_cycles
0,397496
page_index,time_cycles
0,392326
page_index,time_cycles
0,391174
page_index,time_cycles
0,435884
page_index,time_cycles
0,407948
page_index,time_cycles
0,398114
page_index,time_cycles
0,398994
page_index,time_cycles
0,397258
page_index,time_cycles
0,399350
page_index,time_cycles
0,395654
page_index,time_cycles
0,395398
page_index,time_cycles
0,443660
page_index,time_cycles
0,388594
page_index,time_cycles
0,405434
page_index,time_cycles
0,396054
page_index,time_cycles
0,405678
page_index,time_cycles
0,398616
page_index,time_cycles
0,396836
page_index,time_cycles
0,393628
page_index,time_cycles
0,393378
page_index,time_cycles
0,398700
page_index,time_cycles
0,387096
page_index,time_cycles
0,389692
page_index,time_cycles
0,409556
page_index,time_cycles
0,401680
page_index,time_cycles
0,393904
page_index,time_cycles
0,464380
page_index,time_cycles
0,398088
page_index,time_cycles
0,388236
page_index,time_cycles
0,388372
page_index,time_cycles
0,425406
page_index,time_cycles
0,394146
page_index,time_cycles
0,395406
page_index,time_cycles
0,391594
page_index,time_cycles
0,411142
page_index,time_cycles
0,389576
page_index,time_cycles
0,410896
page_index,time_cycles
0,397674
page_index,time_cycles
0,408232
page_index,time_cycles
0,385978
page_index,time_cycles
0,394516
page_index,time_cycles
0,403354
page_index,time_cycles
0,411748
page_index,time_cycles
0,385750
page_index,time_cycles
0,395846
page_index,time_cycles
0,394836
page_index,time_cycles
0,390514
page_index,time_cycles
0,426568
page_index,time_cycles
0,395494
page_index,time_cycles
0,413454
page_index,time_cycles
0,419034
page_index,time_cycles
0,393732
page_index,time_cycles
0,399472
page_index,time_cycles
0,393032
page_index,time_cycles
0,405968
page_index,time_cycles
0,406970
page_index,time_cycles
0,441514
page_index,time_cycles
0,389698
page_index,time_cycles
0,389628
page_index,time_cycles
0,395346
page_index,time_cycles
0,393962
page_index,time_cycles
0,390720
page_index,time_cycles
0,397056
page_index,time_cycles
0,389030
page_index,time_cycles
0,392250
page_index,time_cycles
0,403168
page_index,time_cycles
0,423796
page_index,time_cycles
0,400138
page_index,time_cycles
0,400560
page_index,time_cycles
0,410472
page_index,time_cycles
0,399832
page_index,time_cycles
0,393092
page_index,time_cycles
0,400682
page_index,time_cycles
0,411574
page_index,time_cycles
0,389778
page_index,time_cycles
0,392958
page_index,time_cycles
0,398724
page_index,time_cycles
0,394380
page_index,time_cycles
0,392624
page_index,time_cycles
0,418096
page_index,time_cycles
0,428432
page_index,time_cycles
0,417372
page_index,time_cycles
0,413580
page_index,time_cycles
0,406192
page_index,time_cycles
0,393034
page_index,time_cycles
0,401628
page_index,time_cycles
0,465122
page_index,time_cycles
0,393250
page_index,time_cycles
0,386728
page_index,time_cycles
0,397462
page_index,time_cycles
0,385484
page_index,time_cycles
0,391482
page_index,time_cycles
0,409862
page_index,time_cycles
0,384972
page_index,time_cycles
0,401640
page_index,time_cycles
0,396198
page_index,time_cycles
0,449434
page_index,time_cycles
0,401168
page_index,time_cycles
0,393132
page_index,time_cycles
0,393744
page_index,time_cycles
0,399664
page_index,time_cycles
0,391992
page_index,time_cycles
0,399914
page_index,time_cycles
0,394360
page_index,time_cycles
0,406322
page_index,time_cycles
0,425238
page_index,time_cycles
0,411906
page_index,time_cycles
0,398906
page_index,time_cycles
0,382090
page_index,time_cycles
0,412800
page_index,time_cycles
0,392412
page_index,time_cycles
0,410076
page_index,time_cycles
0,391494
page_index,time_cycles
0,414410
page_index,time_cycles
0,389698
page_index,time_cycles
0,394854
page_index,time_cycles
0,395190
page_index,time_cycles
0,404496
page_index,time_cycles
0,401954
page_index,time_cycles
0,392088
page_index,time_cycles
0,404738
page_index,time_cycles
0,406076
page_index,time_cycles
0,388498
page_index,time_cycles
0,394902
page_index,time_cycles
0,395160
page_index,time_cycles
0,393280
page_index,time_cycles
0,388420
page_index,time_cycles
0,397982
page_index,time_cycles
0,403400
page_index,time_cycles
0,414766
page_index,time_cycles
0,418792
page_index,time_cycles
0,440112
page_index,time_cycles
0,400908
page_index,time_cycles
0,401876
page_index,time_cycles
0,406140
page_index,time_cycles
0,422828
page_index,time_cycles
0,403554
page_index,time_cycles
0,389586
page_index,time_cycles
0,404582
page_index,time_cycles
0,398698
page_index,time_cycles
0,391730
page_index,time_cycles
0,381754
page_index,time_cycles
0,392612
page_index,time_cycles
0,440718
page_index,time_cycles
0,398104
page_index,time_cycles
0,385564
page_index,time_cycles
0,402136
page_index,time_cycles
0,393648
page_index,time_cycles
0,402774
page_index,time_cycles
0,449168
page_index,time_cycles
0,392696
page_index,time_cycles
0,393052
page_index,time_cycles
0,396516
page_index,time_cycles
0,393370
page_index,time_cycles
0,396258
page_index,time_cycles
0,386778
page_index,time_cycles
0,394232
page_index,time_cycles
0,401114
page_index,time_cycles
0,399202
page_index,time_cycles
0,419440
page_index,time_cycles
0,418446
page_index,time_cycles
0,401136
page_index,time_cycles
0,378648
page_index,time_cycles
0,403072
page_index,time_cycles
0,395484
page_index,time_cycles
0,411358
page_index,time_cycles
0,408552
page_index,time_cycles
0,396372
page_index,time_cycles
0,419922
page_index,time_cycles
0,394476
page_index,time_cycles
0,390052
page_index,time_cycles
0,401788
page_index,time_cycles
0,398120
page_index,time_cycles
0,382244
page_index,time_cycles
0,397786
page_index,time_cycles
0,389466
page_index,time_cycles
0,387582
page_index,time_cycles
0,401972
page_index,time_cycles
0,411922
page_index,time_cycles
0,406452
page_index,time_cycles
0,402960
page_index,time_cycles
0,388810
page_index,time_cycles
0,418142
page_index,time_cycles
0,394988
page_index,time_cycles
0,385276
page_index,time_cycles
0,388250
page_index,time_cycles
0,397148
page_index,time_cycles
0,397542
page_index,time_cycles
0,396388
page_index,time_cycles
0,391792
page_index,time_cycles
0,392960
page_index,time_cycles
0,385950
page_index,time_cycles
0,401640
page_index,time_cycles
0,396834
page_index,time_cycles
0,414042
page_index,time_cycles
0,390068
page_index,time_cycles
0,390744
page_index,time_cycles
0,386410
page_index,time_cycles
0,425524
page_index,time_cycles
0,405286
page_index,time_cycles
0,421212
page_index,time_cycles
0,405138
page_index,time_cycles
0,410694
page_index,time_cycles
0,397026
page_index,time_cycles
0,406038
page_index,time_cycles
0,394356
page_index,time_cycles
0,406690
page_index,time_cycles
0,437238
page_index,time_cycles
0,394420
page_index,time_cycles
0,394448
page_index,time_cycles
0,392714
page_index,time_cycles
0,386484
page_index,time_cycles
0,548518
page_index,time_cycles
0,411872
page_index,time_cycles
0,404568
page_index,time_cycles
0,388804
page_index,time_cycles
0,397532
page_index,time_cycles
0,398970
page_index,time_cycles
0,386040
page_index,time_cycles
0,408948
page_index,time_cycles
0,394308
page_index,time_cycles
0,404368
page_index,time_cycles
0,390172
page_index,time_cycles
0,388408
page_index,time_cycles
0,402090
page_index,time_cycles
0,420310
page_index,time_cycles
0,389700
page_index,time_cycles
0,398060
page_index,time_cycles
0,393628
page_index,time_cycles
0,401712
page_index,time_cycles
0,399746
page_index,time_cycles
0,401722
page_index,time_cycles
0,396224
page_index,time_cycles
0,395784
page_index,time_cycles
0,393316
page_index,time_cycles
0,421622
page_index,time_cycles
0,407572
page_index,time_cycles
0,396136
page_index,time_cycles
0,386774
page_index,time_cycles
0,393812
page_index,time_cycles
0,405250
page_index,time_cycles
0,427444
page_index,time_cycles
0,401932
page_index,time_cycles
0,389380
page_index,time_cycles
0,395068
page_index,time_cycles
0,416828
page_index,time_cycles
0,391310
page_index,time_cycles
0,388130
page_index,time_cycles
0,397080
page_index,time_cycles
0,527280
page_index,time_cycles
0,388906
page_index,time_cycles
0,387502
page_index,time_cycles
0,394344
page_index,time_cycles
0,401230
page_index,time_cycles
0,395840
page_index,time_cycles
0,398174
page_index,time_cycles
0,385198
page_index,time_cycles
0,379558
page_index,time_cycles
0,387862
page_index,time_cycles
0,401620
page_index,time_cycles
0,378964
page_index,time_cycles
0,405238
page_index,time_cycles
0,392260
page_index,time_cycles
0,426584
page_index,time_cycles
0,414624
page_index,time_cycles
0,387470
page_index,time_cycles
0,408732
page_index,time_cycles
0,418270
page_index,time_cycles
0,390374
page_index,time_cycles
0,406308
page_index,time_cycles
0,410902
page_index,time_cycles
0,391850
page_index,time_cycles
0,397802
page_index,time_cycles
0,389620
page_index,time_cycles
0,392486
page_index,time_cycles
0,387326
page_index,time_cycles
0,393498
page_index,time_cycles
0,404104
page_index,time_cycles
0,391356
page_index,time_cycles
0,398348
page_index,time_cycles
0,425926
page_index,time_cycles
0,395008
page_index,time_cycles
0,399990
page_index,time_cycles
0,384866
page_index,time_cycles
0,412338
page_index,time_cycles
0,391106
page_index,time_cycles
0,395510
page_index,time_cycles
0,394316
page_index,time_cycles
0,405072
page_index,time_cycles
0,412708
page_index,time_cycles
0,384508
page_index,time_cycles
0,410118
page_index,time_cycles
0,386824
page_index,time_cycles
0,393426
page_index,time_cycles
0,390892
page_index,time_cycles
0,412618
page_index,time_cycles
0,403924
page_index,time_cycles
0,407540
page_index,time_cycles
0,415936
page_index,time_cycles
0,416886
page_index,time_cycles
0,397704
page_index,time_cycles
0,405584
page_index,time_cycles
0,393906
page_index,time_cycles
0,399006
page_index,time_cycles
0,392642
page_index,time_cycles
0,398650
page_index,time_cycles
0,409262
page_index,time_cycles
0,400002
page_index,time_cycles
0,389228
page_index,time_cycles
0,400372
page_index,time_cycles
0,395360
page_index,time_cycles
0,405706
page_index,time_cycles
0,391242
page_index,time_cycles
0,422462
page_index,time_cycles
0,420062
page_index,time_cycles
0,394452
page_index,time_cycles
0,425856
page_index,time_cycles
0,398844
page_index,time_cycles
0,403722
page_index,time_cycles
0,429774
page_index,time_cycles
0,390862
page_index,time_cycles
0,405862
page_index,time_cycles
0,390066
page_index,time_cycles
0,402978
page_index,time_cycles
0,386344
page_index,time_cycles
0,418876
page_index,time_cycles
0,398038
page_index,time_cycles
0,386382
page_index,time_cycles
0,430430
page_index,time_cycles
0,1387904
page_index,time_cycles
0,1363038
page_index,time_cycles
0,393256
page_index,time_cycles
0,391514
page_index,time_cycles
0,428836
page_index,time_cycles
0,392076
page_index,time_cycles
0,408268
page_index,time_cycles
0,398874
page_index,time_cycles
0,399544
page_index,time_cycles
0,393844
page_index,time_cycles
0,403960
page_index,time_cycles
0,438210
page_index,time_cycles
0,393554
page_index,time_cycles
0,404264
page_index,time_cycles
0,407496
page_index,time_cycles
0,396122
page_index,time_cycles
0,404310
page_index,time_cycles
0,396658
page_index,time_cycles
0,409120
page_index,time_cycles
0,394048
page_index,time_cycles
0,396234
page_index,time_cycles
0,387572
page_index,time_cycles
0,409154
page_index,time_cycles
0,401930
page_index,time_cycles
0,400006
page_index,time_cycles
0,557912
page_index,time_cycles
0,397594
page_index,time_cycles
0,383032
page_index,time_cycles
0,402188
page_index,time_cycles
0,409946
page_index,time_cycles
0,396128
page_index,time_cycles
0,410470
page_index,time_cycles
0,404928
page_index,time_cycles
0,385292
page_index,time_cycles
0,398166
page_index,time_cycles
0,466402
page_index,time_cycles
0,393030
page_index,time_cycles
0,387190
page_index,time_cycles
0,389148
page_index,time_cycles
0,404722
page_index,time_cycles
0,390436
page_index,time_cycles
0,395906
page_index,time_cycles
0,391698
page_index,time_cycles
0,387432
page_index,time_cycles
0,390776
page_index,time_cycles
0,395124
page_index,time_cycles
0,435674
page_index,time_cycles
0,399918
page_index,time_cycles
0,410442
page_index,time_cycles
0,405592
page_index,time_cycles
0,387890
page_index,time_cycles
0,389042
page_index,time_cycles
0,398934
page_index,time_cycles
0,389118
page_index,time_cycles
0,395016
page_index,time_cycles
0,444434
page_index,time_cycles
0,387012
page_index,time_cycles
0,387408
page_index,time_cycles
0,383560
page_index,time_cycles
0,403814
page_index,time_cycles
0,442442
page_index,time_cycles
0,385000
page_index,time_cycles
0,385006
page_index,time_cycles
0,396226
page_index,time_cycles
0,414384
page_index,time_cycles
0,404470
page_index,time_cycles
0,388202
page_index,time_cycles
0,390542
page_index,time_cycles
0,395234
page_index,time_cycles
0,401002
page_index,time_cycles
0,422440
page_index,time_cycles
0,389824
page_index,time_cycles
0,404876
page_index,time_cycles
0,385928
page_index,time_cycles
0,393744
page_index,time_cycles
0,394336
page_index,time_cycles
0,403520
page_index,time_cycles
0,383936
page_index,time_cycles
0,405490
page_index,time_cycles
0,383710
page_index,time_cycles
0,395426
page_index,time_cycles
0,392520
page_index,time_cycles
0,411446
page_index,time_cycles
0,395674
page_index,time_cycles
0,436036
page_index,time_cycles
0,407452
page_index,time_cycles
0,386048
page_index,time_cycles
0,388666
page_index,time_cycles
0,402224
page_index,time_cycles
0,396978
page_index,time_cycles
0,389160
page_index,time_cycles
0,435340
page_index,time_cycles
0,396790
page_index,time_cycles
0,399316
page_index,time_cycles
0,399292
page_index,time_cycles
0,391210
page_index,time_cycles
0,389208
page_index,time_cycles
0,399994
page_index,time_cycles
0,405514
page_index,time_cycles
0,397074
page_index,time_cycles
0,426544
page_index,time_cycles
0,418910
page_index,time_cycles
0,396538
page_index,time_cycles
0,390484
page_index,time_cycles
0,407412
page_index,time_cycles
0,409850
page_index,time_cycles
0,400650
page_index,time_cycles
0,400514
page_index,time_cycles
0,398076
page_index,time_cycles
0,397768
page_index,time_cycles
0,395196
page_index,time_cycles
0,419606
page_index,time_cycles
0,405130
page_index,time_cycles
0,406920
page_index,time_cycles
0,392516
page_index,time_cycles
0,385584
page_index,time_cycles
0,383020
page_index,time_cycles
0,390304
page_index,time_cycles
0,407254
page_index,time_cycles
0,399722
page_index,time_cycles
0,403896
page_index,time_cycles
0,394630
page_index,time_cycles
0,410766
page_index,time_cycles
0,439476
page_index,time_cycles
0,392570
page_index,time_cycles
0,391066
page_index,time_cycles
0,405866
page_index,time_cycles
0,395720
page_index,time_cycles
0,385960
page_index,time_cycles
0,396958
page_index,time_cycles
0,403344
page_index,time_cycles
0,393310
page_index,time_cycles
0,410850
page_index,time_cycles
0,399794
page_index,time_cycles
0,434024
page_index,time_cycles
0,399708
page_index,time_cycles
0,388614
page_index,time_cycles
0,393702
page_index,time_cycles
0,401996
page_index,time_cycles
0,396332
page_index,time_cycles
0,411050
page_index,time_cycles
0,396692
page_index,time_cycles
0,400092
page_index,time_cycles
0,395792
page_index,time_cycles
0,392572
page_index,time_cycles
0,428298
page_index,time_cycles
0,405318
page_index,time_cycles
0,385980
page_index,time_cycles
0,393890
page_index,time_cycles
0,393610
page_index,time_cycles
0,398698
page_index,time_cycles
0,412482
page_index,time_cycles
0,391636
page_index,time_cycles
0,409818
page_index,time_cycles
0,394536
page_index,time_cycles
0,412016
page_index,time_cycles
0,400832
page_index,time_cycles
0,395126
page_index,time_cycles
0,411260
page_index,time_cycles
0,396816
page_index,time_cycles
0,417742
page_index,time_cycles
0,402094
page_index,time_cycles
0,402310
page_index,time_cycles
0,393022
page_index,time_cycles
0,426390
page_index,time_cycles
0,398108
page_index,time_cycles
0,404384
page_index,time_cycles
0,415144
page_index,time_cycles
0,425786
page_index,time_cycles
0,395546
page_index,time_cycles
0,389240
page_index,time_cycles
0,399734
page_index,time_cycles
0,436352
page_index,time_cycles
0,411334
page_index,time_cycles
0,403314
page_index,time_cycles
0,396188
page_index,time_cycles
0,399028
page_index,time_cycles
0,387940
page_index,time_cycles
0,392842
page_index,time_cycles
0,403446
page_index,time_cycles
0,393410
page_index,time_cycles
0,396460
page_index,time_cycles
0,395878
page_index,time_cycles
0,407718
page_index,time_cycles
0,412048
page_index,time_cycles
0,388730
page_index,time_cycles
0,386648
page_index,time_cycles
0,394104
page_index,time_cycles
0,386156
page_index,time_cycles
0,394380
page_index,time_cycles
0,401872
page_index,time_cycles
0,397310
page_index,time_cycles
0,424028
page_index,time_cycles
0,386078
page_index,time_cycles
0,410968
page_index,time_cycles
0,393480
page_index,time_cycles
0,450942
page_index,time_cycles
0,397772
page_index,time_cycles
0,430356
page_index,time_cycles
0,389348
page_index,time_cycles
0,386498
page_index,time_cycles
0,393580
page_index,time_cycles
0,398366
page_index,time_cycles
0,407524
page_index,time_cycles
0,388636
page_index,time_cycles
0,413946
page_index,time_cycles
0,417538
page_index,time_cycles
0,411846
page_index,time_cycles
0,395586
page_index,time_cycles
0,406090
page_index,time_cycles
0,404798
page_index,time_cycles
0,406764
page_index,time_cycles
0,399216
page_index,time_cycles
0,411708
page_index,time_cycles
0,402226
page_index,time_cycles
0,388048
page_index,time_cycles
0,405390
page_index,time_cycles
0,399406
page_index,time_cycles
0,397126
page_index,time_cycles
0,388392
page_index,time_cycles
0,395904
page_index,time_cycles
0,397176
page_index,time_cycles
0,389040
page_index,time_cycles
0,397170
page_index,time_cycles
0,409686
page_index,time_cycles
0,416632
page_index,time_cycles
0,392994
page_index,time_cycles
0,437106
page_index,time_cycles
0,394548
page_index,time_cycles
0,393960
page_index,time_cycles
0,432180
page_index,time_cycles
0,395956
page_index,time_cycles
0,399154
page_index,time_cycles
0,396556
page_index,time_cycles
0,400206
page_index,time_cycles
0,387406
page_index,time_cycles
0,402290
page_index,time_cycles
0,403604
page_index,time_cycles
0,399802
page_index,time_cycles
0,386300
page_index,time_cycles
0,394362
page_index,time_cycles
0,390764
page_index,time_cycles
0,390474
page_index,time_cycles
0,406126
page_index,time_cycles
0,396644
page_index,time_cycles
0,405062
page_index,time_cycles
0,394788
page_index,time_cycles
0,391722
page_index,time_cycles
0,418150
page_index,time_cycles
0,454522
page_index,time_cycles
0,428264
page_index,time_cycles
0,422936
page_index,time_cycles
0,391190
page_index,time_cycles
0,398120
page_index,time_cycles
0,390986
page_index,time_cycles
0,398946
page_index,time_cycles
0,400466
page_index,time_cycles
0,392660
page_index,time_cycles
0,453196
page_index,time_cycles
0,387348
page_index,time_cycles
0,393824
page_index,time_cycles
0,403222
page_index,time_cycles
0,393230
page_index,time_cycles
0,402668
page_index,time_cycles
0,387506
page_index,time_cycles
0,432492
page_index,time_cycles
0,395648
page_index,time_cycles
0,390252
page_index,time_cycles
0,440782
page_index,time_cycles
0,424648
page_index,time_cycles
0,398980
page_index,time_cycles
0,411468
page_index,time_cycles
0,394934
page_index,time_cycles
0,401064
page_index,time_cycles
0,396376
page_index,time_cycles
0,390504
page_index,time_cycles
0,400678
page_index,time_cycles
0,397058
page_index,time_cycles
0,401266
page_index,time_cycles
0,396942
page_index,time_cycles
0,403198
page_index,time_cycles
0,390682
page_index,time_cycles
0,405578
page_index,time_cycles
0,409304
page_index,time_cycles
0,407214
page_index,time_cycles
0,396056
page_index,time_cycles
0,397626
page_index,time_cycles
0,396030
page_index,time_cycles
0,405570
page_index,time_cycles
0,399264
page_index,time_cycles
0,396586
page_index,time_cycles
0,393784
page_index,time_cycles
0,382916
page_index,time_cycles
0,392954
page_index,time_cycles
0,404466
page_index,time_cycles
0,401360
page_index,time_cycles
0,392322
page_index,time_cycles
0,387464
page_index,time_cycles
0,416758
page_index,time_cycles
0,383530
page_index,time_cycles
0,437184
page_index,time_cycles
0,390494
page_index,time_cycles
0,385508
page_index,time_cycles
0,396082
page_index,time_cycles
0,394676
page_index,time_cycles
0,382188
page_index,time_cycles
0,387130
page_index,time_cycles
0,414976
page_index,time_cycles
0,423896
page_index,time_cycles
0,413174
page_index,time_cycles
0,384244
page_index,time_cycles
0,388316
page_index,time_cycles
0,451236
page_index,time_cycles
0,392556
page_index,time_cycles
0,394968
page_index,time_cycles
0,390576
page_index,time_cycles
0,402472
page_index,time_cycles
0,376440
page_index,time_cycles
0,387616
page_index,time_cycles
0,427766
page_index,time_cycles
0,393562
page_index,time_cycles
0,386736
page_index,time_cycles
0,390308
page_index,time_cycles
0,379402
page_index,time_cycles
0,392756
page_index,time_cycles
0,396444
page_index,time_cycles
0,391888
page_index,time_cycles
0,407008
page_index,time_cycles
0,406280
page_index,time_cycles
0,391778
page_index,time_cycles
0,391320
page_index,time_cycles
0,399354
page_index,time_cycles
0,425306
page_index,time_cycles
0,390436
page_index,time_cycles
0,384662
page_index,time_cycles
0,381126
page_index,time_cycles
0,401852
page_index,time_cycles
0,394026
page_index,time_cycles
0,402752
page_index,time_cycles
0,389762
page_index,time_cycles
0,396754
page_index,time_cycles
0,390754
page_index,time_cycles
0,394532
page_index,time_cycles
0,407682
page_index,time_cycles
0,413386
page_index,time_cycles
0,382606
page_index,time_cycles
0,405912
page_index,time_cycles
0,399112
page_index,time_cycles
0,384792
page_index,time_cycles
0,393020
page_index,time_cycles
0,388608
page_index,time_cycles
0,389548
page_index,time_cycles
0,395366
page_index,time_cycles
0,385210
page_index,time_cycles
0,386138
page_index,time_cycles
0,392864
page_index,time_cycles
0,410522
page_index,time_cycles
0,396536
page_index,time_cycles
0,393544
page_index,time_cycles
0,386676
page_index,time_cycles
0,391888
page_index,time_cycles
0,404566
page_index,time_cycles
0,417262
page_index,time_cycles
0,428162
page_index,time_cycles
0,392282
page_index,time_cycles
0,387402
page_index,time_cycles
0,401122
page_index,time_cycles
0,397378
page_index,time_cycles
0,388212
page_index,time_cycles
0,395150
page_index,time_cycles
0,387158
page_index,time_cycles
0,392668
page_index,time_cycles
0,391986
page_index,time_cycles
0,405714
page_index,time_cycles
0,416020
page_index,time_cycles
0,394654
page_index,time_cycles
0,458528
page_index,time_cycles
0,383858
page_index,time_cycles
0,398280
page_index,time_cycles
0,400070
page_index,time_cycles
0,400564
page_index,time_cycles
0,399462
page_index,time_cycles
0,394794
page_index,time_cycles
0,386694
page_index,time_cycles
0,397996
page_index,time_cycles
0,385444
page_index,time_cycles
0,407072
page_index,time_cycles
0,387496
page_index,time_cycles
0,396220
page_index,time_cycles
0,401482
page_index,time_cycles
0,390046
page_index,time_cycles
0,402056
page_index,time_cycles
0,405104
page_index,time_cycles
0,391908
page_index,time_cycles
0,423912
page_index,time_cycles
0,390370
page_index,time_cycles
0,397870
page_index,time_cycles
0,413764
page_index,time_cycles
0,389434
page_index,time_cycles
0,392538
page_index,time_cycles
0,394200
page_index,time_cycles
0,396512
page_index,time_cycles
0,389700
page_index,time_cycles
0,392400
page_index,time_cycles
0,418190
page_index,time_cycles
0,393362
page_index,time_cycles
0,420320
page_index,time_cycles
0,390900
page_index,time_cycles
0,400142
page_index,time_cycles
0,408786
page_index,time_cycles
0,393134
page_index,time_cycles
0,425630
page_index,time_cycles
0,402548
page_index,time_cycles
0,404712
page_index,time_cycles
0,402978
page_index,time_cycles
0,397196
page_index,time_cycles
0,430204
page_index,time_cycles
0,410478
page_index,time_cycles
0,404300
page_index,time_cycles
0,395806
page_index,time_cycles
0,460736
page_index,time_cycles
0,410244
page_index,time_cycles
0,387970
page_index,time_cycles
0,424458
page_index,time_cycles
0,395026
page_index,time_cycles
0,399714
page_index,time_cycles
0,389700
page_index,time_cycles
0,397488
page_index,time_cycles
0,387960
page_index,time_cycles
0,485504
page_index,time_cycles
0,388366
page_index,time_cycles
0,391688
page_index,time_cycles
0,396182
page_index,time_cycles
0,388572
page_index,time_cycles
0,393716
page_index,time_cycles
0,392810
page_index,time_cycles
0,444218
page_index,time_cycles
0,413400
page_index,time_cycles
0,403952
page_index,time_cycles
0,424024
page_index,time_cycles
0,399452
page_index,time_cycles
0,393880
page_index,time_cycles
0,383034
page_index,time_cycles
0,388206
page_index,time_cycles
0,403998
page_index,time_cycles
0,400756
page_index,time_cycles
0,384634
page_index,time_cycles
0,388104
page_index,time_cycles
0,396942
page_index,time_cycles
0,410548
page_index,time_cycles
0,398160
page_index,time_cycles
0,411616
page_index,time_cycles
0,387250
page_index,time_cycles
0,390402
page_index,time_cycles
0,390356
page_index,time_cycles
0,415612
page_index,time_cycles
0,397398
page_index,time_cycles
0,423444
page_index,time_cycles
0,408166
page_index,time_cycles
0,440592
page_index,time_cycles
0,398882
page_index,time_cycles
0,412816
page_index,time_cycles
0,397168
page_index,time_cycles
0,387490
page_index,time_cycles
0,391446
page_index,time_cycles
0,389300
page_index,time_cycles
0,401096
page_index,time_cycles
0,390252
page_index,time_cycles
0,389484
page_index,time_cycles
0,455870
page_index,time_cycles
0,395868
page_index,time_cycles
0,395620
page_index,time_cycles
0,412248
page_index,time_cycles
0,406044
page_index,time_cycles
0,388204
page_index,time_cycles
0,391882
page_index,time_cycles
0,414270
page_index,time_cycles
0,403222
page_index,time_cycles
0,395412
page_index,time_cycles
0,390648
page_index,time_cycles
0,401276
page_index,time_cycles
0,399900
page_index,time_cycles
0,438312
page_index,time_cycles
0,385264
page_index,time_cycles
0,389402
page_index,time_cycles
0,388052
page_index,time_cycles
0,390648
page_index,time_cycles
0,384960
page_index,time_cycles
0,397018
page_index,time_cycles
0,413626
page_index,time_cycles
0,384754
page_index,time_cycles
0,441460
page_index,time_cycles
0,386458
page_index,time_cycles
0,412384
page_index,time_cycles
0,394424
page_index,time_cycles
0,399632
page_index,time_cycles
0,390302
page_index,time_cycles
0,394834
page_index,time_cycles
0,409024
page_index,time_cycles
0,393746
page_index,time_cycles
0,404696
page_index,time_cycles
0,394620
page_index,time_cycles
0,425364
page_index,time_cycles
0,393312
page_index,time_cycles
0,394730
page_index,time_cycles
0,407818
page_index,time_cycles
0,386792
page_index,time_cycles
0,388070
page_index,time_cycles
0,394922
page_index,time_cycles
0,391524
page_index,time_cycles
0,399860
page_index,time_cycles
0,429900
page_index,time_cycles
0,398972
page_index,time_cycles
0,391968
page_index,time_cycles
0,396720
page_index,time_cycles
0,401274
page_index,time_cycles
0,408890
page_index,time_cycles
0,442252
page_index,time_cycles
0,394106
page_index,time_cycles
0,390584
page_index,time_cycles
0,400036
page_index,time_cycles
0,425498
page_index,time_cycles
0,441880
page_index,time_cycles
0,402962
page_index,time_cycles
0,386838
page_index,time_cycles
0,394624
page_index,time_cycles
0,394292
page_index,time_cycles
0,403958
page_index,time_cycles
0,439602
page_index,time_cycles
0,387788
page_index,time_cycles
0,395502
page_index,time_cycles
0,393578
page_index,time_cycles
0,396258
page_index,time_cycles
0,427862
page_index,time_cycles
0,399316
page_index,time_cycles
0,410292
page_index,time_cycles
0,393592
page_index,time_cycles
0,409870
page_index,time_cycles
0,401514
page_index,time_cycles
0,387624
page_index,time_cycles
0,411486
page_index,time_cycles
0,390452
page_index,time_cycles
0,407058
page_index,time_cycles
0,394466
page_index,time_cycles
0,391068
page_index,time_cycles
0,396844
page_index,time_cycles
0,387640
page_index,time_cycles
0,388830
page_index,time_cycles
0,400254
page_index,time_cycles
0,390652
page_index,time_cycles
0,383144
page_index,time_cycles
0,382576
page_index,time_cycles
0,391958
page_index,time_cycles
0,407210
page_index,time_cycles
0,389564
page_index,time_cycles
0,410678
page_index,time_cycles
0,391062
page_index,time_cycles
0,390548
page_index,time_cycles
0,394002
page_index,time_cycles
0,392834
page_index,time_cycles
0,395158
page_index,time_cycles
0,389938
page_index,time_cycles
0,397852
page_index,time_cycles
0,390862
page_index,time_cycles
0,422872
page_index,time_cycles
0,389836
page_index,time_cycles
0,405160
page_index,time_cycles
0,430522
page_index,time_cycles
0,395932
page_index,time_cycles
0,397620
page_index,time_cycles
0,395016
page_index,time_cycles
0,399318
page_index,time_cycles
0,396246
page_index,time_cycles
0,388832
page_index,time_cycles
0,452750
page_index,time_cycles
0,390106
page_index,time_cycles
0,394958
page_index,time_cycles
0,395868
page_index,time_cycles
0,428602
page_index,time_cycles
0,388844
page_index,time_cycles
0,422344
page_index,time_cycles
0,404378
page_index,time_cycles
0,410306
page_index,time_cycles
0,399438
page_index,time_cycles
0,415356
page_index,time_cycles
0,388732
page_index,time_cycles
0,385316
page_index,time_cycles
0,393502
page_index,time_cycles
0,410778
page_index,time_cycles
0,390272
page_index,time_cycles
0,421410
page_index,time_cycles
0,395494
page_index,time_cycles
0,396984
page_index,time_cycles
0,393310
page_index,time_cycles
0,386616
page_index,time_cycles
0,393336
page_index,time_cycles
0,392562
page_index,time_cycles
0,378880
page_index,time_cycles
0,453754
page_index,time_cycles
0,390708
page_index,time_cycles
0,394734
page_index,time_cycles
0,389814
page_index,time_cycles
0,394262
page_index,time_cycles
0,396792
page_index,time_cycles
0,438652
page_index,time_cycles
0,391898
page_index,time_cycles
0,387566
page_index,time_cycles
0,472650
page_index,time_cycles
0,385894
page_index,time_cycles
0,406790
page_index,time_cycles
0,399572
page_index,time_cycles
0,407488
page_index,time_cycles
0,394450
page_index,time_cycles
0,387646
page_index,time_cycles
0,427826
page_index,time_cycles
0,417486
page_index,time_cycles
0,391414
page_index,time_cycles
0,395054
page_index,time_cycles
0,409366
page_index,time_cycles
0,393162
page_index,time_cycles
0,402868
page_index,time_cycles
0,425728
page_index,time_cycles
0,392750
page_index,time_cycles
0,392012
page_index,time_cycles
0,431102
page_index,time_cycles
0,396002
page_index,time_cycles
0,385466
page_index,time_cycles
0,399452
page_index,time_cycles
0,402028
page_index,time_cycles
0,390580
page_index,time_cycles
0,395288
page_index,time_cycles
0,388248
page_index,time_cycles
0,400238
page_index,time_cycles
0,401346
page_index,time_cycles
0,395534
page_index,time_cycles
0,387838
page_index,time_cycles
0,390884
page_index,time_cycles
0,396608
page_index,time_cycles
0,397736
page_index,time_cycles
0,400764
page_index,time_cycles
0,390820
page_index,time_cycles
0,393440
page_index,time_cycles
0,406038
page_index,time_cycles
0,404090
page_index,time_cycles
0,393240
page_index,time_cycles
0,421712
page_index,time_cycles
0,388110
page_index,time_cycles
0,386026
page_index,time_cycles
0,403400
page_index,time_cycles
0,381500
page_index,time_cycles
0,409222
page_index,time_cycles
0,390246
page_index,time_cycles
0,397408
page_index,time_cycles
0,405838
page_index,time_cycles
0,390820
page_index,time_cycles
0,392092
page_index,time_cycles
0,399600
page_index,time_cycles
0,399976
page_index,time_cycles
0,418090
page_index,time_cycles
0,412664
page_index,time_cycles
0,408660
page_index,time_cycles
0,389628
page_index,time_cycles
0,402562
page_index,time_cycles
0,400240
page_index,time_cycles
0,406336
page_index,time_cycles
0,399030
page_index,time_cycles
0,408486
page_index,time_cycles
0,423110
page_index,time_cycles
0,398260
page_index,time_cycles
0,391196
page_index,time_cycles
0,397334
page_index,time_cycles
0,401202
page_index,time_cycles
0,387634
page_index,time_cycles
0,405548
page_index,time_cycles
0,403024
page_index,time_cycles
0,384668
page_index,time_cycles
0,385466
page_index,time_cycles
0,395688
page_index,time_cycles
0,394488
page_index,time_cycles
0,434868
page_index,time_cycles
0,389156
page_index,time_cycles
0,411090
page_index,time_cycles
0,391774
page_index,time_cycles
0,421630
page_index,time_cycles
0,388710
page_index,time_cycles
0,387808
page_index,time_cycles
0,408524
page_index,time_cycles
0,393868
page_index,time_cycles
0,398370
page_index,time_cycles
0,399762
page_index,time_cycles
0,414152
page_index,time_cycles
0,436254
page_index,time_cycles
0,396924
page_index,time_cycles
0,401774
page_index,time_cycles
0,434136
page_index,time_cycles
0,427298
page_index,time_cycles
0,393290
page_index,time_cycles
0,400552
page_index,time_cycles
0,396164
page_index,time_cycles
0,391732
page_index,time_cycles
0,393466
page_index,time_cycles
0,403416
page_index,time_cycles
0,387252
page_index,time_cycles
0,395234
page_index,time_cycles
0,407490
page_index,time_cycles
0,395438
page_index,time_cycles
0,397938
page_index,time_cycles
0,390978
page_index,time_cycles
0,395228
page_index,time_cycles
0,400190
page_index,time_cycles
0,469152
page_index,time_cycles
0,437694
page_index,time_cycles
0,391976
page_index,time_cycles
0,397172
page_index,time_cycles
0,398926
page_index,time_cycles
0,413572
page_index,time_cycles
0,404690
page_index,time_cycles
0,389504
page_index,time_cycles
0,387446
page_index,time_cycles
0,393246
page_index,time_cycles
0,401982
page_index,time_cycles
0,392512
page_index,time_cycles
0,401526
page_index,time_cycles
0,403598
page_index,time_cycles
0,416408
page_index,time_cycles
0,408356
page_index,time_cycles
0,394388
page_index,time_cycles
0,398076
page_index,time_cycles
0,395266
page_index,time_cycles
0,401994
page_index,time_cycles
0,407202
page_index,time_cycles
0,395398
page_index,time_cycles
0,395208
page_index,time_cycles
0,397904
page_index,time_cycles
0,419900
page_index,time_cycles
0,399230
page_index,time_cycles
0,387572
page_index,time_cycles
0,402992
page_index,time_cycles
0,381656
page_index,time_cycles
0,392818
page_index,time_cycles
0,413540
page_index,time_cycles
0,387874
page_index,time_cycles
0,405372
page_index,time_cycles
0,388672
page_index,time_cycles
0,386882
page_index,time_cycles
0,410270
page_index,time_cycles
0,403510
page_index,time_cycles
0,389046
page_index,time_cycles
0,387784
page_index,time_cycles
0,404196
page_index,time_cycles
0,385836
page_index,time_cycles
0,442650
page_index,time_cycles
0,422350
page_index,time_cycles
0,396458
page_index,time_cycles
0,407214
page_index,time_cycles
0,401998
page_index,time_cycles
0,398112
page_index,time_cycles
0,393746
page_index,time_cycles
0,394328
page_index,time_cycles
0,391930
page_index,time_cycles
0,400588
page_index,time_cycles
0,388800
page_index,time_cycles
0,434126
page_index,time_cycles
0,394182
page_index,time_cycles
0,407188
page_index,time_cycles
0,414544
page_index,time_cycles
0,409120
page_index,time_cycles
0,406636
page_index,time_cycles
0,436960
page_index,time_cycles
0,397566
page_index,time_cycles
0,386280
page_index,time_cycles
0,395386
page_index,time_cycles
0,400018
page_index,time_cycles
0,397098
page_index,time_cycles
0,393998
page_index,time_cycles
0,392712
page_index,time_cycles
0,391448
page_index,time_cycles
0,449016
page_index,time_cycles
0,391220
page_index,time_cycles
0,391726
page_index,time_cycles
0,397214
page_index,time_cycles
0,400774
page_index,time_cycles
0,451098
page_index,time_cycles
0,406968
page_index,time_cycles
0,386900
page_index,time_cycles
0,396598
page_index,time_cycles
0,402344
page_index,time_cycles
0,393410
page_index,time_cycles
0,416052
page_index,time_cycles
0,401784
page_index,time_cycles
0,390150
page_index,time_cycles
0,433958
page_index,time_cycles
0,398098
page_index,time_cycles
0,391848
page_index,time_cycles
0,391084
page_index,time_cycles
0,391490
page_index,time_cycles
0,386614
page_index,time_cycles
0,403968
page_index,time_cycles
0,401522
page_index,time_cycles
0,391854
page_index,time_cycles
0,414154
page_index,time_cycles
0,394400
page_index,time_cycles
0,394590
page_index,time_cycles
0,386842
page_index,time_cycles
0,389702
page_index,time_cycles
0,438040
page_index,time_cycles
0,386296
page_index,time_cycles
0,406072
page_index,time_cycles
0,386274
page_index,time_cycles
0,398084
page_index,time_cycles
0,398418
page_index,time_cycles
0,463930
page_index,time_cycles
0,520092
page_index,time_cycles
0,399112
page_index,time_cycles
0,399480
page_index,time_cycles
0,420948
page_index,time_cycles
0,393156
page_index,time_cycles
0,388698
page_index,time_cycles
0,394584
page_index,time_cycles
0,393102
page_index,time_cycles
0,408908
page_index,time_cycles
0,392404
page_index,time_cycles
0,408810
page_index,time_cycles
0,390626
page_index,time_cycles
0,396586
page_index,time_cycles
0,400008
page_index,time_cycles
0,392992
page_index,time_cycles
0,389318
page_index,time_cycles
0,430028
page_index,time_cycles
0,397544
page_index,time_cycles
0,414538
page_index,time_cycles
0,393470
page_index,time_cycles
0,414804
page_index,time_cycles
0,431188
page_index,time_cycles
0,392918
page_index,time_cycles
0,400252
page_index,time_cycles
0,394470
page_index,time_cycles
0,380870
page_index,time_cycles
0,397056
page_index,time_cycles
0,403268
page_index,time_cycles
0,403834
page_index,time_cycles
0,403818
page_index,time_cycles
0,398706
page_index,time_cycles
0,454760
page_index,time_cycles
0,396734
page_index,time_cycles
0,395306
page_index,time_cycles
0,387890
page_index,time_cycles
0,426412
page_index,time_cycles
0,402004
page_index,time_cycles
0,393608
page_index,time_cycles
0,423156
page_index,time_cycles
0,400336
page_index,time_cycles
0,391910
page_index,time_cycles
0,412134
page_index,time_cycles
0,399472
page_index,time_cycles
0,402788
page_index,time_cycles
0,401648
page_index,time_cycles
0,393714
page_index,time_cycles
0,384016
page_index,time_cycles
0,385198
page_index,time_cycles
0,403612
page_index,time_cycles
0,401576
page_index,time_cycles
0,387774
page_index,time_cycles
0,382654
page_index,time_cycles
0,400910
page_index,time_cycles
0,403026
page_index,time_cycles
0,393580
page_index,time_cycles
0,434642
page_index,time_cycles
0,401976
page_index,time_cycles
0,395862
page_index,time_cycles
0,385902
page_index,time_cycles
0,413502
page_index,time_cycles
0,426302
page_index,time_cycles
0,403636
page_index,time_cycles
0,407184
page_index,time_cycles
0,422888
page_index,time_cycles
0,398416
page_index,time_cycles
0,399568
page_index,time_cycles
0,415152
page_index,time_cycles
0,427580
page_index,time_cycles
0,399756
page_index,time_cycles
0,426504
page_index,time_cycles
0,436942
page_index,time_cycles
0,393730
page_index,time_cycles
0,399312
page_index,time_cycles
0,398252
page_index,time_cycles
0,399124
page_index,time_cycles
0,407808
page_index,time_cycles
0,406004
page_index,time_cycles
0,400660
page_index,time_cycles
0,392042
page_index,time_cycles
0,401242
page_index,time_cycles
0,431804
page_index,time_cycles
0,397834
page_index,time_cycles
0,399482
page_index,time_cycles
0,426918
page_index,time_cycles
0,407564
page_index,time_cycles
0,387936
page_index,time_cycles
0,399296
page_index,time_cycles
0,391394
page_index,time_cycles
0,424090
page_index,time_cycles
0,398278
page_index,time_cycles
0,412786
page_index,time_cycles
0,400266
page_index,time_cycles
0,396798
page_index,time_cycles
0,391900
page_index,time_cycles
0,404878
page_index,time_cycles
0,392212
page_index,time_cycles
0,408790
page_index,time_cycles
0,442188
page_index,time_cycles
0,410688
page_index,time_cycles
0,396174
page_index,time_cycles
0,392086
page_index,time_cycles
0,396774
page_index,time_cycles
0,389770
page_index,time_cycles
0,417196
page_index,time_cycles
0,410506
page_index,time_cycles
0,395662
page_index,time_cycles
0,397490
page_index,time_cycles
0,409086
page_index,time_cycles
0,409402
page_index,time_cycles
0,428082
page_index,time_cycles
0,404054
page_index,time_cycles
0,416776
page_index,time_cycles
0,399682
page_index,time_cycles
0,392958
page_index,time_cycles
0,425104
page_index,time_cycles
0,406430
page_index,time_cycles
0,396510
page_index,time_cycles
0,396300
page_index,time_cycles
0,395374
page_index,time_cycles
0,400632
page_index,time_cycles
0,397178
page_index,time_cycles
0,409012
page_index,time_cycles
0,438808
page_index,time_cycles
0,405804
page_index,time_cycles
0,433072
page_index,time_cycles
0,422886
page_index,time_cycles
0,430202
page_index,time_cycles
0,422176
page_index,time_cycles
0,416964
page_index,time_cycles
0,391534
page_index,time_cycles
0,404762
page_index,time_cycles
0,422454
page_index,time_cycles
0,397484
page_index,time_cycles
0,392382
page_index,time_cycles
0,410570
page_index,time_cycles
0,386776
page_index,time_cycles
0,413904
page_index,time_cycles
0,414228
page_index,time_cycles
0,404846
page_index,time_cycles
0,385444
page_index,time_cycles
0,406232
page_index,time_cycles
0,393888
page_index,time_cycles
0,392758
page_index,time_cycles
0,403580
page_index,time_cycles
0,428266
page_index,time_cycles
0,388768
page_index,time_cycles
0,390878
page_index,time_cycles
0,389598
page_index,time_cycles
0,411196
page_index,time_cycles
0,383346
page_index,time_cycles
0,386334
page_index,time_cycles
0,432222
page_index,time_cycles
0,389202
page_index,time_cycles
0,394196
page_index,time_cycles
0,418746
page_index,time_cycles
0,431910
page_index,time_cycles
0,396654
page_index,time_cycles
0,381578
page_index,time_cycles
0,400994
page_index,time_cycles
0,424306
page_index,time_cycles
0,410186
page_index,time_cycles
0,418092
page_index,time_cycles
0,401054
page_index,time_cycles
0,388960
page_index,time_cycles
0,402442
page_index,time_cycles
0,391840
page_index,time_cycles
0,400510
page_index,time_cycles
0,429960
page_index,time_cycles
0,401122
page_index,time_cycles
0,392700
page_index,time_cycles
0,386948
page_index,time_cycles
0,417126
page_index,time_cycles
0,440602
page_index,time_cycles
0,389898
page_index,time_cycles
0,392336
page_index,time_cycles
0,388416
page_index,time_cycles
0,401594
page_index,time_cycles
0,398740
page_index,time_cycles
0,400172
page_index,time_cycles
0,391236
page_index,time_cycles
0,442986
page_index,time_cycles
0,407370
page_index,time_cycles
0,392602
page_index,time_cycles
0,404382
page_index,time_cycles
0,410184
page_index,time_cycles
0,431198
page_index,time_cycles
0,408922
page_index,time_cycles
0,398338
page_index,time_cycles
0,434854
page_index,time_cycles
0,450228
page_index,time_cycles
0,401806
page_index,time_cycles
0,400220
page_index,time_cycles
0,399364
page_index,time_cycles
0,465808
page_index,time_cycles
0,396352
page_index,time_cycles
0,382586
page_index,time_cycles
0,394720
page_index,time_cycles
0,393580
page_index,time_cycles
0,401542
page_index,time_cycles
0,389818
page_index,time_cycles
0,421464
page_index,time_cycles
0,414522
page_index,time_cycles
0,397174
page_index,time_cycles
0,446798
page_index,time_cycles
0,419994
page_index,time_cycles
0,395234
page_index,time_cycles
0,403398
page_index,time_cycles
0,391028
page_index,time_cycles
0,398334
page_index,time_cycles
0,395298
page_index,time_cycles
0,405196
page_index,time_cycles
0,394870
page_index,time_cycles
0,412238
page_index,time_cycles
0,388888
page_index,time_cycles
0,403932
page_index,time_cycles
0,470284
page_index,time_cycles
0,396752
page_index,time_cycles
0,390374
page_index,time_cycles
0,391080
page_index,time_cycles
0,395490
page_index,time_cycles
0,399188
page_index,time_cycles
0,462548
page_index,time_cycles
0,438664
page_index,time_cycles
0,390946
page_index,time_cycles
0,406296
page_index,time_cycles
0,401514
page_index,time_cycles
0,406682
page_index,time_cycles
0,415082
page_index,time_cycles
0,401762
page_index,time_cycles
0,397328
page_index,time_cycles
0,393096
page_index,time_cycles
0,387608
page_index,time_cycles
0,408164
page_index,time_cycles
0,397116
page_index,time_cycles
0,392802
page_index,time_cycles
0,382662
page_index,time_cycles
0,400304
page_index,time_cycles
0,394124
page_index,time_cycles
0,393408
page_index,time_cycles
0,405254
page_index,time_cycles
0,402166
page_index,time_cycles
0,429756
page_index,time_cycles
0,419056
page_index,time_cycles
0,415740
page_index,time_cycles
0,405806
page_index,time_cycles
0,418180
page_index,time_cycles
0,398956
page_index,time_cycles
0,436992
page_index,time_cycles
0,406662
page_index,time_cycles
0,422338
page_index,time_cycles
0,389402
page_index,time_cycles
0,410104
page_index,time_cycles
0,404296
page_index,time_cycles
0,396712
page_index,time_cycles
0,430034
page_index,time_cycles
0,413040
page_index,time_cycles
0,395306
page_index,time_cycles
0,388964
page_index,time_cycles
0,416176
page_index,time_cycles
0,504694
page_index,time_cycles
0,403380
page_index,time_cycles
0,403150
page_index,time_cycles
0,443294
page_index,time_cycles
0,396696
page_index,time_cycles
0,455284
page_index,time_cycles
0,390136
page_index,time_cycles
0,394200
page_index,time_cycles
0,391932
page_index,time_cycles
0,396700
page_index,time_cycles
0,419442
page_index,time_cycles
0,406662
page_index,time_cycles
0,394298
page_index,time_cycles
0,398688
page_index,time_cycles
0,384454
page_index,time_cycles
0,392416
page_index,time_cycles
0,407126
page_index,time_cycles
0,400278
page_index,time_cycles
0,398320
page_index,time_cycles
0,401190
page_index,time_cycles
0,398072
page_index,time_cycles
0,389312
page_index,time_cycles
0,399818
page_index,time_cycles
0,479134
page_index,time_cycles
0,400706
page_index,time_cycles
0,415374
page_index,time_cycles
0,430160
page_index,time_cycles
0,397468
page_index,time_cycles
0,392048
page_index,time_cycles
0,402966
page_index,time_cycles
0,411344
page_index,time_cycles
0,414160
page_index,time_cycles
0,437212
page_index,time_cycles
0,389640
page_index,time_cycles
0,397066
page_index,time_cycles
0,389526
page_index,time_cycles
0,395832
page_index,time_cycles
0,419370
page_index,time_cycles
0,389584
page_index,time_cycles
0,398148
page_index,time_cycles
0,386228
page_index,time_cycles
0,402888
page_index,time_cycles
0,394484
page_index,time_cycles
0,410666
page_index,time_cycles
0,397626
page_index,time_cycles
0,400022
page_index,time_cycles
0,395572
page_index,time_cycles
0,406258
page_index,time_cycles
0,407132
page_index,time_cycles
0,430110
page_index,time_cycles
0,435204
page_index,time_cycles
0,418970
page_index,time_cycles
0,391194
page_index,time_cycles
0,417896
page_index,time_cycles
0,397742
page_index,time_cycles
0,383894
page_index,time_cycles
0,396810
page_index,time_cycles
0,400286
page_index,time_cycles
0,395294
page_index,time_cycles
0,394684
page_index,time_cycles
0,401006
page_index,time_cycles
0,402994
page_index,time_cycles
0,397166
page_index,time_cycles
0,392500
page_index,time_cycles
0,409096
page_index,time_cycles
0,418972
page_index,time_cycles
0,399984
page_index,time_cycles
0,409616
page_index,time_cycles
0,405184
page_index,time_cycles
0,422336
page_index,time_cycles
0,402210
page_index,time_cycles
0,434784
page_index,time_cycles
0,428008
page_index,time_cycles
0,403430
page_index,time_cycles
0,395748
page_index,time_cycles
0,462138
page_index,time_cycles
0,397182
page_index,time_cycles
0,414176
page_index,time_cycles
0,397472
page_index,time_cycles
0,408152
page_index,time_cycles
0,411538
page_index,time_cycles
0,396292
page_index,time_cycles
0,398460
page_index,time_cycles
0,391750
page_index,time_cycles
0,390082
page_index,time_cycles
0,440590
page_index,time_cycles
0,383996
page_index,time_cycles
0,395424
page_index,time_cycles
0,398418
page_index,time_cycles
0,390770
page_index,time_cycles
0,395030
page_index,time_cycles
0,393088
page_index,time_cycles
0,410256
page_index,time_cycles
0,397678
page_index,time_cycles
0,400582
page_index,time_cycles
0,398376
page_index,time_cycles
0,429126
page_index,time_cycles
0,446890
page_index,time_cycles
0,398234
page_index,time_cycles
0,404052
page_index,time_cycles
0,396002
page_index,time_cycles
0,442420
page_index,time_cycles
0,395500
page_index,time_cycles
0,386506
page_index,time_cycles
0,397458
page_index,time_cycles
0,393302
page_index,time_cycles
0,392470
page_index,time_cycles
0,405616
page_index,time_cycles
0,400762
page_index,time_cycles
0,399456
page_index,time_cycles
0,451928
page_index,time_cycles
0,395328
page_index,time_cycles
0,392222
page_index,time_cycles
0,403284
page_index,time_cycles
0,396922
page_index,time_cycles
0,390660
page_index,time_cycles
0,400032
page_index,time_cycles
0,392890
page_index,time_cycles
0,408202
page_index,time_cycles
0,471564
page_index,time_cycles
0,398130
page_index,time_cycles
0,406032
page_index,time_cycles
0,414234
page_index,time_cycles
0,416156
page_index,time_cycles
0,386728
page_index,time_cycles
0,388468
page_index,time_cycles
0,388088
page_index,time_cycles
0,395800
page_index,time_cycles
0,389092
page_index,time_cycles
0,394228
page_index,time_cycles
0,399606
page_index,time_cycles
0,399886
page_index,time_cycles
0,412138
page_index,time_cycles
0,393102
page_index,time_cycles
0,384550
page_index,time_cycles
0,410136
page_index,time_cycles
0,401576
page_index,time_cycles
0,384598
page_index,time_cycles
0,407910
page_index,time_cycles
0,402740
page_index,time_cycles
0,410182
page_index,time_cycles
0,405894
page_index,time_cycles
0,391670
page_index,time_cycles
0,397016
page_index,time_cycles
0,408984
page_index,time_cycles
0,393840
page_index,time_cycles
0,392268
page_index,time_cycles
0,397438
page_index,time_cycles
0,436170
page_index,time_cycles
0,433548
page_index,time_cycles
0,400642
page_index,time_cycles
0,407546
page_index,time_cycles
0,438752
page_index,time_cycles
0,431772
page_index,time_cycles
0,387154
page_index,time_cycles
0,394312
page_index,time_cycles
0,388528
page_index,time_cycles
0,390764
page_index,time_cycles
0,407410
page_index,time_cycles
0,387516
page_index,time_cycles
0,403448
page_index,time_cycles
0,403276
page_index,time_cycles
0,390568
page_index,time_cycles
0,390246
page_index,time_cycles
0,424788
page_index,time_cycles
0,391698
page_index,time_cycles
0,406772
page_index,time_cycles
0,409482
page_index,time_cycles
0,422582
page_index,time_cycles
0,446442
page_index,time_cycles
0,404948
page_index,time_cycles
0,390930
page_index,time_cycles
0,394012
page_index,time_cycles
0,412236
page_index,time_cycles
0,389868
page_index,time_cycles
0,404524
page_index,time_cycles
0,410974
page_index,time_cycles
0,440172
page_index,time_cycles
0,387964
page_index,time_cycles
0,391956
page_index,time_cycles
0,420562
page_index,time_cycles
0,392760
page_index,time_cycles
0,389012
page_index,time_cycles
0,397234
page_index,time_cycles
0,403882
page_index,time_cycles
0,388180
page_index,time_cycles
0,396322
page_index,time_cycles
0,387620
page_index,time_cycles
0,402120
page_index,time_cycles
0,403386
page_index,time_cycles
0,393676
page_index,time_cycles
0,395040
page_index,time_cycles
0,384578
page_index,time_cycles
0,393280
page_index,time_cycles
0,386476
page_index,time_cycles
0,386910
page_index,time_cycles
0,400296
page_index,time_cycles
0,394292
page_index,time_cycles
0,395350
page_index,time_cycles
0,397198
page_index,time_cycles
0,392268
page_index,time_cycles
0,391174
page_index,time_cycles
0,397030
page_index,time_cycles
0,433290
page_index,time_cycles
0,415384
page_index,time_cycles
0,400098
page_index,time_cycles
0,389454
page_index,time_cycles
0,394450
page_index,time_cycles
0,395306
page_index,time_cycles
0,399528
page_index,time_cycles
0,401014
page_index,time_cycles
0,396074
page_index,time_cycles
0,386686
page_index,time_cycles
0,406286
page_index,time_cycles
0,391578
page_index,time_cycles
0,400964
page_index,time_cycles
0,424386
page_index,time_cycles
0,393284
page_index,time_cycles
0,400636
page_index,time_cycles
0,388446
page_index,time_cycles
0,409884
page_index,time_cycles
0,395028
page_index,time_cycles
0,384288
page_index,time_cycles
0,396016
page_index,time_cycles
0,431258
page_index,time_cycles
0,397454
page_index,time_cycles
0,386890
page_index,time_cycles
0,401502
page_index,time_cycles
0,388144
page_index,time_cycles
0,393110
page_index,time_cycles
0,383978
page_index,time_cycles
0,445226
page_index,time_cycles
0,434876
page_index,time_cycles
0,397332
page_index,time_cycles
0,402906
page_index,time_cycles
0,394368
page_index,time_cycles
0,406582
page_index,time_cycles
0,399144
page_index,time_cycles
0,393132
page_index,time_cycles
0,392116
page_index,time_cycles
0,401916
page_index,time_cycles
0,387052
page_index,time_cycles
0,401362
page_index,time_cycles
0,392180
page_index,time_cycles
0,387762
page_index,time_cycles
0,410056
page_index,time_cycles
0,384980
page_index,time_cycles
0,396662
page_index,time_cycles
0,391018
page_index,time_cycles
0,416992
page_index,time_cycles
0,390720
page_index,time_cycles
0,404504
page_index,time_cycles
0,395686
page_index,time_cycles
0,395434
page_index,time_cycles
0,407240
page_index,time_cycles
0,401950
page_index,time_cycles
0,392956
page_index,time_cycles
0,395418
page_index,time_cycles
0,399480
page_index,time_cycles
0,392602
page_index,time_cycles
0,387942
page_index,time_cycles
0,402048
page_index,time_cycles
0,391298
page_index,time_cycles
0,413008
page_index,time_cycles
0,394822
page_index,time_cycles
0,392318
page_index,time_cycles
0,390506
page_index,time_cycles
0,389056
page_index,time_cycles
0,393838
page_index,time_cycles
0,420538
page_index,time_cycles
0,387450
page_index,time_cycles
0,390074
page_index,time_cycles
0,417576
page_index,time_cycles
0,397614
page_index,time_cycles
0,410934
page_index,time_cycles
0,392578
page_index,time_cycles
0,386488
page_index,time_cycles
0,388632
page_index,time_cycles
0,391028
page_index,time_cycles
0,392416
page_index,time_cycles
0,397244
page_index,time_cycles
0,401894
page_index,time_cycles
0,396128
page_index,time_cycles
0,398444
page_index,time_cycles
0,402090
page_index,time_cycles
0,399538
page_index,time_cycles
0,425942
page_index,time_cycles
0,390696
page_index,time_cycles
0,400354
page_index,time_cycles
0,389838
page_index,time_cycles
0,397240
page_index,time_cycles
0,398798
page_index,time_cycles
0,472992
page_index,time_cycles
0,401746
page_index,time_cycles
0,389238
page_index,time_cycles
0,403004
page_index,time_cycles
0,427658
page_index,time_cycles
0,388098
page_index,time_cycles
0,396844
page_index,time_cycles
0,400600
page_index,time_cycles
0,404938
page_index,time_cycles
0,390144
page_index,time_cycles
0,436304
page_index,time_cycles
0,398402
page_index,time_cycles
0,415560
page_index,time_cycles
0,402668
page_index,time_cycles
0,402592
page_index,time_cycles
0,400898
page_index,time_cycles
0,398058
page_index,time_cycles
0,383292
page_index,time_cycles
0,397434
page_index,time_cycles
0,387564
page_index,time_cycles
0,398406
page_index,time_cycles
0,395274
page_index,time_cycles
0,387720
page_index,time_cycles
0,394398
page_index,time_cycles
0,399350
page_index,time_cycles
0,398510
page_index,time_cycles
0,434148
page_index,time_cycles
0,394452
page_index,time_cycles
0,392132
page_index,time_cycles
0,396530
page_index,time_cycles
0,423702
page_index,time_cycles
0,407208
page_index,time_cycles
0,388254
page_index,time_cycles
0,400994
page_index,time_cycles
0,389164
page_index,time_cycles
0,392340
page_index,time_cycles
0,370744
page_index,time_cycles
0,433468
page_index,time_cycles
0,400380
page_index,time_cycles
0,405516
page_index,time_cycles
0,394052
page_index,time_cycles
0,413244
page_index,time_cycles
0,397600
page_index,time_cycles
0,403228
page_index,time_cycles
0,388008
page_index,time_cycles
0,389736
page_index,time_cycles
0,393306
page_index,time_cycles
0,395578
page_index,time_cycles
0,414710
page_index,time_cycles
0,390392
page_index,time_cycles
0,386232
page_index,time_cycles
0,399772
page_index,time_cycles
0,429032
page_index,time_cycles
0,412136
page_index,time_cycles
0,386724
page_index,time_cycles
0,399332
page_index,time_cycles
0,402386
page_index,time_cycles
0,405494
page_index,time_cycles
0,388978
page_index,time_cycles
0,393746
page_index,time_cycles
0,395952
page_index,time_cycles
0,476828
page_index,time_cycles
0,393828
page_index,time_cycles
0,429668
page_index,time_cycles
0,413392
page_index,time_cycles
0,407722
page_index,time_cycles
0,469906
page_index,time_cycles
0,417652
page_index,time_cycles
0,394576
page_index,time_cycles
0,420404
page_index,time_cycles
0,402550
page_index,time_cycles
0,406008
page_index,time_cycles
0,406236
page_index,time_cycles
0,388936
page_index,time_cycles
0,405258
page_index,time_cycles
0,396644
page_index,time_cycles
0,412806
page_index,time_cycles
0,418838
page_index,time_cycles
0,398678
page_index,time_cycles
0,392446
page_index,time_cycles
0,397898
page_index,time_cycles
0,412874
page_index,time_cycles
0,400192
page_index,time_cycles
0,402286
page_index,time_cycles
0,391090
page_index,time_cycles
0,387012
page_index,time_cycles
0,391054
page_index,time_cycles
0,418134
page_index,time_cycles
0,395742
page_index,time_cycles
0,405932
page_index,time_cycles
0,391740
page_index,time_cycles
0,404992
page_index,time_cycles
0,396492
page_index,time_cycles
0,400920
page_index,time_cycles
0,389502
page_index,time_cycles
0,441766
page_index,time_cycles
0,391362
page_index,time_cycles
0,386836
page_index,time_cycles
0,417038
page_index,time_cycles
0,407634
page_index,time_cycles
0,416190
page_index,time_cycles
0,411536
page_index,time_cycles
0,391572
page_index,time_cycles
0,404538
page_index,time_cycles
0,404362
page_index,time_cycles
0,399844
page_index,time_cycles
0,416606
page_index,time_cycles
0,397770
page_index,time_cycles
0,405828
page_index,time_cycles
0,385440
page_index,time_cycles
0,386100
page_index,time_cycles
0,407874
page_index,time_cycles
0,390372
page_index,time_cycles
0,402856
page_index,time_cycles
0,389338
page_index,time_cycles
0,411194
page_index,time_cycles
0,396386
page_index,time_cycles
0,407666
page_index,time_cycles
0,394490
page_index,time_cycles
0,406260
page_index,time_cycles
0,387424
page_index,time_cycles
0,404362
page_index,time_cycles
0,395906
page_index,time_cycles
0,412038
page_index,time_cycles
0,396236
page_index,time_cycles
0,404052
page_index,time_cycles
0,401458
page_index,time_cycles
0,394016
page_index,time_cycles
0,395450
page_index,time_cycles
0,394640
page_index,time_cycles
0,427694
page_index,time_cycles
0,389838
page_index,time_cycles
0,396828
page_index,time_cycles
0,399070
page_index,time_cycles
0,417646
page_index,time_cycles
0,394520
page_index,time_cycles
0,399452
page_index,time_cycles
0,389074
page_index,time_cycles
0,401518
page_index,time_cycles
0,417760
page_index,time_cycles
0,419398
page_index,time_cycles
0,389878
page_index,time_cycles
0,385864
page_index,time_cycles
0,394272
page_index,time_cycles
0,410650
page_index,time_cycles
0,390062
page_index,time_cycles
0,400504
page_index,time_cycles
0,396934
page_index,time_cycles
0,396182
page_index,time_cycles
0,409660
page_index,time_cycles
0,409314
page_index,time_cycles
0,405204
page_index,time_cycles
0,425568
page_index,time_cycles
0,389854
page_index,time_cycles
0,396366
page_index,time_cycles
0,388522
page_index,time_cycles
0,387542
page_index,time_cycles
0,391744
page_index,time_cycles
0,390426
page_index,time_cycles
0,412680
page_index,time_cycles
0,410314
page_index,time_cycles
0,386128
page_index,time_cycles
0,396402
page_index,time_cycles
0,394704
page_index,time_cycles
0,420136
page_index,time_cycles
0,393648
page_index,time_cycles
0,394062
page_index,time_cycles
0,388104
page_index,time_cycles
0,393912
page_index,time_cycles
0,391406
page_index,time_cycles
0,397230
page_index,time_cycles
0,422790
page_index,time_cycles
0,400536
page_index,time_cycles
0,408184
page_index,time_cycles
0,388162
page_index,time_cycles
0,397706
page_index,time_cycles
0,395710
page_index,time_cycles
0,404612
page_index,time_cycles
0,389188
page_index,time_cycles
0,402948
page_index,time_cycles
0,388238
page_index,time_cycles
0,394236
page_index,time_cycles
0,402216
page_index,time_cycles
0,422494
page_index,time_cycles
0,421150
page_index,time_cycles
0,435180
page_index,time_cycles
0,398594
page_index,time_cycles
0,400302
page_index,time_cycles
0,398836
page_index,time_cycles
0,423764
page_index,time_cycles
0,389282
page_index,time_cycles
0,421918
page_index,time_cycles
0,416388
page_index,time_cycles
0,403948
page_index,time_cycles
0,399572
page_index,time_cycles
0,380640
page_index,time_cycles
0,392150
page_index,time_cycles
0,387602
page_index,time_cycles
0,393464
page_index,time_cycles
0,399900
page_index,time_cycles
0,391336
page_index,time_cycles
0,474364
page_index,time_cycles
0,392926
page_index,time_cycles
0,386852
page_index,time_cycles
0,399686
page_index,time_cycles
0,398476
page_index,time_cycles
0,397514
page_index,time_cycles
0,412184
page_index,time_cycles
0,476446
page_index,time_cycles
0,400058
page_index,time_cycles
0,394666
page_index,time_cycles
0,405932
page_index,time_cycles
0,396428
page_index,time_cycles
0,401594
page_index,time_cycles
0,410578
page_index,time_cycles
0,416016
page_index,time_cycles
0,398654
page_index,time_cycles
0,388594
page_index,time_cycles
0,389530
page_index,time_cycles
0,405434
page_index,time_cycles
0,393792
page_index,time_cycles
0,386738
page_index,time_cycles
0,938540
page_index,time_cycles
0,2407446
page_index,time_cycles
0,384722
page_index,time_cycles
0,401796
page_index,time_cycles
0,402900
page_index,time_cycles
0,435368
page_index,time_cycles
0,401264
page_index,time_cycles
0,418780
page_index,time_cycles
0,408534
page_index,time_cycles
0,432940
page_index,time_cycles
0,394052
page_index,time_cycles
0,410150
page_index,time_cycles
0,393680
page_index,time_cycles
0,386080
page_index,time_cycles
0,398806
page_index,time_cycles
0,397932
page_index,time_cycles
0,413722
page_index,time_cycles
0,399308
page_index,time_cycles
0,471802
page_index,time_cycles
0,395358
page_index,time_cycles
0,400908
page_index,time_cycles
0,404518
page_index,time_cycles
0,395578
page_index,time_cycles
0,395954
page_index,time_cycles
0,409784
page_index,time_cycles
0,402590
page_index,time_cycles
0,396736
page_index,time_cycles
0,406694
page_index,time_cycles
0,382946
page_index,time_cycles
0,398360
page_index,time_cycles
0,391760
page_index,time_cycles
0,398130
page_index,time_cycles
0,390330
page_index,time_cycles
0,386082
page_index,time_cycles
0,394350
page_index,time_cycles
0,417800
page_index,time_cycles
0,394228
page_index,time_cycles
0,423464
page_index,time_cycles
0,400206
page_index,time_cycles
0,396584
page_index,time_cycles
0,390506
page_index,time_cycles
0,389084
page_index,time_cycles
0,397464
page_index,time_cycles
0,397774
page_index,time_cycles
0,406498
page_index,time_cycles
0,446464
page_index,time_cycles
0,399268
page_index,time_cycles
0,383226
page_index,time_cycles
0,392374
page_index,time_cycles
0,388174
page_index,time_cycles
0,400294
page_index,time_cycles
0,399168
page_index,time_cycles
0,398592
page_index,time_cycles
0,406142
page_index,time_cycles
0,422616
page_index,time_cycles
0,391322
page_index,time_cycles
0,393102
page_index,time_cycles
0,393150
page_index,time_cycles
0,385590
page_index,time_cycles
0,396778
page_index,time_cycles
0,385516
page_index,time_cycles
0,395468
page_index,time_cycles
0,389690
page_index,time_cycles
0,399160
page_index,time_cycles
0,447456
page_index,time_cycles
0,387842
page_index,time_cycles
0,404784
page_index,time_cycles
0,399274
page_index,time_cycles
0,396032
page_index,time_cycles
0,389370
page_index,time_cycles
0,420178
page_index,time_cycles
0,422212
page_index,time_cycles
0,463096
page_index,time_cycles
0,387396
page_index,time_cycles
0,396450
page_index,time_cycles
0,414310
page_index,time_cycles
0,408938
page_index,time_cycles
0,413664
page_index,time_cycles
0,389122
page_index,time_cycles
0,384776
page_index,time_cycles
0,395632
page_index,time_cycles
0,386404
page_index,time_cycles
0,398232
page_index,time_cycles
0,394994
page_index,time_cycles
0,400980
page_index,time_cycles
0,402106
page_index,time_cycles
0,406634
page_index,time_cycles
0,392504
page_index,time_cycles
0,392660
page_index,time_cycles
0,402536
page_index,time_cycles
0,400874
page_index,time_cycles
0,424326
page_index,time_cycles
0,397792
page_index,time_cycles
0,411712
page_index,time_cycles
0,402138
page_index,time_cycles
0,394470
page_index,time_cycles
0,399724
page_index,time_cycles
0,395012
page_index,time_cycles
0,415826
page_index,time_cycles
0,388234
page_index,time_cycles
0,397748
page_index,time_cycles
0,392022
page_index,time_cycles
0,411246
page_index,time_cycles
0,401836
page_index,time_cycles
0,394738
page_index,time_cycles
0,418328
page_index,time_cycles
0,398506
page_index,time_cycles
0,395380
page_index,time_cycles
0,419022
page_index,time_cycles
0,400410
page_index,time_cycles
0,396362
page_index,time_cycles
0,387328
page_index,time_cycles
0,434304
page_index,time_cycles
0,394186
page_index,time_cycles
0,412264
page_index,time_cycles
0,401468
page_index,time_cycles
0,393302
page_index,time_cycles
0,393846
page_index,time_cycles
0,397872
page_index,time_cycles
0,383580
page_index,time_cycles
0,399280
page_index,time_cycles
0,382336
page_index,time_cycles
0,394496
page_index,time_cycles
0,413090
page_index,time_cycles
0,399136
page_index,time_cycles
0,421754
page_index,time_cycles
0,397724
page_index,time_cycles
0,404380
page_index,time_cycles
0,421430
page_index,time_cycles
0,395138
page_index,time_cycles
0,394778
page_index,time_cycles
0,396616
page_index,time_cycles
0,389746
page_index,time_cycles
0,420488
page_index,time_cycles
0,392128
page_index,time_cycles
0,390112
page_index,time_cycles
0,434342
page_index,time_cycles
0,390854
page_index,time_cycles
0,394162
page_index,time_cycles
0,411188
page_index,time_cycles
0,424680
page_index,time_cycles
0,400664
page_index,time_cycles
0,398714
page_index,time_cycles
0,397148
page_index,time_cycles
0,392284
page_index,time_cycles
0,426258
page_index,time_cycles
0,391152
page_index,time_cycles
0,396896
page_index,time_cycles
0,392584
page_index,time_cycles
0,439450
page_index,time_cycles
0,391894
page_index,time_cycles
0,430054
page_index,time_cycles
0,392370
page_index,time_cycles
0,401556
page_index,time_cycles
0,393152
page_index,time_cycles
0,407540
page_index,time_cycles
0,389516
page_index,time_cycles
0,413172
page_index,time_cycles
0,402162
page_index,time_cycles
0,395864
page_index,time_cycles
0,421886
page_index,time_cycles
0,394480
page_index,time_cycles
0,415468
page_index,time_cycles
0,398124
page_index,time_cycles
0,1974198
page_index,time_cycles
0,444604
page_index,time_cycles
0,402724
page_index,time_cycles
0,387582
page_index,time_cycles
0,410976
page_index,time_cycles
0,405084
page_index,time_cycles
0,400908
page_index,time_cycles
0,442174
page_index,time_cycles
0,387356
page_index,time_cycles
0,387610
page_index,time_cycles
0,393482
page_index,time_cycles
0,394212
page_index,time_cycles
0,394352
page_index,time_cycles
0,427552
page_index,time_cycles
0,409210
page_index,time_cycles
0,392928
page_index,time_cycles
0,449344
page_index,time_cycles
0,410648
page_index,time_cycles
0,393102
page_index,time_cycles
0,404422
page_index,time_cycles
0,400448
page_index,time_cycles
0,403990
page_index,time_cycles
0,405538
page_index,time_cycles
0,402312
page_index,time_cycles
0,397770
page_index,time_cycles
0,393154
page_index,time_cycles
0,408320
page_index,time_cycles
0,399248
page_index,time_cycles
0,418996
page_index,time_cycles
0,390378
page_index,time_cycles
0,411602
page_index,time_cycles
0,390078
page_index,time_cycles
0,387400
page_index,time_cycles
0,392454
page_index,time_cycles
0,479794
page_index,time_cycles
0,400898
page_index,time_cycles
0,412164
page_index,time_cycles
0,400592
page_index,time_cycles
0,403642
page_index,time_cycles
0,401886
page_index,time_cycles
0,398726
page_index,time_cycles
0,391544
page_index,time_cycles
0,388512
page_index,time_cycles
0,383878
page_index,time_cycles
0,395890
page_index,time_cycles
0,396080
page_index,time_cycles
0,392062
page_index,time_cycles
0,407502
page_index,time_cycles
0,388722
page_index,time_cycles
0,397738
page_index,time_cycles
0,391246
page_index,time_cycles
0,408076
page_index,time_cycles
0,384722
page_index,time_cycles
0,415352
page_index,time_cycles
0,394998
page_index,time_cycles
0,394006
page_index,time_cycles
0,395134
page_index,time_cycles
0,398612
page_index,time_cycles
0,397790
page_index,time_cycles
0,396538
page_index,time_cycles
0,404658
page_index,time_cycles
0,391440
page_index,time_cycles
0,401200
page_index,time_cycles
0,408728
page_index,time_cycles
0,406302
page_index,time_cycles
0,386730
page_index,time_cycles
0,400424
page_index,time_cycles
0,396048
page_index,time_cycles
0,387776
page_index,time_cycles
0,392632
page_index,time_cycles
0,396462
page_index,time_cycles
0,394550
page_index,time_cycles
0,412324
page_index,time_cycles
0,398880
page_index,time_cycles
0,390100
page_index,time_cycles
0,395006
page_index,time_cycles
0,405752
page_index,time_cycles
0,390506
page_index,time_cycles
0,410806
page_index,time_cycles
0,408878
page_index,time_cycles
0,406236
page_index,time_cycles
0,420758
page_index,time_cycles
0,439238
page_index,time_cycles
0,420318
page_index,time_cycles
0,442028
page_index,time_cycles
0,404554
page_index,time_cycles
0,392728
page_index,time_cycles
0,382746
page_index,time_cycles
0,421676
page_index,time_cycles
0,437744
page_index,time_cycles
0,388418
page_index,time_cycles
0,397306
page_index,time_cycles
0,450506
page_index,time_cycles
0,388416
page_index,time_cycles
0,386750
page_index,time_cycles
0,433644
page_index,time_cycles
0,436190
page_index,time_cycles
0,412336
page_index,time_cycles
0,445894
page_index,time_cycles
0,398856
page_index,time_cycles
0,420086
page_index,time_cycles
0,397756
page_index,time_cycles
0,412620
page_index,time_cycles
0,396594
page_index,time_cycles
0,401086
page_index,time_cycles
0,404880
page_index,time_cycles
0,412010
page_index,time_cycles
0,395252
page_index,time_cycles
0,396142
page_index,time_cycles
0,401074
page_index,time_cycles
0,415438
page_index,time_cycles
0,423274
page_index,time_cycles
0,394620
page_index,time_cycles
0,402366
page_index,time_cycles
0,395078
page_index,time_cycles
0,407894
page_index,time_cycles
0,400882
page_index,time_cycles
0,397210
page_index,time_cycles
0,406562
page_index,time_cycles
0,409594
page_index,time_cycles
0,401220
page_index,time_cycles
0,403598
page_index,time_cycles
0,385696
page_index,time_cycles
0,392888
page_index,time_cycles
0,400154
page_index,time_cycles
0,402888
page_index,time_cycles
0,393110
page_index,time_cycles
0,397124
page_index,time_cycles
0,399430
page_index,time_cycles
0,409088
page_index,time_cycles
0,394384
page_index,time_cycles
0,407252
page_index,time_cycles
0,399674
page_index,time_cycles
0,387730
page_index,time_cycles
0,387294
page_index,time_cycles
0,384276
page_index,time_cycles
0,395222
page_index,time_cycles
0,394506
page_index,time_cycles
0,396694
page_index,time_cycles
0,396706
page_index,time_cycles
0,390166
page_index,time_cycles
0,418678
page_index,time_cycles
0,404236
page_index,time_cycles
0,396162
page_index,time_cycles
0,408910
page_index,time_cycles
0,402698
page_index,time_cycles
0,391550
page_index,time_cycles
0,414598
page_index,time_cycles
0,415060
page_index,time_cycles
0,391884
page_index,time_cycles
0,400336
page_index,time_cycles
0,397538
page_index,time_cycles
0,435854
page_index,time_cycles
0,396136
page_index,time_cycles
0,415264
page_index,time_cycles
0,386064
page_index,time_cycles
0,392428
page_index,time_cycles
0,395404
page_index,time_cycles
0,401178
page_index,time_cycles
0,411930
page_index,time_cycles
0,390044
page_index,time_cycles
0,392392
page_index,time_cycles
0,395722
page_index,time_cycles
0,399308
page_index,time_cycles
0,400906
page_index,time_cycles
0,393986
page_index,time_cycles
0,400948
page_index,time_cycles
0,398730
page_index,time_cycles
0,384384
page_index,time_cycles
0,430360
page_index,time_cycles
0,416860
page_index,time_cycles
0,406758
page_index,time_cycles
0,396162
page_index,time_cycles
0,402996
page_index,time_cycles
0,392708
page_index,time_cycles
0,401034
page_index,time_cycles
0,423466
page_index,time_cycles
0,390156
page_index,time_cycles
0,400798
page_index,time_cycles
0,414288
page_index,time_cycles
0,390794
page_index,time_cycles
0,398744
page_index,time_cycles
0,392816
page_index,time_cycles
0,391116
page_index,time_cycles
0,394222
page_index,time_cycles
0,395376
page_index,time_cycles
0,447160
page_index,time_cycles
0,406448
page_index,time_cycles
0,400984
page_index,time_cycles
0,414862
page_index,time_cycles
0,392652
page_index,time_cycles
0,400554
page_index,time_cycles
0,442436
page_index,time_cycles
0,403632
page_index,time_cycles
0,395932
page_index,time_cycles
0,408950
page_index,time_cycles
0,389122
page_index,time_cycles
0,421418
page_index,time_cycles
0,397748
page_index,time_cycles
0,410394
page_index,time_cycles
0,394990
page_index,time_cycles
0,396472
page_index,time_cycles
0,389396
page_index,time_cycles
0,401318
page_index,time_cycles
0,423270
page_index,time_cycles
0,395656
page_index,time_cycles
0,394126
page_index,time_cycles
0,395692
page_index,time_cycles
0,387522
page_index,time_cycles
0,390112
page_index,time_cycles
0,392882
page_index,time_cycles
0,419086
page_index,time_cycles
0,392116
page_index,time_cycles
0,400170
page_index,time_cycles
0,415922
page_index,time_cycles
0,394672
page_index,time_cycles
0,395710
page_index,time_cycles
0,421288
page_index,time_cycles
0,391916
page_index,time_cycles
0,401696
page_index,time_cycles
0,392654
page_index,time_cycles
0,389598
page_index,time_cycles
0,413446
page_index,time_cycles
0,409628
page_index,time_cycles
0,399314
page_index,time_cycles
0,400282
page_index,time_cycles
0,399754
page_index,time_cycles
0,401314
page_index,time_cycles
0,404924
page_index,time_cycles
0,404418
page_index,time_cycles
0,401664
page_index,time_cycles
0,397378
page_index,time_cycles
0,406680
page_index,time_cycles
0,400804
page_index,time_cycles
0,392920
page_index,time_cycles
0,390092
page_index,time_cycles
0,394816
page_index,time_cycles
0,392100
page_index,time_cycles
0,396512
page_index,time_cycles
0,392676
page_index,time_cycles
0,419416
page_index,time_cycles
0,415338
page_index,time_cycles
0,391294
page_index,time_cycles
0,391124
page_index,time_cycles
0,389240
page_index,time_cycles
0,413496
page_index,time_cycles
0,407388
page_index,time_cycles
0,401624
page_index,time_cycles
0,393406
page_index,time_cycles
0,408306
page_index,time_cycles
0,400246
page_index,time_cycles
0,400320
page_index,time_cycles
0,389128
page_index,time_cycles
0,399420
page_index,time_cycles
0,391864
page_index,time_cycles
0,393784
page_index,time_cycles
0,389454
page_index,time_cycles
0,398898
page_index,time_cycles
0,400632
page_index,time_cycles
0,394484
page_index,time_cycles
0,395560
page_index,time_cycles
0,394808
page_index,time_cycles
0,393092
page_index,time_cycles
0,406418
page_index,time_cycles
0,389556
page_index,time_cycles
0,394900
page_index,time_cycles
0,386576
page_index,time_cycles
0,408550
page_index,time_cycles
0,407714
page_index,time_cycles
0,400874
page_index,time_cycles
0,388490
page_index,time_cycles
0,400412
page_index,time_cycles
0,408238
page_index,time_cycles
0,425854
page_index,time_cycles
0,399458
page_index,time_cycles
0,400444
page_index,time_cycles
0,400470
page_index,time_cycles
0,397422
page_index,time_cycles
0,395024
page_index,time_cycles
0,408844
page_index,time_cycles
0,388934
page_index,time_cycles
0,399328
page_index,time_cycles
0,388828
page_index,time_cycles
0,443008
page_index,time_cycles
0,434632
page_index,time_cycles
0,402982
page_index,time_cycles
0,404364
page_index,time_cycles
0,414768
page_index,time_cycles
0,448170
page_index,time_cycles
0,385972
page_index,time_cycles
0,388800
page_index,time_cycles
0,398662
page_index,time_cycles
0,393972
page_index,time_cycles
0,401368
page_index,time_cycles
0,403346
page_index,time_cycles
0,403148
page_index,time_cycles
0,391086
page_index,time_cycles
0,392546
page_index,time_cycles
0,386862
page_index,time_cycles
0,390474
page_index,time_cycles
0,396520
page_index,time_cycles
0,401358
page_index,time_cycles
0,398658
page_index,time_cycles
0,394320
page_index,time_cycles
0,389314
page_index,time_cycles
0,428172
page_index,time_cycles
0,400946
page_index,time_cycles
0,426280
page_index,time_cycles
0,404610
page_index,time_cycles
0,419074
page_index,time_cycles
0,440332
page_index,time_cycles
0,414698
page_index,time_cycles
0,395544
page_index,time_cycles
0,402456
page_index,time_cycles
0,418574
page_index,time_cycles
0,399562
page_index,time_cycles
0,423194
page_index,time_cycles
0,402580
page_index,time_cycles
0,412420
page_index,time_cycles
0,395402
page_index,time_cycles
0,432780
page_index,time_cycles
0,390724
page_index,time_cycles
0,391482
page_index,time_cycles
0,399552
page_index,time_cycles
0,390764
page_index,time_cycles
0,393172
page_index,time_cycles
0,398936
page_index,time_cycles
0,400624
page_index,time_cycles
0,406880
page_index,time_cycles
0,394558
page_index,time_cycles
0,389090
page_index,time_cycles
0,396668
page_index,time_cycles
0,398478
page_index,time_cycles
0,399942
page_index,time_cycles
0,387984
page_index,time_cycles
0,396734
page_index,time_cycles
0,416196
page_index,time_cycles
0,412666
page_index,time_cycles
0,391708
page_index,time_cycles
0,1286146
page_index,time_cycles
0,402440
page_index,time_cycles
0,395122
page_index,time_cycles
0,404742
page_index,time_cycles
0,395154
page_index,time_cycles
0,400354
page_index,time_cycles
0,391132
page_index,time_cycles
0,390000
page_index,time_cycles
0,404548
page_index,time_cycles
0,425364
page_index,time_cycles
0,397896
page_index,time_cycles
0,397728
page_index,time_cycles
0,385810
page_index,time_cycles
0,395826
page_index,time_cycles
0,390470
page_index,time_cycles
0,404860
page_index,time_cycles
0,394872
page_index,time_cycles
0,384162
page_index,time_cycles
0,397630
page_index,time_cycles
0,389112
page_index,time_cycles
0,395290
page_index,time_cycles
0,404158
page_index,time_cycles
0,398942
page_index,time_cycles
0,439604
page_index,time_cycles
0,403288
page_index,time_cycles
0,386756
page_index,time_cycles
0,401768
page_index,time_cycles
0,396662
page_index,time_cycles
0,392376
page_index,time_cycles
0,515238
page_index,time_cycles
0,392192
page_index,time_cycles
0,405238
page_index,time_cycles
0,389022
page_index,time_cycles
0,383654
page_index,time_cycles
0,394008
page_index,time_cycles
0,400184
page_index,time_cycles
0,386904
page_index,time_cycles
0,396592
page_index,time_cycles
0,455204
page_index,time_cycles
0,384688
page_index,time_cycles
0,418782
page_index,time_cycles
0,389326
page_index,time_cycles
0,398310
page_index,time_cycles
0,412270
page_index,time_cycles
0,387212
page_index,time_cycles
0,414622
page_index,time_cycles
0,386614
page_index,time_cycles
0,412468
page_index,time_cycles
0,399316
page_index,time_cycles
0,398744
page_index,time_cycles
0,395512
page_index,time_cycles
0,393944
page_index,time_cycles
0,381608
page_index,time_cycles
0,393890
page_index,time_cycles
0,388758
page_index,time_cycles
0,390754
page_index,time_cycles
0,394544
page_index,time_cycles
0,400070
page_index,time_cycles
0,418082
page_index,time_cycles
0,391466
page_index,time_cycles
0,406910
page_index,time_cycles
0,394630
page_index,time_cycles
0,398760
page_index,time_cycles
0,398204
page_index,time_cycles
0,403080
page_index,time_cycles
0,406078
page_index,time_cycles
0,398114
page_index,time_cycles
0,429230
page_index,time_cycles
0,416234
page_index,time_cycles
0,402532
page_index,time_cycles
0,402562
page_index,time_cycles
0,383668
page_index,time_cycles
0,395732
page_index,time_cycles
0,401490
page_index,time_cycles
0,393018
page_index,time_cycles
0,422926
page_index,time_cycles
0,426448
page_index,time_cycles
0,403324
page_index,time_cycles
0,399154
page_index,time_cycles
0,392344
page_index,time_cycles
0,398424
page_index,time_cycles
0,390788
page_index,time_cycles
0,402946
page_index,time_cycles
0,399450
page_index,time_cycles
0,402354
page_index,time_cycles
0,389200
page_index,time_cycles
0,391004
page_index,time_cycles
0,397134
page_index,time_cycles
0,407474
page_index,time_cycles
0,410378
page_index,time_cycles
0,475558
page_index,time_cycles
0,401204
page_index,time_cycles
0,399656
page_index,time_cycles
0,404788
page_index,time_cycles
0,415046
page_index,time_cycles
0,385548
page_index,time_cycles
0,400884
page_index,time_cycles
0,397054
page_index,time_cycles
0,397816
page_index,time_cycles
0,412848
page_index,time_cycles
0,408304
page_index,time_cycles
0,429942
page_index,time_cycles
0,399290
page_index,time_cycles
0,390274
page_index,time_cycles
0,461142
page_index,time_cycles
0,395988
page_index,time_cycles
0,400786
page_index,time_cycles
0,386474
page_index,time_cycles
0,403440
page_index,time_cycles
0,398074
page_index,time_cycles
0,425682
page_index,time_cycles
0,398904
page_index,time_cycles
0,389694
page_index,time_cycles
0,390136
page_index,time_cycles
0,419440
page_index,time_cycles
0,390096
page_index,time_cycles
0,402966
page_index,time_cycles
0,396964
page_index,time_cycles
0,405652
page_index,time_cycles
0,392808
page_index,time_cycles
0,399548
page_index,time_cycles
0,411758
page_index,time_cycles
0,407410
page_index,time_cycles
0,406204
page_index,time_cycles
0,407758
page_index,time_cycles
0,406914
page_index,time_cycles
0,389702
page_index,time_cycles
0,411058
page_index,time_cycles
0,426574
page_index,time_cycles
0,395294
page_index,time_cycles
0,392526
page_index,time_cycles
0,384526
page_index,time_cycles
0,422746
page_index,time_cycles
0,395770
page_index,time_cycles
0,393674
page_index,time_cycles
0,394526
page_index,time_cycles
0,426508
page_index,time_cycles
0,413896
page_index,time_cycles
0,421846
page_index,time_cycles
0,387692
page_index,time_cycles
0,390412
page_index,time_cycles
0,408706
page_index,time_cycles
0,394762
page_index,time_cycles
0,402824
page_index,time_cycles
0,399714
page_index,time_cycles
0,409440
page_index,time_cycles
0,390488
page_index,time_cycles
0,408698
page_index,time_cycles
0,450288
page_index,time_cycles
0,394490
page_index,time_cycles
0,388550
page_index,time_cycles
0,391894
page_index,time_cycles
0,393862
page_index,time_cycles
0,394976
page_index,time_cycles
0,386354
page_index,time_cycles
0,412720
page_index,time_cycles
0,388760
page_index,time_cycles
0,398360
page_index,time_cycles
0,388996
page_index,time_cycles
0,397144
page_index,time_cycles
0,387346
page_index,time_cycles
0,418062
page_index,time_cycles
0,405632
page_index,time_cycles
0,382060
page_index,time_cycles
0,398998
page_index,time_cycles
0,395140
page_index,time_cycles
0,409748
page_index,time_cycles
0,431666
page_index,time_cycles
0,390022
page_index,time_cycles
0,392500
page_index,time_cycles
0,402372
page_index,time_cycles
0,423582
page_index,time_cycles
0,391076
page_index,time_cycles
0,397642
page_index,time_cycles
0,389610
page_index,time_cycles
0,393244
page_index,time_cycles
0,397736
page_index,time_cycles
0,3127216
page_index,time_cycles
0,381040
page_index,time_cycles
0,414722
page_index,time_cycles
0,395892
page_index,time_cycles
0,409552
page_index,time_cycles
0,392454
page_index,time_cycles
0,395372
page_index,time_cycles
0,421590
page_index,time_cycles
0,397162
page_index,time_cycles
0,399910
page_index,time_cycles
0,405062
page_index,time_cycles
0,398986
page_index,time_cycles
0,393328
page_index,time_cycles
0,396488
page_index,time_cycles
0,431728
page_index,time_cycles
0,442306
page_index,time_cycles
0,393818
page_index,time_cycles
0,388558
page_index,time_cycles
0,415414
page_index,time_cycles
0,412542
page_index,time_cycles
0,420730
page_index,time_cycles
0,406040
page_index,time_cycles
0,391042
page_index,time_cycles
0,398182
page_index,time_cycles
0,390808
page_index,time_cycles
0,396652
page_index,time_cycles
0,435046
page_index,time_cycles
0,436596
page_index,time_cycles
0,466172
page_index,time_cycles
0,420502
page_index,time_cycles
0,415604
page_index,time_cycles
0,4206850
page_index,time_cycles
0,456542
page_index,time_cycles
0,396852
page_index,time_cycles
0,406892
page_index,time_cycles
0,409306
page_index,time_cycles
0,437774
page_index,time_cycles
0,413970
page_index,time_cycles
0,416384
page_index,time_cycles
0,391290
page_index,time_cycles
0,394122
page_index,time_cycles
0,388040
page_index,time_cycles
0,398586
page_index,time_cycles
0,407848
page_index,time_cycles
0,396100
page_index,time_cycles
0,407360
page_index,time_cycles
0,391740
page_index,time_cycles
0,393994
page_index,time_cycles
0,392584
page_index,time_cycles
0,409134
page_index,time_cycles
0,427618
page_index,time_cycles
0,391442
page_index,time_cycles
0,409778
page_index,time_cycles
0,392782
page_index,time_cycles
0,398312
page_index,time_cycles
0,388670
page_index,time_cycles
0,426452
page_index,time_cycles
0,389654
page_index,time_cycles
0,398726
page_index,time_cycles
0,398804
page_index,time_cycles
0,390134
page_index,time_cycles
0,391382
page_index,time_cycles
0,431684
page_index,time_cycles
0,420730
page_index,time_cycles
0,395820
page_index,time_cycles
0,387074
page_index,time_cycles
0,412630
page_index,time_cycles
0,423960
page_index,time_cycles
0,403870
page_index,time_cycles
0,386422
page_index,time_cycles
0,394938
page_index,time_cycles
0,385790
page_index,time_cycles
0,410742
page_index,time_cycles
0,423152
page_index,time_cycles
0,405966
page_index,time_cycles
0,405994
page_index,time_cycles
0,398248
page_index,time_cycles
0,409052
page_index,time_cycles
0,416542
page_index,time_cycles
0,395348
page_index,time_cycles
0,403148
page_index,time_cycles
0,402274
page_index,time_cycles
0,406054
page_index,time_cycles
0,400128
page_index,time_cycles
0,397640
page_index,time_cycles
0,391446
page_index,time_cycles
0,419840
page_index,time_cycles
0,431492
page_index,time_cycles
0,429698
page_index,time_cycles
0,422554
page_index,time_cycles
0,390334
page_index,time_cycles
0,426340
page_index,time_cycles
0,400014
page_index,time_cycles
0,395348
page_index,time_cycles
0,397906
page_index,time_cycles
0,390664
page_index,time_cycles
0,462874
page_index,time_cycles
0,406694
page_index,time_cycles
0,388496
page_index,time_cycles
0,399578
page_index,time_cycles
0,398972
page_index,time_cycles
0,397690
page_index,time_cycles
0,388710
page_index,time_cycles
0,445024
page_index,time_cycles
0,442044
page_index,time_cycles
0,390472
page_index,time_cycles
0,431692
page_index,time_cycles
0,400518
page_index,time_cycles
0,419338
page_index,time_cycles
0,392550
page_index,time_cycles
0,380390
page_index,time_cycles
0,417682
page_index,time_cycles
0,395312
page_index,time_cycles
0,397534
page_index,time_cycles
0,383074
page_index,time_cycles
0,410052
page_index,time_cycles
0,392866
page_index,time_cycles
0,410050
page_index,time_cycles
0,411942
page_index,time_cycles
0,425986
page_index,time_cycles
0,396836
page_index,time_cycles
0,392066
page_index,time_cycles
0,398960
page_index,time_cycles
0,394290
page_index,time_cycles
0,459272
page_index,time_cycles
0,399454
page_index,time_cycles
0,400536
page_index,time_cycles
0,399592
page_index,time_cycles
0,447060
page_index,time_cycles
0,408454
page_index,time_cycles
0,397658
page_index,time_cycles
0,391922
page_index,time_cycles
0,392440
page_index,time_cycles
0,395558
page_index,time_cycles
0,397756
page_index,time_cycles
0,409154
page_index,time_cycles
0,415360
page_index,time_cycles
0,556552
page_index,time_cycles
0,433420
page_index,time_cycles
0,410680
page_index,time_cycles
0,412354
page_index,time_cycles
0,399956
page_index,time_cycles
0,389622
page_index,time_cycles
0,409490
page_index,time_cycles
0,406672
page_index,time_cycles
0,392506
page_index,time_cycles
0,390102
page_index,time_cycles
0,388150
page_index,time_cycles
0,401254
page_index,time_cycles
0,387806
page_index,time_cycles
0,395996
page_index,time_cycles
0,393850
page_index,time_cycles
0,406142
page_index,time_cycles
0,392484
page_index,time_cycles
0,389510
page_index,time_cycles
0,394442
page_index,time_cycles
0,412036
page_index,time_cycles
0,390108
page_index,time_cycles
0,398434
page_index,time_cycles
0,397112
page_index,time_cycles
0,391066
page_index,time_cycles
0,394552
page_index,time_cycles
0,399140
page_index,time_cycles
0,399916
page_index,time_cycles
0,407322
page_index,time_cycles
0,390564
page_index,time_cycles
0,388438
page_index,time_cycles
0,397770
page_index,time_cycles
0,391082
page_index,time_cycles
0,395212
page_index,time_cycles
0,407802
page_index,time_cycles
0,398426
page_index,time_cycles
0,1166662
page_index,time_cycles
0,460130
page_index,time_cycles
0,428960
page_index,time_cycles
0,391234
page_index,time_cycles
0,420304
page_index,time_cycles
0,421692
page_index,time_cycles
0,390646
page_index,time_cycles
0,397064
page_index,time_cycles
0,390500
page_index,time_cycles
0,427910
page_index,time_cycles
0,398522
page_index,time_cycles
0,390092
page_index,time_cycles
0,390484
page_index,time_cycles
0,395804
page_index,time_cycles
0,430498
page_index,time_cycles
0,401330
page_index,time_cycles
0,391254
page_index,time_cycles
0,435354
page_index,time_cycles
0,398650
page_index,time_cycles
0,406570
page_index,time_cycles
0,401084
page_index,time_cycles
0,413758
page_index,time_cycles
0,387258
page_index,time_cycles
0,413680
page_index,time_cycles
0,422720
page_index,time_cycles
0,404230
page_index,time_cycles
0,396642
page_index,time_cycles
0,397118
page_index,time_cycles
0,414632
page_index,time_cycles
0,451706
page_index,time_cycles
0,390010
page_index,time_cycles
0,408238
page_index,time_cycles
0,407438
page_index,time_cycles
0,421054
page_index,time_cycles
0,393362
page_index,time_cycles
0,391758
page_index,time_cycles
0,391354
page_index,time_cycles
0,442808
page_index,time_cycles
0,395014
page_index,time_cycles
0,425368
page_index,time_cycles
0,426754
page_index,time_cycles
0,394142
page_index,time_cycles
0,397656
page_index,time_cycles
0,404712
page_index,time_cycles
0,398968
page_index,time_cycles
0,387076
page_index,time_cycles
0,473518
page_index,time_cycles
0,386198
page_index,time_cycles
0,403306
page_index,time_cycles
0,399182
page_index,time_cycles
0,396144
page_index,time_cycles
0,393576
page_index,time_cycles
0,388200
page_index,time_cycles
0,403852
page_index,time_cycles
0,392794
page_index,time_cycles
0,395044
page_index,time_cycles
0,383728
page_index,time_cycles
0,394476
page_index,time_cycles
0,400060
page_index,time_cycles
0,433480
page_index,time_cycles
0,444634
page_index,time_cycles
0,452070
page_index,time_cycles
0,383284
page_index,time_cycles
0,418632
page_index,time_cycles
0,387118
page_index,time_cycles
0,387940
page_index,time_cycles
0,380282
page_index,time_cycles
0,415960
page_index,time_cycles
0,423780
page_index,time_cycles
0,396338
page_index,time_cycles
0,450528
page_index,time_cycles
0,395092
page_index,time_cycles
0,401194
page_index,time_cycles
0,402180
page_index,time_cycles
0,428752
page_index,time_cycles
0,400134
page_index,time_cycles
0,424704
page_index,time_cycles
0,391310
page_index,time_cycles
0,390624
page_index,time_cycles
0,394534
page_index,time_cycles
0,390978
page_index,time_cycles
0,412822
page_index,time_cycles
0,402280
page_index,time_cycles
0,431756
page_index,time_cycles
0,410220
page_index,time_cycles
0,413338
page_index,time_cycles
0,385516
page_index,time_cycles
0,405374
page_index,time_cycles
0,391808
page_index,time_cycles
0,431156
page_index,time_cycles
0,387000
page_index,time_cycles
0,406876
page_index,time_cycles
0,407078
page_index,time_cycles
0,404828
page_index,time_cycles
0,451108
page_index,time_cycles
0,389970
page_index,time_cycles
0,392984
page_index,time_cycles
0,420418
page_index,time_cycles
0,409214
page_index,time_cycles
0,390076
page_index,time_cycles
0,391414
page_index,time_cycles
0,423082
page_index,time_cycles
0,392258
page_index,time_cycles
0,404004
page_index,time_cycles
0,394890
page_index,time_cycles
0,401620
page_index,time_cycles
0,388538
page_index,time_cycles
0,619590
page_index,time_cycles
0,398174
page_index,time_cycles
0,394696
page_index,time_cycles
0,395214
page_index,time_cycles
0,404156
page_index,time_cycles
0,399870
page_index,time_cycles
0,390164
page_index,time_cycles
0,446320
page_index,time_cycles
0,391158
page_index,time_cycles
0,399678
page_index,time_cycles
0,406948
page_index,time_cycles
0,395914
page_index,time_cycles
0,399554
page_index,time_cycles
0,405224
page_index,time_cycles
0,412104
page_index,time_cycles
0,457480
page_index,time_cycles
0,403190
page_index,time_cycles
0,472960
page_index,time_cycles
0,400408
page_index,time_cycles
0,390306
page_index,time_cycles
0,405788
page_index,time_cycles
0,401738
page_index,time_cycles
0,388092
page_index,time_cycles
0,398972
page_index,time_cycles
0,391208
page_index,time_cycles
0,396286
page_index,time_cycles
0,393774
page_index,time_cycles
0,399636
page_index,time_cycles
0,414744
page_index,time_cycles
0,400010
page_index,time_cycles
0,404668
page_index,time_cycles
0,391476
page_index,time_cycles
0,400316
page_index,time_cycles
0,398450
page_index,time_cycles
0,399008
page_index,time_cycles
0,405032
page_index,time_cycles
0,411434
page_index,time_cycles
0,410476
page_index,time_cycles
0,398786
page_index,time_cycles
0,424264
page_index,time_cycles
0,385630
page_index,time_cycles
0,389756
page_index,time_cycles
0,426054
page_index,time_cycles
0,393526
page_index,time_cycles
0,392786
page_index,time_cycles
0,388026
page_index,time_cycles
0,390998
page_index,time_cycles
0,388192
page_index,time_cycles
0,393248
page_index,time_cycles
0,398678
page_index,time_cycles
0,399960
page_index,time_cycles
0,388900
page_index,time_cycles
0,395984
page_index,time_cycles
0,414570
page_index,time_cycles
0,388320
page_index,time_cycles
0,396278
page_index,time_cycles
0,389330
page_index,time_cycles
0,392762
page_index,time_cycles
0,418290
page_index,time_cycles
0,389320
page_index,time_cycles
0,462760
page_index,time_cycles
0,393020
page_index,time_cycles
0,408124
page_index,time_cycles
0,413244
page_index,time_cycles
0,391322
page_index,time_cycles
0,422692
page_index,time_cycles
0,401642
page_index,time_cycles
0,395724
page_index,time_cycles
0,411552
page_index,time_cycles
0,399466
page_index,time_cycles
0,417422
page_index,time_cycles
0,399342
page_index,time_cycles
0,389212
page_index,time_cycles
0,413798
page_index,time_cycles
0,391896
page_index,time_cycles
0,424508
page_index,time_cycles
0,422572
page_index,time_cycles
0,404600
page_index,time_cycles
0,433598
page_index,time_cycles
0,464536
page_index,time_cycles
0,408424
page_index,time_cycles
0,390046
page_index,time_cycles
0,405668
page_index,time_cycles
0,406052
page_index,time_cycles
0,386502
page_index,time_cycles
0,398646
page_index,time_cycles
0,404404
page_index,time_cycles
0,395998
page_index,time_cycles
0,394754
page_index,time_cycles
0,389082
page_index,time_cycles
0,392194
page_index,time_cycles
0,413632
page_index,time_cycles
0,392684
page_index,time_cycles
0,388512
page_index,time_cycles
0,391084
page_index,time_cycles
0,385148
page_index,time_cycles
0,407586
page_index,time_cycles
0,424262
page_index,time_cycles
0,391392
page_index,time_cycles
0,395790
page_index,time_cycles
0,399010
page_index,time_cycles
0,392568
page_index,time_cycles
0,395032
page_index,time_cycles
0,383448
page_index,time_cycles
0,413082
page_index,time_cycles
0,405570
page_index,time_cycles
0,388852
page_index,time_cycles
0,391376
page_index,time_cycles
0,439182
page_index,time_cycles
0,391824
page_index,time_cycles
0,403982
page_index,time_cycles
0,382080
page_index,time_cycles
0,429270
page_index,time_cycles
0,403814
page_index,time_cycles
0,395056
page_index,time_cycles
0,409046
page_index,time_cycles
0,394174
page_index,time_cycles
0,386152
page_index,time_cycles
0,408704
page_index,time_cycles
0,389184
page_index,time_cycles
0,403240
page_index,time_cycles
0,384980
page_index,time_cycles
0,392050
page_index,time_cycles
0,403106
page_index,time_cycles
0,398092
page_index,time_cycles
0,399760
page_index,time_cycles
0,392110
page_index,time_cycles
0,404340
page_index,time_cycles
0,411128
page_index,time_cycles
0,398956
page_index,time_cycles
0,402754
page_index,time_cycles
0,393392
page_index,time_cycles
0,401884
page_index,time_cycles
0,410798
page_index,time_cycles
0,391154
page_index,time_cycles
0,391398
page_index,time_cycles
0,415728
page_index,time_cycles
0,387458
page_index,time_cycles
0,386522
page_index,time_cycles
0,423258
page_index,time_cycles
0,397338
page_index,time_cycles
0,387860
page_index,time_cycles
0,388482
page_index,time_cycles
0,413528
page_index,time_cycles
0,389658
page_index,time_cycles
0,389994
page_index,time_cycles
0,401322
page_index,time_cycles
0,393848
page_index,time_cycles
0,403142
page_index,time_cycles
0,403364
page_index,time_cycles
0,397692
page_index,time_cycles
0,388940
page_index,time_cycles
0,400478
page_index,time_cycles
0,395448
page_index,time_cycles
0,391240
page_index,time_cycles
0,415454
page_index,time_cycles
0,396100
page_index,time_cycles
0,438190
page_index,time_cycles
0,391538
page_index,time_cycles
0,403814
page_index,time_cycles
0,398790
page_index,time_cycles
0,433896
page_index,time_cycles
0,400662
page_index,time_cycles
0,410056
page_index,time_cycles
0,394100
page_index,time_cycles
0,450318
page_index,time_cycles
0,417516
page_index,time_cycles
0,387970
page_index,time_cycles
0,432348
page_index,time_cycles
0,440594
page_index,time_cycles
0,384976
page_index,time_cycles
0,395634
page_index,time_cycles
0,397914
page_index,time_cycles
0,394034
page_index,time_cycles
0,398086
page_index,time_cycles
0,398082
page_index,time_cycles
0,386790
page_index,time_cycles
0,416144
page_index,time_cycles
0,395052
page_index,time_cycles
0,387278
page_index,time_cycles
0,404456
page_index,time_cycles
0,426742
page_index,time_cycles
0,410760
page_index,time_cycles
0,418682
page_index,time_cycles
0,419682
page_index,time_cycles
0,397560
page_index,time_cycles
0,394788
page_index,time_cycles
0,396038
page_index,time_cycles
0,415918
page_index,time_cycles
0,393424
page_index,time_cycles
0,402792
page_index,time_cycles
0,390060
page_index,time_cycles
0,410582
page_index,time_cycles
0,399830
page_index,time_cycles
0,391168
page_index,time_cycles
0,382578
page_index,time_cycles
0,406976
page_index,time_cycles
0,385402
page_index,time_cycles
0,390916
page_index,time_cycles
0,395886
page_index,time_cycles
0,386502
page_index,time_cycles
0,404934
page_index,time_cycles
0,403208
page_index,time_cycles
0,396550
page_index,time_cycles
0,397836
page_index,time_cycles
0,396566
page_index,time_cycles
0,397014
page_index,time_cycles
0,409438
page_index,time_cycles
0,396928
page_index,time_cycles
0,394392
page_index,time_cycles
0,387358
page_index,time_cycles
0,400154
page_index,time_cycles
0,411688
page_index,time_cycles
0,412902
page_index,time_cycles
0,409104
page_index,time_cycles
0,402084
page_index,time_cycles
0,400650
page_index,time_cycles
0,388586
page_index,time_cycles
0,408056
page_index,time_cycles
0,403142
page_index,time_cycles
0,423130
page_index,time_cycles
0,395426
page_index,time_cycles
0,412780
page_index,time_cycles
0,395176
page_index,time_cycles
0,391636
page_index,time_cycles
0,397902
page_index,time_cycles
0,429456
page_index,time_cycles
0,395512
page_index,time_cycles
0,396436
page_index,time_cycles
0,397724
page_index,time_cycles
0,407336
page_index,time_cycles
0,433530
page_index,time_cycles
0,386386
page_index,time_cycles
0,439842
page_index,time_cycles
0,404948
page_index,time_cycles
0,391176
page_index,time_cycles
0,390254
page_index,time_cycles
0,398964
page_index,time_cycles
0,393796
page_index,time_cycles
0,393710
page_index,time_cycles
0,426348
page_index,time_cycles
0,398418
page_index,time_cycles
0,386478
page_index,time_cycles
0,390574
page_index,time_cycles
0,383450
page_index,time_cycles
0,402326
page_index,time_cycles
0,398668
page_index,time_cycles
0,399070
page_index,time_cycles
0,417134
page_index,time_cycles
0,397008
page_index,time_cycles
0,429344
page_index,time_cycles
0,412074
page_index,time_cycles
0,387084
page_index,time_cycles
0,387636
page_index,time_cycles
0,406622
page_index,time_cycles
0,388818
page_index,time_cycles
0,469358
page_index,time_cycles
0,407440
page_index,time_cycles
0,393970
page_index,time_cycles
0,395322
page_index,time_cycles
0,420818
page_index,time_cycles
0,394830
page_index,time_cycles
0,416834
page_index,time_cycles
0,408414
page_index,time_cycles
0,391124
page_index,time_cycles
0,393864
page_index,time_cycles
0,442306
page_index,time_cycles
0,390758
page_index,time_cycles
0,389272
page_index,time_cycles
0,391466
page_index,time_cycles
0,394276
page_index,time_cycles
0,396604
page_index,time_cycles
0,396542
page_index,time_cycles
0,399272
page_index,time_cycles
0,390150
page_index,time_cycles
0,388370
page_index,time_cycles
0,442526
page_index,time_cycles
0,401750
page_index,time_cycles
0,396968
page_index,time_cycles
0,401026
page_index,time_cycles
0,392142
page_index,time_cycles
0,413466
page_index,time_cycles
0,385030
page_index,time_cycles
0,386480
page_index,time_cycles
0,418360
page_index,time_cycles
0,391154
page_index,time_cycles
0,405560
page_index,time_cycles
0,403242
page_index,time_cycles
0,381718
page_index,time_cycles
0,429636
page_index,time_cycles
0,392220
page_index,time_cycles
0,435328
page_index,time_cycles
0,398426
page_index,time_cycles
0,434898
page_index,time_cycles
0,409276
page_index,time_cycles
0,429592
page_index,time_cycles
0,394632
page_index,time_cycles
0,383544
page_index,time_cycles
0,393974
page_index,time_cycles
0,389830
page_index,time_cycles
0,407492
page_index,time_cycles
0,421662
page_index,time_cycles
0,402670
page_index,time_cycles
0,416556
page_index,time_cycles
0,398366
page_index,time_cycles
0,403238
page_index,time_cycles
0,396116
page_index,time_cycles
0,443600
page_index,time_cycles
0,395052
page_index,time_cycles
0,396928
page_index,time_cycles
0,405568
page_index,time_cycles
0,448518
page_index,time_cycles
0,386204
page_index,time_cycles
0,390138
page_index,time_cycles
0,395398
page_index,time_cycles
0,390932
page_index,time_cycles
0,396512
page_index,time_cycles
0,426530
page_index,time_cycles
0,465942
page_index,time_cycles
0,398638
page_index,time_cycles
0,439574
page_index,time_cycles
0,420238
page_index,time_cycles
0,406880
page_index,time_cycles
0,393476
page_index,time_cycles
0,403010
page_index,time_cycles
0,392298
page_index,time_cycles
0,395214
page_index,time_cycles
0,386426
page_index,time_cycles
0,384798
page_index,time_cycles
0,403424
page_index,time_cycles
0,406556
page_index,time_cycles
0,389854
page_index,time_cycles
0,402858
page_index,time_cycles
0,400390
page_index,time_cycles
0,402402
page_index,time_cycles
0,391808
page_index,time_cycles
0,449110
page_index,time_cycles
0,393424
page_index,time_cycles
0,408018
page_index,time_cycles
0,403438
page_index,time_cycles
0,387890
page_index,time_cycles
0,398876
page_index,time_cycles
0,403092
page_index,time_cycles
0,401998
page_index,time_cycles
0,405196
page_index,time_cycles
0,407948
page_index,time_cycles
0,385894
page_index,time_cycles
0,409366
page_index,time_cycles
0,390554
page_index,time_cycles
0,396612
page_index,time_cycles
0,389712
page_index,time_cycles
0,393148
page_index,time_cycles
0,401382
page_index,time_cycles
0,393172
page_index,time_cycles
0,389052
page_index,time_cycles
0,449670
page_index,time_cycles
0,390564
page_index,time_cycles
0,444378
page_index,time_cycles
0,392280
page_index,time_cycles
0,386582
page_index,time_cycles
0,398478
page_index,time_cycles
0,404606
page_index,time_cycles
0,393680
page_index,time_cycles
0,401954
page_index,time_cycles
0,425478
page_index,time_cycles
0,423932
page_index,time_cycles
0,388258
page_index,time_cycles
0,400538
page_index,time_cycles
0,397382
page_index,time_cycles
0,392768
page_index,time_cycles
0,417118
page_index,time_cycles
0,387302
page_index,time_cycles
0,391456
page_index,time_cycles
0,395756
page_index,time_cycles
0,386780
page_index,time_cycles
0,399286
page_index,time_cycles
0,392740
page_index,time_cycles
0,388190
page_index,time_cycles
0,382760
page_index,time_cycles
0,388964
page_index,time_cycles
0,396516
page_index,time_cycles
0,387758
page_index,time_cycles
0,429372
page_index,time_cycles
0,387952
page_index,time_cycles
0,411912
page_index,time_cycles
0,402358
page_index,time_cycles
0,391384
page_index,time_cycles
0,406466
page_index,time_cycles
0,421080
page_index,time_cycles
0,402396
page_index,time_cycles
0,411196
page_index,time_cycles
0,430980
page_index,time_cycles
0,388308
page_index,time_cycles
0,394324
page_index,time_cycles
0,391116
page_index,time_cycles
0,409098
page_index,time_cycles
0,391868
page_index,time_cycles
0,400406
page_index,time_cycles
0,382026
page_index,time_cycles
0,384634
page_index,time_cycles
0,389418
page_index,time_cycles
0,443258
page_index,time_cycles
0,397340
page_index,time_cycles
0,400932
page_index,time_cycles
0,445100
page_index,time_cycles
0,395888
page_index,time_cycles
0,399756
page_index,time_cycles
0,425810
page_index,time_cycles
0,444168
page_index,time_cycles
0,423598
page_index,time_cycles
0,406672
page_index,time_cycles
0,397812
page_index,time_cycles
0,410694
page_index,time_cycles
0,398676
page_index,time_cycles
0,431306
page_index,time_cycles
0,395612
page_index,time_cycles
0,406388
page_index,time_cycles
0,401584
page_index,time_cycles
0,407528
page_index,time_cycles
0,396128
page_index,time_cycles
0,396970
page_index,time_cycles
0,398250
page_index,time_cycles
0,391908
page_index,time_cycles
0,394060
page_index,time_cycles
0,394994
page_index,time_cycles
0,393992
page_index,time_cycles
0,388622
page_index,time_cycles
0,390164
page_index,time_cycles
0,389666
page_index,time_cycles
0,410246
page_index,time_cycles
0,384246
page_index,time_cycles
0,402208
page_index,time_cycles
0,413044
page_index,time_cycles
0,436724
page_index,time_cycles
0,390466
page_index,time_cycles
0,397420
page_index,time_cycles
0,395842
page_index,time_cycles
0,414932
page_index,time_cycles
0,392540
page_index,time_cycles
0,389348
page_index,time_cycles
0,397418
page_index,time_cycles
0,392162
page_index,time_cycles
0,400414
page_index,time_cycles
0,389090
page_index,time_cycles
0,391636
page_index,time_cycles
0,416656
page_index,time_cycles
0,384178
page_index,time_cycles
0,439922
page_index,time_cycles
0,415682
page_index,time_cycles
0,385190
page_index,time_cycles
0,392332
page_index,time_cycles
0,390118
page_index,time_cycles
0,394626
page_index,time_cycles
0,456020
page_index,time_cycles
0,410988
page_index,time_cycles
0,398050
page_index,time_cycles
0,431460
page_index,time_cycles
0,428856
page_index,time_cycles
0,404944
page_index,time_cycles
0,398952
page_index,time_cycles
0,434984
page_index,time_cycles
0,400674
page_index,time_cycles
0,393568
page_index,time_cycles
0,396104
page_index,time_cycles
0,397420
page_index,time_cycles
0,397812
page_index,time_cycles
0,395528
page_index,time_cycles
0,399740
page_index,time_cycles
0,381380
page_index,time_cycles
0,385988
page_index,time_cycles
0,437680
page_index,time_cycles
0,401148
page_index,time_cycles
0,408620
page_index,time_cycles
0,403086
page_index,time_cycles
0,416234
page_index,time_cycles
0,386792
page_index,time_cycles
0,387278
page_index,time_cycles
0,405066
page_index,time_cycles
0,390184
page_index,time_cycles
0,397736
page_index,time_cycles
0,388544
page_index,time_cycles
0,414328
page_index,time_cycles
0,408054
page_index,time_cycles
0,408056
page_index,time_cycles
0,396578
page_index,time_cycles
0,401068
page_index,time_cycles
0,393702
page_index,time_cycles
0,390876
page_index,time_cycles
0,390368
page_index,time_cycles
0,409866
page_index,time_cycles
0,410700
page_index,time_cycles
0,397938
page_index,time_cycles
0,411294
page_index,time_cycles
0,402296
page_index,time_cycles
0,406222
page_index,time_cycles
0,402050
page_index,time_cycles
0,398572
page_index,time_cycles
0,410794
page_index,time_cycles
0,386880
page_index,time_cycles
0,387664
page_index,time_cycles
0,415478
page_index,time_cycles
0,421216
page_index,time_cycles
0,435548
page_index,time_cycles
0,405838
page_index,time_cycles
0,424544
page_index,time_cycles
0,391952
page_index,time_cycles
0,399614
page_index,time_cycles
0,457716
page_index,time_cycles
0,407150
page_index,time_cycles
0,412158
page_index,time_cycles
0,404566
page_index,time_cycles
0,388962
page_index,time_cycles
0,407670
page_index,time_cycles
0,386504
page_index,time_cycles
0,407962
page_index,time_cycles
0,394048
page_index,time_cycles
0,389376
page_index,time_cycles
0,399278
page_index,time_cycles
0,392322
page_index,time_cycles
0,407286
page_index,time_cycles
0,389354
page_index,time_cycles
0,399562
page_index,time_cycles
0,381068
page_index,time_cycles
0,390480
page_index,time_cycles
0,392340
page_index,time_cycles
0,412964
page_index,time_cycles
0,399988
page_index,time_cycles
0,389302
page_index,time_cycles
0,384870
page_index,time_cycles
0,397868
page_index,time_cycles
0,393384
page_index,time_cycles
0,398316
page_index,time_cycles
0,392878
page_index,time_cycles
0,426108
page_index,time_cycles
0,395868
page_index,time_cycles
0,415422
page_index,time_cycles
0,392928
page_index,time_cycles
0,494792
page_index,time_cycles
0,389076
page_index,time_cycles
0,394858
page_index,time_cycles
0,395916
page_index,time_cycles
0,406036
page_index,time_cycles
0,388730
page_index,time_cycles
0,383850
page_index,time_cycles
0,433984
page_index,time_cycles
0,400950
page_index,time_cycles
0,393884
page_index,time_cycles
0,391028
page_index,time_cycles
0,390618
page_index,time_cycles
0,403682
page_index,time_cycles
0,391994
page_index,time_cycles
0,394614
page_index,time_cycles
0,389868
page_index,time_cycles
0,396702
page_index,time_cycles
0,406948
page_index,time_cycles
0,403594
page_index,time_cycles
0,426300
page_index,time_cycles
0,404622
page_index,time_cycles
0,401990
page_index,time_cycles
0,406682
page_index,time_cycles
0,398616
page_index,time_cycles
0,448004
page_index,time_cycles
0,421088
page_index,time_cycles
0,396242
page_index,time_cycles
0,390926
page_index,time_cycles
0,392372
page_index,time_cycles
0,405744
page_index,time_cycles
0,386946
page_index,time_cycles
0,397370
page_index,time_cycles
0,385470
page_index,time_cycles
0,405976
page_index,time_cycles
0,380014
page_index,time_cycles
0,454408
page_index,time_cycles
0,384524
page_index,time_cycles
0,417860
page_index,time_cycles
0,402736
page_index,time_cycles
0,395536
page_index,time_cycles
0,394258
page_index,time_cycles
0,385364
page_index,time_cycles
0,428234
page_index,time_cycles
0,414342
page_index,time_cycles
0,409348
page_index,time_cycles
0,391228
page_index,time_cycles
0,444576
page_index,time_cycles
0,397370
page_index,time_cycles
0,390540
page_index,time_cycles
0,403502
page_index,time_cycles
0,386026
page_index,time_cycles
0,394508
page_index,time_cycles
0,396280
page_index,time_cycles
0,389454
page_index,time_cycles
0,402400
page_index,time_cycles
0,400804
page_index,time_cycles
0,399564
page_index,time_cycles
0,399988
page_index,time_cycles
0,401830
page_index,time_cycles
0,406588
page_index,time_cycles
0,410852
page_index,time_cycles
0,388458
page_index,time_cycles
0,398918
page_index,time_cycles
0,400198
page_index,time_cycles
0,394772
page_index,time_cycles
0,398584
page_index,time_cycles
0,387576
page_index,time_cycles
0,401864
page_index,time_cycles
0,392908
page_index,time_cycles
0,409942
page_index,time_cycles
0,393792
page_index,time_cycles
0,395970
page_index,time_cycles
0,401092
page_index,time_cycles
0,405948
page_index,time_cycles
0,397272
page_index,time_cycles
0,396018
page_index,time_cycles
0,472304
page_index,time_cycles
0,465656
page_index,time_cycles
0,392280
page_index,time_cycles
0,385894
page_index,time_cycles
0,386106
page_index,time_cycles
0,393202
page_index,time_cycles
0,390084
page_index,time_cycles
0,389326
page_index,time_cycles
0,390970
page_index,time_cycles
0,424182
page_index,time_cycles
0,390702
page_index,time_cycles
0,402178
page_index,time_cycles
0,391976
page_index,time_cycles
0,420914
page_index,time_cycles
0,398316
page_index,time_cycles
0,411706
page_index,time_cycles
0,398200
page_index,time_cycles
0,384710
page_index,time_cycles
0,385604
page_index,time_cycles
0,414442
page_index,time_cycles
0,424456
page_index,time_cycles
0,405228
page_index,time_cycles
0,423446
page_index,time_cycles
0,388682
page_index,time_cycles
0,394558
page_index,time_cycles
0,395438
page_index,time_cycles
0,408926
page_index,time_cycles
0,404684
page_index,time_cycles
0,405540
page_index,time_cycles
0,388422
page_index,time_cycles
0,391636
page_index,time_cycles
0,405454
page_index,time_cycles
0,389188
page_index,time_cycles
0,391384
page_index,time_cycles
0,398222
page_index,time_cycles
0,397542
page_index,time_cycles
0,400030
page_index,time_cycles
0,387150
page_index,time_cycles
0,398826
page_index,time_cycles
0,433916
page_index,time_cycles
0,405512
page_index,time_cycles
0,485584
page_index,time_cycles
0,399578
page_index,time_cycles
0,399734
page_index,time_cycles
0,404840
page_index,time_cycles
0,386182
page_index,time_cycles
0,383828
page_index,time_cycles
0,436316
page_index,time_cycles
0,393842
page_index,time_cycles
0,407286
page_index,time_cycles
0,398556
page_index,time_cycles
0,402434
page_index,time_cycles
0,401654
page_index,time_cycles
0,421302
page_index,time_cycles
0,399680
page_index,time_cycles
0,394384
page_index,time_cycles
0,389596
page_index,time_cycles
0,399772
page_index,time_cycles
0,408914
page_index,time_cycles
0,396414
page_index,time_cycles
0,393148
page_index,time_cycles
0,380924
page_index,time_cycles
0,401946
page_index,time_cycles
0,416776
page_index,time_cycles
0,384738
page_index,time_cycles
0,400706
page_index,time_cycles
0,424012
page_index,time_cycles
0,434444
page_index,time_cycles
0,720816
page_index,time_cycles
0,393822
page_index,time_cycles
0,395454
page_index,time_cycles
0,401840
page_index,time_cycles
0,398444
page_index,time_cycles
0,412762
page_index,time_cycles
0,391702
page_index,time_cycles
0,397324
page_index,time_cycles
0,402486
page_index,time_cycles
0,413494
page_index,time_cycles
0,435886
page_index,time_cycles
0,393702
page_index,time_cycles
0,398914
page_index,time_cycles
0,395150
page_index,time_cycles
0,390304
page_index,time_cycles
0,405940
page_index,time_cycles
0,386980
page_index,time_cycles
0,409012
page_index,time_cycles
0,401376
page_index,time_cycles
0,392914
page_index,time_cycles
0,397572
page_index,time_cycles
0,399086
page_index,time_cycles
0,403896
page_index,time_cycles
0,388172
page_index,time_cycles
0,385416
page_index,time_cycles
0,390474
page_index,time_cycles
0,404972
page_index,time_cycles
0,402120
page_index,time_cycles
0,418528
page_index,time_cycles
0,390594
page_index,time_cycles
0,413452
page_index,time_cycles
0,392594
page_index,time_cycles
0,390878
page_index,time_cycles
0,406688
page_index,time_cycles
0,390672
page_index,time_cycles
0,390362
page_index,time_cycles
0,390658
page_index,time_cycles
0,384672
page_index,time_cycles
0,402780
page_index,time_cycles
0,454536
page_index,time_cycles
0,387292
page_index,time_cycles
0,399392
page_index,time_cycles
0,392504
page_index,time_cycles
0,406588
page_index,time_cycles
0,390434
page_index,time_cycles
0,399700
page_index,time_cycles
0,399302
page_index,time_cycles
0,395776
page_index,time_cycles
0,402164
page_index,time_cycles
0,401172
page_index,time_cycles
0,398012
page_index,time_cycles
0,389320
page_index,time_cycles
0,395212
page_index,time_cycles
0,404978
page_index,time_cycles
0,702392
page_index,time_cycles
0,442888
page_index,time_cycles
0,434772
page_index,time_cycles
0,389416
page_index,time_cycles
0,400754
page_index,time_cycles
0,424970
page_index,time_cycles
0,394430
page_index,time_cycles
0,410438
page_index,time_cycles
0,400854
page_index,time_cycles
0,392382
page_index,time_cycles
0,384728
page_index,time_cycles
0,406696
page_index,time_cycles
0,390618
page_index,time_cycles
0,389426
page_index,time_cycles
0,391168
page_index,time_cycles
0,413574
page_index,time_cycles
0,427202
page_index,time_cycles
0,399994
page_index,time_cycles
0,399660
page_index,time_cycles
0,401622
page_index,time_cycles
0,403454
page_index,time_cycles
0,408990
page_index,time_cycles
0,397272
page_index,time_cycles
0,386526
page_index,time_cycles
0,391070
page_index,time_cycles
0,402282
page_index,time_cycles
0,405882
page_index,time_cycles
0,398384
page_index,time_cycles
0,422810
page_index,time_cycles
0,439802
page_index,time_cycles
0,410760
page_index,time_cycles
0,423622
page_index,time_cycles
0,419780
page_index,time_cycles
0,384984
page_index,time_cycles
0,413296
page_index,time_cycles
0,393222
page_index,time_cycles
0,405246
page_index,time_cycles
0,392894
page_index,time_cycles
0,416336
page_index,time_cycles
0,396238
page_index,time_cycles
0,430680
page_index,time_cycles
0,396134
page_index,time_cycles
0,398812
page_index,time_cycles
0,392620
page_index,time_cycles
0,418208
page_index,time_cycles
0,398814
page_index,time_cycles
0,404756
page_index,time_cycles
0,398900
page_index,time_cycles
0,406286
page_index,time_cycles
0,389852
page_index,time_cycles
0,404602
page_index,time_cycles
0,395226
page_index,time_cycles
0,399668
page_index,time_cycles
0,400134
page_index,time_cycles
0,414296
page_index,time_cycles
0,407836
page_index,time_cycles
0,400084
page_index,time_cycles
0,399112
page_index,time_cycles
0,433450
page_index,time_cycles
0,393528
page_index,time_cycles
0,389104
page_index,time_cycles
0,390346
page_index,time_cycles
0,384148
page_index,time_cycles
0,397810
page_index,time_cycles
0,392544
page_index,time_cycles
0,420210
page_index,time_cycles
0,415810
page_index,time_cycles
0,389114
page_index,time_cycles
0,441190
page_index,time_cycles
0,403278
page_index,time_cycles
0,434826
page_index,time_cycles
0,383870
page_index,time_cycles
0,402562
page_index,time_cycles
0,389854
page_index,time_cycles
0,392278
page_index,time_cycles
0,398320
page_index,time_cycles
0,409582
page_index,time_cycles
0,394584
page_index,time_cycles
0,402208
page_index,time_cycles
0,405954
page_index,time_cycles
0,387846
page_index,time_cycles
0,408718
page_index,time_cycles
0,415144
page_index,time_cycles
0,398880
page_index,time_cycles
0,407356
page_index,time_cycles
0,399268
page_index,time_cycles
0,396774
page_index,time_cycles
0,424670
page_index,time_cycles
0,389794
page_index,time_cycles
0,396788
page_index,time_cycles
0,391212
page_index,time_cycles
0,387420
page_index,time_cycles
0,385932
page_index,time_cycles
0,432918
page_index,time_cycles
0,396932
page_index,time_cycles
0,402878
page_index,time_cycles
0,395076
page_index,time_cycles
0,421654
page_index,time_cycles
0,387374
page_index,time_cycles
0,390050
page_index,time_cycles
0,408306
page_index,time_cycles
0,411546
page_index,time_cycles
0,826306
page_index,time_cycles
0,897128
page_index,time_cycles
0,420278
page_index,time_cycles
0,388120
page_index,time_cycles
0,412428
page_index,time_cycles
0,446136
page_index,time_cycles
0,396856
page_index,time_cycles
0,396896
page_index,time_cycles
0,391012
page_index,time_cycles
0,392966
page_index,time_cycles
0,390794
page_index,time_cycles
0,395360
page_index,time_cycles
0,439252
page_index,time_cycles
0,391318
page_index,time_cycles
0,418874
page_index,time_cycles
0,398200
page_index,time_cycles
0,388004
page_index,time_cycles
0,403776
page_index,time_cycles
0,392570
page_index,time_cycles
0,417202
page_index,time_cycles
0,387116
page_index,time_cycles
0,466066
page_index,time_cycles
0,396278
page_index,time_cycles
0,412202
page_index,time_cycles
0,409272
page_index,time_cycles
0,396872
page_index,time_cycles
0,420546
page_index,time_cycles
0,395600
page_index,time_cycles
0,386310
page_index,time_cycles
0,424786
page_index,time_cycles
0,381542
page_index,time_cycles
0,437490
page_index,time_cycles
0,393948
page_index,time_cycles
0,515830
page_index,time_cycles
0,406264
page_index,time_cycles
0,402524
page_index,time_cycles
0,444680
page_index,time_cycles
0,403188
page_index,time_cycles
0,394930
page_index,time_cycles
0,388174
page_index,time_cycles
0,404440
page_index,time_cycles
0,387828
page_index,time_cycles
0,395716
page_index,time_cycles
0,406468
page_index,time_cycles
0,401964
page_index,time_cycles
0,438102
page_index,time_cycles
0,394782
page_index,time_cycles
0,395410
page_index,time_cycles
0,405214
page_index,time_cycles
0,407044
page_index,time_cycles
0,389888
page_index,time_cycles
0,424198
page_index,time_cycles
0,404128
page_index,time_cycles
0,391878
page_index,time_cycles
0,411676
page_index,time_cycles
0,402138
page_index,time_cycles
0,406712
page_index,time_cycles
0,388446
page_index,time_cycles
0,403622
page_index,time_cycles
0,411094
page_index,time_cycles
0,388960
page_index,time_cycles
0,394372
page_index,time_cycles
0,399758
page_index,time_cycles
0,398870
page_index,time_cycles
0,398296
page_index,time_cycles
0,404042
page_index,time_cycles
0,385034
page_index,time_cycles
0,388666
page_index,time_cycles
0,389814
page_index,time_cycles
0,403436
page_index,time_cycles
0,408442
page_index,time_cycles
0,425916
page_index,time_cycles
0,400100
page_index,time_cycles
0,390744
page_index,time_cycles
0,415262
page_index,time_cycles
0,400324
page_index,time_cycles
0,384698
page_index,time_cycles
0,388142
page_index,time_cycles
0,394040
page_index,time_cycles
0,401654
page_index,time_cycles
0,431686
page_index,time_cycles
0,395434
page_index,time_cycles
0,391604
page_index,time_cycles
0,387594
page_index,time_cycles
0,390770
page_index,time_cycles
0,490700
page_index,time_cycles
0,399542
page_index,time_cycles
0,409806
page_index,time_cycles
0,412418
page_index,time_cycles
0,425884
page_index,time_cycles
0,394106
page_index,time_cycles
0,407488
page_index,time_cycles
0,387526
page_index,time_cycles
0,390854
page_index,time_cycles
0,398480
page_index,time_cycles
0,425100
page_index,time_cycles
0,399056
page_index,time_cycles
0,410922
page_index,time_cycles
0,406310
page_index,time_cycles
0,396690
page_index,time_cycles
0,389170
page_index,time_cycles
0,408394
page_index,time_cycles
0,387910
page_index,time_cycles
0,394698
page_index,time_cycles
0,424816
page_index,time_cycles
0,401540
page_index,time_cycles
0,386606
page_index,time_cycles
0,429038
page_index,time_cycles
0,416784
page_index,time_cycles
0,410368
page_index,time_cycles
0,406804
page_index,time_cycles
0,434432
page_index,time_cycles
0,392180
page_index,time_cycles
0,448964
page_index,time_cycles
0,406114
page_index,time_cycles
0,387982
page_index,time_cycles
0,395304
page_index,time_cycles
0,389144
page_index,time_cycles
0,382086
page_index,time_cycles
0,414924
page_index,time_cycles
0,391498
page_index,time_cycles
0,402584
page_index,time_cycles
0,395334
page_index,time_cycles
0,414040
page_index,time_cycles
0,393162
page_index,time_cycles
0,424186
page_index,time_cycles
0,400164
page_index,time_cycles
0,389328
page_index,time_cycles
0,390524
page_index,time_cycles
0,405894
page_index,time_cycles
0,383818
page_index,time_cycles
0,393134
page_index,time_cycles
0,405556
page_index,time_cycles
0,388216
page_index,time_cycles
0,402008
page_index,time_cycles
0,404946
page_index,time_cycles
0,392862
page_index,time_cycles
0,396606
page_index,time_cycles
0,383094
page_index,time_cycles
0,395878
page_index,time_cycles
0,392692
page_index,time_cycles
0,411116
page_index,time_cycles
0,3196888
page_index,time_cycles
0,390004
page_index,time_cycles
0,388338
page_index,time_cycles
0,402814
page_index,time_cycles
0,396608
page_index,time_cycles
0,392760
page_index,time_cycles
0,409284
page_index,time_cycles
0,405090
page_index,time_cycles
0,408650
page_index,time_cycles
0,394788
page_index,time_cycles
0,401196
page_index,time_cycles
0,384876
page_index,time_cycles
0,390908
page_index,time_cycles
0,401340
page_index,time_cycles
0,400658
page_index,time_cycles
0,399314
page_index,time_cycles
0,394980
page_index,time_cycles
0,455106
page_index,time_cycles
0,390908
page_index,time_cycles
0,403802
page_index,time_cycles
0,390780
page_index,time_cycles
0,386392
page_index,time_cycles
0,418062
page_index,time_cycles
0,401502
page_index,time_cycles
0,446972
page_index,time_cycles
0,390512
page_index,time_cycles
0,398306
page_index,time_cycles
0,505882
page_index,time_cycles
0,386638
page_index,time_cycles
0,392586
page_index,time_cycles
0,395510
page_index,time_cycles
0,393914
page_index,time_cycles
0,385182
page_index,time_cycles
0,392410
page_index,time_cycles
0,384226
page_index,time_cycles
0,392552
page_index,time_cycles
0,387842
page_index,time_cycles
0,419084
page_index,time_cycles
0,392966
page_index,time_cycles
0,432690
page_index,time_cycles
0,392188
page_index,time_cycles
0,398116
page_index,time_cycles
0,405874
page_index,time_cycles
0,401962
page_index,time_cycles
0,414110
page_index,time_cycles
0,388132
page_index,time_cycles
0,389998
page_index,time_cycles
0,388654
page_index,time_cycles
0,403538
page_index,time_cycles
0,411738
page_index,time_cycles
0,402580
page_index,time_cycles
0,394186
page_index,time_cycles
0,412108
page_index,time_cycles
0,404738
page_index,time_cycles
0,393232
page_index,time_cycles
0,401594
page_index,time_cycles
0,392988
page_index,time_cycles
0,400566
page_index,time_cycles
0,448196
page_index,time_cycles
0,392194
page_index,time_cycles
0,402726
page_index,time_cycles
0,395864
page_index,time_cycles
0,392720
page_index,time_cycles
0,434668
page_index,time_cycles
0,415060
page_index,time_cycles
0,402764
page_index,time_cycles
0,381652
page_index,time_cycles
0,396238
page_index,time_cycles
0,396268
page_index,time_cycles
0,401610
page_index,time_cycles
0,392694
page_index,time_cycles
0,405062
page_index,time_cycles
0,384214
page_index,time_cycles
0,389310
page_index,time_cycles
0,410258
page_index,time_cycles
0,386594
page_index,time_cycles
0,475894
page_index,time_cycles
0,386348
page_index,time_cycles
0,387684
page_index,time_cycles
0,390792
page_index,time_cycles
0,390054
page_index,time_cycles
0,411462
page_index,time_cycles
0,396520
page_index,time_cycles
0,427050
page_index,time_cycles
0,405646
page_index,time_cycles
0,389882
page_index,time_cycles
0,392406
page_index,time_cycles
0,403904
page_index,time_cycles
0,389584
page_index,time_cycles
0,394302
page_index,time_cycles
0,389324
page_index,time_cycles
0,392220
page_index,time_cycles
0,414442
page_index,time_cycles
0,402568
page_index,time_cycles
0,392154
page_index,time_cycles
0,384978
page_index,time_cycles
0,499564
page_index,time_cycles
0,396986
page_index,time_cycles
0,397330
page_index,time_cycles
0,399562
page_index,time_cycles
0,406758
page_index,time_cycles
0,414018
page_index,time_cycles
0,403182
page_index,time_cycles
0,389728
page_index,time_cycles
0,426768
page_index,time_cycles
0,397140
page_index,time_cycles
0,393930
page_index,time_cycles
0,395270
page_index,time_cycles
0,401850
page_index,time_cycles
0,387796
page_index,time_cycles
0,397908
page_index,time_cycles
0,407024
page_index,time_cycles
0,424392
page_index,time_cycles
0,394550
page_index,time_cycles
0,401340
page_index,time_cycles
0,423542
page_index,time_cycles
0,462028
page_index,time_cycles
0,392000
page_index,time_cycles
0,409310
page_index,time_cycles
0,394578
page_index,time_cycles
0,427346
page_index,time_cycles
0,424006
page_index,time_cycles
0,396594
page_index,time_cycles
0,402212
page_index,time_cycles
0,406822
page_index,time_cycles
0,412122
page_index,time_cycles
0,391290
page_index,time_cycles
0,404002
page_index,time_cycles
0,390514
page_index,time_cycles
0,394436
page_index,time_cycles
0,394298
page_index,time_cycles
0,397374
page_index,time_cycles
0,404656
page_index,time_cycles
0,393468
page_index,time_cycles
0,406266
page_index,time_cycles
0,390656
page_index,time_cycles
0,391572
page_index,time_cycles
0,398066
page_index,time_cycles
0,397324
page_index,time_cycles
0,408988
page_index,time_cycles
0,395076
page_index,time_cycles
0,399032
page_index,time_cycles
0,391456
page_index,time_cycles
0,396252
page_index,time_cycles
0,405424
page_index,time_cycles
0,383520
page_index,time_cycles
0,412446
page_index,time_cycles
0,413492
page_index,time_cycles
0,434886
page_index,time_cycles
0,390732
page_index,time_cycles
0,386896
page_index,time_cycles
0,399744
page_index,time_cycles
0,395564
page_index,time_cycles
0,393350
page_index,time_cycles
0,424608
page_index,time_cycles
0,409430
page_index,time_cycles
0,391568
page_index,time_cycles
0,390390
page_index,time_cycles
0,383588
page_index,time_cycles
0,411986
page_index,time_cycles
0,396818
page_index,time_cycles
0,391566
page_index,time_cycles
0,427110
page_index,time_cycles
0,397476
page_index,time_cycles
0,411574
page_index,time_cycles
0,389574
page_index,time_cycles
0,446754
page_index,time_cycles
0,389002
page_index,time_cycles
0,391662
page_index,time_cycles
0,386182
page_index,time_cycles
0,396636
page_index,time_cycles
0,412046
page_index,time_cycles
0,400630
page_index,time_cycles
0,391188
page_index,time_cycles
0,414114
page_index,time_cycles
0,391004
page_index,time_cycles
0,389786
page_index,time_cycles
0,386638
page_index,time_cycles
0,417208
page_index,time_cycles
0,421738
page_index,time_cycles
0,417152
page_index,time_cycles
0,384258
page_index,time_cycles
0,403428
page_index,time_cycles
0,409690
page_index,time_cycles
0,389756
page_index,time_cycles
0,400876
page_index,time_cycles
0,396112
page_index,time_cycles
0,399804
page_index,time_cycles
0,409682
page_index,time_cycles
0,393738
page_index,time_cycles
0,391340
page_index,time_cycles
0,393832
page_index,time_cycles
0,389062
page_index,time_cycles
0,401462
page_index,time_cycles
0,398928
page_index,time_cycles
0,390252
page_index,time_cycles
0,397668
page_index,time_cycles
0,395728
page_index,time_cycles
0,393726
page_index,time_cycles
0,395326
page_index,time_cycles
0,406466
page_index,time_cycles
0,439946
page_index,time_cycles
0,385586
page_index,time_cycles
0,393496
page_index,time_cycles
0,395862
page_index,time_cycles
0,394164
page_index,time_cycles
0,406298
page_index,time_cycles
0,395558
page_index,time_cycles
0,401048
page_index,time_cycles
0,398486
page_index,time_cycles
0,396148
page_index,time_cycles
0,393934
page_index,time_cycles
0,393982
page_index,time_cycles
0,401650
page_index,time_cycles
0,401376
page_index,time_cycles
0,394478
page_index,time_cycles
0,399696
page_index,time_cycles
0,407400
page_index,time_cycles
0,440918
page_index,time_cycles
0,395310
page_index,time_cycles
0,406534
page_index,time_cycles
0,387044
page_index,time_cycles
0,388072
page_index,time_cycles
0,392366
page_index,time_cycles
0,388056
page_index,time_cycles
0,396470
page_index,time_cycles
0,403758
page_index,time_cycles
0,404624
page_index,time_cycles
0,400228
page_index,time_cycles
0,387868
page_index,time_cycles
0,396406
page_index,time_cycles
0,391662
page_index,time_cycles
0,396070
page_index,time_cycles
0,377566
page_index,time_cycles
0,385928
page_index,time_cycles
0,402460
page_index,time_cycles
0,434648
page_index,time_cycles
0,420756
page_index,time_cycles
0,401014
page_index,time_cycles
0,415990
page_index,time_cycles
0,396002
page_index,time_cycles
0,392138
page_index,time_cycles
0,404974
page_index,time_cycles
0,399482
page_index,time_cycles
0,387110
page_index,time_cycles
0,394034
page_index,time_cycles
0,394818
page_index,time_cycles
0,392330
page_index,time_cycles
0,396046
page_index,time_cycles
0,404008
page_index,time_cycles
0,451736
page_index,time_cycles
0,384760
page_index,time_cycles
0,398752
page_index,time_cycles
0,386200
page_index,time_cycles
0,405274
page_index,time_cycles
0,399572
page_index,time_cycles
0,408408
page_index,time_cycles
0,416162
page_index,time_cycles
0,417864
page_index,time_cycles
0,393906
page_index,time_cycles
0,442496
page_index,time_cycles
0,399420
page_index,time_cycles
0,392746
page_index,time_cycles
0,413214
page_index,time_cycles
0,401372
page_index,time_cycles
0,387012
page_index,time_cycles
0,390150
page_index,time_cycles
0,404062
page_index,time_cycles
0,386902
page_index,time_cycles
0,390810
page_index,time_cycles
0,423092
page_index,time_cycles
0,381502
page_index,time_cycles
0,397612
page_index,time_cycles
0,414098
page_index,time_cycles
0,389818
page_index,time_cycles
0,374670
page_index,time_cycles
0,391696
page_index,time_cycles
0,407940
page_index,time_cycles
0,391512
page_index,time_cycles
0,389386
page_index,time_cycles
0,392758
page_index,time_cycles
0,400624
page_index,time_cycles
0,398922
page_index,time_cycles
0,433272
page_index,time_cycles
0,396786
page_index,time_cycles
0,389646
page_index,time_cycles
0,415566
page_index,time_cycles
0,394812
page_index,time_cycles
0,392674
page_index,time_cycles
0,403628
page_index,time_cycles
0,407784
page_index,time_cycles
0,392934
page_index,time_cycles
0,386688
page_index,time_cycles
0,402410
page_index,time_cycles
0,476316
page_index,time_cycles
0,389744
page_index,time_cycles
0,399710
page_index,time_cycles
0,397720
page_index,time_cycles
0,423110
page_index,time_cycles
0,388044
page_index,time_cycles
0,397712
page_index,time_cycles
0,397126
page_index,time_cycles
0,400162
page_index,time_cycles
0,391332
page_index,time_cycles
0,422320
page_index,time_cycles
0,402970
page_index,time_cycles
0,392144
page_index,time_cycles
0,418096
page_index,time_cycles
0,398280
page_index,time_cycles
0,397412
page_index,time_cycles
0,396936
page_index,time_cycles
0,399718
page_index,time_cycles
0,388882
page_index,time_cycles
0,394608
page_index,time_cycles
0,407856
page_index,time_cycles
0,387836
page_index,time_cycles
0,391702
page_index,time_cycles
0,387030
page_index,time_cycles
0,404094
page_index,time_cycles
0,397540
page_index,time_cycles
0,398360
page_index,time_cycles
0,405780
page_index,time_cycles
0,409464
page_index,time_cycles
0,396372
page_index,time_cycles
0,397212
page_index,time_cycles
0,388910
page_index,time_cycles
0,406230
page_index,time_cycles
0,392450
page_index,time_cycles
0,413052
page_index,time_cycles
0,412808
page_index,time_cycles
0,397680
page_index,time_cycles
0,426630
page_index,time_cycles
0,397494
page_index,time_cycles
0,395426
page_index,time_cycles
0,391880
page_index,time_cycles
0,400714
page_index,time_cycles
0,394680
page_index,time_cycles
0,402564
page_index,time_cycles
0,387878
page_index,time_cycles
0,398188
page_index,time_cycles
0,392160
page_index,time_cycles
0,403126
page_index,time_cycles
0,392680
page_index,time_cycles
0,390934
page_index,time_cycles
0,402984
page_index,time_cycles
0,410398
page_index,time_cycles
0,393638
page_index,time_cycles
0,393088
page_index,time_cycles
0,387376
page_index,time_cycles
0,403768
page_index,time_cycles
0,389630
page_index,time_cycles
0,408340
page_index,time_cycles
0,431896
page_index,time_cycles
0,411622
page_index,time_cycles
0,393620
page_index,time_cycles
0,386622
page_index,time_cycles
0,391884
page_index,time_cycles
0,393258
page_index,time_cycles
0,411046
page_index,time_cycles
0,386196
page_index,time_cycles
0,386348
page_index,time_cycles
0,397686
page_index,time_cycles
0,396984
page_index,time_cycles
0,402976
page_index,time_cycles
0,393290
page_index,time_cycles
0,396024
page_index,time_cycles
0,392180
page_index,time_cycles
0,401890
page_index,time_cycles
0,391890
page_index,time_cycles
0,384486
page_index,time_cycles
0,396036
page_index,time_cycles
0,402208
page_index,time_cycles
0,407414
page_index,time_cycles
0,393004
page_index,time_cycles
0,428702
page_index,time_cycles
0,407778
page_index,time_cycles
0,389338
page_index,time_cycles
0,406892
page_index,time_cycles
0,399170
page_index,time_cycles
0,401258
page_index,time_cycles
0,402626
page_index,time_cycles
0,394028
page_index,time_cycles
0,406626
page_index,time_cycles
0,408138
page_index,time_cycles
0,385570
page_index,time_cycles
0,408030
page_index,time_cycles
0,436822
page_index,time_cycles
0,390498
page_index,time_cycles
0,384964
page_index,time_cycles
0,405428
page_index,time_cycles
0,392810
page_index,time_cycles
0,399926
page_index,time_cycles
0,393226
page_index,time_cycles
0,409232
page_index,time_cycles
0,400378
page_index,time_cycles
0,403920
page_index,time_cycles
0,389362
page_index,time_cycles
0,395024
page_index,time_cycles
0,429502
page_index,time_cycles
0,416116
page_index,time_cycles
0,426946
page_index,time_cycles
0,398598
page_index,time_cycles
0,397568
page_index,time_cycles
0,432662
page_index,time_cycles
0,405506
page_index,time_cycles
0,404592
page_index,time_cycles
0,430014
page_index,time_cycles
0,398926
page_index,time_cycles
0,389282
page_index,time_cycles
0,403558
page_index,time_cycles
0,421348
page_index,time_cycles
0,395406
page_index,time_cycles
0,396288
page_index,time_cycles
0,406240
page_index,time_cycles
0,392516
page_index,time_cycles
0,401876
page_index,time_cycles
0,392556
page_index,time_cycles
0,414760
page_index,time_cycles
0,392500
page_index,time_cycles
0,397154
page_index,time_cycles
0,393000
page_index,time_cycles
0,393040
page_index,time_cycles
0,391632
page_index,time_cycles
0,455214
page_index,time_cycles
0,425452
page_index,time_cycles
0,441726
page_index,time_cycles
0,393222
page_index,time_cycles
0,393108
page_index,time_cycles
0,385872
page_index,time_cycles
0,427022
page_index,time_cycles
0,458900
page_index,time_cycles
0,396506
page_index,time_cycles
0,395640
page_index,time_cycles
0,394850
page_index,time_cycles
0,403886
page_index,time_cycles
0,390836
page_index,time_cycles
0,389786
page_index,time_cycles
0,429670
page_index,time_cycles
0,445922
page_index,time_cycles
0,403714
page_index,time_cycles
0,405886
page_index,time_cycles
0,395474
page_index,time_cycles
0,405802
page_index,time_cycles
0,389048
page_index,time_cycles
0,455492
page_index,time_cycles
0,412314
page_index,time_cycles
0,406096
page_index,time_cycles
0,400008
page_index,time_cycles
0,384158
page_index,time_cycles
0,393798
page_index,time_cycles
0,407912
page_index,time_cycles
0,404398
page_index,time_cycles
0,401088
page_index,time_cycles
0,400398
page_index,time_cycles
0,399504
page_index,time_cycles
0,387438
page_index,time_cycles
0,425502
page_index,time_cycles
0,457808
page_index,time_cycles
0,393746
page_index,time_cycles
0,396212
page_index,time_cycles
0,394594
page_index,time_cycles
0,387434
page_index,time_cycles
0,416974
page_index,time_cycles
0,388120
page_index,time_cycles
0,423640
page_index,time_cycles
0,401776
page_index,time_cycles
0,398790
page_index,time_cycles
0,405178
page_index,time_cycles
0,420146
page_index,time_cycles
0,386590
page_index,time_cycles
0,412570
page_index,time_cycles
0,392730
page_index,time_cycles
0,394416
page_index,time_cycles
0,392118
page_index,time_cycles
0,398722
page_index,time_cycles
0,399084
page_index,time_cycles
0,397894
page_index,time_cycles
0,403742
page_index,time_cycles
0,766092
page_index,time_cycles
0,419904
page_index,time_cycles
0,405236
page_index,time_cycles
0,393426
page_index,time_cycles
0,386806
page_index,time_cycles
0,404512
page_index,time_cycles
0,414296
page_index,time_cycles
0,396974
page_index,time_cycles
0,411332
page_index,time_cycles
0,400896
page_index,time_cycles
0,391798
page_index,time_cycles
0,395320
page_index,time_cycles
0,411384
page_index,time_cycles
0,396632
page_index,time_cycles
0,394846
page_index,time_cycles
0,405130
page_index,time_cycles
0,395136
page_index,time_cycles
0,413798
page_index,time_cycles
0,396126
page_index,time_cycles
0,414312
page_index,time_cycles
0,402744
page_index,time_cycles
0,428552
page_index,time_cycles
0,391570
page_index,time_cycles
0,386872
page_index,time_cycles
0,411336
page_index,time_cycles
0,406096
page_index,time_cycles
0,415156
page_index,time_cycles
0,409412
page_index,time_cycles
0,383568
page_index,time_cycles
0,389942
page_index,time_cycles
0,395586
page_index,time_cycles
0,391808
page_index,time_cycles
0,395628
page_index,time_cycles
0,407264
page_index,time_cycles
0,413366
page_index,time_cycles
0,403764
page_index,time_cycles
0,385622
page_index,time_cycles
0,396930
page_index,time_cycles
0,395340
page_index,time_cycles
0,427500
page_index,time_cycles
0,398140
page_index,time_cycles
0,391596
page_index,time_cycles
0,410262
page_index,time_cycles
0,407058
page_index,time_cycles
0,401228
page_index,time_cycles
0,385484
page_index,time_cycles
0,419222
page_index,time_cycles
0,394886
page_index,time_cycles
0,390124
page_index,time_cycles
0,428022
page_index,time_cycles
0,390558
page_index,time_cycles
0,404476
page_index,time_cycles
0,392282
page_index,time_cycles
0,397452
page_index,time_cycles
0,392642
page_index,time_cycles
0,390766
page_index,time_cycles
0,403722
page_index,time_cycles
0,402302
page_index,time_cycles
0,388338
page_index,time_cycles
0,394262
page_index,time_cycles
0,386672
page_index,time_cycles
0,386190
page_index,time_cycles
0,635028
page_index,time_cycles
0,405346
page_index,time_cycles
0,387236
page_index,time_cycles
0,390790
page_index,time_cycles
0,399336
page_index,time_cycles
0,394694
page_index,time_cycles
0,434222
page_index,time_cycles
0,478304
page_index,time_cycles
0,389688
page_index,time_cycles
0,400296
page_index,time_cycles
0,403860
page_index,time_cycles
0,445666
page_index,time_cycles
0,435818
page_index,time_cycles
0,386802
page_index,time_cycles
0,401874
page_index,time_cycles
0,390086
page_index,time_cycles
0,400388
page_index,time_cycles
0,402044
page_index,time_cycles
0,391140
page_index,time_cycles
0,436870
page_index,time_cycles
0,394332
page_index,time_cycles
0,416334
page_index,time_cycles
0,430930
page_index,time_cycles
0,395880
page_index,time_cycles
0,389466
page_index,time_cycles
0,405326
page_index,time_cycles
0,419078
page_index,time_cycles
0,385164
page_index,time_cycles
0,401702
page_index,time_cycles
0,405592
page_index,time_cycles
0,388782
page_index,time_cycles
0,389152
page_index,time_cycles
0,391594
page_index,time_cycles
0,393604
page_index,time_cycles
0,413492
page_index,time_cycles
0,394912
page_index,time_cycles
0,415636
page_index,time_cycles
0,407730
page_index,time_cycles
0,400288
page_index,time_cycles
0,391302
page_index,time_cycles
0,389334
page_index,time_cycles
0,380074
page_index,time_cycles
0,388548
page_index,time_cycles
0,393028
page_index,time_cycles
0,387508
page_index,time_cycles
0,391732
page_index,time_cycles
0,386602
page_index,time_cycles
0,391510
page_index,time_cycles
0,404310
page_index,time_cycles
0,417876
page_index,time_cycles
0,408242
page_index,time_cycles
0,385556
page_index,time_cycles
0,391976
page_index,time_cycles
0,397748
page_index,time_cycles
0,393514
page_index,time_cycles
0,391194
page_index,time_cycles
0,426678
page_index,time_cycles
0,420144
page_index,time_cycles
0,400468
page_index,time_cycles
0,421332
page_index,time_cycles
0,405538
page_index,time_cycles
0,396334
page_index,time_cycles
0,401372
page_index,time_cycles
0,383876
page_index,time_cycles
0,397544
page_index,time_cycles
0,394342
page_index,time_cycles
0,394846
page_index,time_cycles
0,454154
page_index,time_cycles
0,444206
page_index,time_cycles
0,398552
page_index,time_cycles
0,392778
page_index,time_cycles
0,404682
page_index,time_cycles
0,392798
page_index,time_cycles
0,402770
page_index,time_cycles
0,440706
page_index,time_cycles
0,392020
page_index,time_cycles
0,401438
page_index,time_cycles
0,403284
page_index,time_cycles
0,391576
page_index,time_cycles
0,394684
page_index,time_cycles
0,411182
page_index,time_cycles
0,393884
page_index,time_cycles
0,441880
page_index,time_cycles
0,414796
page_index,time_cycles
0,410102
page_index,time_cycles
0,393896
page_index,time_cycles
0,395582
page_index,time_cycles
0,386188
page_index,time_cycles
0,391588
page_index,time_cycles
0,393680
page_index,time_cycles
0,394670
page_index,time_cycles
0,391054
page_index,time_cycles
0,387720
page_index,time_cycles
0,383160
page_index,time_cycles
0,394372
page_index,time_cycles
0,395650
page_index,time_cycles
0,410922
page_index,time_cycles
0,399724
page_index,time_cycles
0,397514
page_index,time_cycles
0,404312
page_index,time_cycles
0,401272
page_index,time_cycles
0,387326
page_index,time_cycles
0,402270
page_index,time_cycles
0,393248
page_index,time_cycles
0,391222
page_index,time_cycles
0,406988
page_index,time_cycles
0,385522
page_index,time_cycles
0,417012
page_index,time_cycles
0,398506
page_index,time_cycles
0,391314
page_index,time_cycles
0,472956
page_index,time_cycles
0,391994
page_index,time_cycles
0,387324
page_index,time_cycles
0,408110
page_index,time_cycles
0,413398
page_index,time_cycles
0,409850
page_index,time_cycles
0,408858
page_index,time_cycles
0,395292
page_index,time_cycles
0,381700
page_index,time_cycles
0,397304
page_index,time_cycles
0,402206
page_index,time_cycles
0,395006
page_index,time_cycles
0,397620
page_index,time_cycles
0,397084
page_index,time_cycles
0,407706
page_index,time_cycles
0,407338
page_index,time_cycles
0,384792
page_index,time_cycles
0,393632
page_index,time_cycles
0,403014
page_index,time_cycles
0,419248
page_index,time_cycles
0,405464
page_index,time_cycles
0,405254
page_index,time_cycles
0,415450
page_index,time_cycles
0,405262
page_index,time_cycles
0,450506
page_index,time_cycles
0,403976
page_index,time_cycles
0,397496
page_index,time_cycles
0,403740
page_index,time_cycles
0,395906
page_index,time_cycles
0,391220
page_index,time_cycles
0,432692
page_index,time_cycles
0,387836
page_index,time_cycles
0,403068
page_index,time_cycles
0,394890
page_index,time_cycles
0,408850
page_index,time_cycles
0,384528
page_index,time_cycles
0,382010
page_index,time_cycles
0,381430
page_index,time_cycles
0,408996
page_index,time_cycles
0,427440
page_index,time_cycles
0,450292
page_index,time_cycles
0,392398
page_index,time_cycles
0,431088
page_index,time_cycles
0,391942
page_index,time_cycles
0,411064
page_index,time_cycles
0,390876
page_index,time_cycles
0,388942
page_index,time_cycles
0,405730
page_index,time_cycles
0,433276
page_index,time_cycles
0,389050
page_index,time_cycles
0,399876
page_index,time_cycles
0,388920
page_index,time_cycles
0,387432
page_index,time_cycles
0,394320
page_index,time_cycles
0,398466
page_index,time_cycles
0,414134
page_index,time_cycles
0,402820
page_index,time_cycles
0,396176
page_index,time_cycles
0,411566
page_index,time_cycles
0,393250
page_index,time_cycles
0,402252
page_index,time_cycles
0,409784
page_index,time_cycles
0,412624
page_index,time_cycles
0,424034
page_index,time_cycles
0,395446
page_index,time_cycles
0,449128
page_index,time_cycles
0,384772
page_index,time_cycles
0,406782
page_index,time_cycles
0,391094
page_index,time_cycles
0,403996
page_index,time_cycles
0,404390
page_index,time_cycles
0,411404
page_index,time_cycles
0,400700
page_index,time_cycles
0,401200
page_index,time_cycles
0,398972
page_index,time_cycles
0,410156
page_index,time_cycles
0,396860
page_index,time_cycles
0,392504
page_index,time_cycles
0,394512
page_index,time_cycles
0,396382
page_index,time_cycles
0,388916
page_index,time_cycles
0,396130
page_index,time_cycles
0,397582
page_index,time_cycles
0,410002
page_index,time_cycles
0,401896
page_index,time_cycles
0,394730
page_index,time_cycles
0,417828
page_index,time_cycles
0,468936
page_index,time_cycles
0,399958
page_index,time_cycles
0,416018
page_index,time_cycles
0,408142
page_index,time_cycles
0,391946
page_index,time_cycles
0,405518
page_index,time_cycles
0,398932
page_index,time_cycles
0,409726
page_index,time_cycles
0,388364
page_index,time_cycles
0,386962
page_index,time_cycles
0,398622
page_index,time_cycles
0,414942
page_index,time_cycles
0,405638
page_index,time_cycles
0,386734
page_index,time_cycles
0,408078
page_index,time_cycles
0,399234
page_index,time_cycles
0,391658
page_index,time_cycles
0,395742
page_index,time_cycles
0,398146
page_index,time_cycles
0,383970
page_index,time_cycles
0,443864
page_index,time_cycles
0,395506
page_index,time_cycles
0,379652
page_index,time_cycles
0,436306
page_index,time_cycles
0,396854
page_index,time_cycles
0,391190
page_index,time_cycles
0,425272
page_index,time_cycles
0,445444
page_index,time_cycles
0,407462
page_index,time_cycles
0,392504
page_index,time_cycles
0,411196
page_index,time_cycles
0,393632
page_index,time_cycles
0,461184
page_index,time_cycles
0,408020
page_index,time_cycles
0,397238
page_index,time_cycles
0,414284
page_index,time_cycles
0,444862
page_index,time_cycles
0,403218
page_index,time_cycles
0,403472
page_index,time_cycles
0,394228
page_index,time_cycles
0,415212
page_index,time_cycles
0,405908
page_index,time_cycles
0,439800
page_index,time_cycles
0,408152
page_index,time_cycles
0,396924
page_index,time_cycles
0,415236
page_index,time_cycles
0,392726
page_index,time_cycles
0,390742
page_index,time_cycles
0,411156
page_index,time_cycles
0,407022
page_index,time_cycles
0,393116
page_index,time_cycles
0,407632
page_index,time_cycles
0,410524
page_index,time_cycles
0,401878
page_index,time_cycles
0,441082
page_index,time_cycles
0,410762
page_index,time_cycles
0,397700
page_index,time_cycles
0,388850
page_index,time_cycles
0,380886
page_index,time_cycles
0,388486
page_index,time_cycles
0,395976
page_index,time_cycles
0,389504
page_index,time_cycles
0,391676
page_index,time_cycles
0,437828
page_index,time_cycles
0,399936
page_index,time_cycles
0,396880
page_index,time_cycles
0,424436
page_index,time_cycles
0,392812
page_index,time_cycles
0,396010
page_index,time_cycles
0,410084
page_index,time_cycles
0,404638
page_index,time_cycles
0,399272
page_index,time_cycles
0,401614
page_index,time_cycles
0,422526
page_index,time_cycles
0,405296
page_index,time_cycles
0,390008
page_index,time_cycles
0,404948
page_index,time_cycles
0,402922
page_index,time_cycles
0,402844
page_index,time_cycles
0,386542
page_index,time_cycles
0,396016
page_index,time_cycles
0,384644
page_index,time_cycles
0,397956
page_index,time_cycles
0,435156
page_index,time_cycles
0,388056
page_index,time_cycles
0,391606
page_index,time_cycles
0,397714
page_index,time_cycles
0,428400
page_index,time_cycles
0,385884
page_index,time_cycles
0,453766
page_index,time_cycles
0,386928
page_index,time_cycles
0,413200
page_index,time_cycles
0,388530
page_index,time_cycles
0,415778
page_index,time_cycles
0,384598
page_index,time_cycles
0,391834
page_index,time_cycles
0,390716
page_index,time_cycles
0,432606
page_index,time_cycles
0,390310
page_index,time_cycles
0,384420
page_index,time_cycles
0,403524
page_index,time_cycles
0,398842
page_index,time_cycles
0,411568
page_index,time_cycles
0,386368
page_index,time_cycles
0,390206
page_index,time_cycles
0,425926
page_index,time_cycles
0,394290
page_index,time_cycles
0,457854
page_index,time_cycles
0,389368
page_index,time_cycles
0,384618
page_index,time_cycles
0,390256
page_index,time_cycles
0,402108
page_index,time_cycles
0,393194
page_index,time_cycles
0,398970
page_index,time_cycles
0,414704
page_index,time_cycles
0,390582
page_index,time_cycles
0,387940
page_index,time_cycles
0,432752
page_index,time_cycles
0,383266
page_index,time_cycles
0,404298
page_index,time_cycles
0,423882
page_index,time_cycles
0,406694
page_index,time_cycles
0,385328
page_index,time_cycles
0,388948
page_index,time_cycles
0,385088
page_index,time_cycles
0,433712
page_index,time_cycles
0,449836
page_index,time_cycles
0,411810
page_index,time_cycles
0,389936
page_index,time_cycles
0,445010
page_index,time_cycles
0,388720
page_index,time_cycles
0,481908
page_index,time_cycles
0,402876
page_index,time_cycles
0,424434
page_index,time_cycles
0,405976
page_index,time_cycles
0,399442
page_index,time_cycles
0,398724
page_index,time_cycles
0,417038
page_index,time_cycles
0,389770
page_index,time_cycles
0,394622
page_index,time_cycles
0,397552
page_index,time_cycles
0,401034
page_index,time_cycles
0,393066
page_index,time_cycles
0,383992
page_index,time_cycles
0,399090
page_index,time_cycles
0,447770
page_index,time_cycles
0,391976
page_index,time_cycles
0,389536
page_index,time_cycles
0,406474
page_index,time_cycles
0,400320
page_index,time_cycles
0,394628
page_index,time_cycles
0,390800
page_index,time_cycles
0,385920
page_index,time_cycles
0,418510
page_index,time_cycles
0,392972
page_index,time_cycles
0,400196
page_index,time_cycles
0,391812
page_index,time_cycles
0,401764
page_index,time_cycles
0,390594
page_index,time_cycles
0,390028
page_index,time_cycles
0,392638
page_index,time_cycles
0,395868
page_index,time_cycles
0,421746
page_index,time_cycles
0,398514
page_index,time_cycles
0,394088
page_index,time_cycles
0,410038
page_index,time_cycles
0,390962
page_index,time_cycles
0,425578
page_index,time_cycles
0,395214
page_index,time_cycles
0,402842
page_index,time_cycles
0,418858
page_index,time_cycles
0,393256
page_index,time_cycles
0,406658
page_index,time_cycles
0,386918
page_index,time_cycles
0,395714
page_index,time_cycles
0,413390
page_index,time_cycles
0,403072
page_index,time_cycles
0,405360
page_index,time_cycles
0,411048
page_index,time_cycles
0,390406
page_index,time_cycles
0,397876
page_index,time_cycles
0,420596
page_index,time_cycles
0,397076
page_index,time_cycles
0,395950
page_index,time_cycles
0,390352
page_index,time_cycles
0,386990
page_index,time_cycles
0,386082
page_index,time_cycles
0,423236
page_index,time_cycles
0,391392
page_index,time_cycles
0,408916
page_index,time_cycles
0,406988
page_index,time_cycles
0,428826
page_index,time_cycles
0,387964
page_index,time_cycles
0,413648
page_index,time_cycles
0,420690
page_index,time_cycles
0,399900
page_index,time_cycles
0,392734
page_index,time_cycles
0,401924
page_index,time_cycles
0,406178
page_index,time_cycles
0,400526
page_index,time_cycles
0,389004
page_index,time_cycles
0,417986
page_index,time_cycles
0,404278
page_index,time_cycles
0,405260
page_index,time_cycles
0,392848
page_index,time_cycles
0,393830
page_index,time_cycles
0,388198
page_index,time_cycles
0,385144
page_index,time_cycles
0,394290
page_index,time_cycles
0,394976
page_index,time_cycles
0,397196
page_index,time_cycles
0,393894
page_index,time_cycles
0,393536
page_index,time_cycles
0,411008
page_index,time_cycles
0,398818
page_index,time_cycles
0,410988
page_index,time_cycles
0,388446
page_index,time_cycles
0,394940
page_index,time_cycles
0,384306
page_index,time_cycles
0,399774
page_index,time_cycles
0,384576
page_index,time_cycles
0,398460
page_index,time_cycles
0,399224
page_index,time_cycles
0,393522
page_index,time_cycles
0,385784
page_index,time_cycles
0,390366
page_index,time_cycles
0,385394
page_index,time_cycles
0,401176
page_index,time_cycles
0,392896
page_index,time_cycles
0,408060
page_index,time_cycles
0,391758
page_index,time_cycles
0,409984
page_index,time_cycles
0,397388
page_index,time_cycles
0,394902
page_index,time_cycles
0,399510
page_index,time_cycles
0,410008
page_index,time_cycles
0,394232
page_index,time_cycles
0,395046
page_index,time_cycles
0,407858
page_index,time_cycles
0,397786
page_index,time_cycles
0,384210
page_index,time_cycles
0,433416
page_index,time_cycles
0,409210
page_index,time_cycles
0,412904
page_index,time_cycles
0,427918
page_index,time_cycles
0,417534
page_index,time_cycles
0,388756
page_index,time_cycles
0,417446
page_index,time_cycles
0,419174
page_index,time_cycles
0,391166
page_index,time_cycles
0,409292
page_index,time_cycles
0,399144
page_index,time_cycles
0,429280
page_index,time_cycles
0,392026
page_index,time_cycles
0,397184
page_index,time_cycles
0,395006
page_index,time_cycles
0,391150
page_index,time_cycles
0,399000
page_index,time_cycles
0,393842
page_index,time_cycles
0,407742
page_index,time_cycles
0,399496
page_index,time_cycles
0,419286
page_index,time_cycles
0,398870
page_index,time_cycles
0,394430
page_index,time_cycles
0,423904
page_index,time_cycles
0,396506
page_index,time_cycles
0,396614
page_index,time_cycles
0,423904
page_index,time_cycles
0,400090
page_index,time_cycles
0,447094
page_index,time_cycles
0,407874
page_index,time_cycles
0,416936
page_index,time_cycles
0,386094
page_index,time_cycles
0,413694
page_index,time_cycles
0,442424
page_index,time_cycles
0,400202
page_index,time_cycles
0,478256
page_index,time_cycles
0,407898
page_index,time_cycles
0,396020
page_index,time_cycles
0,431818
page_index,time_cycles
0,409312
page_index,time_cycles
0,394420
page_index,time_cycles
0,401808
page_index,time_cycles
0,402748
page_index,time_cycles
0,406890
page_index,time_cycles
0,413776
page_index,time_cycles
0,401954
page_index,time_cycles
0,423284
page_index,time_cycles
0,401752
page_index,time_cycles
0,410018
page_index,time_cycles
0,407336
page_index,time_cycles
0,382694
page_index,time_cycles
0,402334
page_index,time_cycles
0,398718
page_index,time_cycles
0,386130
page_index,time_cycles
0,397208
page_index,time_cycles
0,400402
page_index,time_cycles
0,393658
page_index,time_cycles
0,396368
page_index,time_cycles
0,396110
page_index,time_cycles
0,396104
page_index,time_cycles
0,401850
page_index,time_cycles
0,392354
page_index,time_cycles
0,401208
page_index,time_cycles
0,402802
page_index,time_cycles
0,399642
page_index,time_cycles
0,403124
page_index,time_cycles
0,393492
page_index,time_cycles
0,399404
page_index,time_cycles
0,395146
page_index,time_cycles
0,407112
page_index,time_cycles
0,384136
page_index,time_cycles
0,394306
page_index,time_cycles
0,419572
page_index,time_cycles
0,394058
page_index,time_cycles
0,391450
page_index,time_cycles
0,395316
page_index,time_cycles
0,398114
page_index,time_cycles
0,398412
page_index,time_cycles
0,398090
page_index,time_cycles
0,393452
page_index,time_cycles
0,393684
page_index,time_cycles
0,395878
page_index,time_cycles
0,390116
page_index,time_cycles
0,385246
page_index,time_cycles
0,416664
page_index,time_cycles
0,408464
page_index,time_cycles
0,398578
page_index,time_cycles
0,398774
page_index,time_cycles
0,444792
page_index,time_cycles
0,402668
page_index,time_cycles
0,385910
page_index,time_cycles
0,390308
page_index,time_cycles
0,392348
page_index,time_cycles
0,401864
page_index,time_cycles
0,389054
page_index,time_cycles
0,402174
page_index,time_cycles
0,394402
page_index,time_cycles
0,398752
page_index,time_cycles
0,386380
page_index,time_cycles
0,406740
page_index,time_cycles
0,395550
page_index,time_cycles
0,399460
page_index,time_cycles
0,428254
page_index,time_cycles
0,418992
page_index,time_cycles
0,395814
page_index,time_cycles
0,390482
page_index,time_cycles
0,387202
page_index,time_cycles
0,402804
page_index,time_cycles
0,411724
page_index,time_cycles
0,392370
page_index,time_cycles
0,438500
page_index,time_cycles
0,384950
page_index,time_cycles
0,428466
page_index,time_cycles
0,438104
page_index,time_cycles
0,398018
page_index,time_cycles
0,415752
page_index,time_cycles
0,398932
page_index,time_cycles
0,387202
page_index,time_cycles
0,397534
page_index,time_cycles
0,398410
page_index,time_cycles
0,409360
page_index,time_cycles
0,421648
page_index,time_cycles
0,392984
page_index,time_cycles
0,400566
page_index,time_cycles
0,399186
page_index,time_cycles
0,402406
page_index,time_cycles
0,406784
page_index,time_cycles
0,389290
page_index,time_cycles
0,396700
page_index,time_cycles
0,406868
page_index,time_cycles
0,411186
page_index,time_cycles
0,405526
page_index,time_cycles
0,403378
page_index,time_cycles
0,394282
page_index,time_cycles
0,408894
page_index,time_cycles
0,391860
page_index,time_cycles
0,394384
page_index,time_cycles
0,398184
page_index,time_cycles
0,398026
page_index,time_cycles
0,391510
page_index,time_cycles
0,387700
page_index,time_cycles
0,404938
page_index,time_cycles
0,404196
page_index,time_cycles
0,413172
page_index,time_cycles
0,397170
page_index,time_cycles
0,399864
page_index,time_cycles
0,392480
page_index,time_cycles
0,393360
page_index,time_cycles
0,465740
page_index,time_cycles
0,403738
page_index,time_cycles
0,408630
page_index,time_cycles
0,385722
page_index,time_cycles
0,425586
page_index,time_cycles
0,403044
page_index,time_cycles
0,441264
page_index,time_cycles
0,425250
page_index,time_cycles
0,409334
page_index,time_cycles
0,392644
page_index,time_cycles
0,431124
page_index,time_cycles
0,445476
page_index,time_cycles
0,404178
page_index,time_cycles
0,395618
page_index,time_cycles
0,413936
page_index,time_cycles
0,390026
page_index,time_cycles
0,392922
page_index,time_cycles
0,397400
page_index,time_cycles
0,392730
page_index,time_cycles
0,406632
page_index,time_cycles
0,425278
page_index,time_cycles
0,415048
page_index,time_cycles
0,398134
page_index,time_cycles
0,391630
page_index,time_cycles
0,395852
page_index,time_cycles
0,392624
page_index,time_cycles
0,404650
page_index,time_cycles
0,397552
page_index,time_cycles
0,393242
page_index,time_cycles
0,379566
page_index,time_cycles
0,386662
page_index,time_cycles
0,394638
page_index,time_cycles
0,415372
page_index,time_cycles
0,390562
page_index,time_cycles
0,432388
page_index,time_cycles
0,402080
page_index,time_cycles
0,386584
page_index,time_cycles
0,474740
page_index,time_cycles
0,390528
page_index,time_cycles
0,385338
page_index,time_cycles
0,389644
page_index,time_cycles
0,419668
page_index,time_cycles
0,392272
page_index,time_cycles
0,447784
page_index,time_cycles
0,395898
page_index,time_cycles
0,390862
page_index,time_cycles
0,383412
page_index,time_cycles
0,392048
page_index,time_cycles
0,398008
page_index,time_cycles
0,391506
page_index,time_cycles
0,393598
page_index,time_cycles
0,390540
page_index,time_cycles
0,420904
page_index,time_cycles
0,397418
page_index,time_cycles
0,473546
page_index,time_cycles
0,397022
page_index,time_cycles
0,398338
page_index,time_cycles
0,401588
page_index,time_cycles
0,396184
page_index,time_cycles
0,389096
page_index,time_cycles
0,400132
page_index,time_cycles
0,388548
page_index,time_cycles
0,411868
page_index,time_cycles
0,435946
page_index,time_cycles
0,394080
page_index,time_cycles
0,395892
page_index,time_cycles
0,403896
page_index,time_cycles
0,386252
page_index,time_cycles
0,400280
page_index,time_cycles
0,411000
page_index,time_cycles
0,395106
page_index,time_cycles
0,395240
page_index,time_cycles
0,430210
page_index,time_cycles
0,395000
page_index,time_cycles
0,445524
page_index,time_cycles
0,420776
page_index,time_cycles
0,380754
page_index,time_cycles
0,428008
page_index,time_cycles
0,385836
page_index,time_cycles
0,397460
page_index,time_cycles
0,398864
page_index,time_cycles
0,456336
page_index,time_cycles
0,390304
page_index,time_cycles
0,390172
page_index,time_cycles
0,402332
page_index,time_cycles
0,393232
page_index,time_cycles
0,407142
page_index,time_cycles
0,391996
page_index,time_cycles
0,382306
page_index,time_cycles
0,411426
page_index,time_cycles
0,396938
page_index,time_cycles
0,399150
page_index,time_cycles
0,398668
page_index,time_cycles
0,426184
page_index,time_cycles
0,401496
page_index,time_cycles
0,400222
page_index,time_cycles
0,387178
page_index,time_cycles
0,399464
page_index,time_cycles
0,403926
page_index,time_cycles
0,400936
page_index,time_cycles
0,388670
page_index,time_cycles
0,376372
page_index,time_cycles
0,401368
page_index,time_cycles
0,388784
page_index,time_cycles
0,390352
page_index,time_cycles
0,402728
page_index,time_cycles
0,394230
page_index,time_cycles
0,404800
page_index,time_cycles
0,408404
page_index,time_cycles
0,409210
page_index,time_cycles
0,402062
page_index,time_cycles
0,393768
page_index,time_cycles
0,390138
page_index,time_cycles
0,386852
page_index,time_cycles
0,410972
page_index,time_cycles
0,392926
page_index,time_cycles
0,393626
page_index,time_cycles
0,412536
page_index,time_cycles
0,422238
page_index,time_cycles
0,395184
page_index,time_cycles
0,417134
page_index,time_cycles
0,402928
page_index,time_cycles
0,396908
page_index,time_cycles
0,397860
page_index,time_cycles
0,403222
page_index,time_cycles
0,442728
page_index,time_cycles
0,394696
page_index,time_cycles
0,399896
page_index,time_cycles
0,438572
page_index,time_cycles
0,395642
page_index,time_cycles
0,442606
page_index,time_cycles
0,397294
page_index,time_cycles
0,393040
page_index,time_cycles
0,390208
page_index,time_cycles
0,402708
page_index,time_cycles
0,390794
page_index,time_cycles
0,451060
page_index,time_cycles
0,386870
page_index,time_cycles
0,399798
page_index,time_cycles
0,410672
page_index,time_cycles
0,410442
page_index,time_cycles
0,396534
page_index,time_cycles
0,396432
page_index,time_cycles
0,414430
page_index,time_cycles
0,404320
page_index,time_cycles
0,416698
page_index,time_cycles
0,397730
page_index,time_cycles
0,388034
page_index,time_cycles
0,392896
page_index,time_cycles
0,414576
page_index,time_cycles
0,398604
page_index,time_cycles
0,425186
page_index,time_cycles
0,399134
page_index,time_cycles
0,391166
page_index,time_cycles
0,391554
page_index,time_cycles
0,456184
page_index,time_cycles
0,428074
page_index,time_cycles
0,410654
page_index,time_cycles
0,414104
page_index,time_cycles
0,401140
page_index,time_cycles
0,389926
page_index,time_cycles
0,429746
page_index,time_cycles
0,456890
page_index,time_cycles
0,398624
page_index,time_cycles
0,399910
page_index,time_cycles
0,413544
page_index,time_cycles
0,395578
page_index,time_cycles
0,432466
page_index,time_cycles
0,432042
page_index,time_cycles
0,401730
page_index,time_cycles
0,397478
page_index,time_cycles
0,397382
page_index,time_cycles
0,409008
page_index,time_cycles
0,433580
page_index,time_cycles
0,425170
page_index,time_cycles
0,386006
page_index,time_cycles
0,389520
page_index,time_cycles
0,406116
page_index,time_cycles
0,418446
page_index,time_cycles
0,388832
page_index,time_cycles
0,387710
page_index,time_cycles
0,395140
page_index,time_cycles
0,401292
page_index,time_cycles
0,417462
page_index,time_cycles
0,400506
page_index,time_cycles
0,399988
page_index,time_cycles
0,390960
page_index,time_cycles
0,394912
page_index,time_cycles
0,390198
page_index,time_cycles
0,399220
page_index,time_cycles
0,397876
page_index,time_cycles
0,412298
page_index,time_cycles
0,392684
page_index,time_cycles
0,410276
page_index,time_cycles
0,392556
page_index,time_cycles
0,408514
page_index,time_cycles
0,386038
page_index,time_cycles
0,398326
page_index,time_cycles
0,380266
page_index,time_cycles
0,656626
page_index,time_cycles
0,393550
page_index,time_cycles
0,393230
page_index,time_cycles
0,388064
page_index,time_cycles
0,391300
page_index,time_cycles
0,406150
page_index,time_cycles
0,437288
page_index,time_cycles
0,393682
page_index,time_cycles
0,465876
page_index,time_cycles
0,384928
page_index,time_cycles
0,412154
page_index,time_cycles
0,408234
page_index,time_cycles
0,399350
page_index,time_cycles
0,507196
page_index,time_cycles
0,396488
page_index,time_cycles
0,390072
page_index,time_cycles
0,412162
page_index,time_cycles
0,410882
page_index,time_cycles
0,409728
page_index,time_cycles
0,403346
page_index,time_cycles
0,394888
page_index,time_cycles
0,396082
page_index,time_cycles
0,411708
page_index,time_cycles
0,407564
page_index,time_cycles
0,404520
page_index,time_cycles
0,398758
page_index,time_cycles
0,419700
page_index,time_cycles
0,430358
page_index,time_cycles
0,385574
page_index,time_cycles
0,404590
page_index,time_cycles
0,398700
page_index,time_cycles
0,410824
page_index,time_cycles
0,434790
page_index,time_cycles
0,382282
page_index,time_cycles
0,417424
page_index,time_cycles
0,396158
page_index,time_cycles
0,395048
page_index,time_cycles
0,387900
page_index,time_cycles
0,398110
page_index,time_cycles
0,415018
page_index,time_cycles
0,393748
page_index,time_cycles
0,396322
page_index,time_cycles
0,401290
page_index,time_cycles
0,392130
page_index,time_cycles
0,396990
page_index,time_cycles
0,438326
page_index,time_cycles
0,405610
page_index,time_cycles
0,411580
page_index,time_cycles
0,391198
page_index,time_cycles
0,441388
page_index,time_cycles
0,399938
page_index,time_cycles
0,403080
page_index,time_cycles
0,503376
page_index,time_cycles
0,400230
page_index,time_cycles
0,460100
page_index,time_cycles
0,401016
page_index,time_cycles
0,395278
page_index,time_cycles
0,400204
page_index,time_cycles
0,394296
page_index,time_cycles
0,427122
page_index,time_cycles
0,550022
page_index,time_cycles
0,403522
page_index,time_cycles
0,389690
page_index,time_cycles
0,393546
page_index,time_cycles
0,387868
page_index,time_cycles
0,393136
page_index,time_cycles
0,399284
page_index,time_cycles
0,419106
page_index,time_cycles
0,406888
page_index,time_cycles
0,405078
page_index,time_cycles
0,402690
page_index,time_cycles
0,389760
page_index,time_cycles
0,385728
page_index,time_cycles
0,419994
page_index,time_cycles
0,387462
page_index,time_cycles
0,391266
page_index,time_cycles
0,403196
page_index,time_cycles
0,434936
page_index,time_cycles
0,438588
page_index,time_cycles
0,396186
page_index,time_cycles
0,395372
page_index,time_cycles
0,407184
page_index,time_cycles
0,2340538
page_index,time_cycles
0,387296
page_index,time_cycles
0,389658
page_index,time_cycles
0,388928
page_index,time_cycles
0,393612
page_index,time_cycles
0,399356
page_index,time_cycles
0,404262
page_index,time_cycles
0,402450
page_index,time_cycles
0,391442
page_index,time_cycles
0,390908
page_index,time_cycles
0,433654
page_index,time_cycles
0,387668
page_index,time_cycles
0,387306
page_index,time_cycles
0,415862
page_index,time_cycles
0,410430
page_index,time_cycles
0,391490
page_index,time_cycles
0,395372
page_index,time_cycles
0,402336
page_index,time_cycles
0,390208
page_index,time_cycles
0,411400
page_index,time_cycles
0,441636
page_index,time_cycles
0,379842
page_index,time_cycles
0,404616
page_index,time_cycles
0,387288
page_index,time_cycles
0,398958
page_index,time_cycles
0,402742
page_index,time_cycles
0,384924
page_index,time_cycles
0,392986
page_index,time_cycles
0,386032
page_index,time_cycles
0,414094
page_index,time_cycles
0,408850
page_index,time_cycles
0,403074
page_index,time_cycles
0,416146
page_index,time_cycles
0,405510
page_index,time_cycles
0,426424
page_index,time_cycles
0,446114
page_index,time_cycles
0,391192
page_index,time_cycles
0,393118
page_index,time_cycles
0,389246
page_index,time_cycles
0,395272
page_index,time_cycles
0,393076
page_index,time_cycles
0,440326
page_index,time_cycles
0,430712
page_index,time_cycles
0,401448
page_index,time_cycles
0,402178
page_index,time_cycles
0,433594
page_index,time_cycles
0,431804
page_index,time_cycles
0,387544
page_index,time_cycles
0,424166
page_index,time_cycles
0,433792
page_index,time_cycles
0,407994
page_index,time_cycles
0,471496
page_index,time_cycles
0,386808
page_index,time_cycles
0,389454
page_index,time_cycles
0,399902
page_index,time_cycles
0,391450
page_index,time_cycles
0,396342
page_index,time_cycles
0,410246
page_index,time_cycles
0,398668
page_index,time_cycles
0,408880
page_index,time_cycles
0,395798
page_index,time_cycles
0,389462
page_index,time_cycles
0,408640
page_index,time_cycles
0,384792
page_index,time_cycles
0,426168
page_index,time_cycles
0,398660
page_index,time_cycles
0,391466
page_index,time_cycles
0,397802
page_index,time_cycles
0,396300
page_index,time_cycles
0,409412
page_index,time_cycles
0,393594
page_index,time_cycles
0,396138
page_index,time_cycles
0,401428
page_index,time_cycles
0,384098
page_index,time_cycles
0,402544
page_index,time_cycles
0,393038
page_index,time_cycles
0,392738
page_index,time_cycles
0,452986
page_index,time_cycles
0,392152
page_index,time_cycles
0,396482
page_index,time_cycles
0,421310
page_index,time_cycles
0,400958
page_index,time_cycles
0,401542
page_index,time_cycles
0,432822
page_index,time_cycles
0,411632
page_index,time_cycles
0,429894
page_index,time_cycles
0,433882
page_index,time_cycles
0,392238
page_index,time_cycles
0,423512
page_index,time_cycles
0,407780
page_index,time_cycles
0,389072
page_index,time_cycles
0,398264
page_index,time_cycles
0,385160
page_index,time_cycles
0,397096
page_index,time_cycles
0,405924
page_index,time_cycles
0,394370
page_index,time_cycles
0,392224
page_index,time_cycles
0,399054
page_index,time_cycles
0,396578
page_index,time_cycles
0,400480
page_index,time_cycles
0,388760
page_index,time_cycles
0,395330
page_index,time_cycles
0,398578
page_index,time_cycles
0,424126
page_index,time_cycles
0,382934
page_index,time_cycles
0,440448
page_index,time_cycles
0,445096
page_index,time_cycles
0,410374
page_index,time_cycles
0,390200
page_index,time_cycles
0,385552
page_index,time_cycles
0,395650
page_index,time_cycles
0,426774
page_index,time_cycles
0,389990
page_index,time_cycles
0,399756
page_index,time_cycles
0,396286
page_index,time_cycles
0,396054
page_index,time_cycles
0,400004
page_index,time_cycles
0,411032
page_index,time_cycles
0,391540
page_index,time_cycles
0,446354
page_index,time_cycles
0,385546
page_index,time_cycles
0,388052
page_index,time_cycles
0,395504
page_index,time_cycles
0,399174
page_index,time_cycles
0,400028
page_index,time_cycles
0,414592
page_index,time_cycles
0,393614
page_index,time_cycles
0,406106
page_index,time_cycles
0,428642
page_index,time_cycles
0,396898
page_index,time_cycles
0,386044
page_index,time_cycles
0,428532
page_index,time_cycles
0,435522
page_index,time_cycles
0,392106
SUMMARY,COUNT=10000,MEAN=407537.07,STD=100340.71
