page_index,time_cycles
0,671196
page_index,time_cycles
0,1616990
page_index,time_cycles
0,1024366
page_index,time_cycles
0,1145098
page_index,time_cycles
0,788104
page_index,time_cycles
0,1893122
page_index,time_cycles
0,1592630
page_index,time_cycles
0,2488658
page_index,time_cycles
0,1048006
page_index,time_cycles
0,2097492
page_index,time_cycles
0,831268
page_index,time_cycles
0,1890018
page_index,time_cycles
0,1141462
page_index,time_cycles
0,833878
page_index,time_cycles
0,2449290
page_index,time_cycles
0,945710
page_index,time_cycles
0,2141432
page_index,time_cycles
0,2865366
page_index,time_cycles
0,1326122
page_index,time_cycles
0,1155470
page_index,time_cycles
0,1195882
page_index,time_cycles
0,2048392
page_index,time_cycles
0,2140878
page_index,time_cycles
0,1107664
page_index,time_cycles
0,1811334
page_index,time_cycles
0,782800
page_index,time_cycles
0,1403974
page_index,time_cycles
0,1237156
page_index,time_cycles
0,1364378
page_index,time_cycles
0,691788
page_index,time_cycles
0,912260
page_index,time_cycles
0,2464680
page_index,time_cycles
0,2096254
page_index,time_cycles
0,1283396
page_index,time_cycles
0,1550036
page_index,time_cycles
0,2192122
page_index,time_cycles
0,2029078
page_index,time_cycles
0,958140
page_index,time_cycles
0,1293570
page_index,time_cycles
0,2063952
page_index,time_cycles
0,708176
page_index,time_cycles
0,1722346
page_index,time_cycles
0,2128660
page_index,time_cycles
0,2136080
page_index,time_cycles
0,1324258
page_index,time_cycles
0,980572
page_index,time_cycles
0,2286652
page_index,time_cycles
0,1324320
page_index,time_cycles
0,2145536
page_index,time_cycles
0,1191224
page_index,time_cycles
0,1112200
page_index,time_cycles
0,1016894
page_index,time_cycles
0,1845470
page_index,time_cycles
0,1307298
page_index,time_cycles
0,9430276
page_index,time_cycles
0,618462
page_index,time_cycles
0,2770952
page_index,time_cycles
0,1977292
page_index,time_cycles
0,1567184
page_index,time_cycles
0,1606248
page_index,time_cycles
0,1780206
page_index,time_cycles
0,1296480
page_index,time_cycles
0,1611480
page_index,time_cycles
0,2247698
page_index,time_cycles
0,1833786
page_index,time_cycles
0,2637262
page_index,time_cycles
0,2623746
page_index,time_cycles
0,2913164
page_index,time_cycles
0,1795108
page_index,time_cycles
0,1223782
page_index,time_cycles
0,2010870
page_index,time_cycles
0,2192874
page_index,time_cycles
0,774986
page_index,time_cycles
0,1247814
page_index,time_cycles
0,1839386
page_index,time_cycles
0,709132
page_index,time_cycles
0,2335010
page_index,time_cycles
0,1815026
page_index,time_cycles
0,2733026
page_index,time_cycles
0,1013936
page_index,time_cycles
0,2597294
page_index,time_cycles
0,1944244
page_index,time_cycles
0,2010466
page_index,time_cycles
0,1715714
page_index,time_cycles
0,2085880
page_index,time_cycles
0,1746344
page_index,time_cycles
0,2262072
page_index,time_cycles
0,1301878
page_index,time_cycles
0,2973558
page_index,time_cycles
0,2750784
page_index,time_cycles
0,2362692
page_index,time_cycles
0,689556
page_index,time_cycles
0,1675202
page_index,time_cycles
0,610708
page_index,time_cycles
0,2830534
page_index,time_cycles
0,1781276
page_index,time_cycles
0,2550288
page_index,time_cycles
0,2079852
page_index,time_cycles
0,3547950
page_index,time_cycles
0,1986572
page_index,time_cycles
0,685176
page_index,time_cycles
0,1656818
page_index,time_cycles
0,2195220
page_index,time_cycles
0,1349978
page_index,time_cycles
0,1786782
page_index,time_cycles
0,1380950
page_index,time_cycles
0,1852632
page_index,time_cycles
0,1526204
page_index,time_cycles
0,1517574
page_index,time_cycles
0,840534
page_index,time_cycles
0,3417940
page_index,time_cycles
0,1365754
page_index,time_cycles
0,1940636
page_index,time_cycles
0,2123944
page_index,time_cycles
0,2005040
page_index,time_cycles
0,1875832
page_index,time_cycles
0,3529056
page_index,time_cycles
0,2244248
page_index,time_cycles
0,2115878
page_index,time_cycles
0,2408470
page_index,time_cycles
0,1709602
page_index,time_cycles
0,2307958
page_index,time_cycles
0,1773538
page_index,time_cycles
0,1643530
page_index,time_cycles
0,2547094
page_index,time_cycles
0,2115328
page_index,time_cycles
0,1789866
page_index,time_cycles
0,2466668
page_index,time_cycles
0,2504214
page_index,time_cycles
0,721064
page_index,time_cycles
0,1866106
page_index,time_cycles
0,1930114
page_index,time_cycles
0,1819612
page_index,time_cycles
0,674608
page_index,time_cycles
0,3081998
page_index,time_cycles
0,1358194
page_index,time_cycles
0,779182
page_index,time_cycles
0,1553864
page_index,time_cycles
0,1187348
page_index,time_cycles
0,1988484
page_index,time_cycles
0,1681000
page_index,time_cycles
0,1504278
page_index,time_cycles
0,1747576
page_index,time_cycles
0,2306632
page_index,time_cycles
0,1753752
page_index,time_cycles
0,1663960
page_index,time_cycles
0,778422
page_index,time_cycles
0,1373602
page_index,time_cycles
0,2345948
page_index,time_cycles
0,1765008
page_index,time_cycles
0,1812752
page_index,time_cycles
0,2353916
page_index,time_cycles
0,1335102
page_index,time_cycles
0,1013332
page_index,time_cycles
0,2580356
page_index,time_cycles
0,998568
page_index,time_cycles
0,1178790
page_index,time_cycles
0,2065034
page_index,time_cycles
0,1830610
page_index,time_cycles
0,804048
page_index,time_cycles
0,2386734
page_index,time_cycles
0,837266
page_index,time_cycles
0,1638106
page_index,time_cycles
0,2632296
page_index,time_cycles
0,1237908
page_index,time_cycles
0,4514534
page_index,time_cycles
0,1423834
page_index,time_cycles
0,1222724
page_index,time_cycles
0,1823944
page_index,time_cycles
0,1204084
page_index,time_cycles
0,2054142
page_index,time_cycles
0,2686740
page_index,time_cycles
0,766274
page_index,time_cycles
0,1953614
page_index,time_cycles
0,2062428
page_index,time_cycles
0,745626
page_index,time_cycles
0,1697080
page_index,time_cycles
0,1405796
page_index,time_cycles
0,810802
page_index,time_cycles
0,2221188
page_index,time_cycles
0,1042048
page_index,time_cycles
0,1638758
page_index,time_cycles
0,705946
page_index,time_cycles
0,2014360
page_index,time_cycles
0,1539896
page_index,time_cycles
0,839414
page_index,time_cycles
0,1961606
page_index,time_cycles
0,1558120
page_index,time_cycles
0,2024102
page_index,time_cycles
0,1627250
page_index,time_cycles
0,862368
page_index,time_cycles
0,1336850
page_index,time_cycles
0,651970
page_index,time_cycles
0,1663592
page_index,time_cycles
0,607256
page_index,time_cycles
0,1039728
page_index,time_cycles
0,2196410
page_index,time_cycles
0,1469662
page_index,time_cycles
0,1263314
page_index,time_cycles
0,2203420
page_index,time_cycles
0,730060
page_index,time_cycles
0,1453896
page_index,time_cycles
0,896590
page_index,time_cycles
0,727052
page_index,time_cycles
0,1959682
page_index,time_cycles
0,2979674
page_index,time_cycles
0,1486246
page_index,time_cycles
0,2991990
page_index,time_cycles
0,1795712
page_index,time_cycles
0,1543526
page_index,time_cycles
0,916894
page_index,time_cycles
0,1479106
page_index,time_cycles
0,1598604
page_index,time_cycles
0,921874
page_index,time_cycles
0,1373466
page_index,time_cycles
0,2088274
page_index,time_cycles
0,813116
page_index,time_cycles
0,1846878
page_index,time_cycles
0,2681786
page_index,time_cycles
0,4564516
page_index,time_cycles
0,2371972
page_index,time_cycles
0,2007860
page_index,time_cycles
0,904446
page_index,time_cycles
0,848788
page_index,time_cycles
0,2111730
page_index,time_cycles
0,1442550
page_index,time_cycles
0,1534842
page_index,time_cycles
0,776602
page_index,time_cycles
0,2481850
page_index,time_cycles
0,1523062
page_index,time_cycles
0,709806
page_index,time_cycles
0,2145580
page_index,time_cycles
0,1138040
page_index,time_cycles
0,931838
page_index,time_cycles
0,2133634
page_index,time_cycles
0,612328
page_index,time_cycles
0,1058976
page_index,time_cycles
0,745000
page_index,time_cycles
0,2194154
page_index,time_cycles
0,1822462
page_index,time_cycles
0,1551026
page_index,time_cycles
0,2505512
page_index,time_cycles
0,1366860
page_index,time_cycles
0,2100382
page_index,time_cycles
0,1970620
page_index,time_cycles
0,1450638
page_index,time_cycles
0,710176
page_index,time_cycles
0,1243320
page_index,time_cycles
0,1563808
page_index,time_cycles
0,1133212
page_index,time_cycles
0,1280608
page_index,time_cycles
0,815536
page_index,time_cycles
0,1408314
page_index,time_cycles
0,1331822
page_index,time_cycles
0,1760790
page_index,time_cycles
0,2245944
page_index,time_cycles
0,1209558
page_index,time_cycles
0,1884342
page_index,time_cycles
0,1857646
page_index,time_cycles
0,903532
page_index,time_cycles
0,793272
page_index,time_cycles
0,1446796
page_index,time_cycles
0,2075984
page_index,time_cycles
0,1705964
page_index,time_cycles
0,1367380
page_index,time_cycles
0,1726770
page_index,time_cycles
0,2054012
page_index,time_cycles
0,1943188
page_index,time_cycles
0,631982
page_index,time_cycles
0,724366
page_index,time_cycles
0,2899356
page_index,time_cycles
0,1203710
page_index,time_cycles
0,1345794
page_index,time_cycles
0,903524
page_index,time_cycles
0,2681678
page_index,time_cycles
0,3166368
page_index,time_cycles
0,2577504
page_index,time_cycles
0,1549738
page_index,time_cycles
0,1619024
page_index,time_cycles
0,843564
page_index,time_cycles
0,1385652
page_index,time_cycles
0,702372
page_index,time_cycles
0,4377400
page_index,time_cycles
0,1980362
page_index,time_cycles
0,2291444
page_index,time_cycles
0,1601438
page_index,time_cycles
0,3110894
page_index,time_cycles
0,1883762
page_index,time_cycles
0,2698048
page_index,time_cycles
0,1471732
page_index,time_cycles
0,2477406
page_index,time_cycles
0,1629278
page_index,time_cycles
0,1104436
page_index,time_cycles
0,1034724
page_index,time_cycles
0,2952598
page_index,time_cycles
0,1648682
page_index,time_cycles
0,1308970
page_index,time_cycles
0,2731454
page_index,time_cycles
0,2068912
page_index,time_cycles
0,1908576
page_index,time_cycles
0,1308930
page_index,time_cycles
0,1887672
page_index,time_cycles
0,881928
page_index,time_cycles
0,1982624
page_index,time_cycles
0,1009214
page_index,time_cycles
0,2121688
page_index,time_cycles
0,1449296
page_index,time_cycles
0,2132458
page_index,time_cycles
0,1752896
page_index,time_cycles
0,888404
page_index,time_cycles
0,1434642
page_index,time_cycles
0,2685526
page_index,time_cycles
0,876082
page_index,time_cycles
0,2301262
page_index,time_cycles
0,2929114
page_index,time_cycles
0,1959758
page_index,time_cycles
0,1762686
page_index,time_cycles
0,1367866
page_index,time_cycles
0,1603776
page_index,time_cycles
0,635644
page_index,time_cycles
0,1026408
page_index,time_cycles
0,828540
page_index,time_cycles
0,1630956
page_index,time_cycles
0,1679764
page_index,time_cycles
0,1201820
page_index,time_cycles
0,606276
page_index,time_cycles
0,1597566
page_index,time_cycles
0,1663762
page_index,time_cycles
0,2015666
page_index,time_cycles
0,794894
page_index,time_cycles
0,1875684
page_index,time_cycles
0,1511934
page_index,time_cycles
0,1366708
page_index,time_cycles
0,1560964
page_index,time_cycles
0,2036952
page_index,time_cycles
0,708658
page_index,time_cycles
0,1116388
page_index,time_cycles
0,2008320
page_index,time_cycles
0,1932744
page_index,time_cycles
0,2182758
page_index,time_cycles
0,2851908
page_index,time_cycles
0,1629796
page_index,time_cycles
0,858338
page_index,time_cycles
0,2517666
page_index,time_cycles
0,764464
page_index,time_cycles
0,1081090
page_index,time_cycles
0,783036
page_index,time_cycles
0,2254022
page_index,time_cycles
0,753706
page_index,time_cycles
0,1761716
page_index,time_cycles
0,2329824
page_index,time_cycles
0,831094
page_index,time_cycles
0,1577264
page_index,time_cycles
0,1339426
page_index,time_cycles
0,1980494
page_index,time_cycles
0,1423638
page_index,time_cycles
0,669844
page_index,time_cycles
0,1092428
page_index,time_cycles
0,906226
page_index,time_cycles
0,2627128
page_index,time_cycles
0,2553452
page_index,time_cycles
0,1605292
page_index,time_cycles
0,1999366
page_index,time_cycles
0,2936622
page_index,time_cycles
0,1796672
page_index,time_cycles
0,2718538
page_index,time_cycles
0,1001824
page_index,time_cycles
0,1613744
page_index,time_cycles
0,1755726
page_index,time_cycles
0,1766764
page_index,time_cycles
0,1384726
page_index,time_cycles
0,709550
page_index,time_cycles
0,1154424
page_index,time_cycles
0,1807594
page_index,time_cycles
0,2102110
page_index,time_cycles
0,1940192
page_index,time_cycles
0,2117150
page_index,time_cycles
0,1168136
page_index,time_cycles
0,1424782
page_index,time_cycles
0,1365272
page_index,time_cycles
0,915264
page_index,time_cycles
0,874946
page_index,time_cycles
0,866378
page_index,time_cycles
0,1213402
page_index,time_cycles
0,2725582
page_index,time_cycles
0,643196
page_index,time_cycles
0,1994630
page_index,time_cycles
0,796504
page_index,time_cycles
0,2297944
page_index,time_cycles
0,1039482
page_index,time_cycles
0,1895134
page_index,time_cycles
0,1414980
page_index,time_cycles
0,1039550
page_index,time_cycles
0,1702868
page_index,time_cycles
0,2018628
page_index,time_cycles
0,1041950
page_index,time_cycles
0,1788744
page_index,time_cycles
0,1803028
page_index,time_cycles
0,946146
page_index,time_cycles
0,1170106
page_index,time_cycles
0,698192
page_index,time_cycles
0,887334
page_index,time_cycles
0,760306
page_index,time_cycles
0,1221106
page_index,time_cycles
0,1463118
page_index,time_cycles
0,781832
page_index,time_cycles
0,2131254
page_index,time_cycles
0,2232282
page_index,time_cycles
0,1822558
page_index,time_cycles
0,1766076
page_index,time_cycles
0,2007370
page_index,time_cycles
0,2662774
page_index,time_cycles
0,1185038
page_index,time_cycles
0,1036774
page_index,time_cycles
0,2292472
page_index,time_cycles
0,2756878
page_index,time_cycles
0,2344548
page_index,time_cycles
0,1698366
page_index,time_cycles
0,1939426
page_index,time_cycles
0,2514870
page_index,time_cycles
0,1546040
page_index,time_cycles
0,1908396
page_index,time_cycles
0,828266
page_index,time_cycles
0,1436630
page_index,time_cycles
0,3250972
page_index,time_cycles
0,2068724
page_index,time_cycles
0,1097798
page_index,time_cycles
0,1360348
page_index,time_cycles
0,1686688
page_index,time_cycles
0,1991734
page_index,time_cycles
0,2630988
page_index,time_cycles
0,1561724
page_index,time_cycles
0,1954588
page_index,time_cycles
0,3745520
page_index,time_cycles
0,1070034
page_index,time_cycles
0,1154614
page_index,time_cycles
0,1782394
page_index,time_cycles
0,1357264
page_index,time_cycles
0,1659434
page_index,time_cycles
0,2179700
page_index,time_cycles
0,1614814
page_index,time_cycles
0,646414
page_index,time_cycles
0,3130106
page_index,time_cycles
0,1918162
page_index,time_cycles
0,3412606
page_index,time_cycles
0,1675818
page_index,time_cycles
0,1943572
page_index,time_cycles
0,2141904
page_index,time_cycles
0,699664
page_index,time_cycles
0,2672550
page_index,time_cycles
0,1412212
page_index,time_cycles
0,2376350
page_index,time_cycles
0,1871782
page_index,time_cycles
0,2070192
page_index,time_cycles
0,937474
page_index,time_cycles
0,1893076
page_index,time_cycles
0,1986188
page_index,time_cycles
0,2073278
page_index,time_cycles
0,1650908
page_index,time_cycles
0,2633106
page_index,time_cycles
0,1634974
page_index,time_cycles
0,1517878
page_index,time_cycles
0,1462074
page_index,time_cycles
0,947778
page_index,time_cycles
0,1628090
page_index,time_cycles
0,1919992
page_index,time_cycles
0,2017728
page_index,time_cycles
0,1891440
page_index,time_cycles
0,773958
page_index,time_cycles
0,1694090
page_index,time_cycles
0,1127772
page_index,time_cycles
0,3325578
page_index,time_cycles
0,1849754
page_index,time_cycles
0,2362794
page_index,time_cycles
0,1603670
page_index,time_cycles
0,1151716
page_index,time_cycles
0,3502434
page_index,time_cycles
0,2063116
page_index,time_cycles
0,2569656
page_index,time_cycles
0,2458868
page_index,time_cycles
0,732584
page_index,time_cycles
0,1623404
page_index,time_cycles
0,1812706
page_index,time_cycles
0,971196
page_index,time_cycles
0,1587252
page_index,time_cycles
0,2035574
page_index,time_cycles
0,2965938
page_index,time_cycles
0,1732864
page_index,time_cycles
0,1966640
page_index,time_cycles
0,845114
page_index,time_cycles
0,2449840
page_index,time_cycles
0,2743258
page_index,time_cycles
0,2031984
page_index,time_cycles
0,1220190
page_index,time_cycles
0,2048992
page_index,time_cycles
0,737628
page_index,time_cycles
0,2552958
page_index,time_cycles
0,1722118
page_index,time_cycles
0,910384
page_index,time_cycles
0,1484710
page_index,time_cycles
0,2494760
page_index,time_cycles
0,1982886
page_index,time_cycles
0,1658544
page_index,time_cycles
0,847996
page_index,time_cycles
0,2497900
page_index,time_cycles
0,2498064
page_index,time_cycles
0,2788168
page_index,time_cycles
0,767104
page_index,time_cycles
0,2811226
page_index,time_cycles
0,1593360
page_index,time_cycles
0,978536
page_index,time_cycles
0,1067496
page_index,time_cycles
0,1570700
page_index,time_cycles
0,861990
page_index,time_cycles
0,2544538
page_index,time_cycles
0,1559622
page_index,time_cycles
0,1690740
page_index,time_cycles
0,700646
page_index,time_cycles
0,2174470
page_index,time_cycles
0,1859584
page_index,time_cycles
0,1969098
page_index,time_cycles
0,1775948
page_index,time_cycles
0,761690
page_index,time_cycles
0,1762000
page_index,time_cycles
0,787360
page_index,time_cycles
0,2719400
page_index,time_cycles
0,2088970
page_index,time_cycles
0,1386828
page_index,time_cycles
0,1716692
page_index,time_cycles
0,2134702
page_index,time_cycles
0,1247146
page_index,time_cycles
0,2677846
page_index,time_cycles
0,2158668
page_index,time_cycles
0,2184160
page_index,time_cycles
0,2263776
page_index,time_cycles
0,1717980
page_index,time_cycles
0,799114
page_index,time_cycles
0,2262178
page_index,time_cycles
0,1838448
page_index,time_cycles
0,1763414
page_index,time_cycles
0,762554
page_index,time_cycles
0,1851912
page_index,time_cycles
0,1884182
page_index,time_cycles
0,2407142
page_index,time_cycles
0,1207072
page_index,time_cycles
0,650098
page_index,time_cycles
0,1777414
page_index,time_cycles
0,1168590
page_index,time_cycles
0,2308328
page_index,time_cycles
0,2238410
page_index,time_cycles
0,1188446
page_index,time_cycles
0,1478470
page_index,time_cycles
0,1817984
page_index,time_cycles
0,1278908
page_index,time_cycles
0,708724
page_index,time_cycles
0,2450476
page_index,time_cycles
0,1628064
page_index,time_cycles
0,2262354
page_index,time_cycles
0,1460624
page_index,time_cycles
0,2390084
page_index,time_cycles
0,2643928
page_index,time_cycles
0,1125050
page_index,time_cycles
0,2405752
page_index,time_cycles
0,1177556
page_index,time_cycles
0,856800
page_index,time_cycles
0,746972
page_index,time_cycles
0,882296
page_index,time_cycles
0,3542826
page_index,time_cycles
0,3068048
page_index,time_cycles
0,2006440
page_index,time_cycles
0,968540
page_index,time_cycles
0,3672862
page_index,time_cycles
0,2354780
page_index,time_cycles
0,862986
page_index,time_cycles
0,1411230
page_index,time_cycles
0,1671794
page_index,time_cycles
0,2010528
page_index,time_cycles
0,1881526
page_index,time_cycles
0,1595232
page_index,time_cycles
0,1483814
page_index,time_cycles
0,2334230
page_index,time_cycles
0,1673136
page_index,time_cycles
0,1887880
page_index,time_cycles
0,1944610
page_index,time_cycles
0,2975422
page_index,time_cycles
0,1283382
page_index,time_cycles
0,1933528
page_index,time_cycles
0,2150178
page_index,time_cycles
0,1928528
page_index,time_cycles
0,2286774
page_index,time_cycles
0,859212
page_index,time_cycles
0,2547720
page_index,time_cycles
0,1815128
page_index,time_cycles
0,1285942
page_index,time_cycles
0,2528442
page_index,time_cycles
0,734810
page_index,time_cycles
0,1371876
page_index,time_cycles
0,1313736
page_index,time_cycles
0,1601498
page_index,time_cycles
0,1562196
page_index,time_cycles
0,2190060
page_index,time_cycles
0,871316
page_index,time_cycles
0,1079876
page_index,time_cycles
0,1424548
page_index,time_cycles
0,5122422
page_index,time_cycles
0,1506862
page_index,time_cycles
0,3040968
page_index,time_cycles
0,946866
page_index,time_cycles
0,3375466
page_index,time_cycles
0,738772
page_index,time_cycles
0,2527832
page_index,time_cycles
0,3384666
page_index,time_cycles
0,2001590
page_index,time_cycles
0,1936346
page_index,time_cycles
0,1531184
page_index,time_cycles
0,1958510
page_index,time_cycles
0,1622862
page_index,time_cycles
0,1627962
page_index,time_cycles
0,1953138
page_index,time_cycles
0,1599800
page_index,time_cycles
0,2004010
page_index,time_cycles
0,2091880
page_index,time_cycles
0,874690
page_index,time_cycles
0,2247582
page_index,time_cycles
0,656570
page_index,time_cycles
0,821206
page_index,time_cycles
0,1907316
page_index,time_cycles
0,1527428
page_index,time_cycles
0,2105046
page_index,time_cycles
0,2731590
page_index,time_cycles
0,1910302
page_index,time_cycles
0,925250
page_index,time_cycles
0,1617036
page_index,time_cycles
0,3574608
page_index,time_cycles
0,2709712
page_index,time_cycles
0,2085248
page_index,time_cycles
0,752990
page_index,time_cycles
0,1528008
page_index,time_cycles
0,1127042
page_index,time_cycles
0,2599672
page_index,time_cycles
0,2101914
page_index,time_cycles
0,2385118
page_index,time_cycles
0,1038530
page_index,time_cycles
0,1268682
page_index,time_cycles
0,637114
page_index,time_cycles
0,2850118
page_index,time_cycles
0,1754772
page_index,time_cycles
0,1627152
page_index,time_cycles
0,1347990
page_index,time_cycles
0,1322158
page_index,time_cycles
0,1459474
page_index,time_cycles
0,1698290
page_index,time_cycles
0,637558
page_index,time_cycles
0,1642600
page_index,time_cycles
0,2251432
page_index,time_cycles
0,746190
page_index,time_cycles
0,919112
page_index,time_cycles
0,1099784
page_index,time_cycles
0,2071382
page_index,time_cycles
0,1718650
page_index,time_cycles
0,1902744
page_index,time_cycles
0,2170904
page_index,time_cycles
0,1321046
page_index,time_cycles
0,2255674
page_index,time_cycles
0,1516508
page_index,time_cycles
0,752294
page_index,time_cycles
0,804846
page_index,time_cycles
0,1530178
page_index,time_cycles
0,2894438
page_index,time_cycles
0,1838916
page_index,time_cycles
0,1236154
page_index,time_cycles
0,2419340
page_index,time_cycles
0,1092930
page_index,time_cycles
0,2311288
page_index,time_cycles
0,811778
page_index,time_cycles
0,673376
page_index,time_cycles
0,1669012
page_index,time_cycles
0,1883432
page_index,time_cycles
0,1675800
page_index,time_cycles
0,1588136
page_index,time_cycles
0,1847440
page_index,time_cycles
0,853818
page_index,time_cycles
0,1462470
page_index,time_cycles
0,1491440
page_index,time_cycles
0,1375664
page_index,time_cycles
0,2292198
page_index,time_cycles
0,2635376
page_index,time_cycles
0,696000
page_index,time_cycles
0,2078090
page_index,time_cycles
0,1206034
page_index,time_cycles
0,1344322
page_index,time_cycles
0,1713486
page_index,time_cycles
0,710236
page_index,time_cycles
0,1599678
page_index,time_cycles
0,2046496
page_index,time_cycles
0,984654
page_index,time_cycles
0,2006792
page_index,time_cycles
0,1697338
page_index,time_cycles
0,2289658
page_index,time_cycles
0,817642
page_index,time_cycles
0,2484014
page_index,time_cycles
0,2155614
page_index,time_cycles
0,1642292
page_index,time_cycles
0,607978
page_index,time_cycles
0,720602
page_index,time_cycles
0,1205746
page_index,time_cycles
0,1265292
page_index,time_cycles
0,2817470
page_index,time_cycles
0,847118
page_index,time_cycles
0,1295944
page_index,time_cycles
0,1318884
page_index,time_cycles
0,1258032
page_index,time_cycles
0,1343092
page_index,time_cycles
0,646190
page_index,time_cycles
0,1564462
page_index,time_cycles
0,858140
page_index,time_cycles
0,811660
page_index,time_cycles
0,1151306
page_index,time_cycles
0,1822120
page_index,time_cycles
0,1454224
page_index,time_cycles
0,1978784
page_index,time_cycles
0,718246
page_index,time_cycles
0,2692128
page_index,time_cycles
0,708876
page_index,time_cycles
0,1496090
page_index,time_cycles
0,2304472
page_index,time_cycles
0,1500176
page_index,time_cycles
0,1951748
page_index,time_cycles
0,1572566
page_index,time_cycles
0,1709458
page_index,time_cycles
0,2097838
page_index,time_cycles
0,2177132
page_index,time_cycles
0,2325408
page_index,time_cycles
0,1175104
page_index,time_cycles
0,918726
page_index,time_cycles
0,2814840
page_index,time_cycles
0,1237222
page_index,time_cycles
0,3221044
page_index,time_cycles
0,2065540
page_index,time_cycles
0,1347800
page_index,time_cycles
0,1871534
page_index,time_cycles
0,1555418
page_index,time_cycles
0,1545310
page_index,time_cycles
0,1263186
page_index,time_cycles
0,1496720
page_index,time_cycles
0,1690738
page_index,time_cycles
0,922824
page_index,time_cycles
0,1381362
page_index,time_cycles
0,3281844
page_index,time_cycles
0,1217958
page_index,time_cycles
0,1777324
page_index,time_cycles
0,1977714
page_index,time_cycles
0,1245600
page_index,time_cycles
0,1289800
page_index,time_cycles
0,2637332
page_index,time_cycles
0,1657124
page_index,time_cycles
0,2310970
page_index,time_cycles
0,3413394
page_index,time_cycles
0,638804
page_index,time_cycles
0,1752066
page_index,time_cycles
0,2580900
page_index,time_cycles
0,2760126
page_index,time_cycles
0,1526396
page_index,time_cycles
0,635140
page_index,time_cycles
0,2806852
page_index,time_cycles
0,1742762
page_index,time_cycles
0,1493650
page_index,time_cycles
0,1694930
page_index,time_cycles
0,1570638
page_index,time_cycles
0,2034766
page_index,time_cycles
0,3167872
page_index,time_cycles
0,822560
page_index,time_cycles
0,1229302
page_index,time_cycles
0,2367240
page_index,time_cycles
0,680434
page_index,time_cycles
0,1094464
page_index,time_cycles
0,1249806
page_index,time_cycles
0,2136042
page_index,time_cycles
0,2292102
page_index,time_cycles
0,1978540
page_index,time_cycles
0,2531142
page_index,time_cycles
0,3337670
page_index,time_cycles
0,2982184
page_index,time_cycles
0,780564
page_index,time_cycles
0,762648
page_index,time_cycles
0,721150
page_index,time_cycles
0,3499312
page_index,time_cycles
0,1862974
page_index,time_cycles
0,1318082
page_index,time_cycles
0,2437900
page_index,time_cycles
0,2913950
page_index,time_cycles
0,2563350
page_index,time_cycles
0,2717954
page_index,time_cycles
0,2173360
page_index,time_cycles
0,2109152
page_index,time_cycles
0,2442300
page_index,time_cycles
0,961010
page_index,time_cycles
0,1787918
page_index,time_cycles
0,2086762
page_index,time_cycles
0,1189132
page_index,time_cycles
0,2308836
page_index,time_cycles
0,707986
page_index,time_cycles
0,776130
page_index,time_cycles
0,972386
page_index,time_cycles
0,1581992
page_index,time_cycles
0,1811484
page_index,time_cycles
0,735728
page_index,time_cycles
0,748002
page_index,time_cycles
0,1339314
page_index,time_cycles
0,947440
page_index,time_cycles
0,973508
page_index,time_cycles
0,2096108
page_index,time_cycles
0,747904
page_index,time_cycles
0,2774940
page_index,time_cycles
0,1869832
page_index,time_cycles
0,2877102
page_index,time_cycles
0,2337030
page_index,time_cycles
0,1298020
page_index,time_cycles
0,1379754
page_index,time_cycles
0,744974
page_index,time_cycles
0,722402
page_index,time_cycles
0,1576188
page_index,time_cycles
0,1750548
page_index,time_cycles
0,2294078
page_index,time_cycles
0,3473786
page_index,time_cycles
0,2223126
page_index,time_cycles
0,1905490
page_index,time_cycles
0,679364
page_index,time_cycles
0,2081760
page_index,time_cycles
0,1200332
page_index,time_cycles
0,937450
page_index,time_cycles
0,1786988
page_index,time_cycles
0,1501006
page_index,time_cycles
0,1580202
page_index,time_cycles
0,2733436
page_index,time_cycles
0,900836
page_index,time_cycles
0,767186
page_index,time_cycles
0,1231810
page_index,time_cycles
0,1943258
page_index,time_cycles
0,1486406
page_index,time_cycles
0,1717624
page_index,time_cycles
0,2378736
page_index,time_cycles
0,1982386
page_index,time_cycles
0,1320554
page_index,time_cycles
0,2028554
page_index,time_cycles
0,781528
page_index,time_cycles
0,2473622
page_index,time_cycles
0,2368408
page_index,time_cycles
0,1911812
page_index,time_cycles
0,1104896
page_index,time_cycles
0,2043130
page_index,time_cycles
0,1565102
page_index,time_cycles
0,1326444
page_index,time_cycles
0,2283534
page_index,time_cycles
0,817054
page_index,time_cycles
0,723060
page_index,time_cycles
0,1158170
page_index,time_cycles
0,1202632
page_index,time_cycles
0,2158002
page_index,time_cycles
0,1427802
page_index,time_cycles
0,1761412
page_index,time_cycles
0,1057504
page_index,time_cycles
0,775552
page_index,time_cycles
0,1334652
page_index,time_cycles
0,1878278
page_index,time_cycles
0,896848
page_index,time_cycles
0,2891478
page_index,time_cycles
0,830752
page_index,time_cycles
0,1310258
page_index,time_cycles
0,953726
page_index,time_cycles
0,1845602
page_index,time_cycles
0,2160556
page_index,time_cycles
0,1837872
page_index,time_cycles
0,2312420
page_index,time_cycles
0,1968736
page_index,time_cycles
0,1141626
page_index,time_cycles
0,1264030
page_index,time_cycles
0,2139834
page_index,time_cycles
0,1358706
page_index,time_cycles
0,1848242
page_index,time_cycles
0,1159964
page_index,time_cycles
0,2327802
page_index,time_cycles
0,2239498
page_index,time_cycles
0,1175088
page_index,time_cycles
0,2441582
page_index,time_cycles
0,825002
page_index,time_cycles
0,1546602
page_index,time_cycles
0,3984162
page_index,time_cycles
0,2210068
page_index,time_cycles
0,921806
page_index,time_cycles
0,2076684
page_index,time_cycles
0,1136156
page_index,time_cycles
0,2143322
page_index,time_cycles
0,841160
page_index,time_cycles
0,917434
page_index,time_cycles
0,2274628
page_index,time_cycles
0,1790678
page_index,time_cycles
0,1286930
page_index,time_cycles
0,2156828
page_index,time_cycles
0,809724
page_index,time_cycles
0,2418084
page_index,time_cycles
0,2082732
page_index,time_cycles
0,666170
page_index,time_cycles
0,2141254
page_index,time_cycles
0,1442172
page_index,time_cycles
0,1535850
page_index,time_cycles
0,2121940
page_index,time_cycles
0,2287482
page_index,time_cycles
0,2460376
page_index,time_cycles
0,1042276
page_index,time_cycles
0,2276820
page_index,time_cycles
0,2052956
page_index,time_cycles
0,1023066
page_index,time_cycles
0,1579104
page_index,time_cycles
0,2727202
page_index,time_cycles
0,738660
page_index,time_cycles
0,998174
page_index,time_cycles
0,1657112
page_index,time_cycles
0,1264598
page_index,time_cycles
0,1259056
page_index,time_cycles
0,2752484
page_index,time_cycles
0,1818332
page_index,time_cycles
0,1448230
page_index,time_cycles
0,877584
page_index,time_cycles
0,2720134
page_index,time_cycles
0,1406006
page_index,time_cycles
0,1798422
page_index,time_cycles
0,2400124
page_index,time_cycles
0,1344300
page_index,time_cycles
0,1863804
page_index,time_cycles
0,1509972
page_index,time_cycles
0,1106452
page_index,time_cycles
0,969512
page_index,time_cycles
0,1118096
page_index,time_cycles
0,1184996
page_index,time_cycles
0,655424
page_index,time_cycles
0,1794496
page_index,time_cycles
0,1150450
page_index,time_cycles
0,2435466
page_index,time_cycles
0,1831588
page_index,time_cycles
0,686230
page_index,time_cycles
0,1129546
page_index,time_cycles
0,839864
page_index,time_cycles
0,2036424
page_index,time_cycles
0,1181298
page_index,time_cycles
0,904762
page_index,time_cycles
0,770392
page_index,time_cycles
0,1978752
page_index,time_cycles
0,2410216
page_index,time_cycles
0,1211168
page_index,time_cycles
0,2142436
page_index,time_cycles
0,2238746
page_index,time_cycles
0,2102250
page_index,time_cycles
0,2291038
page_index,time_cycles
0,1427756
page_index,time_cycles
0,1341762
page_index,time_cycles
0,2031186
page_index,time_cycles
0,1779094
page_index,time_cycles
0,1276928
page_index,time_cycles
0,1005674
page_index,time_cycles
0,1568472
page_index,time_cycles
0,879400
page_index,time_cycles
0,1360044
page_index,time_cycles
0,677124
page_index,time_cycles
0,2756252
page_index,time_cycles
0,2270972
page_index,time_cycles
0,723114
page_index,time_cycles
0,2467640
page_index,time_cycles
0,1454452
page_index,time_cycles
0,1737724
page_index,time_cycles
0,3211172
page_index,time_cycles
0,1598236
page_index,time_cycles
0,3102330
page_index,time_cycles
0,2233890
page_index,time_cycles
0,2864362
page_index,time_cycles
0,667140
page_index,time_cycles
0,649532
page_index,time_cycles
0,1494114
page_index,time_cycles
0,1516118
page_index,time_cycles
0,905588
page_index,time_cycles
0,2489312
page_index,time_cycles
0,1495480
page_index,time_cycles
0,1869378
page_index,time_cycles
0,1567932
page_index,time_cycles
0,1159278
page_index,time_cycles
0,2826830
page_index,time_cycles
0,1061460
page_index,time_cycles
0,3006078
page_index,time_cycles
0,818100
page_index,time_cycles
0,877812
page_index,time_cycles
0,2398630
page_index,time_cycles
0,1440470
page_index,time_cycles
0,1421334
page_index,time_cycles
0,887372
page_index,time_cycles
0,842878
page_index,time_cycles
0,2286726
page_index,time_cycles
0,1326174
page_index,time_cycles
0,2015632
page_index,time_cycles
0,1391114
page_index,time_cycles
0,2043144
page_index,time_cycles
0,2371348
page_index,time_cycles
0,2621286
page_index,time_cycles
0,1182940
page_index,time_cycles
0,933108
page_index,time_cycles
0,1384054
page_index,time_cycles
0,1871740
page_index,time_cycles
0,3235992
page_index,time_cycles
0,2549310
page_index,time_cycles
0,2577418
page_index,time_cycles
0,839866
page_index,time_cycles
0,841186
page_index,time_cycles
0,2204390
page_index,time_cycles
0,1166728
page_index,time_cycles
0,1777508
page_index,time_cycles
0,1167066
page_index,time_cycles
0,3066400
page_index,time_cycles
0,1923976
page_index,time_cycles
0,646160
page_index,time_cycles
0,2537124
page_index,time_cycles
0,1516112
page_index,time_cycles
0,762082
page_index,time_cycles
0,1777140
page_index,time_cycles
0,2606246
page_index,time_cycles
0,1624190
page_index,time_cycles
0,1337668
page_index,time_cycles
0,1572556
page_index,time_cycles
0,2062092
page_index,time_cycles
0,1249492
page_index,time_cycles
0,1927366
page_index,time_cycles
0,1786502
page_index,time_cycles
0,1720260
page_index,time_cycles
0,2571420
page_index,time_cycles
0,2677112
page_index,time_cycles
0,1568226
page_index,time_cycles
0,2285658
page_index,time_cycles
0,1026052
page_index,time_cycles
0,2779548
page_index,time_cycles
0,1213394
page_index,time_cycles
0,1269668
page_index,time_cycles
0,1717044
page_index,time_cycles
0,1330374
page_index,time_cycles
0,1930528
page_index,time_cycles
0,856296
page_index,time_cycles
0,2100368
page_index,time_cycles
0,1346512
page_index,time_cycles
0,1676896
page_index,time_cycles
0,900120
page_index,time_cycles
0,1512030
page_index,time_cycles
0,735490
page_index,time_cycles
0,825266
page_index,time_cycles
0,830348
page_index,time_cycles
0,1963556
page_index,time_cycles
0,1376542
page_index,time_cycles
0,1522318
page_index,time_cycles
0,1899932
page_index,time_cycles
0,688196
page_index,time_cycles
0,1794030
page_index,time_cycles
0,1549734
page_index,time_cycles
0,1330120
page_index,time_cycles
0,621906
page_index,time_cycles
0,1813474
page_index,time_cycles
0,607702
page_index,time_cycles
0,1775862
page_index,time_cycles
0,739012
page_index,time_cycles
0,885154
page_index,time_cycles
0,1376966
page_index,time_cycles
0,4658194
page_index,time_cycles
0,2195318
page_index,time_cycles
0,1163736
page_index,time_cycles
0,1340030
page_index,time_cycles
0,2565282
page_index,time_cycles
0,730544
page_index,time_cycles
0,1943702
page_index,time_cycles
0,2608430
page_index,time_cycles
0,830438
page_index,time_cycles
0,1843300
page_index,time_cycles
0,605810
page_index,time_cycles
0,1794974
page_index,time_cycles
0,1997682
page_index,time_cycles
0,1615058
page_index,time_cycles
0,1027920
page_index,time_cycles
0,864926
page_index,time_cycles
0,1953834
page_index,time_cycles
0,2565918
page_index,time_cycles
0,1923894
page_index,time_cycles
0,1745404
page_index,time_cycles
0,2593656
page_index,time_cycles
0,1803516
page_index,time_cycles
0,1838518
page_index,time_cycles
0,2189078
page_index,time_cycles
0,1928616
page_index,time_cycles
0,2217970
page_index,time_cycles
0,1730666
page_index,time_cycles
0,1780924
page_index,time_cycles
0,1353454
page_index,time_cycles
0,2455896
page_index,time_cycles
0,1429692
page_index,time_cycles
0,1990000
page_index,time_cycles
0,1984402
page_index,time_cycles
0,2247960
page_index,time_cycles
0,774020
page_index,time_cycles
0,1501938
page_index,time_cycles
0,2383178
page_index,time_cycles
0,1573388
page_index,time_cycles
0,2477784
page_index,time_cycles
0,1326780
page_index,time_cycles
0,2013966
page_index,time_cycles
0,1994764
page_index,time_cycles
0,1762580
page_index,time_cycles
0,1268930
page_index,time_cycles
0,1508424
page_index,time_cycles
0,1830984
page_index,time_cycles
0,897186
page_index,time_cycles
0,1238986
page_index,time_cycles
0,867746
page_index,time_cycles
0,2982802
page_index,time_cycles
0,1961686
page_index,time_cycles
0,1852754
page_index,time_cycles
0,2241614
page_index,time_cycles
0,686810
page_index,time_cycles
0,2277144
page_index,time_cycles
0,1518666
page_index,time_cycles
0,2921576
page_index,time_cycles
0,1309118
page_index,time_cycles
0,1212366
page_index,time_cycles
0,798506
page_index,time_cycles
0,982652
page_index,time_cycles
0,1605948
page_index,time_cycles
0,1879744
page_index,time_cycles
0,2385238
page_index,time_cycles
0,1374466
page_index,time_cycles
0,2177606
page_index,time_cycles
0,1500992
page_index,time_cycles
0,1252288
page_index,time_cycles
0,1097472
page_index,time_cycles
0,2032826
page_index,time_cycles
0,1329548
page_index,time_cycles
0,852478
page_index,time_cycles
0,1439634
page_index,time_cycles
0,1477544
page_index,time_cycles
0,866560
page_index,time_cycles
0,2215720
page_index,time_cycles
0,1156346
page_index,time_cycles
0,2880062
page_index,time_cycles
0,918320
page_index,time_cycles
0,2295926
page_index,time_cycles
0,2048388
page_index,time_cycles
0,700572
page_index,time_cycles
0,825434
page_index,time_cycles
0,3303262
page_index,time_cycles
0,1673786
page_index,time_cycles
0,793198
page_index,time_cycles
0,1299950
page_index,time_cycles
0,1919798
page_index,time_cycles
0,2025796
page_index,time_cycles
0,2860648
page_index,time_cycles
0,1350830
page_index,time_cycles
0,809168
page_index,time_cycles
0,722878
page_index,time_cycles
0,821842
page_index,time_cycles
0,2122458
page_index,time_cycles
0,2251144
page_index,time_cycles
0,1999694
page_index,time_cycles
0,710018
page_index,time_cycles
0,1749492
page_index,time_cycles
0,804928
page_index,time_cycles
0,815748
page_index,time_cycles
0,1535218
page_index,time_cycles
0,1394422
page_index,time_cycles
0,838010
page_index,time_cycles
0,2438174
page_index,time_cycles
0,1607070
page_index,time_cycles
0,1264356
page_index,time_cycles
0,1730582
page_index,time_cycles
0,1680478
page_index,time_cycles
0,1942210
page_index,time_cycles
0,2091096
page_index,time_cycles
0,2819490
page_index,time_cycles
0,2201202
page_index,time_cycles
0,1338094
page_index,time_cycles
0,1080686
page_index,time_cycles
0,2090082
page_index,time_cycles
0,2608844
page_index,time_cycles
0,1217670
page_index,time_cycles
0,1417052
page_index,time_cycles
0,1977630
page_index,time_cycles
0,1197958
page_index,time_cycles
0,845292
page_index,time_cycles
0,2521048
page_index,time_cycles
0,2081200
page_index,time_cycles
0,2814678
page_index,time_cycles
0,901800
page_index,time_cycles
0,2247318
page_index,time_cycles
0,2030922
page_index,time_cycles
0,2034324
page_index,time_cycles
0,2365266
page_index,time_cycles
0,2221932
page_index,time_cycles
0,1422806
page_index,time_cycles
0,670558
page_index,time_cycles
0,2247054
page_index,time_cycles
0,788818
page_index,time_cycles
0,1595070
page_index,time_cycles
0,1916280
page_index,time_cycles
0,1245476
page_index,time_cycles
0,1985036
page_index,time_cycles
0,1937294
page_index,time_cycles
0,1838132
page_index,time_cycles
0,2016752
page_index,time_cycles
0,683614
page_index,time_cycles
0,2138162
page_index,time_cycles
0,1786412
page_index,time_cycles
0,1903624
page_index,time_cycles
0,1466464
page_index,time_cycles
0,2205914
page_index,time_cycles
0,1748186
page_index,time_cycles
0,899244
page_index,time_cycles
0,709960
page_index,time_cycles
0,2025890
page_index,time_cycles
0,698606
page_index,time_cycles
0,2255088
page_index,time_cycles
0,993774
page_index,time_cycles
0,2236614
page_index,time_cycles
0,2731434
page_index,time_cycles
0,2258686
page_index,time_cycles
0,1663722
page_index,time_cycles
0,2954654
page_index,time_cycles
0,2373846
page_index,time_cycles
0,629334
page_index,time_cycles
0,1342118
page_index,time_cycles
0,2608536
page_index,time_cycles
0,1411680
page_index,time_cycles
0,1517536
page_index,time_cycles
0,1788842
page_index,time_cycles
0,2289674
page_index,time_cycles
0,1402508
page_index,time_cycles
0,2206946
page_index,time_cycles
0,1477938
page_index,time_cycles
0,1781238
page_index,time_cycles
0,807958
page_index,time_cycles
0,1328616
page_index,time_cycles
0,1894426
page_index,time_cycles
0,1656992
page_index,time_cycles
0,2709854
page_index,time_cycles
0,2133644
page_index,time_cycles
0,2043088
page_index,time_cycles
0,1525756
page_index,time_cycles
0,1243302
page_index,time_cycles
0,736964
page_index,time_cycles
0,705652
page_index,time_cycles
0,3231424
page_index,time_cycles
0,1719268
page_index,time_cycles
0,1013748
page_index,time_cycles
0,1450612
page_index,time_cycles
0,1928726
page_index,time_cycles
0,1865006
page_index,time_cycles
0,1949138
page_index,time_cycles
0,2024924
page_index,time_cycles
0,810710
page_index,time_cycles
0,751300
page_index,time_cycles
0,2012164
page_index,time_cycles
0,3079394
page_index,time_cycles
0,3111156
page_index,time_cycles
0,2263374
page_index,time_cycles
0,1721954
page_index,time_cycles
0,1802682
page_index,time_cycles
0,2671854
page_index,time_cycles
0,1297248
page_index,time_cycles
0,2173220
page_index,time_cycles
0,1866960
page_index,time_cycles
0,2263806
page_index,time_cycles
0,2387426
page_index,time_cycles
0,1494734
page_index,time_cycles
0,2178454
page_index,time_cycles
0,1633350
page_index,time_cycles
0,1873486
page_index,time_cycles
0,2612556
page_index,time_cycles
0,2446116
page_index,time_cycles
0,1796770
page_index,time_cycles
0,2135398
page_index,time_cycles
0,2389912
page_index,time_cycles
0,1873298
page_index,time_cycles
0,2111430
page_index,time_cycles
0,1522592
page_index,time_cycles
0,2057854
page_index,time_cycles
0,1618852
page_index,time_cycles
0,1699606
page_index,time_cycles
0,1137340
page_index,time_cycles
0,2456534
page_index,time_cycles
0,2182952
page_index,time_cycles
0,1667332
page_index,time_cycles
0,1834526
page_index,time_cycles
0,1562586
page_index,time_cycles
0,3253208
page_index,time_cycles
0,2735506
page_index,time_cycles
0,1377768
page_index,time_cycles
0,869748
page_index,time_cycles
0,1143368
page_index,time_cycles
0,2419604
page_index,time_cycles
0,3009522
page_index,time_cycles
0,2290526
page_index,time_cycles
0,2252728
page_index,time_cycles
0,2751984
page_index,time_cycles
0,1285654
page_index,time_cycles
0,1140514
page_index,time_cycles
0,2484844
page_index,time_cycles
0,796374
page_index,time_cycles
0,2425514
page_index,time_cycles
0,2510360
page_index,time_cycles
0,1998608
page_index,time_cycles
0,2041490
page_index,time_cycles
0,631616
page_index,time_cycles
0,1851424
page_index,time_cycles
0,2125396
page_index,time_cycles
0,749336
page_index,time_cycles
0,1752872
page_index,time_cycles
0,1321922
page_index,time_cycles
0,2449352
page_index,time_cycles
0,1945420
page_index,time_cycles
0,1179008
page_index,time_cycles
0,1150052
page_index,time_cycles
0,697898
page_index,time_cycles
0,743522
page_index,time_cycles
0,1077642
page_index,time_cycles
0,2223064
page_index,time_cycles
0,1908952
page_index,time_cycles
0,2010180
page_index,time_cycles
0,777742
page_index,time_cycles
0,2045096
page_index,time_cycles
0,1104918
page_index,time_cycles
0,1658778
page_index,time_cycles
0,1647454
page_index,time_cycles
0,2083984
page_index,time_cycles
0,679370
page_index,time_cycles
0,1804860
page_index,time_cycles
0,1698722
page_index,time_cycles
0,1176956
page_index,time_cycles
0,2000554
page_index,time_cycles
0,1500104
page_index,time_cycles
0,2267352
page_index,time_cycles
0,1161184
page_index,time_cycles
0,827976
page_index,time_cycles
0,2738644
page_index,time_cycles
0,1685418
page_index,time_cycles
0,764782
page_index,time_cycles
0,1543572
page_index,time_cycles
0,853710
page_index,time_cycles
0,1533748
page_index,time_cycles
0,2595038
page_index,time_cycles
0,1240816
page_index,time_cycles
0,1868038
page_index,time_cycles
0,1624538
page_index,time_cycles
0,3445488
page_index,time_cycles
0,2026090
page_index,time_cycles
0,1976230
page_index,time_cycles
0,2191048
page_index,time_cycles
0,724416
page_index,time_cycles
0,1496282
page_index,time_cycles
0,2063984
page_index,time_cycles
0,2326686
page_index,time_cycles
0,2485486
page_index,time_cycles
0,2030946
page_index,time_cycles
0,1296652
page_index,time_cycles
0,995154
page_index,time_cycles
0,2079770
page_index,time_cycles
0,1478134
page_index,time_cycles
0,1670086
page_index,time_cycles
0,1681542
page_index,time_cycles
0,2170976
page_index,time_cycles
0,897820
page_index,time_cycles
0,1327388
page_index,time_cycles
0,1975808
page_index,time_cycles
0,863194
page_index,time_cycles
0,1550984
page_index,time_cycles
0,2448042
page_index,time_cycles
0,2615488
page_index,time_cycles
0,2972056
page_index,time_cycles
0,1324618
page_index,time_cycles
0,842336
page_index,time_cycles
0,2321790
page_index,time_cycles
0,861214
page_index,time_cycles
0,1914418
page_index,time_cycles
0,920954
page_index,time_cycles
0,1882044
page_index,time_cycles
0,952236
page_index,time_cycles
0,1255622
page_index,time_cycles
0,2072360
page_index,time_cycles
0,2439368
page_index,time_cycles
0,1658910
page_index,time_cycles
0,884274
page_index,time_cycles
0,606104
page_index,time_cycles
0,2240948
page_index,time_cycles
0,880020
page_index,time_cycles
0,3203074
page_index,time_cycles
0,1184684
page_index,time_cycles
0,712498
page_index,time_cycles
0,1472628
page_index,time_cycles
0,1590384
page_index,time_cycles
0,2502504
page_index,time_cycles
0,1400134
page_index,time_cycles
0,1648138
page_index,time_cycles
0,1994752
page_index,time_cycles
0,926674
page_index,time_cycles
0,757644
page_index,time_cycles
0,884616
page_index,time_cycles
0,1554686
page_index,time_cycles
0,1063186
page_index,time_cycles
0,1548732
page_index,time_cycles
0,2360794
page_index,time_cycles
0,610206
page_index,time_cycles
0,629998
page_index,time_cycles
0,1261798
page_index,time_cycles
0,1660302
page_index,time_cycles
0,1424680
page_index,time_cycles
0,1704076
page_index,time_cycles
0,1475120
page_index,time_cycles
0,1089196
page_index,time_cycles
0,2043948
page_index,time_cycles
0,2312250
page_index,time_cycles
0,2767698
page_index,time_cycles
0,1624002
page_index,time_cycles
0,1560172
page_index,time_cycles
0,2339602
page_index,time_cycles
0,666618
page_index,time_cycles
0,2206556
page_index,time_cycles
0,1948540
page_index,time_cycles
0,2501706
page_index,time_cycles
0,2210172
page_index,time_cycles
0,1414484
page_index,time_cycles
0,2204414
page_index,time_cycles
0,670488
page_index,time_cycles
0,2482852
page_index,time_cycles
0,1807132
page_index,time_cycles
0,1856990
page_index,time_cycles
0,724798
page_index,time_cycles
0,2146106
page_index,time_cycles
0,785868
page_index,time_cycles
0,2824612
page_index,time_cycles
0,838988
page_index,time_cycles
0,838240
page_index,time_cycles
0,1436984
page_index,time_cycles
0,924720
page_index,time_cycles
0,687388
page_index,time_cycles
0,1218054
page_index,time_cycles
0,1098902
page_index,time_cycles
0,826964
page_index,time_cycles
0,2482626
page_index,time_cycles
0,1053558
page_index,time_cycles
0,1463540
page_index,time_cycles
0,853218
page_index,time_cycles
0,1383206
page_index,time_cycles
0,1803104
page_index,time_cycles
0,782368
page_index,time_cycles
0,746118
page_index,time_cycles
0,2643326
page_index,time_cycles
0,1551384
page_index,time_cycles
0,3131456
page_index,time_cycles
0,1646374
page_index,time_cycles
0,2299376
page_index,time_cycles
0,1054034
page_index,time_cycles
0,1490732
page_index,time_cycles
0,1055932
page_index,time_cycles
0,863538
page_index,time_cycles
0,1429684
page_index,time_cycles
0,2103540
page_index,time_cycles
0,1525458
page_index,time_cycles
0,773006
page_index,time_cycles
0,779890
page_index,time_cycles
0,1577942
page_index,time_cycles
0,1872694
page_index,time_cycles
0,832796
page_index,time_cycles
0,1652554
page_index,time_cycles
0,2410982
page_index,time_cycles
0,1797060
page_index,time_cycles
0,946762
page_index,time_cycles
0,1937978
page_index,time_cycles
0,2555392
page_index,time_cycles
0,1814082
page_index,time_cycles
0,2194520
page_index,time_cycles
0,1255582
page_index,time_cycles
0,1447608
page_index,time_cycles
0,2513324
page_index,time_cycles
0,1890490
page_index,time_cycles
0,1431218
page_index,time_cycles
0,1956306
page_index,time_cycles
0,2417460
page_index,time_cycles
0,1462300
page_index,time_cycles
0,1872692
page_index,time_cycles
0,2464612
page_index,time_cycles
0,1712272
page_index,time_cycles
0,1535756
page_index,time_cycles
0,1112626
page_index,time_cycles
0,2351658
page_index,time_cycles
0,776952
page_index,time_cycles
0,2203430
page_index,time_cycles
0,1426520
page_index,time_cycles
0,2050050
page_index,time_cycles
0,905316
page_index,time_cycles
0,1962730
page_index,time_cycles
0,2298818
page_index,time_cycles
0,2352532
page_index,time_cycles
0,2789952
page_index,time_cycles
0,1235822
page_index,time_cycles
0,2646638
page_index,time_cycles
0,1387736
page_index,time_cycles
0,3004894
page_index,time_cycles
0,1499788
page_index,time_cycles
0,2575568
page_index,time_cycles
0,2207728
page_index,time_cycles
0,1968754
page_index,time_cycles
0,596540
page_index,time_cycles
0,1798862
page_index,time_cycles
0,1318660
page_index,time_cycles
0,1353556
page_index,time_cycles
0,2294946
page_index,time_cycles
0,1625828
page_index,time_cycles
0,1569674
page_index,time_cycles
0,2296344
page_index,time_cycles
0,868454
page_index,time_cycles
0,1403728
page_index,time_cycles
0,2671592
page_index,time_cycles
0,2018440
page_index,time_cycles
0,1480160
page_index,time_cycles
0,1951648
page_index,time_cycles
0,3125426
page_index,time_cycles
0,1242372
page_index,time_cycles
0,2440130
page_index,time_cycles
0,1613430
page_index,time_cycles
0,2636384
page_index,time_cycles
0,1232628
page_index,time_cycles
0,2353164
page_index,time_cycles
0,1435266
page_index,time_cycles
0,1028472
page_index,time_cycles
0,3136910
page_index,time_cycles
0,1389958
page_index,time_cycles
0,1795822
page_index,time_cycles
0,1653866
page_index,time_cycles
0,1650552
page_index,time_cycles
0,1736786
page_index,time_cycles
0,1689092
page_index,time_cycles
0,1816942
page_index,time_cycles
0,2478588
page_index,time_cycles
0,1055702
page_index,time_cycles
0,1095310
page_index,time_cycles
0,3029098
page_index,time_cycles
0,2015376
page_index,time_cycles
0,3084148
page_index,time_cycles
0,2160636
page_index,time_cycles
0,2306372
page_index,time_cycles
0,1996910
page_index,time_cycles
0,1626962
page_index,time_cycles
0,2438326
page_index,time_cycles
0,1366724
page_index,time_cycles
0,1088082
page_index,time_cycles
0,3111926
page_index,time_cycles
0,830394
page_index,time_cycles
0,2803762
page_index,time_cycles
0,3061690
page_index,time_cycles
0,902984
page_index,time_cycles
0,2054964
page_index,time_cycles
0,1907778
page_index,time_cycles
0,1725358
page_index,time_cycles
0,2186880
page_index,time_cycles
0,1893360
page_index,time_cycles
0,836992
page_index,time_cycles
0,1800146
page_index,time_cycles
0,1398024
page_index,time_cycles
0,703068
page_index,time_cycles
0,2513528
page_index,time_cycles
0,1540782
page_index,time_cycles
0,1111274
page_index,time_cycles
0,2222380
page_index,time_cycles
0,1464732
page_index,time_cycles
0,2092278
page_index,time_cycles
0,1153682
page_index,time_cycles
0,2209774
page_index,time_cycles
0,1852886
page_index,time_cycles
0,1449132
page_index,time_cycles
0,1567780
page_index,time_cycles
0,1759850
page_index,time_cycles
0,2405928
page_index,time_cycles
0,1478572
page_index,time_cycles
0,719866
page_index,time_cycles
0,969088
page_index,time_cycles
0,2840380
page_index,time_cycles
0,2846256
page_index,time_cycles
0,1458690
page_index,time_cycles
0,2021258
page_index,time_cycles
0,1700636
page_index,time_cycles
0,1805258
page_index,time_cycles
0,1928332
page_index,time_cycles
0,2528692
page_index,time_cycles
0,682384
page_index,time_cycles
0,1288874
page_index,time_cycles
0,1345506
page_index,time_cycles
0,1399752
page_index,time_cycles
0,1596346
page_index,time_cycles
0,4053068
page_index,time_cycles
0,1421814
page_index,time_cycles
0,654084
page_index,time_cycles
0,2129986
page_index,time_cycles
0,1151420
page_index,time_cycles
0,1203042
page_index,time_cycles
0,2827760
page_index,time_cycles
0,2123296
page_index,time_cycles
0,1504248
page_index,time_cycles
0,1381906
page_index,time_cycles
0,1319790
page_index,time_cycles
0,2222696
page_index,time_cycles
0,3804054
page_index,time_cycles
0,2648568
page_index,time_cycles
0,1816096
page_index,time_cycles
0,1632624
page_index,time_cycles
0,1214228
page_index,time_cycles
0,1597024
page_index,time_cycles
0,2383806
page_index,time_cycles
0,2050174
page_index,time_cycles
0,1789524
page_index,time_cycles
0,2055290
page_index,time_cycles
0,2877952
page_index,time_cycles
0,697552
page_index,time_cycles
0,1416760
page_index,time_cycles
0,2128632
page_index,time_cycles
0,2310230
page_index,time_cycles
0,2028836
page_index,time_cycles
0,1061082
page_index,time_cycles
0,2023872
page_index,time_cycles
0,1553068
page_index,time_cycles
0,1235066
page_index,time_cycles
0,1910532
page_index,time_cycles
0,770906
page_index,time_cycles
0,738654
page_index,time_cycles
0,1340896
page_index,time_cycles
0,2913612
page_index,time_cycles
0,1847446
page_index,time_cycles
0,2770266
page_index,time_cycles
0,2330906
page_index,time_cycles
0,1068236
page_index,time_cycles
0,1057090
page_index,time_cycles
0,2693910
page_index,time_cycles
0,867460
page_index,time_cycles
0,1684962
page_index,time_cycles
0,1234564
page_index,time_cycles
0,2191096
page_index,time_cycles
0,1860610
page_index,time_cycles
0,705690
page_index,time_cycles
0,2715918
page_index,time_cycles
0,1656390
page_index,time_cycles
0,3687070
page_index,time_cycles
0,1399220
page_index,time_cycles
0,2107078
page_index,time_cycles
0,2239486
page_index,time_cycles
0,2386196
page_index,time_cycles
0,1335436
page_index,time_cycles
0,2588942
page_index,time_cycles
0,707570
page_index,time_cycles
0,1704682
page_index,time_cycles
0,1768284
page_index,time_cycles
0,1635466
page_index,time_cycles
0,959198
page_index,time_cycles
0,2978532
page_index,time_cycles
0,840634
page_index,time_cycles
0,2324950
page_index,time_cycles
0,2323128
page_index,time_cycles
0,652482
page_index,time_cycles
0,2406096
page_index,time_cycles
0,2045566
page_index,time_cycles
0,2273604
page_index,time_cycles
0,1675602
page_index,time_cycles
0,1327696
page_index,time_cycles
0,1770302
page_index,time_cycles
0,1520380
page_index,time_cycles
0,1135832
page_index,time_cycles
0,1573900
page_index,time_cycles
0,1470052
page_index,time_cycles
0,1697990
page_index,time_cycles
0,1841886
page_index,time_cycles
0,2139210
page_index,time_cycles
0,1650916
page_index,time_cycles
0,2364872
page_index,time_cycles
0,2011424
page_index,time_cycles
0,1588868
page_index,time_cycles
0,2761976
page_index,time_cycles
0,3435180
page_index,time_cycles
0,708924
page_index,time_cycles
0,3149232
page_index,time_cycles
0,1784690
page_index,time_cycles
0,2630510
page_index,time_cycles
0,910518
page_index,time_cycles
0,2120282
page_index,time_cycles
0,1692144
page_index,time_cycles
0,1879610
page_index,time_cycles
0,2913562
page_index,time_cycles
0,872176
page_index,time_cycles
0,2851846
page_index,time_cycles
0,3000790
page_index,time_cycles
0,2039846
page_index,time_cycles
0,1997784
page_index,time_cycles
0,698440
page_index,time_cycles
0,1768440
page_index,time_cycles
0,1563648
page_index,time_cycles
0,2257528
page_index,time_cycles
0,1288318
page_index,time_cycles
0,2398766
page_index,time_cycles
0,1767830
page_index,time_cycles
0,612100
page_index,time_cycles
0,679412
page_index,time_cycles
0,1326406
page_index,time_cycles
0,1423692
page_index,time_cycles
0,1812876
page_index,time_cycles
0,2270142
page_index,time_cycles
0,1757476
page_index,time_cycles
0,1470904
page_index,time_cycles
0,1739150
page_index,time_cycles
0,2836120
page_index,time_cycles
0,2701200
page_index,time_cycles
0,2330162
page_index,time_cycles
0,1250686
page_index,time_cycles
0,2585962
page_index,time_cycles
0,1190414
page_index,time_cycles
0,1697992
page_index,time_cycles
0,663548
page_index,time_cycles
0,1034550
page_index,time_cycles
0,2380526
page_index,time_cycles
0,1968648
page_index,time_cycles
0,627856
page_index,time_cycles
0,2282000
page_index,time_cycles
0,2031676
page_index,time_cycles
0,1090640
page_index,time_cycles
0,2824906
page_index,time_cycles
0,1926772
page_index,time_cycles
0,2509522
page_index,time_cycles
0,628240
page_index,time_cycles
0,1363920
page_index,time_cycles
0,1706600
page_index,time_cycles
0,1862576
page_index,time_cycles
0,1470602
page_index,time_cycles
0,1820118
page_index,time_cycles
0,1205480
page_index,time_cycles
0,1743272
page_index,time_cycles
0,1521658
page_index,time_cycles
0,1676656
page_index,time_cycles
0,1089684
page_index,time_cycles
0,1280146
page_index,time_cycles
0,1143406
page_index,time_cycles
0,1482462
page_index,time_cycles
0,2574392
page_index,time_cycles
0,2191862
page_index,time_cycles
0,2454592
page_index,time_cycles
0,1959624
page_index,time_cycles
0,3133812
page_index,time_cycles
0,676460
page_index,time_cycles
0,1594336
page_index,time_cycles
0,2170024
page_index,time_cycles
0,1502552
page_index,time_cycles
0,2316432
page_index,time_cycles
0,1098352
page_index,time_cycles
0,1687438
page_index,time_cycles
0,1295566
page_index,time_cycles
0,2399230
page_index,time_cycles
0,2504570
page_index,time_cycles
0,798194
page_index,time_cycles
0,1218274
page_index,time_cycles
0,2042162
page_index,time_cycles
0,1239766
page_index,time_cycles
0,1073460
page_index,time_cycles
0,1364398
page_index,time_cycles
0,690758
page_index,time_cycles
0,1386628
page_index,time_cycles
0,2670344
page_index,time_cycles
0,2389666
page_index,time_cycles
0,1965496
page_index,time_cycles
0,1496226
page_index,time_cycles
0,2875968
page_index,time_cycles
0,2901432
page_index,time_cycles
0,3314146
page_index,time_cycles
0,2005200
page_index,time_cycles
0,1730552
page_index,time_cycles
0,1661630
page_index,time_cycles
0,3072480
page_index,time_cycles
0,1876526
page_index,time_cycles
0,1063796
page_index,time_cycles
0,2070960
page_index,time_cycles
0,1187962
page_index,time_cycles
0,2363428
page_index,time_cycles
0,1586468
page_index,time_cycles
0,1090258
page_index,time_cycles
0,835030
page_index,time_cycles
0,2527574
page_index,time_cycles
0,1093194
page_index,time_cycles
0,1593816
page_index,time_cycles
0,2124810
page_index,time_cycles
0,1673454
page_index,time_cycles
0,1545656
page_index,time_cycles
0,1957122
page_index,time_cycles
0,2509542
page_index,time_cycles
0,1546252
page_index,time_cycles
0,676348
page_index,time_cycles
0,872452
page_index,time_cycles
0,1935526
page_index,time_cycles
0,2122944
page_index,time_cycles
0,1483326
page_index,time_cycles
0,819358
page_index,time_cycles
0,2133656
page_index,time_cycles
0,1963550
page_index,time_cycles
0,2130118
page_index,time_cycles
0,1659766
page_index,time_cycles
0,1738940
page_index,time_cycles
0,2212564
page_index,time_cycles
0,1480800
page_index,time_cycles
0,2108886
page_index,time_cycles
0,2242880
page_index,time_cycles
0,1560204
page_index,time_cycles
0,2848262
page_index,time_cycles
0,1577086
page_index,time_cycles
0,1380032
page_index,time_cycles
0,1309988
page_index,time_cycles
0,1387812
page_index,time_cycles
0,2379934
page_index,time_cycles
0,3817700
page_index,time_cycles
0,2540560
page_index,time_cycles
0,761450
page_index,time_cycles
0,2005244
page_index,time_cycles
0,1678190
page_index,time_cycles
0,1416496
page_index,time_cycles
0,2121286
page_index,time_cycles
0,1897612
page_index,time_cycles
0,2445060
page_index,time_cycles
0,867054
page_index,time_cycles
0,3284684
page_index,time_cycles
0,2724082
page_index,time_cycles
0,1382386
page_index,time_cycles
0,2269120
page_index,time_cycles
0,2022130
page_index,time_cycles
0,1082414
page_index,time_cycles
0,619428
page_index,time_cycles
0,1798498
page_index,time_cycles
0,4706594
page_index,time_cycles
0,1450674
page_index,time_cycles
0,1211402
page_index,time_cycles
0,2276122
page_index,time_cycles
0,1296500
page_index,time_cycles
0,2482114
page_index,time_cycles
0,1271488
page_index,time_cycles
0,2506670
page_index,time_cycles
0,906064
page_index,time_cycles
0,1188798
page_index,time_cycles
0,2039756
page_index,time_cycles
0,2844056
page_index,time_cycles
0,929630
page_index,time_cycles
0,859582
page_index,time_cycles
0,2160518
page_index,time_cycles
0,930552
page_index,time_cycles
0,1136026
page_index,time_cycles
0,799806
page_index,time_cycles
0,1781746
page_index,time_cycles
0,1872386
page_index,time_cycles
0,1055182
page_index,time_cycles
0,1191514
page_index,time_cycles
0,3157424
page_index,time_cycles
0,1572068
page_index,time_cycles
0,2193296
page_index,time_cycles
0,1646048
page_index,time_cycles
0,1445718
page_index,time_cycles
0,892536
page_index,time_cycles
0,905810
page_index,time_cycles
0,1622380
page_index,time_cycles
0,2448396
page_index,time_cycles
0,2503620
page_index,time_cycles
0,2459670
page_index,time_cycles
0,2958178
page_index,time_cycles
0,1684246
page_index,time_cycles
0,1438192
page_index,time_cycles
0,2096844
page_index,time_cycles
0,2406646
page_index,time_cycles
0,2604472
page_index,time_cycles
0,1383630
page_index,time_cycles
0,1543274
page_index,time_cycles
0,611216
page_index,time_cycles
0,1370278
page_index,time_cycles
0,1991298
page_index,time_cycles
0,717910
page_index,time_cycles
0,3213168
page_index,time_cycles
0,1991458
page_index,time_cycles
0,1753740
page_index,time_cycles
0,2207646
page_index,time_cycles
0,2220266
page_index,time_cycles
0,2443924
page_index,time_cycles
0,1449742
page_index,time_cycles
0,2288750
page_index,time_cycles
0,1048548
page_index,time_cycles
0,2190512
page_index,time_cycles
0,1920688
page_index,time_cycles
0,2170630
page_index,time_cycles
0,862532
page_index,time_cycles
0,1688942
page_index,time_cycles
0,947056
page_index,time_cycles
0,1271376
page_index,time_cycles
0,3019118
page_index,time_cycles
0,608660
page_index,time_cycles
0,2019964
page_index,time_cycles
0,698126
page_index,time_cycles
0,2213020
page_index,time_cycles
0,2014304
page_index,time_cycles
0,673218
page_index,time_cycles
0,1593974
page_index,time_cycles
0,1320366
page_index,time_cycles
0,1508738
page_index,time_cycles
0,1370742
page_index,time_cycles
0,2780628
page_index,time_cycles
0,713960
page_index,time_cycles
0,742498
page_index,time_cycles
0,2123840
page_index,time_cycles
0,2069138
page_index,time_cycles
0,1265146
page_index,time_cycles
0,2207526
page_index,time_cycles
0,1323748
page_index,time_cycles
0,1272616
page_index,time_cycles
0,1298698
page_index,time_cycles
0,2331554
page_index,time_cycles
0,1541498
page_index,time_cycles
0,954020
page_index,time_cycles
0,2439650
page_index,time_cycles
0,739092
page_index,time_cycles
0,2200564
page_index,time_cycles
0,2077930
page_index,time_cycles
0,1359222
page_index,time_cycles
0,2756452
page_index,time_cycles
0,2892868
page_index,time_cycles
0,2161060
page_index,time_cycles
0,1516130
page_index,time_cycles
0,1150234
page_index,time_cycles
0,2246072
page_index,time_cycles
0,1957516
page_index,time_cycles
0,1116388
page_index,time_cycles
0,1662480
page_index,time_cycles
0,1600284
page_index,time_cycles
0,3293108
page_index,time_cycles
0,1535894
page_index,time_cycles
0,1660738
page_index,time_cycles
0,1871366
page_index,time_cycles
0,887006
page_index,time_cycles
0,1600600
page_index,time_cycles
0,1433468
page_index,time_cycles
0,2307508
page_index,time_cycles
0,1963256
page_index,time_cycles
0,2374820
page_index,time_cycles
0,2442090
page_index,time_cycles
0,3667240
page_index,time_cycles
0,2178414
page_index,time_cycles
0,4201790
page_index,time_cycles
0,1621888
page_index,time_cycles
0,1221786
page_index,time_cycles
0,1176266
page_index,time_cycles
0,2097302
page_index,time_cycles
0,853908
page_index,time_cycles
0,1098702
page_index,time_cycles
0,1616672
page_index,time_cycles
0,1602832
page_index,time_cycles
0,1351166
page_index,time_cycles
0,788452
page_index,time_cycles
0,2960942
page_index,time_cycles
0,801292
page_index,time_cycles
0,2397520
page_index,time_cycles
0,1229122
page_index,time_cycles
0,1063822
page_index,time_cycles
0,1636128
page_index,time_cycles
0,952886
page_index,time_cycles
0,1282528
page_index,time_cycles
0,657734
page_index,time_cycles
0,1186328
page_index,time_cycles
0,1629610
page_index,time_cycles
0,785434
page_index,time_cycles
0,2101868
page_index,time_cycles
0,2113974
page_index,time_cycles
0,2606416
page_index,time_cycles
0,1811404
page_index,time_cycles
0,2125424
page_index,time_cycles
0,2572914
page_index,time_cycles
0,1289792
page_index,time_cycles
0,2928936
page_index,time_cycles
0,757626
page_index,time_cycles
0,2634664
page_index,time_cycles
0,1348710
page_index,time_cycles
0,1410670
page_index,time_cycles
0,968176
page_index,time_cycles
0,1448824
page_index,time_cycles
0,1354606
page_index,time_cycles
0,2922394
page_index,time_cycles
0,1352422
page_index,time_cycles
0,1963182
page_index,time_cycles
0,1558986
page_index,time_cycles
0,1595072
page_index,time_cycles
0,2371838
page_index,time_cycles
0,623472
page_index,time_cycles
0,1719664
page_index,time_cycles
0,2585772
page_index,time_cycles
0,1847052
page_index,time_cycles
0,937894
page_index,time_cycles
0,1416390
page_index,time_cycles
0,1623122
page_index,time_cycles
0,1954896
page_index,time_cycles
0,1724774
page_index,time_cycles
0,1941112
page_index,time_cycles
0,1856892
page_index,time_cycles
0,1558172
page_index,time_cycles
0,2183284
page_index,time_cycles
0,811598
page_index,time_cycles
0,697624
page_index,time_cycles
0,2283478
page_index,time_cycles
0,1843232
page_index,time_cycles
0,1864816
page_index,time_cycles
0,957502
page_index,time_cycles
0,2267040
page_index,time_cycles
0,2054974
page_index,time_cycles
0,1324668
page_index,time_cycles
0,930554
page_index,time_cycles
0,1121092
page_index,time_cycles
0,709488
page_index,time_cycles
0,1422866
page_index,time_cycles
0,1753124
page_index,time_cycles
0,2461156
page_index,time_cycles
0,3312392
page_index,time_cycles
0,1254660
page_index,time_cycles
0,1582294
page_index,time_cycles
0,2513482
page_index,time_cycles
0,2149688
page_index,time_cycles
0,945616
page_index,time_cycles
0,1541946
page_index,time_cycles
0,2115026
page_index,time_cycles
0,2551558
page_index,time_cycles
0,983500
page_index,time_cycles
0,1419596
page_index,time_cycles
0,2248158
page_index,time_cycles
0,1792102
page_index,time_cycles
0,2024144
page_index,time_cycles
0,1324348
page_index,time_cycles
0,737416
page_index,time_cycles
0,1161428
page_index,time_cycles
0,1470510
page_index,time_cycles
0,2052434
page_index,time_cycles
0,2099278
page_index,time_cycles
0,1336982
page_index,time_cycles
0,1505204
page_index,time_cycles
0,1327734
page_index,time_cycles
0,680698
page_index,time_cycles
0,1654108
page_index,time_cycles
0,1175500
page_index,time_cycles
0,1821682
page_index,time_cycles
0,2606816
page_index,time_cycles
0,807010
page_index,time_cycles
0,1443894
page_index,time_cycles
0,1533116
page_index,time_cycles
0,1128696
page_index,time_cycles
0,2945646
page_index,time_cycles
0,1490248
page_index,time_cycles
0,1208980
page_index,time_cycles
0,1809094
page_index,time_cycles
0,2211052
page_index,time_cycles
0,1454128
page_index,time_cycles
0,3181630
page_index,time_cycles
0,2250848
page_index,time_cycles
0,1392614
page_index,time_cycles
0,1400732
page_index,time_cycles
0,1127394
page_index,time_cycles
0,1228190
page_index,time_cycles
0,4087542
page_index,time_cycles
0,1422550
page_index,time_cycles
0,2578746
page_index,time_cycles
0,1418212
page_index,time_cycles
0,2036894
page_index,time_cycles
0,1293750
page_index,time_cycles
0,2051384
page_index,time_cycles
0,1789072
page_index,time_cycles
0,1736642
page_index,time_cycles
0,947774
page_index,time_cycles
0,1080228
page_index,time_cycles
0,701154
page_index,time_cycles
0,1817760
page_index,time_cycles
0,2203528
page_index,time_cycles
0,1673406
page_index,time_cycles
0,2568906
page_index,time_cycles
0,1392110
page_index,time_cycles
0,2682212
page_index,time_cycles
0,1746282
page_index,time_cycles
0,2708666
page_index,time_cycles
0,981348
page_index,time_cycles
0,2643348
page_index,time_cycles
0,725090
page_index,time_cycles
0,909804
page_index,time_cycles
0,1590222
page_index,time_cycles
0,2959660
page_index,time_cycles
0,1850412
page_index,time_cycles
0,1150958
page_index,time_cycles
0,686680
page_index,time_cycles
0,1579144
page_index,time_cycles
0,2041230
page_index,time_cycles
0,2441166
page_index,time_cycles
0,2433494
page_index,time_cycles
0,977532
page_index,time_cycles
0,2299940
page_index,time_cycles
0,1601760
page_index,time_cycles
0,1381578
page_index,time_cycles
0,1283182
page_index,time_cycles
0,1804934
page_index,time_cycles
0,1836490
page_index,time_cycles
0,1895914
page_index,time_cycles
0,1541786
page_index,time_cycles
0,753116
page_index,time_cycles
0,1204044
page_index,time_cycles
0,1019860
page_index,time_cycles
0,1831876
page_index,time_cycles
0,2403940
page_index,time_cycles
0,905694
page_index,time_cycles
0,2649788
page_index,time_cycles
0,1779166
page_index,time_cycles
0,2081486
page_index,time_cycles
0,1055866
page_index,time_cycles
0,1509396
page_index,time_cycles
0,1937152
page_index,time_cycles
0,801886
page_index,time_cycles
0,1723128
page_index,time_cycles
0,1485056
page_index,time_cycles
0,3495302
page_index,time_cycles
0,3135110
page_index,time_cycles
0,2523304
page_index,time_cycles
0,1696010
page_index,time_cycles
0,1637234
page_index,time_cycles
0,2083334
page_index,time_cycles
0,1232682
page_index,time_cycles
0,1721130
page_index,time_cycles
0,1467848
page_index,time_cycles
0,2385838
page_index,time_cycles
0,2070428
page_index,time_cycles
0,1964448
page_index,time_cycles
0,2577620
page_index,time_cycles
0,1243234
page_index,time_cycles
0,1947038
page_index,time_cycles
0,883860
page_index,time_cycles
0,2248690
page_index,time_cycles
0,1385584
page_index,time_cycles
0,1646264
page_index,time_cycles
0,691382
page_index,time_cycles
0,680232
page_index,time_cycles
0,2275540
page_index,time_cycles
0,2123020
page_index,time_cycles
0,1266324
page_index,time_cycles
0,2457480
page_index,time_cycles
0,1153838
page_index,time_cycles
0,1924274
page_index,time_cycles
0,2741676
page_index,time_cycles
0,2477478
page_index,time_cycles
0,2191140
page_index,time_cycles
0,1894530
page_index,time_cycles
0,1778512
page_index,time_cycles
0,2441688
page_index,time_cycles
0,2653190
page_index,time_cycles
0,1786654
page_index,time_cycles
0,1223510
page_index,time_cycles
0,1437642
page_index,time_cycles
0,1965652
page_index,time_cycles
0,1952376
page_index,time_cycles
0,1378772
page_index,time_cycles
0,1127504
page_index,time_cycles
0,672988
page_index,time_cycles
0,1344462
page_index,time_cycles
0,1433164
page_index,time_cycles
0,1284424
page_index,time_cycles
0,2014658
page_index,time_cycles
0,2523744
page_index,time_cycles
0,1951638
page_index,time_cycles
0,634832
page_index,time_cycles
0,3902418
page_index,time_cycles
0,1919978
page_index,time_cycles
0,1404714
page_index,time_cycles
0,1722802
page_index,time_cycles
0,2226394
page_index,time_cycles
0,2215902
page_index,time_cycles
0,881090
page_index,time_cycles
0,2693820
page_index,time_cycles
0,687556
page_index,time_cycles
0,1415274
page_index,time_cycles
0,1508466
page_index,time_cycles
0,804684
page_index,time_cycles
0,2014372
page_index,time_cycles
0,2037168
page_index,time_cycles
0,1712204
page_index,time_cycles
0,1542944
page_index,time_cycles
0,2858584
page_index,time_cycles
0,1620924
page_index,time_cycles
0,1905398
page_index,time_cycles
0,796216
page_index,time_cycles
0,1810462
page_index,time_cycles
0,2005254
page_index,time_cycles
0,2273200
page_index,time_cycles
0,2251464
page_index,time_cycles
0,1256046
page_index,time_cycles
0,2159478
page_index,time_cycles
0,2213676
page_index,time_cycles
0,1764814
page_index,time_cycles
0,977030
page_index,time_cycles
0,643568
page_index,time_cycles
0,1576868
page_index,time_cycles
0,1242482
page_index,time_cycles
0,1922834
page_index,time_cycles
0,947796
page_index,time_cycles
0,655974
page_index,time_cycles
0,1406924
page_index,time_cycles
0,3269738
page_index,time_cycles
0,2209536
page_index,time_cycles
0,694412
page_index,time_cycles
0,1599058
page_index,time_cycles
0,786624
page_index,time_cycles
0,1659246
page_index,time_cycles
0,1361006
page_index,time_cycles
0,1306972
page_index,time_cycles
0,1250812
page_index,time_cycles
0,912020
page_index,time_cycles
0,966562
page_index,time_cycles
0,2413372
page_index,time_cycles
0,2571236
page_index,time_cycles
0,3400858
page_index,time_cycles
0,1248724
page_index,time_cycles
0,695824
page_index,time_cycles
0,2420126
page_index,time_cycles
0,724554
page_index,time_cycles
0,1761460
page_index,time_cycles
0,1770868
page_index,time_cycles
0,3296138
page_index,time_cycles
0,1648950
page_index,time_cycles
0,1108442
page_index,time_cycles
0,1797650
page_index,time_cycles
0,648662
page_index,time_cycles
0,2771930
page_index,time_cycles
0,1072592
page_index,time_cycles
0,2178108
page_index,time_cycles
0,1808914
page_index,time_cycles
0,1830482
page_index,time_cycles
0,1118858
page_index,time_cycles
0,1844082
page_index,time_cycles
0,1002450
page_index,time_cycles
0,1388278
page_index,time_cycles
0,1998772
page_index,time_cycles
0,1486810
page_index,time_cycles
0,1805362
page_index,time_cycles
0,1162592
page_index,time_cycles
0,1293160
page_index,time_cycles
0,2004792
page_index,time_cycles
0,1455568
page_index,time_cycles
0,2229510
page_index,time_cycles
0,1102060
page_index,time_cycles
0,2135936
page_index,time_cycles
0,1193232
page_index,time_cycles
0,2531542
page_index,time_cycles
0,2964804
page_index,time_cycles
0,3316626
page_index,time_cycles
0,2182928
page_index,time_cycles
0,729130
page_index,time_cycles
0,3005898
page_index,time_cycles
0,1220760
page_index,time_cycles
0,1676662
page_index,time_cycles
0,1415150
page_index,time_cycles
0,2444228
page_index,time_cycles
0,3333162
page_index,time_cycles
0,990628
page_index,time_cycles
0,3128930
page_index,time_cycles
0,1162040
page_index,time_cycles
0,801302
page_index,time_cycles
0,2234394
page_index,time_cycles
0,2726440
page_index,time_cycles
0,711436
page_index,time_cycles
0,2225626
page_index,time_cycles
0,2487622
page_index,time_cycles
0,1206660
page_index,time_cycles
0,825800
page_index,time_cycles
0,686668
page_index,time_cycles
0,1927388
page_index,time_cycles
0,3101808
page_index,time_cycles
0,1935416
page_index,time_cycles
0,2553526
page_index,time_cycles
0,3346416
page_index,time_cycles
0,1725990
page_index,time_cycles
0,1779032
page_index,time_cycles
0,689410
page_index,time_cycles
0,2270228
page_index,time_cycles
0,1923216
page_index,time_cycles
0,1864144
page_index,time_cycles
0,1206150
page_index,time_cycles
0,2557542
page_index,time_cycles
0,2136222
page_index,time_cycles
0,1415892
page_index,time_cycles
0,2314344
page_index,time_cycles
0,948108
page_index,time_cycles
0,1828138
page_index,time_cycles
0,2009608
page_index,time_cycles
0,2196026
page_index,time_cycles
0,2566734
page_index,time_cycles
0,1926264
page_index,time_cycles
0,2781060
page_index,time_cycles
0,3613160
page_index,time_cycles
0,2480308
page_index,time_cycles
0,668924
page_index,time_cycles
0,1747028
page_index,time_cycles
0,2092670
page_index,time_cycles
0,695610
page_index,time_cycles
0,2610690
page_index,time_cycles
0,1452674
page_index,time_cycles
0,783006
page_index,time_cycles
0,2094344
page_index,time_cycles
0,1885490
page_index,time_cycles
0,2365222
page_index,time_cycles
0,1776070
page_index,time_cycles
0,1425990
page_index,time_cycles
0,1978168
page_index,time_cycles
0,651044
page_index,time_cycles
0,2051834
page_index,time_cycles
0,1788092
page_index,time_cycles
0,1221428
page_index,time_cycles
0,2460508
page_index,time_cycles
0,1290894
page_index,time_cycles
0,2394418
page_index,time_cycles
0,2191494
page_index,time_cycles
0,766178
page_index,time_cycles
0,1816982
page_index,time_cycles
0,724364
page_index,time_cycles
0,1250380
page_index,time_cycles
0,1364740
page_index,time_cycles
0,2097840
page_index,time_cycles
0,909814
page_index,time_cycles
0,1428850
page_index,time_cycles
0,2164788
page_index,time_cycles
0,1141288
page_index,time_cycles
0,2919010
page_index,time_cycles
0,1777052
page_index,time_cycles
0,2534578
page_index,time_cycles
0,2300680
page_index,time_cycles
0,1244166
page_index,time_cycles
0,1212032
page_index,time_cycles
0,879484
page_index,time_cycles
0,1147198
page_index,time_cycles
0,2317536
page_index,time_cycles
0,1971688
page_index,time_cycles
0,1608284
page_index,time_cycles
0,2349514
page_index,time_cycles
0,3510600
page_index,time_cycles
0,1721478
page_index,time_cycles
0,2457216
page_index,time_cycles
0,731582
page_index,time_cycles
0,906328
page_index,time_cycles
0,890510
page_index,time_cycles
0,1942662
page_index,time_cycles
0,1520684
page_index,time_cycles
0,2229716
page_index,time_cycles
0,1621738
page_index,time_cycles
0,1872678
page_index,time_cycles
0,2085238
page_index,time_cycles
0,2229516
page_index,time_cycles
0,2359326
page_index,time_cycles
0,1448558
page_index,time_cycles
0,1570300
page_index,time_cycles
0,1448016
page_index,time_cycles
0,1622336
page_index,time_cycles
0,645996
page_index,time_cycles
0,1748232
page_index,time_cycles
0,1080330
page_index,time_cycles
0,1045430
page_index,time_cycles
0,741912
page_index,time_cycles
0,1662506
page_index,time_cycles
0,2131214
page_index,time_cycles
0,2420712
page_index,time_cycles
0,1639306
page_index,time_cycles
0,1656052
page_index,time_cycles
0,1962836
page_index,time_cycles
0,786714
page_index,time_cycles
0,1464160
page_index,time_cycles
0,2612058
page_index,time_cycles
0,1833512
page_index,time_cycles
0,1759120
page_index,time_cycles
0,1177766
page_index,time_cycles
0,2102714
page_index,time_cycles
0,2492658
page_index,time_cycles
0,1788306
page_index,time_cycles
0,2342574
page_index,time_cycles
0,732098
page_index,time_cycles
0,2327382
page_index,time_cycles
0,2461620
page_index,time_cycles
0,1664780
page_index,time_cycles
0,1975814
page_index,time_cycles
0,1904260
page_index,time_cycles
0,2167212
page_index,time_cycles
0,2806650
page_index,time_cycles
0,2033450
page_index,time_cycles
0,781558
page_index,time_cycles
0,1818588
page_index,time_cycles
0,2324396
page_index,time_cycles
0,712144
page_index,time_cycles
0,1635766
page_index,time_cycles
0,2401686
page_index,time_cycles
0,1571218
page_index,time_cycles
0,645720
page_index,time_cycles
0,849646
page_index,time_cycles
0,768170
page_index,time_cycles
0,1913532
page_index,time_cycles
0,2120654
page_index,time_cycles
0,1147776
page_index,time_cycles
0,1348906
page_index,time_cycles
0,2369814
page_index,time_cycles
0,705002
page_index,time_cycles
0,1070064
page_index,time_cycles
0,2355054
page_index,time_cycles
0,2218820
page_index,time_cycles
0,702730
page_index,time_cycles
0,1603396
page_index,time_cycles
0,1217062
page_index,time_cycles
0,755192
page_index,time_cycles
0,2489916
page_index,time_cycles
0,1156774
page_index,time_cycles
0,1582342
page_index,time_cycles
0,2155930
page_index,time_cycles
0,1866782
page_index,time_cycles
0,1660544
page_index,time_cycles
0,1070814
page_index,time_cycles
0,1355846
page_index,time_cycles
0,1053680
page_index,time_cycles
0,2556016
page_index,time_cycles
0,2034200
page_index,time_cycles
0,1747854
page_index,time_cycles
0,2082998
page_index,time_cycles
0,2320560
page_index,time_cycles
0,1953196
page_index,time_cycles
0,1421076
page_index,time_cycles
0,1834454
page_index,time_cycles
0,1089592
page_index,time_cycles
0,1382542
page_index,time_cycles
0,1429942
page_index,time_cycles
0,1633178
page_index,time_cycles
0,1271732
page_index,time_cycles
0,1821898
page_index,time_cycles
0,2821406
page_index,time_cycles
0,1066306
page_index,time_cycles
0,1978628
page_index,time_cycles
0,1617718
page_index,time_cycles
0,3393812
page_index,time_cycles
0,2455612
page_index,time_cycles
0,2060864
page_index,time_cycles
0,1713572
page_index,time_cycles
0,2033656
page_index,time_cycles
0,1209528
page_index,time_cycles
0,698912
page_index,time_cycles
0,1807150
page_index,time_cycles
0,2442914
page_index,time_cycles
0,1952294
page_index,time_cycles
0,2850680
page_index,time_cycles
0,630190
page_index,time_cycles
0,916048
page_index,time_cycles
0,3764402
page_index,time_cycles
0,2477528
page_index,time_cycles
0,1935712
page_index,time_cycles
0,2139690
page_index,time_cycles
0,799572
page_index,time_cycles
0,908134
page_index,time_cycles
0,1602096
page_index,time_cycles
0,2181374
page_index,time_cycles
0,2343458
page_index,time_cycles
0,1806540
page_index,time_cycles
0,1304620
page_index,time_cycles
0,1778226
page_index,time_cycles
0,750696
page_index,time_cycles
0,1620362
page_index,time_cycles
0,740468
page_index,time_cycles
0,2190500
page_index,time_cycles
0,854380
page_index,time_cycles
0,2733590
page_index,time_cycles
0,2699074
page_index,time_cycles
0,1630720
page_index,time_cycles
0,1200482
page_index,time_cycles
0,2187390
page_index,time_cycles
0,3082226
page_index,time_cycles
0,1655684
page_index,time_cycles
0,2433384
page_index,time_cycles
0,2936214
page_index,time_cycles
0,1983646
page_index,time_cycles
0,1734038
page_index,time_cycles
0,1783206
page_index,time_cycles
0,1657786
page_index,time_cycles
0,1514170
page_index,time_cycles
0,2250778
page_index,time_cycles
0,1680686
page_index,time_cycles
0,804370
page_index,time_cycles
0,2509798
page_index,time_cycles
0,2463296
page_index,time_cycles
0,1535900
page_index,time_cycles
0,1764286
page_index,time_cycles
0,2342362
page_index,time_cycles
0,1018086
page_index,time_cycles
0,1476086
page_index,time_cycles
0,1734458
page_index,time_cycles
0,793808
page_index,time_cycles
0,2221876
page_index,time_cycles
0,1096360
page_index,time_cycles
0,770556
page_index,time_cycles
0,1041608
page_index,time_cycles
0,3502820
page_index,time_cycles
0,1703034
page_index,time_cycles
0,808530
page_index,time_cycles
0,1462510
page_index,time_cycles
0,2282386
page_index,time_cycles
0,1342440
page_index,time_cycles
0,613354
page_index,time_cycles
0,3148536
page_index,time_cycles
0,1562336
page_index,time_cycles
0,1842088
page_index,time_cycles
0,2212430
page_index,time_cycles
0,1545464
page_index,time_cycles
0,1865000
page_index,time_cycles
0,1920672
page_index,time_cycles
0,1212126
page_index,time_cycles
0,1955346
page_index,time_cycles
0,1842706
page_index,time_cycles
0,962950
page_index,time_cycles
0,1224872
page_index,time_cycles
0,1257474
page_index,time_cycles
0,2167956
page_index,time_cycles
0,1836072
page_index,time_cycles
0,2016176
page_index,time_cycles
0,1628558
page_index,time_cycles
0,2516114
page_index,time_cycles
0,1090782
page_index,time_cycles
0,1588264
page_index,time_cycles
0,1174470
page_index,time_cycles
0,2141822
page_index,time_cycles
0,1686248
page_index,time_cycles
0,1877432
page_index,time_cycles
0,2324456
page_index,time_cycles
0,2200624
page_index,time_cycles
0,1926268
page_index,time_cycles
0,1575422
page_index,time_cycles
0,1994086
page_index,time_cycles
0,3079904
page_index,time_cycles
0,1865042
page_index,time_cycles
0,1931258
page_index,time_cycles
0,733716
page_index,time_cycles
0,1594224
page_index,time_cycles
0,957174
page_index,time_cycles
0,710156
page_index,time_cycles
0,3287040
page_index,time_cycles
0,2091336
page_index,time_cycles
0,1892756
page_index,time_cycles
0,1918278
page_index,time_cycles
0,1137550
page_index,time_cycles
0,1658270
page_index,time_cycles
0,2188334
page_index,time_cycles
0,2729346
page_index,time_cycles
0,1767324
page_index,time_cycles
0,2629924
page_index,time_cycles
0,2878630
page_index,time_cycles
0,2058006
page_index,time_cycles
0,1003898
page_index,time_cycles
0,2443692
page_index,time_cycles
0,2232282
page_index,time_cycles
0,2118486
page_index,time_cycles
0,992934
page_index,time_cycles
0,1099256
page_index,time_cycles
0,1592162
page_index,time_cycles
0,3021080
page_index,time_cycles
0,2394982
page_index,time_cycles
0,1759106
page_index,time_cycles
0,818022
page_index,time_cycles
0,1582404
page_index,time_cycles
0,2922088
page_index,time_cycles
0,1816258
page_index,time_cycles
0,1408664
page_index,time_cycles
0,1244808
page_index,time_cycles
0,1864220
page_index,time_cycles
0,825624
page_index,time_cycles
0,1313826
page_index,time_cycles
0,2203588
page_index,time_cycles
0,1625710
page_index,time_cycles
0,734976
page_index,time_cycles
0,1149654
page_index,time_cycles
0,1263920
page_index,time_cycles
0,1971394
page_index,time_cycles
0,1207290
page_index,time_cycles
0,1548892
page_index,time_cycles
0,774556
page_index,time_cycles
0,1648056
page_index,time_cycles
0,1573824
page_index,time_cycles
0,1175454
page_index,time_cycles
0,1498252
page_index,time_cycles
0,849116
page_index,time_cycles
0,1918884
page_index,time_cycles
0,1547390
page_index,time_cycles
0,1793832
page_index,time_cycles
0,1803876
page_index,time_cycles
0,1451798
page_index,time_cycles
0,1437256
page_index,time_cycles
0,3029500
page_index,time_cycles
0,2107670
page_index,time_cycles
0,1197642
page_index,time_cycles
0,1922134
page_index,time_cycles
0,1758534
page_index,time_cycles
0,1249368
page_index,time_cycles
0,1216732
page_index,time_cycles
0,2024310
page_index,time_cycles
0,887692
page_index,time_cycles
0,1926926
page_index,time_cycles
0,2470198
page_index,time_cycles
0,1683866
page_index,time_cycles
0,911456
page_index,time_cycles
0,2301416
page_index,time_cycles
0,1277338
page_index,time_cycles
0,622356
page_index,time_cycles
0,1881890
page_index,time_cycles
0,1633410
page_index,time_cycles
0,2486338
page_index,time_cycles
0,1360422
page_index,time_cycles
0,1900664
page_index,time_cycles
0,669060
page_index,time_cycles
0,1501998
page_index,time_cycles
0,938558
page_index,time_cycles
0,1816054
page_index,time_cycles
0,1417964
page_index,time_cycles
0,1465576
page_index,time_cycles
0,1608266
page_index,time_cycles
0,1109498
page_index,time_cycles
0,1424970
page_index,time_cycles
0,769780
page_index,time_cycles
0,2269130
page_index,time_cycles
0,719338
page_index,time_cycles
0,1673016
page_index,time_cycles
0,1056548
page_index,time_cycles
0,1503058
page_index,time_cycles
0,1599282
page_index,time_cycles
0,2554586
page_index,time_cycles
0,2190436
page_index,time_cycles
0,2494646
page_index,time_cycles
0,661620
page_index,time_cycles
0,1470022
page_index,time_cycles
0,955556
page_index,time_cycles
0,1839914
page_index,time_cycles
0,1807716
page_index,time_cycles
0,790906
page_index,time_cycles
0,2278014
page_index,time_cycles
0,1583144
page_index,time_cycles
0,1800582
page_index,time_cycles
0,1176454
page_index,time_cycles
0,2188726
page_index,time_cycles
0,1582656
page_index,time_cycles
0,1249666
page_index,time_cycles
0,818036
page_index,time_cycles
0,2451248
page_index,time_cycles
0,1677954
page_index,time_cycles
0,2524416
page_index,time_cycles
0,2984668
page_index,time_cycles
0,2248076
page_index,time_cycles
0,2622018
page_index,time_cycles
0,1287952
page_index,time_cycles
0,1676678
page_index,time_cycles
0,1367344
page_index,time_cycles
0,1005148
page_index,time_cycles
0,1655232
page_index,time_cycles
0,2146662
page_index,time_cycles
0,2173908
page_index,time_cycles
0,599666
page_index,time_cycles
0,2613430
page_index,time_cycles
0,1381262
page_index,time_cycles
0,1414778
page_index,time_cycles
0,2369654
page_index,time_cycles
0,897952
page_index,time_cycles
0,2400312
page_index,time_cycles
0,1593078
page_index,time_cycles
0,916752
page_index,time_cycles
0,1752112
page_index,time_cycles
0,1710788
page_index,time_cycles
0,1399238
page_index,time_cycles
0,1653640
page_index,time_cycles
0,2123688
page_index,time_cycles
0,1991796
page_index,time_cycles
0,1123190
page_index,time_cycles
0,849396
page_index,time_cycles
0,1876676
page_index,time_cycles
0,2289406
page_index,time_cycles
0,806550
page_index,time_cycles
0,2007258
page_index,time_cycles
0,2183490
page_index,time_cycles
0,2175850
page_index,time_cycles
0,3466432
page_index,time_cycles
0,2545924
page_index,time_cycles
0,809808
page_index,time_cycles
0,1979976
page_index,time_cycles
0,909184
page_index,time_cycles
0,1642210
page_index,time_cycles
0,2446488
page_index,time_cycles
0,1713766
page_index,time_cycles
0,1549400
page_index,time_cycles
0,2573896
page_index,time_cycles
0,628210
page_index,time_cycles
0,3300522
page_index,time_cycles
0,1608686
page_index,time_cycles
0,1964490
page_index,time_cycles
0,2113656
page_index,time_cycles
0,1021514
page_index,time_cycles
0,1085640
page_index,time_cycles
0,674686
page_index,time_cycles
0,2334240
page_index,time_cycles
0,2718282
page_index,time_cycles
0,2714452
page_index,time_cycles
0,2431884
page_index,time_cycles
0,932860
page_index,time_cycles
0,2562916
page_index,time_cycles
0,1673146
page_index,time_cycles
0,1606686
page_index,time_cycles
0,1308110
page_index,time_cycles
0,2204352
page_index,time_cycles
0,2661066
page_index,time_cycles
0,2516028
page_index,time_cycles
0,1947560
page_index,time_cycles
0,2326296
page_index,time_cycles
0,1769872
page_index,time_cycles
0,1261268
page_index,time_cycles
0,1903612
page_index,time_cycles
0,1918734
page_index,time_cycles
0,1619658
page_index,time_cycles
0,2087668
page_index,time_cycles
0,1535608
page_index,time_cycles
0,1876158
page_index,time_cycles
0,2352006
page_index,time_cycles
0,1774974
page_index,time_cycles
0,1773576
page_index,time_cycles
0,1803068
page_index,time_cycles
0,717742
page_index,time_cycles
0,2239176
page_index,time_cycles
0,1305046
page_index,time_cycles
0,1993268
page_index,time_cycles
0,2258506
page_index,time_cycles
0,2331924
page_index,time_cycles
0,1779638
page_index,time_cycles
0,2188778
page_index,time_cycles
0,1789290
page_index,time_cycles
0,1412904
page_index,time_cycles
0,2051980
page_index,time_cycles
0,1490830
page_index,time_cycles
0,1509710
page_index,time_cycles
0,821294
page_index,time_cycles
0,2886854
page_index,time_cycles
0,3288408
page_index,time_cycles
0,1433234
page_index,time_cycles
0,712052
page_index,time_cycles
0,1142358
page_index,time_cycles
0,1250394
page_index,time_cycles
0,1901654
page_index,time_cycles
0,1299574
page_index,time_cycles
0,749776
page_index,time_cycles
0,2173686
page_index,time_cycles
0,2189912
page_index,time_cycles
0,1580734
page_index,time_cycles
0,1422290
page_index,time_cycles
0,1767480
page_index,time_cycles
0,1476402
page_index,time_cycles
0,1884924
page_index,time_cycles
0,2067062
page_index,time_cycles
0,2299396
page_index,time_cycles
0,974158
page_index,time_cycles
0,684576
page_index,time_cycles
0,2300300
page_index,time_cycles
0,708728
page_index,time_cycles
0,1781284
page_index,time_cycles
0,2121314
page_index,time_cycles
0,2536360
page_index,time_cycles
0,1758160
page_index,time_cycles
0,2945216
page_index,time_cycles
0,2422104
page_index,time_cycles
0,1675474
page_index,time_cycles
0,1671790
page_index,time_cycles
0,2107706
page_index,time_cycles
0,2187952
page_index,time_cycles
0,1678626
page_index,time_cycles
0,2229244
page_index,time_cycles
0,2074452
page_index,time_cycles
0,2326486
page_index,time_cycles
0,1758844
page_index,time_cycles
0,844068
page_index,time_cycles
0,1264388
page_index,time_cycles
0,2069424
page_index,time_cycles
0,1895930
page_index,time_cycles
0,2360356
page_index,time_cycles
0,707064
page_index,time_cycles
0,772164
page_index,time_cycles
0,900592
page_index,time_cycles
0,1391194
page_index,time_cycles
0,1701648
page_index,time_cycles
0,2362764
page_index,time_cycles
0,2547546
page_index,time_cycles
0,1303260
page_index,time_cycles
0,1530304
page_index,time_cycles
0,1834354
page_index,time_cycles
0,1365456
page_index,time_cycles
0,2451058
page_index,time_cycles
0,1468556
page_index,time_cycles
0,2314896
page_index,time_cycles
0,1976658
page_index,time_cycles
0,1882876
page_index,time_cycles
0,1745198
page_index,time_cycles
0,924526
page_index,time_cycles
0,1094978
page_index,time_cycles
0,1829494
page_index,time_cycles
0,2560278
page_index,time_cycles
0,1857450
page_index,time_cycles
0,812494
page_index,time_cycles
0,1934060
page_index,time_cycles
0,742848
page_index,time_cycles
0,1629962
page_index,time_cycles
0,1765740
page_index,time_cycles
0,1389620
page_index,time_cycles
0,1435178
page_index,time_cycles
0,2177554
page_index,time_cycles
0,1232470
page_index,time_cycles
0,1414828
page_index,time_cycles
0,1826182
page_index,time_cycles
0,2072024
page_index,time_cycles
0,2565650
page_index,time_cycles
0,679852
page_index,time_cycles
0,752194
page_index,time_cycles
0,1540518
page_index,time_cycles
0,939902
page_index,time_cycles
0,1360116
page_index,time_cycles
0,1884782
page_index,time_cycles
0,2100254
page_index,time_cycles
0,2139794
page_index,time_cycles
0,1135068
page_index,time_cycles
0,1205848
page_index,time_cycles
0,1329570
page_index,time_cycles
0,2975748
page_index,time_cycles
0,1886050
page_index,time_cycles
0,716266
page_index,time_cycles
0,1356576
page_index,time_cycles
0,2538830
page_index,time_cycles
0,1269484
page_index,time_cycles
0,1361454
page_index,time_cycles
0,1854090
page_index,time_cycles
0,3272078
page_index,time_cycles
0,1939890
page_index,time_cycles
0,1570766
page_index,time_cycles
0,1651308
page_index,time_cycles
0,672118
page_index,time_cycles
0,1172790
page_index,time_cycles
0,1920856
page_index,time_cycles
0,2573236
page_index,time_cycles
0,1300284
page_index,time_cycles
0,2248294
page_index,time_cycles
0,773544
page_index,time_cycles
0,1294440
page_index,time_cycles
0,2598654
page_index,time_cycles
0,2097232
page_index,time_cycles
0,3036830
page_index,time_cycles
0,4287636
page_index,time_cycles
0,1842996
page_index,time_cycles
0,609652
page_index,time_cycles
0,1282170
page_index,time_cycles
0,2878938
page_index,time_cycles
0,830920
page_index,time_cycles
0,1544004
page_index,time_cycles
0,1324398
page_index,time_cycles
0,1323212
page_index,time_cycles
0,959086
page_index,time_cycles
0,2342438
page_index,time_cycles
0,1695624
page_index,time_cycles
0,861670
page_index,time_cycles
0,1324014
page_index,time_cycles
0,2387602
page_index,time_cycles
0,1912138
page_index,time_cycles
0,1167760
page_index,time_cycles
0,2409902
page_index,time_cycles
0,1859664
page_index,time_cycles
0,1689320
page_index,time_cycles
0,1243634
page_index,time_cycles
0,2314390
page_index,time_cycles
0,2496978
page_index,time_cycles
0,1652272
page_index,time_cycles
0,2159842
page_index,time_cycles
0,2647912
page_index,time_cycles
0,1416368
page_index,time_cycles
0,700452
page_index,time_cycles
0,1478122
page_index,time_cycles
0,1773674
page_index,time_cycles
0,1868466
page_index,time_cycles
0,725272
page_index,time_cycles
0,838990
page_index,time_cycles
0,836976
page_index,time_cycles
0,1323694
page_index,time_cycles
0,1159598
page_index,time_cycles
0,1328808
page_index,time_cycles
0,1529350
page_index,time_cycles
0,1771818
page_index,time_cycles
0,1576570
page_index,time_cycles
0,1947810
page_index,time_cycles
0,1475260
page_index,time_cycles
0,1228558
page_index,time_cycles
0,1322280
page_index,time_cycles
0,969968
page_index,time_cycles
0,2312180
page_index,time_cycles
0,926630
page_index,time_cycles
0,2194564
page_index,time_cycles
0,864510
page_index,time_cycles
0,2123504
page_index,time_cycles
0,886902
page_index,time_cycles
0,2184878
page_index,time_cycles
0,1909024
page_index,time_cycles
0,2315394
page_index,time_cycles
0,1409538
page_index,time_cycles
0,987444
page_index,time_cycles
0,1770536
page_index,time_cycles
0,1672324
page_index,time_cycles
0,1950196
page_index,time_cycles
0,2673494
page_index,time_cycles
0,1544888
page_index,time_cycles
0,2469478
page_index,time_cycles
0,2398232
page_index,time_cycles
0,2210130
page_index,time_cycles
0,2088836
page_index,time_cycles
0,2887928
page_index,time_cycles
0,1377202
page_index,time_cycles
0,1768442
page_index,time_cycles
0,2276302
page_index,time_cycles
0,977882
page_index,time_cycles
0,1268154
page_index,time_cycles
0,1905912
page_index,time_cycles
0,2072796
page_index,time_cycles
0,1007522
page_index,time_cycles
0,2563724
page_index,time_cycles
0,652800
page_index,time_cycles
0,1788780
page_index,time_cycles
0,1312394
page_index,time_cycles
0,1453290
page_index,time_cycles
0,1018670
page_index,time_cycles
0,848766
page_index,time_cycles
0,1495392
page_index,time_cycles
0,838448
page_index,time_cycles
0,1982142
page_index,time_cycles
0,2000580
page_index,time_cycles
0,733306
page_index,time_cycles
0,777396
page_index,time_cycles
0,1358272
page_index,time_cycles
0,1382394
page_index,time_cycles
0,1607254
page_index,time_cycles
0,3070344
page_index,time_cycles
0,1258608
page_index,time_cycles
0,1826322
page_index,time_cycles
0,1303680
page_index,time_cycles
0,1267896
page_index,time_cycles
0,1198596
page_index,time_cycles
0,2067146
page_index,time_cycles
0,1971504
page_index,time_cycles
0,2083410
page_index,time_cycles
0,1113810
page_index,time_cycles
0,2724136
page_index,time_cycles
0,1772218
page_index,time_cycles
0,2177162
page_index,time_cycles
0,2077276
page_index,time_cycles
0,2003840
page_index,time_cycles
0,2027002
page_index,time_cycles
0,1804996
page_index,time_cycles
0,1374514
page_index,time_cycles
0,1541030
page_index,time_cycles
0,3048754
page_index,time_cycles
0,1896144
page_index,time_cycles
0,828068
page_index,time_cycles
0,2172108
page_index,time_cycles
0,1623988
page_index,time_cycles
0,1123042
page_index,time_cycles
0,1466434
page_index,time_cycles
0,1054532
page_index,time_cycles
0,3054000
page_index,time_cycles
0,666578
page_index,time_cycles
0,2065180
page_index,time_cycles
0,2238214
page_index,time_cycles
0,1587428
page_index,time_cycles
0,2018582
page_index,time_cycles
0,2482844
page_index,time_cycles
0,1127906
page_index,time_cycles
0,1081830
page_index,time_cycles
0,688582
page_index,time_cycles
0,1618160
page_index,time_cycles
0,2233198
page_index,time_cycles
0,1814936
page_index,time_cycles
0,3295384
page_index,time_cycles
0,1216830
page_index,time_cycles
0,1825072
page_index,time_cycles
0,982782
page_index,time_cycles
0,1041918
page_index,time_cycles
0,1815806
page_index,time_cycles
0,1925100
page_index,time_cycles
0,1944132
page_index,time_cycles
0,2729590
page_index,time_cycles
0,757294
page_index,time_cycles
0,1268694
page_index,time_cycles
0,849962
page_index,time_cycles
0,2096844
page_index,time_cycles
0,2165796
page_index,time_cycles
0,2323114
page_index,time_cycles
0,2346972
page_index,time_cycles
0,946030
page_index,time_cycles
0,1838958
page_index,time_cycles
0,3350910
page_index,time_cycles
0,1208338
page_index,time_cycles
0,2365446
page_index,time_cycles
0,2340288
page_index,time_cycles
0,838084
page_index,time_cycles
0,2343446
page_index,time_cycles
0,1647408
page_index,time_cycles
0,1772986
page_index,time_cycles
0,1792902
page_index,time_cycles
0,1665356
page_index,time_cycles
0,2075934
page_index,time_cycles
0,992062
page_index,time_cycles
0,1699978
page_index,time_cycles
0,1774626
page_index,time_cycles
0,650700
page_index,time_cycles
0,1934542
page_index,time_cycles
0,1399488
page_index,time_cycles
0,1277620
page_index,time_cycles
0,1244740
page_index,time_cycles
0,1872008
page_index,time_cycles
0,2437240
page_index,time_cycles
0,835916
page_index,time_cycles
0,2223336
page_index,time_cycles
0,2493260
page_index,time_cycles
0,2509094
page_index,time_cycles
0,1255724
page_index,time_cycles
0,1224614
page_index,time_cycles
0,2508048
page_index,time_cycles
0,989592
page_index,time_cycles
0,2135328
page_index,time_cycles
0,3378022
page_index,time_cycles
0,2124986
page_index,time_cycles
0,677434
page_index,time_cycles
0,1751608
page_index,time_cycles
0,2903996
page_index,time_cycles
0,905526
page_index,time_cycles
0,1609616
page_index,time_cycles
0,744798
page_index,time_cycles
0,1460422
page_index,time_cycles
0,3151970
page_index,time_cycles
0,752448
page_index,time_cycles
0,2502082
page_index,time_cycles
0,2691420
page_index,time_cycles
0,1741148
page_index,time_cycles
0,1482314
page_index,time_cycles
0,2157702
page_index,time_cycles
0,1815328
page_index,time_cycles
0,2687348
page_index,time_cycles
0,2829234
page_index,time_cycles
0,3439328
page_index,time_cycles
0,2044378
page_index,time_cycles
0,3094674
page_index,time_cycles
0,794872
page_index,time_cycles
0,2377812
page_index,time_cycles
0,953718
page_index,time_cycles
0,2171614
page_index,time_cycles
0,1904768
page_index,time_cycles
0,1567384
page_index,time_cycles
0,768562
page_index,time_cycles
0,1397276
page_index,time_cycles
0,2222330
page_index,time_cycles
0,1353718
page_index,time_cycles
0,1834282
page_index,time_cycles
0,1103904
page_index,time_cycles
0,2749808
page_index,time_cycles
0,1096902
page_index,time_cycles
0,1347502
page_index,time_cycles
0,1125972
page_index,time_cycles
0,815076
page_index,time_cycles
0,2597376
page_index,time_cycles
0,1120662
page_index,time_cycles
0,1166912
page_index,time_cycles
0,3034940
page_index,time_cycles
0,1690656
page_index,time_cycles
0,1757018
page_index,time_cycles
0,2605154
page_index,time_cycles
0,2737570
page_index,time_cycles
0,948284
page_index,time_cycles
0,1394468
page_index,time_cycles
0,2007312
page_index,time_cycles
0,2189522
page_index,time_cycles
0,953604
page_index,time_cycles
0,869758
page_index,time_cycles
0,2427004
page_index,time_cycles
0,882386
page_index,time_cycles
0,1720804
page_index,time_cycles
0,740140
page_index,time_cycles
0,623056
page_index,time_cycles
0,1355930
page_index,time_cycles
0,1446122
page_index,time_cycles
0,1688970
page_index,time_cycles
0,836916
page_index,time_cycles
0,2965480
page_index,time_cycles
0,1506060
page_index,time_cycles
0,2104018
page_index,time_cycles
0,2325858
page_index,time_cycles
0,1956040
page_index,time_cycles
0,2231954
page_index,time_cycles
0,1670986
page_index,time_cycles
0,2243440
page_index,time_cycles
0,1962696
page_index,time_cycles
0,898858
page_index,time_cycles
0,2343030
page_index,time_cycles
0,2570208
page_index,time_cycles
0,782910
page_index,time_cycles
0,960022
page_index,time_cycles
0,2875812
page_index,time_cycles
0,2206338
page_index,time_cycles
0,2185290
page_index,time_cycles
0,695858
page_index,time_cycles
0,2178434
page_index,time_cycles
0,1131026
page_index,time_cycles
0,783820
page_index,time_cycles
0,2048838
page_index,time_cycles
0,1725596
page_index,time_cycles
0,1884438
page_index,time_cycles
0,3917752
page_index,time_cycles
0,1636484
page_index,time_cycles
0,1884766
page_index,time_cycles
0,2916088
page_index,time_cycles
0,3642726
page_index,time_cycles
0,1534440
page_index,time_cycles
0,1532798
page_index,time_cycles
0,3054888
page_index,time_cycles
0,1237696
page_index,time_cycles
0,2043918
page_index,time_cycles
0,2727534
page_index,time_cycles
0,2050788
page_index,time_cycles
0,780282
page_index,time_cycles
0,1344470
page_index,time_cycles
0,2078486
page_index,time_cycles
0,2098652
page_index,time_cycles
0,1202832
page_index,time_cycles
0,1963038
page_index,time_cycles
0,890174
page_index,time_cycles
0,2046708
page_index,time_cycles
0,834462
page_index,time_cycles
0,1922408
page_index,time_cycles
0,953650
page_index,time_cycles
0,747146
page_index,time_cycles
0,1349806
page_index,time_cycles
0,2139014
page_index,time_cycles
0,1300472
page_index,time_cycles
0,751436
page_index,time_cycles
0,694376
page_index,time_cycles
0,1677684
page_index,time_cycles
0,2937280
page_index,time_cycles
0,1439756
page_index,time_cycles
0,1514238
page_index,time_cycles
0,1303814
page_index,time_cycles
0,1369182
page_index,time_cycles
0,1222296
page_index,time_cycles
0,1651440
page_index,time_cycles
0,1231776
page_index,time_cycles
0,1769588
page_index,time_cycles
0,1107542
page_index,time_cycles
0,2442078
page_index,time_cycles
0,1955824
page_index,time_cycles
0,1380330
page_index,time_cycles
0,728288
page_index,time_cycles
0,1276898
page_index,time_cycles
0,844472
page_index,time_cycles
0,2162470
page_index,time_cycles
0,1857396
page_index,time_cycles
0,3149168
page_index,time_cycles
0,1569512
page_index,time_cycles
0,3143846
page_index,time_cycles
0,789924
page_index,time_cycles
0,1149786
page_index,time_cycles
0,1488288
page_index,time_cycles
0,2790388
page_index,time_cycles
0,1763436
page_index,time_cycles
0,1869392
page_index,time_cycles
0,1612880
page_index,time_cycles
0,2937516
page_index,time_cycles
0,1684112
page_index,time_cycles
0,2166470
page_index,time_cycles
0,2108256
page_index,time_cycles
0,1285788
page_index,time_cycles
0,2085922
page_index,time_cycles
0,698416
page_index,time_cycles
0,2013708
page_index,time_cycles
0,2888412
page_index,time_cycles
0,774492
page_index,time_cycles
0,1764062
page_index,time_cycles
0,1755622
page_index,time_cycles
0,1807868
page_index,time_cycles
0,782680
page_index,time_cycles
0,1609680
page_index,time_cycles
0,2407928
page_index,time_cycles
0,2070798
page_index,time_cycles
0,2110492
page_index,time_cycles
0,956910
page_index,time_cycles
0,1730322
page_index,time_cycles
0,1890726
page_index,time_cycles
0,1960742
page_index,time_cycles
0,717876
page_index,time_cycles
0,2324024
page_index,time_cycles
0,1930908
page_index,time_cycles
0,1050090
page_index,time_cycles
0,2815286
page_index,time_cycles
0,1440344
page_index,time_cycles
0,2155804
page_index,time_cycles
0,1820926
page_index,time_cycles
0,2533180
page_index,time_cycles
0,2499830
page_index,time_cycles
0,1560408
page_index,time_cycles
0,1415714
page_index,time_cycles
0,1165046
page_index,time_cycles
0,2544864
page_index,time_cycles
0,747268
page_index,time_cycles
0,1869270
page_index,time_cycles
0,1747158
page_index,time_cycles
0,1689504
page_index,time_cycles
0,1869012
page_index,time_cycles
0,2070222
page_index,time_cycles
0,1456224
page_index,time_cycles
0,3338064
page_index,time_cycles
0,779632
page_index,time_cycles
0,2116228
page_index,time_cycles
0,1784302
page_index,time_cycles
0,2083604
page_index,time_cycles
0,1401184
page_index,time_cycles
0,1426980
page_index,time_cycles
0,1541182
page_index,time_cycles
0,1227906
page_index,time_cycles
0,1186466
page_index,time_cycles
0,2998662
page_index,time_cycles
0,3092626
page_index,time_cycles
0,2624182
page_index,time_cycles
0,1899692
page_index,time_cycles
0,2194514
page_index,time_cycles
0,2164344
page_index,time_cycles
0,1029406
page_index,time_cycles
0,1188422
page_index,time_cycles
0,2152402
page_index,time_cycles
0,1070344
page_index,time_cycles
0,1835160
page_index,time_cycles
0,1557900
page_index,time_cycles
0,2677006
page_index,time_cycles
0,1154078
page_index,time_cycles
0,1123850
page_index,time_cycles
0,1624938
page_index,time_cycles
0,1402618
page_index,time_cycles
0,1434582
page_index,time_cycles
0,1656436
page_index,time_cycles
0,1063206
page_index,time_cycles
0,2174034
page_index,time_cycles
0,1903944
page_index,time_cycles
0,2055262
page_index,time_cycles
0,1386124
page_index,time_cycles
0,1613832
page_index,time_cycles
0,816322
page_index,time_cycles
0,1501904
page_index,time_cycles
0,1647076
page_index,time_cycles
0,2199836
page_index,time_cycles
0,2082796
page_index,time_cycles
0,1569020
page_index,time_cycles
0,1059002
page_index,time_cycles
0,1334202
page_index,time_cycles
0,744998
page_index,time_cycles
0,651060
page_index,time_cycles
0,1886460
page_index,time_cycles
0,4565184
page_index,time_cycles
0,3265940
page_index,time_cycles
0,684236
page_index,time_cycles
0,1211418
page_index,time_cycles
0,2916930
page_index,time_cycles
0,2242634
page_index,time_cycles
0,1892144
page_index,time_cycles
0,2718076
page_index,time_cycles
0,1050640
page_index,time_cycles
0,2751620
page_index,time_cycles
0,815174
page_index,time_cycles
0,1984752
page_index,time_cycles
0,865722
page_index,time_cycles
0,1418118
page_index,time_cycles
0,2365372
page_index,time_cycles
0,722922
page_index,time_cycles
0,3064672
page_index,time_cycles
0,1225482
page_index,time_cycles
0,1677854
page_index,time_cycles
0,2049926
page_index,time_cycles
0,2398618
page_index,time_cycles
0,1858294
page_index,time_cycles
0,1142106
page_index,time_cycles
0,2205314
page_index,time_cycles
0,1988598
page_index,time_cycles
0,858626
page_index,time_cycles
0,3545000
page_index,time_cycles
0,2787044
page_index,time_cycles
0,4156576
page_index,time_cycles
0,2096994
page_index,time_cycles
0,2877866
page_index,time_cycles
0,2162554
page_index,time_cycles
0,2548796
page_index,time_cycles
0,1601796
page_index,time_cycles
0,760618
page_index,time_cycles
0,3434862
page_index,time_cycles
0,1391104
page_index,time_cycles
0,1464924
page_index,time_cycles
0,1394694
page_index,time_cycles
0,1165296
page_index,time_cycles
0,1952680
page_index,time_cycles
0,848058
page_index,time_cycles
0,2552488
page_index,time_cycles
0,1850854
page_index,time_cycles
0,1899612
page_index,time_cycles
0,2567356
page_index,time_cycles
0,2631528
page_index,time_cycles
0,2676994
page_index,time_cycles
0,813788
page_index,time_cycles
0,871408
page_index,time_cycles
0,1451514
page_index,time_cycles
0,798078
page_index,time_cycles
0,1253388
page_index,time_cycles
0,910098
page_index,time_cycles
0,1790264
page_index,time_cycles
0,2673106
page_index,time_cycles
0,1887718
page_index,time_cycles
0,1942060
page_index,time_cycles
0,2795040
page_index,time_cycles
0,2127630
page_index,time_cycles
0,1373358
page_index,time_cycles
0,2231136
page_index,time_cycles
0,1358714
page_index,time_cycles
0,2425682
page_index,time_cycles
0,2014424
page_index,time_cycles
0,1547662
page_index,time_cycles
0,957102
page_index,time_cycles
0,1771528
page_index,time_cycles
0,1631986
page_index,time_cycles
0,2359022
page_index,time_cycles
0,835898
page_index,time_cycles
0,747070
page_index,time_cycles
0,1531110
page_index,time_cycles
0,1613542
page_index,time_cycles
0,1451150
page_index,time_cycles
0,1638170
page_index,time_cycles
0,2230468
page_index,time_cycles
0,1470612
page_index,time_cycles
0,2884190
page_index,time_cycles
0,1680208
page_index,time_cycles
0,996418
page_index,time_cycles
0,1560260
page_index,time_cycles
0,1014748
page_index,time_cycles
0,1632314
page_index,time_cycles
0,2620938
page_index,time_cycles
0,827676
page_index,time_cycles
0,3014436
page_index,time_cycles
0,1928706
page_index,time_cycles
0,3433582
page_index,time_cycles
0,865198
page_index,time_cycles
0,1249128
page_index,time_cycles
0,2132792
page_index,time_cycles
0,647676
page_index,time_cycles
0,1832370
page_index,time_cycles
0,1394956
page_index,time_cycles
0,1880478
page_index,time_cycles
0,1539118
page_index,time_cycles
0,1053532
page_index,time_cycles
0,1821654
page_index,time_cycles
0,1533970
page_index,time_cycles
0,725318
page_index,time_cycles
0,1952174
page_index,time_cycles
0,3411834
page_index,time_cycles
0,960568
page_index,time_cycles
0,1761482
page_index,time_cycles
0,2150504
page_index,time_cycles
0,1538504
page_index,time_cycles
0,791418
page_index,time_cycles
0,1847488
page_index,time_cycles
0,2204118
page_index,time_cycles
0,2150300
page_index,time_cycles
0,1978540
page_index,time_cycles
0,2209148
page_index,time_cycles
0,1908958
page_index,time_cycles
0,1435134
page_index,time_cycles
0,836004
page_index,time_cycles
0,1633176
page_index,time_cycles
0,2027056
page_index,time_cycles
0,2392740
page_index,time_cycles
0,1068938
page_index,time_cycles
0,787470
page_index,time_cycles
0,1191714
page_index,time_cycles
0,834392
page_index,time_cycles
0,1064978
page_index,time_cycles
0,990948
page_index,time_cycles
0,3705424
page_index,time_cycles
0,954430
page_index,time_cycles
0,1495262
page_index,time_cycles
0,2348836
page_index,time_cycles
0,1424844
page_index,time_cycles
0,1594894
page_index,time_cycles
0,1813690
page_index,time_cycles
0,628654
page_index,time_cycles
0,1569336
page_index,time_cycles
0,1604380
page_index,time_cycles
0,1152690
page_index,time_cycles
0,649204
page_index,time_cycles
0,707912
page_index,time_cycles
0,2454702
page_index,time_cycles
0,786354
page_index,time_cycles
0,1767120
page_index,time_cycles
0,1257952
page_index,time_cycles
0,1426938
page_index,time_cycles
0,825078
page_index,time_cycles
0,1303618
page_index,time_cycles
0,925448
page_index,time_cycles
0,1799274
page_index,time_cycles
0,1056266
page_index,time_cycles
0,2291482
page_index,time_cycles
0,2673918
page_index,time_cycles
0,1439498
page_index,time_cycles
0,3198594
page_index,time_cycles
0,2008486
page_index,time_cycles
0,2007916
page_index,time_cycles
0,756804
page_index,time_cycles
0,1330030
page_index,time_cycles
0,2210466
page_index,time_cycles
0,1150916
page_index,time_cycles
0,1453140
page_index,time_cycles
0,2093422
page_index,time_cycles
0,2460992
page_index,time_cycles
0,718870
page_index,time_cycles
0,1551594
page_index,time_cycles
0,636378
page_index,time_cycles
0,1517800
page_index,time_cycles
0,1850306
page_index,time_cycles
0,913062
page_index,time_cycles
0,1114642
page_index,time_cycles
0,2536140
page_index,time_cycles
0,2170632
page_index,time_cycles
0,983770
page_index,time_cycles
0,1199742
page_index,time_cycles
0,2612018
page_index,time_cycles
0,1854250
page_index,time_cycles
0,2234960
page_index,time_cycles
0,1688200
page_index,time_cycles
0,1948876
page_index,time_cycles
0,1448706
page_index,time_cycles
0,800254
page_index,time_cycles
0,1249904
page_index,time_cycles
0,2743414
page_index,time_cycles
0,2560440
page_index,time_cycles
0,893752
page_index,time_cycles
0,2031472
page_index,time_cycles
0,1355260
page_index,time_cycles
0,793340
page_index,time_cycles
0,1443168
page_index,time_cycles
0,1395352
page_index,time_cycles
0,1864734
page_index,time_cycles
0,1130432
page_index,time_cycles
0,1016684
page_index,time_cycles
0,1510116
page_index,time_cycles
0,682102
page_index,time_cycles
0,1480092
page_index,time_cycles
0,2113412
page_index,time_cycles
0,902124
page_index,time_cycles
0,3346230
page_index,time_cycles
0,735158
page_index,time_cycles
0,2279016
page_index,time_cycles
0,1829998
page_index,time_cycles
0,2526668
page_index,time_cycles
0,844626
page_index,time_cycles
0,2665310
page_index,time_cycles
0,1675644
page_index,time_cycles
0,824136
page_index,time_cycles
0,1251214
page_index,time_cycles
0,2665782
page_index,time_cycles
0,2479940
page_index,time_cycles
0,1747672
page_index,time_cycles
0,752522
page_index,time_cycles
0,1449626
page_index,time_cycles
0,2285354
page_index,time_cycles
0,991840
page_index,time_cycles
0,1710440
page_index,time_cycles
0,648866
page_index,time_cycles
0,1295090
page_index,time_cycles
0,2309126
page_index,time_cycles
0,2372130
page_index,time_cycles
0,888570
page_index,time_cycles
0,2260682
page_index,time_cycles
0,1920280
page_index,time_cycles
0,1543990
page_index,time_cycles
0,1821814
page_index,time_cycles
0,2620000
page_index,time_cycles
0,1889472
page_index,time_cycles
0,1822204
page_index,time_cycles
0,1311640
page_index,time_cycles
0,2474268
page_index,time_cycles
0,1609418
page_index,time_cycles
0,923254
page_index,time_cycles
0,1868400
page_index,time_cycles
0,1673298
page_index,time_cycles
0,1770076
page_index,time_cycles
0,1699864
page_index,time_cycles
0,1919048
page_index,time_cycles
0,1180134
page_index,time_cycles
0,2035468
page_index,time_cycles
0,1586364
page_index,time_cycles
0,1550624
page_index,time_cycles
0,2909788
page_index,time_cycles
0,1540694
page_index,time_cycles
0,2261348
page_index,time_cycles
0,1573412
page_index,time_cycles
0,1967422
page_index,time_cycles
0,2505068
page_index,time_cycles
0,1135874
page_index,time_cycles
0,950792
page_index,time_cycles
0,2272402
page_index,time_cycles
0,2394536
page_index,time_cycles
0,736454
page_index,time_cycles
0,2210438
page_index,time_cycles
0,1688618
page_index,time_cycles
0,1331286
page_index,time_cycles
0,1164702
page_index,time_cycles
0,739910
page_index,time_cycles
0,2814980
page_index,time_cycles
0,704512
page_index,time_cycles
0,1702868
page_index,time_cycles
0,2077574
page_index,time_cycles
0,1728970
page_index,time_cycles
0,2105252
page_index,time_cycles
0,1360390
page_index,time_cycles
0,1304390
page_index,time_cycles
0,710550
page_index,time_cycles
0,807872
page_index,time_cycles
0,1741622
page_index,time_cycles
0,1281614
page_index,time_cycles
0,1203782
page_index,time_cycles
0,2036614
page_index,time_cycles
0,1620868
page_index,time_cycles
0,2145838
page_index,time_cycles
0,1454484
page_index,time_cycles
0,1272428
page_index,time_cycles
0,2853754
page_index,time_cycles
0,2207516
page_index,time_cycles
0,1701062
page_index,time_cycles
0,2496928
page_index,time_cycles
0,1936440
page_index,time_cycles
0,1756692
page_index,time_cycles
0,1655606
page_index,time_cycles
0,3041674
page_index,time_cycles
0,972342
page_index,time_cycles
0,2534508
page_index,time_cycles
0,2294890
page_index,time_cycles
0,785884
page_index,time_cycles
0,739394
page_index,time_cycles
0,1294948
page_index,time_cycles
0,2017584
page_index,time_cycles
0,1499084
page_index,time_cycles
0,2503350
page_index,time_cycles
0,2147528
page_index,time_cycles
0,2579106
page_index,time_cycles
0,2175674
page_index,time_cycles
0,855466
page_index,time_cycles
0,991886
page_index,time_cycles
0,1135966
page_index,time_cycles
0,667418
page_index,time_cycles
0,1217912
page_index,time_cycles
0,1832848
page_index,time_cycles
0,2587792
page_index,time_cycles
0,1097356
page_index,time_cycles
0,2870226
page_index,time_cycles
0,1156814
page_index,time_cycles
0,2279808
page_index,time_cycles
0,1582330
page_index,time_cycles
0,1913886
page_index,time_cycles
0,1498726
page_index,time_cycles
0,1858718
page_index,time_cycles
0,1302416
page_index,time_cycles
0,3128984
page_index,time_cycles
0,1318840
page_index,time_cycles
0,642760
page_index,time_cycles
0,2994832
page_index,time_cycles
0,2213500
page_index,time_cycles
0,1447540
page_index,time_cycles
0,2565960
page_index,time_cycles
0,2494754
page_index,time_cycles
0,2290324
page_index,time_cycles
0,1897656
page_index,time_cycles
0,2679736
page_index,time_cycles
0,707004
page_index,time_cycles
0,2060160
page_index,time_cycles
0,2260402
page_index,time_cycles
0,1554604
page_index,time_cycles
0,2476076
page_index,time_cycles
0,2217524
page_index,time_cycles
0,2118640
page_index,time_cycles
0,2013576
page_index,time_cycles
0,1444468
page_index,time_cycles
0,3114756
page_index,time_cycles
0,820930
page_index,time_cycles
0,1776384
page_index,time_cycles
0,2323850
page_index,time_cycles
0,1112532
page_index,time_cycles
0,670554
page_index,time_cycles
0,665070
page_index,time_cycles
0,2831748
page_index,time_cycles
0,1837710
page_index,time_cycles
0,2119126
page_index,time_cycles
0,1753982
page_index,time_cycles
0,2318052
page_index,time_cycles
0,1225174
page_index,time_cycles
0,2504100
page_index,time_cycles
0,1851806
page_index,time_cycles
0,2250214
page_index,time_cycles
0,1871202
page_index,time_cycles
0,988752
page_index,time_cycles
0,2034474
page_index,time_cycles
0,2591364
page_index,time_cycles
0,1558658
page_index,time_cycles
0,1571490
page_index,time_cycles
0,687290
page_index,time_cycles
0,2021648
page_index,time_cycles
0,2351582
page_index,time_cycles
0,1681258
page_index,time_cycles
0,769266
page_index,time_cycles
0,770990
page_index,time_cycles
0,830628
page_index,time_cycles
0,2547060
page_index,time_cycles
0,4185804
page_index,time_cycles
0,2046938
page_index,time_cycles
0,3965142
page_index,time_cycles
0,1575604
page_index,time_cycles
0,2644150
page_index,time_cycles
0,754732
page_index,time_cycles
0,1038654
page_index,time_cycles
0,648992
page_index,time_cycles
0,1279526
page_index,time_cycles
0,746358
page_index,time_cycles
0,1262102
page_index,time_cycles
0,1566332
page_index,time_cycles
0,1529320
page_index,time_cycles
0,3121758
page_index,time_cycles
0,3474628
page_index,time_cycles
0,1813752
page_index,time_cycles
0,3122284
page_index,time_cycles
0,1859162
page_index,time_cycles
0,1612990
page_index,time_cycles
0,1807376
page_index,time_cycles
0,1034710
page_index,time_cycles
0,2201392
page_index,time_cycles
0,1811942
page_index,time_cycles
0,1231996
page_index,time_cycles
0,732260
page_index,time_cycles
0,1530498
page_index,time_cycles
0,2415842
page_index,time_cycles
0,1494558
page_index,time_cycles
0,1260602
page_index,time_cycles
0,875964
page_index,time_cycles
0,2641354
page_index,time_cycles
0,705302
page_index,time_cycles
0,1270846
page_index,time_cycles
0,1296616
page_index,time_cycles
0,1322632
page_index,time_cycles
0,2549754
page_index,time_cycles
0,1860410
page_index,time_cycles
0,2569394
page_index,time_cycles
0,824530
page_index,time_cycles
0,638028
page_index,time_cycles
0,1571628
page_index,time_cycles
0,721990
page_index,time_cycles
0,1395734
page_index,time_cycles
0,2413844
page_index,time_cycles
0,2670064
page_index,time_cycles
0,1598788
page_index,time_cycles
0,2753308
page_index,time_cycles
0,1463784
page_index,time_cycles
0,1804716
page_index,time_cycles
0,1376550
page_index,time_cycles
0,2086434
page_index,time_cycles
0,1942562
page_index,time_cycles
0,2103220
page_index,time_cycles
0,1615382
page_index,time_cycles
0,1359876
page_index,time_cycles
0,1606420
page_index,time_cycles
0,2807672
page_index,time_cycles
0,2190876
page_index,time_cycles
0,635542
page_index,time_cycles
0,810394
page_index,time_cycles
0,1201274
page_index,time_cycles
0,2543896
page_index,time_cycles
0,2342792
page_index,time_cycles
0,844092
page_index,time_cycles
0,2324504
page_index,time_cycles
0,857754
page_index,time_cycles
0,1963114
page_index,time_cycles
0,798856
page_index,time_cycles
0,1179014
page_index,time_cycles
0,928162
page_index,time_cycles
0,1691324
page_index,time_cycles
0,2928082
page_index,time_cycles
0,1284556
page_index,time_cycles
0,2270222
page_index,time_cycles
0,1319478
page_index,time_cycles
0,1606210
page_index,time_cycles
0,1489298
page_index,time_cycles
0,2511822
page_index,time_cycles
0,1655684
page_index,time_cycles
0,2179604
page_index,time_cycles
0,1868810
page_index,time_cycles
0,2699268
page_index,time_cycles
0,2458336
page_index,time_cycles
0,1868378
page_index,time_cycles
0,1017548
page_index,time_cycles
0,1536366
page_index,time_cycles
0,1215266
page_index,time_cycles
0,1806678
page_index,time_cycles
0,2079924
page_index,time_cycles
0,2012790
page_index,time_cycles
0,1031808
page_index,time_cycles
0,1604888
page_index,time_cycles
0,1847170
page_index,time_cycles
0,1897318
page_index,time_cycles
0,1527770
page_index,time_cycles
0,2695964
page_index,time_cycles
0,2119976
page_index,time_cycles
0,841438
page_index,time_cycles
0,1981304
page_index,time_cycles
0,1885238
page_index,time_cycles
0,1189692
page_index,time_cycles
0,2742796
page_index,time_cycles
0,3064866
page_index,time_cycles
0,844254
page_index,time_cycles
0,1314922
page_index,time_cycles
0,2534194
page_index,time_cycles
0,1540380
page_index,time_cycles
0,1546440
page_index,time_cycles
0,1375422
page_index,time_cycles
0,1952234
page_index,time_cycles
0,1178508
page_index,time_cycles
0,1171248
page_index,time_cycles
0,2000074
page_index,time_cycles
0,1233152
page_index,time_cycles
0,1447588
page_index,time_cycles
0,1782710
page_index,time_cycles
0,2431968
page_index,time_cycles
0,2647054
page_index,time_cycles
0,1483454
page_index,time_cycles
0,845926
page_index,time_cycles
0,1646850
page_index,time_cycles
0,1236150
page_index,time_cycles
0,1213510
page_index,time_cycles
0,1308792
page_index,time_cycles
0,791688
page_index,time_cycles
0,993074
page_index,time_cycles
0,2889750
page_index,time_cycles
0,1556038
page_index,time_cycles
0,2335052
page_index,time_cycles
0,1371758
page_index,time_cycles
0,819932
page_index,time_cycles
0,632840
page_index,time_cycles
0,1188154
page_index,time_cycles
0,703848
page_index,time_cycles
0,1460706
page_index,time_cycles
0,619550
page_index,time_cycles
0,1805570
page_index,time_cycles
0,1320364
page_index,time_cycles
0,2353560
page_index,time_cycles
0,1193998
page_index,time_cycles
0,2245584
page_index,time_cycles
0,812662
page_index,time_cycles
0,960276
page_index,time_cycles
0,926736
page_index,time_cycles
0,994158
page_index,time_cycles
0,808530
page_index,time_cycles
0,1715810
page_index,time_cycles
0,2661354
page_index,time_cycles
0,1812338
page_index,time_cycles
0,1094688
page_index,time_cycles
0,2502310
page_index,time_cycles
0,1546696
page_index,time_cycles
0,2430488
page_index,time_cycles
0,1842402
page_index,time_cycles
0,3692178
page_index,time_cycles
0,2265412
page_index,time_cycles
0,1072898
page_index,time_cycles
0,1340904
page_index,time_cycles
0,1074134
page_index,time_cycles
0,1464486
page_index,time_cycles
0,4981958
page_index,time_cycles
0,2101738
page_index,time_cycles
0,1075536
page_index,time_cycles
0,2274360
page_index,time_cycles
0,1269482
page_index,time_cycles
0,1594054
page_index,time_cycles
0,1933228
page_index,time_cycles
0,3037954
page_index,time_cycles
0,1848438
page_index,time_cycles
0,2534886
page_index,time_cycles
0,2255506
page_index,time_cycles
0,2097970
page_index,time_cycles
0,1441180
page_index,time_cycles
0,2065360
page_index,time_cycles
0,2145650
page_index,time_cycles
0,1487974
page_index,time_cycles
0,2128792
page_index,time_cycles
0,1948252
page_index,time_cycles
0,1966602
page_index,time_cycles
0,2254766
page_index,time_cycles
0,1403260
page_index,time_cycles
0,1130426
page_index,time_cycles
0,679396
page_index,time_cycles
0,2705822
page_index,time_cycles
0,1565026
page_index,time_cycles
0,2987634
page_index,time_cycles
0,2386304
page_index,time_cycles
0,3022486
page_index,time_cycles
0,1434394
page_index,time_cycles
0,2536558
page_index,time_cycles
0,2195706
page_index,time_cycles
0,797690
page_index,time_cycles
0,900064
page_index,time_cycles
0,1731132
page_index,time_cycles
0,2180698
page_index,time_cycles
0,2041036
page_index,time_cycles
0,1495414
page_index,time_cycles
0,1260122
page_index,time_cycles
0,1668486
page_index,time_cycles
0,2523674
page_index,time_cycles
0,978222
page_index,time_cycles
0,1482776
page_index,time_cycles
0,868370
page_index,time_cycles
0,1382570
page_index,time_cycles
0,3134462
page_index,time_cycles
0,2159214
page_index,time_cycles
0,1276534
page_index,time_cycles
0,1581762
page_index,time_cycles
0,608752
page_index,time_cycles
0,3086980
page_index,time_cycles
0,1639394
page_index,time_cycles
0,727954
page_index,time_cycles
0,1998430
page_index,time_cycles
0,1996296
page_index,time_cycles
0,2391712
page_index,time_cycles
0,1939144
page_index,time_cycles
0,1963610
page_index,time_cycles
0,1764262
page_index,time_cycles
0,919378
page_index,time_cycles
0,670394
page_index,time_cycles
0,2070780
page_index,time_cycles
0,1349860
page_index,time_cycles
0,1380004
page_index,time_cycles
0,1305924
page_index,time_cycles
0,2823856
page_index,time_cycles
0,1882168
page_index,time_cycles
0,2456230
page_index,time_cycles
0,1098844
page_index,time_cycles
0,1057878
page_index,time_cycles
0,1585120
page_index,time_cycles
0,2276960
page_index,time_cycles
0,1621002
page_index,time_cycles
0,1878984
page_index,time_cycles
0,665064
page_index,time_cycles
0,1366450
page_index,time_cycles
0,2714068
page_index,time_cycles
0,864274
page_index,time_cycles
0,1995326
page_index,time_cycles
0,1625746
page_index,time_cycles
0,2848354
page_index,time_cycles
0,828390
page_index,time_cycles
0,2390358
page_index,time_cycles
0,1352690
page_index,time_cycles
0,824120
page_index,time_cycles
0,1817316
page_index,time_cycles
0,1192946
page_index,time_cycles
0,629014
page_index,time_cycles
0,751370
page_index,time_cycles
0,1338614
page_index,time_cycles
0,2942140
page_index,time_cycles
0,2403676
page_index,time_cycles
0,1277536
page_index,time_cycles
0,2060460
page_index,time_cycles
0,1674356
page_index,time_cycles
0,1389972
page_index,time_cycles
0,718030
page_index,time_cycles
0,3573038
page_index,time_cycles
0,769324
page_index,time_cycles
0,2205190
page_index,time_cycles
0,1827780
page_index,time_cycles
0,661728
page_index,time_cycles
0,1282882
page_index,time_cycles
0,1338846
page_index,time_cycles
0,1410126
page_index,time_cycles
0,2849248
page_index,time_cycles
0,2096302
page_index,time_cycles
0,2233074
page_index,time_cycles
0,2253104
page_index,time_cycles
0,2011492
page_index,time_cycles
0,1700326
page_index,time_cycles
0,2758328
page_index,time_cycles
0,1845270
page_index,time_cycles
0,1562478
page_index,time_cycles
0,1218192
page_index,time_cycles
0,1173158
page_index,time_cycles
0,2831742
page_index,time_cycles
0,1705400
page_index,time_cycles
0,2082500
page_index,time_cycles
0,2264810
page_index,time_cycles
0,2054376
page_index,time_cycles
0,2159518
page_index,time_cycles
0,2057486
page_index,time_cycles
0,1117154
page_index,time_cycles
0,1835138
page_index,time_cycles
0,984202
page_index,time_cycles
0,2294478
page_index,time_cycles
0,1896900
page_index,time_cycles
0,1803906
page_index,time_cycles
0,2006216
page_index,time_cycles
0,2716256
page_index,time_cycles
0,1825976
page_index,time_cycles
0,2085892
page_index,time_cycles
0,1643314
page_index,time_cycles
0,1879300
page_index,time_cycles
0,1771050
page_index,time_cycles
0,2114920
page_index,time_cycles
0,1835228
page_index,time_cycles
0,759918
page_index,time_cycles
0,1247444
page_index,time_cycles
0,1332432
page_index,time_cycles
0,2146494
page_index,time_cycles
0,2329008
page_index,time_cycles
0,1608704
page_index,time_cycles
0,2047636
page_index,time_cycles
0,3198266
page_index,time_cycles
0,1627800
page_index,time_cycles
0,1542910
page_index,time_cycles
0,819098
page_index,time_cycles
0,2182528
page_index,time_cycles
0,2471806
page_index,time_cycles
0,787690
page_index,time_cycles
0,2883720
page_index,time_cycles
0,2507756
page_index,time_cycles
0,1379062
page_index,time_cycles
0,603460
page_index,time_cycles
0,1113000
page_index,time_cycles
0,2620788
page_index,time_cycles
0,1263946
page_index,time_cycles
0,2570816
page_index,time_cycles
0,1849854
page_index,time_cycles
0,1657456
page_index,time_cycles
0,1672580
page_index,time_cycles
0,1936856
page_index,time_cycles
0,1193576
page_index,time_cycles
0,1005718
page_index,time_cycles
0,2800708
page_index,time_cycles
0,2838352
page_index,time_cycles
0,1067206
page_index,time_cycles
0,2428878
page_index,time_cycles
0,1817152
page_index,time_cycles
0,668936
page_index,time_cycles
0,1694006
page_index,time_cycles
0,2118700
page_index,time_cycles
0,1809782
page_index,time_cycles
0,1332120
page_index,time_cycles
0,695342
page_index,time_cycles
0,2016048
page_index,time_cycles
0,2764780
page_index,time_cycles
0,1620158
page_index,time_cycles
0,711212
page_index,time_cycles
0,2247498
page_index,time_cycles
0,1254212
page_index,time_cycles
0,2950830
page_index,time_cycles
0,1784028
page_index,time_cycles
0,2320910
page_index,time_cycles
0,1196452
page_index,time_cycles
0,1287830
page_index,time_cycles
0,1442986
page_index,time_cycles
0,3611358
page_index,time_cycles
0,776928
page_index,time_cycles
0,2242974
page_index,time_cycles
0,788936
page_index,time_cycles
0,2287726
page_index,time_cycles
0,2557476
page_index,time_cycles
0,1517404
page_index,time_cycles
0,1869418
page_index,time_cycles
0,1658740
page_index,time_cycles
0,1507276
page_index,time_cycles
0,1245746
page_index,time_cycles
0,1136490
page_index,time_cycles
0,2377682
page_index,time_cycles
0,3528762
page_index,time_cycles
0,2310548
page_index,time_cycles
0,2255090
page_index,time_cycles
0,1855538
page_index,time_cycles
0,2050966
page_index,time_cycles
0,1222300
page_index,time_cycles
0,2785790
page_index,time_cycles
0,1835446
page_index,time_cycles
0,875630
page_index,time_cycles
0,2606354
page_index,time_cycles
0,2271210
page_index,time_cycles
0,780164
page_index,time_cycles
0,1906398
page_index,time_cycles
0,1961980
page_index,time_cycles
0,2014306
page_index,time_cycles
0,2053688
page_index,time_cycles
0,718050
page_index,time_cycles
0,854068
page_index,time_cycles
0,1001582
page_index,time_cycles
0,2241846
page_index,time_cycles
0,759342
page_index,time_cycles
0,1673922
page_index,time_cycles
0,2999062
page_index,time_cycles
0,2620104
page_index,time_cycles
0,2726868
page_index,time_cycles
0,1966694
page_index,time_cycles
0,1160786
page_index,time_cycles
0,1802184
page_index,time_cycles
0,1559842
page_index,time_cycles
0,669528
page_index,time_cycles
0,676062
page_index,time_cycles
0,1976124
page_index,time_cycles
0,3568948
page_index,time_cycles
0,1740020
page_index,time_cycles
0,1237068
page_index,time_cycles
0,1766456
page_index,time_cycles
0,933574
page_index,time_cycles
0,771920
page_index,time_cycles
0,2717784
page_index,time_cycles
0,811586
page_index,time_cycles
0,1223530
page_index,time_cycles
0,1405636
page_index,time_cycles
0,1179444
page_index,time_cycles
0,1742194
page_index,time_cycles
0,1570116
page_index,time_cycles
0,1266600
page_index,time_cycles
0,2940772
page_index,time_cycles
0,2076916
page_index,time_cycles
0,2171694
page_index,time_cycles
0,1765170
page_index,time_cycles
0,1457296
page_index,time_cycles
0,2258464
page_index,time_cycles
0,2220536
page_index,time_cycles
0,1220594
page_index,time_cycles
0,1406420
page_index,time_cycles
0,1536720
page_index,time_cycles
0,803228
page_index,time_cycles
0,2442888
page_index,time_cycles
0,1412018
page_index,time_cycles
0,2080686
page_index,time_cycles
0,2643498
page_index,time_cycles
0,1559114
page_index,time_cycles
0,1192390
page_index,time_cycles
0,2942238
page_index,time_cycles
0,1311008
page_index,time_cycles
0,2575256
page_index,time_cycles
0,1129248
page_index,time_cycles
0,1643200
page_index,time_cycles
0,2190928
page_index,time_cycles
0,3580064
page_index,time_cycles
0,1101764
page_index,time_cycles
0,1423912
page_index,time_cycles
0,1617864
page_index,time_cycles
0,1177794
page_index,time_cycles
0,1595082
page_index,time_cycles
0,1554776
page_index,time_cycles
0,1630320
page_index,time_cycles
0,2591564
page_index,time_cycles
0,1372996
page_index,time_cycles
0,875504
page_index,time_cycles
0,2190386
page_index,time_cycles
0,814536
page_index,time_cycles
0,842260
page_index,time_cycles
0,2173314
page_index,time_cycles
0,1538112
page_index,time_cycles
0,1642494
page_index,time_cycles
0,1784384
page_index,time_cycles
0,1922068
page_index,time_cycles
0,2376260
page_index,time_cycles
0,742954
page_index,time_cycles
0,1790950
page_index,time_cycles
0,1803036
page_index,time_cycles
0,2003578
page_index,time_cycles
0,1580210
page_index,time_cycles
0,1150578
page_index,time_cycles
0,3177336
page_index,time_cycles
0,2780970
page_index,time_cycles
0,3149300
page_index,time_cycles
0,2051798
page_index,time_cycles
0,1569990
page_index,time_cycles
0,1176876
page_index,time_cycles
0,2068458
page_index,time_cycles
0,1821888
page_index,time_cycles
0,1671876
page_index,time_cycles
0,1581922
page_index,time_cycles
0,1956434
page_index,time_cycles
0,2096512
page_index,time_cycles
0,1914396
page_index,time_cycles
0,1023826
page_index,time_cycles
0,1597280
page_index,time_cycles
0,2110464
page_index,time_cycles
0,2070610
page_index,time_cycles
0,2267960
page_index,time_cycles
0,1998496
page_index,time_cycles
0,1587780
page_index,time_cycles
0,979934
page_index,time_cycles
0,2187562
page_index,time_cycles
0,1729864
page_index,time_cycles
0,2199268
page_index,time_cycles
0,2492838
page_index,time_cycles
0,2358628
page_index,time_cycles
0,1360322
page_index,time_cycles
0,1895688
page_index,time_cycles
0,1521742
page_index,time_cycles
0,1613124
page_index,time_cycles
0,1091850
page_index,time_cycles
0,1145814
page_index,time_cycles
0,1719830
page_index,time_cycles
0,1301324
page_index,time_cycles
0,832114
page_index,time_cycles
0,2238136
page_index,time_cycles
0,1476694
page_index,time_cycles
0,653392
page_index,time_cycles
0,1858998
page_index,time_cycles
0,753470
page_index,time_cycles
0,1997170
page_index,time_cycles
0,1178762
page_index,time_cycles
0,673932
page_index,time_cycles
0,4088392
page_index,time_cycles
0,2472394
page_index,time_cycles
0,1626404
page_index,time_cycles
0,1016810
page_index,time_cycles
0,2556204
page_index,time_cycles
0,2427042
page_index,time_cycles
0,4367154
page_index,time_cycles
0,1332048
page_index,time_cycles
0,865378
page_index,time_cycles
0,906454
page_index,time_cycles
0,967828
page_index,time_cycles
0,882624
page_index,time_cycles
0,1668556
page_index,time_cycles
0,943034
page_index,time_cycles
0,1730484
page_index,time_cycles
0,1994590
page_index,time_cycles
0,1382102
page_index,time_cycles
0,1094756
page_index,time_cycles
0,1855638
page_index,time_cycles
0,2016272
page_index,time_cycles
0,1376564
page_index,time_cycles
0,676710
page_index,time_cycles
0,2315476
page_index,time_cycles
0,2000286
page_index,time_cycles
0,1223734
page_index,time_cycles
0,2084718
page_index,time_cycles
0,1718346
page_index,time_cycles
0,799934
page_index,time_cycles
0,1499160
page_index,time_cycles
0,2573070
page_index,time_cycles
0,1685332
page_index,time_cycles
0,2196810
page_index,time_cycles
0,1996322
page_index,time_cycles
0,2506834
page_index,time_cycles
0,3048880
page_index,time_cycles
0,1784836
page_index,time_cycles
0,1893874
page_index,time_cycles
0,1214768
page_index,time_cycles
0,1637590
page_index,time_cycles
0,2144472
page_index,time_cycles
0,628586
page_index,time_cycles
0,846988
page_index,time_cycles
0,1780664
page_index,time_cycles
0,2721530
page_index,time_cycles
0,2883412
page_index,time_cycles
0,2429476
page_index,time_cycles
0,1283978
page_index,time_cycles
0,1067928
page_index,time_cycles
0,2091070
page_index,time_cycles
0,1714578
page_index,time_cycles
0,1231296
page_index,time_cycles
0,1334676
page_index,time_cycles
0,1154982
page_index,time_cycles
0,2464028
page_index,time_cycles
0,1244626
page_index,time_cycles
0,2299830
page_index,time_cycles
0,764748
page_index,time_cycles
0,1561544
page_index,time_cycles
0,1180352
page_index,time_cycles
0,1481478
page_index,time_cycles
0,1155830
page_index,time_cycles
0,1333074
page_index,time_cycles
0,1087120
page_index,time_cycles
0,2039718
page_index,time_cycles
0,2801478
page_index,time_cycles
0,699278
page_index,time_cycles
0,2361262
page_index,time_cycles
0,1988852
page_index,time_cycles
0,1495002
page_index,time_cycles
0,984638
page_index,time_cycles
0,1868774
page_index,time_cycles
0,2419824
page_index,time_cycles
0,1428130
page_index,time_cycles
0,925576
page_index,time_cycles
0,2591122
page_index,time_cycles
0,1174384
page_index,time_cycles
0,1926044
page_index,time_cycles
0,696614
page_index,time_cycles
0,1331578
page_index,time_cycles
0,786820
page_index,time_cycles
0,2081474
page_index,time_cycles
0,2210530
page_index,time_cycles
0,2150266
page_index,time_cycles
0,2236810
page_index,time_cycles
0,1365618
page_index,time_cycles
0,1313042
page_index,time_cycles
0,2846146
page_index,time_cycles
0,1614414
page_index,time_cycles
0,1893470
page_index,time_cycles
0,1381016
page_index,time_cycles
0,2142698
page_index,time_cycles
0,2279798
page_index,time_cycles
0,1395530
page_index,time_cycles
0,1067490
page_index,time_cycles
0,1754154
page_index,time_cycles
0,699948
page_index,time_cycles
0,1354262
page_index,time_cycles
0,1307006
page_index,time_cycles
0,2718180
page_index,time_cycles
0,1259136
page_index,time_cycles
0,1537856
page_index,time_cycles
0,1592878
page_index,time_cycles
0,2484626
page_index,time_cycles
0,1656666
page_index,time_cycles
0,1630308
page_index,time_cycles
0,2298348
page_index,time_cycles
0,2137908
page_index,time_cycles
0,1150682
page_index,time_cycles
0,597778
page_index,time_cycles
0,709138
page_index,time_cycles
0,1313460
page_index,time_cycles
0,1837136
page_index,time_cycles
0,1526692
page_index,time_cycles
0,2317954
page_index,time_cycles
0,965582
page_index,time_cycles
0,3200030
page_index,time_cycles
0,2137634
page_index,time_cycles
0,1415468
page_index,time_cycles
0,753906
page_index,time_cycles
0,2115134
page_index,time_cycles
0,2129764
page_index,time_cycles
0,1822980
page_index,time_cycles
0,3144030
page_index,time_cycles
0,3236282
page_index,time_cycles
0,3185728
page_index,time_cycles
0,995076
page_index,time_cycles
0,1937040
page_index,time_cycles
0,934128
page_index,time_cycles
0,1096718
page_index,time_cycles
0,2151998
page_index,time_cycles
0,3586666
page_index,time_cycles
0,1432174
page_index,time_cycles
0,1667922
page_index,time_cycles
0,2149838
page_index,time_cycles
0,1714842
page_index,time_cycles
0,1120028
page_index,time_cycles
0,2622060
page_index,time_cycles
0,3107532
page_index,time_cycles
0,985456
page_index,time_cycles
0,1375900
page_index,time_cycles
0,2139150
page_index,time_cycles
0,1319414
page_index,time_cycles
0,2621540
page_index,time_cycles
0,1154516
page_index,time_cycles
0,2131118
page_index,time_cycles
0,2042840
page_index,time_cycles
0,680136
page_index,time_cycles
0,1617270
page_index,time_cycles
0,686664
page_index,time_cycles
0,1924892
page_index,time_cycles
0,2113758
page_index,time_cycles
0,1800628
page_index,time_cycles
0,2398724
page_index,time_cycles
0,1056876
page_index,time_cycles
0,2079290
page_index,time_cycles
0,1629768
page_index,time_cycles
0,2017694
page_index,time_cycles
0,1522416
page_index,time_cycles
0,1259802
page_index,time_cycles
0,915942
page_index,time_cycles
0,1688476
page_index,time_cycles
0,2087754
page_index,time_cycles
0,1244384
page_index,time_cycles
0,1845010
page_index,time_cycles
0,1868700
page_index,time_cycles
0,2404948
page_index,time_cycles
0,676200
page_index,time_cycles
0,1983614
page_index,time_cycles
0,1810938
page_index,time_cycles
0,786242
page_index,time_cycles
0,1957340
page_index,time_cycles
0,1338896
page_index,time_cycles
0,721332
page_index,time_cycles
0,1720288
page_index,time_cycles
0,1683912
page_index,time_cycles
0,1642528
page_index,time_cycles
0,985654
page_index,time_cycles
0,1486512
page_index,time_cycles
0,1224920
page_index,time_cycles
0,2620634
page_index,time_cycles
0,2416140
page_index,time_cycles
0,1909514
page_index,time_cycles
0,1646170
page_index,time_cycles
0,1824946
page_index,time_cycles
0,1767518
page_index,time_cycles
0,734382
page_index,time_cycles
0,1503258
page_index,time_cycles
0,847044
page_index,time_cycles
0,1683670
page_index,time_cycles
0,1577786
page_index,time_cycles
0,1108542
page_index,time_cycles
0,754082
page_index,time_cycles
0,2298936
page_index,time_cycles
0,840952
page_index,time_cycles
0,2662836
page_index,time_cycles
0,2462284
page_index,time_cycles
0,2217768
page_index,time_cycles
0,1102248
page_index,time_cycles
0,2433370
page_index,time_cycles
0,2159788
page_index,time_cycles
0,665016
page_index,time_cycles
0,2706028
page_index,time_cycles
0,760566
page_index,time_cycles
0,1622620
page_index,time_cycles
0,1511636
page_index,time_cycles
0,1810216
page_index,time_cycles
0,1422730
page_index,time_cycles
0,2097742
page_index,time_cycles
0,1317938
page_index,time_cycles
0,1488304
page_index,time_cycles
0,783296
page_index,time_cycles
0,2819218
page_index,time_cycles
0,721042
page_index,time_cycles
0,802424
page_index,time_cycles
0,2298154
page_index,time_cycles
0,1298756
page_index,time_cycles
0,1421080
page_index,time_cycles
0,2102050
page_index,time_cycles
0,3201234
page_index,time_cycles
0,710292
page_index,time_cycles
0,1644678
page_index,time_cycles
0,3009696
page_index,time_cycles
0,2210146
page_index,time_cycles
0,1327080
page_index,time_cycles
0,790780
page_index,time_cycles
0,1535274
page_index,time_cycles
0,2661284
page_index,time_cycles
0,3417510
page_index,time_cycles
0,2855754
page_index,time_cycles
0,1837488
page_index,time_cycles
0,2950674
page_index,time_cycles
0,1934046
page_index,time_cycles
0,1656280
page_index,time_cycles
0,1469174
page_index,time_cycles
0,1213650
page_index,time_cycles
0,2562566
page_index,time_cycles
0,3222336
page_index,time_cycles
0,2169366
page_index,time_cycles
0,1900140
page_index,time_cycles
0,2202070
page_index,time_cycles
0,2235996
page_index,time_cycles
0,1215924
page_index,time_cycles
0,3548032
page_index,time_cycles
0,1781274
page_index,time_cycles
0,1693894
page_index,time_cycles
0,1182978
page_index,time_cycles
0,2926488
page_index,time_cycles
0,2107290
page_index,time_cycles
0,1507712
page_index,time_cycles
0,2146656
page_index,time_cycles
0,1700604
page_index,time_cycles
0,1259392
page_index,time_cycles
0,989764
page_index,time_cycles
0,799038
page_index,time_cycles
0,2386214
page_index,time_cycles
0,1606808
page_index,time_cycles
0,1804140
page_index,time_cycles
0,1780576
page_index,time_cycles
0,1173918
page_index,time_cycles
0,1397664
page_index,time_cycles
0,1665734
page_index,time_cycles
0,1510608
page_index,time_cycles
0,1965070
page_index,time_cycles
0,2593796
page_index,time_cycles
0,1225742
page_index,time_cycles
0,1846264
page_index,time_cycles
0,1887896
page_index,time_cycles
0,2070374
page_index,time_cycles
0,2270706
page_index,time_cycles
0,2059522
page_index,time_cycles
0,1549314
page_index,time_cycles
0,1723046
page_index,time_cycles
0,1769790
page_index,time_cycles
0,2688000
page_index,time_cycles
0,2364118
page_index,time_cycles
0,2052576
page_index,time_cycles
0,1941544
page_index,time_cycles
0,1295958
page_index,time_cycles
0,3589874
page_index,time_cycles
0,1689344
page_index,time_cycles
0,3320322
page_index,time_cycles
0,2207908
page_index,time_cycles
0,2129130
page_index,time_cycles
0,1571816
page_index,time_cycles
0,2824608
page_index,time_cycles
0,1055294
page_index,time_cycles
0,902850
page_index,time_cycles
0,2860556
page_index,time_cycles
0,1757948
page_index,time_cycles
0,2386060
page_index,time_cycles
0,1854292
page_index,time_cycles
0,1704398
page_index,time_cycles
0,1363590
page_index,time_cycles
0,2017828
page_index,time_cycles
0,1247002
page_index,time_cycles
0,2338476
page_index,time_cycles
0,804646
page_index,time_cycles
0,1227994
page_index,time_cycles
0,1098504
page_index,time_cycles
0,1782650
page_index,time_cycles
0,1222066
page_index,time_cycles
0,703988
page_index,time_cycles
0,594062
page_index,time_cycles
0,1102514
page_index,time_cycles
0,2108642
page_index,time_cycles
0,3134980
page_index,time_cycles
0,1153762
page_index,time_cycles
0,1413970
page_index,time_cycles
0,1288616
page_index,time_cycles
0,2699702
page_index,time_cycles
0,1654726
page_index,time_cycles
0,2919950
page_index,time_cycles
0,1298572
page_index,time_cycles
0,684816
page_index,time_cycles
0,1242210
page_index,time_cycles
0,1933560
page_index,time_cycles
0,2077904
page_index,time_cycles
0,1594156
page_index,time_cycles
0,1710786
page_index,time_cycles
0,1516414
page_index,time_cycles
0,1965402
page_index,time_cycles
0,1293786
page_index,time_cycles
0,834848
page_index,time_cycles
0,755234
page_index,time_cycles
0,647940
page_index,time_cycles
0,1591480
page_index,time_cycles
0,2490868
page_index,time_cycles
0,1190364
page_index,time_cycles
0,1691598
page_index,time_cycles
0,891328
page_index,time_cycles
0,1795780
page_index,time_cycles
0,687334
page_index,time_cycles
0,1495480
page_index,time_cycles
0,1221982
page_index,time_cycles
0,734168
page_index,time_cycles
0,2418708
page_index,time_cycles
0,1618006
page_index,time_cycles
0,2094520
page_index,time_cycles
0,1960310
page_index,time_cycles
0,1767458
page_index,time_cycles
0,2615198
page_index,time_cycles
0,817578
page_index,time_cycles
0,1868786
page_index,time_cycles
0,2062890
page_index,time_cycles
0,2454668
page_index,time_cycles
0,782260
page_index,time_cycles
0,2109828
page_index,time_cycles
0,2288532
page_index,time_cycles
0,946688
page_index,time_cycles
0,1066840
page_index,time_cycles
0,2217742
page_index,time_cycles
0,2412594
page_index,time_cycles
0,670152
page_index,time_cycles
0,1312286
page_index,time_cycles
0,2783060
page_index,time_cycles
0,1428770
page_index,time_cycles
0,1235430
page_index,time_cycles
0,2241134
page_index,time_cycles
0,1354126
page_index,time_cycles
0,1830386
page_index,time_cycles
0,1187872
page_index,time_cycles
0,1386972
page_index,time_cycles
0,2359324
page_index,time_cycles
0,2897944
page_index,time_cycles
0,1766246
page_index,time_cycles
0,2091894
page_index,time_cycles
0,2183356
page_index,time_cycles
0,1584790
page_index,time_cycles
0,1415792
page_index,time_cycles
0,2303042
page_index,time_cycles
0,753392
page_index,time_cycles
0,1621308
page_index,time_cycles
0,4123454
page_index,time_cycles
0,1207462
page_index,time_cycles
0,1485176
page_index,time_cycles
0,1272336
page_index,time_cycles
0,2059222
page_index,time_cycles
0,2004648
page_index,time_cycles
0,3587542
page_index,time_cycles
0,2965532
page_index,time_cycles
0,2207474
page_index,time_cycles
0,816694
page_index,time_cycles
0,1567682
page_index,time_cycles
0,1154706
page_index,time_cycles
0,959240
page_index,time_cycles
0,1117008
page_index,time_cycles
0,1315590
page_index,time_cycles
0,2098798
page_index,time_cycles
0,2691494
page_index,time_cycles
0,1849058
page_index,time_cycles
0,630874
page_index,time_cycles
0,1737506
page_index,time_cycles
0,1296176
page_index,time_cycles
0,1749304
page_index,time_cycles
0,1580558
page_index,time_cycles
0,699548
page_index,time_cycles
0,2385246
page_index,time_cycles
0,1660780
page_index,time_cycles
0,1411060
page_index,time_cycles
0,1632456
page_index,time_cycles
0,1180566
page_index,time_cycles
0,1533370
page_index,time_cycles
0,2028744
page_index,time_cycles
0,2009388
page_index,time_cycles
0,817584
page_index,time_cycles
0,1549390
page_index,time_cycles
0,1979758
page_index,time_cycles
0,1849222
page_index,time_cycles
0,1139456
page_index,time_cycles
0,2956134
page_index,time_cycles
0,2284088
page_index,time_cycles
0,1661710
page_index,time_cycles
0,2848938
page_index,time_cycles
0,3466956
page_index,time_cycles
0,1645624
page_index,time_cycles
0,2153678
page_index,time_cycles
0,1725702
page_index,time_cycles
0,992664
page_index,time_cycles
0,1975840
page_index,time_cycles
0,814376
page_index,time_cycles
0,801038
page_index,time_cycles
0,1553460
page_index,time_cycles
0,2585166
page_index,time_cycles
0,2619592
page_index,time_cycles
0,1928898
page_index,time_cycles
0,2185500
page_index,time_cycles
0,2084306
page_index,time_cycles
0,1837942
page_index,time_cycles
0,2863840
page_index,time_cycles
0,1285426
page_index,time_cycles
0,1684366
page_index,time_cycles
0,2665098
page_index,time_cycles
0,1724696
page_index,time_cycles
0,1130994
page_index,time_cycles
0,1589218
page_index,time_cycles
0,2266792
page_index,time_cycles
0,872548
page_index,time_cycles
0,2017450
page_index,time_cycles
0,3178552
page_index,time_cycles
0,1913642
page_index,time_cycles
0,1255192
page_index,time_cycles
0,2769782
page_index,time_cycles
0,2446632
page_index,time_cycles
0,1333128
page_index,time_cycles
0,2795792
page_index,time_cycles
0,3078630
page_index,time_cycles
0,1450048
page_index,time_cycles
0,1986946
page_index,time_cycles
0,1592660
page_index,time_cycles
0,1838040
page_index,time_cycles
0,1623522
page_index,time_cycles
0,1922114
page_index,time_cycles
0,711580
page_index,time_cycles
0,2071464
page_index,time_cycles
0,722598
page_index,time_cycles
0,669860
page_index,time_cycles
0,3391192
page_index,time_cycles
0,1869332
page_index,time_cycles
0,1329254
page_index,time_cycles
0,1919690
page_index,time_cycles
0,1056064
page_index,time_cycles
0,2035070
page_index,time_cycles
0,2140158
page_index,time_cycles
0,1276416
page_index,time_cycles
0,627232
page_index,time_cycles
0,1538920
page_index,time_cycles
0,1711866
page_index,time_cycles
0,2744914
page_index,time_cycles
0,2199198
page_index,time_cycles
0,2277930
page_index,time_cycles
0,1586712
page_index,time_cycles
0,2308348
page_index,time_cycles
0,1456978
page_index,time_cycles
0,1578660
page_index,time_cycles
0,1382104
page_index,time_cycles
0,2189314
page_index,time_cycles
0,630426
page_index,time_cycles
0,1651352
page_index,time_cycles
0,1333816
page_index,time_cycles
0,1533106
page_index,time_cycles
0,2098874
page_index,time_cycles
0,2174390
page_index,time_cycles
0,1932430
page_index,time_cycles
0,2508358
page_index,time_cycles
0,3471596
page_index,time_cycles
0,1912718
page_index,time_cycles
0,963066
page_index,time_cycles
0,1313868
page_index,time_cycles
0,2166566
page_index,time_cycles
0,1586556
page_index,time_cycles
0,2209624
page_index,time_cycles
0,1820118
page_index,time_cycles
0,1361478
page_index,time_cycles
0,2124692
page_index,time_cycles
0,2164794
page_index,time_cycles
0,1820336
page_index,time_cycles
0,1291102
page_index,time_cycles
0,2724870
page_index,time_cycles
0,1658916
page_index,time_cycles
0,1868788
page_index,time_cycles
0,1151544
page_index,time_cycles
0,2265336
page_index,time_cycles
0,3148962
page_index,time_cycles
0,1155748
page_index,time_cycles
0,1470802
page_index,time_cycles
0,1632676
page_index,time_cycles
0,1727840
page_index,time_cycles
0,1207344
page_index,time_cycles
0,989992
page_index,time_cycles
0,1652720
page_index,time_cycles
0,2299670
page_index,time_cycles
0,742614
page_index,time_cycles
0,1383302
page_index,time_cycles
0,984880
page_index,time_cycles
0,1330240
page_index,time_cycles
0,1945012
page_index,time_cycles
0,1871770
page_index,time_cycles
0,1969306
page_index,time_cycles
0,1636894
page_index,time_cycles
0,2349058
page_index,time_cycles
0,1194088
page_index,time_cycles
0,1935268
page_index,time_cycles
0,2039268
page_index,time_cycles
0,2740612
page_index,time_cycles
0,2729276
page_index,time_cycles
0,2457746
page_index,time_cycles
0,1877042
page_index,time_cycles
0,1268582
page_index,time_cycles
0,2539524
page_index,time_cycles
0,713340
page_index,time_cycles
0,2266910
page_index,time_cycles
0,2897878
page_index,time_cycles
0,2364932
page_index,time_cycles
0,1870856
page_index,time_cycles
0,2352700
page_index,time_cycles
0,2632500
page_index,time_cycles
0,1490540
page_index,time_cycles
0,811134
page_index,time_cycles
0,2585430
page_index,time_cycles
0,777522
page_index,time_cycles
0,832960
page_index,time_cycles
0,1535830
page_index,time_cycles
0,770432
page_index,time_cycles
0,1980240
page_index,time_cycles
0,737520
page_index,time_cycles
0,2757566
page_index,time_cycles
0,2151408
page_index,time_cycles
0,1610938
page_index,time_cycles
0,1917204
page_index,time_cycles
0,1523896
page_index,time_cycles
0,1676638
page_index,time_cycles
0,1967294
page_index,time_cycles
0,2932730
page_index,time_cycles
0,2271468
page_index,time_cycles
0,1444720
page_index,time_cycles
0,1856562
page_index,time_cycles
0,985708
page_index,time_cycles
0,2323664
page_index,time_cycles
0,2497480
page_index,time_cycles
0,719184
page_index,time_cycles
0,2043586
page_index,time_cycles
0,2266768
page_index,time_cycles
0,1131890
page_index,time_cycles
0,2103042
page_index,time_cycles
0,1788224
page_index,time_cycles
0,1230770
page_index,time_cycles
0,2655236
page_index,time_cycles
0,1315428
page_index,time_cycles
0,1383580
page_index,time_cycles
0,2078992
page_index,time_cycles
0,2759158
page_index,time_cycles
0,2279388
page_index,time_cycles
0,1703884
page_index,time_cycles
0,1137884
page_index,time_cycles
0,2158060
page_index,time_cycles
0,770320
page_index,time_cycles
0,786240
page_index,time_cycles
0,1721344
page_index,time_cycles
0,1903054
page_index,time_cycles
0,1161170
page_index,time_cycles
0,1544742
page_index,time_cycles
0,1841324
page_index,time_cycles
0,2546546
page_index,time_cycles
0,1579160
page_index,time_cycles
0,2171234
page_index,time_cycles
0,948660
page_index,time_cycles
0,1710978
page_index,time_cycles
0,721690
page_index,time_cycles
0,1532734
page_index,time_cycles
0,702070
page_index,time_cycles
0,1261896
page_index,time_cycles
0,1274578
page_index,time_cycles
0,1374130
page_index,time_cycles
0,2152702
page_index,time_cycles
0,2000506
page_index,time_cycles
0,2233150
page_index,time_cycles
0,2942732
page_index,time_cycles
0,2882106
page_index,time_cycles
0,1432336
page_index,time_cycles
0,1585490
page_index,time_cycles
0,713926
page_index,time_cycles
0,984402
page_index,time_cycles
0,1941584
page_index,time_cycles
0,636052
page_index,time_cycles
0,1043128
page_index,time_cycles
0,1085482
page_index,time_cycles
0,674532
page_index,time_cycles
0,1131292
page_index,time_cycles
0,2600988
page_index,time_cycles
0,1728166
page_index,time_cycles
0,2070814
page_index,time_cycles
0,719708
page_index,time_cycles
0,1848870
page_index,time_cycles
0,1101856
page_index,time_cycles
0,2807206
page_index,time_cycles
0,1743068
page_index,time_cycles
0,787226
page_index,time_cycles
0,2254846
page_index,time_cycles
0,2142080
page_index,time_cycles
0,1792862
page_index,time_cycles
0,2068552
page_index,time_cycles
0,1713080
page_index,time_cycles
0,1962718
page_index,time_cycles
0,1203536
page_index,time_cycles
0,2796390
page_index,time_cycles
0,1604082
page_index,time_cycles
0,1309968
page_index,time_cycles
0,1734612
page_index,time_cycles
0,1721512
page_index,time_cycles
0,1160644
page_index,time_cycles
0,1284734
page_index,time_cycles
0,1851992
page_index,time_cycles
0,1581530
page_index,time_cycles
0,1984600
page_index,time_cycles
0,1327832
page_index,time_cycles
0,2565570
page_index,time_cycles
0,2477326
page_index,time_cycles
0,1317086
page_index,time_cycles
0,1480658
page_index,time_cycles
0,1997050
page_index,time_cycles
0,1881358
page_index,time_cycles
0,1326838
page_index,time_cycles
0,2230578
page_index,time_cycles
0,1258892
page_index,time_cycles
0,1901306
page_index,time_cycles
0,2094268
page_index,time_cycles
0,2513080
page_index,time_cycles
0,1634974
page_index,time_cycles
0,1941398
page_index,time_cycles
0,1645746
page_index,time_cycles
0,811798
page_index,time_cycles
0,1378832
page_index,time_cycles
0,1545190
page_index,time_cycles
0,740294
page_index,time_cycles
0,2012812
page_index,time_cycles
0,2160846
page_index,time_cycles
0,1050464
page_index,time_cycles
0,1584506
page_index,time_cycles
0,1859692
page_index,time_cycles
0,808496
page_index,time_cycles
0,687366
page_index,time_cycles
0,1837596
page_index,time_cycles
0,956824
page_index,time_cycles
0,808312
page_index,time_cycles
0,1861814
page_index,time_cycles
0,2623676
page_index,time_cycles
0,2458898
page_index,time_cycles
0,1508822
page_index,time_cycles
0,2674854
page_index,time_cycles
0,2420270
page_index,time_cycles
0,2045120
page_index,time_cycles
0,1293840
page_index,time_cycles
0,848284
page_index,time_cycles
0,1599028
page_index,time_cycles
0,1345394
page_index,time_cycles
0,1344414
page_index,time_cycles
0,1609362
page_index,time_cycles
0,1774490
page_index,time_cycles
0,2562576
page_index,time_cycles
0,1794234
page_index,time_cycles
0,735838
page_index,time_cycles
0,1285868
page_index,time_cycles
0,1082474
page_index,time_cycles
0,1535118
page_index,time_cycles
0,2988514
page_index,time_cycles
0,1540290
page_index,time_cycles
0,1226388
page_index,time_cycles
0,682220
page_index,time_cycles
0,2692252
page_index,time_cycles
0,2161100
page_index,time_cycles
0,770764
page_index,time_cycles
0,1596122
page_index,time_cycles
0,866040
page_index,time_cycles
0,1067336
page_index,time_cycles
0,2305240
page_index,time_cycles
0,1952662
page_index,time_cycles
0,1264188
page_index,time_cycles
0,1780860
page_index,time_cycles
0,2029816
page_index,time_cycles
0,3410036
page_index,time_cycles
0,1027848
page_index,time_cycles
0,1648616
page_index,time_cycles
0,2660056
page_index,time_cycles
0,776016
page_index,time_cycles
0,2018364
page_index,time_cycles
0,1435530
page_index,time_cycles
0,2052344
page_index,time_cycles
0,2901198
page_index,time_cycles
0,1775808
page_index,time_cycles
0,2190986
page_index,time_cycles
0,2258240
page_index,time_cycles
0,2280688
page_index,time_cycles
0,2318092
page_index,time_cycles
0,920000
page_index,time_cycles
0,673272
page_index,time_cycles
0,2936150
page_index,time_cycles
0,630278
page_index,time_cycles
0,2073292
page_index,time_cycles
0,1068188
page_index,time_cycles
0,1770214
page_index,time_cycles
0,1367924
page_index,time_cycles
0,1551986
page_index,time_cycles
0,1590346
page_index,time_cycles
0,3431308
page_index,time_cycles
0,930206
page_index,time_cycles
0,2138832
page_index,time_cycles
0,2749382
page_index,time_cycles
0,1946046
page_index,time_cycles
0,2086318
page_index,time_cycles
0,1169250
page_index,time_cycles
0,883864
page_index,time_cycles
0,3917730
page_index,time_cycles
0,1527102
page_index,time_cycles
0,2892198
page_index,time_cycles
0,1795166
page_index,time_cycles
0,1377918
page_index,time_cycles
0,2150908
page_index,time_cycles
0,787628
page_index,time_cycles
0,1502698
page_index,time_cycles
0,2290022
page_index,time_cycles
0,1640492
page_index,time_cycles
0,2086212
page_index,time_cycles
0,894642
page_index,time_cycles
0,2587880
page_index,time_cycles
0,3464792
page_index,time_cycles
0,1692154
page_index,time_cycles
0,698098
page_index,time_cycles
0,2451304
page_index,time_cycles
0,721082
page_index,time_cycles
0,1879574
page_index,time_cycles
0,2237828
page_index,time_cycles
0,1101228
page_index,time_cycles
0,1686310
page_index,time_cycles
0,2154770
page_index,time_cycles
0,2939052
page_index,time_cycles
0,1383660
page_index,time_cycles
0,2787004
page_index,time_cycles
0,1942584
page_index,time_cycles
0,725800
page_index,time_cycles
0,1447090
page_index,time_cycles
0,1779948
page_index,time_cycles
0,1926772
page_index,time_cycles
0,2902562
page_index,time_cycles
0,1742226
page_index,time_cycles
0,708448
page_index,time_cycles
0,1930118
page_index,time_cycles
0,1902404
page_index,time_cycles
0,839062
page_index,time_cycles
0,784872
page_index,time_cycles
0,1792588
page_index,time_cycles
0,1946980
page_index,time_cycles
0,2030568
page_index,time_cycles
0,1564834
page_index,time_cycles
0,1545310
page_index,time_cycles
0,856950
page_index,time_cycles
0,3348056
page_index,time_cycles
0,1928894
page_index,time_cycles
0,1847896
page_index,time_cycles
0,2506982
page_index,time_cycles
0,812478
page_index,time_cycles
0,907376
page_index,time_cycles
0,2300794
page_index,time_cycles
0,995060
page_index,time_cycles
0,1918878
page_index,time_cycles
0,979688
page_index,time_cycles
0,1050564
page_index,time_cycles
0,711726
page_index,time_cycles
0,2084466
page_index,time_cycles
0,1789678
page_index,time_cycles
0,3267530
page_index,time_cycles
0,2718872
page_index,time_cycles
0,2290412
page_index,time_cycles
0,2460190
page_index,time_cycles
0,2473184
page_index,time_cycles
0,2047224
page_index,time_cycles
0,726206
page_index,time_cycles
0,834496
page_index,time_cycles
0,2145092
page_index,time_cycles
0,842174
page_index,time_cycles
0,1765732
page_index,time_cycles
0,955222
page_index,time_cycles
0,1944880
page_index,time_cycles
0,2288518
page_index,time_cycles
0,832132
page_index,time_cycles
0,2544466
page_index,time_cycles
0,1420224
page_index,time_cycles
0,1004838
page_index,time_cycles
0,2256804
page_index,time_cycles
0,2891488
page_index,time_cycles
0,1941772
page_index,time_cycles
0,1003108
page_index,time_cycles
0,2605170
page_index,time_cycles
0,2265196
page_index,time_cycles
0,792964
page_index,time_cycles
0,1434252
page_index,time_cycles
0,2907828
page_index,time_cycles
0,2375260
page_index,time_cycles
0,1712224
page_index,time_cycles
0,2362788
page_index,time_cycles
0,2128900
page_index,time_cycles
0,2067650
page_index,time_cycles
0,1842098
page_index,time_cycles
0,2340668
page_index,time_cycles
0,2805192
page_index,time_cycles
0,1890142
page_index,time_cycles
0,777136
page_index,time_cycles
0,1881752
page_index,time_cycles
0,1551014
page_index,time_cycles
0,2737658
page_index,time_cycles
0,1938770
page_index,time_cycles
0,2229472
page_index,time_cycles
0,1289144
page_index,time_cycles
0,1072906
page_index,time_cycles
0,2314998
page_index,time_cycles
0,1156828
page_index,time_cycles
0,773610
page_index,time_cycles
0,874848
page_index,time_cycles
0,709584
page_index,time_cycles
0,1672866
page_index,time_cycles
0,2366644
page_index,time_cycles
0,2245978
page_index,time_cycles
0,1551690
page_index,time_cycles
0,2267982
page_index,time_cycles
0,1593062
page_index,time_cycles
0,2401300
page_index,time_cycles
0,1952866
page_index,time_cycles
0,1987652
page_index,time_cycles
0,1927422
page_index,time_cycles
0,1249530
page_index,time_cycles
0,2062268
page_index,time_cycles
0,1691230
page_index,time_cycles
0,1510806
page_index,time_cycles
0,1131290
page_index,time_cycles
0,924380
page_index,time_cycles
0,1054086
page_index,time_cycles
0,2015970
page_index,time_cycles
0,944800
page_index,time_cycles
0,724630
page_index,time_cycles
0,1406870
page_index,time_cycles
0,2313296
page_index,time_cycles
0,2623456
page_index,time_cycles
0,653276
page_index,time_cycles
0,2383036
page_index,time_cycles
0,1320912
page_index,time_cycles
0,640692
page_index,time_cycles
0,1855282
page_index,time_cycles
0,1548484
page_index,time_cycles
0,1944988
page_index,time_cycles
0,920690
page_index,time_cycles
0,1607830
page_index,time_cycles
0,676112
page_index,time_cycles
0,1233444
page_index,time_cycles
0,2377368
page_index,time_cycles
0,877744
page_index,time_cycles
0,2866100
page_index,time_cycles
0,2804714
page_index,time_cycles
0,2201006
page_index,time_cycles
0,1141882
page_index,time_cycles
0,2194880
page_index,time_cycles
0,1430686
page_index,time_cycles
0,3388922
page_index,time_cycles
0,2255924
page_index,time_cycles
0,2584040
page_index,time_cycles
0,1452622
page_index,time_cycles
0,2270332
page_index,time_cycles
0,3349786
page_index,time_cycles
0,2110694
page_index,time_cycles
0,2114614
page_index,time_cycles
0,2403922
page_index,time_cycles
0,936582
page_index,time_cycles
0,2097020
page_index,time_cycles
0,950464
page_index,time_cycles
0,2507536
page_index,time_cycles
0,1923368
page_index,time_cycles
0,1576160
page_index,time_cycles
0,1532430
page_index,time_cycles
0,2410636
page_index,time_cycles
0,924328
page_index,time_cycles
0,2350178
page_index,time_cycles
0,2046410
page_index,time_cycles
0,2138724
page_index,time_cycles
0,2373840
page_index,time_cycles
0,1002716
page_index,time_cycles
0,1311992
page_index,time_cycles
0,1821998
page_index,time_cycles
0,2221918
page_index,time_cycles
0,1254516
page_index,time_cycles
0,1751240
page_index,time_cycles
0,655088
page_index,time_cycles
0,750742
page_index,time_cycles
0,1700348
page_index,time_cycles
0,778084
page_index,time_cycles
0,1318148
page_index,time_cycles
0,1882362
page_index,time_cycles
0,1484252
page_index,time_cycles
0,2229338
page_index,time_cycles
0,2381476
page_index,time_cycles
0,2550720
page_index,time_cycles
0,1613274
page_index,time_cycles
0,1801980
page_index,time_cycles
0,694268
page_index,time_cycles
0,1820776
page_index,time_cycles
0,2345166
page_index,time_cycles
0,754776
page_index,time_cycles
0,1324962
page_index,time_cycles
0,2158638
page_index,time_cycles
0,2549732
page_index,time_cycles
0,1606578
page_index,time_cycles
0,914936
page_index,time_cycles
0,2111620
page_index,time_cycles
0,685636
page_index,time_cycles
0,2613234
page_index,time_cycles
0,1755518
page_index,time_cycles
0,2093998
page_index,time_cycles
0,1944986
page_index,time_cycles
0,3044426
page_index,time_cycles
0,771334
page_index,time_cycles
0,2385132
page_index,time_cycles
0,2621612
page_index,time_cycles
0,1799436
page_index,time_cycles
0,2712260
page_index,time_cycles
0,1991596
page_index,time_cycles
0,847520
page_index,time_cycles
0,1536838
page_index,time_cycles
0,2538244
page_index,time_cycles
0,1886216
page_index,time_cycles
0,679950
page_index,time_cycles
0,2206588
page_index,time_cycles
0,774934
page_index,time_cycles
0,3509020
page_index,time_cycles
0,1629110
page_index,time_cycles
0,2020266
page_index,time_cycles
0,2593668
page_index,time_cycles
0,2516768
page_index,time_cycles
0,2793782
page_index,time_cycles
0,1230494
page_index,time_cycles
0,1885686
page_index,time_cycles
0,1700328
page_index,time_cycles
0,1929894
page_index,time_cycles
0,852900
page_index,time_cycles
0,1727738
page_index,time_cycles
0,1209368
page_index,time_cycles
0,2164942
page_index,time_cycles
0,1342960
page_index,time_cycles
0,2317356
page_index,time_cycles
0,2367628
page_index,time_cycles
0,2204698
page_index,time_cycles
0,2391644
page_index,time_cycles
0,2236364
page_index,time_cycles
0,1079652
page_index,time_cycles
0,893994
page_index,time_cycles
0,1660010
page_index,time_cycles
0,2113672
page_index,time_cycles
0,2108726
page_index,time_cycles
0,703924
page_index,time_cycles
0,2611242
page_index,time_cycles
0,814636
page_index,time_cycles
0,2209656
page_index,time_cycles
0,1602712
page_index,time_cycles
0,777412
page_index,time_cycles
0,1103272
page_index,time_cycles
0,622564
page_index,time_cycles
0,841126
page_index,time_cycles
0,1750366
page_index,time_cycles
0,1615352
page_index,time_cycles
0,2233430
page_index,time_cycles
0,995302
page_index,time_cycles
0,2532032
page_index,time_cycles
0,834178
page_index,time_cycles
0,1561542
page_index,time_cycles
0,1796296
page_index,time_cycles
0,2376952
page_index,time_cycles
0,1845626
page_index,time_cycles
0,2298518
page_index,time_cycles
0,1049802
page_index,time_cycles
0,1719568
page_index,time_cycles
0,2023332
page_index,time_cycles
0,2110814
page_index,time_cycles
0,1279092
page_index,time_cycles
0,1228672
page_index,time_cycles
0,1695214
page_index,time_cycles
0,1625382
page_index,time_cycles
0,1945732
page_index,time_cycles
0,2147174
page_index,time_cycles
0,1140274
page_index,time_cycles
0,1296724
page_index,time_cycles
0,1989040
page_index,time_cycles
0,1720858
page_index,time_cycles
0,1751998
page_index,time_cycles
0,1190502
page_index,time_cycles
0,2380484
page_index,time_cycles
0,1232612
page_index,time_cycles
0,3222820
page_index,time_cycles
0,774578
page_index,time_cycles
0,2229224
page_index,time_cycles
0,2223290
page_index,time_cycles
0,3087804
page_index,time_cycles
0,2153986
page_index,time_cycles
0,1872140
page_index,time_cycles
0,1052614
page_index,time_cycles
0,2310092
page_index,time_cycles
0,1821352
page_index,time_cycles
0,1973796
page_index,time_cycles
0,1721562
page_index,time_cycles
0,2027080
page_index,time_cycles
0,1996228
page_index,time_cycles
0,2210908
page_index,time_cycles
0,2395152
page_index,time_cycles
0,1180360
page_index,time_cycles
0,2476946
page_index,time_cycles
0,1970914
page_index,time_cycles
0,2020822
page_index,time_cycles
0,2177532
page_index,time_cycles
0,2042740
page_index,time_cycles
0,2623082
page_index,time_cycles
0,2348994
page_index,time_cycles
0,1805814
page_index,time_cycles
0,1696220
page_index,time_cycles
0,1294486
page_index,time_cycles
0,2470736
page_index,time_cycles
0,1870830
page_index,time_cycles
0,794656
page_index,time_cycles
0,2887736
page_index,time_cycles
0,1646000
page_index,time_cycles
0,1635780
page_index,time_cycles
0,1574214
page_index,time_cycles
0,972142
page_index,time_cycles
0,1940986
page_index,time_cycles
0,1349024
page_index,time_cycles
0,1433418
page_index,time_cycles
0,1486802
page_index,time_cycles
0,1241328
page_index,time_cycles
0,1779514
page_index,time_cycles
0,1814912
page_index,time_cycles
0,737684
page_index,time_cycles
0,2509188
page_index,time_cycles
0,1777310
page_index,time_cycles
0,1164996
page_index,time_cycles
0,1255166
page_index,time_cycles
0,2553262
page_index,time_cycles
0,1951566
page_index,time_cycles
0,1301798
page_index,time_cycles
0,2622856
page_index,time_cycles
0,1500834
page_index,time_cycles
0,2015858
page_index,time_cycles
0,2199108
page_index,time_cycles
0,1978144
page_index,time_cycles
0,1596290
page_index,time_cycles
0,649082
page_index,time_cycles
0,2345204
page_index,time_cycles
0,1736104
page_index,time_cycles
0,2300646
page_index,time_cycles
0,2346484
page_index,time_cycles
0,2043856
page_index,time_cycles
0,1520094
page_index,time_cycles
0,2164314
page_index,time_cycles
0,1801368
page_index,time_cycles
0,1555210
page_index,time_cycles
0,1885556
page_index,time_cycles
0,2656408
page_index,time_cycles
0,1592390
page_index,time_cycles
0,1509662
page_index,time_cycles
0,2087930
page_index,time_cycles
0,932746
page_index,time_cycles
0,1961598
page_index,time_cycles
0,2124458
page_index,time_cycles
0,2143132
page_index,time_cycles
0,1869512
page_index,time_cycles
0,1479854
page_index,time_cycles
0,3158162
page_index,time_cycles
0,712606
page_index,time_cycles
0,2505676
page_index,time_cycles
0,1430992
page_index,time_cycles
0,3342092
page_index,time_cycles
0,2316226
page_index,time_cycles
0,1429714
page_index,time_cycles
0,2468286
page_index,time_cycles
0,2028772
page_index,time_cycles
0,771482
page_index,time_cycles
0,1272092
page_index,time_cycles
0,1421774
page_index,time_cycles
0,2471178
page_index,time_cycles
0,1716622
page_index,time_cycles
0,1014340
page_index,time_cycles
0,1555276
page_index,time_cycles
0,701006
page_index,time_cycles
0,3709218
page_index,time_cycles
0,2250092
page_index,time_cycles
0,3683670
page_index,time_cycles
0,1724942
page_index,time_cycles
0,1395144
page_index,time_cycles
0,1206802
page_index,time_cycles
0,1037142
page_index,time_cycles
0,2401934
page_index,time_cycles
0,1323016
page_index,time_cycles
0,1514492
page_index,time_cycles
0,1994070
page_index,time_cycles
0,651946
page_index,time_cycles
0,1138172
page_index,time_cycles
0,1706836
page_index,time_cycles
0,2541744
page_index,time_cycles
0,1157596
page_index,time_cycles
0,1763154
page_index,time_cycles
0,2201102
page_index,time_cycles
0,1905006
page_index,time_cycles
0,2166262
page_index,time_cycles
0,1987012
page_index,time_cycles
0,853462
page_index,time_cycles
0,1654434
page_index,time_cycles
0,663448
page_index,time_cycles
0,2060890
page_index,time_cycles
0,2573818
page_index,time_cycles
0,1318806
page_index,time_cycles
0,2936124
page_index,time_cycles
0,1386096
page_index,time_cycles
0,660980
page_index,time_cycles
0,1993894
page_index,time_cycles
0,1651824
page_index,time_cycles
0,1260802
page_index,time_cycles
0,2245034
page_index,time_cycles
0,945274
page_index,time_cycles
0,757342
page_index,time_cycles
0,1783334
page_index,time_cycles
0,1847460
page_index,time_cycles
0,1487924
page_index,time_cycles
0,1438272
page_index,time_cycles
0,1944140
page_index,time_cycles
0,1569550
page_index,time_cycles
0,777488
page_index,time_cycles
0,1802000
page_index,time_cycles
0,1865230
page_index,time_cycles
0,1485478
page_index,time_cycles
0,739534
page_index,time_cycles
0,1999880
page_index,time_cycles
0,904562
page_index,time_cycles
0,2164520
page_index,time_cycles
0,1346996
page_index,time_cycles
0,1232454
page_index,time_cycles
0,2157790
page_index,time_cycles
0,1386992
page_index,time_cycles
0,1739774
page_index,time_cycles
0,2070358
page_index,time_cycles
0,668184
page_index,time_cycles
0,1813272
page_index,time_cycles
0,1584870
page_index,time_cycles
0,869464
page_index,time_cycles
0,2048366
page_index,time_cycles
0,2038758
page_index,time_cycles
0,1588572
page_index,time_cycles
0,878080
page_index,time_cycles
0,985948
page_index,time_cycles
0,2016782
page_index,time_cycles
0,1922998
page_index,time_cycles
0,1203052
page_index,time_cycles
0,2092522
page_index,time_cycles
0,1901842
page_index,time_cycles
0,802726
page_index,time_cycles
0,2028566
page_index,time_cycles
0,1578626
page_index,time_cycles
0,4125498
page_index,time_cycles
0,1790568
page_index,time_cycles
0,1087032
page_index,time_cycles
0,1804116
page_index,time_cycles
0,2221994
page_index,time_cycles
0,2505784
page_index,time_cycles
0,725918
page_index,time_cycles
0,1785880
page_index,time_cycles
0,1054788
page_index,time_cycles
0,3226052
page_index,time_cycles
0,1294508
page_index,time_cycles
0,1561864
page_index,time_cycles
0,1321342
page_index,time_cycles
0,2973112
page_index,time_cycles
0,830816
page_index,time_cycles
0,1272910
page_index,time_cycles
0,1772510
page_index,time_cycles
0,1402276
page_index,time_cycles
0,2494502
page_index,time_cycles
0,1437192
page_index,time_cycles
0,1546324
page_index,time_cycles
0,1225778
page_index,time_cycles
0,1532800
page_index,time_cycles
0,1804802
page_index,time_cycles
0,3098588
page_index,time_cycles
0,1655762
page_index,time_cycles
0,610590
page_index,time_cycles
0,1732974
page_index,time_cycles
0,1544684
page_index,time_cycles
0,2903190
page_index,time_cycles
0,2262674
page_index,time_cycles
0,2103060
page_index,time_cycles
0,2732616
page_index,time_cycles
0,1264168
page_index,time_cycles
0,1721412
page_index,time_cycles
0,1678020
page_index,time_cycles
0,927274
page_index,time_cycles
0,2703462
page_index,time_cycles
0,1561464
page_index,time_cycles
0,2468628
page_index,time_cycles
0,1543580
page_index,time_cycles
0,1851240
page_index,time_cycles
0,3102700
page_index,time_cycles
0,995134
page_index,time_cycles
0,1728382
page_index,time_cycles
0,2459562
page_index,time_cycles
0,1511246
page_index,time_cycles
0,2518852
page_index,time_cycles
0,2312360
page_index,time_cycles
0,2454478
page_index,time_cycles
0,1958864
page_index,time_cycles
0,843588
page_index,time_cycles
0,1703658
page_index,time_cycles
0,1983684
page_index,time_cycles
0,726048
page_index,time_cycles
0,2272772
page_index,time_cycles
0,1214882
page_index,time_cycles
0,1209880
page_index,time_cycles
0,2100498
page_index,time_cycles
0,2997334
page_index,time_cycles
0,1151684
page_index,time_cycles
0,930558
page_index,time_cycles
0,1642960
page_index,time_cycles
0,930400
page_index,time_cycles
0,3572738
page_index,time_cycles
0,1487542
page_index,time_cycles
0,1995114
page_index,time_cycles
0,1759738
page_index,time_cycles
0,1360282
page_index,time_cycles
0,1874690
page_index,time_cycles
0,1882092
page_index,time_cycles
0,1178366
page_index,time_cycles
0,900358
page_index,time_cycles
0,1512978
page_index,time_cycles
0,2300336
page_index,time_cycles
0,663690
page_index,time_cycles
0,2655652
page_index,time_cycles
0,849552
page_index,time_cycles
0,2337030
page_index,time_cycles
0,2192952
page_index,time_cycles
0,2197842
page_index,time_cycles
0,1970822
page_index,time_cycles
0,1721408
page_index,time_cycles
0,644782
page_index,time_cycles
0,1527174
page_index,time_cycles
0,3107530
page_index,time_cycles
0,1385486
page_index,time_cycles
0,2207142
page_index,time_cycles
0,1525364
page_index,time_cycles
0,1743780
page_index,time_cycles
0,2058354
page_index,time_cycles
0,2829490
page_index,time_cycles
0,2390056
page_index,time_cycles
0,2068378
page_index,time_cycles
0,1638522
page_index,time_cycles
0,2519876
page_index,time_cycles
0,664466
page_index,time_cycles
0,2002124
page_index,time_cycles
0,1212608
page_index,time_cycles
0,2711066
page_index,time_cycles
0,785578
page_index,time_cycles
0,1621092
page_index,time_cycles
0,1546998
page_index,time_cycles
0,1441328
page_index,time_cycles
0,1573104
page_index,time_cycles
0,1858436
page_index,time_cycles
0,1422108
page_index,time_cycles
0,2210002
page_index,time_cycles
0,2482256
page_index,time_cycles
0,1173328
page_index,time_cycles
0,2088716
page_index,time_cycles
0,3211920
page_index,time_cycles
0,1243880
page_index,time_cycles
0,886360
page_index,time_cycles
0,1757326
page_index,time_cycles
0,825472
page_index,time_cycles
0,1978456
page_index,time_cycles
0,2119882
page_index,time_cycles
0,1829518
page_index,time_cycles
0,1883410
page_index,time_cycles
0,1649160
page_index,time_cycles
0,1256200
page_index,time_cycles
0,2443544
page_index,time_cycles
0,670524
page_index,time_cycles
0,2037760
page_index,time_cycles
0,1823108
page_index,time_cycles
0,2694458
page_index,time_cycles
0,1129338
page_index,time_cycles
0,1918458
page_index,time_cycles
0,2288234
page_index,time_cycles
0,943242
page_index,time_cycles
0,767162
page_index,time_cycles
0,1930324
page_index,time_cycles
0,2498986
page_index,time_cycles
0,2144206
page_index,time_cycles
0,1163048
page_index,time_cycles
0,2060648
page_index,time_cycles
0,1154120
page_index,time_cycles
0,1671464
page_index,time_cycles
0,1758264
page_index,time_cycles
0,1786320
page_index,time_cycles
0,1181224
page_index,time_cycles
0,1307454
page_index,time_cycles
0,1184810
page_index,time_cycles
0,908528
page_index,time_cycles
0,2804032
page_index,time_cycles
0,2327474
page_index,time_cycles
0,2076424
page_index,time_cycles
0,2206378
page_index,time_cycles
0,781448
page_index,time_cycles
0,1511416
page_index,time_cycles
0,2573248
page_index,time_cycles
0,1757390
page_index,time_cycles
0,1552742
page_index,time_cycles
0,780168
page_index,time_cycles
0,2302632
page_index,time_cycles
0,1636230
page_index,time_cycles
0,1190378
page_index,time_cycles
0,618640
page_index,time_cycles
0,1055258
page_index,time_cycles
0,7909132
page_index,time_cycles
0,652368
page_index,time_cycles
0,1568716
page_index,time_cycles
0,1662450
page_index,time_cycles
0,2063386
page_index,time_cycles
0,2092986
page_index,time_cycles
0,2490848
page_index,time_cycles
0,822642
page_index,time_cycles
0,1959382
page_index,time_cycles
0,1959766
page_index,time_cycles
0,2930484
page_index,time_cycles
0,1384640
page_index,time_cycles
0,1315116
page_index,time_cycles
0,1762516
page_index,time_cycles
0,1799732
page_index,time_cycles
0,1537558
page_index,time_cycles
0,2080796
page_index,time_cycles
0,1060274
page_index,time_cycles
0,1734298
page_index,time_cycles
0,779396
page_index,time_cycles
0,1951350
page_index,time_cycles
0,3076968
page_index,time_cycles
0,2453802
page_index,time_cycles
0,1625806
page_index,time_cycles
0,1806152
page_index,time_cycles
0,2346374
page_index,time_cycles
0,2699796
page_index,time_cycles
0,2136194
page_index,time_cycles
0,1707834
page_index,time_cycles
0,2257848
page_index,time_cycles
0,1490342
page_index,time_cycles
0,1888980
page_index,time_cycles
0,1601274
page_index,time_cycles
0,1343558
page_index,time_cycles
0,1956710
page_index,time_cycles
0,651040
page_index,time_cycles
0,1339466
page_index,time_cycles
0,777184
page_index,time_cycles
0,1482638
page_index,time_cycles
0,1777070
page_index,time_cycles
0,2596294
page_index,time_cycles
0,1323350
page_index,time_cycles
0,1193108
page_index,time_cycles
0,1014828
page_index,time_cycles
0,1483496
page_index,time_cycles
0,771672
page_index,time_cycles
0,1567932
page_index,time_cycles
0,1672970
page_index,time_cycles
0,1991114
page_index,time_cycles
0,685918
page_index,time_cycles
0,774378
page_index,time_cycles
0,1224970
page_index,time_cycles
0,1465070
page_index,time_cycles
0,1660824
page_index,time_cycles
0,2075426
page_index,time_cycles
0,1438130
page_index,time_cycles
0,2650854
page_index,time_cycles
0,1791198
page_index,time_cycles
0,1690706
page_index,time_cycles
0,1988516
page_index,time_cycles
0,2760650
page_index,time_cycles
0,871572
page_index,time_cycles
0,1832576
page_index,time_cycles
0,2120912
page_index,time_cycles
0,1482596
page_index,time_cycles
0,1598238
page_index,time_cycles
0,803616
page_index,time_cycles
0,1983544
page_index,time_cycles
0,732444
page_index,time_cycles
0,2154838
page_index,time_cycles
0,1249564
page_index,time_cycles
0,1981300
page_index,time_cycles
0,2399328
page_index,time_cycles
0,1452714
page_index,time_cycles
0,619856
page_index,time_cycles
0,788070
page_index,time_cycles
0,1519706
page_index,time_cycles
0,2187418
page_index,time_cycles
0,816654
page_index,time_cycles
0,2264034
page_index,time_cycles
0,1846434
page_index,time_cycles
0,908044
page_index,time_cycles
0,2456490
page_index,time_cycles
0,2455256
page_index,time_cycles
0,1664620
page_index,time_cycles
0,1612950
page_index,time_cycles
0,2240414
page_index,time_cycles
0,879628
page_index,time_cycles
0,1621892
page_index,time_cycles
0,2438298
page_index,time_cycles
0,1375676
page_index,time_cycles
0,942238
page_index,time_cycles
0,2194438
page_index,time_cycles
0,1545934
page_index,time_cycles
0,2594580
page_index,time_cycles
0,1089238
page_index,time_cycles
0,659756
page_index,time_cycles
0,3035898
page_index,time_cycles
0,2009042
page_index,time_cycles
0,2775578
page_index,time_cycles
0,1043132
page_index,time_cycles
0,2703728
page_index,time_cycles
0,2625264
page_index,time_cycles
0,1573108
page_index,time_cycles
0,1640236
page_index,time_cycles
0,1185068
page_index,time_cycles
0,2512672
page_index,time_cycles
0,1948766
page_index,time_cycles
0,1618864
page_index,time_cycles
0,2380304
page_index,time_cycles
0,2441934
page_index,time_cycles
0,1597920
page_index,time_cycles
0,738332
page_index,time_cycles
0,1911616
page_index,time_cycles
0,1229416
page_index,time_cycles
0,1133536
page_index,time_cycles
0,882148
page_index,time_cycles
0,1193352
page_index,time_cycles
0,682422
page_index,time_cycles
0,1611964
page_index,time_cycles
0,1495768
page_index,time_cycles
0,832998
page_index,time_cycles
0,1833898
page_index,time_cycles
0,1280808
page_index,time_cycles
0,1935398
page_index,time_cycles
0,1571228
page_index,time_cycles
0,1497380
page_index,time_cycles
0,910280
page_index,time_cycles
0,1180918
page_index,time_cycles
0,1419966
page_index,time_cycles
0,2020942
page_index,time_cycles
0,2510996
page_index,time_cycles
0,1916652
page_index,time_cycles
0,2762694
page_index,time_cycles
0,2064816
page_index,time_cycles
0,1132638
page_index,time_cycles
0,824878
page_index,time_cycles
0,1668600
page_index,time_cycles
0,1199890
page_index,time_cycles
0,992912
page_index,time_cycles
0,1139158
page_index,time_cycles
0,1529470
page_index,time_cycles
0,2632586
page_index,time_cycles
0,2021690
page_index,time_cycles
0,778260
page_index,time_cycles
0,2693226
page_index,time_cycles
0,1907406
page_index,time_cycles
0,1061132
page_index,time_cycles
0,652360
page_index,time_cycles
0,2635076
page_index,time_cycles
0,2244144
page_index,time_cycles
0,910686
page_index,time_cycles
0,1503986
page_index,time_cycles
0,1116494
page_index,time_cycles
0,1303138
page_index,time_cycles
0,2175158
page_index,time_cycles
0,1357536
page_index,time_cycles
0,1947878
page_index,time_cycles
0,2403558
page_index,time_cycles
0,656762
page_index,time_cycles
0,1632382
page_index,time_cycles
0,1827856
page_index,time_cycles
0,841146
page_index,time_cycles
0,2184770
page_index,time_cycles
0,1867238
page_index,time_cycles
0,1619310
page_index,time_cycles
0,1044256
page_index,time_cycles
0,1518374
page_index,time_cycles
0,921956
page_index,time_cycles
0,651374
page_index,time_cycles
0,2018190
page_index,time_cycles
0,1060784
page_index,time_cycles
0,1972060
page_index,time_cycles
0,1619204
page_index,time_cycles
0,1508562
page_index,time_cycles
0,2073442
page_index,time_cycles
0,1291466
page_index,time_cycles
0,2628286
page_index,time_cycles
0,1989272
page_index,time_cycles
0,847370
page_index,time_cycles
0,908614
page_index,time_cycles
0,2121292
page_index,time_cycles
0,3308798
page_index,time_cycles
0,2178256
page_index,time_cycles
0,1244838
page_index,time_cycles
0,3105460
page_index,time_cycles
0,1427250
page_index,time_cycles
0,3133594
page_index,time_cycles
0,3072932
page_index,time_cycles
0,2615964
page_index,time_cycles
0,1665616
page_index,time_cycles
0,1931730
page_index,time_cycles
0,1349742
page_index,time_cycles
0,2203812
page_index,time_cycles
0,3312052
page_index,time_cycles
0,2645610
page_index,time_cycles
0,1623976
page_index,time_cycles
0,2495882
page_index,time_cycles
0,1990532
page_index,time_cycles
0,1553760
page_index,time_cycles
0,2188480
page_index,time_cycles
0,1762414
page_index,time_cycles
0,2276202
page_index,time_cycles
0,643976
page_index,time_cycles
0,2761490
page_index,time_cycles
0,1151564
page_index,time_cycles
0,1265912
page_index,time_cycles
0,1168704
page_index,time_cycles
0,1487162
page_index,time_cycles
0,2164234
page_index,time_cycles
0,690102
page_index,time_cycles
0,709422
page_index,time_cycles
0,2053478
page_index,time_cycles
0,1130086
page_index,time_cycles
0,680282
page_index,time_cycles
0,2704428
page_index,time_cycles
0,1829994
page_index,time_cycles
0,1238354
page_index,time_cycles
0,1551016
page_index,time_cycles
0,1157630
page_index,time_cycles
0,2060182
page_index,time_cycles
0,1339440
page_index,time_cycles
0,1348520
page_index,time_cycles
0,2029618
page_index,time_cycles
0,1239900
page_index,time_cycles
0,1947606
page_index,time_cycles
0,2242894
page_index,time_cycles
0,1835456
page_index,time_cycles
0,2437184
page_index,time_cycles
0,2651142
page_index,time_cycles
0,1993350
page_index,time_cycles
0,719976
page_index,time_cycles
0,1514694
page_index,time_cycles
0,1469696
page_index,time_cycles
0,2728442
page_index,time_cycles
0,2041366
page_index,time_cycles
0,1689504
page_index,time_cycles
0,2261430
page_index,time_cycles
0,1444020
page_index,time_cycles
0,1620738
page_index,time_cycles
0,2306980
page_index,time_cycles
0,754404
page_index,time_cycles
0,2450064
page_index,time_cycles
0,1677198
page_index,time_cycles
0,1433070
page_index,time_cycles
0,2549614
page_index,time_cycles
0,1808934
page_index,time_cycles
0,786824
page_index,time_cycles
0,1403778
page_index,time_cycles
0,1098092
page_index,time_cycles
0,692960
page_index,time_cycles
0,2327104
page_index,time_cycles
0,2167508
page_index,time_cycles
0,1039274
page_index,time_cycles
0,2156316
page_index,time_cycles
0,2352892
page_index,time_cycles
0,1420716
page_index,time_cycles
0,2606826
page_index,time_cycles
0,1492624
page_index,time_cycles
0,2138900
page_index,time_cycles
0,1954696
page_index,time_cycles
0,1771038
page_index,time_cycles
0,1683764
page_index,time_cycles
0,1214708
page_index,time_cycles
0,916496
page_index,time_cycles
0,1641458
page_index,time_cycles
0,1460892
page_index,time_cycles
0,1088190
page_index,time_cycles
0,1324340
page_index,time_cycles
0,1242122
page_index,time_cycles
0,1213102
page_index,time_cycles
0,1002926
page_index,time_cycles
0,1633422
page_index,time_cycles
0,1208078
page_index,time_cycles
0,698642
page_index,time_cycles
0,2542458
page_index,time_cycles
0,2176528
page_index,time_cycles
0,1494300
page_index,time_cycles
0,1846842
page_index,time_cycles
0,2124512
page_index,time_cycles
0,2441552
page_index,time_cycles
0,2585882
page_index,time_cycles
0,2237636
page_index,time_cycles
0,2260462
page_index,time_cycles
0,1907476
page_index,time_cycles
0,928472
page_index,time_cycles
0,2706016
page_index,time_cycles
0,2275776
page_index,time_cycles
0,1581578
page_index,time_cycles
0,1854646
page_index,time_cycles
0,1763992
page_index,time_cycles
0,1715968
page_index,time_cycles
0,1802772
page_index,time_cycles
0,2088464
page_index,time_cycles
0,1661316
page_index,time_cycles
0,1530916
page_index,time_cycles
0,1118080
page_index,time_cycles
0,1304750
page_index,time_cycles
0,975472
page_index,time_cycles
0,2615480
page_index,time_cycles
0,1679236
page_index,time_cycles
0,2169898
page_index,time_cycles
0,1240380
page_index,time_cycles
0,1707790
page_index,time_cycles
0,3058984
page_index,time_cycles
0,715316
page_index,time_cycles
0,2041482
page_index,time_cycles
0,3552538
page_index,time_cycles
0,1706306
page_index,time_cycles
0,2082324
page_index,time_cycles
0,1159848
page_index,time_cycles
0,1796730
page_index,time_cycles
0,1938998
page_index,time_cycles
0,2245650
page_index,time_cycles
0,2327778
page_index,time_cycles
0,1545628
page_index,time_cycles
0,1445818
page_index,time_cycles
0,1212136
page_index,time_cycles
0,1432726
page_index,time_cycles
0,1802232
page_index,time_cycles
0,1449858
page_index,time_cycles
0,2687338
page_index,time_cycles
0,1573962
page_index,time_cycles
0,1814126
page_index,time_cycles
0,1568666
page_index,time_cycles
0,2257144
page_index,time_cycles
0,1844808
page_index,time_cycles
0,1589898
page_index,time_cycles
0,2484916
page_index,time_cycles
0,1348414
page_index,time_cycles
0,1391684
page_index,time_cycles
0,723248
page_index,time_cycles
0,2807114
page_index,time_cycles
0,1652040
page_index,time_cycles
0,1980160
page_index,time_cycles
0,677576
page_index,time_cycles
0,2647618
page_index,time_cycles
0,1894726
page_index,time_cycles
0,1366916
page_index,time_cycles
0,1851104
page_index,time_cycles
0,2174492
page_index,time_cycles
0,1663858
page_index,time_cycles
0,1731410
page_index,time_cycles
0,1441248
page_index,time_cycles
0,2323496
page_index,time_cycles
0,906660
page_index,time_cycles
0,2144946
page_index,time_cycles
0,2160260
page_index,time_cycles
0,708912
page_index,time_cycles
0,1946110
page_index,time_cycles
0,1333326
page_index,time_cycles
0,2350994
page_index,time_cycles
0,1269200
page_index,time_cycles
0,1102846
page_index,time_cycles
0,1806462
page_index,time_cycles
0,617662
page_index,time_cycles
0,2220808
page_index,time_cycles
0,2384554
page_index,time_cycles
0,1468558
page_index,time_cycles
0,2455956
page_index,time_cycles
0,1715866
page_index,time_cycles
0,1992904
page_index,time_cycles
0,1516982
page_index,time_cycles
0,2547052
page_index,time_cycles
0,2237212
page_index,time_cycles
0,801254
page_index,time_cycles
0,1960746
page_index,time_cycles
0,2239302
page_index,time_cycles
0,752042
page_index,time_cycles
0,986584
page_index,time_cycles
0,2482304
page_index,time_cycles
0,3652182
page_index,time_cycles
0,3206568
page_index,time_cycles
0,2375506
page_index,time_cycles
0,2745240
page_index,time_cycles
0,1307894
page_index,time_cycles
0,2797488
page_index,time_cycles
0,1982960
page_index,time_cycles
0,847348
page_index,time_cycles
0,1358246
page_index,time_cycles
0,2327784
page_index,time_cycles
0,1384346
page_index,time_cycles
0,715344
page_index,time_cycles
0,2866620
page_index,time_cycles
0,3029136
page_index,time_cycles
0,1383062
page_index,time_cycles
0,1390706
page_index,time_cycles
0,1928778
page_index,time_cycles
0,2148392
page_index,time_cycles
0,1958016
page_index,time_cycles
0,739400
page_index,time_cycles
0,1862990
page_index,time_cycles
0,2347958
page_index,time_cycles
0,702366
page_index,time_cycles
0,1757990
page_index,time_cycles
0,1869868
page_index,time_cycles
0,884510
page_index,time_cycles
0,2396288
page_index,time_cycles
0,949908
page_index,time_cycles
0,1405362
page_index,time_cycles
0,1455776
page_index,time_cycles
0,2034140
page_index,time_cycles
0,1743074
page_index,time_cycles
0,2168562
page_index,time_cycles
0,1247338
page_index,time_cycles
0,2407900
page_index,time_cycles
0,1506184
page_index,time_cycles
0,1694518
page_index,time_cycles
0,894430
page_index,time_cycles
0,870280
page_index,time_cycles
0,1329632
page_index,time_cycles
0,2155126
page_index,time_cycles
0,741708
page_index,time_cycles
0,2213304
page_index,time_cycles
0,2337182
page_index,time_cycles
0,2410850
page_index,time_cycles
0,2512830
page_index,time_cycles
0,773150
page_index,time_cycles
0,1783106
page_index,time_cycles
0,1028140
page_index,time_cycles
0,2107528
page_index,time_cycles
0,1625586
page_index,time_cycles
0,3121954
page_index,time_cycles
0,971670
page_index,time_cycles
0,2192428
page_index,time_cycles
0,1657662
page_index,time_cycles
0,1429254
page_index,time_cycles
0,1562108
page_index,time_cycles
0,1488088
page_index,time_cycles
0,3736694
page_index,time_cycles
0,947780
page_index,time_cycles
0,959996
page_index,time_cycles
0,1419418
page_index,time_cycles
0,1003758
page_index,time_cycles
0,1099670
page_index,time_cycles
0,782920
page_index,time_cycles
0,1814562
page_index,time_cycles
0,3276960
page_index,time_cycles
0,3309824
page_index,time_cycles
0,736322
page_index,time_cycles
0,1607960
page_index,time_cycles
0,2988030
page_index,time_cycles
0,1516198
page_index,time_cycles
0,1782908
page_index,time_cycles
0,1779774
page_index,time_cycles
0,1403164
page_index,time_cycles
0,1939798
page_index,time_cycles
0,1172334
page_index,time_cycles
0,1201806
page_index,time_cycles
0,2083982
page_index,time_cycles
0,1199784
page_index,time_cycles
0,1965974
page_index,time_cycles
0,1993978
page_index,time_cycles
0,631278
page_index,time_cycles
0,2833696
page_index,time_cycles
0,2845688
page_index,time_cycles
0,738308
page_index,time_cycles
0,1547848
page_index,time_cycles
0,2008056
page_index,time_cycles
0,1909202
page_index,time_cycles
0,1966788
page_index,time_cycles
0,1899616
page_index,time_cycles
0,1856480
page_index,time_cycles
0,773670
page_index,time_cycles
0,1554566
page_index,time_cycles
0,3317168
page_index,time_cycles
0,1731510
page_index,time_cycles
0,2251576
page_index,time_cycles
0,1221438
page_index,time_cycles
0,2049522
page_index,time_cycles
0,2744588
page_index,time_cycles
0,2106764
page_index,time_cycles
0,1410084
page_index,time_cycles
0,1233258
page_index,time_cycles
0,1897532
page_index,time_cycles
0,2373380
page_index,time_cycles
0,2551378
page_index,time_cycles
0,1857120
page_index,time_cycles
0,1215326
page_index,time_cycles
0,2465072
page_index,time_cycles
0,1987338
page_index,time_cycles
0,712568
page_index,time_cycles
0,1156152
page_index,time_cycles
0,1288594
page_index,time_cycles
0,1734778
page_index,time_cycles
0,768464
page_index,time_cycles
0,1239306
page_index,time_cycles
0,2379958
page_index,time_cycles
0,1258928
page_index,time_cycles
0,2343338
page_index,time_cycles
0,4580544
page_index,time_cycles
0,2833768
page_index,time_cycles
0,1416004
page_index,time_cycles
0,2037276
page_index,time_cycles
0,1878560
page_index,time_cycles
0,1383300
page_index,time_cycles
0,2688502
page_index,time_cycles
0,1921584
page_index,time_cycles
0,2600716
page_index,time_cycles
0,2594966
page_index,time_cycles
0,898890
page_index,time_cycles
0,1704164
page_index,time_cycles
0,2173532
page_index,time_cycles
0,2352900
page_index,time_cycles
0,2422578
page_index,time_cycles
0,2480596
page_index,time_cycles
0,2015502
page_index,time_cycles
0,1392290
page_index,time_cycles
0,1818480
page_index,time_cycles
0,1541268
page_index,time_cycles
0,1953442
page_index,time_cycles
0,1793748
page_index,time_cycles
0,1637350
page_index,time_cycles
0,2782668
page_index,time_cycles
0,825792
page_index,time_cycles
0,2425454
page_index,time_cycles
0,2395346
page_index,time_cycles
0,1286458
page_index,time_cycles
0,2003510
page_index,time_cycles
0,690692
page_index,time_cycles
0,1914884
page_index,time_cycles
0,1890482
page_index,time_cycles
0,2335492
page_index,time_cycles
0,1225312
page_index,time_cycles
0,3058768
page_index,time_cycles
0,1717380
page_index,time_cycles
0,695570
page_index,time_cycles
0,1051940
page_index,time_cycles
0,3661354
page_index,time_cycles
0,1299636
page_index,time_cycles
0,2185602
page_index,time_cycles
0,1906130
page_index,time_cycles
0,1697186
page_index,time_cycles
0,2201040
page_index,time_cycles
0,1370276
page_index,time_cycles
0,1933304
page_index,time_cycles
0,1996794
page_index,time_cycles
0,4564992
page_index,time_cycles
0,661946
page_index,time_cycles
0,1795830
page_index,time_cycles
0,1258596
page_index,time_cycles
0,1555932
page_index,time_cycles
0,1856682
page_index,time_cycles
0,1784436
page_index,time_cycles
0,1278432
page_index,time_cycles
0,2826538
page_index,time_cycles
0,1305524
page_index,time_cycles
0,1056520
page_index,time_cycles
0,2141856
page_index,time_cycles
0,3153054
page_index,time_cycles
0,1695382
page_index,time_cycles
0,2155740
page_index,time_cycles
0,1788538
page_index,time_cycles
0,1776554
page_index,time_cycles
0,1193116
page_index,time_cycles
0,1479946
page_index,time_cycles
0,900060
page_index,time_cycles
0,1314426
page_index,time_cycles
0,1381972
page_index,time_cycles
0,1285158
page_index,time_cycles
0,1135238
page_index,time_cycles
0,1605740
page_index,time_cycles
0,1731288
page_index,time_cycles
0,814828
page_index,time_cycles
0,1900030
page_index,time_cycles
0,2773610
page_index,time_cycles
0,1641796
page_index,time_cycles
0,1579994
page_index,time_cycles
0,1696690
page_index,time_cycles
0,1694958
page_index,time_cycles
0,1449476
page_index,time_cycles
0,2583546
page_index,time_cycles
0,1504762
page_index,time_cycles
0,2187686
page_index,time_cycles
0,1989902
page_index,time_cycles
0,1787568
page_index,time_cycles
0,2193832
page_index,time_cycles
0,1736456
page_index,time_cycles
0,2473342
page_index,time_cycles
0,842614
page_index,time_cycles
0,1985356
page_index,time_cycles
0,2985920
page_index,time_cycles
0,705176
page_index,time_cycles
0,1307672
page_index,time_cycles
0,2673082
page_index,time_cycles
0,2215314
page_index,time_cycles
0,1603660
page_index,time_cycles
0,1222414
page_index,time_cycles
0,1916864
page_index,time_cycles
0,1917920
page_index,time_cycles
0,682410
page_index,time_cycles
0,2272216
page_index,time_cycles
0,1996430
page_index,time_cycles
0,1510416
page_index,time_cycles
0,1579198
page_index,time_cycles
0,1981916
page_index,time_cycles
0,1648808
page_index,time_cycles
0,1138364
page_index,time_cycles
0,1881288
page_index,time_cycles
0,1550448
page_index,time_cycles
0,1047640
page_index,time_cycles
0,1898820
page_index,time_cycles
0,1329498
page_index,time_cycles
0,1966342
page_index,time_cycles
0,1810226
page_index,time_cycles
0,1286652
page_index,time_cycles
0,1968036
page_index,time_cycles
0,2345488
page_index,time_cycles
0,2984048
page_index,time_cycles
0,1569258
page_index,time_cycles
0,1181120
page_index,time_cycles
0,1849682
page_index,time_cycles
0,1913264
page_index,time_cycles
0,1170140
page_index,time_cycles
0,724938
page_index,time_cycles
0,623686
page_index,time_cycles
0,1740960
page_index,time_cycles
0,1406536
page_index,time_cycles
0,2609604
page_index,time_cycles
0,1367010
page_index,time_cycles
0,2255072
page_index,time_cycles
0,920798
page_index,time_cycles
0,2797952
page_index,time_cycles
0,1835710
page_index,time_cycles
0,2114964
page_index,time_cycles
0,2062090
page_index,time_cycles
0,1713588
page_index,time_cycles
0,805122
page_index,time_cycles
0,1758126
page_index,time_cycles
0,1393960
page_index,time_cycles
0,1345984
page_index,time_cycles
0,2407060
page_index,time_cycles
0,2200448
page_index,time_cycles
0,1955358
page_index,time_cycles
0,1404642
page_index,time_cycles
0,2280212
page_index,time_cycles
0,1129272
page_index,time_cycles
0,1503390
page_index,time_cycles
0,1170768
page_index,time_cycles
0,2423862
page_index,time_cycles
0,1301122
page_index,time_cycles
0,736666
page_index,time_cycles
0,885408
page_index,time_cycles
0,1178240
page_index,time_cycles
0,2255246
page_index,time_cycles
0,2176040
page_index,time_cycles
0,1939520
page_index,time_cycles
0,1622162
page_index,time_cycles
0,2387018
page_index,time_cycles
0,1814350
page_index,time_cycles
0,1412262
page_index,time_cycles
0,2236946
page_index,time_cycles
0,1670460
page_index,time_cycles
0,782814
page_index,time_cycles
0,1402126
page_index,time_cycles
0,1307238
page_index,time_cycles
0,2263362
page_index,time_cycles
0,3277480
page_index,time_cycles
0,1407836
page_index,time_cycles
0,2334876
page_index,time_cycles
0,1836672
page_index,time_cycles
0,1416206
page_index,time_cycles
0,2011620
page_index,time_cycles
0,2953624
page_index,time_cycles
0,1588172
page_index,time_cycles
0,1935328
page_index,time_cycles
0,1220586
page_index,time_cycles
0,881980
page_index,time_cycles
0,2188414
page_index,time_cycles
0,2074978
page_index,time_cycles
0,1965316
page_index,time_cycles
0,5098720
page_index,time_cycles
0,1359966
page_index,time_cycles
0,1841638
page_index,time_cycles
0,2277028
page_index,time_cycles
0,740438
page_index,time_cycles
0,3168574
page_index,time_cycles
0,1601914
page_index,time_cycles
0,2035538
page_index,time_cycles
0,1638798
page_index,time_cycles
0,1853356
page_index,time_cycles
0,1517222
page_index,time_cycles
0,1204834
page_index,time_cycles
0,1550278
page_index,time_cycles
0,2165150
page_index,time_cycles
0,1885326
page_index,time_cycles
0,2156786
page_index,time_cycles
0,1424084
page_index,time_cycles
0,1856424
page_index,time_cycles
0,1818008
page_index,time_cycles
0,1576994
page_index,time_cycles
0,687564
page_index,time_cycles
0,1587694
page_index,time_cycles
0,2761094
page_index,time_cycles
0,641860
page_index,time_cycles
0,2480398
page_index,time_cycles
0,1226374
page_index,time_cycles
0,1965740
page_index,time_cycles
0,1012698
page_index,time_cycles
0,1380844
page_index,time_cycles
0,742660
page_index,time_cycles
0,2627724
page_index,time_cycles
0,2115864
page_index,time_cycles
0,1826814
page_index,time_cycles
0,1694526
page_index,time_cycles
0,1945318
page_index,time_cycles
0,1720444
page_index,time_cycles
0,2080092
page_index,time_cycles
0,2650020
page_index,time_cycles
0,786472
page_index,time_cycles
0,1137498
page_index,time_cycles
0,2071440
page_index,time_cycles
0,1928848
page_index,time_cycles
0,2515644
page_index,time_cycles
0,2207480
page_index,time_cycles
0,1486588
page_index,time_cycles
0,1632946
page_index,time_cycles
0,1511508
page_index,time_cycles
0,2183976
page_index,time_cycles
0,1896726
page_index,time_cycles
0,2903672
page_index,time_cycles
0,870690
page_index,time_cycles
0,2820468
page_index,time_cycles
0,2411804
page_index,time_cycles
0,1073284
page_index,time_cycles
0,678252
page_index,time_cycles
0,2060036
page_index,time_cycles
0,1776834
page_index,time_cycles
0,790244
page_index,time_cycles
0,2373194
page_index,time_cycles
0,3670236
page_index,time_cycles
0,2212376
page_index,time_cycles
0,1114172
page_index,time_cycles
0,1832842
page_index,time_cycles
0,1663560
page_index,time_cycles
0,1324866
page_index,time_cycles
0,1699990
page_index,time_cycles
0,1200310
page_index,time_cycles
0,1218874
page_index,time_cycles
0,959398
page_index,time_cycles
0,3724678
page_index,time_cycles
0,3707074
page_index,time_cycles
0,936644
page_index,time_cycles
0,1334630
page_index,time_cycles
0,1146818
page_index,time_cycles
0,2240946
page_index,time_cycles
0,2383136
page_index,time_cycles
0,699880
page_index,time_cycles
0,1153700
page_index,time_cycles
0,770570
page_index,time_cycles
0,2830168
page_index,time_cycles
0,2147222
page_index,time_cycles
0,1042842
page_index,time_cycles
0,1327452
page_index,time_cycles
0,1368252
page_index,time_cycles
0,3427928
page_index,time_cycles
0,1068166
page_index,time_cycles
0,1808198
page_index,time_cycles
0,1338566
page_index,time_cycles
0,2479228
page_index,time_cycles
0,827924
page_index,time_cycles
0,1501778
page_index,time_cycles
0,1822426
page_index,time_cycles
0,1040924
page_index,time_cycles
0,1041494
page_index,time_cycles
0,1437394
page_index,time_cycles
0,2406870
page_index,time_cycles
0,747218
page_index,time_cycles
0,1458608
page_index,time_cycles
0,2080230
page_index,time_cycles
0,1577846
page_index,time_cycles
0,1098146
page_index,time_cycles
0,1824682
page_index,time_cycles
0,3225598
page_index,time_cycles
0,1808722
page_index,time_cycles
0,2347406
page_index,time_cycles
0,932850
page_index,time_cycles
0,2274268
page_index,time_cycles
0,1854470
page_index,time_cycles
0,1561394
page_index,time_cycles
0,1882510
page_index,time_cycles
0,1344038
page_index,time_cycles
0,1582642
page_index,time_cycles
0,1502546
page_index,time_cycles
0,1171596
page_index,time_cycles
0,1241202
page_index,time_cycles
0,1446732
page_index,time_cycles
0,704798
page_index,time_cycles
0,2133698
page_index,time_cycles
0,887760
page_index,time_cycles
0,2390788
page_index,time_cycles
0,2236932
page_index,time_cycles
0,657728
page_index,time_cycles
0,1174818
page_index,time_cycles
0,2196418
page_index,time_cycles
0,2715270
page_index,time_cycles
0,2602474
page_index,time_cycles
0,1258634
page_index,time_cycles
0,1998184
page_index,time_cycles
0,1602496
page_index,time_cycles
0,1866764
page_index,time_cycles
0,2595012
page_index,time_cycles
0,863522
page_index,time_cycles
0,1593392
page_index,time_cycles
0,1823022
page_index,time_cycles
0,965846
page_index,time_cycles
0,1639764
page_index,time_cycles
0,3110228
page_index,time_cycles
0,2003340
page_index,time_cycles
0,952646
page_index,time_cycles
0,817864
page_index,time_cycles
0,1284256
page_index,time_cycles
0,1540900
page_index,time_cycles
0,648164
page_index,time_cycles
0,2098098
page_index,time_cycles
0,2077580
page_index,time_cycles
0,675758
page_index,time_cycles
0,716624
page_index,time_cycles
0,1788492
page_index,time_cycles
0,1910912
page_index,time_cycles
0,2536030
page_index,time_cycles
0,977780
page_index,time_cycles
0,2042736
page_index,time_cycles
0,1154824
page_index,time_cycles
0,1140222
page_index,time_cycles
0,1423382
page_index,time_cycles
0,1566538
page_index,time_cycles
0,1874046
page_index,time_cycles
0,2395272
page_index,time_cycles
0,1698720
page_index,time_cycles
0,1972374
page_index,time_cycles
0,2088002
page_index,time_cycles
0,766452
page_index,time_cycles
0,857480
page_index,time_cycles
0,812524
page_index,time_cycles
0,3513580
page_index,time_cycles
0,1302116
page_index,time_cycles
0,3038794
page_index,time_cycles
0,1061558
page_index,time_cycles
0,1987786
page_index,time_cycles
0,2010076
page_index,time_cycles
0,1792866
page_index,time_cycles
0,951258
page_index,time_cycles
0,1048538
page_index,time_cycles
0,1822700
page_index,time_cycles
0,1648972
page_index,time_cycles
0,1473232
page_index,time_cycles
0,1766114
page_index,time_cycles
0,880430
page_index,time_cycles
0,888812
page_index,time_cycles
0,1517452
page_index,time_cycles
0,1484014
page_index,time_cycles
0,3281896
page_index,time_cycles
0,3352078
page_index,time_cycles
0,1540480
page_index,time_cycles
0,2615158
page_index,time_cycles
0,1503710
page_index,time_cycles
0,2086464
page_index,time_cycles
0,1907656
page_index,time_cycles
0,1298344
page_index,time_cycles
0,2079608
page_index,time_cycles
0,2026928
page_index,time_cycles
0,1122278
page_index,time_cycles
0,1416058
page_index,time_cycles
0,1138892
page_index,time_cycles
0,1835564
page_index,time_cycles
0,2010438
page_index,time_cycles
0,1459298
page_index,time_cycles
0,1991782
page_index,time_cycles
0,1259790
page_index,time_cycles
0,803236
page_index,time_cycles
0,2416440
page_index,time_cycles
0,2074650
page_index,time_cycles
0,2312184
page_index,time_cycles
0,1876202
page_index,time_cycles
0,1579022
page_index,time_cycles
0,1177022
page_index,time_cycles
0,1697920
page_index,time_cycles
0,2836918
page_index,time_cycles
0,2068118
page_index,time_cycles
0,1816444
page_index,time_cycles
0,1739230
page_index,time_cycles
0,1362576
page_index,time_cycles
0,2769604
page_index,time_cycles
0,775108
page_index,time_cycles
0,708882
page_index,time_cycles
0,2792118
page_index,time_cycles
0,2863270
page_index,time_cycles
0,621898
page_index,time_cycles
0,1252478
page_index,time_cycles
0,653942
page_index,time_cycles
0,1651106
page_index,time_cycles
0,725390
page_index,time_cycles
0,1929526
page_index,time_cycles
0,837142
page_index,time_cycles
0,1596206
page_index,time_cycles
0,2810970
page_index,time_cycles
0,2227958
page_index,time_cycles
0,2532468
page_index,time_cycles
0,881072
page_index,time_cycles
0,1477768
page_index,time_cycles
0,1609196
page_index,time_cycles
0,4561988
page_index,time_cycles
0,1777408
page_index,time_cycles
0,1249224
page_index,time_cycles
0,2018780
page_index,time_cycles
0,989206
page_index,time_cycles
0,2202934
page_index,time_cycles
0,2316794
page_index,time_cycles
0,1910324
page_index,time_cycles
0,1890010
page_index,time_cycles
0,1861966
page_index,time_cycles
0,3673904
page_index,time_cycles
0,2705104
page_index,time_cycles
0,2226888
page_index,time_cycles
0,1166104
page_index,time_cycles
0,1214200
page_index,time_cycles
0,923088
page_index,time_cycles
0,2297514
page_index,time_cycles
0,1992992
page_index,time_cycles
0,2345746
page_index,time_cycles
0,738590
page_index,time_cycles
0,3543226
page_index,time_cycles
0,2146304
page_index,time_cycles
0,887448
page_index,time_cycles
0,2102386
page_index,time_cycles
0,618900
page_index,time_cycles
0,1383976
page_index,time_cycles
0,1452934
page_index,time_cycles
0,1485854
page_index,time_cycles
0,1741688
page_index,time_cycles
0,2533134
page_index,time_cycles
0,673870
page_index,time_cycles
0,2053356
page_index,time_cycles
0,3457078
page_index,time_cycles
0,1671850
page_index,time_cycles
0,1879640
page_index,time_cycles
0,1767374
page_index,time_cycles
0,2848238
page_index,time_cycles
0,2127544
page_index,time_cycles
0,1160450
page_index,time_cycles
0,1555854
page_index,time_cycles
0,1104786
page_index,time_cycles
0,1445382
page_index,time_cycles
0,1953512
page_index,time_cycles
0,2252232
page_index,time_cycles
0,5399460
page_index,time_cycles
0,2747888
page_index,time_cycles
0,1166382
page_index,time_cycles
0,781776
page_index,time_cycles
0,1291792
page_index,time_cycles
0,1798216
page_index,time_cycles
0,2100030
page_index,time_cycles
0,1445668
page_index,time_cycles
0,2957898
page_index,time_cycles
0,1758330
page_index,time_cycles
0,1294456
page_index,time_cycles
0,2209802
page_index,time_cycles
0,2186762
page_index,time_cycles
0,1364202
page_index,time_cycles
0,2042686
page_index,time_cycles
0,1279512
page_index,time_cycles
0,2176552
page_index,time_cycles
0,1301168
page_index,time_cycles
0,1039806
page_index,time_cycles
0,637134
page_index,time_cycles
0,886710
page_index,time_cycles
0,1296308
page_index,time_cycles
0,2985824
page_index,time_cycles
0,2143602
page_index,time_cycles
0,1660620
page_index,time_cycles
0,2331440
page_index,time_cycles
0,1783228
page_index,time_cycles
0,1764422
page_index,time_cycles
0,2051432
page_index,time_cycles
0,1777674
page_index,time_cycles
0,1563470
page_index,time_cycles
0,3342822
page_index,time_cycles
0,2898902
page_index,time_cycles
0,2761618
page_index,time_cycles
0,1521958
page_index,time_cycles
0,1839362
page_index,time_cycles
0,2527346
page_index,time_cycles
0,1574910
page_index,time_cycles
0,1928688
page_index,time_cycles
0,1427562
page_index,time_cycles
0,1321702
page_index,time_cycles
0,1518468
page_index,time_cycles
0,2936966
page_index,time_cycles
0,1836882
page_index,time_cycles
0,1457496
page_index,time_cycles
0,3327042
page_index,time_cycles
0,1384604
page_index,time_cycles
0,928264
page_index,time_cycles
0,2525252
page_index,time_cycles
0,1485192
page_index,time_cycles
0,1749714
page_index,time_cycles
0,1873254
page_index,time_cycles
0,1378852
page_index,time_cycles
0,2409952
page_index,time_cycles
0,2190230
page_index,time_cycles
0,688902
page_index,time_cycles
0,1486002
page_index,time_cycles
0,653876
page_index,time_cycles
0,3138530
page_index,time_cycles
0,2128384
page_index,time_cycles
0,2419558
page_index,time_cycles
0,1945774
page_index,time_cycles
0,1440130
page_index,time_cycles
0,2356676
page_index,time_cycles
0,843374
page_index,time_cycles
0,1944838
page_index,time_cycles
0,785244
page_index,time_cycles
0,1039488
page_index,time_cycles
0,1549140
page_index,time_cycles
0,919840
page_index,time_cycles
0,1602610
page_index,time_cycles
0,1599682
page_index,time_cycles
0,1996444
page_index,time_cycles
0,2508278
page_index,time_cycles
0,720958
page_index,time_cycles
0,3287706
page_index,time_cycles
0,830304
page_index,time_cycles
0,3114016
page_index,time_cycles
0,654598
page_index,time_cycles
0,1876082
page_index,time_cycles
0,2745964
page_index,time_cycles
0,1516476
page_index,time_cycles
0,1249962
page_index,time_cycles
0,1433786
page_index,time_cycles
0,1687660
page_index,time_cycles
0,1707342
page_index,time_cycles
0,1607762
page_index,time_cycles
0,1240118
page_index,time_cycles
0,2769868
page_index,time_cycles
0,1687164
page_index,time_cycles
0,729016
page_index,time_cycles
0,776884
page_index,time_cycles
0,647788
page_index,time_cycles
0,1610744
page_index,time_cycles
0,2677188
page_index,time_cycles
0,1696948
page_index,time_cycles
0,1915726
page_index,time_cycles
0,1809690
page_index,time_cycles
0,1289098
page_index,time_cycles
0,2090542
page_index,time_cycles
0,1553582
page_index,time_cycles
0,1902202
page_index,time_cycles
0,1325320
page_index,time_cycles
0,1758770
page_index,time_cycles
0,1724490
page_index,time_cycles
0,1533526
page_index,time_cycles
0,1526574
page_index,time_cycles
0,2899192
page_index,time_cycles
0,845798
page_index,time_cycles
0,1233726
page_index,time_cycles
0,3210834
page_index,time_cycles
0,1207226
page_index,time_cycles
0,2567788
page_index,time_cycles
0,1613224
page_index,time_cycles
0,2546754
page_index,time_cycles
0,1778830
page_index,time_cycles
0,1265724
page_index,time_cycles
0,2803612
page_index,time_cycles
0,1883152
page_index,time_cycles
0,1222812
page_index,time_cycles
0,1604390
page_index,time_cycles
0,1908506
page_index,time_cycles
0,2322868
page_index,time_cycles
0,836476
page_index,time_cycles
0,2083900
page_index,time_cycles
0,2181284
page_index,time_cycles
0,1762916
page_index,time_cycles
0,2010458
page_index,time_cycles
0,730506
page_index,time_cycles
0,2316396
page_index,time_cycles
0,1144204
page_index,time_cycles
0,760794
page_index,time_cycles
0,2266764
page_index,time_cycles
0,2578070
page_index,time_cycles
0,1124462
page_index,time_cycles
0,1400330
page_index,time_cycles
0,798046
page_index,time_cycles
0,2174072
page_index,time_cycles
0,1402066
page_index,time_cycles
0,2453010
page_index,time_cycles
0,2178240
page_index,time_cycles
0,1073980
page_index,time_cycles
0,1213380
page_index,time_cycles
0,4669642
page_index,time_cycles
0,2202370
page_index,time_cycles
0,2147720
page_index,time_cycles
0,2227628
page_index,time_cycles
0,2113694
page_index,time_cycles
0,2557768
page_index,time_cycles
0,1230104
page_index,time_cycles
0,2447006
page_index,time_cycles
0,2903366
page_index,time_cycles
0,2732434
page_index,time_cycles
0,2495622
page_index,time_cycles
0,763196
page_index,time_cycles
0,1600458
page_index,time_cycles
0,1822594
page_index,time_cycles
0,1501226
page_index,time_cycles
0,1266216
page_index,time_cycles
0,1277936
page_index,time_cycles
0,2633828
page_index,time_cycles
0,745812
page_index,time_cycles
0,1328686
page_index,time_cycles
0,2166188
page_index,time_cycles
0,2223662
page_index,time_cycles
0,1964548
page_index,time_cycles
0,1328490
page_index,time_cycles
0,1941820
page_index,time_cycles
0,1802546
page_index,time_cycles
0,1732454
page_index,time_cycles
0,2296944
page_index,time_cycles
0,788376
page_index,time_cycles
0,2750754
page_index,time_cycles
0,2134714
page_index,time_cycles
0,2122350
page_index,time_cycles
0,1724038
page_index,time_cycles
0,1906880
page_index,time_cycles
0,1498824
page_index,time_cycles
0,1007490
page_index,time_cycles
0,1022488
page_index,time_cycles
0,837972
page_index,time_cycles
0,924384
page_index,time_cycles
0,872278
page_index,time_cycles
0,1128570
page_index,time_cycles
0,1668668
page_index,time_cycles
0,995210
page_index,time_cycles
0,1024058
page_index,time_cycles
0,642480
page_index,time_cycles
0,1786924
page_index,time_cycles
0,2387528
page_index,time_cycles
0,740950
page_index,time_cycles
0,2269422
page_index,time_cycles
0,1552044
page_index,time_cycles
0,1579210
page_index,time_cycles
0,2448872
page_index,time_cycles
0,2709574
page_index,time_cycles
0,2495708
page_index,time_cycles
0,2099316
page_index,time_cycles
0,1204828
page_index,time_cycles
0,2236400
page_index,time_cycles
0,2584180
page_index,time_cycles
0,1398512
page_index,time_cycles
0,1905212
page_index,time_cycles
0,1936764
page_index,time_cycles
0,1406194
page_index,time_cycles
0,1554936
page_index,time_cycles
0,1756086
page_index,time_cycles
0,1170848
page_index,time_cycles
0,1446868
page_index,time_cycles
0,1227148
page_index,time_cycles
0,1433996
page_index,time_cycles
0,659556
page_index,time_cycles
0,833166
page_index,time_cycles
0,1479804
page_index,time_cycles
0,1656464
page_index,time_cycles
0,1146194
page_index,time_cycles
0,1011080
page_index,time_cycles
0,1979366
page_index,time_cycles
0,2113760
page_index,time_cycles
0,1420846
page_index,time_cycles
0,763502
page_index,time_cycles
0,1312668
page_index,time_cycles
0,2066750
page_index,time_cycles
0,1444194
page_index,time_cycles
0,1959394
page_index,time_cycles
0,1571820
page_index,time_cycles
0,1761456
page_index,time_cycles
0,2447448
page_index,time_cycles
0,1208158
page_index,time_cycles
0,2572244
page_index,time_cycles
0,1132046
page_index,time_cycles
0,1704062
page_index,time_cycles
0,805946
page_index,time_cycles
0,1210002
page_index,time_cycles
0,1676478
page_index,time_cycles
0,1875918
page_index,time_cycles
0,1891836
page_index,time_cycles
0,1866472
page_index,time_cycles
0,1967750
page_index,time_cycles
0,1639868
page_index,time_cycles
0,1518060
page_index,time_cycles
0,2096336
page_index,time_cycles
0,1444130
page_index,time_cycles
0,1782024
page_index,time_cycles
0,2477342
page_index,time_cycles
0,1082036
page_index,time_cycles
0,751464
page_index,time_cycles
0,1590464
page_index,time_cycles
0,1935508
page_index,time_cycles
0,817304
page_index,time_cycles
0,1340936
page_index,time_cycles
0,2353986
page_index,time_cycles
0,720550
page_index,time_cycles
0,2255600
page_index,time_cycles
0,2593244
page_index,time_cycles
0,2575712
page_index,time_cycles
0,1108852
page_index,time_cycles
0,1144582
page_index,time_cycles
0,823750
page_index,time_cycles
0,955578
page_index,time_cycles
0,956460
page_index,time_cycles
0,2997952
page_index,time_cycles
0,2329326
page_index,time_cycles
0,892256
page_index,time_cycles
0,1136188
page_index,time_cycles
0,1264468
page_index,time_cycles
0,2091556
page_index,time_cycles
0,1706910
page_index,time_cycles
0,1589942
page_index,time_cycles
0,1918604
page_index,time_cycles
0,2566484
page_index,time_cycles
0,1915576
page_index,time_cycles
0,2064974
page_index,time_cycles
0,1297186
page_index,time_cycles
0,1530082
page_index,time_cycles
0,1316898
page_index,time_cycles
0,3518646
page_index,time_cycles
0,695168
page_index,time_cycles
0,2275570
page_index,time_cycles
0,871672
page_index,time_cycles
0,1100056
page_index,time_cycles
0,1240290
page_index,time_cycles
0,1813004
page_index,time_cycles
0,1561716
page_index,time_cycles
0,1319450
page_index,time_cycles
0,2016686
page_index,time_cycles
0,2243968
page_index,time_cycles
0,2156476
page_index,time_cycles
0,2080500
page_index,time_cycles
0,1942902
page_index,time_cycles
0,2280408
page_index,time_cycles
0,832178
page_index,time_cycles
0,2253624
page_index,time_cycles
0,2260628
page_index,time_cycles
0,878166
page_index,time_cycles
0,2509156
page_index,time_cycles
0,865734
page_index,time_cycles
0,1974048
page_index,time_cycles
0,1807748
page_index,time_cycles
0,663512
page_index,time_cycles
0,1032404
page_index,time_cycles
0,3358452
page_index,time_cycles
0,2606356
page_index,time_cycles
0,2128240
page_index,time_cycles
0,1240726
page_index,time_cycles
0,1656368
page_index,time_cycles
0,920160
page_index,time_cycles
0,1530978
page_index,time_cycles
0,2127644
page_index,time_cycles
0,2149706
page_index,time_cycles
0,2093450
page_index,time_cycles
0,2629926
page_index,time_cycles
0,1059984
page_index,time_cycles
0,1469626
page_index,time_cycles
0,1600126
page_index,time_cycles
0,2110888
page_index,time_cycles
0,1168578
page_index,time_cycles
0,2932536
page_index,time_cycles
0,1730918
page_index,time_cycles
0,2195524
page_index,time_cycles
0,3195844
page_index,time_cycles
0,1495076
page_index,time_cycles
0,1495808
page_index,time_cycles
0,1815696
page_index,time_cycles
0,677508
page_index,time_cycles
0,823844
page_index,time_cycles
0,1593904
page_index,time_cycles
0,1228140
page_index,time_cycles
0,1233870
page_index,time_cycles
0,1137990
page_index,time_cycles
0,1156920
page_index,time_cycles
0,1667176
page_index,time_cycles
0,1734848
page_index,time_cycles
0,1407516
page_index,time_cycles
0,833034
page_index,time_cycles
0,2100146
page_index,time_cycles
0,2026910
page_index,time_cycles
0,1190510
page_index,time_cycles
0,2074548
page_index,time_cycles
0,1519188
page_index,time_cycles
0,2111052
page_index,time_cycles
0,2627108
page_index,time_cycles
0,2556104
page_index,time_cycles
0,1085770
page_index,time_cycles
0,1571686
page_index,time_cycles
0,3458440
page_index,time_cycles
0,680752
page_index,time_cycles
0,2871244
page_index,time_cycles
0,2549248
page_index,time_cycles
0,1607986
page_index,time_cycles
0,1911578
page_index,time_cycles
0,1516582
page_index,time_cycles
0,2241090
page_index,time_cycles
0,2140688
page_index,time_cycles
0,3223746
page_index,time_cycles
0,1370364
page_index,time_cycles
0,1506416
page_index,time_cycles
0,2879870
page_index,time_cycles
0,1592734
page_index,time_cycles
0,1118654
page_index,time_cycles
0,3586810
page_index,time_cycles
0,655278
page_index,time_cycles
0,1227518
page_index,time_cycles
0,1249114
page_index,time_cycles
0,1921584
page_index,time_cycles
0,2126036
page_index,time_cycles
0,1158354
page_index,time_cycles
0,2140100
page_index,time_cycles
0,629038
page_index,time_cycles
0,2060416
page_index,time_cycles
0,611218
page_index,time_cycles
0,1566588
page_index,time_cycles
0,651456
page_index,time_cycles
0,2602354
page_index,time_cycles
0,1909104
page_index,time_cycles
0,1985604
page_index,time_cycles
0,1461128
page_index,time_cycles
0,931192
page_index,time_cycles
0,646000
page_index,time_cycles
0,2230224
page_index,time_cycles
0,1651254
page_index,time_cycles
0,662246
page_index,time_cycles
0,1681386
page_index,time_cycles
0,2578366
page_index,time_cycles
0,884954
page_index,time_cycles
0,1580326
page_index,time_cycles
0,1949098
page_index,time_cycles
0,2535064
page_index,time_cycles
0,1554184
page_index,time_cycles
0,726088
page_index,time_cycles
0,931144
page_index,time_cycles
0,1498194
page_index,time_cycles
0,2292556
page_index,time_cycles
0,790010
page_index,time_cycles
0,780810
page_index,time_cycles
0,1471452
page_index,time_cycles
0,2741376
page_index,time_cycles
0,974766
page_index,time_cycles
0,1786358
page_index,time_cycles
0,2758024
page_index,time_cycles
0,2287700
page_index,time_cycles
0,871356
page_index,time_cycles
0,1508314
page_index,time_cycles
0,825604
page_index,time_cycles
0,3568974
page_index,time_cycles
0,2583154
page_index,time_cycles
0,680760
page_index,time_cycles
0,2836242
page_index,time_cycles
0,2456624
page_index,time_cycles
0,1956288
page_index,time_cycles
0,1641618
page_index,time_cycles
0,3303948
page_index,time_cycles
0,2484538
page_index,time_cycles
0,1787332
page_index,time_cycles
0,1280980
page_index,time_cycles
0,1680492
page_index,time_cycles
0,966950
page_index,time_cycles
0,1205930
page_index,time_cycles
0,2770686
page_index,time_cycles
0,1242772
page_index,time_cycles
0,2137692
page_index,time_cycles
0,2784306
page_index,time_cycles
0,1196252
page_index,time_cycles
0,2920698
page_index,time_cycles
0,1112180
page_index,time_cycles
0,2057702
page_index,time_cycles
0,1486112
page_index,time_cycles
0,701548
page_index,time_cycles
0,1741540
page_index,time_cycles
0,1857788
page_index,time_cycles
0,1276794
page_index,time_cycles
0,1672926
page_index,time_cycles
0,2984706
page_index,time_cycles
0,802830
page_index,time_cycles
0,1306806
page_index,time_cycles
0,2825690
page_index,time_cycles
0,788026
page_index,time_cycles
0,1882546
page_index,time_cycles
0,1691198
page_index,time_cycles
0,1286478
page_index,time_cycles
0,1157072
page_index,time_cycles
0,3202418
page_index,time_cycles
0,1294600
page_index,time_cycles
0,1254762
page_index,time_cycles
0,2899974
page_index,time_cycles
0,2281662
page_index,time_cycles
0,794134
page_index,time_cycles
0,2155358
page_index,time_cycles
0,2190394
page_index,time_cycles
0,1630690
page_index,time_cycles
0,2558844
page_index,time_cycles
0,599054
page_index,time_cycles
0,2383930
page_index,time_cycles
0,1533174
page_index,time_cycles
0,857744
page_index,time_cycles
0,1252574
page_index,time_cycles
0,1251254
page_index,time_cycles
0,1870352
page_index,time_cycles
0,709718
page_index,time_cycles
0,1674622
page_index,time_cycles
0,1838918
page_index,time_cycles
0,981426
page_index,time_cycles
0,1202630
page_index,time_cycles
0,2224518
page_index,time_cycles
0,2328806
page_index,time_cycles
0,1769872
page_index,time_cycles
0,1940846
page_index,time_cycles
0,1382912
page_index,time_cycles
0,2015828
page_index,time_cycles
0,2080954
page_index,time_cycles
0,678712
page_index,time_cycles
0,2701500
page_index,time_cycles
0,2361518
page_index,time_cycles
0,1018774
page_index,time_cycles
0,1093854
page_index,time_cycles
0,2343946
page_index,time_cycles
0,1915296
page_index,time_cycles
0,2102282
page_index,time_cycles
0,1167272
page_index,time_cycles
0,1153386
page_index,time_cycles
0,1645392
page_index,time_cycles
0,2638860
page_index,time_cycles
0,1596580
page_index,time_cycles
0,1236838
page_index,time_cycles
0,788200
page_index,time_cycles
0,1447352
page_index,time_cycles
0,2810960
page_index,time_cycles
0,1692712
page_index,time_cycles
0,2686422
page_index,time_cycles
0,2325680
page_index,time_cycles
0,1393324
page_index,time_cycles
0,2304488
page_index,time_cycles
0,1856996
page_index,time_cycles
0,2270264
page_index,time_cycles
0,845860
page_index,time_cycles
0,2297694
page_index,time_cycles
0,1812862
page_index,time_cycles
0,783622
page_index,time_cycles
0,1276044
page_index,time_cycles
0,3231352
page_index,time_cycles
0,1081698
page_index,time_cycles
0,1175738
page_index,time_cycles
0,2386092
page_index,time_cycles
0,2751698
page_index,time_cycles
0,1929180
page_index,time_cycles
0,711908
page_index,time_cycles
0,1702060
page_index,time_cycles
0,2291038
page_index,time_cycles
0,1632684
page_index,time_cycles
0,1281846
page_index,time_cycles
0,2126284
page_index,time_cycles
0,1762508
page_index,time_cycles
0,2963160
page_index,time_cycles
0,702506
page_index,time_cycles
0,1321132
page_index,time_cycles
0,1057458
page_index,time_cycles
0,1240810
page_index,time_cycles
0,1973172
page_index,time_cycles
0,898722
page_index,time_cycles
0,1977974
page_index,time_cycles
0,1686388
page_index,time_cycles
0,1128682
page_index,time_cycles
0,1278232
page_index,time_cycles
0,2397262
page_index,time_cycles
0,1202804
page_index,time_cycles
0,821126
page_index,time_cycles
0,1339450
page_index,time_cycles
0,1159798
page_index,time_cycles
0,3400370
page_index,time_cycles
0,1923072
page_index,time_cycles
0,1945116
page_index,time_cycles
0,1610080
page_index,time_cycles
0,723242
page_index,time_cycles
0,2026280
page_index,time_cycles
0,1684002
page_index,time_cycles
0,2640868
page_index,time_cycles
0,1355874
page_index,time_cycles
0,1141382
page_index,time_cycles
0,1642918
page_index,time_cycles
0,842524
page_index,time_cycles
0,907028
page_index,time_cycles
0,2827496
page_index,time_cycles
0,1300444
page_index,time_cycles
0,1913284
page_index,time_cycles
0,3747952
page_index,time_cycles
0,1800176
page_index,time_cycles
0,3472432
page_index,time_cycles
0,1200184
page_index,time_cycles
0,1138288
page_index,time_cycles
0,2060618
page_index,time_cycles
0,764338
page_index,time_cycles
0,2931860
page_index,time_cycles
0,1321412
page_index,time_cycles
0,1983704
page_index,time_cycles
0,1844404
page_index,time_cycles
0,1537020
page_index,time_cycles
0,2462342
page_index,time_cycles
0,1751412
page_index,time_cycles
0,1341704
page_index,time_cycles
0,756564
page_index,time_cycles
0,1535604
page_index,time_cycles
0,641186
page_index,time_cycles
0,1403470
page_index,time_cycles
0,652196
page_index,time_cycles
0,2004952
page_index,time_cycles
0,2027816
page_index,time_cycles
0,1934818
page_index,time_cycles
0,1391622
page_index,time_cycles
0,2798396
page_index,time_cycles
0,1277764
page_index,time_cycles
0,2167016
page_index,time_cycles
0,3659824
page_index,time_cycles
0,2358448
page_index,time_cycles
0,1289286
page_index,time_cycles
0,1386798
page_index,time_cycles
0,948166
page_index,time_cycles
0,1120152
page_index,time_cycles
0,2057510
page_index,time_cycles
0,868100
page_index,time_cycles
0,800814
page_index,time_cycles
0,1344632
page_index,time_cycles
0,1175802
page_index,time_cycles
0,1438382
page_index,time_cycles
0,1794134
page_index,time_cycles
0,660924
page_index,time_cycles
0,1230674
page_index,time_cycles
0,1439846
page_index,time_cycles
0,979432
page_index,time_cycles
0,727234
page_index,time_cycles
0,1600278
page_index,time_cycles
0,2882634
page_index,time_cycles
0,1744034
page_index,time_cycles
0,2681354
page_index,time_cycles
0,1455540
page_index,time_cycles
0,1753086
page_index,time_cycles
0,3130266
page_index,time_cycles
0,1396204
page_index,time_cycles
0,1751112
page_index,time_cycles
0,2375088
page_index,time_cycles
0,1422222
page_index,time_cycles
0,1245730
page_index,time_cycles
0,2774142
page_index,time_cycles
0,1005416
page_index,time_cycles
0,1188268
page_index,time_cycles
0,2152478
page_index,time_cycles
0,3485294
page_index,time_cycles
0,1529214
page_index,time_cycles
0,898994
page_index,time_cycles
0,2539582
page_index,time_cycles
0,1945204
page_index,time_cycles
0,1391460
page_index,time_cycles
0,1996756
page_index,time_cycles
0,2766778
page_index,time_cycles
0,1495226
page_index,time_cycles
0,1134210
page_index,time_cycles
0,2267616
page_index,time_cycles
0,1052836
page_index,time_cycles
0,2427894
page_index,time_cycles
0,1284934
page_index,time_cycles
0,649320
page_index,time_cycles
0,2351822
page_index,time_cycles
0,661384
page_index,time_cycles
0,1619730
page_index,time_cycles
0,1415076
page_index,time_cycles
0,1432012
page_index,time_cycles
0,1764938
page_index,time_cycles
0,636104
page_index,time_cycles
0,2464784
page_index,time_cycles
0,1365656
page_index,time_cycles
0,794418
page_index,time_cycles
0,1785360
page_index,time_cycles
0,768734
page_index,time_cycles
0,1509842
page_index,time_cycles
0,798900
page_index,time_cycles
0,927588
page_index,time_cycles
0,2553274
page_index,time_cycles
0,2212536
page_index,time_cycles
0,1667894
page_index,time_cycles
0,1183178
page_index,time_cycles
0,2077276
page_index,time_cycles
0,2019458
page_index,time_cycles
0,2516768
page_index,time_cycles
0,737258
page_index,time_cycles
0,1664238
page_index,time_cycles
0,3430466
page_index,time_cycles
0,2302472
page_index,time_cycles
0,683786
page_index,time_cycles
0,2085122
page_index,time_cycles
0,2650920
page_index,time_cycles
0,1679472
page_index,time_cycles
0,1767126
page_index,time_cycles
0,2171198
page_index,time_cycles
0,733236
page_index,time_cycles
0,1806954
page_index,time_cycles
0,1075874
page_index,time_cycles
0,1971854
page_index,time_cycles
0,2118120
page_index,time_cycles
0,1112222
page_index,time_cycles
0,1234402
page_index,time_cycles
0,1276660
page_index,time_cycles
0,1881936
page_index,time_cycles
0,1757746
page_index,time_cycles
0,1014882
page_index,time_cycles
0,1742440
page_index,time_cycles
0,1022106
page_index,time_cycles
0,2014382
page_index,time_cycles
0,1618068
page_index,time_cycles
0,2859718
page_index,time_cycles
0,2875070
page_index,time_cycles
0,981404
page_index,time_cycles
0,1258304
page_index,time_cycles
0,1557290
page_index,time_cycles
0,1242434
page_index,time_cycles
0,2290256
page_index,time_cycles
0,1654102
page_index,time_cycles
0,2935556
page_index,time_cycles
0,1779210
page_index,time_cycles
0,1883490
page_index,time_cycles
0,1662848
page_index,time_cycles
0,2225304
page_index,time_cycles
0,2065302
page_index,time_cycles
0,2329084
page_index,time_cycles
0,780878
page_index,time_cycles
0,1068330
page_index,time_cycles
0,1049452
page_index,time_cycles
0,3042814
page_index,time_cycles
0,2055676
page_index,time_cycles
0,2600072
page_index,time_cycles
0,1413946
page_index,time_cycles
0,1481568
page_index,time_cycles
0,2656950
page_index,time_cycles
0,2878010
page_index,time_cycles
0,696536
page_index,time_cycles
0,2406080
page_index,time_cycles
0,1400636
page_index,time_cycles
0,2502790
page_index,time_cycles
0,2490964
page_index,time_cycles
0,2458388
page_index,time_cycles
0,873188
page_index,time_cycles
0,1308772
page_index,time_cycles
0,2725602
page_index,time_cycles
0,2178800
page_index,time_cycles
0,2383038
page_index,time_cycles
0,3525256
page_index,time_cycles
0,2168424
page_index,time_cycles
0,1977888
page_index,time_cycles
0,1597486
page_index,time_cycles
0,2083758
page_index,time_cycles
0,1074134
page_index,time_cycles
0,1126070
page_index,time_cycles
0,1354940
page_index,time_cycles
0,1766480
page_index,time_cycles
0,2453580
page_index,time_cycles
0,1262430
page_index,time_cycles
0,2297112
page_index,time_cycles
0,1797274
page_index,time_cycles
0,3582438
page_index,time_cycles
0,1347054
page_index,time_cycles
0,1844162
page_index,time_cycles
0,2191460
page_index,time_cycles
0,1260206
page_index,time_cycles
0,1669340
page_index,time_cycles
0,983230
page_index,time_cycles
0,1779726
page_index,time_cycles
0,2304868
page_index,time_cycles
0,2366626
page_index,time_cycles
0,1172924
page_index,time_cycles
0,1522308
page_index,time_cycles
0,1779626
page_index,time_cycles
0,781096
page_index,time_cycles
0,1064610
page_index,time_cycles
0,1168370
page_index,time_cycles
0,975378
page_index,time_cycles
0,907320
page_index,time_cycles
0,1454236
page_index,time_cycles
0,2354372
page_index,time_cycles
0,2862108
page_index,time_cycles
0,2012744
page_index,time_cycles
0,1343514
page_index,time_cycles
0,1974492
page_index,time_cycles
0,1372072
page_index,time_cycles
0,835858
page_index,time_cycles
0,2640272
page_index,time_cycles
0,2265860
page_index,time_cycles
0,2270638
page_index,time_cycles
0,632536
page_index,time_cycles
0,1586896
page_index,time_cycles
0,1565228
page_index,time_cycles
0,1304912
page_index,time_cycles
0,748232
page_index,time_cycles
0,2221976
page_index,time_cycles
0,1864712
page_index,time_cycles
0,2278706
page_index,time_cycles
0,768452
page_index,time_cycles
0,1084876
page_index,time_cycles
0,793638
page_index,time_cycles
0,2478680
page_index,time_cycles
0,1523926
page_index,time_cycles
0,1927474
page_index,time_cycles
0,1064986
page_index,time_cycles
0,854740
page_index,time_cycles
0,2029130
page_index,time_cycles
0,2443994
page_index,time_cycles
0,2506644
page_index,time_cycles
0,1733766
page_index,time_cycles
0,2197040
page_index,time_cycles
0,3152296
page_index,time_cycles
0,2005268
page_index,time_cycles
0,2298584
page_index,time_cycles
0,919770
page_index,time_cycles
0,1393902
page_index,time_cycles
0,2339902
page_index,time_cycles
0,2640212
page_index,time_cycles
0,1113302
page_index,time_cycles
0,2126756
page_index,time_cycles
0,3590002
page_index,time_cycles
0,2187502
page_index,time_cycles
0,996082
page_index,time_cycles
0,1277230
page_index,time_cycles
0,2004680
page_index,time_cycles
0,1521594
page_index,time_cycles
0,783644
page_index,time_cycles
0,1613710
page_index,time_cycles
0,1782748
page_index,time_cycles
0,888462
page_index,time_cycles
0,1450240
page_index,time_cycles
0,2840318
page_index,time_cycles
0,841566
page_index,time_cycles
0,2004550
page_index,time_cycles
0,1324160
page_index,time_cycles
0,689258
page_index,time_cycles
0,2208056
page_index,time_cycles
0,2383626
page_index,time_cycles
0,1985562
page_index,time_cycles
0,1306886
page_index,time_cycles
0,1937558
page_index,time_cycles
0,917394
page_index,time_cycles
0,1897890
page_index,time_cycles
0,860170
page_index,time_cycles
0,3100428
page_index,time_cycles
0,1686854
page_index,time_cycles
0,2709044
page_index,time_cycles
0,1486732
page_index,time_cycles
0,2174466
page_index,time_cycles
0,1802054
page_index,time_cycles
0,691290
page_index,time_cycles
0,886872
page_index,time_cycles
0,1286944
page_index,time_cycles
0,2637532
page_index,time_cycles
0,1043512
page_index,time_cycles
0,1157906
page_index,time_cycles
0,2148108
page_index,time_cycles
0,2291826
page_index,time_cycles
0,1681072
page_index,time_cycles
0,1275368
page_index,time_cycles
0,1560122
page_index,time_cycles
0,824908
page_index,time_cycles
0,2198556
page_index,time_cycles
0,1245612
page_index,time_cycles
0,1217582
page_index,time_cycles
0,2868368
page_index,time_cycles
0,1621372
page_index,time_cycles
0,662632
page_index,time_cycles
0,1015134
page_index,time_cycles
0,2083548
page_index,time_cycles
0,1254952
page_index,time_cycles
0,994274
page_index,time_cycles
0,1221434
page_index,time_cycles
0,1483072
page_index,time_cycles
0,1808326
page_index,time_cycles
0,691504
page_index,time_cycles
0,1801486
page_index,time_cycles
0,1523686
page_index,time_cycles
0,819474
page_index,time_cycles
0,1988580
page_index,time_cycles
0,1239276
page_index,time_cycles
0,1523502
page_index,time_cycles
0,1388296
page_index,time_cycles
0,2538228
page_index,time_cycles
0,2133998
page_index,time_cycles
0,2585898
page_index,time_cycles
0,2449682
page_index,time_cycles
0,3289116
page_index,time_cycles
0,724702
page_index,time_cycles
0,1411150
page_index,time_cycles
0,1702530
page_index,time_cycles
0,2111714
page_index,time_cycles
0,1498180
page_index,time_cycles
0,2627522
page_index,time_cycles
0,1888650
page_index,time_cycles
0,1761460
page_index,time_cycles
0,1230752
page_index,time_cycles
0,871174
page_index,time_cycles
0,1406734
page_index,time_cycles
0,1942664
page_index,time_cycles
0,982778
page_index,time_cycles
0,2016676
page_index,time_cycles
0,1726086
page_index,time_cycles
0,3186336
page_index,time_cycles
0,968982
page_index,time_cycles
0,1276016
page_index,time_cycles
0,2041840
page_index,time_cycles
0,824500
page_index,time_cycles
0,1699982
page_index,time_cycles
0,1859292
page_index,time_cycles
0,1531696
page_index,time_cycles
0,1451184
page_index,time_cycles
0,1593124
page_index,time_cycles
0,1124884
page_index,time_cycles
0,3176162
page_index,time_cycles
0,1142874
page_index,time_cycles
0,2335990
page_index,time_cycles
0,1581212
page_index,time_cycles
0,2476486
page_index,time_cycles
0,1364690
page_index,time_cycles
0,773106
page_index,time_cycles
0,2377914
page_index,time_cycles
0,2545432
page_index,time_cycles
0,2539974
page_index,time_cycles
0,1580104
page_index,time_cycles
0,2853372
page_index,time_cycles
0,1576804
page_index,time_cycles
0,4543586
page_index,time_cycles
0,783274
page_index,time_cycles
0,873268
page_index,time_cycles
0,1772480
page_index,time_cycles
0,2598358
page_index,time_cycles
0,986950
page_index,time_cycles
0,1414172
page_index,time_cycles
0,1333374
page_index,time_cycles
0,1357736
page_index,time_cycles
0,735188
page_index,time_cycles
0,1196046
page_index,time_cycles
0,2353322
page_index,time_cycles
0,2459666
page_index,time_cycles
0,1338834
page_index,time_cycles
0,1282742
page_index,time_cycles
0,1466922
page_index,time_cycles
0,1396592
page_index,time_cycles
0,2088936
page_index,time_cycles
0,3026312
page_index,time_cycles
0,1634758
page_index,time_cycles
0,1604786
page_index,time_cycles
0,768022
page_index,time_cycles
0,2387562
page_index,time_cycles
0,1906112
page_index,time_cycles
0,1876666
page_index,time_cycles
0,1386458
page_index,time_cycles
0,2558430
page_index,time_cycles
0,1506086
page_index,time_cycles
0,1963582
page_index,time_cycles
0,1589354
page_index,time_cycles
0,1157030
page_index,time_cycles
0,912092
page_index,time_cycles
0,1519808
page_index,time_cycles
0,2401744
page_index,time_cycles
0,1106404
page_index,time_cycles
0,1475100
page_index,time_cycles
0,1633366
page_index,time_cycles
0,1631582
page_index,time_cycles
0,2561930
page_index,time_cycles
0,959912
page_index,time_cycles
0,1492218
page_index,time_cycles
0,2360970
page_index,time_cycles
0,1197442
page_index,time_cycles
0,1609448
page_index,time_cycles
0,2836254
page_index,time_cycles
0,2788578
page_index,time_cycles
0,1871398
page_index,time_cycles
0,2659274
page_index,time_cycles
0,2584002
page_index,time_cycles
0,699170
page_index,time_cycles
0,1617800
page_index,time_cycles
0,1476058
page_index,time_cycles
0,2123822
page_index,time_cycles
0,1918688
page_index,time_cycles
0,4965570
page_index,time_cycles
0,3013046
page_index,time_cycles
0,1936278
page_index,time_cycles
0,2237780
page_index,time_cycles
0,1904094
page_index,time_cycles
0,2327332
page_index,time_cycles
0,1097544
page_index,time_cycles
0,1364154
page_index,time_cycles
0,1102120
page_index,time_cycles
0,1899640
page_index,time_cycles
0,2721276
page_index,time_cycles
0,1883652
page_index,time_cycles
0,1543270
page_index,time_cycles
0,2456558
page_index,time_cycles
0,941796
page_index,time_cycles
0,2003528
page_index,time_cycles
0,837394
page_index,time_cycles
0,1660338
page_index,time_cycles
0,3086026
page_index,time_cycles
0,1695056
page_index,time_cycles
0,1570706
page_index,time_cycles
0,704296
page_index,time_cycles
0,2111554
page_index,time_cycles
0,2043364
page_index,time_cycles
0,2628562
page_index,time_cycles
0,2199726
page_index,time_cycles
0,1662956
page_index,time_cycles
0,4522038
page_index,time_cycles
0,1661756
page_index,time_cycles
0,1855544
page_index,time_cycles
0,3155780
page_index,time_cycles
0,1224228
page_index,time_cycles
0,1205802
page_index,time_cycles
0,1926198
page_index,time_cycles
0,911218
page_index,time_cycles
0,1579464
page_index,time_cycles
0,2144530
page_index,time_cycles
0,1341440
page_index,time_cycles
0,1274752
page_index,time_cycles
0,1698920
page_index,time_cycles
0,2796712
page_index,time_cycles
0,1867516
page_index,time_cycles
0,1794998
page_index,time_cycles
0,1047956
page_index,time_cycles
0,861450
page_index,time_cycles
0,1242680
page_index,time_cycles
0,1761614
page_index,time_cycles
0,1783842
page_index,time_cycles
0,2179900
page_index,time_cycles
0,2532662
page_index,time_cycles
0,2419090
page_index,time_cycles
0,1121164
page_index,time_cycles
0,1486450
page_index,time_cycles
0,824418
page_index,time_cycles
0,2815112
page_index,time_cycles
0,959166
page_index,time_cycles
0,2206178
page_index,time_cycles
0,2764204
page_index,time_cycles
0,1898854
page_index,time_cycles
0,1123896
page_index,time_cycles
0,2385172
page_index,time_cycles
0,1123988
page_index,time_cycles
0,1949774
page_index,time_cycles
0,1023664
page_index,time_cycles
0,1823394
page_index,time_cycles
0,2072412
page_index,time_cycles
0,2938044
page_index,time_cycles
0,1071402
page_index,time_cycles
0,1286890
page_index,time_cycles
0,1346918
page_index,time_cycles
0,2123896
page_index,time_cycles
0,1909388
page_index,time_cycles
0,2533136
page_index,time_cycles
0,1650606
page_index,time_cycles
0,2874844
page_index,time_cycles
0,1399192
page_index,time_cycles
0,1789678
page_index,time_cycles
0,3261444
page_index,time_cycles
0,2772198
page_index,time_cycles
0,1841328
page_index,time_cycles
0,1597354
page_index,time_cycles
0,1215042
page_index,time_cycles
0,1382224
page_index,time_cycles
0,2817804
page_index,time_cycles
0,2128742
page_index,time_cycles
0,2163106
page_index,time_cycles
0,1760416
page_index,time_cycles
0,2187672
page_index,time_cycles
0,618670
page_index,time_cycles
0,2148646
page_index,time_cycles
0,719978
page_index,time_cycles
0,1658920
page_index,time_cycles
0,994228
page_index,time_cycles
0,837474
page_index,time_cycles
0,1256922
page_index,time_cycles
0,2232550
page_index,time_cycles
0,2145504
page_index,time_cycles
0,1918066
page_index,time_cycles
0,1416358
page_index,time_cycles
0,2346992
page_index,time_cycles
0,789602
page_index,time_cycles
0,1682574
page_index,time_cycles
0,1101012
page_index,time_cycles
0,990992
page_index,time_cycles
0,2141892
page_index,time_cycles
0,2959174
page_index,time_cycles
0,2221416
page_index,time_cycles
0,1897780
page_index,time_cycles
0,1049664
page_index,time_cycles
0,1061604
page_index,time_cycles
0,882992
page_index,time_cycles
0,1822448
page_index,time_cycles
0,817178
page_index,time_cycles
0,3025866
page_index,time_cycles
0,1472006
page_index,time_cycles
0,1674292
page_index,time_cycles
0,1791092
page_index,time_cycles
0,679588
page_index,time_cycles
0,2049776
page_index,time_cycles
0,1280346
page_index,time_cycles
0,1802324
page_index,time_cycles
0,1586494
page_index,time_cycles
0,1567306
page_index,time_cycles
0,1350796
page_index,time_cycles
0,1087066
page_index,time_cycles
0,2080412
page_index,time_cycles
0,1860526
page_index,time_cycles
0,2967144
page_index,time_cycles
0,1485336
page_index,time_cycles
0,1354634
page_index,time_cycles
0,900104
page_index,time_cycles
0,1498178
page_index,time_cycles
0,2480224
page_index,time_cycles
0,1218858
page_index,time_cycles
0,1585828
page_index,time_cycles
0,1048370
page_index,time_cycles
0,2281824
page_index,time_cycles
0,2409372
page_index,time_cycles
0,2096052
page_index,time_cycles
0,1998326
page_index,time_cycles
0,2080366
page_index,time_cycles
0,1467164
page_index,time_cycles
0,1846332
page_index,time_cycles
0,1626918
page_index,time_cycles
0,3210916
page_index,time_cycles
0,3030442
page_index,time_cycles
0,2574724
page_index,time_cycles
0,2595018
page_index,time_cycles
0,1225362
page_index,time_cycles
0,2218168
page_index,time_cycles
0,917964
page_index,time_cycles
0,1153644
page_index,time_cycles
0,794500
page_index,time_cycles
0,821138
page_index,time_cycles
0,2941222
page_index,time_cycles
0,1285038
page_index,time_cycles
0,2316842
page_index,time_cycles
0,1684338
page_index,time_cycles
0,2666054
page_index,time_cycles
0,1804308
page_index,time_cycles
0,2691968
page_index,time_cycles
0,2526798
page_index,time_cycles
0,2022866
page_index,time_cycles
0,738174
page_index,time_cycles
0,1280066
page_index,time_cycles
0,991626
page_index,time_cycles
0,1812406
page_index,time_cycles
0,1181174
page_index,time_cycles
0,1703016
page_index,time_cycles
0,2207232
page_index,time_cycles
0,819972
page_index,time_cycles
0,2646978
page_index,time_cycles
0,1510132
page_index,time_cycles
0,2591204
page_index,time_cycles
0,968582
page_index,time_cycles
0,1106664
page_index,time_cycles
0,776746
page_index,time_cycles
0,802146
page_index,time_cycles
0,2648784
page_index,time_cycles
0,2824688
page_index,time_cycles
0,1502364
page_index,time_cycles
0,1555842
page_index,time_cycles
0,2027712
page_index,time_cycles
0,2145110
page_index,time_cycles
0,1666748
page_index,time_cycles
0,2464446
page_index,time_cycles
0,1589984
page_index,time_cycles
0,895534
page_index,time_cycles
0,1797680
page_index,time_cycles
0,2106924
page_index,time_cycles
0,795364
page_index,time_cycles
0,1838616
page_index,time_cycles
0,1048386
page_index,time_cycles
0,1508068
page_index,time_cycles
0,1737060
page_index,time_cycles
0,1750288
page_index,time_cycles
0,733064
page_index,time_cycles
0,2996116
page_index,time_cycles
0,1584978
page_index,time_cycles
0,2850084
page_index,time_cycles
0,1931630
page_index,time_cycles
0,899402
page_index,time_cycles
0,1850840
page_index,time_cycles
0,1481350
page_index,time_cycles
0,1795100
page_index,time_cycles
0,1736796
page_index,time_cycles
0,2001570
page_index,time_cycles
0,1111068
page_index,time_cycles
0,1509544
page_index,time_cycles
0,1696448
page_index,time_cycles
0,921130
page_index,time_cycles
0,2662406
page_index,time_cycles
0,1726008
page_index,time_cycles
0,1024300
page_index,time_cycles
0,1573908
page_index,time_cycles
0,1132344
page_index,time_cycles
0,1405126
page_index,time_cycles
0,766598
page_index,time_cycles
0,1912902
page_index,time_cycles
0,1975168
page_index,time_cycles
0,1688094
page_index,time_cycles
0,1979524
page_index,time_cycles
0,2396296
page_index,time_cycles
0,2811962
page_index,time_cycles
0,1500964
page_index,time_cycles
0,2007192
page_index,time_cycles
0,2692142
page_index,time_cycles
0,2148594
page_index,time_cycles
0,1609804
page_index,time_cycles
0,1288464
page_index,time_cycles
0,805000
page_index,time_cycles
0,1598940
page_index,time_cycles
0,2019622
page_index,time_cycles
0,2484786
page_index,time_cycles
0,1931510
page_index,time_cycles
0,683952
page_index,time_cycles
0,1934496
page_index,time_cycles
0,3023324
page_index,time_cycles
0,959402
page_index,time_cycles
0,2216882
page_index,time_cycles
0,1292186
page_index,time_cycles
0,1173052
page_index,time_cycles
0,1342006
page_index,time_cycles
0,2468938
page_index,time_cycles
0,2098002
page_index,time_cycles
0,2247954
page_index,time_cycles
0,3561938
page_index,time_cycles
0,825746
page_index,time_cycles
0,1146022
page_index,time_cycles
0,2368328
page_index,time_cycles
0,2952322
page_index,time_cycles
0,1821534
page_index,time_cycles
0,1335470
page_index,time_cycles
0,2037468
page_index,time_cycles
0,2936468
page_index,time_cycles
0,2451652
page_index,time_cycles
0,831776
page_index,time_cycles
0,2630194
page_index,time_cycles
0,2803816
page_index,time_cycles
0,2038080
page_index,time_cycles
0,1858944
page_index,time_cycles
0,1547350
page_index,time_cycles
0,893826
page_index,time_cycles
0,1850892
page_index,time_cycles
0,768448
page_index,time_cycles
0,1080610
page_index,time_cycles
0,2594862
page_index,time_cycles
0,1586250
page_index,time_cycles
0,735842
page_index,time_cycles
0,833184
page_index,time_cycles
0,631146
page_index,time_cycles
0,1469254
page_index,time_cycles
0,670738
page_index,time_cycles
0,1548990
page_index,time_cycles
0,1533662
page_index,time_cycles
0,2167618
page_index,time_cycles
0,2729364
page_index,time_cycles
0,1916062
page_index,time_cycles
0,2545934
page_index,time_cycles
0,1504190
page_index,time_cycles
0,1628160
page_index,time_cycles
0,1601784
page_index,time_cycles
0,1667482
page_index,time_cycles
0,2078696
page_index,time_cycles
0,2035902
page_index,time_cycles
0,2614740
page_index,time_cycles
0,1602560
page_index,time_cycles
0,651084
page_index,time_cycles
0,1049128
page_index,time_cycles
0,737408
page_index,time_cycles
0,1036490
page_index,time_cycles
0,2350002
page_index,time_cycles
0,1938010
page_index,time_cycles
0,645010
page_index,time_cycles
0,2363628
page_index,time_cycles
0,1455866
page_index,time_cycles
0,2346866
page_index,time_cycles
0,2544424
page_index,time_cycles
0,2239800
page_index,time_cycles
0,894078
page_index,time_cycles
0,1163356
page_index,time_cycles
0,2009886
page_index,time_cycles
0,1487368
page_index,time_cycles
0,1183436
page_index,time_cycles
0,2039858
page_index,time_cycles
0,2139596
page_index,time_cycles
0,1138892
page_index,time_cycles
0,926618
page_index,time_cycles
0,2010256
page_index,time_cycles
0,2233054
page_index,time_cycles
0,1628022
page_index,time_cycles
0,734380
page_index,time_cycles
0,1938620
page_index,time_cycles
0,1680378
page_index,time_cycles
0,2028838
page_index,time_cycles
0,837082
page_index,time_cycles
0,1931456
page_index,time_cycles
0,2206868
page_index,time_cycles
0,1691486
page_index,time_cycles
0,1571296
page_index,time_cycles
0,929252
page_index,time_cycles
0,1360150
page_index,time_cycles
0,1372518
page_index,time_cycles
0,1296104
page_index,time_cycles
0,804682
page_index,time_cycles
0,3018102
page_index,time_cycles
0,1632720
page_index,time_cycles
0,1672732
page_index,time_cycles
0,736352
page_index,time_cycles
0,1671604
page_index,time_cycles
0,2276144
page_index,time_cycles
0,930676
page_index,time_cycles
0,2496908
page_index,time_cycles
0,729512
page_index,time_cycles
0,2131214
page_index,time_cycles
0,1746566
page_index,time_cycles
0,1802450
page_index,time_cycles
0,1414278
page_index,time_cycles
0,1951360
page_index,time_cycles
0,834788
page_index,time_cycles
0,2110998
page_index,time_cycles
0,1387390
page_index,time_cycles
0,1645394
page_index,time_cycles
0,1095032
page_index,time_cycles
0,679766
page_index,time_cycles
0,1810936
page_index,time_cycles
0,1196410
page_index,time_cycles
0,3206298
page_index,time_cycles
0,1371834
page_index,time_cycles
0,1563334
page_index,time_cycles
0,1485932
page_index,time_cycles
0,1157326
page_index,time_cycles
0,1916410
page_index,time_cycles
0,1104910
page_index,time_cycles
0,1719504
page_index,time_cycles
0,1898252
page_index,time_cycles
0,1701642
page_index,time_cycles
0,1308120
page_index,time_cycles
0,2246094
page_index,time_cycles
0,1565594
page_index,time_cycles
0,4114174
page_index,time_cycles
0,1418732
page_index,time_cycles
0,673956
page_index,time_cycles
0,2137334
page_index,time_cycles
0,982252
page_index,time_cycles
0,1833194
page_index,time_cycles
0,1171940
page_index,time_cycles
0,1963760
page_index,time_cycles
0,1663970
page_index,time_cycles
0,1757810
page_index,time_cycles
0,1589040
page_index,time_cycles
0,1813328
page_index,time_cycles
0,1926384
page_index,time_cycles
0,666004
page_index,time_cycles
0,2381232
page_index,time_cycles
0,2790464
page_index,time_cycles
0,1525800
page_index,time_cycles
0,2567662
page_index,time_cycles
0,2551578
page_index,time_cycles
0,3132824
page_index,time_cycles
0,1914726
page_index,time_cycles
0,2154798
page_index,time_cycles
0,1558836
page_index,time_cycles
0,2346230
page_index,time_cycles
0,650596
page_index,time_cycles
0,1057082
page_index,time_cycles
0,1727872
page_index,time_cycles
0,1102132
page_index,time_cycles
0,1065966
page_index,time_cycles
0,2269898
page_index,time_cycles
0,863424
page_index,time_cycles
0,2384528
page_index,time_cycles
0,1280062
page_index,time_cycles
0,1724218
page_index,time_cycles
0,1549774
page_index,time_cycles
0,2165300
page_index,time_cycles
0,2411388
page_index,time_cycles
0,2267664
page_index,time_cycles
0,1996016
page_index,time_cycles
0,878004
page_index,time_cycles
0,1544122
page_index,time_cycles
0,843630
page_index,time_cycles
0,1083646
page_index,time_cycles
0,2363720
page_index,time_cycles
0,1195616
page_index,time_cycles
0,1231320
page_index,time_cycles
0,3419778
page_index,time_cycles
0,1704666
page_index,time_cycles
0,1631658
page_index,time_cycles
0,863010
page_index,time_cycles
0,2053304
page_index,time_cycles
0,1899968
page_index,time_cycles
0,4589176
page_index,time_cycles
0,609166
page_index,time_cycles
0,1450470
page_index,time_cycles
0,2712732
page_index,time_cycles
0,1830912
page_index,time_cycles
0,3366768
page_index,time_cycles
0,1548492
page_index,time_cycles
0,1092134
page_index,time_cycles
0,1417166
page_index,time_cycles
0,2229430
page_index,time_cycles
0,1069842
page_index,time_cycles
0,1127440
page_index,time_cycles
0,1672362
page_index,time_cycles
0,1337784
page_index,time_cycles
0,1510414
page_index,time_cycles
0,1598406
page_index,time_cycles
0,1488184
page_index,time_cycles
0,1748470
page_index,time_cycles
0,1811500
page_index,time_cycles
0,1090930
page_index,time_cycles
0,1205188
page_index,time_cycles
0,3026568
page_index,time_cycles
0,1238086
page_index,time_cycles
0,1809776
page_index,time_cycles
0,1718212
page_index,time_cycles
0,2359148
page_index,time_cycles
0,1491720
page_index,time_cycles
0,1233944
page_index,time_cycles
0,1449504
page_index,time_cycles
0,2035088
page_index,time_cycles
0,1639998
page_index,time_cycles
0,1098254
page_index,time_cycles
0,2493378
page_index,time_cycles
0,1589468
page_index,time_cycles
0,2235184
page_index,time_cycles
0,1546498
page_index,time_cycles
0,3133752
page_index,time_cycles
0,2188968
page_index,time_cycles
0,1617392
page_index,time_cycles
0,1494052
page_index,time_cycles
0,1310020
page_index,time_cycles
0,1800312
page_index,time_cycles
0,1089044
page_index,time_cycles
0,903272
page_index,time_cycles
0,2560024
page_index,time_cycles
0,2600014
page_index,time_cycles
0,1932736
page_index,time_cycles
0,1933460
page_index,time_cycles
0,2029182
page_index,time_cycles
0,1550514
page_index,time_cycles
0,3741830
page_index,time_cycles
0,1795740
page_index,time_cycles
0,1825118
page_index,time_cycles
0,1466958
page_index,time_cycles
0,1743318
page_index,time_cycles
0,1543258
page_index,time_cycles
0,1540060
page_index,time_cycles
0,698472
page_index,time_cycles
0,2262826
page_index,time_cycles
0,3258382
page_index,time_cycles
0,1987454
page_index,time_cycles
0,2221216
page_index,time_cycles
0,1037312
page_index,time_cycles
0,2042098
page_index,time_cycles
0,1523736
page_index,time_cycles
0,1801392
page_index,time_cycles
0,1118080
page_index,time_cycles
0,2026812
page_index,time_cycles
0,2901080
page_index,time_cycles
0,1696010
page_index,time_cycles
0,1106526
page_index,time_cycles
0,2246596
page_index,time_cycles
0,1197244
page_index,time_cycles
0,645228
page_index,time_cycles
0,873986
page_index,time_cycles
0,2104762
page_index,time_cycles
0,2098404
page_index,time_cycles
0,1745062
page_index,time_cycles
0,1020452
page_index,time_cycles
0,1331516
page_index,time_cycles
0,1521992
page_index,time_cycles
0,1436730
page_index,time_cycles
0,1601650
page_index,time_cycles
0,2103064
page_index,time_cycles
0,1967756
page_index,time_cycles
0,2727732
page_index,time_cycles
0,1749894
page_index,time_cycles
0,884024
page_index,time_cycles
0,1813944
page_index,time_cycles
0,1412992
page_index,time_cycles
0,2266494
page_index,time_cycles
0,1374152
page_index,time_cycles
0,1288534
page_index,time_cycles
0,1578674
page_index,time_cycles
0,2753180
page_index,time_cycles
0,2307248
page_index,time_cycles
0,3710478
page_index,time_cycles
0,1177798
page_index,time_cycles
0,1663468
page_index,time_cycles
0,2001374
page_index,time_cycles
0,740232
page_index,time_cycles
0,1146814
page_index,time_cycles
0,3413300
page_index,time_cycles
0,2574046
page_index,time_cycles
0,2493698
page_index,time_cycles
0,2099348
page_index,time_cycles
0,1066638
page_index,time_cycles
0,2957708
page_index,time_cycles
0,1861764
page_index,time_cycles
0,1026380
page_index,time_cycles
0,1921916
page_index,time_cycles
0,2370862
page_index,time_cycles
0,1207852
page_index,time_cycles
0,1370048
page_index,time_cycles
0,1404924
page_index,time_cycles
0,2002736
page_index,time_cycles
0,1501680
page_index,time_cycles
0,913554
page_index,time_cycles
0,904734
page_index,time_cycles
0,2293512
page_index,time_cycles
0,1900404
page_index,time_cycles
0,1861520
page_index,time_cycles
0,1294232
page_index,time_cycles
0,1389482
page_index,time_cycles
0,757512
page_index,time_cycles
0,803200
page_index,time_cycles
0,2303328
page_index,time_cycles
0,798740
page_index,time_cycles
0,1357544
page_index,time_cycles
0,1984604
page_index,time_cycles
0,3762138
page_index,time_cycles
0,2027436
page_index,time_cycles
0,2318938
page_index,time_cycles
0,1476386
page_index,time_cycles
0,2832768
page_index,time_cycles
0,1447838
page_index,time_cycles
0,2138438
page_index,time_cycles
0,780600
page_index,time_cycles
0,1751004
page_index,time_cycles
0,1572614
page_index,time_cycles
0,3527178
page_index,time_cycles
0,1706728
page_index,time_cycles
0,1912734
page_index,time_cycles
0,693680
page_index,time_cycles
0,2682148
page_index,time_cycles
0,2106652
page_index,time_cycles
0,638920
page_index,time_cycles
0,1726324
page_index,time_cycles
0,1287056
page_index,time_cycles
0,1909402
page_index,time_cycles
0,673124
page_index,time_cycles
0,1616342
page_index,time_cycles
0,1870926
page_index,time_cycles
0,2003548
page_index,time_cycles
0,1292428
page_index,time_cycles
0,1988100
page_index,time_cycles
0,3083676
page_index,time_cycles
0,1691276
page_index,time_cycles
0,1355198
page_index,time_cycles
0,868858
page_index,time_cycles
0,1170834
page_index,time_cycles
0,1433118
page_index,time_cycles
0,685786
page_index,time_cycles
0,1305138
page_index,time_cycles
0,2366278
page_index,time_cycles
0,2308404
page_index,time_cycles
0,2276078
page_index,time_cycles
0,2717808
page_index,time_cycles
0,1994456
page_index,time_cycles
0,747694
page_index,time_cycles
0,2029626
page_index,time_cycles
0,2920452
page_index,time_cycles
0,1854150
page_index,time_cycles
0,1735482
page_index,time_cycles
0,1900172
page_index,time_cycles
0,655046
page_index,time_cycles
0,1130038
page_index,time_cycles
0,1112288
page_index,time_cycles
0,2068224
page_index,time_cycles
0,1787760
page_index,time_cycles
0,2238644
page_index,time_cycles
0,1573432
page_index,time_cycles
0,1180656
page_index,time_cycles
0,757516
page_index,time_cycles
0,1782680
page_index,time_cycles
0,1589128
page_index,time_cycles
0,1553344
page_index,time_cycles
0,2426160
page_index,time_cycles
0,2455744
page_index,time_cycles
0,1132376
page_index,time_cycles
0,1280066
page_index,time_cycles
0,2116214
page_index,time_cycles
0,1931742
page_index,time_cycles
0,917814
page_index,time_cycles
0,3036366
page_index,time_cycles
0,1718860
page_index,time_cycles
0,2232456
page_index,time_cycles
0,1686524
page_index,time_cycles
0,1169084
page_index,time_cycles
0,1814210
page_index,time_cycles
0,1391964
page_index,time_cycles
0,1484928
page_index,time_cycles
0,1859224
page_index,time_cycles
0,900498
page_index,time_cycles
0,1570570
page_index,time_cycles
0,2554422
page_index,time_cycles
0,909740
page_index,time_cycles
0,2809788
page_index,time_cycles
0,754488
page_index,time_cycles
0,845046
page_index,time_cycles
0,1402950
page_index,time_cycles
0,2271970
page_index,time_cycles
0,2094264
page_index,time_cycles
0,1055112
page_index,time_cycles
0,1358890
page_index,time_cycles
0,1922288
page_index,time_cycles
0,800952
page_index,time_cycles
0,1278130
page_index,time_cycles
0,863096
page_index,time_cycles
0,947724
page_index,time_cycles
0,2668388
page_index,time_cycles
0,2084148
page_index,time_cycles
0,1537364
page_index,time_cycles
0,1784712
page_index,time_cycles
0,2572484
page_index,time_cycles
0,705550
page_index,time_cycles
0,2152058
page_index,time_cycles
0,2038022
page_index,time_cycles
0,2893480
page_index,time_cycles
0,2487680
page_index,time_cycles
0,1268040
page_index,time_cycles
0,2692744
page_index,time_cycles
0,2345120
page_index,time_cycles
0,895938
page_index,time_cycles
0,3386872
page_index,time_cycles
0,2606760
page_index,time_cycles
0,1756956
page_index,time_cycles
0,1455352
page_index,time_cycles
0,1207102
page_index,time_cycles
0,1202540
page_index,time_cycles
0,770810
page_index,time_cycles
0,673620
page_index,time_cycles
0,1078604
page_index,time_cycles
0,1963198
page_index,time_cycles
0,773682
page_index,time_cycles
0,1253610
page_index,time_cycles
0,6120926
page_index,time_cycles
0,831934
page_index,time_cycles
0,2662948
page_index,time_cycles
0,1488604
page_index,time_cycles
0,3132474
page_index,time_cycles
0,2705522
page_index,time_cycles
0,1324552
page_index,time_cycles
0,1818544
page_index,time_cycles
0,1498296
page_index,time_cycles
0,1136190
page_index,time_cycles
0,2119846
page_index,time_cycles
0,1132420
page_index,time_cycles
0,2686856
page_index,time_cycles
0,2409576
page_index,time_cycles
0,1877566
page_index,time_cycles
0,1522164
page_index,time_cycles
0,1894996
page_index,time_cycles
0,1763124
page_index,time_cycles
0,1323774
page_index,time_cycles
0,814334
page_index,time_cycles
0,2089750
page_index,time_cycles
0,2069570
page_index,time_cycles
0,1089792
page_index,time_cycles
0,1532984
page_index,time_cycles
0,1239486
page_index,time_cycles
0,2265774
page_index,time_cycles
0,1722150
page_index,time_cycles
0,2252686
page_index,time_cycles
0,2695454
page_index,time_cycles
0,1827178
page_index,time_cycles
0,1560798
page_index,time_cycles
0,834038
page_index,time_cycles
0,1318030
page_index,time_cycles
0,1605266
page_index,time_cycles
0,1681244
page_index,time_cycles
0,782548
page_index,time_cycles
0,2739100
page_index,time_cycles
0,2466846
page_index,time_cycles
0,1447890
page_index,time_cycles
0,1479698
page_index,time_cycles
0,1626620
page_index,time_cycles
0,2222200
page_index,time_cycles
0,903248
page_index,time_cycles
0,1448778
page_index,time_cycles
0,1976614
page_index,time_cycles
0,1119414
page_index,time_cycles
0,730156
page_index,time_cycles
0,1242258
page_index,time_cycles
0,644076
page_index,time_cycles
0,1643220
page_index,time_cycles
0,1101622
page_index,time_cycles
0,1309082
page_index,time_cycles
0,1374370
page_index,time_cycles
0,1479486
page_index,time_cycles
0,1039380
page_index,time_cycles
0,1845318
page_index,time_cycles
0,1275992
page_index,time_cycles
0,3221062
page_index,time_cycles
0,1850466
page_index,time_cycles
0,2037954
page_index,time_cycles
0,2151768
page_index,time_cycles
0,625156
page_index,time_cycles
0,686024
page_index,time_cycles
0,3178778
page_index,time_cycles
0,1536794
page_index,time_cycles
0,2104688
page_index,time_cycles
0,2633378
page_index,time_cycles
0,1904802
page_index,time_cycles
0,1235026
page_index,time_cycles
0,2016344
page_index,time_cycles
0,1610454
page_index,time_cycles
0,2234148
page_index,time_cycles
0,2108210
page_index,time_cycles
0,1549108
page_index,time_cycles
0,3559276
page_index,time_cycles
0,1605244
page_index,time_cycles
0,677288
page_index,time_cycles
0,1856534
page_index,time_cycles
0,1709710
page_index,time_cycles
0,2554934
page_index,time_cycles
0,1710726
page_index,time_cycles
0,1266278
page_index,time_cycles
0,1054292
page_index,time_cycles
0,1799878
page_index,time_cycles
0,2818926
page_index,time_cycles
0,2689056
page_index,time_cycles
0,1427464
page_index,time_cycles
0,755794
page_index,time_cycles
0,747802
page_index,time_cycles
0,1366966
page_index,time_cycles
0,771242
page_index,time_cycles
0,826734
page_index,time_cycles
0,2073200
page_index,time_cycles
0,1137366
page_index,time_cycles
0,1558258
page_index,time_cycles
0,1396082
page_index,time_cycles
0,2400882
page_index,time_cycles
0,1661784
page_index,time_cycles
0,2490300
page_index,time_cycles
0,1866576
page_index,time_cycles
0,1594192
page_index,time_cycles
0,1681668
page_index,time_cycles
0,2030846
page_index,time_cycles
0,2331244
page_index,time_cycles
0,1773966
page_index,time_cycles
0,2502012
page_index,time_cycles
0,2362408
page_index,time_cycles
0,2629356
page_index,time_cycles
0,753746
page_index,time_cycles
0,803198
page_index,time_cycles
0,1479084
page_index,time_cycles
0,2644662
page_index,time_cycles
0,2270576
page_index,time_cycles
0,1302526
page_index,time_cycles
0,1872574
page_index,time_cycles
0,927268
page_index,time_cycles
0,2771854
page_index,time_cycles
0,1643420
page_index,time_cycles
0,990256
page_index,time_cycles
0,2366998
page_index,time_cycles
0,2866230
page_index,time_cycles
0,3306522
page_index,time_cycles
0,661824
page_index,time_cycles
0,1326694
page_index,time_cycles
0,904018
page_index,time_cycles
0,1892642
page_index,time_cycles
0,1197630
page_index,time_cycles
0,1700192
page_index,time_cycles
0,621670
page_index,time_cycles
0,2238774
page_index,time_cycles
0,997274
page_index,time_cycles
0,1341408
page_index,time_cycles
0,735570
page_index,time_cycles
0,3917436
page_index,time_cycles
0,1916826
page_index,time_cycles
0,2170370
page_index,time_cycles
0,2116740
page_index,time_cycles
0,1499170
page_index,time_cycles
0,1282018
page_index,time_cycles
0,2167054
page_index,time_cycles
0,1661482
page_index,time_cycles
0,1697018
page_index,time_cycles
0,2341608
page_index,time_cycles
0,2187254
page_index,time_cycles
0,1328000
page_index,time_cycles
0,1087436
page_index,time_cycles
0,2342704
page_index,time_cycles
0,2146380
page_index,time_cycles
0,2424322
page_index,time_cycles
0,1133392
page_index,time_cycles
0,721534
page_index,time_cycles
0,2686720
page_index,time_cycles
0,1617476
page_index,time_cycles
0,782726
page_index,time_cycles
0,1951146
page_index,time_cycles
0,1415140
page_index,time_cycles
0,1907668
page_index,time_cycles
0,1017002
page_index,time_cycles
0,1455882
page_index,time_cycles
0,701500
page_index,time_cycles
0,2469996
page_index,time_cycles
0,1108010
page_index,time_cycles
0,1992238
page_index,time_cycles
0,1261384
page_index,time_cycles
0,1484636
page_index,time_cycles
0,1726692
page_index,time_cycles
0,1686466
page_index,time_cycles
0,1889928
page_index,time_cycles
0,1283062
page_index,time_cycles
0,1516768
page_index,time_cycles
0,1040604
page_index,time_cycles
0,1843784
page_index,time_cycles
0,2175168
page_index,time_cycles
0,1097184
page_index,time_cycles
0,1754720
page_index,time_cycles
0,3293136
page_index,time_cycles
0,1929442
page_index,time_cycles
0,1485524
page_index,time_cycles
0,1797392
page_index,time_cycles
0,2311466
page_index,time_cycles
0,744322
page_index,time_cycles
0,672822
page_index,time_cycles
0,1582712
page_index,time_cycles
0,892152
page_index,time_cycles
0,2011602
page_index,time_cycles
0,1112284
page_index,time_cycles
0,849116
page_index,time_cycles
0,2133108
page_index,time_cycles
0,664986
page_index,time_cycles
0,674656
page_index,time_cycles
0,1126328
page_index,time_cycles
0,1878302
page_index,time_cycles
0,885888
page_index,time_cycles
0,831040
page_index,time_cycles
0,649058
page_index,time_cycles
0,1124572
page_index,time_cycles
0,2938382
page_index,time_cycles
0,643976
page_index,time_cycles
0,2301504
page_index,time_cycles
0,726522
page_index,time_cycles
0,1785276
page_index,time_cycles
0,2190252
page_index,time_cycles
0,1692352
page_index,time_cycles
0,2257842
page_index,time_cycles
0,1739750
page_index,time_cycles
0,2147774
page_index,time_cycles
0,1365598
page_index,time_cycles
0,1931910
page_index,time_cycles
0,1787396
page_index,time_cycles
0,1818624
page_index,time_cycles
0,1403012
page_index,time_cycles
0,1968370
page_index,time_cycles
0,1548230
page_index,time_cycles
0,2648952
page_index,time_cycles
0,2040356
page_index,time_cycles
0,1703682
page_index,time_cycles
0,1584712
page_index,time_cycles
0,1850082
page_index,time_cycles
0,2602630
page_index,time_cycles
0,1657370
page_index,time_cycles
0,895952
page_index,time_cycles
0,1701732
page_index,time_cycles
0,1204304
page_index,time_cycles
0,1602816
page_index,time_cycles
0,1291168
page_index,time_cycles
0,2138864
page_index,time_cycles
0,2131118
page_index,time_cycles
0,1462692
page_index,time_cycles
0,2056814
page_index,time_cycles
0,1586670
page_index,time_cycles
0,1611852
page_index,time_cycles
0,1196692
page_index,time_cycles
0,1786658
page_index,time_cycles
0,1165262
page_index,time_cycles
0,1444170
page_index,time_cycles
0,3257992
page_index,time_cycles
0,1604412
page_index,time_cycles
0,1064694
page_index,time_cycles
0,2124190
page_index,time_cycles
0,2220852
page_index,time_cycles
0,1125896
page_index,time_cycles
0,2677996
page_index,time_cycles
0,1319198
page_index,time_cycles
0,1365954
page_index,time_cycles
0,2763390
page_index,time_cycles
0,1401562
page_index,time_cycles
0,1747086
page_index,time_cycles
0,2982366
page_index,time_cycles
0,2926990
page_index,time_cycles
0,785324
page_index,time_cycles
0,1988684
page_index,time_cycles
0,2032046
page_index,time_cycles
0,1933024
page_index,time_cycles
0,2124066
page_index,time_cycles
0,1832004
page_index,time_cycles
0,3562940
page_index,time_cycles
0,2400176
page_index,time_cycles
0,2892942
page_index,time_cycles
0,792120
page_index,time_cycles
0,3839080
page_index,time_cycles
0,1512120
page_index,time_cycles
0,1422730
page_index,time_cycles
0,1543530
page_index,time_cycles
0,1032586
page_index,time_cycles
0,2112836
page_index,time_cycles
0,1031012
page_index,time_cycles
0,1272976
page_index,time_cycles
0,1494704
page_index,time_cycles
0,1784600
page_index,time_cycles
0,1569908
page_index,time_cycles
0,1567900
page_index,time_cycles
0,1662406
page_index,time_cycles
0,2586214
page_index,time_cycles
0,1848502
page_index,time_cycles
0,2039692
page_index,time_cycles
0,1885662
page_index,time_cycles
0,2440202
page_index,time_cycles
0,1625822
page_index,time_cycles
0,1722444
page_index,time_cycles
0,1420942
page_index,time_cycles
0,978430
page_index,time_cycles
0,2761412
page_index,time_cycles
0,1343894
page_index,time_cycles
0,1461310
page_index,time_cycles
0,654006
page_index,time_cycles
0,1182754
page_index,time_cycles
0,1834644
page_index,time_cycles
0,2262852
page_index,time_cycles
0,825930
page_index,time_cycles
0,1753010
page_index,time_cycles
0,2008068
page_index,time_cycles
0,3522448
page_index,time_cycles
0,1370148
page_index,time_cycles
0,1389054
page_index,time_cycles
0,2047754
page_index,time_cycles
0,808416
page_index,time_cycles
0,876576
page_index,time_cycles
0,1559126
page_index,time_cycles
0,1850322
page_index,time_cycles
0,1804232
page_index,time_cycles
0,1834404
page_index,time_cycles
0,769062
page_index,time_cycles
0,1993836
page_index,time_cycles
0,2513148
page_index,time_cycles
0,1544922
page_index,time_cycles
0,2433046
page_index,time_cycles
0,2062420
page_index,time_cycles
0,2472402
page_index,time_cycles
0,758886
page_index,time_cycles
0,1446304
page_index,time_cycles
0,2965266
page_index,time_cycles
0,1918832
page_index,time_cycles
0,716926
page_index,time_cycles
0,2406814
page_index,time_cycles
0,2658324
page_index,time_cycles
0,1931998
page_index,time_cycles
0,3235020
page_index,time_cycles
0,1692518
page_index,time_cycles
0,2950352
page_index,time_cycles
0,1837826
page_index,time_cycles
0,736284
page_index,time_cycles
0,656058
page_index,time_cycles
0,1562324
page_index,time_cycles
0,1343422
page_index,time_cycles
0,1833664
page_index,time_cycles
0,855544
page_index,time_cycles
0,1166646
page_index,time_cycles
0,770640
page_index,time_cycles
0,2157004
page_index,time_cycles
0,2215358
page_index,time_cycles
0,987498
page_index,time_cycles
0,615798
page_index,time_cycles
0,1702130
page_index,time_cycles
0,1123054
page_index,time_cycles
0,1365062
page_index,time_cycles
0,2386344
page_index,time_cycles
0,1545172
page_index,time_cycles
0,2404746
page_index,time_cycles
0,1218968
page_index,time_cycles
0,1548964
page_index,time_cycles
0,1933062
page_index,time_cycles
0,1359576
page_index,time_cycles
0,1847814
page_index,time_cycles
0,2010430
page_index,time_cycles
0,2187074
page_index,time_cycles
0,859346
page_index,time_cycles
0,1755536
page_index,time_cycles
0,1462626
page_index,time_cycles
0,1215908
page_index,time_cycles
0,1249504
page_index,time_cycles
0,1375028
page_index,time_cycles
0,3013624
page_index,time_cycles
0,1882962
page_index,time_cycles
0,906106
page_index,time_cycles
0,2570570
page_index,time_cycles
0,695236
page_index,time_cycles
0,667304
page_index,time_cycles
0,1753710
page_index,time_cycles
0,1845924
page_index,time_cycles
0,826224
page_index,time_cycles
0,1746976
page_index,time_cycles
0,1616746
page_index,time_cycles
0,1601266
page_index,time_cycles
0,782632
page_index,time_cycles
0,1463098
page_index,time_cycles
0,688130
page_index,time_cycles
0,2188384
page_index,time_cycles
0,704402
page_index,time_cycles
0,1753288
page_index,time_cycles
0,2396888
page_index,time_cycles
0,2106512
page_index,time_cycles
0,1120420
page_index,time_cycles
0,3179864
page_index,time_cycles
0,1148660
page_index,time_cycles
0,2190132
page_index,time_cycles
0,2305908
page_index,time_cycles
0,1380034
page_index,time_cycles
0,1762758
page_index,time_cycles
0,1932990
page_index,time_cycles
0,1317988
page_index,time_cycles
0,1658732
page_index,time_cycles
0,1219054
page_index,time_cycles
0,2565816
page_index,time_cycles
0,853794
page_index,time_cycles
0,1607696
page_index,time_cycles
0,2454718
page_index,time_cycles
0,1937888
page_index,time_cycles
0,2316878
page_index,time_cycles
0,3097418
page_index,time_cycles
0,2568666
page_index,time_cycles
0,2274206
page_index,time_cycles
0,1727902
page_index,time_cycles
0,2510744
page_index,time_cycles
0,1460072
page_index,time_cycles
0,1530322
page_index,time_cycles
0,1924494
page_index,time_cycles
0,1155912
page_index,time_cycles
0,2145474
page_index,time_cycles
0,2436228
page_index,time_cycles
0,2271810
page_index,time_cycles
0,2580114
page_index,time_cycles
0,1421060
page_index,time_cycles
0,1330014
page_index,time_cycles
0,1721898
page_index,time_cycles
0,1737858
page_index,time_cycles
0,1975846
page_index,time_cycles
0,1037828
page_index,time_cycles
0,2388946
page_index,time_cycles
0,1288268
page_index,time_cycles
0,1052544
page_index,time_cycles
0,1207838
page_index,time_cycles
0,2655248
page_index,time_cycles
0,2923922
page_index,time_cycles
0,733694
page_index,time_cycles
0,2631244
page_index,time_cycles
0,3585058
page_index,time_cycles
0,2268520
page_index,time_cycles
0,1317526
page_index,time_cycles
0,721802
page_index,time_cycles
0,647592
page_index,time_cycles
0,1143106
page_index,time_cycles
0,1747274
page_index,time_cycles
0,1984086
page_index,time_cycles
0,1729500
page_index,time_cycles
0,1424734
page_index,time_cycles
0,2165822
page_index,time_cycles
0,1768052
page_index,time_cycles
0,1682792
page_index,time_cycles
0,1197496
page_index,time_cycles
0,1515412
page_index,time_cycles
0,1898286
page_index,time_cycles
0,1996808
page_index,time_cycles
0,927084
page_index,time_cycles
0,736658
page_index,time_cycles
0,2543168
page_index,time_cycles
0,2055056
page_index,time_cycles
0,1272916
page_index,time_cycles
0,1665138
page_index,time_cycles
0,715316
page_index,time_cycles
0,1773262
page_index,time_cycles
0,795874
page_index,time_cycles
0,2464680
page_index,time_cycles
0,1015112
page_index,time_cycles
0,758830
page_index,time_cycles
0,1332200
page_index,time_cycles
0,1965040
page_index,time_cycles
0,1661918
page_index,time_cycles
0,1950144
page_index,time_cycles
0,937470
page_index,time_cycles
0,2491150
page_index,time_cycles
0,1134178
page_index,time_cycles
0,2373462
page_index,time_cycles
0,2022520
page_index,time_cycles
0,3753410
page_index,time_cycles
0,2146738
page_index,time_cycles
0,2505268
page_index,time_cycles
0,1522904
page_index,time_cycles
0,1510742
page_index,time_cycles
0,1213632
page_index,time_cycles
0,805040
page_index,time_cycles
0,2080386
page_index,time_cycles
0,817468
page_index,time_cycles
0,1463560
page_index,time_cycles
0,2916144
page_index,time_cycles
0,2525524
page_index,time_cycles
0,2965758
page_index,time_cycles
0,1455408
page_index,time_cycles
0,1475464
page_index,time_cycles
0,2441688
page_index,time_cycles
0,786212
page_index,time_cycles
0,2013290
page_index,time_cycles
0,1663624
page_index,time_cycles
0,1728456
page_index,time_cycles
0,1063738
page_index,time_cycles
0,3404114
page_index,time_cycles
0,1227330
page_index,time_cycles
0,1494678
page_index,time_cycles
0,727576
page_index,time_cycles
0,1046084
page_index,time_cycles
0,819110
page_index,time_cycles
0,4753192
page_index,time_cycles
0,2668544
page_index,time_cycles
0,2287958
page_index,time_cycles
0,1832798
page_index,time_cycles
0,776310
page_index,time_cycles
0,3066908
page_index,time_cycles
0,1657114
page_index,time_cycles
0,1712378
page_index,time_cycles
0,2882560
page_index,time_cycles
0,2006646
page_index,time_cycles
0,1488886
page_index,time_cycles
0,1262916
page_index,time_cycles
0,2946728
page_index,time_cycles
0,800252
page_index,time_cycles
0,1865114
page_index,time_cycles
0,1415622
page_index,time_cycles
0,2784866
page_index,time_cycles
0,1302872
page_index,time_cycles
0,1453050
page_index,time_cycles
0,1530776
page_index,time_cycles
0,2377340
page_index,time_cycles
0,2083308
page_index,time_cycles
0,1410884
page_index,time_cycles
0,2045158
page_index,time_cycles
0,2321876
page_index,time_cycles
0,877132
page_index,time_cycles
0,1451524
page_index,time_cycles
0,1468488
page_index,time_cycles
0,1096260
page_index,time_cycles
0,3062178
page_index,time_cycles
0,3417678
page_index,time_cycles
0,1681862
page_index,time_cycles
0,977868
page_index,time_cycles
0,1489902
page_index,time_cycles
0,2529128
page_index,time_cycles
0,1856906
page_index,time_cycles
0,663636
page_index,time_cycles
0,2498586
page_index,time_cycles
0,1960410
page_index,time_cycles
0,3036752
page_index,time_cycles
0,2504184
page_index,time_cycles
0,2217520
page_index,time_cycles
0,1218698
page_index,time_cycles
0,2532242
page_index,time_cycles
0,1619014
page_index,time_cycles
0,1942086
page_index,time_cycles
0,950548
page_index,time_cycles
0,1157174
page_index,time_cycles
0,2184836
page_index,time_cycles
0,713682
page_index,time_cycles
0,2091224
page_index,time_cycles
0,1287320
page_index,time_cycles
0,2009912
page_index,time_cycles
0,2329212
page_index,time_cycles
0,3471940
page_index,time_cycles
0,2241566
page_index,time_cycles
0,1633802
page_index,time_cycles
0,1454522
page_index,time_cycles
0,1557438
page_index,time_cycles
0,2134918
page_index,time_cycles
0,1134224
page_index,time_cycles
0,1268934
page_index,time_cycles
0,1341668
page_index,time_cycles
0,2027612
page_index,time_cycles
0,1065758
page_index,time_cycles
0,2049590
page_index,time_cycles
0,2627744
page_index,time_cycles
0,2464862
page_index,time_cycles
0,1384694
page_index,time_cycles
0,3282724
page_index,time_cycles
0,1466648
page_index,time_cycles
0,1712588
page_index,time_cycles
0,2418960
page_index,time_cycles
0,1018912
page_index,time_cycles
0,3148768
page_index,time_cycles
0,2284924
page_index,time_cycles
0,710326
page_index,time_cycles
0,1683902
page_index,time_cycles
0,2203154
page_index,time_cycles
0,1443092
page_index,time_cycles
0,1473538
page_index,time_cycles
0,2354990
page_index,time_cycles
0,1573782
page_index,time_cycles
0,2060450
page_index,time_cycles
0,786944
page_index,time_cycles
0,1622694
page_index,time_cycles
0,3130034
page_index,time_cycles
0,1678214
page_index,time_cycles
0,1743024
page_index,time_cycles
0,2017968
page_index,time_cycles
0,1653414
page_index,time_cycles
0,1529562
page_index,time_cycles
0,1485796
page_index,time_cycles
0,2655006
page_index,time_cycles
0,2707638
page_index,time_cycles
0,3118408
page_index,time_cycles
0,1408420
page_index,time_cycles
0,1027510
page_index,time_cycles
0,1307284
page_index,time_cycles
0,739094
page_index,time_cycles
0,2001368
page_index,time_cycles
0,1844964
page_index,time_cycles
0,2119300
page_index,time_cycles
0,815738
page_index,time_cycles
0,1439886
page_index,time_cycles
0,2095770
page_index,time_cycles
0,1712720
page_index,time_cycles
0,2216812
page_index,time_cycles
0,727486
page_index,time_cycles
0,1558986
page_index,time_cycles
0,1725018
page_index,time_cycles
0,2292368
page_index,time_cycles
0,1522386
page_index,time_cycles
0,1368470
page_index,time_cycles
0,1853006
page_index,time_cycles
0,1558018
page_index,time_cycles
0,1198582
page_index,time_cycles
0,1664378
page_index,time_cycles
0,2687804
page_index,time_cycles
0,2036444
page_index,time_cycles
0,1342944
page_index,time_cycles
0,2898568
page_index,time_cycles
0,1105242
page_index,time_cycles
0,1080136
page_index,time_cycles
0,1902688
page_index,time_cycles
0,2265596
page_index,time_cycles
0,1686054
page_index,time_cycles
0,1465836
page_index,time_cycles
0,693648
page_index,time_cycles
0,1648116
page_index,time_cycles
0,1468038
page_index,time_cycles
0,3078062
page_index,time_cycles
0,3378022
page_index,time_cycles
0,2530598
page_index,time_cycles
0,813072
page_index,time_cycles
0,635184
page_index,time_cycles
0,2245570
page_index,time_cycles
0,1540066
page_index,time_cycles
0,2305488
page_index,time_cycles
0,1215696
page_index,time_cycles
0,1679776
page_index,time_cycles
0,652436
page_index,time_cycles
0,729870
page_index,time_cycles
0,1570740
page_index,time_cycles
0,2061332
page_index,time_cycles
0,1328286
page_index,time_cycles
0,2202504
page_index,time_cycles
0,713244
page_index,time_cycles
0,2182782
page_index,time_cycles
0,1381094
page_index,time_cycles
0,1370442
page_index,time_cycles
0,1597616
page_index,time_cycles
0,1805536
page_index,time_cycles
0,2081948
page_index,time_cycles
0,2192154
page_index,time_cycles
0,1111700
page_index,time_cycles
0,970026
page_index,time_cycles
0,1316216
page_index,time_cycles
0,1810310
page_index,time_cycles
0,1701138
page_index,time_cycles
0,2139428
page_index,time_cycles
0,2130920
page_index,time_cycles
0,2307022
page_index,time_cycles
0,1395184
page_index,time_cycles
0,1171536
page_index,time_cycles
0,1756840
page_index,time_cycles
0,1593150
page_index,time_cycles
0,2350334
page_index,time_cycles
0,722054
page_index,time_cycles
0,1193556
page_index,time_cycles
0,2358670
page_index,time_cycles
0,1340326
page_index,time_cycles
0,1574142
page_index,time_cycles
0,1500280
page_index,time_cycles
0,1820476
page_index,time_cycles
0,1394480
page_index,time_cycles
0,3555434
page_index,time_cycles
0,1798284
page_index,time_cycles
0,937706
page_index,time_cycles
0,1411924
page_index,time_cycles
0,1400780
page_index,time_cycles
0,1848814
page_index,time_cycles
0,2240448
page_index,time_cycles
0,2321074
page_index,time_cycles
0,1951402
page_index,time_cycles
0,1144926
page_index,time_cycles
0,2357926
page_index,time_cycles
0,1608290
page_index,time_cycles
0,2100942
page_index,time_cycles
0,1653388
page_index,time_cycles
0,2096598
page_index,time_cycles
0,696818
page_index,time_cycles
0,2457552
page_index,time_cycles
0,1233090
page_index,time_cycles
0,1029004
page_index,time_cycles
0,2709858
page_index,time_cycles
0,2443726
page_index,time_cycles
0,1439390
page_index,time_cycles
0,2253914
page_index,time_cycles
0,2586698
page_index,time_cycles
0,2348832
page_index,time_cycles
0,2504480
page_index,time_cycles
0,1827098
page_index,time_cycles
0,1743414
page_index,time_cycles
0,1661306
page_index,time_cycles
0,1983674
page_index,time_cycles
0,1093850
page_index,time_cycles
0,2036488
page_index,time_cycles
0,2964546
page_index,time_cycles
0,2090650
page_index,time_cycles
0,1280620
page_index,time_cycles
0,1671168
page_index,time_cycles
0,1545100
page_index,time_cycles
0,1308058
page_index,time_cycles
0,2938930
page_index,time_cycles
0,662196
page_index,time_cycles
0,863438
page_index,time_cycles
0,2891112
page_index,time_cycles
0,883150
page_index,time_cycles
0,2014352
page_index,time_cycles
0,2314920
page_index,time_cycles
0,2679124
page_index,time_cycles
0,1528186
page_index,time_cycles
0,2216728
page_index,time_cycles
0,998886
page_index,time_cycles
0,2703046
page_index,time_cycles
0,1383878
page_index,time_cycles
0,2470894
page_index,time_cycles
0,2112408
page_index,time_cycles
0,1563916
page_index,time_cycles
0,1922624
page_index,time_cycles
0,3113112
page_index,time_cycles
0,1235288
page_index,time_cycles
0,2248878
page_index,time_cycles
0,707256
page_index,time_cycles
0,1626696
page_index,time_cycles
0,710132
page_index,time_cycles
0,832858
page_index,time_cycles
0,1929240
page_index,time_cycles
0,3183890
page_index,time_cycles
0,1072418
page_index,time_cycles
0,1618610
page_index,time_cycles
0,2329326
page_index,time_cycles
0,1579398
page_index,time_cycles
0,2248266
page_index,time_cycles
0,1133852
page_index,time_cycles
0,778320
page_index,time_cycles
0,671292
page_index,time_cycles
0,1226910
page_index,time_cycles
0,2180480
page_index,time_cycles
0,1570984
page_index,time_cycles
0,1126076
page_index,time_cycles
0,2824190
page_index,time_cycles
0,1923296
page_index,time_cycles
0,1809610
page_index,time_cycles
0,1831634
page_index,time_cycles
0,1807642
page_index,time_cycles
0,1932072
page_index,time_cycles
0,2172496
page_index,time_cycles
0,2302432
page_index,time_cycles
0,2571732
page_index,time_cycles
0,753778
page_index,time_cycles
0,1963262
page_index,time_cycles
0,1967058
page_index,time_cycles
0,2186680
page_index,time_cycles
0,1842010
page_index,time_cycles
0,1245036
page_index,time_cycles
0,1751456
page_index,time_cycles
0,1862826
page_index,time_cycles
0,2602966
page_index,time_cycles
0,1903300
page_index,time_cycles
0,841064
page_index,time_cycles
0,1665178
page_index,time_cycles
0,615860
page_index,time_cycles
0,2908294
page_index,time_cycles
0,779148
page_index,time_cycles
0,1166844
page_index,time_cycles
0,768324
page_index,time_cycles
0,2650338
page_index,time_cycles
0,1632126
page_index,time_cycles
0,1639464
page_index,time_cycles
0,1870392
page_index,time_cycles
0,2877364
page_index,time_cycles
0,1411940
page_index,time_cycles
0,1874400
page_index,time_cycles
0,1498654
page_index,time_cycles
0,1985850
page_index,time_cycles
0,2180916
page_index,time_cycles
0,1808482
page_index,time_cycles
0,2108708
page_index,time_cycles
0,1519306
page_index,time_cycles
0,791234
page_index,time_cycles
0,3002456
page_index,time_cycles
0,1925150
page_index,time_cycles
0,1435690
page_index,time_cycles
0,1654444
page_index,time_cycles
0,2570446
page_index,time_cycles
0,3309740
page_index,time_cycles
0,2318902
page_index,time_cycles
0,1219110
page_index,time_cycles
0,1909060
page_index,time_cycles
0,2289268
page_index,time_cycles
0,1987290
page_index,time_cycles
0,3033556
page_index,time_cycles
0,1260838
page_index,time_cycles
0,2452662
page_index,time_cycles
0,2640370
page_index,time_cycles
0,1171280
page_index,time_cycles
0,2951384
page_index,time_cycles
0,1506584
page_index,time_cycles
0,1513722
page_index,time_cycles
0,2263800
page_index,time_cycles
0,899304
page_index,time_cycles
0,2855844
page_index,time_cycles
0,2837524
page_index,time_cycles
0,1452296
page_index,time_cycles
0,703382
page_index,time_cycles
0,672110
page_index,time_cycles
0,1662018
page_index,time_cycles
0,2831148
page_index,time_cycles
0,2540376
page_index,time_cycles
0,2196762
page_index,time_cycles
0,1041958
page_index,time_cycles
0,1782484
page_index,time_cycles
0,789766
page_index,time_cycles
0,1888742
page_index,time_cycles
0,1132166
page_index,time_cycles
0,2601520
page_index,time_cycles
0,2279118
page_index,time_cycles
0,1984696
page_index,time_cycles
0,1849726
page_index,time_cycles
0,1527022
page_index,time_cycles
0,1932938
page_index,time_cycles
0,687048
page_index,time_cycles
0,1001570
page_index,time_cycles
0,2606292
page_index,time_cycles
0,2350488
page_index,time_cycles
0,1070780
page_index,time_cycles
0,3076252
page_index,time_cycles
0,2166470
page_index,time_cycles
0,1384880
page_index,time_cycles
0,2714824
page_index,time_cycles
0,845754
page_index,time_cycles
0,2192016
page_index,time_cycles
0,1502902
page_index,time_cycles
0,2545000
page_index,time_cycles
0,2151752
page_index,time_cycles
0,813930
page_index,time_cycles
0,1517914
page_index,time_cycles
0,1085986
page_index,time_cycles
0,2305838
page_index,time_cycles
0,1551832
page_index,time_cycles
0,1188528
page_index,time_cycles
0,1242208
page_index,time_cycles
0,2092294
page_index,time_cycles
0,3135666
page_index,time_cycles
0,2575066
page_index,time_cycles
0,2161096
page_index,time_cycles
0,1038006
page_index,time_cycles
0,709956
page_index,time_cycles
0,1443348
page_index,time_cycles
0,870852
page_index,time_cycles
0,681922
page_index,time_cycles
0,2365300
page_index,time_cycles
0,2468818
page_index,time_cycles
0,1976478
page_index,time_cycles
0,1191098
page_index,time_cycles
0,1761676
page_index,time_cycles
0,902588
page_index,time_cycles
0,2326742
page_index,time_cycles
0,1148876
page_index,time_cycles
0,1622264
page_index,time_cycles
0,1073848
page_index,time_cycles
0,1281208
page_index,time_cycles
0,2666916
page_index,time_cycles
0,2812770
page_index,time_cycles
0,1785302
page_index,time_cycles
0,1549238
page_index,time_cycles
0,4515722
page_index,time_cycles
0,2435272
page_index,time_cycles
0,1544232
page_index,time_cycles
0,657312
page_index,time_cycles
0,2024072
page_index,time_cycles
0,962100
page_index,time_cycles
0,1614696
page_index,time_cycles
0,1489082
page_index,time_cycles
0,2154078
page_index,time_cycles
0,2044668
page_index,time_cycles
0,1790874
page_index,time_cycles
0,1324628
page_index,time_cycles
0,1791204
page_index,time_cycles
0,1681440
page_index,time_cycles
0,2548964
page_index,time_cycles
0,2126630
page_index,time_cycles
0,3821140
page_index,time_cycles
0,683240
page_index,time_cycles
0,3183412
page_index,time_cycles
0,883268
page_index,time_cycles
0,1695560
page_index,time_cycles
0,2043452
page_index,time_cycles
0,1843900
page_index,time_cycles
0,2163484
page_index,time_cycles
0,1847050
page_index,time_cycles
0,918688
page_index,time_cycles
0,1353680
page_index,time_cycles
0,1225024
page_index,time_cycles
0,1539184
page_index,time_cycles
0,2790578
page_index,time_cycles
0,717776
page_index,time_cycles
0,1354940
page_index,time_cycles
0,1832590
page_index,time_cycles
0,755598
page_index,time_cycles
0,1964932
page_index,time_cycles
0,2517114
page_index,time_cycles
0,1523698
page_index,time_cycles
0,783450
page_index,time_cycles
0,745596
page_index,time_cycles
0,3391026
page_index,time_cycles
0,2083342
page_index,time_cycles
0,1935292
page_index,time_cycles
0,825260
page_index,time_cycles
0,3265774
page_index,time_cycles
0,1986748
page_index,time_cycles
0,1019418
page_index,time_cycles
0,879704
page_index,time_cycles
0,1477552
page_index,time_cycles
0,1917024
page_index,time_cycles
0,702442
page_index,time_cycles
0,2174100
page_index,time_cycles
0,989540
page_index,time_cycles
0,3103634
page_index,time_cycles
0,1463380
page_index,time_cycles
0,937910
page_index,time_cycles
0,779572
page_index,time_cycles
0,1511338
page_index,time_cycles
0,1817700
page_index,time_cycles
0,1980402
page_index,time_cycles
0,1196184
page_index,time_cycles
0,1916776
page_index,time_cycles
0,1338332
page_index,time_cycles
0,1427362
page_index,time_cycles
0,2453238
page_index,time_cycles
0,1370048
page_index,time_cycles
0,2202948
page_index,time_cycles
0,1041658
page_index,time_cycles
0,2983700
page_index,time_cycles
0,1453080
page_index,time_cycles
0,835804
page_index,time_cycles
0,1548402
page_index,time_cycles
0,1912054
page_index,time_cycles
0,1518714
page_index,time_cycles
0,2082612
page_index,time_cycles
0,1061208
page_index,time_cycles
0,1146142
page_index,time_cycles
0,2037600
page_index,time_cycles
0,1500716
page_index,time_cycles
0,1976160
page_index,time_cycles
0,2153530
page_index,time_cycles
0,1876430
page_index,time_cycles
0,2412586
page_index,time_cycles
0,1647022
page_index,time_cycles
0,850142
page_index,time_cycles
0,1639256
page_index,time_cycles
0,1087696
page_index,time_cycles
0,1893472
page_index,time_cycles
0,736340
page_index,time_cycles
0,1984716
page_index,time_cycles
0,827068
page_index,time_cycles
0,2313252
page_index,time_cycles
0,1542206
page_index,time_cycles
0,987514
page_index,time_cycles
0,962384
page_index,time_cycles
0,1560984
page_index,time_cycles
0,785982
page_index,time_cycles
0,1595626
page_index,time_cycles
0,2648764
page_index,time_cycles
0,1027178
page_index,time_cycles
0,2058432
page_index,time_cycles
0,1216408
page_index,time_cycles
0,1267128
page_index,time_cycles
0,1290628
page_index,time_cycles
0,2707912
page_index,time_cycles
0,2263138
page_index,time_cycles
0,1910298
page_index,time_cycles
0,2118294
page_index,time_cycles
0,3101188
page_index,time_cycles
0,1675158
page_index,time_cycles
0,677838
page_index,time_cycles
0,658992
page_index,time_cycles
0,2111498
page_index,time_cycles
0,1629716
page_index,time_cycles
0,1379106
page_index,time_cycles
0,632862
page_index,time_cycles
0,2725634
page_index,time_cycles
0,928228
page_index,time_cycles
0,1578220
page_index,time_cycles
0,1247988
page_index,time_cycles
0,2313440
page_index,time_cycles
0,1496850
page_index,time_cycles
0,1448962
page_index,time_cycles
0,2831304
page_index,time_cycles
0,2306934
page_index,time_cycles
0,1931356
page_index,time_cycles
0,2379508
page_index,time_cycles
0,871652
page_index,time_cycles
0,1722534
page_index,time_cycles
0,1623590
page_index,time_cycles
0,701000
page_index,time_cycles
0,1635944
page_index,time_cycles
0,885026
page_index,time_cycles
0,2036704
page_index,time_cycles
0,958618
page_index,time_cycles
0,674606
page_index,time_cycles
0,1716198
page_index,time_cycles
0,2327746
page_index,time_cycles
0,2089356
page_index,time_cycles
0,1903524
page_index,time_cycles
0,2028636
page_index,time_cycles
0,703596
page_index,time_cycles
0,1877208
page_index,time_cycles
0,680952
page_index,time_cycles
0,1992466
page_index,time_cycles
0,1314524
page_index,time_cycles
0,1756570
page_index,time_cycles
0,1383496
page_index,time_cycles
0,2755244
page_index,time_cycles
0,839146
page_index,time_cycles
0,1968508
page_index,time_cycles
0,1775150
page_index,time_cycles
0,2388398
page_index,time_cycles
0,1097192
page_index,time_cycles
0,3788368
page_index,time_cycles
0,1133390
page_index,time_cycles
0,1642120
page_index,time_cycles
0,1430368
page_index,time_cycles
0,1219092
page_index,time_cycles
0,2218980
page_index,time_cycles
0,1600286
page_index,time_cycles
0,1878006
page_index,time_cycles
0,1154986
page_index,time_cycles
0,988270
page_index,time_cycles
0,2136344
page_index,time_cycles
0,1351072
page_index,time_cycles
0,1251050
page_index,time_cycles
0,912168
page_index,time_cycles
0,2569974
page_index,time_cycles
0,1766080
page_index,time_cycles
0,1213406
page_index,time_cycles
0,1377548
page_index,time_cycles
0,1866134
page_index,time_cycles
0,1083570
page_index,time_cycles
0,753500
page_index,time_cycles
0,1602566
page_index,time_cycles
0,1244472
page_index,time_cycles
0,1929496
page_index,time_cycles
0,1276766
page_index,time_cycles
0,849170
page_index,time_cycles
0,1693274
page_index,time_cycles
0,1764846
page_index,time_cycles
0,1160836
page_index,time_cycles
0,1081016
page_index,time_cycles
0,2530874
page_index,time_cycles
0,1825352
page_index,time_cycles
0,2019626
page_index,time_cycles
0,2001522
page_index,time_cycles
0,1355288
page_index,time_cycles
0,1599646
page_index,time_cycles
0,2096356
page_index,time_cycles
0,2028918
page_index,time_cycles
0,1184898
page_index,time_cycles
0,1969904
page_index,time_cycles
0,767862
page_index,time_cycles
0,2025434
page_index,time_cycles
0,1749480
page_index,time_cycles
0,605790
page_index,time_cycles
0,1485012
page_index,time_cycles
0,1977966
page_index,time_cycles
0,1343138
page_index,time_cycles
0,1727568
page_index,time_cycles
0,2034262
page_index,time_cycles
0,1485094
page_index,time_cycles
0,807574
page_index,time_cycles
0,2487824
page_index,time_cycles
0,2086690
page_index,time_cycles
0,1608732
page_index,time_cycles
0,2467498
page_index,time_cycles
0,1219164
page_index,time_cycles
0,813820
page_index,time_cycles
0,1099270
page_index,time_cycles
0,895272
page_index,time_cycles
0,2853946
page_index,time_cycles
0,1644192
page_index,time_cycles
0,1452682
page_index,time_cycles
0,1285488
page_index,time_cycles
0,829020
page_index,time_cycles
0,1210580
page_index,time_cycles
0,2079238
page_index,time_cycles
0,706004
page_index,time_cycles
0,2809168
page_index,time_cycles
0,2110568
page_index,time_cycles
0,2491008
page_index,time_cycles
0,2132246
page_index,time_cycles
0,2309728
page_index,time_cycles
0,2578578
page_index,time_cycles
0,1694010
page_index,time_cycles
0,1752040
page_index,time_cycles
0,2112890
page_index,time_cycles
0,2691724
page_index,time_cycles
0,2571140
page_index,time_cycles
0,2526926
page_index,time_cycles
0,1885802
page_index,time_cycles
0,1422322
page_index,time_cycles
0,3238072
page_index,time_cycles
0,1841992
page_index,time_cycles
0,1033682
page_index,time_cycles
0,2941576
page_index,time_cycles
0,1680526
page_index,time_cycles
0,1815020
page_index,time_cycles
0,2295940
page_index,time_cycles
0,1891192
page_index,time_cycles
0,2225348
page_index,time_cycles
0,2494220
page_index,time_cycles
0,1527962
page_index,time_cycles
0,2355732
page_index,time_cycles
0,1620518
page_index,time_cycles
0,2115086
page_index,time_cycles
0,2077994
page_index,time_cycles
0,1469992
page_index,time_cycles
0,1663376
page_index,time_cycles
0,2126918
page_index,time_cycles
0,1904302
page_index,time_cycles
0,1965464
page_index,time_cycles
0,2435808
page_index,time_cycles
0,763106
page_index,time_cycles
0,1809190
page_index,time_cycles
0,1662142
page_index,time_cycles
0,1884346
page_index,time_cycles
0,1687122
page_index,time_cycles
0,1975752
page_index,time_cycles
0,1423854
page_index,time_cycles
0,747340
page_index,time_cycles
0,1748272
page_index,time_cycles
0,1084108
page_index,time_cycles
0,1857426
page_index,time_cycles
0,2063266
page_index,time_cycles
0,2067392
page_index,time_cycles
0,2365250
page_index,time_cycles
0,1561470
page_index,time_cycles
0,2230760
page_index,time_cycles
0,1803062
page_index,time_cycles
0,3766962
page_index,time_cycles
0,2766328
page_index,time_cycles
0,1616714
page_index,time_cycles
0,2111230
page_index,time_cycles
0,1872614
page_index,time_cycles
0,1556538
page_index,time_cycles
0,2307930
page_index,time_cycles
0,1185026
page_index,time_cycles
0,1690610
page_index,time_cycles
0,1475346
page_index,time_cycles
0,3772240
page_index,time_cycles
0,2137440
page_index,time_cycles
0,1343512
page_index,time_cycles
0,1324750
page_index,time_cycles
0,741690
page_index,time_cycles
0,1280208
page_index,time_cycles
0,1820212
page_index,time_cycles
0,1049032
page_index,time_cycles
0,2177020
page_index,time_cycles
0,2297050
page_index,time_cycles
0,1688764
page_index,time_cycles
0,817440
page_index,time_cycles
0,1213124
page_index,time_cycles
0,948278
page_index,time_cycles
0,900494
page_index,time_cycles
0,2338262
page_index,time_cycles
0,2327184
page_index,time_cycles
0,1632062
page_index,time_cycles
0,4567676
page_index,time_cycles
0,757864
page_index,time_cycles
0,2179074
page_index,time_cycles
0,1783252
page_index,time_cycles
0,1045600
page_index,time_cycles
0,1732618
page_index,time_cycles
0,662458
page_index,time_cycles
0,2026686
page_index,time_cycles
0,1928160
page_index,time_cycles
0,1321602
page_index,time_cycles
0,2667398
page_index,time_cycles
0,774062
page_index,time_cycles
0,1632836
page_index,time_cycles
0,1506212
page_index,time_cycles
0,1867708
page_index,time_cycles
0,1274456
page_index,time_cycles
0,2293716
page_index,time_cycles
0,2028178
page_index,time_cycles
0,1494080
page_index,time_cycles
0,3312062
page_index,time_cycles
0,1524194
page_index,time_cycles
0,3466204
page_index,time_cycles
0,2340680
page_index,time_cycles
0,2990830
page_index,time_cycles
0,2280210
page_index,time_cycles
0,1332584
page_index,time_cycles
0,2277454
page_index,time_cycles
0,796866
page_index,time_cycles
0,1457728
page_index,time_cycles
0,2529482
page_index,time_cycles
0,627076
page_index,time_cycles
0,2144874
page_index,time_cycles
0,678794
page_index,time_cycles
0,894080
page_index,time_cycles
0,1683996
page_index,time_cycles
0,2786630
page_index,time_cycles
0,2409080
page_index,time_cycles
0,1431636
page_index,time_cycles
0,1116498
page_index,time_cycles
0,1649424
page_index,time_cycles
0,1549588
page_index,time_cycles
0,788252
page_index,time_cycles
0,727120
page_index,time_cycles
0,808830
page_index,time_cycles
0,2703554
page_index,time_cycles
0,2220474
page_index,time_cycles
0,1863634
page_index,time_cycles
0,1820108
page_index,time_cycles
0,1978544
page_index,time_cycles
0,2819734
page_index,time_cycles
0,2655622
page_index,time_cycles
0,1690616
page_index,time_cycles
0,2215784
page_index,time_cycles
0,1538586
page_index,time_cycles
0,2125224
page_index,time_cycles
0,2094650
page_index,time_cycles
0,1758306
page_index,time_cycles
0,1380324
page_index,time_cycles
0,2125682
page_index,time_cycles
0,1719302
page_index,time_cycles
0,1640266
page_index,time_cycles
0,1142504
page_index,time_cycles
0,1291800
page_index,time_cycles
0,2192142
page_index,time_cycles
0,1019492
page_index,time_cycles
0,3854958
page_index,time_cycles
0,1060140
page_index,time_cycles
0,949562
page_index,time_cycles
0,1375548
page_index,time_cycles
0,1079296
page_index,time_cycles
0,1161872
page_index,time_cycles
0,987374
page_index,time_cycles
0,904710
page_index,time_cycles
0,2146934
page_index,time_cycles
0,1431102
page_index,time_cycles
0,618748
page_index,time_cycles
0,1729610
page_index,time_cycles
0,2542666
page_index,time_cycles
0,3508006
page_index,time_cycles
0,2439822
page_index,time_cycles
0,1377612
page_index,time_cycles
0,1032664
page_index,time_cycles
0,1708722
page_index,time_cycles
0,2352634
page_index,time_cycles
0,2769946
page_index,time_cycles
0,1162078
page_index,time_cycles
0,1460206
page_index,time_cycles
0,700188
page_index,time_cycles
0,704714
page_index,time_cycles
0,1923764
page_index,time_cycles
0,1239268
page_index,time_cycles
0,1886014
page_index,time_cycles
0,889646
page_index,time_cycles
0,2606230
page_index,time_cycles
0,1516608
page_index,time_cycles
0,1685816
page_index,time_cycles
0,1094436
page_index,time_cycles
0,1960500
page_index,time_cycles
0,1962224
page_index,time_cycles
0,1872264
page_index,time_cycles
0,1564222
page_index,time_cycles
0,1709810
page_index,time_cycles
0,1128414
page_index,time_cycles
0,676824
page_index,time_cycles
0,2637998
page_index,time_cycles
0,1523484
page_index,time_cycles
0,781960
page_index,time_cycles
0,2335924
page_index,time_cycles
0,1595576
page_index,time_cycles
0,2546892
page_index,time_cycles
0,636064
page_index,time_cycles
0,1057884
page_index,time_cycles
0,1822670
page_index,time_cycles
0,1422692
page_index,time_cycles
0,1571558
page_index,time_cycles
0,2468034
page_index,time_cycles
0,2740814
page_index,time_cycles
0,685980
page_index,time_cycles
0,2521788
page_index,time_cycles
0,1880476
page_index,time_cycles
0,683526
page_index,time_cycles
0,2509256
page_index,time_cycles
0,2650664
page_index,time_cycles
0,1305658
page_index,time_cycles
0,3094420
page_index,time_cycles
0,1898104
page_index,time_cycles
0,1680316
page_index,time_cycles
0,912666
page_index,time_cycles
0,887276
page_index,time_cycles
0,657956
page_index,time_cycles
0,1523918
page_index,time_cycles
0,1685818
page_index,time_cycles
0,2038802
page_index,time_cycles
0,904152
page_index,time_cycles
0,1437602
page_index,time_cycles
0,1334158
page_index,time_cycles
0,2523846
page_index,time_cycles
0,2784716
page_index,time_cycles
0,2225726
page_index,time_cycles
0,965912
page_index,time_cycles
0,1751150
page_index,time_cycles
0,2244644
page_index,time_cycles
0,2510282
page_index,time_cycles
0,1503632
page_index,time_cycles
0,1900224
page_index,time_cycles
0,645498
page_index,time_cycles
0,1082286
page_index,time_cycles
0,1666328
page_index,time_cycles
0,2630878
page_index,time_cycles
0,1492134
page_index,time_cycles
0,1486112
page_index,time_cycles
0,1048782
page_index,time_cycles
0,929694
page_index,time_cycles
0,705634
page_index,time_cycles
0,1900462
page_index,time_cycles
0,740722
page_index,time_cycles
0,1832904
page_index,time_cycles
0,1831580
page_index,time_cycles
0,3537146
page_index,time_cycles
0,2791028
page_index,time_cycles
0,2489738
page_index,time_cycles
0,845212
page_index,time_cycles
0,2519976
page_index,time_cycles
0,1709918
page_index,time_cycles
0,2081456
page_index,time_cycles
0,894516
page_index,time_cycles
0,2416810
page_index,time_cycles
0,2432144
page_index,time_cycles
0,1236722
page_index,time_cycles
0,1005910
page_index,time_cycles
0,1341608
page_index,time_cycles
0,1168380
page_index,time_cycles
0,1126196
page_index,time_cycles
0,776358
page_index,time_cycles
0,2254210
page_index,time_cycles
0,1024956
page_index,time_cycles
0,2006242
page_index,time_cycles
0,1453630
page_index,time_cycles
0,1044698
page_index,time_cycles
0,3127480
page_index,time_cycles
0,1695930
page_index,time_cycles
0,2339688
page_index,time_cycles
0,1801464
page_index,time_cycles
0,689766
page_index,time_cycles
0,1346598
page_index,time_cycles
0,1882964
page_index,time_cycles
0,2632634
page_index,time_cycles
0,2208294
page_index,time_cycles
0,1403044
page_index,time_cycles
0,1933858
page_index,time_cycles
0,1760038
page_index,time_cycles
0,1518926
page_index,time_cycles
0,2337704
page_index,time_cycles
0,1719336
page_index,time_cycles
0,1247312
page_index,time_cycles
0,1585400
page_index,time_cycles
0,1943934
page_index,time_cycles
0,1200928
page_index,time_cycles
0,1079114
page_index,time_cycles
0,1765322
page_index,time_cycles
0,2208230
page_index,time_cycles
0,1539204
page_index,time_cycles
0,1218458
page_index,time_cycles
0,2041336
page_index,time_cycles
0,2106744
page_index,time_cycles
0,1063348
page_index,time_cycles
0,1093290
page_index,time_cycles
0,839918
page_index,time_cycles
0,2226604
page_index,time_cycles
0,702686
page_index,time_cycles
0,1854374
page_index,time_cycles
0,1449088
page_index,time_cycles
0,2388004
page_index,time_cycles
0,1556914
page_index,time_cycles
0,2732240
page_index,time_cycles
0,1908258
page_index,time_cycles
0,876280
page_index,time_cycles
0,2988494
page_index,time_cycles
0,2888664
page_index,time_cycles
0,2611832
page_index,time_cycles
0,2464986
page_index,time_cycles
0,1594558
page_index,time_cycles
0,2348890
page_index,time_cycles
0,1189088
page_index,time_cycles
0,2520342
page_index,time_cycles
0,693478
page_index,time_cycles
0,1977274
page_index,time_cycles
0,2194346
page_index,time_cycles
0,1350184
page_index,time_cycles
0,3114392
page_index,time_cycles
0,1269208
page_index,time_cycles
0,1481942
page_index,time_cycles
0,632110
page_index,time_cycles
0,927252
page_index,time_cycles
0,1650612
page_index,time_cycles
0,2193380
page_index,time_cycles
0,1029056
page_index,time_cycles
0,1389934
page_index,time_cycles
0,842908
page_index,time_cycles
0,2152110
page_index,time_cycles
0,934170
page_index,time_cycles
0,872452
page_index,time_cycles
0,1463188
page_index,time_cycles
0,2003682
page_index,time_cycles
0,3077698
page_index,time_cycles
0,1603522
page_index,time_cycles
0,1836516
page_index,time_cycles
0,892422
page_index,time_cycles
0,2251930
page_index,time_cycles
0,787430
page_index,time_cycles
0,831490
page_index,time_cycles
0,2078490
page_index,time_cycles
0,1796228
page_index,time_cycles
0,1132574
page_index,time_cycles
0,2813002
page_index,time_cycles
0,1592160
page_index,time_cycles
0,1653884
page_index,time_cycles
0,2349252
page_index,time_cycles
0,1730978
page_index,time_cycles
0,685388
page_index,time_cycles
0,3354714
page_index,time_cycles
0,3150034
page_index,time_cycles
0,1652332
page_index,time_cycles
0,1911264
page_index,time_cycles
0,1811382
page_index,time_cycles
0,1135058
page_index,time_cycles
0,1640514
page_index,time_cycles
0,610180
page_index,time_cycles
0,2060662
page_index,time_cycles
0,1577124
page_index,time_cycles
0,1869018
page_index,time_cycles
0,1725816
page_index,time_cycles
0,954340
page_index,time_cycles
0,2078004
page_index,time_cycles
0,768134
page_index,time_cycles
0,1392788
page_index,time_cycles
0,1647600
page_index,time_cycles
0,1825414
page_index,time_cycles
0,783816
page_index,time_cycles
0,986486
page_index,time_cycles
0,2212496
page_index,time_cycles
0,639808
page_index,time_cycles
0,1593968
page_index,time_cycles
0,920262
page_index,time_cycles
0,1184428
page_index,time_cycles
0,2436222
page_index,time_cycles
0,1256550
page_index,time_cycles
0,753016
page_index,time_cycles
0,1296898
page_index,time_cycles
0,745710
page_index,time_cycles
0,2969030
page_index,time_cycles
0,2263582
page_index,time_cycles
0,1952386
page_index,time_cycles
0,2195696
page_index,time_cycles
0,1876346
page_index,time_cycles
0,2263400
page_index,time_cycles
0,881700
page_index,time_cycles
0,903552
page_index,time_cycles
0,2258150
page_index,time_cycles
0,1439568
page_index,time_cycles
0,1551148
page_index,time_cycles
0,1638116
page_index,time_cycles
0,1546758
page_index,time_cycles
0,4030198
page_index,time_cycles
0,2698278
page_index,time_cycles
0,1813380
page_index,time_cycles
0,2325766
page_index,time_cycles
0,2353072
page_index,time_cycles
0,2419394
page_index,time_cycles
0,3781238
page_index,time_cycles
0,1672404
page_index,time_cycles
0,2219094
page_index,time_cycles
0,2450080
page_index,time_cycles
0,3146352
page_index,time_cycles
0,904734
page_index,time_cycles
0,1838148
page_index,time_cycles
0,2355924
page_index,time_cycles
0,2868648
page_index,time_cycles
0,1523840
page_index,time_cycles
0,1845764
page_index,time_cycles
0,1242802
page_index,time_cycles
0,789648
page_index,time_cycles
0,1190630
page_index,time_cycles
0,1594952
page_index,time_cycles
0,2113362
page_index,time_cycles
0,2811002
page_index,time_cycles
0,3093696
page_index,time_cycles
0,1478950
page_index,time_cycles
0,2237278
page_index,time_cycles
0,1233146
page_index,time_cycles
0,2101230
page_index,time_cycles
0,1624916
page_index,time_cycles
0,2275016
page_index,time_cycles
0,2469488
page_index,time_cycles
0,1731176
page_index,time_cycles
0,3104052
page_index,time_cycles
0,2336824
page_index,time_cycles
0,2315314
page_index,time_cycles
0,2273944
page_index,time_cycles
0,800300
page_index,time_cycles
0,1457064
page_index,time_cycles
0,1750204
page_index,time_cycles
0,2118850
page_index,time_cycles
0,635324
page_index,time_cycles
0,1410634
page_index,time_cycles
0,2528138
page_index,time_cycles
0,1218210
page_index,time_cycles
0,1290538
page_index,time_cycles
0,885996
page_index,time_cycles
0,1721578
page_index,time_cycles
0,2749264
page_index,time_cycles
0,2059878
page_index,time_cycles
0,1068268
page_index,time_cycles
0,670476
page_index,time_cycles
0,1909596
page_index,time_cycles
0,737482
page_index,time_cycles
0,898494
page_index,time_cycles
0,2374782
page_index,time_cycles
0,692138
page_index,time_cycles
0,1491286
page_index,time_cycles
0,865386
page_index,time_cycles
0,1412198
page_index,time_cycles
0,1271782
page_index,time_cycles
0,1863682
page_index,time_cycles
0,1876062
page_index,time_cycles
0,3937684
page_index,time_cycles
0,1958488
page_index,time_cycles
0,2131600
page_index,time_cycles
0,2241762
page_index,time_cycles
0,785614
page_index,time_cycles
0,814724
page_index,time_cycles
0,1946694
page_index,time_cycles
0,1808404
page_index,time_cycles
0,1174152
page_index,time_cycles
0,1466832
page_index,time_cycles
0,1935900
page_index,time_cycles
0,2148474
page_index,time_cycles
0,1989248
page_index,time_cycles
0,688632
page_index,time_cycles
0,1481022
page_index,time_cycles
0,1810596
page_index,time_cycles
0,679888
page_index,time_cycles
0,3135496
page_index,time_cycles
0,1422962
page_index,time_cycles
0,1023122
page_index,time_cycles
0,1842072
page_index,time_cycles
0,1108456
page_index,time_cycles
0,1089472
page_index,time_cycles
0,2799872
page_index,time_cycles
0,1771578
page_index,time_cycles
0,1194210
page_index,time_cycles
0,3439378
page_index,time_cycles
0,2371284
page_index,time_cycles
0,1655258
page_index,time_cycles
0,1893326
page_index,time_cycles
0,2411088
page_index,time_cycles
0,2135852
page_index,time_cycles
0,1936468
page_index,time_cycles
0,768396
page_index,time_cycles
0,1928348
page_index,time_cycles
0,690694
page_index,time_cycles
0,1147808
page_index,time_cycles
0,2186266
page_index,time_cycles
0,2771514
page_index,time_cycles
0,2001792
page_index,time_cycles
0,1684658
page_index,time_cycles
0,1492702
page_index,time_cycles
0,1920172
page_index,time_cycles
0,3014452
page_index,time_cycles
0,2464404
page_index,time_cycles
0,1928698
page_index,time_cycles
0,1686226
page_index,time_cycles
0,751664
page_index,time_cycles
0,887632
page_index,time_cycles
0,2162076
page_index,time_cycles
0,1642892
page_index,time_cycles
0,1703468
page_index,time_cycles
0,1989618
page_index,time_cycles
0,1519512
page_index,time_cycles
0,2045034
page_index,time_cycles
0,977236
page_index,time_cycles
0,2268314
page_index,time_cycles
0,1663922
page_index,time_cycles
0,1582090
page_index,time_cycles
0,2676040
page_index,time_cycles
0,1435890
page_index,time_cycles
0,2900372
page_index,time_cycles
0,805638
page_index,time_cycles
0,2575852
page_index,time_cycles
0,806486
page_index,time_cycles
0,2264064
page_index,time_cycles
0,628572
page_index,time_cycles
0,1460212
page_index,time_cycles
0,1132922
page_index,time_cycles
0,1448192
page_index,time_cycles
0,2448588
page_index,time_cycles
0,1780594
page_index,time_cycles
0,1826140
page_index,time_cycles
0,658122
page_index,time_cycles
0,5537012
page_index,time_cycles
0,2315484
page_index,time_cycles
0,621156
page_index,time_cycles
0,768476
page_index,time_cycles
0,1061010
page_index,time_cycles
0,2058842
page_index,time_cycles
0,1737182
page_index,time_cycles
0,1685516
page_index,time_cycles
0,1921808
page_index,time_cycles
0,1232608
page_index,time_cycles
0,773484
page_index,time_cycles
0,2350598
page_index,time_cycles
0,1466880
page_index,time_cycles
0,2266644
page_index,time_cycles
0,1439680
page_index,time_cycles
0,769268
page_index,time_cycles
0,2894918
page_index,time_cycles
0,1256574
page_index,time_cycles
0,2235582
page_index,time_cycles
0,1399846
page_index,time_cycles
0,1943450
page_index,time_cycles
0,820250
page_index,time_cycles
0,2032212
page_index,time_cycles
0,1484842
page_index,time_cycles
0,1647088
page_index,time_cycles
0,1178338
page_index,time_cycles
0,1901432
page_index,time_cycles
0,1820648
page_index,time_cycles
0,1340618
page_index,time_cycles
0,1684808
page_index,time_cycles
0,2162186
page_index,time_cycles
0,1345862
page_index,time_cycles
0,1981966
page_index,time_cycles
0,1196608
page_index,time_cycles
0,1264400
page_index,time_cycles
0,1675996
page_index,time_cycles
0,2166444
page_index,time_cycles
0,2285588
page_index,time_cycles
0,1299802
page_index,time_cycles
0,1282960
page_index,time_cycles
0,1704896
page_index,time_cycles
0,1099216
page_index,time_cycles
0,701496
page_index,time_cycles
0,2580688
page_index,time_cycles
0,1889638
page_index,time_cycles
0,3554920
page_index,time_cycles
0,1381090
page_index,time_cycles
0,1795788
page_index,time_cycles
0,864090
page_index,time_cycles
0,625972
page_index,time_cycles
0,835100
page_index,time_cycles
0,1548724
page_index,time_cycles
0,819528
page_index,time_cycles
0,1359308
page_index,time_cycles
0,1369742
page_index,time_cycles
0,1162578
page_index,time_cycles
0,1027496
page_index,time_cycles
0,684518
page_index,time_cycles
0,2681354
page_index,time_cycles
0,1364864
page_index,time_cycles
0,2110530
page_index,time_cycles
0,1470512
page_index,time_cycles
0,1267790
page_index,time_cycles
0,1458588
page_index,time_cycles
0,1521016
page_index,time_cycles
0,2030404
page_index,time_cycles
0,1874258
page_index,time_cycles
0,1439356
page_index,time_cycles
0,1980696
page_index,time_cycles
0,621820
page_index,time_cycles
0,2811376
page_index,time_cycles
0,2538144
page_index,time_cycles
0,2190804
page_index,time_cycles
0,669922
page_index,time_cycles
0,1108988
page_index,time_cycles
0,705548
page_index,time_cycles
0,1461782
page_index,time_cycles
0,806648
page_index,time_cycles
0,1052836
page_index,time_cycles
0,1644190
page_index,time_cycles
0,1414008
page_index,time_cycles
0,2360194
page_index,time_cycles
0,849860
page_index,time_cycles
0,1194286
page_index,time_cycles
0,1354360
page_index,time_cycles
0,1385998
page_index,time_cycles
0,1048466
page_index,time_cycles
0,1971310
page_index,time_cycles
0,1941948
page_index,time_cycles
0,1042736
page_index,time_cycles
0,1882344
page_index,time_cycles
0,1649454
page_index,time_cycles
0,3127584
page_index,time_cycles
0,1449836
page_index,time_cycles
0,1578748
page_index,time_cycles
0,2470036
page_index,time_cycles
0,1472002
page_index,time_cycles
0,2132426
page_index,time_cycles
0,722294
page_index,time_cycles
0,779778
page_index,time_cycles
0,946752
page_index,time_cycles
0,1652638
page_index,time_cycles
0,2397730
page_index,time_cycles
0,1289610
page_index,time_cycles
0,2159380
page_index,time_cycles
0,717718
page_index,time_cycles
0,2175856
page_index,time_cycles
0,1776114
page_index,time_cycles
0,937576
page_index,time_cycles
0,2558594
page_index,time_cycles
0,1569738
page_index,time_cycles
0,2479132
page_index,time_cycles
0,1385650
page_index,time_cycles
0,792292
page_index,time_cycles
0,829734
page_index,time_cycles
0,2354010
page_index,time_cycles
0,2377790
page_index,time_cycles
0,1019050
page_index,time_cycles
0,2216884
page_index,time_cycles
0,1725686
page_index,time_cycles
0,2158434
page_index,time_cycles
0,1614942
page_index,time_cycles
0,1387894
page_index,time_cycles
0,2475764
page_index,time_cycles
0,2517892
page_index,time_cycles
0,1399400
page_index,time_cycles
0,2892780
page_index,time_cycles
0,2826804
page_index,time_cycles
0,2142932
page_index,time_cycles
0,3578412
page_index,time_cycles
0,691544
page_index,time_cycles
0,1704310
page_index,time_cycles
0,2086184
page_index,time_cycles
0,2655214
page_index,time_cycles
0,1630884
page_index,time_cycles
0,2412190
page_index,time_cycles
0,1373296
page_index,time_cycles
0,1270430
page_index,time_cycles
0,1634662
page_index,time_cycles
0,2267630
page_index,time_cycles
0,1469226
page_index,time_cycles
0,838128
page_index,time_cycles
0,1830928
page_index,time_cycles
0,3113390
page_index,time_cycles
0,838218
page_index,time_cycles
0,717008
page_index,time_cycles
0,1404256
page_index,time_cycles
0,731618
page_index,time_cycles
0,1722956
page_index,time_cycles
0,1232228
page_index,time_cycles
0,1819748
page_index,time_cycles
0,1151664
page_index,time_cycles
0,1313768
page_index,time_cycles
0,716942
page_index,time_cycles
0,1854584
page_index,time_cycles
0,1104868
page_index,time_cycles
0,1559432
page_index,time_cycles
0,1775416
page_index,time_cycles
0,1842578
page_index,time_cycles
0,1507164
page_index,time_cycles
0,1343004
page_index,time_cycles
0,1959174
page_index,time_cycles
0,1829134
page_index,time_cycles
0,1322298
page_index,time_cycles
0,1116642
page_index,time_cycles
0,1213834
page_index,time_cycles
0,2042154
page_index,time_cycles
0,820302
page_index,time_cycles
0,1545110
page_index,time_cycles
0,1923368
page_index,time_cycles
0,1997256
page_index,time_cycles
0,1610388
page_index,time_cycles
0,2407930
page_index,time_cycles
0,1326948
page_index,time_cycles
0,1624754
page_index,time_cycles
0,1119264
page_index,time_cycles
0,1512572
page_index,time_cycles
0,2477678
page_index,time_cycles
0,728326
page_index,time_cycles
0,1573744
page_index,time_cycles
0,2353032
page_index,time_cycles
0,2894786
page_index,time_cycles
0,2350504
page_index,time_cycles
0,1807850
page_index,time_cycles
0,1461840
page_index,time_cycles
0,1889468
page_index,time_cycles
0,716916
page_index,time_cycles
0,765812
page_index,time_cycles
0,2706002
page_index,time_cycles
0,1290200
page_index,time_cycles
0,2529426
page_index,time_cycles
0,2625214
page_index,time_cycles
0,754522
page_index,time_cycles
0,1768040
page_index,time_cycles
0,839458
page_index,time_cycles
0,2075062
page_index,time_cycles
0,1165978
page_index,time_cycles
0,1683990
page_index,time_cycles
0,2146810
page_index,time_cycles
0,2627802
page_index,time_cycles
0,2130354
page_index,time_cycles
0,1439178
page_index,time_cycles
0,1096702
page_index,time_cycles
0,1336202
page_index,time_cycles
0,1533510
page_index,time_cycles
0,1918082
page_index,time_cycles
0,2170962
page_index,time_cycles
0,668876
page_index,time_cycles
0,1985428
page_index,time_cycles
0,1827052
page_index,time_cycles
0,951780
page_index,time_cycles
0,2276204
page_index,time_cycles
0,692686
page_index,time_cycles
0,1437878
page_index,time_cycles
0,762240
page_index,time_cycles
0,1896348
page_index,time_cycles
0,942236
page_index,time_cycles
0,1835682
page_index,time_cycles
0,3251022
page_index,time_cycles
0,2489960
page_index,time_cycles
0,1757072
page_index,time_cycles
0,2126800
page_index,time_cycles
0,2188058
page_index,time_cycles
0,2592406
page_index,time_cycles
0,881440
page_index,time_cycles
0,1743108
page_index,time_cycles
0,1170150
page_index,time_cycles
0,1543730
page_index,time_cycles
0,1864956
page_index,time_cycles
0,2205078
page_index,time_cycles
0,863748
page_index,time_cycles
0,1288638
page_index,time_cycles
0,2410202
page_index,time_cycles
0,1710394
page_index,time_cycles
0,2634244
page_index,time_cycles
0,1206670
page_index,time_cycles
0,1402610
page_index,time_cycles
0,1781654
page_index,time_cycles
0,1600478
page_index,time_cycles
0,2417100
page_index,time_cycles
0,1144246
page_index,time_cycles
0,2062688
page_index,time_cycles
0,2405096
page_index,time_cycles
0,1796906
page_index,time_cycles
0,785660
page_index,time_cycles
0,2650176
page_index,time_cycles
0,1164920
page_index,time_cycles
0,1933344
page_index,time_cycles
0,2618308
page_index,time_cycles
0,1386802
page_index,time_cycles
0,1340502
page_index,time_cycles
0,748372
page_index,time_cycles
0,875490
page_index,time_cycles
0,1115836
page_index,time_cycles
0,1810622
page_index,time_cycles
0,2104668
page_index,time_cycles
0,1195844
page_index,time_cycles
0,937218
page_index,time_cycles
0,1267006
page_index,time_cycles
0,1945884
page_index,time_cycles
0,1985224
page_index,time_cycles
0,1322952
page_index,time_cycles
0,2514032
page_index,time_cycles
0,1182256
page_index,time_cycles
0,2468832
page_index,time_cycles
0,4343108
page_index,time_cycles
0,1447394
page_index,time_cycles
0,1374604
page_index,time_cycles
0,2160066
page_index,time_cycles
0,2627508
page_index,time_cycles
0,1925378
page_index,time_cycles
0,1144498
page_index,time_cycles
0,2728478
page_index,time_cycles
0,1658072
page_index,time_cycles
0,1276346
page_index,time_cycles
0,1550864
page_index,time_cycles
0,694894
page_index,time_cycles
0,1060610
page_index,time_cycles
0,1772556
page_index,time_cycles
0,3139212
page_index,time_cycles
0,2252296
page_index,time_cycles
0,2295620
page_index,time_cycles
0,712390
page_index,time_cycles
0,918580
page_index,time_cycles
0,2269070
page_index,time_cycles
0,2071362
page_index,time_cycles
0,1773484
page_index,time_cycles
0,2086214
page_index,time_cycles
0,2077306
page_index,time_cycles
0,2177170
page_index,time_cycles
0,791990
page_index,time_cycles
0,2593346
page_index,time_cycles
0,1709952
page_index,time_cycles
0,1559202
page_index,time_cycles
0,1985368
page_index,time_cycles
0,1755442
page_index,time_cycles
0,1581310
page_index,time_cycles
0,2251308
page_index,time_cycles
0,1476436
page_index,time_cycles
0,1851486
page_index,time_cycles
0,1407574
page_index,time_cycles
0,1839192
page_index,time_cycles
0,1303044
page_index,time_cycles
0,974024
page_index,time_cycles
0,792726
page_index,time_cycles
0,1796478
page_index,time_cycles
0,2360448
page_index,time_cycles
0,1801074
page_index,time_cycles
0,1956912
page_index,time_cycles
0,3234436
page_index,time_cycles
0,1911430
page_index,time_cycles
0,724830
page_index,time_cycles
0,1403972
page_index,time_cycles
0,1319304
page_index,time_cycles
0,2508600
page_index,time_cycles
0,1837160
page_index,time_cycles
0,3117462
page_index,time_cycles
0,1569540
page_index,time_cycles
0,2597306
page_index,time_cycles
0,811432
page_index,time_cycles
0,3300250
page_index,time_cycles
0,892662
page_index,time_cycles
0,1330370
page_index,time_cycles
0,928500
page_index,time_cycles
0,1311132
page_index,time_cycles
0,1832850
page_index,time_cycles
0,2600420
page_index,time_cycles
0,1959838
page_index,time_cycles
0,1131124
page_index,time_cycles
0,1584194
page_index,time_cycles
0,2646136
page_index,time_cycles
0,2797094
page_index,time_cycles
0,1619720
page_index,time_cycles
0,1695584
page_index,time_cycles
0,2466458
page_index,time_cycles
0,1996402
page_index,time_cycles
0,1931834
page_index,time_cycles
0,2130962
page_index,time_cycles
0,1531502
page_index,time_cycles
0,2045552
page_index,time_cycles
0,708456
page_index,time_cycles
0,1685506
page_index,time_cycles
0,2452394
page_index,time_cycles
0,1653250
page_index,time_cycles
0,3232804
page_index,time_cycles
0,1596278
page_index,time_cycles
0,1937204
page_index,time_cycles
0,1415842
page_index,time_cycles
0,2652384
page_index,time_cycles
0,1380982
page_index,time_cycles
0,1316438
page_index,time_cycles
0,2075496
page_index,time_cycles
0,1996688
page_index,time_cycles
0,2505440
page_index,time_cycles
0,675108
page_index,time_cycles
0,1593738
page_index,time_cycles
0,927240
page_index,time_cycles
0,1319048
page_index,time_cycles
0,2696578
page_index,time_cycles
0,2068478
page_index,time_cycles
0,2717820
page_index,time_cycles
0,971050
page_index,time_cycles
0,1423984
page_index,time_cycles
0,2802032
page_index,time_cycles
0,2109868
page_index,time_cycles
0,1562484
page_index,time_cycles
0,1698240
page_index,time_cycles
0,2714998
page_index,time_cycles
0,2176912
page_index,time_cycles
0,2138876
page_index,time_cycles
0,947470
page_index,time_cycles
0,1874348
page_index,time_cycles
0,2282256
page_index,time_cycles
0,625380
page_index,time_cycles
0,2619064
page_index,time_cycles
0,1701380
page_index,time_cycles
0,818418
page_index,time_cycles
0,1390878
page_index,time_cycles
0,1798072
page_index,time_cycles
0,1443734
page_index,time_cycles
0,1447980
page_index,time_cycles
0,2030666
page_index,time_cycles
0,1498326
page_index,time_cycles
0,1422962
page_index,time_cycles
0,2185686
page_index,time_cycles
0,822790
page_index,time_cycles
0,998264
page_index,time_cycles
0,2091056
page_index,time_cycles
0,2343152
page_index,time_cycles
0,1136136
page_index,time_cycles
0,1750528
page_index,time_cycles
0,1802092
page_index,time_cycles
0,1562020
page_index,time_cycles
0,1992486
page_index,time_cycles
0,846380
page_index,time_cycles
0,1636028
page_index,time_cycles
0,1763044
page_index,time_cycles
0,2147152
page_index,time_cycles
0,664720
page_index,time_cycles
0,2633914
page_index,time_cycles
0,2047232
SUMMARY,COUNT=10000,MEAN=1736471.34,STD=686864.99
