page_index,time_cycles
0,693220
page_index,time_cycles
0,1301082
page_index,time_cycles
0,1200480
page_index,time_cycles
0,2375946
page_index,time_cycles
0,1680004
page_index,time_cycles
0,1834114
page_index,time_cycles
0,3051362
page_index,time_cycles
0,1347266
page_index,time_cycles
0,2262446
page_index,time_cycles
0,1052166
page_index,time_cycles
0,1980562
page_index,time_cycles
0,1771184
page_index,time_cycles
0,1979716
page_index,time_cycles
0,1896616
page_index,time_cycles
0,1512778
page_index,time_cycles
0,1631984
page_index,time_cycles
0,775922
page_index,time_cycles
0,679308
page_index,time_cycles
0,2094004
page_index,time_cycles
0,1183644
page_index,time_cycles
0,1472624
page_index,time_cycles
0,2487528
page_index,time_cycles
0,1384952
page_index,time_cycles
0,1343458
page_index,time_cycles
0,1595154
page_index,time_cycles
0,11320400
page_index,time_cycles
0,2322608
page_index,time_cycles
0,1883076
page_index,time_cycles
0,2638306
page_index,time_cycles
0,916592
page_index,time_cycles
0,1355370
page_index,time_cycles
0,2122394
page_index,time_cycles
0,938084
page_index,time_cycles
0,2074902
page_index,time_cycles
0,1709268
page_index,time_cycles
0,1900680
page_index,time_cycles
0,2996228
page_index,time_cycles
0,1584920
page_index,time_cycles
0,1878008
page_index,time_cycles
0,1771940
page_index,time_cycles
0,1626776
page_index,time_cycles
0,1554610
page_index,time_cycles
0,1319032
page_index,time_cycles
0,1817726
page_index,time_cycles
0,1975540
page_index,time_cycles
0,1927248
page_index,time_cycles
0,1217416
page_index,time_cycles
0,911176
page_index,time_cycles
0,1156984
page_index,time_cycles
0,1087116
page_index,time_cycles
0,1796230
page_index,time_cycles
0,1059674
page_index,time_cycles
0,2030836
page_index,time_cycles
0,1020836
page_index,time_cycles
0,777102
page_index,time_cycles
0,780172
page_index,time_cycles
0,2033522
page_index,time_cycles
0,1968832
page_index,time_cycles
0,2141248
page_index,time_cycles
0,2173940
page_index,time_cycles
0,1205036
page_index,time_cycles
0,1490904
page_index,time_cycles
0,1609612
page_index,time_cycles
0,2261912
page_index,time_cycles
0,1556674
page_index,time_cycles
0,809072
page_index,time_cycles
0,2417220
page_index,time_cycles
0,2490840
page_index,time_cycles
0,2406302
page_index,time_cycles
0,714010
page_index,time_cycles
0,747752
page_index,time_cycles
0,2174164
page_index,time_cycles
0,1490312
page_index,time_cycles
0,2191004
page_index,time_cycles
0,1630030
page_index,time_cycles
0,1493434
page_index,time_cycles
0,2180776
page_index,time_cycles
0,1841606
page_index,time_cycles
0,2127318
page_index,time_cycles
0,1626038
page_index,time_cycles
0,2358352
page_index,time_cycles
0,2439162
page_index,time_cycles
0,1504732
page_index,time_cycles
0,1565998
page_index,time_cycles
0,966792
page_index,time_cycles
0,2018252
page_index,time_cycles
0,1735386
page_index,time_cycles
0,1850034
page_index,time_cycles
0,973430
page_index,time_cycles
0,708652
page_index,time_cycles
0,1943600
page_index,time_cycles
0,2077844
page_index,time_cycles
0,1507116
page_index,time_cycles
0,1498694
page_index,time_cycles
0,1438728
page_index,time_cycles
0,2379628
page_index,time_cycles
0,2112664
page_index,time_cycles
0,770816
page_index,time_cycles
0,1101814
page_index,time_cycles
0,1607356
page_index,time_cycles
0,1446254
page_index,time_cycles
0,2420656
page_index,time_cycles
0,1442744
page_index,time_cycles
0,1284976
page_index,time_cycles
0,1571700
page_index,time_cycles
0,1588448
page_index,time_cycles
0,977784
page_index,time_cycles
0,1978236
page_index,time_cycles
0,1334418
page_index,time_cycles
0,880458
page_index,time_cycles
0,1985512
page_index,time_cycles
0,1316992
page_index,time_cycles
0,1155702
page_index,time_cycles
0,1420674
page_index,time_cycles
0,2384748
page_index,time_cycles
0,629332
page_index,time_cycles
0,1208818
page_index,time_cycles
0,1658868
page_index,time_cycles
0,1621452
page_index,time_cycles
0,1232448
page_index,time_cycles
0,1942526
page_index,time_cycles
0,701768
page_index,time_cycles
0,1285330
page_index,time_cycles
0,1744864
page_index,time_cycles
0,1252160
page_index,time_cycles
0,1567982
page_index,time_cycles
0,688400
page_index,time_cycles
0,1988738
page_index,time_cycles
0,2372984
page_index,time_cycles
0,1234470
page_index,time_cycles
0,2083362
page_index,time_cycles
0,1629938
page_index,time_cycles
0,770732
page_index,time_cycles
0,2009588
page_index,time_cycles
0,1088778
page_index,time_cycles
0,2319254
page_index,time_cycles
0,2120474
page_index,time_cycles
0,1577912
page_index,time_cycles
0,1787916
page_index,time_cycles
0,1746374
page_index,time_cycles
0,1392736
page_index,time_cycles
0,2670648
page_index,time_cycles
0,2043358
page_index,time_cycles
0,3124762
page_index,time_cycles
0,897840
page_index,time_cycles
0,1572002
page_index,time_cycles
0,1455120
page_index,time_cycles
0,3404428
page_index,time_cycles
0,641304
page_index,time_cycles
0,1695916
page_index,time_cycles
0,2863636
page_index,time_cycles
0,2040826
page_index,time_cycles
0,619376
page_index,time_cycles
0,1647798
page_index,time_cycles
0,1851904
page_index,time_cycles
0,1591836
page_index,time_cycles
0,2010210
page_index,time_cycles
0,1482700
page_index,time_cycles
0,1297074
page_index,time_cycles
0,1832030
page_index,time_cycles
0,3032818
page_index,time_cycles
0,1758854
page_index,time_cycles
0,1339736
page_index,time_cycles
0,2126152
page_index,time_cycles
0,1924648
page_index,time_cycles
0,1174430
page_index,time_cycles
0,688396
page_index,time_cycles
0,1238170
page_index,time_cycles
0,2376262
page_index,time_cycles
0,2477414
page_index,time_cycles
0,1314698
page_index,time_cycles
0,1715920
page_index,time_cycles
0,2095884
page_index,time_cycles
0,2500380
page_index,time_cycles
0,1392326
page_index,time_cycles
0,1502468
page_index,time_cycles
0,1248046
page_index,time_cycles
0,1888674
page_index,time_cycles
0,2048506
page_index,time_cycles
0,2457826
page_index,time_cycles
0,1300412
page_index,time_cycles
0,2191608
page_index,time_cycles
0,1243282
page_index,time_cycles
0,2183304
page_index,time_cycles
0,2251842
page_index,time_cycles
0,2170792
page_index,time_cycles
0,2755674
page_index,time_cycles
0,2129468
page_index,time_cycles
0,2044816
page_index,time_cycles
0,958356
page_index,time_cycles
0,832424
page_index,time_cycles
0,2025736
page_index,time_cycles
0,1013998
page_index,time_cycles
0,1814410
page_index,time_cycles
0,1550168
page_index,time_cycles
0,2181722
page_index,time_cycles
0,1050140
page_index,time_cycles
0,1182436
page_index,time_cycles
0,2031662
page_index,time_cycles
0,1967932
page_index,time_cycles
0,1855626
page_index,time_cycles
0,1421126
page_index,time_cycles
0,1416886
page_index,time_cycles
0,1824880
page_index,time_cycles
0,1706316
page_index,time_cycles
0,1825264
page_index,time_cycles
0,2188476
page_index,time_cycles
0,801150
page_index,time_cycles
0,2391512
page_index,time_cycles
0,1101714
page_index,time_cycles
0,1659378
page_index,time_cycles
0,1933840
page_index,time_cycles
0,784040
page_index,time_cycles
0,1702742
page_index,time_cycles
0,1884542
page_index,time_cycles
0,2294768
page_index,time_cycles
0,1860408
page_index,time_cycles
0,1669212
page_index,time_cycles
0,1160830
page_index,time_cycles
0,1578078
page_index,time_cycles
0,1415640
page_index,time_cycles
0,2091216
page_index,time_cycles
0,783238
page_index,time_cycles
0,1763150
page_index,time_cycles
0,1210816
page_index,time_cycles
0,2510668
page_index,time_cycles
0,901196
page_index,time_cycles
0,681606
page_index,time_cycles
0,2298972
page_index,time_cycles
0,1538478
page_index,time_cycles
0,1117758
page_index,time_cycles
0,2710954
page_index,time_cycles
0,2212878
page_index,time_cycles
0,1319290
page_index,time_cycles
0,814450
page_index,time_cycles
0,1049188
page_index,time_cycles
0,2374420
page_index,time_cycles
0,1748722
page_index,time_cycles
0,1647678
page_index,time_cycles
0,1598160
page_index,time_cycles
0,1579510
page_index,time_cycles
0,1232898
page_index,time_cycles
0,1847036
page_index,time_cycles
0,2266228
page_index,time_cycles
0,1793548
page_index,time_cycles
0,1361694
page_index,time_cycles
0,3640028
page_index,time_cycles
0,1796232
page_index,time_cycles
0,1738824
page_index,time_cycles
0,2158790
page_index,time_cycles
0,1197876
page_index,time_cycles
0,2344038
page_index,time_cycles
0,1599666
page_index,time_cycles
0,2047354
page_index,time_cycles
0,879298
page_index,time_cycles
0,662358
page_index,time_cycles
0,1576354
page_index,time_cycles
0,799286
page_index,time_cycles
0,2456412
page_index,time_cycles
0,2556410
page_index,time_cycles
0,2393274
page_index,time_cycles
0,1688588
page_index,time_cycles
0,3251738
page_index,time_cycles
0,1419054
page_index,time_cycles
0,2332228
page_index,time_cycles
0,1640796
page_index,time_cycles
0,1858026
page_index,time_cycles
0,1317012
page_index,time_cycles
0,2763812
page_index,time_cycles
0,1899462
page_index,time_cycles
0,1573356
page_index,time_cycles
0,1613220
page_index,time_cycles
0,2653634
page_index,time_cycles
0,1246188
page_index,time_cycles
0,1826214
page_index,time_cycles
0,1574970
page_index,time_cycles
0,700104
page_index,time_cycles
0,1007930
page_index,time_cycles
0,1772978
page_index,time_cycles
0,693054
page_index,time_cycles
0,2503570
page_index,time_cycles
0,1103096
page_index,time_cycles
0,2041774
page_index,time_cycles
0,1433560
page_index,time_cycles
0,1301504
page_index,time_cycles
0,2140712
page_index,time_cycles
0,2117892
page_index,time_cycles
0,1952816
page_index,time_cycles
0,1728342
page_index,time_cycles
0,1707212
page_index,time_cycles
0,2497188
page_index,time_cycles
0,1775526
page_index,time_cycles
0,801602
page_index,time_cycles
0,1579310
page_index,time_cycles
0,2682348
page_index,time_cycles
0,2461544
page_index,time_cycles
0,2220284
page_index,time_cycles
0,1152500
page_index,time_cycles
0,1481302
page_index,time_cycles
0,1902566
page_index,time_cycles
0,2273188
page_index,time_cycles
0,1853534
page_index,time_cycles
0,1093752
page_index,time_cycles
0,905364
page_index,time_cycles
0,1747800
page_index,time_cycles
0,2113298
page_index,time_cycles
0,1026140
page_index,time_cycles
0,1820074
page_index,time_cycles
0,1773946
page_index,time_cycles
0,1350094
page_index,time_cycles
0,1409866
page_index,time_cycles
0,1406994
page_index,time_cycles
0,1531982
page_index,time_cycles
0,1054140
page_index,time_cycles
0,1121264
page_index,time_cycles
0,1265150
page_index,time_cycles
0,1410370
page_index,time_cycles
0,2160668
page_index,time_cycles
0,2123546
page_index,time_cycles
0,3516446
page_index,time_cycles
0,2841018
page_index,time_cycles
0,1530336
page_index,time_cycles
0,1935366
page_index,time_cycles
0,1047694
page_index,time_cycles
0,1335110
page_index,time_cycles
0,3171534
page_index,time_cycles
0,1387512
page_index,time_cycles
0,1732146
page_index,time_cycles
0,2156942
page_index,time_cycles
0,989980
page_index,time_cycles
0,2434704
page_index,time_cycles
0,764708
page_index,time_cycles
0,1840548
page_index,time_cycles
0,1235806
page_index,time_cycles
0,1422440
page_index,time_cycles
0,1433716
page_index,time_cycles
0,1962794
page_index,time_cycles
0,2566256
page_index,time_cycles
0,1411294
page_index,time_cycles
0,1358712
page_index,time_cycles
0,1361834
page_index,time_cycles
0,1800838
page_index,time_cycles
0,1683674
page_index,time_cycles
0,1599270
page_index,time_cycles
0,818966
page_index,time_cycles
0,1598274
page_index,time_cycles
0,1357402
page_index,time_cycles
0,2650892
page_index,time_cycles
0,1833268
page_index,time_cycles
0,2444576
page_index,time_cycles
0,2763772
page_index,time_cycles
0,2164510
page_index,time_cycles
0,1311348
page_index,time_cycles
0,2036750
page_index,time_cycles
0,1557442
page_index,time_cycles
0,862962
page_index,time_cycles
0,2542134
page_index,time_cycles
0,1374048
page_index,time_cycles
0,1381524
page_index,time_cycles
0,1704074
page_index,time_cycles
0,1172850
page_index,time_cycles
0,2223634
page_index,time_cycles
0,1704298
page_index,time_cycles
0,2074264
page_index,time_cycles
0,1678944
page_index,time_cycles
0,1068414
page_index,time_cycles
0,829680
page_index,time_cycles
0,2368370
page_index,time_cycles
0,958526
page_index,time_cycles
0,2521246
page_index,time_cycles
0,1685228
page_index,time_cycles
0,737674
page_index,time_cycles
0,1358684
page_index,time_cycles
0,1907436
page_index,time_cycles
0,1422260
page_index,time_cycles
0,982596
page_index,time_cycles
0,2691648
page_index,time_cycles
0,1882808
page_index,time_cycles
0,1530794
page_index,time_cycles
0,778514
page_index,time_cycles
0,3790140
page_index,time_cycles
0,1526882
page_index,time_cycles
0,778966
page_index,time_cycles
0,2097818
page_index,time_cycles
0,799168
page_index,time_cycles
0,950608
page_index,time_cycles
0,1401610
page_index,time_cycles
0,3324734
page_index,time_cycles
0,1397164
page_index,time_cycles
0,1466940
page_index,time_cycles
0,1875460
page_index,time_cycles
0,1139328
page_index,time_cycles
0,1657924
page_index,time_cycles
0,1592068
page_index,time_cycles
0,2584834
page_index,time_cycles
0,1408414
page_index,time_cycles
0,2545358
page_index,time_cycles
0,1255718
page_index,time_cycles
0,979358
page_index,time_cycles
0,1401972
page_index,time_cycles
0,3133860
page_index,time_cycles
0,1496432
page_index,time_cycles
0,2401870
page_index,time_cycles
0,846836
page_index,time_cycles
0,1893666
page_index,time_cycles
0,1829124
page_index,time_cycles
0,864790
page_index,time_cycles
0,1388522
page_index,time_cycles
0,1884048
page_index,time_cycles
0,1306924
page_index,time_cycles
0,1409486
page_index,time_cycles
0,687946
page_index,time_cycles
0,1944062
page_index,time_cycles
0,2250450
page_index,time_cycles
0,2033916
page_index,time_cycles
0,1363344
page_index,time_cycles
0,1451788
page_index,time_cycles
0,2013088
page_index,time_cycles
0,1285394
page_index,time_cycles
0,2165616
page_index,time_cycles
0,1364506
page_index,time_cycles
0,1750544
page_index,time_cycles
0,655622
page_index,time_cycles
0,1879800
page_index,time_cycles
0,1926906
page_index,time_cycles
0,1499094
page_index,time_cycles
0,1981588
page_index,time_cycles
0,2039308
page_index,time_cycles
0,1976966
page_index,time_cycles
0,2510616
page_index,time_cycles
0,1238970
page_index,time_cycles
0,2582248
page_index,time_cycles
0,2406936
page_index,time_cycles
0,1995860
page_index,time_cycles
0,1292582
page_index,time_cycles
0,682060
page_index,time_cycles
0,666830
page_index,time_cycles
0,818816
page_index,time_cycles
0,1811228
page_index,time_cycles
0,1186060
page_index,time_cycles
0,641154
page_index,time_cycles
0,2161930
page_index,time_cycles
0,2124914
page_index,time_cycles
0,1037302
page_index,time_cycles
0,1186056
page_index,time_cycles
0,1723516
page_index,time_cycles
0,822570
page_index,time_cycles
0,2190528
page_index,time_cycles
0,1362746
page_index,time_cycles
0,2220158
page_index,time_cycles
0,1368690
page_index,time_cycles
0,840372
page_index,time_cycles
0,1088252
page_index,time_cycles
0,2540136
page_index,time_cycles
0,2069216
page_index,time_cycles
0,1369208
page_index,time_cycles
0,2340396
page_index,time_cycles
0,1307414
page_index,time_cycles
0,1300762
page_index,time_cycles
0,2027378
page_index,time_cycles
0,1614862
page_index,time_cycles
0,2456934
page_index,time_cycles
0,1455918
page_index,time_cycles
0,1649690
page_index,time_cycles
0,2398372
page_index,time_cycles
0,1401952
page_index,time_cycles
0,1214376
page_index,time_cycles
0,1613818
page_index,time_cycles
0,1194946
page_index,time_cycles
0,1403240
page_index,time_cycles
0,723814
page_index,time_cycles
0,1204090
page_index,time_cycles
0,1771930
page_index,time_cycles
0,772338
page_index,time_cycles
0,2343734
page_index,time_cycles
0,1632386
page_index,time_cycles
0,1411400
page_index,time_cycles
0,2353552
page_index,time_cycles
0,1898264
page_index,time_cycles
0,2209188
page_index,time_cycles
0,2542836
page_index,time_cycles
0,2003430
page_index,time_cycles
0,1654130
page_index,time_cycles
0,1690706
page_index,time_cycles
0,847080
page_index,time_cycles
0,2097832
page_index,time_cycles
0,2703844
page_index,time_cycles
0,3040050
page_index,time_cycles
0,1555180
page_index,time_cycles
0,883998
page_index,time_cycles
0,1428494
page_index,time_cycles
0,2008630
page_index,time_cycles
0,1381610
page_index,time_cycles
0,2875748
page_index,time_cycles
0,2235986
page_index,time_cycles
0,767570
page_index,time_cycles
0,2548900
page_index,time_cycles
0,2348592
page_index,time_cycles
0,1362518
page_index,time_cycles
0,1612456
page_index,time_cycles
0,908146
page_index,time_cycles
0,1482414
page_index,time_cycles
0,1224844
page_index,time_cycles
0,1737058
page_index,time_cycles
0,1853130
page_index,time_cycles
0,1490298
page_index,time_cycles
0,619972
page_index,time_cycles
0,1957488
page_index,time_cycles
0,2247670
page_index,time_cycles
0,1668120
page_index,time_cycles
0,1869186
page_index,time_cycles
0,1940100
page_index,time_cycles
0,1956040
page_index,time_cycles
0,1196256
page_index,time_cycles
0,1428628
page_index,time_cycles
0,840508
page_index,time_cycles
0,1793606
page_index,time_cycles
0,2051046
page_index,time_cycles
0,2384078
page_index,time_cycles
0,1778772
page_index,time_cycles
0,1340116
page_index,time_cycles
0,1415312
page_index,time_cycles
0,1590342
page_index,time_cycles
0,1180092
page_index,time_cycles
0,1987442
page_index,time_cycles
0,1831400
page_index,time_cycles
0,822914
page_index,time_cycles
0,1747962
page_index,time_cycles
0,1381414
page_index,time_cycles
0,1375224
page_index,time_cycles
0,1655258
page_index,time_cycles
0,3113884
page_index,time_cycles
0,1783104
page_index,time_cycles
0,2346916
page_index,time_cycles
0,2613712
page_index,time_cycles
0,1528622
page_index,time_cycles
0,1368388
page_index,time_cycles
0,757454
page_index,time_cycles
0,876792
page_index,time_cycles
0,3505234
page_index,time_cycles
0,781992
page_index,time_cycles
0,1368722
page_index,time_cycles
0,1606088
page_index,time_cycles
0,2381662
page_index,time_cycles
0,1949030
page_index,time_cycles
0,2521098
page_index,time_cycles
0,1553228
page_index,time_cycles
0,1491782
page_index,time_cycles
0,1476428
page_index,time_cycles
0,2925740
page_index,time_cycles
0,802954
page_index,time_cycles
0,2480674
page_index,time_cycles
0,1011116
page_index,time_cycles
0,2128380
page_index,time_cycles
0,1368882
page_index,time_cycles
0,1705800
page_index,time_cycles
0,1192586
page_index,time_cycles
0,3028872
page_index,time_cycles
0,1766676
page_index,time_cycles
0,2457026
page_index,time_cycles
0,2994182
page_index,time_cycles
0,2101638
page_index,time_cycles
0,1933940
page_index,time_cycles
0,1950290
page_index,time_cycles
0,2264490
page_index,time_cycles
0,1361368
page_index,time_cycles
0,2549654
page_index,time_cycles
0,956128
page_index,time_cycles
0,2429010
page_index,time_cycles
0,1705390
page_index,time_cycles
0,1592982
page_index,time_cycles
0,1892426
page_index,time_cycles
0,725698
page_index,time_cycles
0,1897378
page_index,time_cycles
0,2087162
page_index,time_cycles
0,1459906
page_index,time_cycles
0,841622
page_index,time_cycles
0,2138320
page_index,time_cycles
0,2433192
page_index,time_cycles
0,1411382
page_index,time_cycles
0,1500374
page_index,time_cycles
0,2171050
page_index,time_cycles
0,700356
page_index,time_cycles
0,2408818
page_index,time_cycles
0,1439512
page_index,time_cycles
0,1631914
page_index,time_cycles
0,1840342
page_index,time_cycles
0,1618036
page_index,time_cycles
0,1961188
page_index,time_cycles
0,819324
page_index,time_cycles
0,1278684
page_index,time_cycles
0,2072146
page_index,time_cycles
0,2185546
page_index,time_cycles
0,1611638
page_index,time_cycles
0,1352144
page_index,time_cycles
0,1416076
page_index,time_cycles
0,823172
page_index,time_cycles
0,2198650
page_index,time_cycles
0,3632808
page_index,time_cycles
0,758284
page_index,time_cycles
0,6864562
page_index,time_cycles
0,2315512
page_index,time_cycles
0,2052610
page_index,time_cycles
0,1600000
page_index,time_cycles
0,1890126
page_index,time_cycles
0,2493684
page_index,time_cycles
0,1515786
page_index,time_cycles
0,1271486
page_index,time_cycles
0,1595774
page_index,time_cycles
0,3215906
page_index,time_cycles
0,751506
page_index,time_cycles
0,770874
page_index,time_cycles
0,1537160
page_index,time_cycles
0,2052566
page_index,time_cycles
0,1611282
page_index,time_cycles
0,1279944
page_index,time_cycles
0,2094806
page_index,time_cycles
0,2195380
page_index,time_cycles
0,1662692
page_index,time_cycles
0,1434824
page_index,time_cycles
0,2237542
page_index,time_cycles
0,1791166
page_index,time_cycles
0,1662394
page_index,time_cycles
0,1933176
page_index,time_cycles
0,2098366
page_index,time_cycles
0,1921512
page_index,time_cycles
0,1561386
page_index,time_cycles
0,1561338
page_index,time_cycles
0,2360778
page_index,time_cycles
0,2704758
page_index,time_cycles
0,924556
page_index,time_cycles
0,1995856
page_index,time_cycles
0,1523800
page_index,time_cycles
0,903588
page_index,time_cycles
0,1223082
page_index,time_cycles
0,1272236
page_index,time_cycles
0,1283582
page_index,time_cycles
0,1239512
page_index,time_cycles
0,1889474
page_index,time_cycles
0,2189572
page_index,time_cycles
0,2317756
page_index,time_cycles
0,1357250
page_index,time_cycles
0,1290532
page_index,time_cycles
0,1376564
page_index,time_cycles
0,1287450
page_index,time_cycles
0,1307268
page_index,time_cycles
0,1907438
page_index,time_cycles
0,1791302
page_index,time_cycles
0,2311676
page_index,time_cycles
0,1681790
page_index,time_cycles
0,1434464
page_index,time_cycles
0,784130
page_index,time_cycles
0,697404
page_index,time_cycles
0,1509296
page_index,time_cycles
0,1843604
page_index,time_cycles
0,812056
page_index,time_cycles
0,1766430
page_index,time_cycles
0,2412702
page_index,time_cycles
0,2597874
page_index,time_cycles
0,961256
page_index,time_cycles
0,1735370
page_index,time_cycles
0,1609140
page_index,time_cycles
0,641126
page_index,time_cycles
0,2124020
page_index,time_cycles
0,2157730
page_index,time_cycles
0,1608898
page_index,time_cycles
0,759322
page_index,time_cycles
0,2460934
page_index,time_cycles
0,1316878
page_index,time_cycles
0,2000606
page_index,time_cycles
0,873838
page_index,time_cycles
0,1467462
page_index,time_cycles
0,1180010
page_index,time_cycles
0,924152
page_index,time_cycles
0,808900
page_index,time_cycles
0,1521574
page_index,time_cycles
0,1630164
page_index,time_cycles
0,1744756
page_index,time_cycles
0,2188440
page_index,time_cycles
0,1311486
page_index,time_cycles
0,1801490
page_index,time_cycles
0,1418756
page_index,time_cycles
0,734556
page_index,time_cycles
0,1059978
page_index,time_cycles
0,706706
page_index,time_cycles
0,1007042
page_index,time_cycles
0,1443900
page_index,time_cycles
0,967542
page_index,time_cycles
0,836948
page_index,time_cycles
0,1025520
page_index,time_cycles
0,1679880
page_index,time_cycles
0,1542870
page_index,time_cycles
0,787574
page_index,time_cycles
0,2379994
page_index,time_cycles
0,1764722
page_index,time_cycles
0,1614008
page_index,time_cycles
0,771580
page_index,time_cycles
0,1335036
page_index,time_cycles
0,2422432
page_index,time_cycles
0,1302074
page_index,time_cycles
0,2295950
page_index,time_cycles
0,1109412
page_index,time_cycles
0,1238398
page_index,time_cycles
0,814030
page_index,time_cycles
0,1970284
page_index,time_cycles
0,1613098
page_index,time_cycles
0,1921586
page_index,time_cycles
0,2920724
page_index,time_cycles
0,1832944
page_index,time_cycles
0,1489826
page_index,time_cycles
0,1404726
page_index,time_cycles
0,2201942
page_index,time_cycles
0,1410512
page_index,time_cycles
0,1143276
page_index,time_cycles
0,1017098
page_index,time_cycles
0,738548
page_index,time_cycles
0,1203802
page_index,time_cycles
0,1696244
page_index,time_cycles
0,1362202
page_index,time_cycles
0,721344
page_index,time_cycles
0,1953452
page_index,time_cycles
0,1848704
page_index,time_cycles
0,1094032
page_index,time_cycles
0,2975424
page_index,time_cycles
0,2091504
page_index,time_cycles
0,1689032
page_index,time_cycles
0,1146402
page_index,time_cycles
0,2649422
page_index,time_cycles
0,1182066
page_index,time_cycles
0,1574830
page_index,time_cycles
0,1776118
page_index,time_cycles
0,858322
page_index,time_cycles
0,2351344
page_index,time_cycles
0,899744
page_index,time_cycles
0,1218636
page_index,time_cycles
0,2354088
page_index,time_cycles
0,1828534
page_index,time_cycles
0,835590
page_index,time_cycles
0,1611472
page_index,time_cycles
0,666414
page_index,time_cycles
0,1172444
page_index,time_cycles
0,1634178
page_index,time_cycles
0,1594948
page_index,time_cycles
0,733418
page_index,time_cycles
0,1731582
page_index,time_cycles
0,2188224
page_index,time_cycles
0,2383306
page_index,time_cycles
0,825994
page_index,time_cycles
0,2193226
page_index,time_cycles
0,1962048
page_index,time_cycles
0,2297150
page_index,time_cycles
0,2467418
page_index,time_cycles
0,2285904
page_index,time_cycles
0,2341696
page_index,time_cycles
0,2410186
page_index,time_cycles
0,726084
page_index,time_cycles
0,1504076
page_index,time_cycles
0,2036522
page_index,time_cycles
0,1934318
page_index,time_cycles
0,2104830
page_index,time_cycles
0,840796
page_index,time_cycles
0,1882414
page_index,time_cycles
0,2077764
page_index,time_cycles
0,811554
page_index,time_cycles
0,771856
page_index,time_cycles
0,1940040
page_index,time_cycles
0,1648650
page_index,time_cycles
0,2341454
page_index,time_cycles
0,1437624
page_index,time_cycles
0,1815850
page_index,time_cycles
0,2540918
page_index,time_cycles
0,2334644
page_index,time_cycles
0,1947230
page_index,time_cycles
0,1668986
page_index,time_cycles
0,1756884
page_index,time_cycles
0,736742
page_index,time_cycles
0,1907604
page_index,time_cycles
0,1509296
page_index,time_cycles
0,1455974
page_index,time_cycles
0,1706672
page_index,time_cycles
0,1481428
page_index,time_cycles
0,2586372
page_index,time_cycles
0,1647412
page_index,time_cycles
0,1573596
page_index,time_cycles
0,1377598
page_index,time_cycles
0,1116772
page_index,time_cycles
0,968654
page_index,time_cycles
0,1803976
page_index,time_cycles
0,940454
page_index,time_cycles
0,1352550
page_index,time_cycles
0,1669152
page_index,time_cycles
0,1064638
page_index,time_cycles
0,2276324
page_index,time_cycles
0,1996080
page_index,time_cycles
0,1640026
page_index,time_cycles
0,2104510
page_index,time_cycles
0,2925274
page_index,time_cycles
0,629394
page_index,time_cycles
0,1139986
page_index,time_cycles
0,2097520
page_index,time_cycles
0,2184020
page_index,time_cycles
0,627884
page_index,time_cycles
0,1870980
page_index,time_cycles
0,1872518
page_index,time_cycles
0,1792410
page_index,time_cycles
0,2298408
page_index,time_cycles
0,2406486
page_index,time_cycles
0,1341364
page_index,time_cycles
0,767062
page_index,time_cycles
0,1646200
page_index,time_cycles
0,1773392
page_index,time_cycles
0,2758600
page_index,time_cycles
0,1482200
page_index,time_cycles
0,832490
page_index,time_cycles
0,1944356
page_index,time_cycles
0,1723152
page_index,time_cycles
0,1867614
page_index,time_cycles
0,2365436
page_index,time_cycles
0,1511766
page_index,time_cycles
0,1369426
page_index,time_cycles
0,2216586
page_index,time_cycles
0,2718432
page_index,time_cycles
0,1964916
page_index,time_cycles
0,2275066
page_index,time_cycles
0,1701214
page_index,time_cycles
0,1280702
page_index,time_cycles
0,1808430
page_index,time_cycles
0,982622
page_index,time_cycles
0,1221190
page_index,time_cycles
0,2080024
page_index,time_cycles
0,775318
page_index,time_cycles
0,2354628
page_index,time_cycles
0,2214412
page_index,time_cycles
0,1230532
page_index,time_cycles
0,773738
page_index,time_cycles
0,687328
page_index,time_cycles
0,650076
page_index,time_cycles
0,2280436
page_index,time_cycles
0,1670776
page_index,time_cycles
0,2452348
page_index,time_cycles
0,1956564
page_index,time_cycles
0,2176916
page_index,time_cycles
0,2096534
page_index,time_cycles
0,1134992
page_index,time_cycles
0,2195992
page_index,time_cycles
0,1351472
page_index,time_cycles
0,1948062
page_index,time_cycles
0,1329820
page_index,time_cycles
0,1472498
page_index,time_cycles
0,1239776
page_index,time_cycles
0,917260
page_index,time_cycles
0,1272662
page_index,time_cycles
0,779236
page_index,time_cycles
0,814114
page_index,time_cycles
0,737496
page_index,time_cycles
0,1347250
page_index,time_cycles
0,1749702
page_index,time_cycles
0,1278556
page_index,time_cycles
0,1429430
page_index,time_cycles
0,2085528
page_index,time_cycles
0,1402474
page_index,time_cycles
0,2639768
page_index,time_cycles
0,850704
page_index,time_cycles
0,724680
page_index,time_cycles
0,1995408
page_index,time_cycles
0,736098
page_index,time_cycles
0,1417510
page_index,time_cycles
0,1698560
page_index,time_cycles
0,1362644
page_index,time_cycles
0,921616
page_index,time_cycles
0,1637856
page_index,time_cycles
0,2874400
page_index,time_cycles
0,2129022
page_index,time_cycles
0,1694084
page_index,time_cycles
0,1281330
page_index,time_cycles
0,901910
page_index,time_cycles
0,1902146
page_index,time_cycles
0,2302350
page_index,time_cycles
0,680922
page_index,time_cycles
0,1838790
page_index,time_cycles
0,1411544
page_index,time_cycles
0,2080886
page_index,time_cycles
0,2178786
page_index,time_cycles
0,1701848
page_index,time_cycles
0,840702
page_index,time_cycles
0,1314020
page_index,time_cycles
0,1568086
page_index,time_cycles
0,1820234
page_index,time_cycles
0,1502054
page_index,time_cycles
0,2065266
page_index,time_cycles
0,2451412
page_index,time_cycles
0,1982538
page_index,time_cycles
0,1775406
page_index,time_cycles
0,1406102
page_index,time_cycles
0,766898
page_index,time_cycles
0,2631410
page_index,time_cycles
0,2140288
page_index,time_cycles
0,1408772
page_index,time_cycles
0,1293062
page_index,time_cycles
0,1019998
page_index,time_cycles
0,1347878
page_index,time_cycles
0,1210230
page_index,time_cycles
0,2344054
page_index,time_cycles
0,2719838
page_index,time_cycles
0,874540
page_index,time_cycles
0,2479408
page_index,time_cycles
0,1846832
page_index,time_cycles
0,1726800
page_index,time_cycles
0,1493336
page_index,time_cycles
0,1217598
page_index,time_cycles
0,729574
page_index,time_cycles
0,838054
page_index,time_cycles
0,2106992
page_index,time_cycles
0,2503698
page_index,time_cycles
0,996260
page_index,time_cycles
0,2417642
page_index,time_cycles
0,1669140
page_index,time_cycles
0,1849820
page_index,time_cycles
0,1933172
page_index,time_cycles
0,1694552
page_index,time_cycles
0,1773316
page_index,time_cycles
0,1472090
page_index,time_cycles
0,1750258
page_index,time_cycles
0,3590986
page_index,time_cycles
0,1297602
page_index,time_cycles
0,1443010
page_index,time_cycles
0,724328
page_index,time_cycles
0,1337374
page_index,time_cycles
0,2035024
page_index,time_cycles
0,1630584
page_index,time_cycles
0,1569694
page_index,time_cycles
0,2038750
page_index,time_cycles
0,2170528
page_index,time_cycles
0,948448
page_index,time_cycles
0,1510484
page_index,time_cycles
0,1896070
page_index,time_cycles
0,1600602
page_index,time_cycles
0,1818164
page_index,time_cycles
0,607710
page_index,time_cycles
0,1288818
page_index,time_cycles
0,2483010
page_index,time_cycles
0,2355186
page_index,time_cycles
0,1377640
page_index,time_cycles
0,1937724
page_index,time_cycles
0,2407174
page_index,time_cycles
0,2148928
page_index,time_cycles
0,2604784
page_index,time_cycles
0,1896288
page_index,time_cycles
0,2273192
page_index,time_cycles
0,2047312
page_index,time_cycles
0,1203918
page_index,time_cycles
0,3251162
page_index,time_cycles
0,608998
page_index,time_cycles
0,868692
page_index,time_cycles
0,1526468
page_index,time_cycles
0,2573926
page_index,time_cycles
0,1816732
page_index,time_cycles
0,1425138
page_index,time_cycles
0,1821568
page_index,time_cycles
0,1551854
page_index,time_cycles
0,1362282
page_index,time_cycles
0,2045898
page_index,time_cycles
0,1719164
page_index,time_cycles
0,985172
page_index,time_cycles
0,1532964
page_index,time_cycles
0,1612482
page_index,time_cycles
0,1859872
page_index,time_cycles
0,1918664
page_index,time_cycles
0,1267536
page_index,time_cycles
0,993524
page_index,time_cycles
0,1982872
page_index,time_cycles
0,1130314
page_index,time_cycles
0,988626
page_index,time_cycles
0,1223382
page_index,time_cycles
0,2289844
page_index,time_cycles
0,2152278
page_index,time_cycles
0,1583362
page_index,time_cycles
0,814480
page_index,time_cycles
0,799764
page_index,time_cycles
0,2609924
page_index,time_cycles
0,735354
page_index,time_cycles
0,785082
page_index,time_cycles
0,2468978
page_index,time_cycles
0,1968334
page_index,time_cycles
0,1960724
page_index,time_cycles
0,2189914
page_index,time_cycles
0,638518
page_index,time_cycles
0,2100170
page_index,time_cycles
0,1254148
page_index,time_cycles
0,1758360
page_index,time_cycles
0,2214060
page_index,time_cycles
0,2405744
page_index,time_cycles
0,2483192
page_index,time_cycles
0,1669914
page_index,time_cycles
0,2265484
page_index,time_cycles
0,1789156
page_index,time_cycles
0,715644
page_index,time_cycles
0,2106632
page_index,time_cycles
0,2618566
page_index,time_cycles
0,2532812
page_index,time_cycles
0,1395338
page_index,time_cycles
0,2371802
page_index,time_cycles
0,1759604
page_index,time_cycles
0,1048584
page_index,time_cycles
0,2138756
page_index,time_cycles
0,1363954
page_index,time_cycles
0,918060
page_index,time_cycles
0,1068198
page_index,time_cycles
0,1349612
page_index,time_cycles
0,2629542
page_index,time_cycles
0,1550886
page_index,time_cycles
0,1614812
page_index,time_cycles
0,1358044
page_index,time_cycles
0,1913974
page_index,time_cycles
0,1759734
page_index,time_cycles
0,1884024
page_index,time_cycles
0,2385192
page_index,time_cycles
0,1959998
page_index,time_cycles
0,1858056
page_index,time_cycles
0,2145864
page_index,time_cycles
0,1882856
page_index,time_cycles
0,1325350
page_index,time_cycles
0,687266
page_index,time_cycles
0,1119990
page_index,time_cycles
0,1227296
page_index,time_cycles
0,1739954
page_index,time_cycles
0,1862040
page_index,time_cycles
0,1366226
page_index,time_cycles
0,1408386
page_index,time_cycles
0,621926
page_index,time_cycles
0,1552958
page_index,time_cycles
0,1558848
page_index,time_cycles
0,1648840
page_index,time_cycles
0,957878
page_index,time_cycles
0,1304000
page_index,time_cycles
0,1950008
page_index,time_cycles
0,2327208
page_index,time_cycles
0,643326
page_index,time_cycles
0,1252342
page_index,time_cycles
0,1422008
page_index,time_cycles
0,1559130
page_index,time_cycles
0,916010
page_index,time_cycles
0,836114
page_index,time_cycles
0,1523332
page_index,time_cycles
0,594804
page_index,time_cycles
0,2110274
page_index,time_cycles
0,640308
page_index,time_cycles
0,1385764
page_index,time_cycles
0,1146244
page_index,time_cycles
0,3621076
page_index,time_cycles
0,1560852
page_index,time_cycles
0,2183670
page_index,time_cycles
0,1920114
page_index,time_cycles
0,1099814
page_index,time_cycles
0,2074390
page_index,time_cycles
0,1574170
page_index,time_cycles
0,1947274
page_index,time_cycles
0,1236242
page_index,time_cycles
0,2473300
page_index,time_cycles
0,1627544
page_index,time_cycles
0,1678562
page_index,time_cycles
0,1512606
page_index,time_cycles
0,1848772
page_index,time_cycles
0,1494836
page_index,time_cycles
0,1320150
page_index,time_cycles
0,1255090
page_index,time_cycles
0,1995242
page_index,time_cycles
0,1987648
page_index,time_cycles
0,2748898
page_index,time_cycles
0,726862
page_index,time_cycles
0,2046860
page_index,time_cycles
0,1707846
page_index,time_cycles
0,3268524
page_index,time_cycles
0,2526922
page_index,time_cycles
0,1727282
page_index,time_cycles
0,2197828
page_index,time_cycles
0,1707710
page_index,time_cycles
0,1313256
page_index,time_cycles
0,1882104
page_index,time_cycles
0,2792208
page_index,time_cycles
0,2244798
page_index,time_cycles
0,1966554
page_index,time_cycles
0,1411060
page_index,time_cycles
0,2036116
page_index,time_cycles
0,1591236
page_index,time_cycles
0,1089140
page_index,time_cycles
0,1634820
page_index,time_cycles
0,1984990
page_index,time_cycles
0,3370824
page_index,time_cycles
0,846464
page_index,time_cycles
0,1643002
page_index,time_cycles
0,1592804
page_index,time_cycles
0,1099004
page_index,time_cycles
0,1924908
page_index,time_cycles
0,1377446
page_index,time_cycles
0,2404750
page_index,time_cycles
0,2567704
page_index,time_cycles
0,2144266
page_index,time_cycles
0,871318
page_index,time_cycles
0,815062
page_index,time_cycles
0,1086926
page_index,time_cycles
0,2043140
page_index,time_cycles
0,1711770
page_index,time_cycles
0,618318
page_index,time_cycles
0,2356200
page_index,time_cycles
0,2186560
page_index,time_cycles
0,1547242
page_index,time_cycles
0,1900174
page_index,time_cycles
0,1415276
page_index,time_cycles
0,2020430
page_index,time_cycles
0,1466140
page_index,time_cycles
0,2029806
page_index,time_cycles
0,1532346
page_index,time_cycles
0,662546
page_index,time_cycles
0,2704696
page_index,time_cycles
0,1432972
page_index,time_cycles
0,860768
page_index,time_cycles
0,1969292
page_index,time_cycles
0,2230278
page_index,time_cycles
0,1400826
page_index,time_cycles
0,1855668
page_index,time_cycles
0,1570124
page_index,time_cycles
0,1648720
page_index,time_cycles
0,1242606
page_index,time_cycles
0,992798
page_index,time_cycles
0,1269050
page_index,time_cycles
0,1532744
page_index,time_cycles
0,2027312
page_index,time_cycles
0,2772018
page_index,time_cycles
0,831842
page_index,time_cycles
0,1733158
page_index,time_cycles
0,758318
page_index,time_cycles
0,2688432
page_index,time_cycles
0,2096980
page_index,time_cycles
0,2225716
page_index,time_cycles
0,1210652
page_index,time_cycles
0,2892112
page_index,time_cycles
0,2090542
page_index,time_cycles
0,2369292
page_index,time_cycles
0,1499620
page_index,time_cycles
0,1549640
page_index,time_cycles
0,1241556
page_index,time_cycles
0,2278986
page_index,time_cycles
0,1247268
page_index,time_cycles
0,1876054
page_index,time_cycles
0,986866
page_index,time_cycles
0,1914368
page_index,time_cycles
0,1397048
page_index,time_cycles
0,629662
page_index,time_cycles
0,834218
page_index,time_cycles
0,882324
page_index,time_cycles
0,673650
page_index,time_cycles
0,1849196
page_index,time_cycles
0,1242996
page_index,time_cycles
0,1576434
page_index,time_cycles
0,650676
page_index,time_cycles
0,1744534
page_index,time_cycles
0,1090838
page_index,time_cycles
0,1135354
page_index,time_cycles
0,2472646
page_index,time_cycles
0,1578350
page_index,time_cycles
0,1793656
page_index,time_cycles
0,1216812
page_index,time_cycles
0,1378286
page_index,time_cycles
0,954376
page_index,time_cycles
0,1225518
page_index,time_cycles
0,2184706
page_index,time_cycles
0,987414
page_index,time_cycles
0,2835982
page_index,time_cycles
0,2053992
page_index,time_cycles
0,1690202
page_index,time_cycles
0,2103586
page_index,time_cycles
0,1561298
page_index,time_cycles
0,2135246
page_index,time_cycles
0,2379316
page_index,time_cycles
0,668780
page_index,time_cycles
0,2318742
page_index,time_cycles
0,962848
page_index,time_cycles
0,1280684
page_index,time_cycles
0,875556
page_index,time_cycles
0,1405188
page_index,time_cycles
0,1156660
page_index,time_cycles
0,1199884
page_index,time_cycles
0,1790800
page_index,time_cycles
0,1950820
page_index,time_cycles
0,1100010
page_index,time_cycles
0,1633352
page_index,time_cycles
0,1513482
page_index,time_cycles
0,1177642
page_index,time_cycles
0,1675842
page_index,time_cycles
0,1493324
page_index,time_cycles
0,2103078
page_index,time_cycles
0,816062
page_index,time_cycles
0,2721768
page_index,time_cycles
0,1787062
page_index,time_cycles
0,1472380
page_index,time_cycles
0,1638314
page_index,time_cycles
0,2565732
page_index,time_cycles
0,1706890
page_index,time_cycles
0,1666954
page_index,time_cycles
0,1221090
page_index,time_cycles
0,1333274
page_index,time_cycles
0,1594506
page_index,time_cycles
0,1247562
page_index,time_cycles
0,650642
page_index,time_cycles
0,1184244
page_index,time_cycles
0,701626
page_index,time_cycles
0,2017444
page_index,time_cycles
0,1920974
page_index,time_cycles
0,1139212
page_index,time_cycles
0,2284860
page_index,time_cycles
0,2073604
page_index,time_cycles
0,2826836
page_index,time_cycles
0,1739682
page_index,time_cycles
0,1720266
page_index,time_cycles
0,1682360
page_index,time_cycles
0,851992
page_index,time_cycles
0,1206978
page_index,time_cycles
0,2580292
page_index,time_cycles
0,1471486
page_index,time_cycles
0,1615752
page_index,time_cycles
0,1506200
page_index,time_cycles
0,1712500
page_index,time_cycles
0,833044
page_index,time_cycles
0,974114
page_index,time_cycles
0,1034202
page_index,time_cycles
0,1655888
page_index,time_cycles
0,1279996
page_index,time_cycles
0,673866
page_index,time_cycles
0,1780484
page_index,time_cycles
0,1991440
page_index,time_cycles
0,1194436
page_index,time_cycles
0,2319884
page_index,time_cycles
0,1757296
page_index,time_cycles
0,2059670
page_index,time_cycles
0,1223648
page_index,time_cycles
0,1399978
page_index,time_cycles
0,1310890
page_index,time_cycles
0,1905664
page_index,time_cycles
0,672968
page_index,time_cycles
0,1979280
page_index,time_cycles
0,2269746
page_index,time_cycles
0,1382382
page_index,time_cycles
0,1509256
page_index,time_cycles
0,1463624
page_index,time_cycles
0,1777080
page_index,time_cycles
0,1783522
page_index,time_cycles
0,989566
page_index,time_cycles
0,1647258
page_index,time_cycles
0,2289020
page_index,time_cycles
0,1861904
page_index,time_cycles
0,1959830
page_index,time_cycles
0,1490746
page_index,time_cycles
0,1434908
page_index,time_cycles
0,2086720
page_index,time_cycles
0,1202406
page_index,time_cycles
0,972088
page_index,time_cycles
0,1919884
page_index,time_cycles
0,1868136
page_index,time_cycles
0,2435460
page_index,time_cycles
0,1616810
page_index,time_cycles
0,1143098
page_index,time_cycles
0,1158912
page_index,time_cycles
0,1250804
page_index,time_cycles
0,817590
page_index,time_cycles
0,2098838
page_index,time_cycles
0,607156
page_index,time_cycles
0,1381998
page_index,time_cycles
0,1308122
page_index,time_cycles
0,1324006
page_index,time_cycles
0,1345828
page_index,time_cycles
0,2259594
page_index,time_cycles
0,2208622
page_index,time_cycles
0,1098878
page_index,time_cycles
0,1220640
page_index,time_cycles
0,1449438
page_index,time_cycles
0,1422036
page_index,time_cycles
0,1194430
page_index,time_cycles
0,1622486
page_index,time_cycles
0,2387480
page_index,time_cycles
0,1424860
page_index,time_cycles
0,3083702
page_index,time_cycles
0,2346678
page_index,time_cycles
0,2032682
page_index,time_cycles
0,1309912
page_index,time_cycles
0,1414762
page_index,time_cycles
0,2220710
page_index,time_cycles
0,845700
page_index,time_cycles
0,1144226
page_index,time_cycles
0,1768576
page_index,time_cycles
0,1838054
page_index,time_cycles
0,2641122
page_index,time_cycles
0,1443594
page_index,time_cycles
0,1718258
page_index,time_cycles
0,1553316
page_index,time_cycles
0,1604174
page_index,time_cycles
0,1281600
page_index,time_cycles
0,3289892
page_index,time_cycles
0,1505620
page_index,time_cycles
0,3207004
page_index,time_cycles
0,929696
page_index,time_cycles
0,1568888
page_index,time_cycles
0,1318788
page_index,time_cycles
0,616742
page_index,time_cycles
0,609818
page_index,time_cycles
0,2232620
page_index,time_cycles
0,2266766
page_index,time_cycles
0,1347642
page_index,time_cycles
0,2213800
page_index,time_cycles
0,1304880
page_index,time_cycles
0,1157258
page_index,time_cycles
0,1749804
page_index,time_cycles
0,1750074
page_index,time_cycles
0,1650444
page_index,time_cycles
0,1339638
page_index,time_cycles
0,671798
page_index,time_cycles
0,923690
page_index,time_cycles
0,1523036
page_index,time_cycles
0,1844668
page_index,time_cycles
0,2379916
page_index,time_cycles
0,1534258
page_index,time_cycles
0,2161238
page_index,time_cycles
0,2082568
page_index,time_cycles
0,2343016
page_index,time_cycles
0,1428256
page_index,time_cycles
0,1891332
page_index,time_cycles
0,1317362
page_index,time_cycles
0,1770706
page_index,time_cycles
0,1402352
page_index,time_cycles
0,1445024
page_index,time_cycles
0,1164636
page_index,time_cycles
0,2663102
page_index,time_cycles
0,2136464
page_index,time_cycles
0,1924368
page_index,time_cycles
0,1751686
page_index,time_cycles
0,1355184
page_index,time_cycles
0,2326694
page_index,time_cycles
0,714372
page_index,time_cycles
0,1441486
page_index,time_cycles
0,1850850
page_index,time_cycles
0,1399646
page_index,time_cycles
0,764400
page_index,time_cycles
0,1155760
page_index,time_cycles
0,1614564
page_index,time_cycles
0,2101360
page_index,time_cycles
0,931968
page_index,time_cycles
0,1687996
page_index,time_cycles
0,779990
page_index,time_cycles
0,3719198
page_index,time_cycles
0,1955574
page_index,time_cycles
0,1507732
page_index,time_cycles
0,2239552
page_index,time_cycles
0,2084334
page_index,time_cycles
0,1282370
page_index,time_cycles
0,1282500
page_index,time_cycles
0,1302220
page_index,time_cycles
0,1537980
page_index,time_cycles
0,1231562
page_index,time_cycles
0,1628728
page_index,time_cycles
0,1450062
page_index,time_cycles
0,1214012
page_index,time_cycles
0,1559196
page_index,time_cycles
0,1477080
page_index,time_cycles
0,890120
page_index,time_cycles
0,1164570
page_index,time_cycles
0,1113740
page_index,time_cycles
0,2076000
page_index,time_cycles
0,2837552
page_index,time_cycles
0,1958784
page_index,time_cycles
0,644804
page_index,time_cycles
0,2126870
page_index,time_cycles
0,1641490
page_index,time_cycles
0,1331778
page_index,time_cycles
0,1678584
page_index,time_cycles
0,726564
page_index,time_cycles
0,706848
page_index,time_cycles
0,2225224
page_index,time_cycles
0,1094576
page_index,time_cycles
0,1114602
page_index,time_cycles
0,1221498
page_index,time_cycles
0,1254996
page_index,time_cycles
0,1982186
page_index,time_cycles
0,822678
page_index,time_cycles
0,2014348
page_index,time_cycles
0,2177036
page_index,time_cycles
0,2879554
page_index,time_cycles
0,1587298
page_index,time_cycles
0,1808614
page_index,time_cycles
0,1927046
page_index,time_cycles
0,1593758
page_index,time_cycles
0,2016580
page_index,time_cycles
0,1640128
page_index,time_cycles
0,1527686
page_index,time_cycles
0,2209568
page_index,time_cycles
0,2791926
page_index,time_cycles
0,2333198
page_index,time_cycles
0,2226396
page_index,time_cycles
0,1533540
page_index,time_cycles
0,1767320
page_index,time_cycles
0,801042
page_index,time_cycles
0,1698280
page_index,time_cycles
0,2051986
page_index,time_cycles
0,2888600
page_index,time_cycles
0,1629674
page_index,time_cycles
0,1820848
page_index,time_cycles
0,2692374
page_index,time_cycles
0,1771814
page_index,time_cycles
0,1800202
page_index,time_cycles
0,1837552
page_index,time_cycles
0,2604614
page_index,time_cycles
0,1133770
page_index,time_cycles
0,1496840
page_index,time_cycles
0,1313946
page_index,time_cycles
0,761130
page_index,time_cycles
0,1706578
page_index,time_cycles
0,870522
page_index,time_cycles
0,1350018
page_index,time_cycles
0,872196
page_index,time_cycles
0,1784110
page_index,time_cycles
0,873676
page_index,time_cycles
0,1526786
page_index,time_cycles
0,1934202
page_index,time_cycles
0,1714256
page_index,time_cycles
0,2066920
page_index,time_cycles
0,806928
page_index,time_cycles
0,2246918
page_index,time_cycles
0,1821378
page_index,time_cycles
0,1195156
page_index,time_cycles
0,1931948
page_index,time_cycles
0,785226
page_index,time_cycles
0,1573144
page_index,time_cycles
0,1519356
page_index,time_cycles
0,1636830
page_index,time_cycles
0,1721566
page_index,time_cycles
0,1192858
page_index,time_cycles
0,1951530
page_index,time_cycles
0,1647486
page_index,time_cycles
0,1875334
page_index,time_cycles
0,718826
page_index,time_cycles
0,2112166
page_index,time_cycles
0,719558
page_index,time_cycles
0,759966
page_index,time_cycles
0,2690018
page_index,time_cycles
0,2291152
page_index,time_cycles
0,1405680
page_index,time_cycles
0,1541420
page_index,time_cycles
0,836400
page_index,time_cycles
0,2174104
page_index,time_cycles
0,836112
page_index,time_cycles
0,1411580
page_index,time_cycles
0,1711216
page_index,time_cycles
0,2430820
page_index,time_cycles
0,687220
page_index,time_cycles
0,2372602
page_index,time_cycles
0,1430618
page_index,time_cycles
0,1930306
page_index,time_cycles
0,1700984
page_index,time_cycles
0,2435610
page_index,time_cycles
0,969324
page_index,time_cycles
0,2363100
page_index,time_cycles
0,2682714
page_index,time_cycles
0,2022442
page_index,time_cycles
0,626994
page_index,time_cycles
0,1856658
page_index,time_cycles
0,2642072
page_index,time_cycles
0,1449954
page_index,time_cycles
0,1362310
page_index,time_cycles
0,2506716
page_index,time_cycles
0,1574622
page_index,time_cycles
0,1814118
page_index,time_cycles
0,1601344
page_index,time_cycles
0,773726
page_index,time_cycles
0,1523016
page_index,time_cycles
0,1913196
page_index,time_cycles
0,1886216
page_index,time_cycles
0,1438402
page_index,time_cycles
0,765910
page_index,time_cycles
0,1222172
page_index,time_cycles
0,1676406
page_index,time_cycles
0,840366
page_index,time_cycles
0,824992
page_index,time_cycles
0,755016
page_index,time_cycles
0,1316622
page_index,time_cycles
0,2162396
page_index,time_cycles
0,1780788
page_index,time_cycles
0,1611816
page_index,time_cycles
0,1634966
page_index,time_cycles
0,633870
page_index,time_cycles
0,2044434
page_index,time_cycles
0,2074094
page_index,time_cycles
0,718474
page_index,time_cycles
0,2277350
page_index,time_cycles
0,1808996
page_index,time_cycles
0,1596556
page_index,time_cycles
0,1244862
page_index,time_cycles
0,1936780
page_index,time_cycles
0,1675852
page_index,time_cycles
0,619880
page_index,time_cycles
0,2482328
page_index,time_cycles
0,981500
page_index,time_cycles
0,1565736
page_index,time_cycles
0,1819834
page_index,time_cycles
0,1531198
page_index,time_cycles
0,1663620
page_index,time_cycles
0,2209860
page_index,time_cycles
0,1254770
page_index,time_cycles
0,1870618
page_index,time_cycles
0,1695092
page_index,time_cycles
0,949746
page_index,time_cycles
0,1740360
page_index,time_cycles
0,852262
page_index,time_cycles
0,2327976
page_index,time_cycles
0,1371414
page_index,time_cycles
0,1963040
page_index,time_cycles
0,1050018
page_index,time_cycles
0,832748
page_index,time_cycles
0,1418076
page_index,time_cycles
0,1377014
page_index,time_cycles
0,1177938
page_index,time_cycles
0,1412430
page_index,time_cycles
0,916792
page_index,time_cycles
0,1433164
page_index,time_cycles
0,1445944
page_index,time_cycles
0,1031126
page_index,time_cycles
0,1144072
page_index,time_cycles
0,622832
page_index,time_cycles
0,1518742
page_index,time_cycles
0,648940
page_index,time_cycles
0,790046
page_index,time_cycles
0,1999020
page_index,time_cycles
0,1206058
page_index,time_cycles
0,959308
page_index,time_cycles
0,2338988
page_index,time_cycles
0,772988
page_index,time_cycles
0,1586136
page_index,time_cycles
0,1444682
page_index,time_cycles
0,902804
page_index,time_cycles
0,1057348
page_index,time_cycles
0,793552
page_index,time_cycles
0,2191892
page_index,time_cycles
0,1664708
page_index,time_cycles
0,807886
page_index,time_cycles
0,1715036
page_index,time_cycles
0,2295326
page_index,time_cycles
0,2285838
page_index,time_cycles
0,1630840
page_index,time_cycles
0,2156118
page_index,time_cycles
0,2128006
page_index,time_cycles
0,2658922
page_index,time_cycles
0,1919672
page_index,time_cycles
0,1914876
page_index,time_cycles
0,1084794
page_index,time_cycles
0,2188208
page_index,time_cycles
0,844292
page_index,time_cycles
0,1810970
page_index,time_cycles
0,1628290
page_index,time_cycles
0,1990422
page_index,time_cycles
0,1706734
page_index,time_cycles
0,1027872
page_index,time_cycles
0,2086872
page_index,time_cycles
0,2321892
page_index,time_cycles
0,1743254
page_index,time_cycles
0,688732
page_index,time_cycles
0,1889968
page_index,time_cycles
0,1384738
page_index,time_cycles
0,1367500
page_index,time_cycles
0,1660612
page_index,time_cycles
0,743574
page_index,time_cycles
0,1945094
page_index,time_cycles
0,1870784
page_index,time_cycles
0,1256438
page_index,time_cycles
0,777794
page_index,time_cycles
0,1776606
page_index,time_cycles
0,1332566
page_index,time_cycles
0,1206456
page_index,time_cycles
0,1562592
page_index,time_cycles
0,693758
page_index,time_cycles
0,618592
page_index,time_cycles
0,1896878
page_index,time_cycles
0,1478176
page_index,time_cycles
0,2126844
page_index,time_cycles
0,755878
page_index,time_cycles
0,1488832
page_index,time_cycles
0,2115996
page_index,time_cycles
0,1437700
page_index,time_cycles
0,1671984
page_index,time_cycles
0,1200010
page_index,time_cycles
0,2157184
page_index,time_cycles
0,2111812
page_index,time_cycles
0,2219154
page_index,time_cycles
0,1608834
page_index,time_cycles
0,2087356
page_index,time_cycles
0,2069914
page_index,time_cycles
0,1239788
page_index,time_cycles
0,1879958
page_index,time_cycles
0,1679162
page_index,time_cycles
0,1194862
page_index,time_cycles
0,678320
page_index,time_cycles
0,2362080
page_index,time_cycles
0,1304694
page_index,time_cycles
0,1514784
page_index,time_cycles
0,1423052
page_index,time_cycles
0,1220200
page_index,time_cycles
0,1578904
page_index,time_cycles
0,1308262
page_index,time_cycles
0,2331386
page_index,time_cycles
0,764950
page_index,time_cycles
0,649748
page_index,time_cycles
0,1541868
page_index,time_cycles
0,1224870
page_index,time_cycles
0,1962404
page_index,time_cycles
0,807062
page_index,time_cycles
0,1560662
page_index,time_cycles
0,633696
page_index,time_cycles
0,1736048
page_index,time_cycles
0,2478256
page_index,time_cycles
0,1897076
page_index,time_cycles
0,782774
page_index,time_cycles
0,1312064
page_index,time_cycles
0,1640452
page_index,time_cycles
0,1916924
page_index,time_cycles
0,1154236
page_index,time_cycles
0,1366432
page_index,time_cycles
0,1598638
page_index,time_cycles
0,1029394
page_index,time_cycles
0,2344880
page_index,time_cycles
0,1486318
page_index,time_cycles
0,2445252
page_index,time_cycles
0,1513594
page_index,time_cycles
0,2014628
page_index,time_cycles
0,1377126
page_index,time_cycles
0,1650262
page_index,time_cycles
0,1063394
page_index,time_cycles
0,2092788
page_index,time_cycles
0,1084006
page_index,time_cycles
0,1721240
page_index,time_cycles
0,2209674
page_index,time_cycles
0,2272912
page_index,time_cycles
0,2085446
page_index,time_cycles
0,2091820
page_index,time_cycles
0,1013822
page_index,time_cycles
0,1475998
page_index,time_cycles
0,1186608
page_index,time_cycles
0,2491822
page_index,time_cycles
0,1978388
page_index,time_cycles
0,1651030
page_index,time_cycles
0,774142
page_index,time_cycles
0,1233362
page_index,time_cycles
0,668448
page_index,time_cycles
0,847862
page_index,time_cycles
0,2346258
page_index,time_cycles
0,1616436
page_index,time_cycles
0,1305358
page_index,time_cycles
0,1218864
page_index,time_cycles
0,938180
page_index,time_cycles
0,2472870
page_index,time_cycles
0,1490320
page_index,time_cycles
0,1951132
page_index,time_cycles
0,1708114
page_index,time_cycles
0,2564708
page_index,time_cycles
0,1782116
page_index,time_cycles
0,2003380
page_index,time_cycles
0,883704
page_index,time_cycles
0,1967030
page_index,time_cycles
0,684940
page_index,time_cycles
0,1320472
page_index,time_cycles
0,830700
page_index,time_cycles
0,1529270
page_index,time_cycles
0,1574932
page_index,time_cycles
0,2017676
page_index,time_cycles
0,1259482
page_index,time_cycles
0,931752
page_index,time_cycles
0,2365682
page_index,time_cycles
0,743660
page_index,time_cycles
0,3058798
page_index,time_cycles
0,1134440
page_index,time_cycles
0,3213262
page_index,time_cycles
0,1145344
page_index,time_cycles
0,2468030
page_index,time_cycles
0,1379104
page_index,time_cycles
0,1448202
page_index,time_cycles
0,1308796
page_index,time_cycles
0,2436992
page_index,time_cycles
0,1506960
page_index,time_cycles
0,1884000
page_index,time_cycles
0,1116682
page_index,time_cycles
0,1780166
page_index,time_cycles
0,1160892
page_index,time_cycles
0,6019376
page_index,time_cycles
0,1674322
page_index,time_cycles
0,1271016
page_index,time_cycles
0,1615186
page_index,time_cycles
0,2240326
page_index,time_cycles
0,1119518
page_index,time_cycles
0,1426624
page_index,time_cycles
0,1262780
page_index,time_cycles
0,2162280
page_index,time_cycles
0,2184174
page_index,time_cycles
0,1274126
page_index,time_cycles
0,669370
page_index,time_cycles
0,891530
page_index,time_cycles
0,1730790
page_index,time_cycles
0,1959362
page_index,time_cycles
0,1868920
page_index,time_cycles
0,1833084
page_index,time_cycles
0,1460010
page_index,time_cycles
0,2172790
page_index,time_cycles
0,3962138
page_index,time_cycles
0,1383448
page_index,time_cycles
0,1985788
page_index,time_cycles
0,753088
page_index,time_cycles
0,1610382
page_index,time_cycles
0,890006
page_index,time_cycles
0,1816122
page_index,time_cycles
0,1320338
page_index,time_cycles
0,3392868
page_index,time_cycles
0,1452462
page_index,time_cycles
0,842426
page_index,time_cycles
0,2064120
page_index,time_cycles
0,1740866
page_index,time_cycles
0,2315254
page_index,time_cycles
0,2086282
page_index,time_cycles
0,1562772
page_index,time_cycles
0,1108238
page_index,time_cycles
0,2028906
page_index,time_cycles
0,624126
page_index,time_cycles
0,2006276
page_index,time_cycles
0,2230274
page_index,time_cycles
0,1859260
page_index,time_cycles
0,1743304
page_index,time_cycles
0,2262516
page_index,time_cycles
0,1167864
page_index,time_cycles
0,2513836
page_index,time_cycles
0,3135352
page_index,time_cycles
0,1705144
page_index,time_cycles
0,1955952
page_index,time_cycles
0,2062174
page_index,time_cycles
0,872262
page_index,time_cycles
0,2247780
page_index,time_cycles
0,2122052
page_index,time_cycles
0,1781366
page_index,time_cycles
0,1596110
page_index,time_cycles
0,1790236
page_index,time_cycles
0,1616464
page_index,time_cycles
0,1566698
page_index,time_cycles
0,1731342
page_index,time_cycles
0,2051328
page_index,time_cycles
0,1647206
page_index,time_cycles
0,2603900
page_index,time_cycles
0,2659108
page_index,time_cycles
0,1888528
page_index,time_cycles
0,1627148
page_index,time_cycles
0,1594766
page_index,time_cycles
0,1471392
page_index,time_cycles
0,737676
page_index,time_cycles
0,1088444
page_index,time_cycles
0,3386456
page_index,time_cycles
0,1181014
page_index,time_cycles
0,1223134
page_index,time_cycles
0,1802274
page_index,time_cycles
0,3372292
page_index,time_cycles
0,1879838
page_index,time_cycles
0,1209082
page_index,time_cycles
0,1884670
page_index,time_cycles
0,608992
page_index,time_cycles
0,832796
page_index,time_cycles
0,2023410
page_index,time_cycles
0,1547014
page_index,time_cycles
0,1125504
page_index,time_cycles
0,895812
page_index,time_cycles
0,612960
page_index,time_cycles
0,630306
page_index,time_cycles
0,1613326
page_index,time_cycles
0,1234656
page_index,time_cycles
0,1096538
page_index,time_cycles
0,1670958
page_index,time_cycles
0,1571842
page_index,time_cycles
0,2093786
page_index,time_cycles
0,731344
page_index,time_cycles
0,2025352
page_index,time_cycles
0,1498646
page_index,time_cycles
0,1362922
page_index,time_cycles
0,2402036
page_index,time_cycles
0,2019152
page_index,time_cycles
0,1656648
page_index,time_cycles
0,1088648
page_index,time_cycles
0,1253084
page_index,time_cycles
0,1394052
page_index,time_cycles
0,2568214
page_index,time_cycles
0,1425116
page_index,time_cycles
0,1721600
page_index,time_cycles
0,1726830
page_index,time_cycles
0,1514118
page_index,time_cycles
0,780840
page_index,time_cycles
0,2109548
page_index,time_cycles
0,775432
page_index,time_cycles
0,1156200
page_index,time_cycles
0,1829046
page_index,time_cycles
0,1184018
page_index,time_cycles
0,1754346
page_index,time_cycles
0,1328916
page_index,time_cycles
0,1818244
page_index,time_cycles
0,1676708
page_index,time_cycles
0,2200362
page_index,time_cycles
0,2703618
page_index,time_cycles
0,2095340
page_index,time_cycles
0,1002124
page_index,time_cycles
0,1724398
page_index,time_cycles
0,1811766
page_index,time_cycles
0,692144
page_index,time_cycles
0,1145618
page_index,time_cycles
0,977272
page_index,time_cycles
0,1701316
page_index,time_cycles
0,1381908
page_index,time_cycles
0,2785494
page_index,time_cycles
0,2623456
page_index,time_cycles
0,1573328
page_index,time_cycles
0,2736072
page_index,time_cycles
0,2014060
page_index,time_cycles
0,2037484
page_index,time_cycles
0,2009940
page_index,time_cycles
0,1927208
page_index,time_cycles
0,2210392
page_index,time_cycles
0,1244364
page_index,time_cycles
0,1503364
page_index,time_cycles
0,2581388
page_index,time_cycles
0,1981422
page_index,time_cycles
0,1621570
page_index,time_cycles
0,1744722
page_index,time_cycles
0,1695680
page_index,time_cycles
0,1864492
page_index,time_cycles
0,1071564
page_index,time_cycles
0,1412036
page_index,time_cycles
0,1037520
page_index,time_cycles
0,2082656
page_index,time_cycles
0,1805238
page_index,time_cycles
0,1293984
page_index,time_cycles
0,884722
page_index,time_cycles
0,1755850
page_index,time_cycles
0,1463540
page_index,time_cycles
0,813152
page_index,time_cycles
0,1318206
page_index,time_cycles
0,980268
page_index,time_cycles
0,2073406
page_index,time_cycles
0,1860506
page_index,time_cycles
0,1913432
page_index,time_cycles
0,1457348
page_index,time_cycles
0,2109468
page_index,time_cycles
0,812446
page_index,time_cycles
0,1235310
page_index,time_cycles
0,929826
page_index,time_cycles
0,1589294
page_index,time_cycles
0,2645982
page_index,time_cycles
0,643354
page_index,time_cycles
0,2232396
page_index,time_cycles
0,1631792
page_index,time_cycles
0,1708428
page_index,time_cycles
0,734980
page_index,time_cycles
0,1981272
page_index,time_cycles
0,858906
page_index,time_cycles
0,810712
page_index,time_cycles
0,1497172
page_index,time_cycles
0,708964
page_index,time_cycles
0,2493520
page_index,time_cycles
0,989004
page_index,time_cycles
0,1654492
page_index,time_cycles
0,1286132
page_index,time_cycles
0,1739548
page_index,time_cycles
0,1966334
page_index,time_cycles
0,1542646
page_index,time_cycles
0,1806460
page_index,time_cycles
0,2392790
page_index,time_cycles
0,1915874
page_index,time_cycles
0,1969318
page_index,time_cycles
0,762110
page_index,time_cycles
0,2965510
page_index,time_cycles
0,1588098
page_index,time_cycles
0,1873996
page_index,time_cycles
0,1701018
page_index,time_cycles
0,2042966
page_index,time_cycles
0,780238
page_index,time_cycles
0,2313630
page_index,time_cycles
0,2087832
page_index,time_cycles
0,2099858
page_index,time_cycles
0,1291788
page_index,time_cycles
0,1488126
page_index,time_cycles
0,1169516
page_index,time_cycles
0,1417418
page_index,time_cycles
0,1507842
page_index,time_cycles
0,2394092
page_index,time_cycles
0,2507204
page_index,time_cycles
0,1379552
page_index,time_cycles
0,1128432
page_index,time_cycles
0,1474798
page_index,time_cycles
0,1471044
page_index,time_cycles
0,856992
page_index,time_cycles
0,1928004
page_index,time_cycles
0,869432
page_index,time_cycles
0,1586416
page_index,time_cycles
0,1128144
page_index,time_cycles
0,1795488
page_index,time_cycles
0,1540496
page_index,time_cycles
0,3411272
page_index,time_cycles
0,1295726
page_index,time_cycles
0,937776
page_index,time_cycles
0,601832
page_index,time_cycles
0,1206332
page_index,time_cycles
0,1728866
page_index,time_cycles
0,695572
page_index,time_cycles
0,703596
page_index,time_cycles
0,1599850
page_index,time_cycles
0,1487366
page_index,time_cycles
0,1573620
page_index,time_cycles
0,891850
page_index,time_cycles
0,677686
page_index,time_cycles
0,1877464
page_index,time_cycles
0,973952
page_index,time_cycles
0,2014392
page_index,time_cycles
0,1580826
page_index,time_cycles
0,694314
page_index,time_cycles
0,1798362
page_index,time_cycles
0,2073666
page_index,time_cycles
0,744704
page_index,time_cycles
0,649264
page_index,time_cycles
0,2539256
page_index,time_cycles
0,2108094
page_index,time_cycles
0,2108128
page_index,time_cycles
0,2404286
page_index,time_cycles
0,1198520
page_index,time_cycles
0,701642
page_index,time_cycles
0,1022122
page_index,time_cycles
0,2291400
page_index,time_cycles
0,1595282
page_index,time_cycles
0,2284306
page_index,time_cycles
0,1777816
page_index,time_cycles
0,1230574
page_index,time_cycles
0,853880
page_index,time_cycles
0,2141324
page_index,time_cycles
0,1675292
page_index,time_cycles
0,1919224
page_index,time_cycles
0,2093746
page_index,time_cycles
0,2008816
page_index,time_cycles
0,2238384
page_index,time_cycles
0,872416
page_index,time_cycles
0,1899884
page_index,time_cycles
0,1056844
page_index,time_cycles
0,1523506
page_index,time_cycles
0,1363494
page_index,time_cycles
0,2015116
page_index,time_cycles
0,1570992
page_index,time_cycles
0,1570528
page_index,time_cycles
0,2111636
page_index,time_cycles
0,2434806
page_index,time_cycles
0,1816000
page_index,time_cycles
0,1281288
page_index,time_cycles
0,2291086
page_index,time_cycles
0,2263662
page_index,time_cycles
0,1569182
page_index,time_cycles
0,1333194
page_index,time_cycles
0,1535370
page_index,time_cycles
0,1532108
page_index,time_cycles
0,1729306
page_index,time_cycles
0,601018
page_index,time_cycles
0,1427596
page_index,time_cycles
0,2417680
page_index,time_cycles
0,1982698
page_index,time_cycles
0,1759410
page_index,time_cycles
0,1602824
page_index,time_cycles
0,1456892
page_index,time_cycles
0,787870
page_index,time_cycles
0,1142310
page_index,time_cycles
0,2129310
page_index,time_cycles
0,1701918
page_index,time_cycles
0,1378576
page_index,time_cycles
0,1717584
page_index,time_cycles
0,1375278
page_index,time_cycles
0,1692158
page_index,time_cycles
0,1971612
page_index,time_cycles
0,643122
page_index,time_cycles
0,1405104
page_index,time_cycles
0,1636034
page_index,time_cycles
0,1373452
page_index,time_cycles
0,2014566
page_index,time_cycles
0,674474
page_index,time_cycles
0,624566
page_index,time_cycles
0,2173042
page_index,time_cycles
0,1526406
page_index,time_cycles
0,808346
page_index,time_cycles
0,1199992
page_index,time_cycles
0,1508746
page_index,time_cycles
0,1963352
page_index,time_cycles
0,1918896
page_index,time_cycles
0,2691774
page_index,time_cycles
0,2118558
page_index,time_cycles
0,1349240
page_index,time_cycles
0,1575278
page_index,time_cycles
0,1954958
page_index,time_cycles
0,1643024
page_index,time_cycles
0,826342
page_index,time_cycles
0,1593748
page_index,time_cycles
0,1484926
page_index,time_cycles
0,828128
page_index,time_cycles
0,1420584
page_index,time_cycles
0,1684106
page_index,time_cycles
0,1475170
page_index,time_cycles
0,1084690
page_index,time_cycles
0,2101908
page_index,time_cycles
0,714152
page_index,time_cycles
0,2431128
page_index,time_cycles
0,1666338
page_index,time_cycles
0,721880
page_index,time_cycles
0,1462198
page_index,time_cycles
0,1658276
page_index,time_cycles
0,1333496
page_index,time_cycles
0,1530696
page_index,time_cycles
0,1666178
page_index,time_cycles
0,941608
page_index,time_cycles
0,1209658
page_index,time_cycles
0,1361140
page_index,time_cycles
0,1764880
page_index,time_cycles
0,2189468
page_index,time_cycles
0,1095926
page_index,time_cycles
0,1509038
page_index,time_cycles
0,635708
page_index,time_cycles
0,1681070
page_index,time_cycles
0,1539074
page_index,time_cycles
0,697428
page_index,time_cycles
0,1636022
page_index,time_cycles
0,2011780
page_index,time_cycles
0,641774
page_index,time_cycles
0,1736630
page_index,time_cycles
0,843114
page_index,time_cycles
0,998506
page_index,time_cycles
0,1535200
page_index,time_cycles
0,682840
page_index,time_cycles
0,1651442
page_index,time_cycles
0,1692068
page_index,time_cycles
0,777542
page_index,time_cycles
0,2155356
page_index,time_cycles
0,812644
page_index,time_cycles
0,1840284
page_index,time_cycles
0,1557396
page_index,time_cycles
0,2092288
page_index,time_cycles
0,2440448
page_index,time_cycles
0,1975494
page_index,time_cycles
0,2205182
page_index,time_cycles
0,1438008
page_index,time_cycles
0,725446
page_index,time_cycles
0,2895230
page_index,time_cycles
0,913048
page_index,time_cycles
0,2326832
page_index,time_cycles
0,997702
page_index,time_cycles
0,1361624
page_index,time_cycles
0,1723658
page_index,time_cycles
0,3165936
page_index,time_cycles
0,2002140
page_index,time_cycles
0,2623808
page_index,time_cycles
0,1525534
page_index,time_cycles
0,760864
page_index,time_cycles
0,1781844
page_index,time_cycles
0,1499118
page_index,time_cycles
0,2436482
page_index,time_cycles
0,1230734
page_index,time_cycles
0,1462670
page_index,time_cycles
0,780058
page_index,time_cycles
0,1723684
page_index,time_cycles
0,1673618
page_index,time_cycles
0,2483438
page_index,time_cycles
0,792284
page_index,time_cycles
0,1669140
page_index,time_cycles
0,720194
page_index,time_cycles
0,599238
page_index,time_cycles
0,2695468
page_index,time_cycles
0,1632706
page_index,time_cycles
0,1746308
page_index,time_cycles
0,626032
page_index,time_cycles
0,1761496
page_index,time_cycles
0,1477924
page_index,time_cycles
0,1074066
page_index,time_cycles
0,2699420
page_index,time_cycles
0,2147896
page_index,time_cycles
0,934868
page_index,time_cycles
0,2524240
page_index,time_cycles
0,2357964
page_index,time_cycles
0,2480980
page_index,time_cycles
0,2063294
page_index,time_cycles
0,3168906
page_index,time_cycles
0,1106654
page_index,time_cycles
0,1441022
page_index,time_cycles
0,1651548
page_index,time_cycles
0,902832
page_index,time_cycles
0,1751274
page_index,time_cycles
0,1738156
page_index,time_cycles
0,1394500
page_index,time_cycles
0,1284170
page_index,time_cycles
0,1642442
page_index,time_cycles
0,1388536
page_index,time_cycles
0,3014674
page_index,time_cycles
0,1682846
page_index,time_cycles
0,2436712
page_index,time_cycles
0,1575648
page_index,time_cycles
0,1758978
page_index,time_cycles
0,2614692
page_index,time_cycles
0,1365744
page_index,time_cycles
0,1844190
page_index,time_cycles
0,1562454
page_index,time_cycles
0,745440
page_index,time_cycles
0,2433590
page_index,time_cycles
0,2281720
page_index,time_cycles
0,1644174
page_index,time_cycles
0,2259980
page_index,time_cycles
0,2105916
page_index,time_cycles
0,2117290
page_index,time_cycles
0,1432134
page_index,time_cycles
0,3055202
page_index,time_cycles
0,1806456
page_index,time_cycles
0,1906792
page_index,time_cycles
0,2417892
page_index,time_cycles
0,1849292
page_index,time_cycles
0,1791524
page_index,time_cycles
0,2038298
page_index,time_cycles
0,1494412
page_index,time_cycles
0,1833868
page_index,time_cycles
0,848838
page_index,time_cycles
0,1743612
page_index,time_cycles
0,1767552
page_index,time_cycles
0,2467488
page_index,time_cycles
0,662788
page_index,time_cycles
0,1758306
page_index,time_cycles
0,1853922
page_index,time_cycles
0,705990
page_index,time_cycles
0,1391112
page_index,time_cycles
0,2052134
page_index,time_cycles
0,666558
page_index,time_cycles
0,1753758
page_index,time_cycles
0,1697976
page_index,time_cycles
0,1502512
page_index,time_cycles
0,1312256
page_index,time_cycles
0,2140228
page_index,time_cycles
0,1638604
page_index,time_cycles
0,777108
page_index,time_cycles
0,1982592
page_index,time_cycles
0,1254090
page_index,time_cycles
0,1084744
page_index,time_cycles
0,1756230
page_index,time_cycles
0,1510150
page_index,time_cycles
0,3746598
page_index,time_cycles
0,644850
page_index,time_cycles
0,879194
page_index,time_cycles
0,1892676
page_index,time_cycles
0,1407024
page_index,time_cycles
0,647878
page_index,time_cycles
0,1387236
page_index,time_cycles
0,1546908
page_index,time_cycles
0,2662858
page_index,time_cycles
0,1077086
page_index,time_cycles
0,2135616
page_index,time_cycles
0,2435700
page_index,time_cycles
0,1391490
page_index,time_cycles
0,737934
page_index,time_cycles
0,1745940
page_index,time_cycles
0,2263362
page_index,time_cycles
0,1583894
page_index,time_cycles
0,1914718
page_index,time_cycles
0,2149966
page_index,time_cycles
0,2691858
page_index,time_cycles
0,2086034
page_index,time_cycles
0,1872000
page_index,time_cycles
0,1922316
page_index,time_cycles
0,1871028
page_index,time_cycles
0,2104480
page_index,time_cycles
0,1477902
page_index,time_cycles
0,1764658
page_index,time_cycles
0,664052
page_index,time_cycles
0,1793278
page_index,time_cycles
0,2055208
page_index,time_cycles
0,1629084
page_index,time_cycles
0,2341678
page_index,time_cycles
0,659052
page_index,time_cycles
0,2502956
page_index,time_cycles
0,1270810
page_index,time_cycles
0,2203124
page_index,time_cycles
0,2637878
page_index,time_cycles
0,1154348
page_index,time_cycles
0,2378386
page_index,time_cycles
0,2489630
page_index,time_cycles
0,1602824
page_index,time_cycles
0,2383496
page_index,time_cycles
0,1323784
page_index,time_cycles
0,2255528
page_index,time_cycles
0,1291440
page_index,time_cycles
0,1271806
page_index,time_cycles
0,2305068
page_index,time_cycles
0,1515966
page_index,time_cycles
0,1281134
page_index,time_cycles
0,2317950
page_index,time_cycles
0,2744240
page_index,time_cycles
0,1555812
page_index,time_cycles
0,1062402
page_index,time_cycles
0,2757858
page_index,time_cycles
0,829852
page_index,time_cycles
0,1973526
page_index,time_cycles
0,2000944
page_index,time_cycles
0,1548930
page_index,time_cycles
0,1251076
page_index,time_cycles
0,1281248
page_index,time_cycles
0,1364456
page_index,time_cycles
0,2524492
page_index,time_cycles
0,2292258
page_index,time_cycles
0,1015280
page_index,time_cycles
0,2622076
page_index,time_cycles
0,664614
page_index,time_cycles
0,1345708
page_index,time_cycles
0,2037752
page_index,time_cycles
0,2252332
page_index,time_cycles
0,1900888
page_index,time_cycles
0,1411630
page_index,time_cycles
0,1899506
page_index,time_cycles
0,1856768
page_index,time_cycles
0,1684548
page_index,time_cycles
0,793644
page_index,time_cycles
0,1104578
page_index,time_cycles
0,2131066
page_index,time_cycles
0,1506976
page_index,time_cycles
0,1577360
page_index,time_cycles
0,1201770
page_index,time_cycles
0,1733264
page_index,time_cycles
0,625224
page_index,time_cycles
0,2564746
page_index,time_cycles
0,1288900
page_index,time_cycles
0,2127356
page_index,time_cycles
0,2116960
page_index,time_cycles
0,1632210
page_index,time_cycles
0,1920962
page_index,time_cycles
0,3191332
page_index,time_cycles
0,2378634
page_index,time_cycles
0,1313918
page_index,time_cycles
0,1958078
page_index,time_cycles
0,860508
page_index,time_cycles
0,1495556
page_index,time_cycles
0,1633310
page_index,time_cycles
0,689126
page_index,time_cycles
0,1345774
page_index,time_cycles
0,801844
page_index,time_cycles
0,2312856
page_index,time_cycles
0,904500
page_index,time_cycles
0,1824374
page_index,time_cycles
0,753990
page_index,time_cycles
0,1579712
page_index,time_cycles
0,2101390
page_index,time_cycles
0,1657462
page_index,time_cycles
0,1370418
page_index,time_cycles
0,2068460
page_index,time_cycles
0,1745468
page_index,time_cycles
0,1602258
page_index,time_cycles
0,2043508
page_index,time_cycles
0,2169018
page_index,time_cycles
0,1863942
page_index,time_cycles
0,2293140
page_index,time_cycles
0,981040
page_index,time_cycles
0,846950
page_index,time_cycles
0,2664308
page_index,time_cycles
0,966326
page_index,time_cycles
0,1074600
page_index,time_cycles
0,1654700
page_index,time_cycles
0,1632206
page_index,time_cycles
0,1596328
page_index,time_cycles
0,1186018
page_index,time_cycles
0,709546
page_index,time_cycles
0,1890552
page_index,time_cycles
0,1763078
page_index,time_cycles
0,2627434
page_index,time_cycles
0,1420280
page_index,time_cycles
0,2424810
page_index,time_cycles
0,1690154
page_index,time_cycles
0,819562
page_index,time_cycles
0,2637736
page_index,time_cycles
0,1190508
page_index,time_cycles
0,2470232
page_index,time_cycles
0,2216578
page_index,time_cycles
0,2371992
page_index,time_cycles
0,2209116
page_index,time_cycles
0,1189272
page_index,time_cycles
0,3275608
page_index,time_cycles
0,1438522
page_index,time_cycles
0,1185650
page_index,time_cycles
0,1756254
page_index,time_cycles
0,717070
page_index,time_cycles
0,2352272
page_index,time_cycles
0,1251744
page_index,time_cycles
0,1565670
page_index,time_cycles
0,1684556
page_index,time_cycles
0,1175408
page_index,time_cycles
0,875578
page_index,time_cycles
0,704634
page_index,time_cycles
0,1069120
page_index,time_cycles
0,2701990
page_index,time_cycles
0,1125444
page_index,time_cycles
0,2859944
page_index,time_cycles
0,644610
page_index,time_cycles
0,1411008
page_index,time_cycles
0,2427882
page_index,time_cycles
0,2688852
page_index,time_cycles
0,3026086
page_index,time_cycles
0,1665312
page_index,time_cycles
0,1543962
page_index,time_cycles
0,1563516
page_index,time_cycles
0,712308
page_index,time_cycles
0,1298694
page_index,time_cycles
0,1934504
page_index,time_cycles
0,1507084
page_index,time_cycles
0,1488668
page_index,time_cycles
0,2338554
page_index,time_cycles
0,1675636
page_index,time_cycles
0,1843944
page_index,time_cycles
0,1276730
page_index,time_cycles
0,1584268
page_index,time_cycles
0,732490
page_index,time_cycles
0,1581030
page_index,time_cycles
0,2130028
page_index,time_cycles
0,2504500
page_index,time_cycles
0,1397864
page_index,time_cycles
0,2542112
page_index,time_cycles
0,1368994
page_index,time_cycles
0,1908272
page_index,time_cycles
0,1617312
page_index,time_cycles
0,916530
page_index,time_cycles
0,1614410
page_index,time_cycles
0,729542
page_index,time_cycles
0,1829962
page_index,time_cycles
0,1603888
page_index,time_cycles
0,1586884
page_index,time_cycles
0,1992282
page_index,time_cycles
0,1451932
page_index,time_cycles
0,2158968
page_index,time_cycles
0,1130830
page_index,time_cycles
0,752654
page_index,time_cycles
0,1828796
page_index,time_cycles
0,2125666
page_index,time_cycles
0,1335998
page_index,time_cycles
0,1556538
page_index,time_cycles
0,682396
page_index,time_cycles
0,1338650
page_index,time_cycles
0,2535912
page_index,time_cycles
0,1271522
page_index,time_cycles
0,1484440
page_index,time_cycles
0,2238016
page_index,time_cycles
0,1242588
page_index,time_cycles
0,1419288
page_index,time_cycles
0,1910746
page_index,time_cycles
0,1560160
page_index,time_cycles
0,648352
page_index,time_cycles
0,2092336
page_index,time_cycles
0,2044606
page_index,time_cycles
0,2202190
page_index,time_cycles
0,1394280
page_index,time_cycles
0,1236532
page_index,time_cycles
0,1558146
page_index,time_cycles
0,1290574
page_index,time_cycles
0,778240
page_index,time_cycles
0,1461532
page_index,time_cycles
0,2002980
page_index,time_cycles
0,2613660
page_index,time_cycles
0,1985820
page_index,time_cycles
0,1824870
page_index,time_cycles
0,680790
page_index,time_cycles
0,1100292
page_index,time_cycles
0,1201754
page_index,time_cycles
0,802638
page_index,time_cycles
0,613766
page_index,time_cycles
0,995570
page_index,time_cycles
0,2397220
page_index,time_cycles
0,1401116
page_index,time_cycles
0,1814160
page_index,time_cycles
0,1741608
page_index,time_cycles
0,1238506
page_index,time_cycles
0,2527710
page_index,time_cycles
0,2608594
page_index,time_cycles
0,1240166
page_index,time_cycles
0,1786570
page_index,time_cycles
0,579432
page_index,time_cycles
0,2687078
page_index,time_cycles
0,1937558
page_index,time_cycles
0,1608890
page_index,time_cycles
0,2549438
page_index,time_cycles
0,1191916
page_index,time_cycles
0,1440836
page_index,time_cycles
0,1832566
page_index,time_cycles
0,2153132
page_index,time_cycles
0,3082832
page_index,time_cycles
0,1390288
page_index,time_cycles
0,3043964
page_index,time_cycles
0,1802800
page_index,time_cycles
0,2025214
page_index,time_cycles
0,1607114
page_index,time_cycles
0,1786510
page_index,time_cycles
0,2343400
page_index,time_cycles
0,1842370
page_index,time_cycles
0,2161176
page_index,time_cycles
0,1371194
page_index,time_cycles
0,1847470
page_index,time_cycles
0,2057806
page_index,time_cycles
0,1660068
page_index,time_cycles
0,2040904
page_index,time_cycles
0,1739162
page_index,time_cycles
0,779720
page_index,time_cycles
0,1812788
page_index,time_cycles
0,3075202
page_index,time_cycles
0,1909112
page_index,time_cycles
0,732824
page_index,time_cycles
0,2350682
page_index,time_cycles
0,1542242
page_index,time_cycles
0,1499900
page_index,time_cycles
0,1691740
page_index,time_cycles
0,1342520
page_index,time_cycles
0,1183722
page_index,time_cycles
0,1470590
page_index,time_cycles
0,627794
page_index,time_cycles
0,1284466
page_index,time_cycles
0,626118
page_index,time_cycles
0,1584616
page_index,time_cycles
0,1979172
page_index,time_cycles
0,1643114
page_index,time_cycles
0,1173740
page_index,time_cycles
0,1541384
page_index,time_cycles
0,1490770
page_index,time_cycles
0,1197130
page_index,time_cycles
0,1178192
page_index,time_cycles
0,1743600
page_index,time_cycles
0,720536
page_index,time_cycles
0,1534724
page_index,time_cycles
0,1752984
page_index,time_cycles
0,1365802
page_index,time_cycles
0,1512632
page_index,time_cycles
0,908696
page_index,time_cycles
0,984914
page_index,time_cycles
0,1891448
page_index,time_cycles
0,2226350
page_index,time_cycles
0,1563058
page_index,time_cycles
0,646850
page_index,time_cycles
0,1256164
page_index,time_cycles
0,1536712
page_index,time_cycles
0,1175816
page_index,time_cycles
0,794412
page_index,time_cycles
0,901034
page_index,time_cycles
0,1308060
page_index,time_cycles
0,1676828
page_index,time_cycles
0,1100664
page_index,time_cycles
0,710390
page_index,time_cycles
0,1480670
page_index,time_cycles
0,1125840
page_index,time_cycles
0,1304764
page_index,time_cycles
0,2156792
page_index,time_cycles
0,1273592
page_index,time_cycles
0,2087874
page_index,time_cycles
0,1901562
page_index,time_cycles
0,635190
page_index,time_cycles
0,1042482
page_index,time_cycles
0,1756752
page_index,time_cycles
0,2156094
page_index,time_cycles
0,1150206
page_index,time_cycles
0,811230
page_index,time_cycles
0,1142376
page_index,time_cycles
0,1189148
page_index,time_cycles
0,1545794
page_index,time_cycles
0,1523328
page_index,time_cycles
0,1897928
page_index,time_cycles
0,3093376
page_index,time_cycles
0,687240
page_index,time_cycles
0,2082272
page_index,time_cycles
0,1504910
page_index,time_cycles
0,2187714
page_index,time_cycles
0,1549876
page_index,time_cycles
0,2147242
page_index,time_cycles
0,1920314
page_index,time_cycles
0,1338110
page_index,time_cycles
0,1227610
page_index,time_cycles
0,1321656
page_index,time_cycles
0,1290364
page_index,time_cycles
0,2475496
page_index,time_cycles
0,799220
page_index,time_cycles
0,2089882
page_index,time_cycles
0,1283734
page_index,time_cycles
0,1209176
page_index,time_cycles
0,2732514
page_index,time_cycles
0,902678
page_index,time_cycles
0,1117422
page_index,time_cycles
0,2132440
page_index,time_cycles
0,859246
page_index,time_cycles
0,1574520
page_index,time_cycles
0,2526874
page_index,time_cycles
0,1229072
page_index,time_cycles
0,1381988
page_index,time_cycles
0,2544042
page_index,time_cycles
0,2006634
page_index,time_cycles
0,1262716
page_index,time_cycles
0,2034780
page_index,time_cycles
0,2157784
page_index,time_cycles
0,1878124
page_index,time_cycles
0,813370
page_index,time_cycles
0,1886734
page_index,time_cycles
0,1405836
page_index,time_cycles
0,1241678
page_index,time_cycles
0,2688768
page_index,time_cycles
0,1954622
page_index,time_cycles
0,2538230
page_index,time_cycles
0,2202050
page_index,time_cycles
0,1052452
page_index,time_cycles
0,2196900
page_index,time_cycles
0,1453762
page_index,time_cycles
0,1144482
page_index,time_cycles
0,722886
page_index,time_cycles
0,3059742
page_index,time_cycles
0,1462882
page_index,time_cycles
0,1485644
page_index,time_cycles
0,2551944
page_index,time_cycles
0,1067556
page_index,time_cycles
0,2235274
page_index,time_cycles
0,3425646
page_index,time_cycles
0,1258754
page_index,time_cycles
0,1314794
page_index,time_cycles
0,2432988
page_index,time_cycles
0,807728
page_index,time_cycles
0,748538
page_index,time_cycles
0,2964778
page_index,time_cycles
0,903894
page_index,time_cycles
0,2873636
page_index,time_cycles
0,2003092
page_index,time_cycles
0,1915448
page_index,time_cycles
0,1514112
page_index,time_cycles
0,2781884
page_index,time_cycles
0,1188308
page_index,time_cycles
0,1237134
page_index,time_cycles
0,2419306
page_index,time_cycles
0,1660424
page_index,time_cycles
0,2149148
page_index,time_cycles
0,1165888
page_index,time_cycles
0,2624282
page_index,time_cycles
0,1293812
page_index,time_cycles
0,1915492
page_index,time_cycles
0,1850396
page_index,time_cycles
0,1705216
page_index,time_cycles
0,2729050
page_index,time_cycles
0,2900972
page_index,time_cycles
0,2375626
page_index,time_cycles
0,2212424
page_index,time_cycles
0,691822
page_index,time_cycles
0,2114574
page_index,time_cycles
0,1430426
page_index,time_cycles
0,2409208
page_index,time_cycles
0,1606638
page_index,time_cycles
0,1422638
page_index,time_cycles
0,1442270
page_index,time_cycles
0,2675418
page_index,time_cycles
0,2442984
page_index,time_cycles
0,843212
page_index,time_cycles
0,1632436
page_index,time_cycles
0,1605552
page_index,time_cycles
0,1620888
page_index,time_cycles
0,2056778
page_index,time_cycles
0,1526726
page_index,time_cycles
0,1879918
page_index,time_cycles
0,1522050
page_index,time_cycles
0,2020504
page_index,time_cycles
0,1802308
page_index,time_cycles
0,1264474
page_index,time_cycles
0,996960
page_index,time_cycles
0,1116820
page_index,time_cycles
0,1807232
page_index,time_cycles
0,810394
page_index,time_cycles
0,1568208
page_index,time_cycles
0,1188220
page_index,time_cycles
0,873682
page_index,time_cycles
0,770692
page_index,time_cycles
0,1633010
page_index,time_cycles
0,1337400
page_index,time_cycles
0,2387540
page_index,time_cycles
0,2464552
page_index,time_cycles
0,2027338
page_index,time_cycles
0,671436
page_index,time_cycles
0,1223532
page_index,time_cycles
0,1704610
page_index,time_cycles
0,847264
page_index,time_cycles
0,916062
page_index,time_cycles
0,754356
page_index,time_cycles
0,1654888
page_index,time_cycles
0,2200594
page_index,time_cycles
0,2142908
page_index,time_cycles
0,3458052
page_index,time_cycles
0,2097352
page_index,time_cycles
0,1753506
page_index,time_cycles
0,690106
page_index,time_cycles
0,1286930
page_index,time_cycles
0,2386442
page_index,time_cycles
0,2199404
page_index,time_cycles
0,691432
page_index,time_cycles
0,1629426
page_index,time_cycles
0,1221292
page_index,time_cycles
0,2448964
page_index,time_cycles
0,780280
page_index,time_cycles
0,1205804
page_index,time_cycles
0,1684126
page_index,time_cycles
0,1729480
page_index,time_cycles
0,1423248
page_index,time_cycles
0,1207766
page_index,time_cycles
0,5824658
page_index,time_cycles
0,1792278
page_index,time_cycles
0,799654
page_index,time_cycles
0,1360686
page_index,time_cycles
0,1813242
page_index,time_cycles
0,2541702
page_index,time_cycles
0,2225930
page_index,time_cycles
0,882522
page_index,time_cycles
0,850240
page_index,time_cycles
0,2191848
page_index,time_cycles
0,951822
page_index,time_cycles
0,1043372
page_index,time_cycles
0,877324
page_index,time_cycles
0,1762982
page_index,time_cycles
0,1511542
page_index,time_cycles
0,2375280
page_index,time_cycles
0,1477032
page_index,time_cycles
0,893874
page_index,time_cycles
0,1540032
page_index,time_cycles
0,1689852
page_index,time_cycles
0,1335160
page_index,time_cycles
0,1546346
page_index,time_cycles
0,1258318
page_index,time_cycles
0,2804344
page_index,time_cycles
0,2064958
page_index,time_cycles
0,4550456
page_index,time_cycles
0,1888316
page_index,time_cycles
0,4747230
page_index,time_cycles
0,1620946
page_index,time_cycles
0,1226908
page_index,time_cycles
0,1441642
page_index,time_cycles
0,1192604
page_index,time_cycles
0,2636668
page_index,time_cycles
0,1208614
page_index,time_cycles
0,1126228
page_index,time_cycles
0,2523372
page_index,time_cycles
0,1376632
page_index,time_cycles
0,1462052
page_index,time_cycles
0,1466442
page_index,time_cycles
0,937070
page_index,time_cycles
0,1389078
page_index,time_cycles
0,1955400
page_index,time_cycles
0,1319142
page_index,time_cycles
0,605218
page_index,time_cycles
0,1716862
page_index,time_cycles
0,1648230
page_index,time_cycles
0,3918344
page_index,time_cycles
0,2547134
page_index,time_cycles
0,2521110
page_index,time_cycles
0,1762556
page_index,time_cycles
0,1019386
page_index,time_cycles
0,1784214
page_index,time_cycles
0,1333360
page_index,time_cycles
0,930572
page_index,time_cycles
0,1482000
page_index,time_cycles
0,1766418
page_index,time_cycles
0,895394
page_index,time_cycles
0,1577580
page_index,time_cycles
0,1424264
page_index,time_cycles
0,1273170
page_index,time_cycles
0,2312652
page_index,time_cycles
0,1739058
page_index,time_cycles
0,1779270
page_index,time_cycles
0,2019502
page_index,time_cycles
0,2809700
page_index,time_cycles
0,2210852
page_index,time_cycles
0,1370174
page_index,time_cycles
0,2354522
page_index,time_cycles
0,3205648
page_index,time_cycles
0,2281462
page_index,time_cycles
0,2116202
page_index,time_cycles
0,1847400
page_index,time_cycles
0,1395364
page_index,time_cycles
0,2502496
page_index,time_cycles
0,1577432
page_index,time_cycles
0,1056354
page_index,time_cycles
0,2513438
page_index,time_cycles
0,1637734
page_index,time_cycles
0,944092
page_index,time_cycles
0,1577146
page_index,time_cycles
0,1622642
page_index,time_cycles
0,1962586
page_index,time_cycles
0,1373564
page_index,time_cycles
0,676380
page_index,time_cycles
0,2818994
page_index,time_cycles
0,709528
page_index,time_cycles
0,2492516
page_index,time_cycles
0,1758320
page_index,time_cycles
0,2187550
page_index,time_cycles
0,633072
page_index,time_cycles
0,3267108
page_index,time_cycles
0,2054398
page_index,time_cycles
0,1472518
page_index,time_cycles
0,902450
page_index,time_cycles
0,1833598
page_index,time_cycles
0,1191400
page_index,time_cycles
0,1686066
page_index,time_cycles
0,1868604
page_index,time_cycles
0,1465492
page_index,time_cycles
0,1338964
page_index,time_cycles
0,1758742
page_index,time_cycles
0,2087574
page_index,time_cycles
0,1281052
page_index,time_cycles
0,1290466
page_index,time_cycles
0,1473572
page_index,time_cycles
0,748332
page_index,time_cycles
0,1477372
page_index,time_cycles
0,2321532
page_index,time_cycles
0,676646
page_index,time_cycles
0,3595436
page_index,time_cycles
0,1225710
page_index,time_cycles
0,935828
page_index,time_cycles
0,2259144
page_index,time_cycles
0,1456224
page_index,time_cycles
0,1263842
page_index,time_cycles
0,1498556
page_index,time_cycles
0,2334822
page_index,time_cycles
0,2193918
page_index,time_cycles
0,1895446
page_index,time_cycles
0,2186602
page_index,time_cycles
0,719136
page_index,time_cycles
0,2634236
page_index,time_cycles
0,1545640
page_index,time_cycles
0,679222
page_index,time_cycles
0,1698358
page_index,time_cycles
0,2551824
page_index,time_cycles
0,1922034
page_index,time_cycles
0,2120184
page_index,time_cycles
0,1079792
page_index,time_cycles
0,1729674
page_index,time_cycles
0,684602
page_index,time_cycles
0,1261932
page_index,time_cycles
0,1926332
page_index,time_cycles
0,2282224
page_index,time_cycles
0,1917060
page_index,time_cycles
0,1114400
page_index,time_cycles
0,2526024
page_index,time_cycles
0,2257694
page_index,time_cycles
0,700948
page_index,time_cycles
0,1508940
page_index,time_cycles
0,2090538
page_index,time_cycles
0,715066
page_index,time_cycles
0,2074128
page_index,time_cycles
0,3184008
page_index,time_cycles
0,1675402
page_index,time_cycles
0,2572882
page_index,time_cycles
0,2465652
page_index,time_cycles
0,2061678
page_index,time_cycles
0,896972
page_index,time_cycles
0,1562378
page_index,time_cycles
0,2311746
page_index,time_cycles
0,869882
page_index,time_cycles
0,1518214
page_index,time_cycles
0,1904188
page_index,time_cycles
0,2017538
page_index,time_cycles
0,1715806
page_index,time_cycles
0,2086932
page_index,time_cycles
0,3139482
page_index,time_cycles
0,1851362
page_index,time_cycles
0,2632326
page_index,time_cycles
0,1772388
page_index,time_cycles
0,1876832
page_index,time_cycles
0,2056142
page_index,time_cycles
0,2271494
page_index,time_cycles
0,1348450
page_index,time_cycles
0,744802
page_index,time_cycles
0,3037000
page_index,time_cycles
0,805040
page_index,time_cycles
0,1560928
page_index,time_cycles
0,1107978
page_index,time_cycles
0,628466
page_index,time_cycles
0,2337814
page_index,time_cycles
0,1319700
page_index,time_cycles
0,1637900
page_index,time_cycles
0,2113944
page_index,time_cycles
0,1590270
page_index,time_cycles
0,3342528
page_index,time_cycles
0,1587854
page_index,time_cycles
0,1970054
page_index,time_cycles
0,1872114
page_index,time_cycles
0,1011080
page_index,time_cycles
0,1447902
page_index,time_cycles
0,2323528
page_index,time_cycles
0,1676042
page_index,time_cycles
0,1556846
page_index,time_cycles
0,1656694
page_index,time_cycles
0,2037866
page_index,time_cycles
0,3878290
page_index,time_cycles
0,1096828
page_index,time_cycles
0,1318234
page_index,time_cycles
0,1120224
page_index,time_cycles
0,2043936
page_index,time_cycles
0,1804850
page_index,time_cycles
0,1026120
page_index,time_cycles
0,1631644
page_index,time_cycles
0,2466420
page_index,time_cycles
0,1867614
page_index,time_cycles
0,662876
page_index,time_cycles
0,2414278
page_index,time_cycles
0,834988
page_index,time_cycles
0,1495496
page_index,time_cycles
0,884334
page_index,time_cycles
0,1075944
page_index,time_cycles
0,984560
page_index,time_cycles
0,1425734
page_index,time_cycles
0,2246890
page_index,time_cycles
0,1768570
page_index,time_cycles
0,1967304
page_index,time_cycles
0,1215152
page_index,time_cycles
0,1395738
page_index,time_cycles
0,1743360
page_index,time_cycles
0,1283636
page_index,time_cycles
0,2422134
page_index,time_cycles
0,1435998
page_index,time_cycles
0,1743676
page_index,time_cycles
0,1035626
page_index,time_cycles
0,1747538
page_index,time_cycles
0,1158774
page_index,time_cycles
0,1178782
page_index,time_cycles
0,1943088
page_index,time_cycles
0,1020350
page_index,time_cycles
0,1607276
page_index,time_cycles
0,2270140
page_index,time_cycles
0,1046884
page_index,time_cycles
0,1298732
page_index,time_cycles
0,1406714
page_index,time_cycles
0,2532080
page_index,time_cycles
0,1283332
page_index,time_cycles
0,1789612
page_index,time_cycles
0,1826244
page_index,time_cycles
0,2443488
page_index,time_cycles
0,1316222
page_index,time_cycles
0,3699710
page_index,time_cycles
0,1396138
page_index,time_cycles
0,2305536
page_index,time_cycles
0,2342594
page_index,time_cycles
0,1760654
page_index,time_cycles
0,2416758
page_index,time_cycles
0,1796502
page_index,time_cycles
0,1476182
page_index,time_cycles
0,1776988
page_index,time_cycles
0,782372
page_index,time_cycles
0,1960844
page_index,time_cycles
0,2232922
page_index,time_cycles
0,2315198
page_index,time_cycles
0,1549140
page_index,time_cycles
0,1409782
page_index,time_cycles
0,1440940
page_index,time_cycles
0,1511676
page_index,time_cycles
0,1865476
page_index,time_cycles
0,1398242
page_index,time_cycles
0,731518
page_index,time_cycles
0,1098594
page_index,time_cycles
0,1905484
page_index,time_cycles
0,958848
page_index,time_cycles
0,1512020
page_index,time_cycles
0,632094
page_index,time_cycles
0,856978
page_index,time_cycles
0,2083526
page_index,time_cycles
0,3293254
page_index,time_cycles
0,1261914
page_index,time_cycles
0,2484102
page_index,time_cycles
0,2391050
page_index,time_cycles
0,2558236
page_index,time_cycles
0,1198118
page_index,time_cycles
0,1252936
page_index,time_cycles
0,1206950
page_index,time_cycles
0,2310360
page_index,time_cycles
0,1994244
page_index,time_cycles
0,673754
page_index,time_cycles
0,1650654
page_index,time_cycles
0,2535868
page_index,time_cycles
0,764868
page_index,time_cycles
0,1461588
page_index,time_cycles
0,1474454
page_index,time_cycles
0,1404206
page_index,time_cycles
0,1609890
page_index,time_cycles
0,1200150
page_index,time_cycles
0,2302918
page_index,time_cycles
0,2157982
page_index,time_cycles
0,1509536
page_index,time_cycles
0,2090996
page_index,time_cycles
0,1672640
page_index,time_cycles
0,1733080
page_index,time_cycles
0,818166
page_index,time_cycles
0,1537690
page_index,time_cycles
0,1955044
page_index,time_cycles
0,2046118
page_index,time_cycles
0,2003730
page_index,time_cycles
0,1089220
page_index,time_cycles
0,1521386
page_index,time_cycles
0,752994
page_index,time_cycles
0,2415908
page_index,time_cycles
0,2579464
page_index,time_cycles
0,804458
page_index,time_cycles
0,2352456
page_index,time_cycles
0,2015194
page_index,time_cycles
0,1594096
page_index,time_cycles
0,1469590
page_index,time_cycles
0,1353722
page_index,time_cycles
0,2027268
page_index,time_cycles
0,2209450
page_index,time_cycles
0,1142608
page_index,time_cycles
0,2690164
page_index,time_cycles
0,1465408
page_index,time_cycles
0,1390458
page_index,time_cycles
0,1806420
page_index,time_cycles
0,1762012
page_index,time_cycles
0,2016658
page_index,time_cycles
0,1619876
page_index,time_cycles
0,1078376
page_index,time_cycles
0,1775582
page_index,time_cycles
0,1935868
page_index,time_cycles
0,945342
page_index,time_cycles
0,1850248
page_index,time_cycles
0,1288584
page_index,time_cycles
0,1802538
page_index,time_cycles
0,1805100
page_index,time_cycles
0,1644640
page_index,time_cycles
0,1489106
page_index,time_cycles
0,2200618
page_index,time_cycles
0,1096624
page_index,time_cycles
0,1612180
page_index,time_cycles
0,2066814
page_index,time_cycles
0,641450
page_index,time_cycles
0,1184066
page_index,time_cycles
0,1294800
page_index,time_cycles
0,810556
page_index,time_cycles
0,2500630
page_index,time_cycles
0,1531106
page_index,time_cycles
0,1425434
page_index,time_cycles
0,683222
page_index,time_cycles
0,1182584
page_index,time_cycles
0,1349018
page_index,time_cycles
0,2653212
page_index,time_cycles
0,693966
page_index,time_cycles
0,2178858
page_index,time_cycles
0,3107656
page_index,time_cycles
0,2608876
page_index,time_cycles
0,645516
page_index,time_cycles
0,2093508
page_index,time_cycles
0,1011804
page_index,time_cycles
0,2381498
page_index,time_cycles
0,996426
page_index,time_cycles
0,2013460
page_index,time_cycles
0,2051596
page_index,time_cycles
0,2939836
page_index,time_cycles
0,699042
page_index,time_cycles
0,2229820
page_index,time_cycles
0,1379960
page_index,time_cycles
0,749712
page_index,time_cycles
0,1292020
page_index,time_cycles
0,1799092
page_index,time_cycles
0,1353956
page_index,time_cycles
0,1209596
page_index,time_cycles
0,2373810
page_index,time_cycles
0,1498012
page_index,time_cycles
0,675586
page_index,time_cycles
0,614716
page_index,time_cycles
0,1991442
page_index,time_cycles
0,1614698
page_index,time_cycles
0,2169402
page_index,time_cycles
0,1946658
page_index,time_cycles
0,615480
page_index,time_cycles
0,1152222
page_index,time_cycles
0,1644898
page_index,time_cycles
0,1170572
page_index,time_cycles
0,2435096
page_index,time_cycles
0,2572910
page_index,time_cycles
0,2281976
page_index,time_cycles
0,1624456
page_index,time_cycles
0,1804706
page_index,time_cycles
0,1618406
page_index,time_cycles
0,1892802
page_index,time_cycles
0,1493070
page_index,time_cycles
0,1624518
page_index,time_cycles
0,859890
page_index,time_cycles
0,1852760
page_index,time_cycles
0,2286284
page_index,time_cycles
0,622504
page_index,time_cycles
0,1572832
page_index,time_cycles
0,1009970
page_index,time_cycles
0,1549822
page_index,time_cycles
0,1951340
page_index,time_cycles
0,676220
page_index,time_cycles
0,1423770
page_index,time_cycles
0,1493198
page_index,time_cycles
0,2543428
page_index,time_cycles
0,792286
page_index,time_cycles
0,3165110
page_index,time_cycles
0,2107964
page_index,time_cycles
0,1489850
page_index,time_cycles
0,1365282
page_index,time_cycles
0,1932486
page_index,time_cycles
0,2672624
page_index,time_cycles
0,696412
page_index,time_cycles
0,1209184
page_index,time_cycles
0,1617244
page_index,time_cycles
0,2113746
page_index,time_cycles
0,1084854
page_index,time_cycles
0,716760
page_index,time_cycles
0,1898980
page_index,time_cycles
0,929690
page_index,time_cycles
0,1278382
page_index,time_cycles
0,1589560
page_index,time_cycles
0,2023596
page_index,time_cycles
0,1860620
page_index,time_cycles
0,1454998
page_index,time_cycles
0,1447224
page_index,time_cycles
0,1221086
page_index,time_cycles
0,1787050
page_index,time_cycles
0,1282974
page_index,time_cycles
0,1276312
page_index,time_cycles
0,1828764
page_index,time_cycles
0,1529340
page_index,time_cycles
0,1443514
page_index,time_cycles
0,715608
page_index,time_cycles
0,2179350
page_index,time_cycles
0,2172022
page_index,time_cycles
0,861600
page_index,time_cycles
0,2571402
page_index,time_cycles
0,1747286
page_index,time_cycles
0,1861334
page_index,time_cycles
0,1761830
page_index,time_cycles
0,1399782
page_index,time_cycles
0,1688968
page_index,time_cycles
0,1256216
page_index,time_cycles
0,1888798
page_index,time_cycles
0,1262240
page_index,time_cycles
0,1546968
page_index,time_cycles
0,1549152
page_index,time_cycles
0,2550484
page_index,time_cycles
0,1595756
page_index,time_cycles
0,1533746
page_index,time_cycles
0,1129940
page_index,time_cycles
0,1372924
page_index,time_cycles
0,1907800
page_index,time_cycles
0,2010758
page_index,time_cycles
0,1797926
page_index,time_cycles
0,1925836
page_index,time_cycles
0,633234
page_index,time_cycles
0,1801710
page_index,time_cycles
0,1108516
page_index,time_cycles
0,2099156
page_index,time_cycles
0,2607362
page_index,time_cycles
0,1953512
page_index,time_cycles
0,1172422
page_index,time_cycles
0,1821338
page_index,time_cycles
0,1248726
page_index,time_cycles
0,637632
page_index,time_cycles
0,1195584
page_index,time_cycles
0,1046484
page_index,time_cycles
0,1838702
page_index,time_cycles
0,1737102
page_index,time_cycles
0,627242
page_index,time_cycles
0,3218708
page_index,time_cycles
0,808696
page_index,time_cycles
0,1336410
page_index,time_cycles
0,1614896
page_index,time_cycles
0,1645134
page_index,time_cycles
0,1349552
page_index,time_cycles
0,2631890
page_index,time_cycles
0,1571462
page_index,time_cycles
0,665608
page_index,time_cycles
0,2038368
page_index,time_cycles
0,1678372
page_index,time_cycles
0,2250256
page_index,time_cycles
0,1574628
page_index,time_cycles
0,1756014
page_index,time_cycles
0,2217640
page_index,time_cycles
0,1349760
page_index,time_cycles
0,1703686
page_index,time_cycles
0,1849866
page_index,time_cycles
0,1683346
page_index,time_cycles
0,647650
page_index,time_cycles
0,2004122
page_index,time_cycles
0,1668016
page_index,time_cycles
0,616470
page_index,time_cycles
0,809462
page_index,time_cycles
0,3399700
page_index,time_cycles
0,971614
page_index,time_cycles
0,1900970
page_index,time_cycles
0,622210
page_index,time_cycles
0,1627874
page_index,time_cycles
0,1955248
page_index,time_cycles
0,1757338
page_index,time_cycles
0,631040
page_index,time_cycles
0,2017448
page_index,time_cycles
0,2422384
page_index,time_cycles
0,2900768
page_index,time_cycles
0,1667888
page_index,time_cycles
0,1729412
page_index,time_cycles
0,3182018
page_index,time_cycles
0,2509188
page_index,time_cycles
0,1509698
page_index,time_cycles
0,1962264
page_index,time_cycles
0,2349338
page_index,time_cycles
0,664794
page_index,time_cycles
0,1746836
page_index,time_cycles
0,790168
page_index,time_cycles
0,2096768
page_index,time_cycles
0,2319472
page_index,time_cycles
0,1323314
page_index,time_cycles
0,2088338
page_index,time_cycles
0,2499810
page_index,time_cycles
0,1180328
page_index,time_cycles
0,1233844
page_index,time_cycles
0,2493450
page_index,time_cycles
0,1839212
page_index,time_cycles
0,1094198
page_index,time_cycles
0,1710984
page_index,time_cycles
0,2731666
page_index,time_cycles
0,2003968
page_index,time_cycles
0,620636
page_index,time_cycles
0,1709408
page_index,time_cycles
0,762770
page_index,time_cycles
0,1747140
page_index,time_cycles
0,1035256
page_index,time_cycles
0,2194022
page_index,time_cycles
0,1361774
page_index,time_cycles
0,2350764
page_index,time_cycles
0,2815782
page_index,time_cycles
0,1601412
page_index,time_cycles
0,1703104
page_index,time_cycles
0,2352036
page_index,time_cycles
0,1058808
page_index,time_cycles
0,2267366
page_index,time_cycles
0,1560956
page_index,time_cycles
0,2900176
page_index,time_cycles
0,761466
page_index,time_cycles
0,1624140
page_index,time_cycles
0,2694834
page_index,time_cycles
0,1552982
page_index,time_cycles
0,956584
page_index,time_cycles
0,2157138
page_index,time_cycles
0,1558878
page_index,time_cycles
0,800298
page_index,time_cycles
0,1493262
page_index,time_cycles
0,1685260
page_index,time_cycles
0,2136512
page_index,time_cycles
0,2228676
page_index,time_cycles
0,1227412
page_index,time_cycles
0,2617588
page_index,time_cycles
0,1824642
page_index,time_cycles
0,1966280
page_index,time_cycles
0,1892052
page_index,time_cycles
0,1431030
page_index,time_cycles
0,1862494
page_index,time_cycles
0,785986
page_index,time_cycles
0,2133014
page_index,time_cycles
0,1397142
page_index,time_cycles
0,2099672
page_index,time_cycles
0,1723934
page_index,time_cycles
0,685560
page_index,time_cycles
0,1190574
page_index,time_cycles
0,2308668
page_index,time_cycles
0,798044
page_index,time_cycles
0,739942
page_index,time_cycles
0,2143486
page_index,time_cycles
0,739548
page_index,time_cycles
0,898214
page_index,time_cycles
0,1683028
page_index,time_cycles
0,1308956
page_index,time_cycles
0,1528802
page_index,time_cycles
0,979720
page_index,time_cycles
0,982988
page_index,time_cycles
0,2019744
page_index,time_cycles
0,2677890
page_index,time_cycles
0,1405796
page_index,time_cycles
0,1163406
page_index,time_cycles
0,1439686
page_index,time_cycles
0,778836
page_index,time_cycles
0,1251828
page_index,time_cycles
0,1274506
page_index,time_cycles
0,1469380
page_index,time_cycles
0,2046560
page_index,time_cycles
0,1692716
page_index,time_cycles
0,1478486
page_index,time_cycles
0,1249350
page_index,time_cycles
0,832064
page_index,time_cycles
0,1140850
page_index,time_cycles
0,2061008
page_index,time_cycles
0,2722622
page_index,time_cycles
0,1353200
page_index,time_cycles
0,2086682
page_index,time_cycles
0,1768834
page_index,time_cycles
0,1119876
page_index,time_cycles
0,1925698
page_index,time_cycles
0,740928
page_index,time_cycles
0,1107572
page_index,time_cycles
0,653676
page_index,time_cycles
0,1237064
page_index,time_cycles
0,2367156
page_index,time_cycles
0,1841340
page_index,time_cycles
0,1100862
page_index,time_cycles
0,1163912
page_index,time_cycles
0,1433402
page_index,time_cycles
0,1611952
page_index,time_cycles
0,2267250
page_index,time_cycles
0,1581336
page_index,time_cycles
0,1858102
page_index,time_cycles
0,1989286
page_index,time_cycles
0,973748
page_index,time_cycles
0,2454462
page_index,time_cycles
0,1424016
page_index,time_cycles
0,2408786
page_index,time_cycles
0,1296534
page_index,time_cycles
0,850688
page_index,time_cycles
0,2816894
page_index,time_cycles
0,2270110
page_index,time_cycles
0,2633170
page_index,time_cycles
0,2255724
page_index,time_cycles
0,806318
page_index,time_cycles
0,2474736
page_index,time_cycles
0,780194
page_index,time_cycles
0,2071040
page_index,time_cycles
0,1141142
page_index,time_cycles
0,1043680
page_index,time_cycles
0,2369426
page_index,time_cycles
0,1206330
page_index,time_cycles
0,1364076
page_index,time_cycles
0,1641940
page_index,time_cycles
0,1173274
page_index,time_cycles
0,2270492
page_index,time_cycles
0,2262874
page_index,time_cycles
0,732060
page_index,time_cycles
0,721860
page_index,time_cycles
0,2495760
page_index,time_cycles
0,1445132
page_index,time_cycles
0,1408574
page_index,time_cycles
0,1758284
page_index,time_cycles
0,1930140
page_index,time_cycles
0,1284644
page_index,time_cycles
0,1554294
page_index,time_cycles
0,1364648
page_index,time_cycles
0,919894
page_index,time_cycles
0,1642400
page_index,time_cycles
0,1982746
page_index,time_cycles
0,2623984
page_index,time_cycles
0,1138912
page_index,time_cycles
0,915546
page_index,time_cycles
0,2716848
page_index,time_cycles
0,636998
page_index,time_cycles
0,2117128
page_index,time_cycles
0,1937642
page_index,time_cycles
0,1033826
page_index,time_cycles
0,1958814
page_index,time_cycles
0,1657786
page_index,time_cycles
0,2256894
page_index,time_cycles
0,1492424
page_index,time_cycles
0,1153790
page_index,time_cycles
0,2442542
page_index,time_cycles
0,802842
page_index,time_cycles
0,2878782
page_index,time_cycles
0,1817156
page_index,time_cycles
0,1303656
page_index,time_cycles
0,1135692
page_index,time_cycles
0,979442
page_index,time_cycles
0,2109386
page_index,time_cycles
0,2240230
page_index,time_cycles
0,1311266
page_index,time_cycles
0,2081078
page_index,time_cycles
0,1875622
page_index,time_cycles
0,1569930
page_index,time_cycles
0,2358048
page_index,time_cycles
0,620174
page_index,time_cycles
0,2538630
page_index,time_cycles
0,679148
page_index,time_cycles
0,786012
page_index,time_cycles
0,823736
page_index,time_cycles
0,2288450
page_index,time_cycles
0,1546358
page_index,time_cycles
0,1592060
page_index,time_cycles
0,2921560
page_index,time_cycles
0,1626792
page_index,time_cycles
0,1657340
page_index,time_cycles
0,886018
page_index,time_cycles
0,2363120
page_index,time_cycles
0,2594800
page_index,time_cycles
0,1374442
page_index,time_cycles
0,2124496
page_index,time_cycles
0,1529006
page_index,time_cycles
0,742784
page_index,time_cycles
0,2454824
page_index,time_cycles
0,1787164
page_index,time_cycles
0,2049554
page_index,time_cycles
0,1753308
page_index,time_cycles
0,1035970
page_index,time_cycles
0,2519532
page_index,time_cycles
0,1524732
page_index,time_cycles
0,2720456
page_index,time_cycles
0,1310360
page_index,time_cycles
0,2086080
page_index,time_cycles
0,2961454
page_index,time_cycles
0,2068688
page_index,time_cycles
0,2060908
page_index,time_cycles
0,1787436
page_index,time_cycles
0,1995544
page_index,time_cycles
0,2549000
page_index,time_cycles
0,1350982
page_index,time_cycles
0,1187490
page_index,time_cycles
0,1311102
page_index,time_cycles
0,1612710
page_index,time_cycles
0,810456
page_index,time_cycles
0,2303558
page_index,time_cycles
0,1326204
page_index,time_cycles
0,1165476
page_index,time_cycles
0,2033602
page_index,time_cycles
0,968362
page_index,time_cycles
0,1915918
page_index,time_cycles
0,1023078
page_index,time_cycles
0,816710
page_index,time_cycles
0,1189730
page_index,time_cycles
0,1691218
page_index,time_cycles
0,718946
page_index,time_cycles
0,2066880
page_index,time_cycles
0,1427670
page_index,time_cycles
0,2645202
page_index,time_cycles
0,2675860
page_index,time_cycles
0,1751390
page_index,time_cycles
0,1973022
page_index,time_cycles
0,1636010
page_index,time_cycles
0,1369074
page_index,time_cycles
0,1936566
page_index,time_cycles
0,702836
page_index,time_cycles
0,1737688
page_index,time_cycles
0,1854254
page_index,time_cycles
0,1288408
page_index,time_cycles
0,2454204
page_index,time_cycles
0,3191044
page_index,time_cycles
0,2372884
page_index,time_cycles
0,896260
page_index,time_cycles
0,1552232
page_index,time_cycles
0,835222
page_index,time_cycles
0,1644380
page_index,time_cycles
0,1276782
page_index,time_cycles
0,619706
page_index,time_cycles
0,1620436
page_index,time_cycles
0,1511784
page_index,time_cycles
0,700492
page_index,time_cycles
0,899494
page_index,time_cycles
0,841162
page_index,time_cycles
0,1684368
page_index,time_cycles
0,1304736
page_index,time_cycles
0,803608
page_index,time_cycles
0,2447228
page_index,time_cycles
0,1180088
page_index,time_cycles
0,1044292
page_index,time_cycles
0,1864604
page_index,time_cycles
0,1412984
page_index,time_cycles
0,975142
page_index,time_cycles
0,2213804
page_index,time_cycles
0,1364140
page_index,time_cycles
0,2602846
page_index,time_cycles
0,1940516
page_index,time_cycles
0,807432
page_index,time_cycles
0,652474
page_index,time_cycles
0,1407340
page_index,time_cycles
0,699686
page_index,time_cycles
0,1638794
page_index,time_cycles
0,2974804
page_index,time_cycles
0,2042394
page_index,time_cycles
0,1161914
page_index,time_cycles
0,1904146
page_index,time_cycles
0,922712
page_index,time_cycles
0,1960234
page_index,time_cycles
0,1724912
page_index,time_cycles
0,1441504
page_index,time_cycles
0,1515692
page_index,time_cycles
0,1011904
page_index,time_cycles
0,1493668
page_index,time_cycles
0,1376032
page_index,time_cycles
0,1496534
page_index,time_cycles
0,1976476
page_index,time_cycles
0,2792098
page_index,time_cycles
0,1845432
page_index,time_cycles
0,1418128
page_index,time_cycles
0,630324
page_index,time_cycles
0,3124132
page_index,time_cycles
0,1586058
page_index,time_cycles
0,1452834
page_index,time_cycles
0,959412
page_index,time_cycles
0,2282356
page_index,time_cycles
0,1758536
page_index,time_cycles
0,1838582
page_index,time_cycles
0,2525320
page_index,time_cycles
0,1116556
page_index,time_cycles
0,1049996
page_index,time_cycles
0,2250540
page_index,time_cycles
0,2832280
page_index,time_cycles
0,2186122
page_index,time_cycles
0,1297264
page_index,time_cycles
0,1680198
page_index,time_cycles
0,1654936
page_index,time_cycles
0,1086614
page_index,time_cycles
0,1113634
page_index,time_cycles
0,1585970
page_index,time_cycles
0,681342
page_index,time_cycles
0,1337820
page_index,time_cycles
0,1225286
page_index,time_cycles
0,1940382
page_index,time_cycles
0,659790
page_index,time_cycles
0,917256
page_index,time_cycles
0,2035180
page_index,time_cycles
0,1968316
page_index,time_cycles
0,3060100
page_index,time_cycles
0,1403212
page_index,time_cycles
0,1192810
page_index,time_cycles
0,2525298
page_index,time_cycles
0,1336360
page_index,time_cycles
0,1292574
page_index,time_cycles
0,1243204
page_index,time_cycles
0,2010566
page_index,time_cycles
0,2086244
page_index,time_cycles
0,1384016
page_index,time_cycles
0,890730
page_index,time_cycles
0,1201132
page_index,time_cycles
0,1362708
page_index,time_cycles
0,774936
page_index,time_cycles
0,1681904
page_index,time_cycles
0,1676288
page_index,time_cycles
0,2772072
page_index,time_cycles
0,953684
page_index,time_cycles
0,2400482
page_index,time_cycles
0,1768836
page_index,time_cycles
0,1304214
page_index,time_cycles
0,1727084
page_index,time_cycles
0,1865670
page_index,time_cycles
0,1171450
page_index,time_cycles
0,2169038
page_index,time_cycles
0,1311450
page_index,time_cycles
0,1219884
page_index,time_cycles
0,2107474
page_index,time_cycles
0,820776
page_index,time_cycles
0,1127158
page_index,time_cycles
0,1587470
page_index,time_cycles
0,2212792
page_index,time_cycles
0,1431494
page_index,time_cycles
0,1142986
page_index,time_cycles
0,1374828
page_index,time_cycles
0,1507242
page_index,time_cycles
0,1550282
page_index,time_cycles
0,2617474
page_index,time_cycles
0,825076
page_index,time_cycles
0,1360558
page_index,time_cycles
0,1650514
page_index,time_cycles
0,1557580
page_index,time_cycles
0,1666050
page_index,time_cycles
0,1328300
page_index,time_cycles
0,890436
page_index,time_cycles
0,678692
page_index,time_cycles
0,1075496
page_index,time_cycles
0,778648
page_index,time_cycles
0,742352
page_index,time_cycles
0,1561986
page_index,time_cycles
0,1117996
page_index,time_cycles
0,2091716
page_index,time_cycles
0,1888160
page_index,time_cycles
0,1654940
page_index,time_cycles
0,1866008
page_index,time_cycles
0,676772
page_index,time_cycles
0,2743204
page_index,time_cycles
0,777986
page_index,time_cycles
0,1583104
page_index,time_cycles
0,2068058
page_index,time_cycles
0,2230448
page_index,time_cycles
0,1687946
page_index,time_cycles
0,2467816
page_index,time_cycles
0,1311442
page_index,time_cycles
0,1623986
page_index,time_cycles
0,1923654
page_index,time_cycles
0,1996930
page_index,time_cycles
0,1699608
page_index,time_cycles
0,2217352
page_index,time_cycles
0,2048012
page_index,time_cycles
0,1662826
page_index,time_cycles
0,1296762
page_index,time_cycles
0,1603838
page_index,time_cycles
0,1972908
page_index,time_cycles
0,1863438
page_index,time_cycles
0,1817216
page_index,time_cycles
0,2226946
page_index,time_cycles
0,990080
page_index,time_cycles
0,2125604
page_index,time_cycles
0,1431366
page_index,time_cycles
0,2021236
page_index,time_cycles
0,1364746
page_index,time_cycles
0,1638420
page_index,time_cycles
0,899598
page_index,time_cycles
0,1542270
page_index,time_cycles
0,1122036
page_index,time_cycles
0,1728028
page_index,time_cycles
0,1387662
page_index,time_cycles
0,2032054
page_index,time_cycles
0,3061058
page_index,time_cycles
0,2425996
page_index,time_cycles
0,826276
page_index,time_cycles
0,1072552
page_index,time_cycles
0,1633164
page_index,time_cycles
0,884920
page_index,time_cycles
0,1616758
page_index,time_cycles
0,1165366
page_index,time_cycles
0,2087972
page_index,time_cycles
0,2260016
page_index,time_cycles
0,2374748
page_index,time_cycles
0,2391166
page_index,time_cycles
0,1574890
page_index,time_cycles
0,2070732
page_index,time_cycles
0,1729030
page_index,time_cycles
0,1666886
page_index,time_cycles
0,1940628
page_index,time_cycles
0,1100202
page_index,time_cycles
0,993620
page_index,time_cycles
0,2478554
page_index,time_cycles
0,683816
page_index,time_cycles
0,1413504
page_index,time_cycles
0,1891074
page_index,time_cycles
0,811128
page_index,time_cycles
0,2599484
page_index,time_cycles
0,2112958
page_index,time_cycles
0,2043324
page_index,time_cycles
0,794212
page_index,time_cycles
0,2270306
page_index,time_cycles
0,1132156
page_index,time_cycles
0,2061322
page_index,time_cycles
0,910658
page_index,time_cycles
0,664386
page_index,time_cycles
0,2021102
page_index,time_cycles
0,1874104
page_index,time_cycles
0,1973952
page_index,time_cycles
0,758104
page_index,time_cycles
0,1805568
page_index,time_cycles
0,2210068
page_index,time_cycles
0,1905464
page_index,time_cycles
0,2156080
page_index,time_cycles
0,2137842
page_index,time_cycles
0,2367868
page_index,time_cycles
0,1266740
page_index,time_cycles
0,854184
page_index,time_cycles
0,1154664
page_index,time_cycles
0,1472330
page_index,time_cycles
0,1452454
page_index,time_cycles
0,622202
page_index,time_cycles
0,2665152
page_index,time_cycles
0,1871636
page_index,time_cycles
0,715946
page_index,time_cycles
0,871490
page_index,time_cycles
0,1801172
page_index,time_cycles
0,1241358
page_index,time_cycles
0,2501988
page_index,time_cycles
0,1476172
page_index,time_cycles
0,2466218
page_index,time_cycles
0,994062
page_index,time_cycles
0,883428
page_index,time_cycles
0,1391756
page_index,time_cycles
0,1393742
page_index,time_cycles
0,825680
page_index,time_cycles
0,1352102
page_index,time_cycles
0,689102
page_index,time_cycles
0,2226658
page_index,time_cycles
0,1820556
page_index,time_cycles
0,1351380
page_index,time_cycles
0,2389608
page_index,time_cycles
0,1772712
page_index,time_cycles
0,617280
page_index,time_cycles
0,1101104
page_index,time_cycles
0,2703314
page_index,time_cycles
0,935548
page_index,time_cycles
0,1984274
page_index,time_cycles
0,1304410
page_index,time_cycles
0,1525916
page_index,time_cycles
0,1520706
page_index,time_cycles
0,1778160
page_index,time_cycles
0,812748
page_index,time_cycles
0,2080326
page_index,time_cycles
0,1580736
page_index,time_cycles
0,1622000
page_index,time_cycles
0,1834492
page_index,time_cycles
0,1393000
page_index,time_cycles
0,1327802
page_index,time_cycles
0,2459540
page_index,time_cycles
0,890354
page_index,time_cycles
0,913226
page_index,time_cycles
0,2531434
page_index,time_cycles
0,3245050
page_index,time_cycles
0,1504188
page_index,time_cycles
0,1954472
page_index,time_cycles
0,1848522
page_index,time_cycles
0,1716648
page_index,time_cycles
0,1400680
page_index,time_cycles
0,1233484
page_index,time_cycles
0,2081468
page_index,time_cycles
0,1715182
page_index,time_cycles
0,1104214
page_index,time_cycles
0,2253874
page_index,time_cycles
0,1555638
page_index,time_cycles
0,1954844
page_index,time_cycles
0,1809964
page_index,time_cycles
0,1067076
page_index,time_cycles
0,2103842
page_index,time_cycles
0,1365046
page_index,time_cycles
0,810938
page_index,time_cycles
0,1579076
page_index,time_cycles
0,608546
page_index,time_cycles
0,1305406
page_index,time_cycles
0,2142100
page_index,time_cycles
0,1716104
page_index,time_cycles
0,2788830
page_index,time_cycles
0,1200492
page_index,time_cycles
0,1728460
page_index,time_cycles
0,1915848
page_index,time_cycles
0,2663174
page_index,time_cycles
0,1623760
page_index,time_cycles
0,1217058
page_index,time_cycles
0,1929972
page_index,time_cycles
0,2067480
page_index,time_cycles
0,1357090
page_index,time_cycles
0,3082388
page_index,time_cycles
0,694984
page_index,time_cycles
0,617464
page_index,time_cycles
0,2399120
page_index,time_cycles
0,617384
page_index,time_cycles
0,685362
page_index,time_cycles
0,834662
page_index,time_cycles
0,1120326
page_index,time_cycles
0,1742906
page_index,time_cycles
0,871212
page_index,time_cycles
0,1993812
page_index,time_cycles
0,696968
page_index,time_cycles
0,1597328
page_index,time_cycles
0,1988252
page_index,time_cycles
0,2322700
page_index,time_cycles
0,706260
page_index,time_cycles
0,1963948
page_index,time_cycles
0,1890446
page_index,time_cycles
0,1673558
page_index,time_cycles
0,874244
page_index,time_cycles
0,1269242
page_index,time_cycles
0,614222
page_index,time_cycles
0,1865700
page_index,time_cycles
0,1487544
page_index,time_cycles
0,2373362
page_index,time_cycles
0,779736
page_index,time_cycles
0,2681190
page_index,time_cycles
0,2277384
page_index,time_cycles
0,2723728
page_index,time_cycles
0,2038646
page_index,time_cycles
0,924892
page_index,time_cycles
0,718286
page_index,time_cycles
0,2458202
page_index,time_cycles
0,1215906
page_index,time_cycles
0,2498196
page_index,time_cycles
0,1087776
page_index,time_cycles
0,1553880
page_index,time_cycles
0,1877288
page_index,time_cycles
0,954746
page_index,time_cycles
0,3107462
page_index,time_cycles
0,2046942
page_index,time_cycles
0,998674
page_index,time_cycles
0,1537388
page_index,time_cycles
0,1419252
page_index,time_cycles
0,790568
page_index,time_cycles
0,1093084
page_index,time_cycles
0,1624604
page_index,time_cycles
0,2673622
page_index,time_cycles
0,1189842
page_index,time_cycles
0,2969560
page_index,time_cycles
0,1709950
page_index,time_cycles
0,2246058
page_index,time_cycles
0,685314
page_index,time_cycles
0,1551616
page_index,time_cycles
0,2179790
page_index,time_cycles
0,935938
page_index,time_cycles
0,597980
page_index,time_cycles
0,2405182
page_index,time_cycles
0,1405000
page_index,time_cycles
0,1576426
page_index,time_cycles
0,3760906
page_index,time_cycles
0,1903204
page_index,time_cycles
0,1851934
page_index,time_cycles
0,3058620
page_index,time_cycles
0,728118
page_index,time_cycles
0,1214472
page_index,time_cycles
0,1358288
page_index,time_cycles
0,1778328
page_index,time_cycles
0,1339518
page_index,time_cycles
0,644860
page_index,time_cycles
0,1319100
page_index,time_cycles
0,1267300
page_index,time_cycles
0,2488948
page_index,time_cycles
0,1736470
page_index,time_cycles
0,1620466
page_index,time_cycles
0,1479242
page_index,time_cycles
0,2399576
page_index,time_cycles
0,1561800
page_index,time_cycles
0,2014160
page_index,time_cycles
0,1349698
page_index,time_cycles
0,1930704
page_index,time_cycles
0,1506510
page_index,time_cycles
0,620808
page_index,time_cycles
0,1618998
page_index,time_cycles
0,1183358
page_index,time_cycles
0,1587380
page_index,time_cycles
0,1518098
page_index,time_cycles
0,2655010
page_index,time_cycles
0,813504
page_index,time_cycles
0,2385296
page_index,time_cycles
0,1780672
page_index,time_cycles
0,2154286
page_index,time_cycles
0,1647822
page_index,time_cycles
0,2182556
page_index,time_cycles
0,1990102
page_index,time_cycles
0,942488
page_index,time_cycles
0,1077920
page_index,time_cycles
0,1488904
page_index,time_cycles
0,2016662
page_index,time_cycles
0,1239426
page_index,time_cycles
0,2465032
page_index,time_cycles
0,1414960
page_index,time_cycles
0,1635420
page_index,time_cycles
0,1574144
page_index,time_cycles
0,693626
page_index,time_cycles
0,769856
page_index,time_cycles
0,1924886
page_index,time_cycles
0,2164954
page_index,time_cycles
0,816646
page_index,time_cycles
0,1224696
page_index,time_cycles
0,1799380
page_index,time_cycles
0,3124298
page_index,time_cycles
0,875494
page_index,time_cycles
0,1906402
page_index,time_cycles
0,1407264
page_index,time_cycles
0,2288436
page_index,time_cycles
0,1519542
page_index,time_cycles
0,2462522
page_index,time_cycles
0,806720
page_index,time_cycles
0,1577784
page_index,time_cycles
0,1943296
page_index,time_cycles
0,1436336
page_index,time_cycles
0,2269062
page_index,time_cycles
0,1840936
page_index,time_cycles
0,1202140
page_index,time_cycles
0,1478874
page_index,time_cycles
0,2731692
page_index,time_cycles
0,1206570
page_index,time_cycles
0,818746
page_index,time_cycles
0,3689030
page_index,time_cycles
0,1359030
page_index,time_cycles
0,840210
page_index,time_cycles
0,616642
page_index,time_cycles
0,753526
page_index,time_cycles
0,2535074
page_index,time_cycles
0,1187796
page_index,time_cycles
0,2036362
page_index,time_cycles
0,1977824
page_index,time_cycles
0,1120048
page_index,time_cycles
0,2466592
page_index,time_cycles
0,1803536
page_index,time_cycles
0,841772
page_index,time_cycles
0,1889964
page_index,time_cycles
0,1881828
page_index,time_cycles
0,1024628
page_index,time_cycles
0,610194
page_index,time_cycles
0,1776942
page_index,time_cycles
0,2332292
page_index,time_cycles
0,1236198
page_index,time_cycles
0,1566976
page_index,time_cycles
0,2359836
page_index,time_cycles
0,1358806
page_index,time_cycles
0,739138
page_index,time_cycles
0,1241310
page_index,time_cycles
0,1601112
page_index,time_cycles
0,2921318
page_index,time_cycles
0,1035644
page_index,time_cycles
0,1640140
page_index,time_cycles
0,1720276
page_index,time_cycles
0,1328458
page_index,time_cycles
0,1358384
page_index,time_cycles
0,2386730
page_index,time_cycles
0,1101232
page_index,time_cycles
0,2249982
page_index,time_cycles
0,2146158
page_index,time_cycles
0,1411168
page_index,time_cycles
0,694536
page_index,time_cycles
0,2401034
page_index,time_cycles
0,879638
page_index,time_cycles
0,2052892
page_index,time_cycles
0,1259172
page_index,time_cycles
0,681174
page_index,time_cycles
0,2014504
page_index,time_cycles
0,1100460
page_index,time_cycles
0,1936678
page_index,time_cycles
0,1424342
page_index,time_cycles
0,3039348
page_index,time_cycles
0,1805086
page_index,time_cycles
0,2212812
page_index,time_cycles
0,717448
page_index,time_cycles
0,2676582
page_index,time_cycles
0,905860
page_index,time_cycles
0,1133716
page_index,time_cycles
0,1262238
page_index,time_cycles
0,1957042
page_index,time_cycles
0,615670
page_index,time_cycles
0,2451952
page_index,time_cycles
0,1307966
page_index,time_cycles
0,692532
page_index,time_cycles
0,1904762
page_index,time_cycles
0,1355346
page_index,time_cycles
0,2242336
page_index,time_cycles
0,914358
page_index,time_cycles
0,2496484
page_index,time_cycles
0,1544538
page_index,time_cycles
0,2295430
page_index,time_cycles
0,2098380
page_index,time_cycles
0,1613540
page_index,time_cycles
0,1444658
page_index,time_cycles
0,2443406
page_index,time_cycles
0,1000628
page_index,time_cycles
0,1102626
page_index,time_cycles
0,1916568
page_index,time_cycles
0,2858008
page_index,time_cycles
0,843950
page_index,time_cycles
0,2202382
page_index,time_cycles
0,2500748
page_index,time_cycles
0,1497154
page_index,time_cycles
0,1575944
page_index,time_cycles
0,896030
page_index,time_cycles
0,791944
page_index,time_cycles
0,2549670
page_index,time_cycles
0,2073812
page_index,time_cycles
0,906102
page_index,time_cycles
0,1918670
page_index,time_cycles
0,869306
page_index,time_cycles
0,1096058
page_index,time_cycles
0,1605756
page_index,time_cycles
0,2159186
page_index,time_cycles
0,1876686
page_index,time_cycles
0,1152142
page_index,time_cycles
0,1044994
page_index,time_cycles
0,1926338
page_index,time_cycles
0,2206248
page_index,time_cycles
0,1618948
page_index,time_cycles
0,1778450
page_index,time_cycles
0,1333962
page_index,time_cycles
0,1982188
page_index,time_cycles
0,1744264
page_index,time_cycles
0,2178606
page_index,time_cycles
0,2150156
page_index,time_cycles
0,1427610
page_index,time_cycles
0,2051550
page_index,time_cycles
0,2214674
page_index,time_cycles
0,2218790
page_index,time_cycles
0,635232
page_index,time_cycles
0,2857348
page_index,time_cycles
0,1858898
page_index,time_cycles
0,1347720
page_index,time_cycles
0,2368008
page_index,time_cycles
0,2190648
page_index,time_cycles
0,1704204
page_index,time_cycles
0,1813320
page_index,time_cycles
0,657420
page_index,time_cycles
0,1593078
page_index,time_cycles
0,1308328
page_index,time_cycles
0,1731338
page_index,time_cycles
0,2108850
page_index,time_cycles
0,2191906
page_index,time_cycles
0,812028
page_index,time_cycles
0,855090
page_index,time_cycles
0,1902354
page_index,time_cycles
0,2170532
page_index,time_cycles
0,1465554
page_index,time_cycles
0,1845834
page_index,time_cycles
0,1875036
page_index,time_cycles
0,2181972
page_index,time_cycles
0,662746
page_index,time_cycles
0,692922
page_index,time_cycles
0,1391710
page_index,time_cycles
0,2302888
page_index,time_cycles
0,1533120
page_index,time_cycles
0,1385610
page_index,time_cycles
0,1455264
page_index,time_cycles
0,1912010
page_index,time_cycles
0,1503774
page_index,time_cycles
0,2159510
page_index,time_cycles
0,2224602
page_index,time_cycles
0,1828982
page_index,time_cycles
0,2254908
page_index,time_cycles
0,2475240
page_index,time_cycles
0,1779896
page_index,time_cycles
0,1935044
page_index,time_cycles
0,2265850
page_index,time_cycles
0,1153526
page_index,time_cycles
0,2064690
page_index,time_cycles
0,1969646
page_index,time_cycles
0,2251412
page_index,time_cycles
0,1876786
page_index,time_cycles
0,674264
page_index,time_cycles
0,2305392
page_index,time_cycles
0,1706928
page_index,time_cycles
0,1483820
page_index,time_cycles
0,1322992
page_index,time_cycles
0,1033636
page_index,time_cycles
0,1661136
page_index,time_cycles
0,1465940
page_index,time_cycles
0,2076034
page_index,time_cycles
0,1498222
page_index,time_cycles
0,1721372
page_index,time_cycles
0,2587522
page_index,time_cycles
0,3706520
page_index,time_cycles
0,1503894
page_index,time_cycles
0,1204216
page_index,time_cycles
0,1286788
page_index,time_cycles
0,910312
page_index,time_cycles
0,2021484
page_index,time_cycles
0,1438058
page_index,time_cycles
0,2297746
page_index,time_cycles
0,1944950
page_index,time_cycles
0,958154
page_index,time_cycles
0,1977030
page_index,time_cycles
0,1481272
page_index,time_cycles
0,2395154
page_index,time_cycles
0,1731152
page_index,time_cycles
0,2045248
page_index,time_cycles
0,911974
page_index,time_cycles
0,1631836
page_index,time_cycles
0,2524898
page_index,time_cycles
0,1356496
page_index,time_cycles
0,823696
page_index,time_cycles
0,1609498
page_index,time_cycles
0,1461876
page_index,time_cycles
0,2146648
page_index,time_cycles
0,2615068
page_index,time_cycles
0,1707684
page_index,time_cycles
0,1794834
page_index,time_cycles
0,2379374
page_index,time_cycles
0,1802088
page_index,time_cycles
0,1843928
page_index,time_cycles
0,2026308
page_index,time_cycles
0,1470026
page_index,time_cycles
0,5188496
page_index,time_cycles
0,1171186
page_index,time_cycles
0,1350258
page_index,time_cycles
0,1248964
page_index,time_cycles
0,1559440
page_index,time_cycles
0,2097602
page_index,time_cycles
0,1051604
page_index,time_cycles
0,1634102
page_index,time_cycles
0,1217064
page_index,time_cycles
0,1530960
page_index,time_cycles
0,1766482
page_index,time_cycles
0,1338266
page_index,time_cycles
0,1195652
page_index,time_cycles
0,1355412
page_index,time_cycles
0,772466
page_index,time_cycles
0,2481334
page_index,time_cycles
0,1334048
page_index,time_cycles
0,1284940
page_index,time_cycles
0,2626118
page_index,time_cycles
0,1454412
page_index,time_cycles
0,1165506
page_index,time_cycles
0,1471576
page_index,time_cycles
0,1830620
page_index,time_cycles
0,891064
page_index,time_cycles
0,3001058
page_index,time_cycles
0,1866950
page_index,time_cycles
0,1293002
page_index,time_cycles
0,3048568
page_index,time_cycles
0,1228540
page_index,time_cycles
0,1641666
page_index,time_cycles
0,1636530
page_index,time_cycles
0,1175730
page_index,time_cycles
0,1507780
page_index,time_cycles
0,1994986
page_index,time_cycles
0,994354
page_index,time_cycles
0,1683804
page_index,time_cycles
0,1690016
page_index,time_cycles
0,1555828
page_index,time_cycles
0,2156794
page_index,time_cycles
0,1255924
page_index,time_cycles
0,1487264
page_index,time_cycles
0,2997142
page_index,time_cycles
0,753396
page_index,time_cycles
0,673452
page_index,time_cycles
0,906198
page_index,time_cycles
0,1536850
page_index,time_cycles
0,1016792
page_index,time_cycles
0,3290866
page_index,time_cycles
0,2045108
page_index,time_cycles
0,1910094
page_index,time_cycles
0,1430532
page_index,time_cycles
0,1204026
page_index,time_cycles
0,1345450
page_index,time_cycles
0,2233640
page_index,time_cycles
0,2372596
page_index,time_cycles
0,651602
page_index,time_cycles
0,2570890
page_index,time_cycles
0,863966
page_index,time_cycles
0,764784
page_index,time_cycles
0,1473268
page_index,time_cycles
0,646160
page_index,time_cycles
0,2090168
page_index,time_cycles
0,1403572
page_index,time_cycles
0,1699554
page_index,time_cycles
0,1762806
page_index,time_cycles
0,2364828
page_index,time_cycles
0,1315320
page_index,time_cycles
0,2702402
page_index,time_cycles
0,2723114
page_index,time_cycles
0,1850786
page_index,time_cycles
0,1769708
page_index,time_cycles
0,2396144
page_index,time_cycles
0,2538636
page_index,time_cycles
0,1405606
page_index,time_cycles
0,2152520
page_index,time_cycles
0,1387192
page_index,time_cycles
0,2696778
page_index,time_cycles
0,1245310
page_index,time_cycles
0,2073050
page_index,time_cycles
0,3434590
page_index,time_cycles
0,1878912
page_index,time_cycles
0,2100172
page_index,time_cycles
0,1591732
page_index,time_cycles
0,633788
page_index,time_cycles
0,2143892
page_index,time_cycles
0,788322
page_index,time_cycles
0,2187886
page_index,time_cycles
0,1385574
page_index,time_cycles
0,2166580
page_index,time_cycles
0,1899148
page_index,time_cycles
0,1443084
page_index,time_cycles
0,755442
page_index,time_cycles
0,3147584
page_index,time_cycles
0,2325062
page_index,time_cycles
0,1878016
page_index,time_cycles
0,2197580
page_index,time_cycles
0,1991104
page_index,time_cycles
0,1905670
page_index,time_cycles
0,1375276
page_index,time_cycles
0,1681202
page_index,time_cycles
0,1108366
page_index,time_cycles
0,1700890
page_index,time_cycles
0,681114
page_index,time_cycles
0,776922
page_index,time_cycles
0,1596862
page_index,time_cycles
0,1351014
page_index,time_cycles
0,2391854
page_index,time_cycles
0,1653328
page_index,time_cycles
0,1687650
page_index,time_cycles
0,1508778
page_index,time_cycles
0,1891208
page_index,time_cycles
0,2147192
page_index,time_cycles
0,2166610
page_index,time_cycles
0,2495548
page_index,time_cycles
0,2911044
page_index,time_cycles
0,1279500
page_index,time_cycles
0,1599284
page_index,time_cycles
0,1893956
page_index,time_cycles
0,790394
page_index,time_cycles
0,2305898
page_index,time_cycles
0,2580828
page_index,time_cycles
0,2231894
page_index,time_cycles
0,1370056
page_index,time_cycles
0,2679074
page_index,time_cycles
0,1154302
page_index,time_cycles
0,1863318
page_index,time_cycles
0,1327914
page_index,time_cycles
0,1242848
page_index,time_cycles
0,2085164
page_index,time_cycles
0,2449866
page_index,time_cycles
0,1241770
page_index,time_cycles
0,1415872
page_index,time_cycles
0,925696
page_index,time_cycles
0,1202782
page_index,time_cycles
0,2559804
page_index,time_cycles
0,1818008
page_index,time_cycles
0,787150
page_index,time_cycles
0,1986488
page_index,time_cycles
0,2032580
page_index,time_cycles
0,1937890
page_index,time_cycles
0,1086102
page_index,time_cycles
0,1338692
page_index,time_cycles
0,1672030
page_index,time_cycles
0,2714146
page_index,time_cycles
0,1562848
page_index,time_cycles
0,1741608
page_index,time_cycles
0,1586288
page_index,time_cycles
0,1750708
page_index,time_cycles
0,1819290
page_index,time_cycles
0,1287392
page_index,time_cycles
0,806282
page_index,time_cycles
0,1472842
page_index,time_cycles
0,2286172
page_index,time_cycles
0,863902
page_index,time_cycles
0,1444284
page_index,time_cycles
0,1523758
page_index,time_cycles
0,2855512
page_index,time_cycles
0,2716306
page_index,time_cycles
0,1874956
page_index,time_cycles
0,1806902
page_index,time_cycles
0,1494460
page_index,time_cycles
0,1061314
page_index,time_cycles
0,1407924
page_index,time_cycles
0,2071400
page_index,time_cycles
0,2017864
page_index,time_cycles
0,1671602
page_index,time_cycles
0,1008428
page_index,time_cycles
0,1735576
page_index,time_cycles
0,2100460
page_index,time_cycles
0,1573000
page_index,time_cycles
0,2155916
page_index,time_cycles
0,857410
page_index,time_cycles
0,2682306
page_index,time_cycles
0,1727410
page_index,time_cycles
0,2397376
page_index,time_cycles
0,1376534
page_index,time_cycles
0,2373048
page_index,time_cycles
0,1264608
page_index,time_cycles
0,852414
page_index,time_cycles
0,791866
page_index,time_cycles
0,1207742
page_index,time_cycles
0,3149542
page_index,time_cycles
0,967738
page_index,time_cycles
0,1653584
page_index,time_cycles
0,3180460
page_index,time_cycles
0,2366042
page_index,time_cycles
0,2280972
page_index,time_cycles
0,2103490
page_index,time_cycles
0,2246874
page_index,time_cycles
0,849612
page_index,time_cycles
0,675768
page_index,time_cycles
0,838616
page_index,time_cycles
0,868324
page_index,time_cycles
0,1761412
page_index,time_cycles
0,1776944
page_index,time_cycles
0,2481016
page_index,time_cycles
0,1432350
page_index,time_cycles
0,1746298
page_index,time_cycles
0,1193492
page_index,time_cycles
0,2455738
page_index,time_cycles
0,970024
page_index,time_cycles
0,2117168
page_index,time_cycles
0,1846492
page_index,time_cycles
0,1064662
page_index,time_cycles
0,641044
page_index,time_cycles
0,1345340
page_index,time_cycles
0,1993344
page_index,time_cycles
0,5785662
page_index,time_cycles
0,1865992
page_index,time_cycles
0,2724880
page_index,time_cycles
0,767740
page_index,time_cycles
0,633182
page_index,time_cycles
0,2089062
page_index,time_cycles
0,2326110
page_index,time_cycles
0,1143740
page_index,time_cycles
0,1325656
page_index,time_cycles
0,2073908
page_index,time_cycles
0,905822
page_index,time_cycles
0,2139924
page_index,time_cycles
0,2068932
page_index,time_cycles
0,1938746
page_index,time_cycles
0,1271666
page_index,time_cycles
0,852494
page_index,time_cycles
0,1273022
page_index,time_cycles
0,2845536
page_index,time_cycles
0,1037212
page_index,time_cycles
0,2118040
page_index,time_cycles
0,1342704
page_index,time_cycles
0,2061066
page_index,time_cycles
0,962018
page_index,time_cycles
0,3244510
page_index,time_cycles
0,1784778
page_index,time_cycles
0,1695354
page_index,time_cycles
0,3265032
page_index,time_cycles
0,2355484
page_index,time_cycles
0,682920
page_index,time_cycles
0,1938274
page_index,time_cycles
0,1437010
page_index,time_cycles
0,1640978
page_index,time_cycles
0,727458
page_index,time_cycles
0,2555920
page_index,time_cycles
0,640682
page_index,time_cycles
0,1938998
page_index,time_cycles
0,1384474
page_index,time_cycles
0,2130720
page_index,time_cycles
0,613850
page_index,time_cycles
0,2675728
page_index,time_cycles
0,1440136
page_index,time_cycles
0,1744068
page_index,time_cycles
0,677458
page_index,time_cycles
0,1496012
page_index,time_cycles
0,781354
page_index,time_cycles
0,1652722
page_index,time_cycles
0,866630
page_index,time_cycles
0,1531170
page_index,time_cycles
0,2374360
page_index,time_cycles
0,3602754
page_index,time_cycles
0,648820
page_index,time_cycles
0,1292732
page_index,time_cycles
0,792732
page_index,time_cycles
0,1918006
page_index,time_cycles
0,1601756
page_index,time_cycles
0,2162116
page_index,time_cycles
0,1340756
page_index,time_cycles
0,2205970
page_index,time_cycles
0,1738818
page_index,time_cycles
0,2057900
page_index,time_cycles
0,1651558
page_index,time_cycles
0,1927130
page_index,time_cycles
0,1647012
page_index,time_cycles
0,1154432
page_index,time_cycles
0,2544786
page_index,time_cycles
0,2051220
page_index,time_cycles
0,1092394
page_index,time_cycles
0,2849494
page_index,time_cycles
0,1469804
page_index,time_cycles
0,1769950
page_index,time_cycles
0,3068116
page_index,time_cycles
0,2411964
page_index,time_cycles
0,1533472
page_index,time_cycles
0,1770408
page_index,time_cycles
0,4142964
page_index,time_cycles
0,885970
page_index,time_cycles
0,1729066
page_index,time_cycles
0,1554848
page_index,time_cycles
0,1282806
page_index,time_cycles
0,1214342
page_index,time_cycles
0,1762626
page_index,time_cycles
0,1657092
page_index,time_cycles
0,1389110
page_index,time_cycles
0,779098
page_index,time_cycles
0,1454786
page_index,time_cycles
0,1530432
page_index,time_cycles
0,2110170
page_index,time_cycles
0,876384
page_index,time_cycles
0,3022456
page_index,time_cycles
0,699326
page_index,time_cycles
0,2167168
page_index,time_cycles
0,1535342
page_index,time_cycles
0,1556906
page_index,time_cycles
0,2088636
page_index,time_cycles
0,1669654
page_index,time_cycles
0,1316378
page_index,time_cycles
0,2175958
page_index,time_cycles
0,652920
page_index,time_cycles
0,680902
page_index,time_cycles
0,1240986
page_index,time_cycles
0,1366242
page_index,time_cycles
0,634540
page_index,time_cycles
0,1222310
page_index,time_cycles
0,1395668
page_index,time_cycles
0,1481914
page_index,time_cycles
0,708650
page_index,time_cycles
0,2214454
page_index,time_cycles
0,1552128
page_index,time_cycles
0,1720084
page_index,time_cycles
0,1736382
page_index,time_cycles
0,2390956
page_index,time_cycles
0,1198924
page_index,time_cycles
0,2137164
page_index,time_cycles
0,1792040
page_index,time_cycles
0,2353230
page_index,time_cycles
0,698898
page_index,time_cycles
0,888686
page_index,time_cycles
0,1264440
page_index,time_cycles
0,1202964
page_index,time_cycles
0,1473958
page_index,time_cycles
0,1742850
page_index,time_cycles
0,1118636
page_index,time_cycles
0,3233700
page_index,time_cycles
0,2642688
page_index,time_cycles
0,865668
page_index,time_cycles
0,641212
page_index,time_cycles
0,1980182
page_index,time_cycles
0,907524
page_index,time_cycles
0,726204
page_index,time_cycles
0,2004202
page_index,time_cycles
0,647530
page_index,time_cycles
0,1617054
page_index,time_cycles
0,2151498
page_index,time_cycles
0,1961572
page_index,time_cycles
0,1569338
page_index,time_cycles
0,2382880
page_index,time_cycles
0,1471028
page_index,time_cycles
0,1731140
page_index,time_cycles
0,1519052
page_index,time_cycles
0,1270950
page_index,time_cycles
0,1313344
page_index,time_cycles
0,983088
page_index,time_cycles
0,956166
page_index,time_cycles
0,1135062
page_index,time_cycles
0,1413828
page_index,time_cycles
0,1286778
page_index,time_cycles
0,1620684
page_index,time_cycles
0,768702
page_index,time_cycles
0,1204564
page_index,time_cycles
0,834888
page_index,time_cycles
0,1481094
page_index,time_cycles
0,1575166
page_index,time_cycles
0,1046386
page_index,time_cycles
0,1536554
page_index,time_cycles
0,1109398
page_index,time_cycles
0,2207346
page_index,time_cycles
0,3144440
page_index,time_cycles
0,1979132
page_index,time_cycles
0,1721058
page_index,time_cycles
0,1363590
page_index,time_cycles
0,1137932
page_index,time_cycles
0,685430
page_index,time_cycles
0,2399040
page_index,time_cycles
0,1529174
page_index,time_cycles
0,1300342
page_index,time_cycles
0,3951060
page_index,time_cycles
0,1362294
page_index,time_cycles
0,2113332
page_index,time_cycles
0,2148038
page_index,time_cycles
0,2034094
page_index,time_cycles
0,1976866
page_index,time_cycles
0,2004938
page_index,time_cycles
0,1947250
page_index,time_cycles
0,1185522
page_index,time_cycles
0,1971758
page_index,time_cycles
0,2227100
page_index,time_cycles
0,1256282
page_index,time_cycles
0,2137498
page_index,time_cycles
0,700866
page_index,time_cycles
0,2074836
page_index,time_cycles
0,2118102
page_index,time_cycles
0,2105220
page_index,time_cycles
0,1828850
page_index,time_cycles
0,1865720
page_index,time_cycles
0,1971894
page_index,time_cycles
0,1168672
page_index,time_cycles
0,1200896
page_index,time_cycles
0,1418638
page_index,time_cycles
0,2138686
page_index,time_cycles
0,1200522
page_index,time_cycles
0,1296316
page_index,time_cycles
0,1793342
page_index,time_cycles
0,1625446
page_index,time_cycles
0,1276396
page_index,time_cycles
0,1248736
page_index,time_cycles
0,2034694
page_index,time_cycles
0,1697182
page_index,time_cycles
0,1836474
page_index,time_cycles
0,679120
page_index,time_cycles
0,1354408
page_index,time_cycles
0,1186094
page_index,time_cycles
0,1713748
page_index,time_cycles
0,1635152
page_index,time_cycles
0,2172994
page_index,time_cycles
0,2330328
page_index,time_cycles
0,2770980
page_index,time_cycles
0,1983426
page_index,time_cycles
0,1449960
page_index,time_cycles
0,1434048
page_index,time_cycles
0,763800
page_index,time_cycles
0,1726754
page_index,time_cycles
0,1125320
page_index,time_cycles
0,1352466
page_index,time_cycles
0,911292
page_index,time_cycles
0,2125866
page_index,time_cycles
0,2548638
page_index,time_cycles
0,1075596
page_index,time_cycles
0,666796
page_index,time_cycles
0,817542
page_index,time_cycles
0,2802426
page_index,time_cycles
0,1399452
page_index,time_cycles
0,2369868
page_index,time_cycles
0,1474206
page_index,time_cycles
0,2059394
page_index,time_cycles
0,1670144
page_index,time_cycles
0,1582582
page_index,time_cycles
0,1590514
page_index,time_cycles
0,1521158
page_index,time_cycles
0,1778552
page_index,time_cycles
0,2258096
page_index,time_cycles
0,1040984
page_index,time_cycles
0,648074
page_index,time_cycles
0,2190232
page_index,time_cycles
0,1413926
page_index,time_cycles
0,1594152
page_index,time_cycles
0,1612920
page_index,time_cycles
0,2017816
page_index,time_cycles
0,2084042
page_index,time_cycles
0,2398164
page_index,time_cycles
0,2681620
page_index,time_cycles
0,2259410
page_index,time_cycles
0,639080
page_index,time_cycles
0,2445516
page_index,time_cycles
0,2136602
page_index,time_cycles
0,1449762
page_index,time_cycles
0,1844248
page_index,time_cycles
0,620366
page_index,time_cycles
0,1243334
page_index,time_cycles
0,2506436
page_index,time_cycles
0,853764
page_index,time_cycles
0,2814088
page_index,time_cycles
0,1604066
page_index,time_cycles
0,2037922
page_index,time_cycles
0,633250
page_index,time_cycles
0,2652836
page_index,time_cycles
0,2123486
page_index,time_cycles
0,2399684
page_index,time_cycles
0,2389854
page_index,time_cycles
0,2251980
page_index,time_cycles
0,2090776
page_index,time_cycles
0,1739562
page_index,time_cycles
0,1960200
page_index,time_cycles
0,2209894
page_index,time_cycles
0,1533670
page_index,time_cycles
0,2083920
page_index,time_cycles
0,1708288
page_index,time_cycles
0,1342316
page_index,time_cycles
0,2231036
page_index,time_cycles
0,2290032
page_index,time_cycles
0,1173448
page_index,time_cycles
0,2529206
page_index,time_cycles
0,2029028
page_index,time_cycles
0,1748588
page_index,time_cycles
0,858320
page_index,time_cycles
0,701676
page_index,time_cycles
0,2890348
page_index,time_cycles
0,1489450
page_index,time_cycles
0,812964
page_index,time_cycles
0,868044
page_index,time_cycles
0,2102548
page_index,time_cycles
0,1547202
page_index,time_cycles
0,748912
page_index,time_cycles
0,2357980
page_index,time_cycles
0,1934754
page_index,time_cycles
0,2120616
page_index,time_cycles
0,1622144
page_index,time_cycles
0,1804364
page_index,time_cycles
0,2417428
page_index,time_cycles
0,1783870
page_index,time_cycles
0,1309174
page_index,time_cycles
0,1810450
page_index,time_cycles
0,604248
page_index,time_cycles
0,2774364
page_index,time_cycles
0,2015136
page_index,time_cycles
0,1054608
page_index,time_cycles
0,1654418
page_index,time_cycles
0,1301254
page_index,time_cycles
0,601524
page_index,time_cycles
0,1793328
page_index,time_cycles
0,2063494
page_index,time_cycles
0,771212
page_index,time_cycles
0,1690864
page_index,time_cycles
0,1640300
page_index,time_cycles
0,1624094
page_index,time_cycles
0,956002
page_index,time_cycles
0,1038870
page_index,time_cycles
0,845382
page_index,time_cycles
0,1246134
page_index,time_cycles
0,907134
page_index,time_cycles
0,803144
page_index,time_cycles
0,1605868
page_index,time_cycles
0,1834686
page_index,time_cycles
0,1977574
page_index,time_cycles
0,1069040
page_index,time_cycles
0,1233372
page_index,time_cycles
0,1284926
page_index,time_cycles
0,707928
page_index,time_cycles
0,1476810
page_index,time_cycles
0,1299808
page_index,time_cycles
0,1552710
page_index,time_cycles
0,1139310
page_index,time_cycles
0,1291152
page_index,time_cycles
0,1422752
page_index,time_cycles
0,1370252
page_index,time_cycles
0,2547164
page_index,time_cycles
0,1641860
page_index,time_cycles
0,1848146
page_index,time_cycles
0,1358672
page_index,time_cycles
0,1172244
page_index,time_cycles
0,1131152
page_index,time_cycles
0,2003208
page_index,time_cycles
0,2015108
page_index,time_cycles
0,2576812
page_index,time_cycles
0,774018
page_index,time_cycles
0,2389150
page_index,time_cycles
0,1905156
page_index,time_cycles
0,1968360
page_index,time_cycles
0,746832
page_index,time_cycles
0,2536010
page_index,time_cycles
0,1677436
page_index,time_cycles
0,874456
page_index,time_cycles
0,1956898
page_index,time_cycles
0,1448064
page_index,time_cycles
0,1207272
page_index,time_cycles
0,850896
page_index,time_cycles
0,1926770
page_index,time_cycles
0,1135752
page_index,time_cycles
0,1750956
page_index,time_cycles
0,1248902
page_index,time_cycles
0,887340
page_index,time_cycles
0,1105354
page_index,time_cycles
0,1965308
page_index,time_cycles
0,1437474
page_index,time_cycles
0,681640
page_index,time_cycles
0,1510888
page_index,time_cycles
0,2417624
page_index,time_cycles
0,1234994
page_index,time_cycles
0,2171794
page_index,time_cycles
0,1459022
page_index,time_cycles
0,1488492
page_index,time_cycles
0,2083528
page_index,time_cycles
0,1362848
page_index,time_cycles
0,1371542
page_index,time_cycles
0,633336
page_index,time_cycles
0,2590502
page_index,time_cycles
0,1411456
page_index,time_cycles
0,1745112
page_index,time_cycles
0,675352
page_index,time_cycles
0,1953476
page_index,time_cycles
0,1026208
page_index,time_cycles
0,2011814
page_index,time_cycles
0,2395316
page_index,time_cycles
0,1725706
page_index,time_cycles
0,1776642
page_index,time_cycles
0,1086354
page_index,time_cycles
0,1357062
page_index,time_cycles
0,1852996
page_index,time_cycles
0,1343152
page_index,time_cycles
0,1307358
page_index,time_cycles
0,663584
page_index,time_cycles
0,2169194
page_index,time_cycles
0,1770150
page_index,time_cycles
0,2347754
page_index,time_cycles
0,942210
page_index,time_cycles
0,1658856
page_index,time_cycles
0,1645688
page_index,time_cycles
0,1829712
page_index,time_cycles
0,1526142
page_index,time_cycles
0,2375694
page_index,time_cycles
0,1471750
page_index,time_cycles
0,1893856
page_index,time_cycles
0,1681138
page_index,time_cycles
0,1076124
page_index,time_cycles
0,2498662
page_index,time_cycles
0,1933722
page_index,time_cycles
0,1833542
page_index,time_cycles
0,1238890
page_index,time_cycles
0,725958
page_index,time_cycles
0,1987806
page_index,time_cycles
0,1449164
page_index,time_cycles
0,2120804
page_index,time_cycles
0,1206240
page_index,time_cycles
0,1832412
page_index,time_cycles
0,2549470
page_index,time_cycles
0,2347322
page_index,time_cycles
0,1246622
page_index,time_cycles
0,2114728
page_index,time_cycles
0,1373898
page_index,time_cycles
0,842168
page_index,time_cycles
0,639780
page_index,time_cycles
0,1239702
page_index,time_cycles
0,749856
page_index,time_cycles
0,2364478
page_index,time_cycles
0,2302126
page_index,time_cycles
0,2033694
page_index,time_cycles
0,1106978
page_index,time_cycles
0,1617390
page_index,time_cycles
0,1328318
page_index,time_cycles
0,1820460
page_index,time_cycles
0,1634072
page_index,time_cycles
0,1364398
page_index,time_cycles
0,1943156
page_index,time_cycles
0,1519808
page_index,time_cycles
0,637458
page_index,time_cycles
0,1190668
page_index,time_cycles
0,1727016
page_index,time_cycles
0,1798798
page_index,time_cycles
0,1712624
page_index,time_cycles
0,1972820
page_index,time_cycles
0,618582
page_index,time_cycles
0,1164268
page_index,time_cycles
0,1204352
page_index,time_cycles
0,1137680
page_index,time_cycles
0,2165972
page_index,time_cycles
0,1568860
page_index,time_cycles
0,2012118
page_index,time_cycles
0,771804
page_index,time_cycles
0,2181260
page_index,time_cycles
0,915778
page_index,time_cycles
0,1915392
page_index,time_cycles
0,2393168
page_index,time_cycles
0,1303188
page_index,time_cycles
0,712660
page_index,time_cycles
0,2061576
page_index,time_cycles
0,705970
page_index,time_cycles
0,2083426
page_index,time_cycles
0,1768794
page_index,time_cycles
0,1173902
page_index,time_cycles
0,603970
page_index,time_cycles
0,2058908
page_index,time_cycles
0,931014
page_index,time_cycles
0,1585530
page_index,time_cycles
0,2359014
page_index,time_cycles
0,1790924
page_index,time_cycles
0,2823402
page_index,time_cycles
0,1430182
page_index,time_cycles
0,821238
page_index,time_cycles
0,2334434
page_index,time_cycles
0,2683880
page_index,time_cycles
0,2052990
page_index,time_cycles
0,2732894
page_index,time_cycles
0,1797438
page_index,time_cycles
0,1898466
page_index,time_cycles
0,1973130
page_index,time_cycles
0,1998242
page_index,time_cycles
0,672926
page_index,time_cycles
0,1065318
page_index,time_cycles
0,1648096
page_index,time_cycles
0,1834752
page_index,time_cycles
0,1620282
page_index,time_cycles
0,1146284
page_index,time_cycles
0,776238
page_index,time_cycles
0,2481166
page_index,time_cycles
0,915736
page_index,time_cycles
0,597652
page_index,time_cycles
0,1468134
page_index,time_cycles
0,2206050
page_index,time_cycles
0,1840842
page_index,time_cycles
0,1509122
page_index,time_cycles
0,2059918
page_index,time_cycles
0,1964314
page_index,time_cycles
0,2071664
page_index,time_cycles
0,2189380
page_index,time_cycles
0,2546414
page_index,time_cycles
0,609634
page_index,time_cycles
0,962106
page_index,time_cycles
0,2382668
page_index,time_cycles
0,1219954
page_index,time_cycles
0,1214974
page_index,time_cycles
0,1532478
page_index,time_cycles
0,1894860
page_index,time_cycles
0,1669830
page_index,time_cycles
0,2321188
page_index,time_cycles
0,953906
page_index,time_cycles
0,1773708
page_index,time_cycles
0,1570016
page_index,time_cycles
0,1425328
page_index,time_cycles
0,2337564
page_index,time_cycles
0,894416
page_index,time_cycles
0,632870
page_index,time_cycles
0,2350208
page_index,time_cycles
0,1213136
page_index,time_cycles
0,1322900
page_index,time_cycles
0,2187506
page_index,time_cycles
0,2226322
page_index,time_cycles
0,1943810
page_index,time_cycles
0,1299652
page_index,time_cycles
0,1420760
page_index,time_cycles
0,1468472
page_index,time_cycles
0,628634
page_index,time_cycles
0,1304476
page_index,time_cycles
0,743278
page_index,time_cycles
0,1190652
page_index,time_cycles
0,2383404
page_index,time_cycles
0,1407228
page_index,time_cycles
0,1027638
page_index,time_cycles
0,2710200
page_index,time_cycles
0,1847398
page_index,time_cycles
0,646416
page_index,time_cycles
0,1805004
page_index,time_cycles
0,2117740
page_index,time_cycles
0,1164100
page_index,time_cycles
0,963372
page_index,time_cycles
0,1072500
page_index,time_cycles
0,1311968
page_index,time_cycles
0,2130442
page_index,time_cycles
0,1696574
page_index,time_cycles
0,1821886
page_index,time_cycles
0,2467330
page_index,time_cycles
0,1638714
page_index,time_cycles
0,2451626
page_index,time_cycles
0,884096
page_index,time_cycles
0,2071844
page_index,time_cycles
0,2078092
page_index,time_cycles
0,1986418
page_index,time_cycles
0,799464
page_index,time_cycles
0,2071032
page_index,time_cycles
0,1847044
page_index,time_cycles
0,6136128
page_index,time_cycles
0,879994
page_index,time_cycles
0,1357332
page_index,time_cycles
0,2513588
page_index,time_cycles
0,2573258
page_index,time_cycles
0,780884
page_index,time_cycles
0,764638
page_index,time_cycles
0,1622002
page_index,time_cycles
0,2148726
page_index,time_cycles
0,722554
page_index,time_cycles
0,1277486
page_index,time_cycles
0,1716014
page_index,time_cycles
0,3342008
page_index,time_cycles
0,2142340
page_index,time_cycles
0,1904948
page_index,time_cycles
0,1885256
page_index,time_cycles
0,1287710
page_index,time_cycles
0,1406694
page_index,time_cycles
0,1915714
page_index,time_cycles
0,750918
page_index,time_cycles
0,857628
page_index,time_cycles
0,1069290
page_index,time_cycles
0,1194676
page_index,time_cycles
0,2384696
page_index,time_cycles
0,1245488
page_index,time_cycles
0,1321354
page_index,time_cycles
0,1811136
page_index,time_cycles
0,2379552
page_index,time_cycles
0,998964
page_index,time_cycles
0,1442392
page_index,time_cycles
0,809332
page_index,time_cycles
0,1693782
page_index,time_cycles
0,1331966
page_index,time_cycles
0,632772
page_index,time_cycles
0,2912114
page_index,time_cycles
0,1548904
page_index,time_cycles
0,2344862
page_index,time_cycles
0,1754868
page_index,time_cycles
0,1848840
page_index,time_cycles
0,2053938
page_index,time_cycles
0,1432820
page_index,time_cycles
0,1471078
page_index,time_cycles
0,3086412
page_index,time_cycles
0,2515576
page_index,time_cycles
0,727842
page_index,time_cycles
0,5863544
page_index,time_cycles
0,1323328
page_index,time_cycles
0,1755878
page_index,time_cycles
0,2073008
page_index,time_cycles
0,2272310
page_index,time_cycles
0,1850320
page_index,time_cycles
0,1330110
page_index,time_cycles
0,2289442
page_index,time_cycles
0,1624814
page_index,time_cycles
0,2840938
page_index,time_cycles
0,1891166
page_index,time_cycles
0,827514
page_index,time_cycles
0,2311350
page_index,time_cycles
0,2085146
page_index,time_cycles
0,1414108
page_index,time_cycles
0,1791736
page_index,time_cycles
0,1131942
page_index,time_cycles
0,635788
page_index,time_cycles
0,1905898
page_index,time_cycles
0,1611822
page_index,time_cycles
0,2225480
page_index,time_cycles
0,2385852
page_index,time_cycles
0,2093038
page_index,time_cycles
0,1637450
page_index,time_cycles
0,2875852
page_index,time_cycles
0,984874
page_index,time_cycles
0,2671836
page_index,time_cycles
0,2378782
page_index,time_cycles
0,2520960
page_index,time_cycles
0,2565556
page_index,time_cycles
0,2172478
page_index,time_cycles
0,1943416
page_index,time_cycles
0,1564564
page_index,time_cycles
0,2174324
page_index,time_cycles
0,2270666
page_index,time_cycles
0,762240
page_index,time_cycles
0,2272654
page_index,time_cycles
0,2272148
page_index,time_cycles
0,828434
page_index,time_cycles
0,2435302
page_index,time_cycles
0,1587986
page_index,time_cycles
0,772524
page_index,time_cycles
0,2160834
page_index,time_cycles
0,1634236
page_index,time_cycles
0,2609928
page_index,time_cycles
0,999118
page_index,time_cycles
0,2461936
page_index,time_cycles
0,767326
page_index,time_cycles
0,799364
page_index,time_cycles
0,701142
page_index,time_cycles
0,1605764
page_index,time_cycles
0,2133826
page_index,time_cycles
0,2087802
page_index,time_cycles
0,2193500
page_index,time_cycles
0,1385258
page_index,time_cycles
0,1556430
page_index,time_cycles
0,812644
page_index,time_cycles
0,2057944
page_index,time_cycles
0,1915432
page_index,time_cycles
0,1289536
page_index,time_cycles
0,2598984
page_index,time_cycles
0,1356960
page_index,time_cycles
0,3519060
page_index,time_cycles
0,2120972
page_index,time_cycles
0,1868702
page_index,time_cycles
0,2035936
page_index,time_cycles
0,2038344
page_index,time_cycles
0,1796134
page_index,time_cycles
0,1735376
page_index,time_cycles
0,2297890
page_index,time_cycles
0,602778
page_index,time_cycles
0,1851754
page_index,time_cycles
0,1780650
page_index,time_cycles
0,1706610
page_index,time_cycles
0,2588712
page_index,time_cycles
0,2163216
page_index,time_cycles
0,1261974
page_index,time_cycles
0,1662392
page_index,time_cycles
0,1779518
page_index,time_cycles
0,2002904
page_index,time_cycles
0,1915976
page_index,time_cycles
0,1313732
page_index,time_cycles
0,1656840
page_index,time_cycles
0,1817636
page_index,time_cycles
0,2242754
page_index,time_cycles
0,1682902
page_index,time_cycles
0,1776130
page_index,time_cycles
0,961476
page_index,time_cycles
0,1575288
page_index,time_cycles
0,1666222
page_index,time_cycles
0,1633084
page_index,time_cycles
0,1436552
page_index,time_cycles
0,797112
page_index,time_cycles
0,2531970
page_index,time_cycles
0,1725740
page_index,time_cycles
0,2652650
page_index,time_cycles
0,1516104
page_index,time_cycles
0,3457060
page_index,time_cycles
0,1556206
page_index,time_cycles
0,2337320
page_index,time_cycles
0,2068450
page_index,time_cycles
0,2370594
page_index,time_cycles
0,919730
page_index,time_cycles
0,1449822
page_index,time_cycles
0,1331704
page_index,time_cycles
0,1320224
page_index,time_cycles
0,1716814
page_index,time_cycles
0,1638388
page_index,time_cycles
0,1384654
page_index,time_cycles
0,1854726
page_index,time_cycles
0,2106062
page_index,time_cycles
0,1981516
page_index,time_cycles
0,786190
page_index,time_cycles
0,1550230
page_index,time_cycles
0,1167070
page_index,time_cycles
0,1969486
page_index,time_cycles
0,2085538
page_index,time_cycles
0,3406392
page_index,time_cycles
0,766524
page_index,time_cycles
0,2463438
page_index,time_cycles
0,2479334
page_index,time_cycles
0,2004202
page_index,time_cycles
0,2122724
page_index,time_cycles
0,2218442
page_index,time_cycles
0,705532
page_index,time_cycles
0,1560036
page_index,time_cycles
0,1595834
page_index,time_cycles
0,2011698
page_index,time_cycles
0,724554
page_index,time_cycles
0,801236
page_index,time_cycles
0,1878326
page_index,time_cycles
0,1479974
page_index,time_cycles
0,1923588
page_index,time_cycles
0,1010390
page_index,time_cycles
0,1887904
page_index,time_cycles
0,1928978
page_index,time_cycles
0,1569002
page_index,time_cycles
0,1800584
page_index,time_cycles
0,3521694
page_index,time_cycles
0,1604052
page_index,time_cycles
0,3195042
page_index,time_cycles
0,1537914
page_index,time_cycles
0,2129722
page_index,time_cycles
0,849294
page_index,time_cycles
0,1389638
page_index,time_cycles
0,1436906
page_index,time_cycles
0,1802132
page_index,time_cycles
0,1241372
page_index,time_cycles
0,2262144
page_index,time_cycles
0,1408396
page_index,time_cycles
0,1008950
page_index,time_cycles
0,1067798
page_index,time_cycles
0,891572
page_index,time_cycles
0,1765100
page_index,time_cycles
0,2096088
page_index,time_cycles
0,1838276
page_index,time_cycles
0,1379546
page_index,time_cycles
0,1923074
page_index,time_cycles
0,1428962
page_index,time_cycles
0,1420926
page_index,time_cycles
0,1079606
page_index,time_cycles
0,1445258
page_index,time_cycles
0,1487078
page_index,time_cycles
0,1201128
page_index,time_cycles
0,1250010
page_index,time_cycles
0,1583048
page_index,time_cycles
0,1838006
page_index,time_cycles
0,751356
page_index,time_cycles
0,1637996
page_index,time_cycles
0,2069782
page_index,time_cycles
0,1066250
page_index,time_cycles
0,1742582
page_index,time_cycles
0,1418892
page_index,time_cycles
0,1654388
page_index,time_cycles
0,2352480
page_index,time_cycles
0,1418428
page_index,time_cycles
0,1094564
page_index,time_cycles
0,2072154
page_index,time_cycles
0,2798940
page_index,time_cycles
0,1210544
page_index,time_cycles
0,1443454
page_index,time_cycles
0,1383646
page_index,time_cycles
0,2018450
page_index,time_cycles
0,1188350
page_index,time_cycles
0,2195890
page_index,time_cycles
0,1529790
page_index,time_cycles
0,845654
page_index,time_cycles
0,2058308
page_index,time_cycles
0,1162992
page_index,time_cycles
0,802666
page_index,time_cycles
0,2511098
page_index,time_cycles
0,1990044
page_index,time_cycles
0,2189376
page_index,time_cycles
0,619458
page_index,time_cycles
0,625916
page_index,time_cycles
0,1224950
page_index,time_cycles
0,1525514
page_index,time_cycles
0,2540652
page_index,time_cycles
0,1461778
page_index,time_cycles
0,915304
page_index,time_cycles
0,1021388
page_index,time_cycles
0,1487294
page_index,time_cycles
0,2053720
page_index,time_cycles
0,1400494
page_index,time_cycles
0,2240010
page_index,time_cycles
0,1769148
page_index,time_cycles
0,721506
page_index,time_cycles
0,2400816
page_index,time_cycles
0,2083776
page_index,time_cycles
0,1876722
page_index,time_cycles
0,2558322
page_index,time_cycles
0,1962194
page_index,time_cycles
0,1831326
page_index,time_cycles
0,981584
page_index,time_cycles
0,1260462
page_index,time_cycles
0,1450358
page_index,time_cycles
0,1393068
page_index,time_cycles
0,1356828
page_index,time_cycles
0,1791820
page_index,time_cycles
0,2487200
page_index,time_cycles
0,2112448
page_index,time_cycles
0,785544
page_index,time_cycles
0,1420342
page_index,time_cycles
0,1697466
page_index,time_cycles
0,1068322
page_index,time_cycles
0,1452950
page_index,time_cycles
0,2728774
page_index,time_cycles
0,2616660
page_index,time_cycles
0,1937226
page_index,time_cycles
0,1580994
page_index,time_cycles
0,2020238
page_index,time_cycles
0,1281086
page_index,time_cycles
0,1878410
page_index,time_cycles
0,1334592
page_index,time_cycles
0,2133790
page_index,time_cycles
0,747606
page_index,time_cycles
0,1654038
page_index,time_cycles
0,859078
page_index,time_cycles
0,807080
page_index,time_cycles
0,2533700
page_index,time_cycles
0,1730486
page_index,time_cycles
0,1049340
page_index,time_cycles
0,1202744
page_index,time_cycles
0,1436684
page_index,time_cycles
0,1835990
page_index,time_cycles
0,1984168
page_index,time_cycles
0,3340516
page_index,time_cycles
0,2467688
page_index,time_cycles
0,1154014
page_index,time_cycles
0,1120940
page_index,time_cycles
0,2026974
page_index,time_cycles
0,1307732
page_index,time_cycles
0,2563986
page_index,time_cycles
0,1945414
page_index,time_cycles
0,1260548
page_index,time_cycles
0,905288
page_index,time_cycles
0,1386974
page_index,time_cycles
0,1831700
page_index,time_cycles
0,703654
page_index,time_cycles
0,1441728
page_index,time_cycles
0,2569090
page_index,time_cycles
0,1608316
page_index,time_cycles
0,1887666
page_index,time_cycles
0,1570434
page_index,time_cycles
0,676102
page_index,time_cycles
0,2943370
page_index,time_cycles
0,1642796
page_index,time_cycles
0,1895264
page_index,time_cycles
0,2614320
page_index,time_cycles
0,1461036
page_index,time_cycles
0,3162664
page_index,time_cycles
0,1987172
page_index,time_cycles
0,2492958
page_index,time_cycles
0,643402
page_index,time_cycles
0,1419002
page_index,time_cycles
0,1601632
page_index,time_cycles
0,2211424
page_index,time_cycles
0,812394
page_index,time_cycles
0,2011464
page_index,time_cycles
0,1191402
page_index,time_cycles
0,749578
page_index,time_cycles
0,1472564
page_index,time_cycles
0,2356282
page_index,time_cycles
0,2165910
page_index,time_cycles
0,2579298
page_index,time_cycles
0,875926
page_index,time_cycles
0,782666
page_index,time_cycles
0,1372446
page_index,time_cycles
0,1853912
page_index,time_cycles
0,1844690
page_index,time_cycles
0,1882290
page_index,time_cycles
0,4711280
page_index,time_cycles
0,1628174
page_index,time_cycles
0,2367606
page_index,time_cycles
0,1276516
page_index,time_cycles
0,2109228
page_index,time_cycles
0,1849052
page_index,time_cycles
0,1826598
page_index,time_cycles
0,1300662
page_index,time_cycles
0,2245604
page_index,time_cycles
0,2107248
page_index,time_cycles
0,1588058
page_index,time_cycles
0,1663332
page_index,time_cycles
0,1360998
page_index,time_cycles
0,915134
page_index,time_cycles
0,1557954
page_index,time_cycles
0,654840
page_index,time_cycles
0,2064180
page_index,time_cycles
0,1393804
page_index,time_cycles
0,2288854
page_index,time_cycles
0,1305750
page_index,time_cycles
0,2475376
page_index,time_cycles
0,1582326
page_index,time_cycles
0,1642132
page_index,time_cycles
0,1903002
page_index,time_cycles
0,1572842
page_index,time_cycles
0,2235076
page_index,time_cycles
0,933214
page_index,time_cycles
0,1779140
page_index,time_cycles
0,776972
page_index,time_cycles
0,1584592
page_index,time_cycles
0,1662446
page_index,time_cycles
0,2418052
page_index,time_cycles
0,1764388
page_index,time_cycles
0,639198
page_index,time_cycles
0,834446
page_index,time_cycles
0,1334946
page_index,time_cycles
0,2068046
page_index,time_cycles
0,3303230
page_index,time_cycles
0,701536
page_index,time_cycles
0,1723498
page_index,time_cycles
0,1670194
page_index,time_cycles
0,958122
page_index,time_cycles
0,1463574
page_index,time_cycles
0,1784500
page_index,time_cycles
0,1836560
page_index,time_cycles
0,1722656
page_index,time_cycles
0,1057612
page_index,time_cycles
0,1054140
page_index,time_cycles
0,2519706
page_index,time_cycles
0,2141642
page_index,time_cycles
0,808456
page_index,time_cycles
0,798634
page_index,time_cycles
0,879002
page_index,time_cycles
0,1058796
page_index,time_cycles
0,1936562
page_index,time_cycles
0,2251022
page_index,time_cycles
0,1943136
page_index,time_cycles
0,1482896
page_index,time_cycles
0,1770596
page_index,time_cycles
0,1570330
page_index,time_cycles
0,698048
page_index,time_cycles
0,1602920
page_index,time_cycles
0,3080390
page_index,time_cycles
0,2660586
page_index,time_cycles
0,1575740
page_index,time_cycles
0,885758
page_index,time_cycles
0,1474464
page_index,time_cycles
0,3591900
page_index,time_cycles
0,1954708
page_index,time_cycles
0,1081056
page_index,time_cycles
0,1724676
page_index,time_cycles
0,898770
page_index,time_cycles
0,1643944
page_index,time_cycles
0,1062588
page_index,time_cycles
0,2090830
page_index,time_cycles
0,1388248
page_index,time_cycles
0,769286
page_index,time_cycles
0,1750924
page_index,time_cycles
0,1212046
page_index,time_cycles
0,1340676
page_index,time_cycles
0,1081780
page_index,time_cycles
0,1663990
page_index,time_cycles
0,1725466
page_index,time_cycles
0,2309840
page_index,time_cycles
0,1367180
page_index,time_cycles
0,1271200
page_index,time_cycles
0,1159716
page_index,time_cycles
0,2455652
page_index,time_cycles
0,1788562
page_index,time_cycles
0,1683304
page_index,time_cycles
0,616176
page_index,time_cycles
0,1517664
page_index,time_cycles
0,793916
page_index,time_cycles
0,1878700
page_index,time_cycles
0,1989918
page_index,time_cycles
0,1961944
page_index,time_cycles
0,2183784
page_index,time_cycles
0,1135460
page_index,time_cycles
0,1128334
page_index,time_cycles
0,834332
page_index,time_cycles
0,637420
page_index,time_cycles
0,2514626
page_index,time_cycles
0,1537448
page_index,time_cycles
0,1662456
page_index,time_cycles
0,702776
page_index,time_cycles
0,6273554
page_index,time_cycles
0,990608
page_index,time_cycles
0,2178124
page_index,time_cycles
0,1856356
page_index,time_cycles
0,2611858
page_index,time_cycles
0,1406198
page_index,time_cycles
0,1522296
page_index,time_cycles
0,1724650
page_index,time_cycles
0,2250796
page_index,time_cycles
0,2253264
page_index,time_cycles
0,2299630
page_index,time_cycles
0,2163060
page_index,time_cycles
0,1962282
page_index,time_cycles
0,2469958
page_index,time_cycles
0,1469040
page_index,time_cycles
0,822702
page_index,time_cycles
0,2135544
page_index,time_cycles
0,1897982
page_index,time_cycles
0,1930166
page_index,time_cycles
0,2483358
page_index,time_cycles
0,929788
page_index,time_cycles
0,1248512
page_index,time_cycles
0,1392362
page_index,time_cycles
0,1194856
page_index,time_cycles
0,1877876
page_index,time_cycles
0,2166286
page_index,time_cycles
0,1129420
page_index,time_cycles
0,1281140
page_index,time_cycles
0,1105946
page_index,time_cycles
0,1143860
page_index,time_cycles
0,1750328
page_index,time_cycles
0,2191266
page_index,time_cycles
0,2442740
page_index,time_cycles
0,1644646
page_index,time_cycles
0,1489106
page_index,time_cycles
0,2718238
page_index,time_cycles
0,2291492
page_index,time_cycles
0,1378934
page_index,time_cycles
0,2263616
page_index,time_cycles
0,2900842
page_index,time_cycles
0,2262434
page_index,time_cycles
0,870984
page_index,time_cycles
0,1782926
page_index,time_cycles
0,727134
page_index,time_cycles
0,1604812
page_index,time_cycles
0,2312072
page_index,time_cycles
0,1517444
page_index,time_cycles
0,604518
page_index,time_cycles
0,1483968
page_index,time_cycles
0,1601866
page_index,time_cycles
0,859308
page_index,time_cycles
0,2504130
page_index,time_cycles
0,2175696
page_index,time_cycles
0,2392716
page_index,time_cycles
0,774726
page_index,time_cycles
0,1546258
page_index,time_cycles
0,1435426
page_index,time_cycles
0,2260572
page_index,time_cycles
0,2405588
page_index,time_cycles
0,1428486
page_index,time_cycles
0,1628914
page_index,time_cycles
0,2228822
page_index,time_cycles
0,2166916
page_index,time_cycles
0,1915804
page_index,time_cycles
0,1211504
page_index,time_cycles
0,1455030
page_index,time_cycles
0,2059204
page_index,time_cycles
0,2526642
page_index,time_cycles
0,973396
page_index,time_cycles
0,1438030
page_index,time_cycles
0,1028998
page_index,time_cycles
0,649142
page_index,time_cycles
0,2058690
page_index,time_cycles
0,1618876
page_index,time_cycles
0,1325642
page_index,time_cycles
0,1724556
page_index,time_cycles
0,637094
page_index,time_cycles
0,1895278
page_index,time_cycles
0,3132970
page_index,time_cycles
0,729008
page_index,time_cycles
0,1354166
page_index,time_cycles
0,1769338
page_index,time_cycles
0,3060244
page_index,time_cycles
0,899066
page_index,time_cycles
0,1180638
page_index,time_cycles
0,1424352
page_index,time_cycles
0,846456
page_index,time_cycles
0,2218848
page_index,time_cycles
0,1436586
page_index,time_cycles
0,3597994
page_index,time_cycles
0,1789616
page_index,time_cycles
0,1926974
page_index,time_cycles
0,669840
page_index,time_cycles
0,1249536
page_index,time_cycles
0,1127236
page_index,time_cycles
0,1709476
page_index,time_cycles
0,1640310
page_index,time_cycles
0,1733434
page_index,time_cycles
0,862412
page_index,time_cycles
0,2066948
page_index,time_cycles
0,1632798
page_index,time_cycles
0,1913030
page_index,time_cycles
0,1439208
page_index,time_cycles
0,1440636
page_index,time_cycles
0,1884984
page_index,time_cycles
0,1781140
page_index,time_cycles
0,843444
page_index,time_cycles
0,661062
page_index,time_cycles
0,1316684
page_index,time_cycles
0,847196
page_index,time_cycles
0,643662
page_index,time_cycles
0,2076632
page_index,time_cycles
0,2357744
page_index,time_cycles
0,2001092
page_index,time_cycles
0,1309310
page_index,time_cycles
0,1967654
page_index,time_cycles
0,1242620
page_index,time_cycles
0,1598056
page_index,time_cycles
0,1382312
page_index,time_cycles
0,2569794
page_index,time_cycles
0,1270194
page_index,time_cycles
0,3296902
page_index,time_cycles
0,2725360
page_index,time_cycles
0,1045186
page_index,time_cycles
0,1448872
page_index,time_cycles
0,2498732
page_index,time_cycles
0,1242012
page_index,time_cycles
0,1752970
page_index,time_cycles
0,1992212
page_index,time_cycles
0,2132082
page_index,time_cycles
0,1886450
page_index,time_cycles
0,1449088
page_index,time_cycles
0,825126
page_index,time_cycles
0,2481434
page_index,time_cycles
0,1738668
page_index,time_cycles
0,1764846
page_index,time_cycles
0,1978908
page_index,time_cycles
0,1282394
page_index,time_cycles
0,1784292
page_index,time_cycles
0,667006
page_index,time_cycles
0,1374478
page_index,time_cycles
0,1430508
page_index,time_cycles
0,739618
page_index,time_cycles
0,1715312
page_index,time_cycles
0,1368296
page_index,time_cycles
0,3132510
page_index,time_cycles
0,862732
page_index,time_cycles
0,1518654
page_index,time_cycles
0,950456
page_index,time_cycles
0,2588498
page_index,time_cycles
0,1673032
page_index,time_cycles
0,2443136
page_index,time_cycles
0,667476
page_index,time_cycles
0,1848132
page_index,time_cycles
0,2068916
page_index,time_cycles
0,1865394
page_index,time_cycles
0,1300548
page_index,time_cycles
0,1807154
page_index,time_cycles
0,1258958
page_index,time_cycles
0,1432486
page_index,time_cycles
0,1032894
page_index,time_cycles
0,1946898
page_index,time_cycles
0,862550
page_index,time_cycles
0,1619102
page_index,time_cycles
0,1593660
page_index,time_cycles
0,2291888
page_index,time_cycles
0,1562550
page_index,time_cycles
0,1249910
page_index,time_cycles
0,608604
page_index,time_cycles
0,827576
page_index,time_cycles
0,1905654
page_index,time_cycles
0,1620220
page_index,time_cycles
0,1977978
page_index,time_cycles
0,2130106
page_index,time_cycles
0,1679962
page_index,time_cycles
0,652742
page_index,time_cycles
0,2124050
page_index,time_cycles
0,1862352
page_index,time_cycles
0,2197666
page_index,time_cycles
0,2041990
page_index,time_cycles
0,1480866
page_index,time_cycles
0,1586146
page_index,time_cycles
0,1391488
page_index,time_cycles
0,1866836
page_index,time_cycles
0,755504
page_index,time_cycles
0,899464
page_index,time_cycles
0,1560024
page_index,time_cycles
0,1159774
page_index,time_cycles
0,2109764
page_index,time_cycles
0,2047746
page_index,time_cycles
0,2022832
page_index,time_cycles
0,1093628
page_index,time_cycles
0,2241646
page_index,time_cycles
0,2668532
page_index,time_cycles
0,2444912
page_index,time_cycles
0,1856554
page_index,time_cycles
0,1147266
page_index,time_cycles
0,1825262
page_index,time_cycles
0,1858560
page_index,time_cycles
0,1344104
page_index,time_cycles
0,2895836
page_index,time_cycles
0,2219338
page_index,time_cycles
0,1202134
page_index,time_cycles
0,1645628
page_index,time_cycles
0,1208692
page_index,time_cycles
0,2765904
page_index,time_cycles
0,2496846
page_index,time_cycles
0,1319900
page_index,time_cycles
0,1773632
page_index,time_cycles
0,2186754
page_index,time_cycles
0,2179978
page_index,time_cycles
0,1463722
page_index,time_cycles
0,824834
page_index,time_cycles
0,1258254
page_index,time_cycles
0,1555508
page_index,time_cycles
0,1263974
page_index,time_cycles
0,1881628
page_index,time_cycles
0,2165998
page_index,time_cycles
0,893200
page_index,time_cycles
0,862370
page_index,time_cycles
0,1135398
page_index,time_cycles
0,1473620
page_index,time_cycles
0,1838544
page_index,time_cycles
0,853538
page_index,time_cycles
0,1882964
page_index,time_cycles
0,1345212
page_index,time_cycles
0,1962924
page_index,time_cycles
0,1131110
page_index,time_cycles
0,2433552
page_index,time_cycles
0,1543672
page_index,time_cycles
0,1399298
page_index,time_cycles
0,1452356
page_index,time_cycles
0,2114862
page_index,time_cycles
0,2091488
page_index,time_cycles
0,1557528
page_index,time_cycles
0,1097782
page_index,time_cycles
0,1677216
page_index,time_cycles
0,1631492
page_index,time_cycles
0,2042890
page_index,time_cycles
0,1858154
page_index,time_cycles
0,1658948
page_index,time_cycles
0,1432778
page_index,time_cycles
0,2312472
page_index,time_cycles
0,1320962
page_index,time_cycles
0,958004
page_index,time_cycles
0,2160612
page_index,time_cycles
0,1839934
page_index,time_cycles
0,1658622
page_index,time_cycles
0,1703418
page_index,time_cycles
0,2375398
page_index,time_cycles
0,2205836
page_index,time_cycles
0,1687738
page_index,time_cycles
0,1850184
page_index,time_cycles
0,732866
page_index,time_cycles
0,1737184
page_index,time_cycles
0,1630382
page_index,time_cycles
0,870884
page_index,time_cycles
0,1079274
page_index,time_cycles
0,1783310
page_index,time_cycles
0,1573570
page_index,time_cycles
0,1639758
page_index,time_cycles
0,2096746
page_index,time_cycles
0,2057566
page_index,time_cycles
0,2206520
page_index,time_cycles
0,775638
page_index,time_cycles
0,873200
page_index,time_cycles
0,1621730
page_index,time_cycles
0,1373846
page_index,time_cycles
0,2122100
page_index,time_cycles
0,697912
page_index,time_cycles
0,1548190
page_index,time_cycles
0,3321736
page_index,time_cycles
0,696174
page_index,time_cycles
0,1379304
page_index,time_cycles
0,1503418
page_index,time_cycles
0,2411148
page_index,time_cycles
0,1547688
page_index,time_cycles
0,1108702
page_index,time_cycles
0,1240104
page_index,time_cycles
0,704172
page_index,time_cycles
0,3286670
page_index,time_cycles
0,1859010
page_index,time_cycles
0,1336648
page_index,time_cycles
0,2527696
page_index,time_cycles
0,1386470
page_index,time_cycles
0,2493474
page_index,time_cycles
0,2800774
page_index,time_cycles
0,879792
page_index,time_cycles
0,1448586
page_index,time_cycles
0,804506
page_index,time_cycles
0,2097890
page_index,time_cycles
0,2172012
page_index,time_cycles
0,1842574
page_index,time_cycles
0,1915110
page_index,time_cycles
0,2019226
page_index,time_cycles
0,2949778
page_index,time_cycles
0,2614634
page_index,time_cycles
0,2318844
page_index,time_cycles
0,2228422
page_index,time_cycles
0,1312760
page_index,time_cycles
0,1778856
page_index,time_cycles
0,2537360
page_index,time_cycles
0,2277984
page_index,time_cycles
0,2031870
page_index,time_cycles
0,781272
page_index,time_cycles
0,1379780
page_index,time_cycles
0,2136938
page_index,time_cycles
0,1365258
page_index,time_cycles
0,1710784
page_index,time_cycles
0,1480314
page_index,time_cycles
0,617870
page_index,time_cycles
0,887592
page_index,time_cycles
0,1487078
page_index,time_cycles
0,2594498
page_index,time_cycles
0,1657506
page_index,time_cycles
0,1640306
page_index,time_cycles
0,2901840
page_index,time_cycles
0,1001376
page_index,time_cycles
0,1835086
page_index,time_cycles
0,1855064
page_index,time_cycles
0,982110
page_index,time_cycles
0,1382320
page_index,time_cycles
0,756100
page_index,time_cycles
0,766560
page_index,time_cycles
0,771354
page_index,time_cycles
0,2331596
page_index,time_cycles
0,1620156
page_index,time_cycles
0,1388798
page_index,time_cycles
0,1032514
page_index,time_cycles
0,779530
page_index,time_cycles
0,705218
page_index,time_cycles
0,2199130
page_index,time_cycles
0,1906464
page_index,time_cycles
0,1393680
page_index,time_cycles
0,1051742
page_index,time_cycles
0,2590608
page_index,time_cycles
0,1161656
page_index,time_cycles
0,707758
page_index,time_cycles
0,812410
page_index,time_cycles
0,827678
page_index,time_cycles
0,2100096
page_index,time_cycles
0,1127976
page_index,time_cycles
0,648300
page_index,time_cycles
0,1102934
page_index,time_cycles
0,1570544
page_index,time_cycles
0,1397774
page_index,time_cycles
0,1287346
page_index,time_cycles
0,2203058
page_index,time_cycles
0,1273344
page_index,time_cycles
0,1382774
page_index,time_cycles
0,799240
page_index,time_cycles
0,706800
page_index,time_cycles
0,1614254
page_index,time_cycles
0,1518182
page_index,time_cycles
0,2182134
page_index,time_cycles
0,1258086
page_index,time_cycles
0,2765314
page_index,time_cycles
0,1600722
page_index,time_cycles
0,1934422
page_index,time_cycles
0,2968446
page_index,time_cycles
0,2303312
page_index,time_cycles
0,1545188
page_index,time_cycles
0,906040
page_index,time_cycles
0,2432340
page_index,time_cycles
0,659142
page_index,time_cycles
0,1702092
page_index,time_cycles
0,1696710
page_index,time_cycles
0,1203844
page_index,time_cycles
0,1039610
page_index,time_cycles
0,1645516
page_index,time_cycles
0,1407822
page_index,time_cycles
0,1839512
page_index,time_cycles
0,1352908
page_index,time_cycles
0,788256
page_index,time_cycles
0,1448742
page_index,time_cycles
0,1426048
page_index,time_cycles
0,793918
page_index,time_cycles
0,1547574
page_index,time_cycles
0,1668908
page_index,time_cycles
0,917688
page_index,time_cycles
0,1784080
page_index,time_cycles
0,1702260
page_index,time_cycles
0,2683418
page_index,time_cycles
0,1564604
page_index,time_cycles
0,2450678
page_index,time_cycles
0,1001888
page_index,time_cycles
0,4200516
page_index,time_cycles
0,3929050
page_index,time_cycles
0,1739060
page_index,time_cycles
0,700176
page_index,time_cycles
0,2483664
page_index,time_cycles
0,2223244
page_index,time_cycles
0,1993040
page_index,time_cycles
0,2204352
page_index,time_cycles
0,2290982
page_index,time_cycles
0,2305866
page_index,time_cycles
0,1383614
page_index,time_cycles
0,2212154
page_index,time_cycles
0,1594372
page_index,time_cycles
0,1217984
page_index,time_cycles
0,684432
page_index,time_cycles
0,1081044
page_index,time_cycles
0,1881562
page_index,time_cycles
0,1738910
page_index,time_cycles
0,2139390
page_index,time_cycles
0,1883648
page_index,time_cycles
0,2334860
page_index,time_cycles
0,2064470
page_index,time_cycles
0,2024162
page_index,time_cycles
0,824936
page_index,time_cycles
0,2221876
page_index,time_cycles
0,1725970
page_index,time_cycles
0,835372
page_index,time_cycles
0,2431676
page_index,time_cycles
0,1571922
page_index,time_cycles
0,1864718
page_index,time_cycles
0,792968
page_index,time_cycles
0,1003482
page_index,time_cycles
0,802320
page_index,time_cycles
0,1563476
page_index,time_cycles
0,2826018
page_index,time_cycles
0,1253374
page_index,time_cycles
0,1719210
page_index,time_cycles
0,666192
page_index,time_cycles
0,1719784
page_index,time_cycles
0,2150444
page_index,time_cycles
0,1210404
page_index,time_cycles
0,666700
page_index,time_cycles
0,1075200
page_index,time_cycles
0,1452654
page_index,time_cycles
0,1593282
page_index,time_cycles
0,2387974
page_index,time_cycles
0,788660
page_index,time_cycles
0,1476034
page_index,time_cycles
0,2044352
page_index,time_cycles
0,1347412
page_index,time_cycles
0,2478644
page_index,time_cycles
0,1186604
page_index,time_cycles
0,1880652
page_index,time_cycles
0,1960502
page_index,time_cycles
0,1118566
page_index,time_cycles
0,763770
page_index,time_cycles
0,1475284
page_index,time_cycles
0,2275916
page_index,time_cycles
0,1214494
page_index,time_cycles
0,1766414
page_index,time_cycles
0,1877828
page_index,time_cycles
0,1143210
page_index,time_cycles
0,1451544
page_index,time_cycles
0,2225634
page_index,time_cycles
0,2003942
page_index,time_cycles
0,2160404
page_index,time_cycles
0,1828524
page_index,time_cycles
0,1443214
page_index,time_cycles
0,1205938
page_index,time_cycles
0,2341498
page_index,time_cycles
0,1847094
page_index,time_cycles
0,1909940
page_index,time_cycles
0,2148762
page_index,time_cycles
0,1765996
page_index,time_cycles
0,2307778
page_index,time_cycles
0,1329472
page_index,time_cycles
0,1314542
page_index,time_cycles
0,1329094
page_index,time_cycles
0,1248784
page_index,time_cycles
0,1973100
page_index,time_cycles
0,1078904
page_index,time_cycles
0,2084634
page_index,time_cycles
0,2183018
page_index,time_cycles
0,1058972
page_index,time_cycles
0,2147222
page_index,time_cycles
0,1295148
page_index,time_cycles
0,1966488
page_index,time_cycles
0,1527166
page_index,time_cycles
0,2115416
page_index,time_cycles
0,2033700
page_index,time_cycles
0,1377508
page_index,time_cycles
0,1263636
page_index,time_cycles
0,1942378
page_index,time_cycles
0,3121480
page_index,time_cycles
0,1751908
page_index,time_cycles
0,1367980
page_index,time_cycles
0,1518750
page_index,time_cycles
0,1731592
page_index,time_cycles
0,1290516
page_index,time_cycles
0,1648706
page_index,time_cycles
0,632986
page_index,time_cycles
0,1375046
page_index,time_cycles
0,2513210
page_index,time_cycles
0,1869752
page_index,time_cycles
0,1579698
page_index,time_cycles
0,2192738
page_index,time_cycles
0,2660818
page_index,time_cycles
0,1511016
page_index,time_cycles
0,1975194
page_index,time_cycles
0,1053744
page_index,time_cycles
0,719760
page_index,time_cycles
0,937238
page_index,time_cycles
0,905176
page_index,time_cycles
0,1690210
page_index,time_cycles
0,1168632
page_index,time_cycles
0,2100358
page_index,time_cycles
0,1883322
page_index,time_cycles
0,1752594
page_index,time_cycles
0,2015228
page_index,time_cycles
0,2517046
page_index,time_cycles
0,2572424
page_index,time_cycles
0,2581826
page_index,time_cycles
0,790380
page_index,time_cycles
0,1690662
page_index,time_cycles
0,1346386
page_index,time_cycles
0,1410072
page_index,time_cycles
0,1878106
page_index,time_cycles
0,1283656
page_index,time_cycles
0,2158632
page_index,time_cycles
0,1976876
page_index,time_cycles
0,1327190
page_index,time_cycles
0,662856
page_index,time_cycles
0,1491130
page_index,time_cycles
0,1415800
page_index,time_cycles
0,3228942
page_index,time_cycles
0,1083496
page_index,time_cycles
0,1403424
page_index,time_cycles
0,1482326
page_index,time_cycles
0,1978572
page_index,time_cycles
0,1189546
page_index,time_cycles
0,1428912
page_index,time_cycles
0,1419676
page_index,time_cycles
0,1681164
page_index,time_cycles
0,2269414
page_index,time_cycles
0,1149408
page_index,time_cycles
0,2054540
page_index,time_cycles
0,1129458
page_index,time_cycles
0,2349022
page_index,time_cycles
0,1591188
page_index,time_cycles
0,2198916
page_index,time_cycles
0,1653006
page_index,time_cycles
0,1729354
page_index,time_cycles
0,748876
page_index,time_cycles
0,2138266
page_index,time_cycles
0,1595782
page_index,time_cycles
0,1402046
page_index,time_cycles
0,3674686
page_index,time_cycles
0,2231442
page_index,time_cycles
0,1322458
page_index,time_cycles
0,1700898
page_index,time_cycles
0,1269740
page_index,time_cycles
0,1517198
page_index,time_cycles
0,1927544
page_index,time_cycles
0,1261682
page_index,time_cycles
0,1513492
page_index,time_cycles
0,1543720
page_index,time_cycles
0,735742
page_index,time_cycles
0,1344252
page_index,time_cycles
0,3056068
page_index,time_cycles
0,838056
page_index,time_cycles
0,769212
page_index,time_cycles
0,1846784
page_index,time_cycles
0,1209932
page_index,time_cycles
0,2317602
page_index,time_cycles
0,1963636
page_index,time_cycles
0,886920
page_index,time_cycles
0,1232908
page_index,time_cycles
0,1181458
page_index,time_cycles
0,899826
page_index,time_cycles
0,1166684
page_index,time_cycles
0,681334
page_index,time_cycles
0,2038500
page_index,time_cycles
0,1351304
page_index,time_cycles
0,1481060
page_index,time_cycles
0,1137934
page_index,time_cycles
0,1682608
page_index,time_cycles
0,1089916
page_index,time_cycles
0,810510
page_index,time_cycles
0,1077740
page_index,time_cycles
0,700822
page_index,time_cycles
0,733364
page_index,time_cycles
0,728464
page_index,time_cycles
0,2278370
page_index,time_cycles
0,1134548
page_index,time_cycles
0,1774828
page_index,time_cycles
0,2104226
page_index,time_cycles
0,815708
page_index,time_cycles
0,1089240
page_index,time_cycles
0,1895686
page_index,time_cycles
0,1695182
page_index,time_cycles
0,1174046
page_index,time_cycles
0,1410936
page_index,time_cycles
0,2392316
page_index,time_cycles
0,1929634
page_index,time_cycles
0,1676036
page_index,time_cycles
0,977138
page_index,time_cycles
0,2001842
page_index,time_cycles
0,1524144
page_index,time_cycles
0,1103564
page_index,time_cycles
0,689780
page_index,time_cycles
0,2122940
page_index,time_cycles
0,840614
page_index,time_cycles
0,1673300
page_index,time_cycles
0,1327578
page_index,time_cycles
0,2234160
page_index,time_cycles
0,975238
page_index,time_cycles
0,1510668
page_index,time_cycles
0,1591798
page_index,time_cycles
0,1764012
page_index,time_cycles
0,1770048
page_index,time_cycles
0,1962820
page_index,time_cycles
0,1392062
page_index,time_cycles
0,2829940
page_index,time_cycles
0,2816154
page_index,time_cycles
0,2350306
page_index,time_cycles
0,1249474
page_index,time_cycles
0,2216088
page_index,time_cycles
0,1658104
page_index,time_cycles
0,2073206
page_index,time_cycles
0,1364676
page_index,time_cycles
0,3148754
page_index,time_cycles
0,1695324
page_index,time_cycles
0,1397752
page_index,time_cycles
0,1988132
page_index,time_cycles
0,995544
page_index,time_cycles
0,729554
page_index,time_cycles
0,1615368
page_index,time_cycles
0,874316
page_index,time_cycles
0,1866976
page_index,time_cycles
0,2247562
page_index,time_cycles
0,1634078
page_index,time_cycles
0,1009536
page_index,time_cycles
0,1646900
page_index,time_cycles
0,1385464
page_index,time_cycles
0,1009314
page_index,time_cycles
0,2568176
page_index,time_cycles
0,2330250
page_index,time_cycles
0,1606158
page_index,time_cycles
0,748138
page_index,time_cycles
0,1904424
page_index,time_cycles
0,2472734
page_index,time_cycles
0,1916128
page_index,time_cycles
0,2475842
page_index,time_cycles
0,2308006
page_index,time_cycles
0,2242124
page_index,time_cycles
0,2003794
page_index,time_cycles
0,1403340
page_index,time_cycles
0,2688806
page_index,time_cycles
0,1416278
page_index,time_cycles
0,1033896
page_index,time_cycles
0,2424636
page_index,time_cycles
0,2162894
page_index,time_cycles
0,1216452
page_index,time_cycles
0,2177956
page_index,time_cycles
0,1856810
page_index,time_cycles
0,2120706
page_index,time_cycles
0,1831152
page_index,time_cycles
0,1819446
page_index,time_cycles
0,2230878
page_index,time_cycles
0,1096022
page_index,time_cycles
0,1362850
page_index,time_cycles
0,1462250
page_index,time_cycles
0,2149108
page_index,time_cycles
0,1751882
page_index,time_cycles
0,2318590
page_index,time_cycles
0,2356734
page_index,time_cycles
0,1046880
page_index,time_cycles
0,1385890
page_index,time_cycles
0,2329158
page_index,time_cycles
0,2096172
page_index,time_cycles
0,1265182
page_index,time_cycles
0,2974204
page_index,time_cycles
0,1597070
page_index,time_cycles
0,2072462
page_index,time_cycles
0,2085680
page_index,time_cycles
0,1612190
page_index,time_cycles
0,819972
page_index,time_cycles
0,1799108
page_index,time_cycles
0,1081136
page_index,time_cycles
0,2043804
page_index,time_cycles
0,1113050
page_index,time_cycles
0,1704422
page_index,time_cycles
0,2543688
page_index,time_cycles
0,1145782
page_index,time_cycles
0,1331884
page_index,time_cycles
0,2208074
page_index,time_cycles
0,1235236
page_index,time_cycles
0,1652582
page_index,time_cycles
0,1360834
page_index,time_cycles
0,1356380
page_index,time_cycles
0,1390528
page_index,time_cycles
0,2025276
page_index,time_cycles
0,1366618
page_index,time_cycles
0,2568384
page_index,time_cycles
0,1659780
page_index,time_cycles
0,1858902
page_index,time_cycles
0,1777562
page_index,time_cycles
0,2216990
page_index,time_cycles
0,1070924
page_index,time_cycles
0,1582910
page_index,time_cycles
0,779570
page_index,time_cycles
0,1619074
page_index,time_cycles
0,1960422
page_index,time_cycles
0,2893188
page_index,time_cycles
0,1334416
page_index,time_cycles
0,1859190
page_index,time_cycles
0,909170
page_index,time_cycles
0,2104654
page_index,time_cycles
0,1510850
page_index,time_cycles
0,2676210
page_index,time_cycles
0,758482
page_index,time_cycles
0,1433704
page_index,time_cycles
0,3577726
page_index,time_cycles
0,1005984
page_index,time_cycles
0,931490
page_index,time_cycles
0,2253598
page_index,time_cycles
0,1219640
page_index,time_cycles
0,1258568
page_index,time_cycles
0,1986176
page_index,time_cycles
0,1395514
page_index,time_cycles
0,1367826
page_index,time_cycles
0,2677696
page_index,time_cycles
0,831416
page_index,time_cycles
0,2827048
page_index,time_cycles
0,2332524
page_index,time_cycles
0,2224954
page_index,time_cycles
0,1638110
page_index,time_cycles
0,1395940
page_index,time_cycles
0,2479566
page_index,time_cycles
0,2008484
page_index,time_cycles
0,901728
page_index,time_cycles
0,2744928
page_index,time_cycles
0,3633358
page_index,time_cycles
0,1980836
page_index,time_cycles
0,899248
page_index,time_cycles
0,1508720
page_index,time_cycles
0,2276446
page_index,time_cycles
0,2239644
page_index,time_cycles
0,1421564
page_index,time_cycles
0,2299200
page_index,time_cycles
0,2078418
page_index,time_cycles
0,1164692
page_index,time_cycles
0,2051718
page_index,time_cycles
0,1753660
page_index,time_cycles
0,1652442
page_index,time_cycles
0,2728122
page_index,time_cycles
0,1996142
page_index,time_cycles
0,709602
page_index,time_cycles
0,1962024
page_index,time_cycles
0,1472524
page_index,time_cycles
0,2521300
page_index,time_cycles
0,1203156
page_index,time_cycles
0,2092188
page_index,time_cycles
0,1392254
page_index,time_cycles
0,2529134
page_index,time_cycles
0,2257410
page_index,time_cycles
0,1397184
page_index,time_cycles
0,898750
page_index,time_cycles
0,1657214
page_index,time_cycles
0,2443930
page_index,time_cycles
0,1118132
page_index,time_cycles
0,1419986
page_index,time_cycles
0,1510980
page_index,time_cycles
0,1864148
page_index,time_cycles
0,1418402
page_index,time_cycles
0,1969844
page_index,time_cycles
0,1589440
page_index,time_cycles
0,1760048
page_index,time_cycles
0,2020858
page_index,time_cycles
0,1061694
page_index,time_cycles
0,1390324
page_index,time_cycles
0,1120724
page_index,time_cycles
0,2024968
page_index,time_cycles
0,640154
page_index,time_cycles
0,1302202
page_index,time_cycles
0,805572
page_index,time_cycles
0,786510
page_index,time_cycles
0,3167990
page_index,time_cycles
0,1433220
page_index,time_cycles
0,1719280
page_index,time_cycles
0,1415828
page_index,time_cycles
0,1354962
page_index,time_cycles
0,2276468
page_index,time_cycles
0,1281086
page_index,time_cycles
0,3226862
page_index,time_cycles
0,3581800
page_index,time_cycles
0,1603686
page_index,time_cycles
0,2647754
page_index,time_cycles
0,906524
page_index,time_cycles
0,796300
page_index,time_cycles
0,2371488
page_index,time_cycles
0,2085058
page_index,time_cycles
0,2528628
page_index,time_cycles
0,1774820
page_index,time_cycles
0,3083340
page_index,time_cycles
0,1724354
page_index,time_cycles
0,1684048
page_index,time_cycles
0,2934744
page_index,time_cycles
0,1639340
page_index,time_cycles
0,1332950
page_index,time_cycles
0,1346940
page_index,time_cycles
0,646696
page_index,time_cycles
0,1674506
page_index,time_cycles
0,1447452
page_index,time_cycles
0,1973424
page_index,time_cycles
0,1101362
page_index,time_cycles
0,2162664
page_index,time_cycles
0,2601470
page_index,time_cycles
0,1595410
page_index,time_cycles
0,1494248
page_index,time_cycles
0,2028382
page_index,time_cycles
0,1626834
page_index,time_cycles
0,1571164
page_index,time_cycles
0,1246510
page_index,time_cycles
0,1415582
page_index,time_cycles
0,1527358
page_index,time_cycles
0,907394
page_index,time_cycles
0,2110078
page_index,time_cycles
0,3190230
page_index,time_cycles
0,2404386
page_index,time_cycles
0,1891248
page_index,time_cycles
0,2217390
page_index,time_cycles
0,1283760
page_index,time_cycles
0,2317552
page_index,time_cycles
0,1859364
page_index,time_cycles
0,877052
page_index,time_cycles
0,2539292
page_index,time_cycles
0,1939678
page_index,time_cycles
0,1793332
page_index,time_cycles
0,2219652
page_index,time_cycles
0,1732882
page_index,time_cycles
0,2272228
page_index,time_cycles
0,1957088
page_index,time_cycles
0,855256
page_index,time_cycles
0,1381426
page_index,time_cycles
0,1850516
page_index,time_cycles
0,1898658
page_index,time_cycles
0,2023852
page_index,time_cycles
0,1516648
page_index,time_cycles
0,1431416
page_index,time_cycles
0,1794448
page_index,time_cycles
0,2966790
page_index,time_cycles
0,1653306
page_index,time_cycles
0,1411876
page_index,time_cycles
0,1844996
page_index,time_cycles
0,2975676
page_index,time_cycles
0,2418512
page_index,time_cycles
0,1230942
page_index,time_cycles
0,2065794
page_index,time_cycles
0,1808670
page_index,time_cycles
0,1103702
page_index,time_cycles
0,689656
page_index,time_cycles
0,2343488
page_index,time_cycles
0,1215106
page_index,time_cycles
0,2422170
page_index,time_cycles
0,731226
page_index,time_cycles
0,973612
page_index,time_cycles
0,1660216
page_index,time_cycles
0,1670160
page_index,time_cycles
0,1171014
page_index,time_cycles
0,1788146
page_index,time_cycles
0,1433632
page_index,time_cycles
0,862558
page_index,time_cycles
0,928316
page_index,time_cycles
0,2048336
page_index,time_cycles
0,771028
page_index,time_cycles
0,1560522
page_index,time_cycles
0,1432414
page_index,time_cycles
0,1313594
page_index,time_cycles
0,1555002
page_index,time_cycles
0,1132172
page_index,time_cycles
0,685274
page_index,time_cycles
0,1019820
page_index,time_cycles
0,1079662
page_index,time_cycles
0,1183328
page_index,time_cycles
0,640110
page_index,time_cycles
0,703432
page_index,time_cycles
0,1510524
page_index,time_cycles
0,653892
page_index,time_cycles
0,1774146
page_index,time_cycles
0,1333018
page_index,time_cycles
0,693756
page_index,time_cycles
0,2224280
page_index,time_cycles
0,1381598
page_index,time_cycles
0,1175196
page_index,time_cycles
0,1442706
page_index,time_cycles
0,1931170
page_index,time_cycles
0,2542274
page_index,time_cycles
0,1231080
page_index,time_cycles
0,2043072
page_index,time_cycles
0,1862366
page_index,time_cycles
0,677042
page_index,time_cycles
0,1825660
page_index,time_cycles
0,2093966
page_index,time_cycles
0,1910892
page_index,time_cycles
0,3513590
page_index,time_cycles
0,1436654
page_index,time_cycles
0,1230812
page_index,time_cycles
0,2245926
page_index,time_cycles
0,1165604
page_index,time_cycles
0,1178486
page_index,time_cycles
0,1441072
page_index,time_cycles
0,1441326
page_index,time_cycles
0,2229968
page_index,time_cycles
0,1825364
page_index,time_cycles
0,1699174
page_index,time_cycles
0,1373654
page_index,time_cycles
0,2847618
page_index,time_cycles
0,2529780
page_index,time_cycles
0,860484
page_index,time_cycles
0,1025966
page_index,time_cycles
0,1915920
page_index,time_cycles
0,1130690
page_index,time_cycles
0,1541396
page_index,time_cycles
0,1221316
page_index,time_cycles
0,3013684
page_index,time_cycles
0,1233274
page_index,time_cycles
0,1761214
page_index,time_cycles
0,1488464
page_index,time_cycles
0,1470948
page_index,time_cycles
0,1867426
page_index,time_cycles
0,906494
page_index,time_cycles
0,1022654
page_index,time_cycles
0,1652746
page_index,time_cycles
0,1709688
page_index,time_cycles
0,1807514
page_index,time_cycles
0,715168
page_index,time_cycles
0,2590928
page_index,time_cycles
0,2231900
page_index,time_cycles
0,2263042
page_index,time_cycles
0,1928986
page_index,time_cycles
0,1695076
page_index,time_cycles
0,630102
page_index,time_cycles
0,1509628
page_index,time_cycles
0,829984
page_index,time_cycles
0,797508
page_index,time_cycles
0,2198876
page_index,time_cycles
0,865406
page_index,time_cycles
0,2040712
page_index,time_cycles
0,1175164
page_index,time_cycles
0,1599886
page_index,time_cycles
0,1417002
page_index,time_cycles
0,748170
page_index,time_cycles
0,1677380
page_index,time_cycles
0,2238804
page_index,time_cycles
0,1112602
page_index,time_cycles
0,1232402
page_index,time_cycles
0,1736700
page_index,time_cycles
0,1539194
page_index,time_cycles
0,771340
page_index,time_cycles
0,619664
page_index,time_cycles
0,2381774
page_index,time_cycles
0,2237598
page_index,time_cycles
0,1832694
page_index,time_cycles
0,2733744
page_index,time_cycles
0,1145738
page_index,time_cycles
0,1136520
page_index,time_cycles
0,1425288
page_index,time_cycles
0,2033828
page_index,time_cycles
0,2501262
page_index,time_cycles
0,1094458
page_index,time_cycles
0,1024874
page_index,time_cycles
0,1911952
page_index,time_cycles
0,717424
page_index,time_cycles
0,817922
page_index,time_cycles
0,1783444
page_index,time_cycles
0,1970860
page_index,time_cycles
0,1601070
page_index,time_cycles
0,1702140
page_index,time_cycles
0,2518470
page_index,time_cycles
0,1361092
page_index,time_cycles
0,767742
page_index,time_cycles
0,1538336
page_index,time_cycles
0,2663554
page_index,time_cycles
0,1725060
page_index,time_cycles
0,1928012
page_index,time_cycles
0,729570
page_index,time_cycles
0,2032398
page_index,time_cycles
0,2094444
page_index,time_cycles
0,2384994
page_index,time_cycles
0,2484712
page_index,time_cycles
0,1810546
page_index,time_cycles
0,702006
page_index,time_cycles
0,1846784
page_index,time_cycles
0,1463656
page_index,time_cycles
0,785788
page_index,time_cycles
0,686928
page_index,time_cycles
0,2538806
page_index,time_cycles
0,2140378
page_index,time_cycles
0,1173894
page_index,time_cycles
0,1535938
page_index,time_cycles
0,810550
page_index,time_cycles
0,1089682
page_index,time_cycles
0,3019482
page_index,time_cycles
0,2179820
page_index,time_cycles
0,1961296
page_index,time_cycles
0,2150312
page_index,time_cycles
0,2665968
page_index,time_cycles
0,1150900
page_index,time_cycles
0,1378402
page_index,time_cycles
0,796566
page_index,time_cycles
0,737256
page_index,time_cycles
0,1143364
page_index,time_cycles
0,620620
page_index,time_cycles
0,839778
page_index,time_cycles
0,2004580
page_index,time_cycles
0,1257208
page_index,time_cycles
0,2511988
page_index,time_cycles
0,2531372
page_index,time_cycles
0,1650268
page_index,time_cycles
0,2035666
page_index,time_cycles
0,1551060
page_index,time_cycles
0,3000950
page_index,time_cycles
0,1976642
page_index,time_cycles
0,2179656
page_index,time_cycles
0,1222726
page_index,time_cycles
0,1144450
page_index,time_cycles
0,1829124
page_index,time_cycles
0,1668932
page_index,time_cycles
0,723062
page_index,time_cycles
0,1764772
page_index,time_cycles
0,2381546
page_index,time_cycles
0,1629982
page_index,time_cycles
0,2173834
page_index,time_cycles
0,892870
page_index,time_cycles
0,882850
page_index,time_cycles
0,2188674
page_index,time_cycles
0,1327300
page_index,time_cycles
0,1955910
page_index,time_cycles
0,2052298
page_index,time_cycles
0,1669742
page_index,time_cycles
0,822650
page_index,time_cycles
0,1222174
page_index,time_cycles
0,1819642
page_index,time_cycles
0,1379672
page_index,time_cycles
0,1423280
page_index,time_cycles
0,1928888
page_index,time_cycles
0,920198
page_index,time_cycles
0,2182450
page_index,time_cycles
0,1461444
page_index,time_cycles
0,1561116
page_index,time_cycles
0,1737284
page_index,time_cycles
0,692624
page_index,time_cycles
0,2030238
page_index,time_cycles
0,1628086
page_index,time_cycles
0,717332
page_index,time_cycles
0,838980
page_index,time_cycles
0,1622600
page_index,time_cycles
0,1708200
page_index,time_cycles
0,1808728
page_index,time_cycles
0,826980
page_index,time_cycles
0,1190726
page_index,time_cycles
0,2365482
page_index,time_cycles
0,1086920
page_index,time_cycles
0,675368
page_index,time_cycles
0,2481592
page_index,time_cycles
0,954494
page_index,time_cycles
0,849916
page_index,time_cycles
0,1102190
page_index,time_cycles
0,1021164
page_index,time_cycles
0,1517216
page_index,time_cycles
0,1395144
page_index,time_cycles
0,2486040
page_index,time_cycles
0,2525280
page_index,time_cycles
0,2988450
page_index,time_cycles
0,1793580
page_index,time_cycles
0,1104436
page_index,time_cycles
0,2876266
page_index,time_cycles
0,2133116
page_index,time_cycles
0,2934538
page_index,time_cycles
0,2096066
page_index,time_cycles
0,1152574
page_index,time_cycles
0,1003358
page_index,time_cycles
0,623346
page_index,time_cycles
0,774732
page_index,time_cycles
0,614520
page_index,time_cycles
0,1637274
page_index,time_cycles
0,1151204
page_index,time_cycles
0,1056990
page_index,time_cycles
0,1462606
page_index,time_cycles
0,1402912
page_index,time_cycles
0,1793390
page_index,time_cycles
0,1158886
page_index,time_cycles
0,1462542
page_index,time_cycles
0,1843608
page_index,time_cycles
0,2102780
page_index,time_cycles
0,1936414
page_index,time_cycles
0,1605716
page_index,time_cycles
0,2228402
page_index,time_cycles
0,1747274
page_index,time_cycles
0,1143108
page_index,time_cycles
0,2000088
page_index,time_cycles
0,1066418
page_index,time_cycles
0,2082024
page_index,time_cycles
0,1600876
page_index,time_cycles
0,1052650
page_index,time_cycles
0,2035866
page_index,time_cycles
0,1376508
page_index,time_cycles
0,1572288
page_index,time_cycles
0,761324
page_index,time_cycles
0,1493102
page_index,time_cycles
0,2403916
page_index,time_cycles
0,2418578
page_index,time_cycles
0,2392152
page_index,time_cycles
0,1558950
page_index,time_cycles
0,1747918
page_index,time_cycles
0,2016442
page_index,time_cycles
0,1944414
page_index,time_cycles
0,638274
page_index,time_cycles
0,1728254
page_index,time_cycles
0,855374
page_index,time_cycles
0,2226184
page_index,time_cycles
0,1906216
page_index,time_cycles
0,1481912
page_index,time_cycles
0,833668
page_index,time_cycles
0,662102
page_index,time_cycles
0,1682716
page_index,time_cycles
0,1942486
page_index,time_cycles
0,1405466
page_index,time_cycles
0,1610536
page_index,time_cycles
0,2308384
page_index,time_cycles
0,2482898
page_index,time_cycles
0,1350988
page_index,time_cycles
0,3274488
page_index,time_cycles
0,1324096
page_index,time_cycles
0,1184106
page_index,time_cycles
0,2318052
page_index,time_cycles
0,1064188
page_index,time_cycles
0,2720310
page_index,time_cycles
0,1635910
page_index,time_cycles
0,2123168
page_index,time_cycles
0,1590996
page_index,time_cycles
0,2263962
page_index,time_cycles
0,961498
page_index,time_cycles
0,2312734
page_index,time_cycles
0,1541086
page_index,time_cycles
0,2307140
page_index,time_cycles
0,991450
page_index,time_cycles
0,1879720
page_index,time_cycles
0,1857974
page_index,time_cycles
0,2629200
page_index,time_cycles
0,2250012
page_index,time_cycles
0,3893446
page_index,time_cycles
0,1651134
page_index,time_cycles
0,2194560
page_index,time_cycles
0,1707790
page_index,time_cycles
0,1371432
page_index,time_cycles
0,2011298
page_index,time_cycles
0,2752754
page_index,time_cycles
0,894724
page_index,time_cycles
0,2532126
page_index,time_cycles
0,756782
page_index,time_cycles
0,1850242
page_index,time_cycles
0,2858652
page_index,time_cycles
0,2540926
page_index,time_cycles
0,1925384
page_index,time_cycles
0,2077154
page_index,time_cycles
0,2168902
page_index,time_cycles
0,1922436
page_index,time_cycles
0,1858982
page_index,time_cycles
0,1944910
page_index,time_cycles
0,660138
page_index,time_cycles
0,2766916
page_index,time_cycles
0,2253396
page_index,time_cycles
0,770630
page_index,time_cycles
0,1356714
page_index,time_cycles
0,2051392
page_index,time_cycles
0,1243576
page_index,time_cycles
0,1269464
page_index,time_cycles
0,658202
page_index,time_cycles
0,1676578
page_index,time_cycles
0,1816304
page_index,time_cycles
0,3175442
page_index,time_cycles
0,1247148
page_index,time_cycles
0,1220754
page_index,time_cycles
0,1241770
page_index,time_cycles
0,791660
page_index,time_cycles
0,2197108
page_index,time_cycles
0,1378382
page_index,time_cycles
0,2229588
page_index,time_cycles
0,1425326
page_index,time_cycles
0,765524
page_index,time_cycles
0,1542232
page_index,time_cycles
0,1680440
page_index,time_cycles
0,1713402
page_index,time_cycles
0,2490838
page_index,time_cycles
0,1407182
page_index,time_cycles
0,1219696
page_index,time_cycles
0,2010774
page_index,time_cycles
0,1867738
page_index,time_cycles
0,1873164
page_index,time_cycles
0,1771678
page_index,time_cycles
0,623258
page_index,time_cycles
0,2010238
page_index,time_cycles
0,1952590
page_index,time_cycles
0,1749324
page_index,time_cycles
0,2071256
page_index,time_cycles
0,1910456
page_index,time_cycles
0,1507646
page_index,time_cycles
0,1867898
page_index,time_cycles
0,1545130
page_index,time_cycles
0,1455132
page_index,time_cycles
0,824244
page_index,time_cycles
0,659672
page_index,time_cycles
0,2397538
page_index,time_cycles
0,707296
page_index,time_cycles
0,1055546
page_index,time_cycles
0,1657882
page_index,time_cycles
0,679242
page_index,time_cycles
0,1160946
page_index,time_cycles
0,1844540
page_index,time_cycles
0,2693692
page_index,time_cycles
0,910868
page_index,time_cycles
0,777344
page_index,time_cycles
0,1058872
page_index,time_cycles
0,1879986
page_index,time_cycles
0,1379220
page_index,time_cycles
0,774880
page_index,time_cycles
0,2742618
page_index,time_cycles
0,709520
page_index,time_cycles
0,2560230
page_index,time_cycles
0,2409262
page_index,time_cycles
0,2238024
page_index,time_cycles
0,1215316
page_index,time_cycles
0,2657502
page_index,time_cycles
0,1371048
page_index,time_cycles
0,1996006
page_index,time_cycles
0,1500116
page_index,time_cycles
0,674890
page_index,time_cycles
0,2371394
page_index,time_cycles
0,2893036
page_index,time_cycles
0,1867658
page_index,time_cycles
0,2938412
page_index,time_cycles
0,2275108
page_index,time_cycles
0,1282950
page_index,time_cycles
0,3227464
page_index,time_cycles
0,1764502
page_index,time_cycles
0,1244112
page_index,time_cycles
0,1419636
page_index,time_cycles
0,698000
page_index,time_cycles
0,1853954
page_index,time_cycles
0,1759784
page_index,time_cycles
0,1600818
page_index,time_cycles
0,1398284
page_index,time_cycles
0,1686328
page_index,time_cycles
0,2183200
page_index,time_cycles
0,1825646
page_index,time_cycles
0,1547554
page_index,time_cycles
0,1576378
page_index,time_cycles
0,1884348
page_index,time_cycles
0,1520194
page_index,time_cycles
0,1265340
page_index,time_cycles
0,2615252
page_index,time_cycles
0,2292278
page_index,time_cycles
0,1664170
page_index,time_cycles
0,1182654
page_index,time_cycles
0,714816
page_index,time_cycles
0,1938456
page_index,time_cycles
0,2310056
page_index,time_cycles
0,2029400
page_index,time_cycles
0,1567874
page_index,time_cycles
0,1547818
page_index,time_cycles
0,961940
page_index,time_cycles
0,1293050
page_index,time_cycles
0,1633092
page_index,time_cycles
0,766192
page_index,time_cycles
0,616512
page_index,time_cycles
0,973580
page_index,time_cycles
0,1820954
page_index,time_cycles
0,1637538
page_index,time_cycles
0,758188
page_index,time_cycles
0,1246480
page_index,time_cycles
0,662718
page_index,time_cycles
0,2138410
page_index,time_cycles
0,2295630
page_index,time_cycles
0,710588
page_index,time_cycles
0,1818162
page_index,time_cycles
0,1113458
page_index,time_cycles
0,1643050
page_index,time_cycles
0,917770
page_index,time_cycles
0,1412460
page_index,time_cycles
0,713798
page_index,time_cycles
0,2662000
page_index,time_cycles
0,774082
page_index,time_cycles
0,965948
page_index,time_cycles
0,1424660
page_index,time_cycles
0,2041990
page_index,time_cycles
0,1246346
page_index,time_cycles
0,2397948
page_index,time_cycles
0,2280010
page_index,time_cycles
0,1797590
page_index,time_cycles
0,828330
page_index,time_cycles
0,1796942
page_index,time_cycles
0,2060264
page_index,time_cycles
0,643906
page_index,time_cycles
0,2282530
page_index,time_cycles
0,1129224
page_index,time_cycles
0,1925288
page_index,time_cycles
0,771252
page_index,time_cycles
0,1888056
page_index,time_cycles
0,1036668
page_index,time_cycles
0,1347486
page_index,time_cycles
0,1246436
page_index,time_cycles
0,1714576
page_index,time_cycles
0,2267798
page_index,time_cycles
0,1442854
page_index,time_cycles
0,1354164
page_index,time_cycles
0,1841808
page_index,time_cycles
0,1721534
page_index,time_cycles
0,1889440
page_index,time_cycles
0,3171258
page_index,time_cycles
0,1012538
page_index,time_cycles
0,1755582
page_index,time_cycles
0,1862818
page_index,time_cycles
0,2399924
page_index,time_cycles
0,2121342
page_index,time_cycles
0,2330462
page_index,time_cycles
0,1561186
page_index,time_cycles
0,1796716
page_index,time_cycles
0,3123252
page_index,time_cycles
0,2120136
page_index,time_cycles
0,1528828
page_index,time_cycles
0,1965752
page_index,time_cycles
0,1221754
page_index,time_cycles
0,2142182
page_index,time_cycles
0,1721580
page_index,time_cycles
0,3073054
page_index,time_cycles
0,2010380
page_index,time_cycles
0,1818232
page_index,time_cycles
0,2175652
page_index,time_cycles
0,1209826
page_index,time_cycles
0,2094712
page_index,time_cycles
0,1534100
page_index,time_cycles
0,2623530
page_index,time_cycles
0,982736
page_index,time_cycles
0,1935744
page_index,time_cycles
0,1196178
page_index,time_cycles
0,1208274
page_index,time_cycles
0,2087744
page_index,time_cycles
0,1623238
page_index,time_cycles
0,2450688
page_index,time_cycles
0,1056176
page_index,time_cycles
0,2209920
page_index,time_cycles
0,1524212
page_index,time_cycles
0,2525504
page_index,time_cycles
0,724960
page_index,time_cycles
0,2590544
page_index,time_cycles
0,1947582
page_index,time_cycles
0,2826524
page_index,time_cycles
0,2579116
page_index,time_cycles
0,1374300
page_index,time_cycles
0,2141714
page_index,time_cycles
0,1936690
page_index,time_cycles
0,868232
page_index,time_cycles
0,1142502
page_index,time_cycles
0,814312
page_index,time_cycles
0,2191580
page_index,time_cycles
0,1930288
page_index,time_cycles
0,1117822
page_index,time_cycles
0,2151706
page_index,time_cycles
0,623898
page_index,time_cycles
0,3201764
page_index,time_cycles
0,1538586
page_index,time_cycles
0,2145840
page_index,time_cycles
0,1137908
page_index,time_cycles
0,1339472
page_index,time_cycles
0,1747582
page_index,time_cycles
0,1919074
page_index,time_cycles
0,1841498
page_index,time_cycles
0,1887508
page_index,time_cycles
0,1395688
page_index,time_cycles
0,736154
page_index,time_cycles
0,2250572
page_index,time_cycles
0,1616514
page_index,time_cycles
0,1346692
page_index,time_cycles
0,1940678
page_index,time_cycles
0,1718378
page_index,time_cycles
0,1526750
page_index,time_cycles
0,1839460
page_index,time_cycles
0,1436806
page_index,time_cycles
0,1943136
page_index,time_cycles
0,2259956
page_index,time_cycles
0,822386
page_index,time_cycles
0,1521200
page_index,time_cycles
0,2001944
page_index,time_cycles
0,1264348
page_index,time_cycles
0,2775242
page_index,time_cycles
0,1988290
page_index,time_cycles
0,1197504
page_index,time_cycles
0,2002398
page_index,time_cycles
0,1089234
page_index,time_cycles
0,1871366
page_index,time_cycles
0,630176
page_index,time_cycles
0,3187676
page_index,time_cycles
0,665680
page_index,time_cycles
0,799142
page_index,time_cycles
0,2154668
page_index,time_cycles
0,851452
page_index,time_cycles
0,648146
page_index,time_cycles
0,817424
page_index,time_cycles
0,1609510
page_index,time_cycles
0,1257070
page_index,time_cycles
0,893614
page_index,time_cycles
0,3046790
page_index,time_cycles
0,764856
page_index,time_cycles
0,1444560
page_index,time_cycles
0,2940626
page_index,time_cycles
0,806468
page_index,time_cycles
0,1494264
page_index,time_cycles
0,3051000
page_index,time_cycles
0,688480
page_index,time_cycles
0,874204
page_index,time_cycles
0,3416182
page_index,time_cycles
0,849136
page_index,time_cycles
0,764496
page_index,time_cycles
0,3325242
page_index,time_cycles
0,817894
page_index,time_cycles
0,979970
page_index,time_cycles
0,2360720
page_index,time_cycles
0,3465716
page_index,time_cycles
0,743484
page_index,time_cycles
0,784000
page_index,time_cycles
0,2293480
page_index,time_cycles
0,836070
page_index,time_cycles
0,1801268
page_index,time_cycles
0,849248
page_index,time_cycles
0,1526058
page_index,time_cycles
0,1417550
page_index,time_cycles
0,781174
page_index,time_cycles
0,639028
page_index,time_cycles
0,795722
page_index,time_cycles
0,929512
page_index,time_cycles
0,788104
page_index,time_cycles
0,1342892
page_index,time_cycles
0,1086766
page_index,time_cycles
0,3116136
page_index,time_cycles
0,781626
page_index,time_cycles
0,898530
page_index,time_cycles
0,1026836
page_index,time_cycles
0,3091666
page_index,time_cycles
0,1415526
page_index,time_cycles
0,2784974
page_index,time_cycles
0,814052
page_index,time_cycles
0,1072778
page_index,time_cycles
0,662918
page_index,time_cycles
0,3083566
page_index,time_cycles
0,844260
page_index,time_cycles
0,2297360
page_index,time_cycles
0,1632446
page_index,time_cycles
0,2236694
page_index,time_cycles
0,2622102
page_index,time_cycles
0,3000564
page_index,time_cycles
0,2457948
page_index,time_cycles
0,1479324
page_index,time_cycles
0,2603034
page_index,time_cycles
0,1176600
page_index,time_cycles
0,2246678
page_index,time_cycles
0,828238
page_index,time_cycles
0,2824220
page_index,time_cycles
0,1878176
page_index,time_cycles
0,2135408
page_index,time_cycles
0,1530568
page_index,time_cycles
0,1874310
page_index,time_cycles
0,3081864
page_index,time_cycles
0,1450082
page_index,time_cycles
0,1160338
page_index,time_cycles
0,2122654
page_index,time_cycles
0,2187290
page_index,time_cycles
0,1468762
page_index,time_cycles
0,1699564
page_index,time_cycles
0,711564
page_index,time_cycles
0,2405940
page_index,time_cycles
0,1955846
page_index,time_cycles
0,1996560
page_index,time_cycles
0,895816
page_index,time_cycles
0,1985630
page_index,time_cycles
0,3416934
page_index,time_cycles
0,1882376
page_index,time_cycles
0,863206
page_index,time_cycles
0,1962926
page_index,time_cycles
0,1347814
page_index,time_cycles
0,1148360
page_index,time_cycles
0,782566
page_index,time_cycles
0,698096
page_index,time_cycles
0,1129292
page_index,time_cycles
0,1896470
page_index,time_cycles
0,1809826
page_index,time_cycles
0,1762694
page_index,time_cycles
0,1589108
page_index,time_cycles
0,1612310
page_index,time_cycles
0,2563570
page_index,time_cycles
0,2664102
page_index,time_cycles
0,2203844
page_index,time_cycles
0,1733268
page_index,time_cycles
0,786418
page_index,time_cycles
0,2968704
page_index,time_cycles
0,1620572
page_index,time_cycles
0,1490390
page_index,time_cycles
0,3896522
page_index,time_cycles
0,1124774
page_index,time_cycles
0,1460564
page_index,time_cycles
0,1962714
page_index,time_cycles
0,2030128
page_index,time_cycles
0,2055490
page_index,time_cycles
0,803284
page_index,time_cycles
0,1464592
page_index,time_cycles
0,1525766
page_index,time_cycles
0,1690536
page_index,time_cycles
0,1842614
page_index,time_cycles
0,1745560
page_index,time_cycles
0,1906494
page_index,time_cycles
0,1899944
page_index,time_cycles
0,1255190
page_index,time_cycles
0,1721574
page_index,time_cycles
0,1927136
page_index,time_cycles
0,1217580
page_index,time_cycles
0,2213370
page_index,time_cycles
0,1452100
page_index,time_cycles
0,2538726
page_index,time_cycles
0,2447438
page_index,time_cycles
0,2189468
page_index,time_cycles
0,1732662
page_index,time_cycles
0,2236586
page_index,time_cycles
0,1619152
page_index,time_cycles
0,2273494
page_index,time_cycles
0,2357038
page_index,time_cycles
0,2214670
page_index,time_cycles
0,1487742
page_index,time_cycles
0,2428348
page_index,time_cycles
0,2430416
page_index,time_cycles
0,2532824
page_index,time_cycles
0,796766
page_index,time_cycles
0,1661478
page_index,time_cycles
0,3531926
page_index,time_cycles
0,1558712
page_index,time_cycles
0,1874226
page_index,time_cycles
0,1275142
page_index,time_cycles
0,1911466
page_index,time_cycles
0,791120
page_index,time_cycles
0,2617914
page_index,time_cycles
0,1484832
page_index,time_cycles
0,1111490
page_index,time_cycles
0,1624810
page_index,time_cycles
0,2108534
page_index,time_cycles
0,2119628
page_index,time_cycles
0,1553462
page_index,time_cycles
0,1136708
page_index,time_cycles
0,2987452
page_index,time_cycles
0,1643734
page_index,time_cycles
0,1341928
page_index,time_cycles
0,1458344
page_index,time_cycles
0,801724
page_index,time_cycles
0,1041850
page_index,time_cycles
0,2746826
page_index,time_cycles
0,2303992
page_index,time_cycles
0,1377156
page_index,time_cycles
0,2760820
page_index,time_cycles
0,2635154
page_index,time_cycles
0,2232680
page_index,time_cycles
0,2213508
page_index,time_cycles
0,2320520
page_index,time_cycles
0,2709632
page_index,time_cycles
0,1910300
page_index,time_cycles
0,1404136
page_index,time_cycles
0,1530868
page_index,time_cycles
0,2530496
page_index,time_cycles
0,1004664
page_index,time_cycles
0,2844850
page_index,time_cycles
0,2142578
page_index,time_cycles
0,1302094
page_index,time_cycles
0,757450
page_index,time_cycles
0,2304988
page_index,time_cycles
0,686512
page_index,time_cycles
0,2121702
page_index,time_cycles
0,968408
page_index,time_cycles
0,1178246
page_index,time_cycles
0,2166474
page_index,time_cycles
0,1160732
page_index,time_cycles
0,630042
page_index,time_cycles
0,2386736
page_index,time_cycles
0,2132404
page_index,time_cycles
0,1903130
page_index,time_cycles
0,1597886
page_index,time_cycles
0,785062
page_index,time_cycles
0,1177428
page_index,time_cycles
0,1799490
page_index,time_cycles
0,2193688
page_index,time_cycles
0,2631410
page_index,time_cycles
0,1747676
page_index,time_cycles
0,1905680
page_index,time_cycles
0,1023234
page_index,time_cycles
0,1684124
page_index,time_cycles
0,933100
page_index,time_cycles
0,1835988
page_index,time_cycles
0,1611652
page_index,time_cycles
0,2015578
page_index,time_cycles
0,1680766
page_index,time_cycles
0,2147756
page_index,time_cycles
0,1256334
page_index,time_cycles
0,2204924
page_index,time_cycles
0,2370420
page_index,time_cycles
0,2150806
page_index,time_cycles
0,2442902
page_index,time_cycles
0,1947540
page_index,time_cycles
0,1268762
page_index,time_cycles
0,1548808
page_index,time_cycles
0,1006598
page_index,time_cycles
0,2005940
page_index,time_cycles
0,1064862
page_index,time_cycles
0,2063734
page_index,time_cycles
0,677624
page_index,time_cycles
0,1755994
page_index,time_cycles
0,1995624
page_index,time_cycles
0,1837910
page_index,time_cycles
0,2165010
page_index,time_cycles
0,1854598
page_index,time_cycles
0,2436342
page_index,time_cycles
0,2196864
page_index,time_cycles
0,1413672
page_index,time_cycles
0,2037850
page_index,time_cycles
0,1916916
page_index,time_cycles
0,2378338
page_index,time_cycles
0,885946
page_index,time_cycles
0,1277810
page_index,time_cycles
0,2523396
page_index,time_cycles
0,1499932
page_index,time_cycles
0,3186116
page_index,time_cycles
0,734982
page_index,time_cycles
0,2178168
page_index,time_cycles
0,2231822
page_index,time_cycles
0,668848
page_index,time_cycles
0,1535358
page_index,time_cycles
0,644578
page_index,time_cycles
0,2383480
page_index,time_cycles
0,2157348
page_index,time_cycles
0,1352066
page_index,time_cycles
0,1261782
page_index,time_cycles
0,929384
page_index,time_cycles
0,889846
page_index,time_cycles
0,1167660
page_index,time_cycles
0,722564
page_index,time_cycles
0,2110670
page_index,time_cycles
0,1174456
page_index,time_cycles
0,2172744
page_index,time_cycles
0,1740418
page_index,time_cycles
0,859150
page_index,time_cycles
0,653620
page_index,time_cycles
0,1712868
page_index,time_cycles
0,716600
page_index,time_cycles
0,2204404
page_index,time_cycles
0,4288954
page_index,time_cycles
0,1305158
page_index,time_cycles
0,1002244
page_index,time_cycles
0,1955428
page_index,time_cycles
0,3259548
page_index,time_cycles
0,2001684
page_index,time_cycles
0,1997522
page_index,time_cycles
0,1817626
page_index,time_cycles
0,2134230
page_index,time_cycles
0,2107540
page_index,time_cycles
0,1212384
page_index,time_cycles
0,2116472
page_index,time_cycles
0,1897642
page_index,time_cycles
0,801468
page_index,time_cycles
0,2619116
page_index,time_cycles
0,2172736
page_index,time_cycles
0,1245308
page_index,time_cycles
0,2016950
page_index,time_cycles
0,1284150
page_index,time_cycles
0,1325750
page_index,time_cycles
0,996296
page_index,time_cycles
0,1358564
page_index,time_cycles
0,1817692
page_index,time_cycles
0,1644240
page_index,time_cycles
0,1479184
page_index,time_cycles
0,1089748
page_index,time_cycles
0,746194
page_index,time_cycles
0,824902
page_index,time_cycles
0,1813512
page_index,time_cycles
0,2242130
page_index,time_cycles
0,647170
page_index,time_cycles
0,1875390
page_index,time_cycles
0,1292032
page_index,time_cycles
0,1820072
page_index,time_cycles
0,899124
page_index,time_cycles
0,2119522
page_index,time_cycles
0,2294608
page_index,time_cycles
0,2142708
page_index,time_cycles
0,1729836
page_index,time_cycles
0,1630670
page_index,time_cycles
0,1744720
page_index,time_cycles
0,1524802
page_index,time_cycles
0,1394900
page_index,time_cycles
0,1659180
page_index,time_cycles
0,2420024
page_index,time_cycles
0,905478
page_index,time_cycles
0,1936008
page_index,time_cycles
0,1563858
page_index,time_cycles
0,1026172
page_index,time_cycles
0,1574112
page_index,time_cycles
0,782292
page_index,time_cycles
0,2866152
page_index,time_cycles
0,2016378
page_index,time_cycles
0,1160472
page_index,time_cycles
0,889106
page_index,time_cycles
0,1648678
page_index,time_cycles
0,1360922
page_index,time_cycles
0,2226938
page_index,time_cycles
0,1673344
page_index,time_cycles
0,2333608
page_index,time_cycles
0,2642642
page_index,time_cycles
0,1252366
page_index,time_cycles
0,3113962
page_index,time_cycles
0,1621022
page_index,time_cycles
0,1754772
page_index,time_cycles
0,1915350
page_index,time_cycles
0,2212626
page_index,time_cycles
0,1634160
page_index,time_cycles
0,1153722
page_index,time_cycles
0,1576022
page_index,time_cycles
0,2147276
page_index,time_cycles
0,1287392
page_index,time_cycles
0,2235672
page_index,time_cycles
0,2210648
page_index,time_cycles
0,2545752
page_index,time_cycles
0,1492954
page_index,time_cycles
0,2105340
page_index,time_cycles
0,834402
page_index,time_cycles
0,1342628
page_index,time_cycles
0,2127096
page_index,time_cycles
0,1581960
page_index,time_cycles
0,708408
page_index,time_cycles
0,1536138
page_index,time_cycles
0,2263746
page_index,time_cycles
0,2764184
page_index,time_cycles
0,1763732
page_index,time_cycles
0,1894344
page_index,time_cycles
0,754948
page_index,time_cycles
0,1420324
page_index,time_cycles
0,996104
page_index,time_cycles
0,2378794
page_index,time_cycles
0,1784352
page_index,time_cycles
0,1588878
page_index,time_cycles
0,2511968
page_index,time_cycles
0,1475706
page_index,time_cycles
0,1582798
page_index,time_cycles
0,2272566
page_index,time_cycles
0,2232116
page_index,time_cycles
0,1532954
page_index,time_cycles
0,1403400
page_index,time_cycles
0,2002790
page_index,time_cycles
0,1398098
page_index,time_cycles
0,2278908
page_index,time_cycles
0,1491720
page_index,time_cycles
0,2350782
page_index,time_cycles
0,2648606
page_index,time_cycles
0,818564
page_index,time_cycles
0,1187902
page_index,time_cycles
0,2478044
page_index,time_cycles
0,1388086
page_index,time_cycles
0,3435966
page_index,time_cycles
0,792136
page_index,time_cycles
0,1960248
page_index,time_cycles
0,2162540
page_index,time_cycles
0,815420
page_index,time_cycles
0,2445904
page_index,time_cycles
0,618016
page_index,time_cycles
0,703434
page_index,time_cycles
0,1608614
page_index,time_cycles
0,919092
page_index,time_cycles
0,2398644
page_index,time_cycles
0,1705038
page_index,time_cycles
0,1773594
page_index,time_cycles
0,780814
page_index,time_cycles
0,1169824
page_index,time_cycles
0,2270282
page_index,time_cycles
0,2310334
page_index,time_cycles
0,2229398
page_index,time_cycles
0,1864116
page_index,time_cycles
0,692560
page_index,time_cycles
0,1285670
page_index,time_cycles
0,4219194
page_index,time_cycles
0,2113780
page_index,time_cycles
0,2599080
page_index,time_cycles
0,1106712
page_index,time_cycles
0,2319178
page_index,time_cycles
0,988150
page_index,time_cycles
0,872994
page_index,time_cycles
0,1964388
page_index,time_cycles
0,2242398
page_index,time_cycles
0,1193846
page_index,time_cycles
0,2573062
page_index,time_cycles
0,1542050
page_index,time_cycles
0,1302286
page_index,time_cycles
0,1175922
page_index,time_cycles
0,1326758
page_index,time_cycles
0,1799640
page_index,time_cycles
0,3050808
page_index,time_cycles
0,1863184
page_index,time_cycles
0,1745764
page_index,time_cycles
0,1084926
page_index,time_cycles
0,1526752
page_index,time_cycles
0,1950498
page_index,time_cycles
0,1442278
page_index,time_cycles
0,693520
page_index,time_cycles
0,1311576
page_index,time_cycles
0,1068466
page_index,time_cycles
0,1747122
page_index,time_cycles
0,1556578
page_index,time_cycles
0,1874528
page_index,time_cycles
0,1774710
page_index,time_cycles
0,2336042
page_index,time_cycles
0,685878
page_index,time_cycles
0,2134574
page_index,time_cycles
0,1056168
page_index,time_cycles
0,2483936
page_index,time_cycles
0,2173976
page_index,time_cycles
0,763748
page_index,time_cycles
0,777134
page_index,time_cycles
0,2352574
page_index,time_cycles
0,1223652
page_index,time_cycles
0,1752632
page_index,time_cycles
0,1029826
page_index,time_cycles
0,2250914
page_index,time_cycles
0,862774
page_index,time_cycles
0,3547722
page_index,time_cycles
0,1356596
page_index,time_cycles
0,2092770
page_index,time_cycles
0,2717464
page_index,time_cycles
0,1684298
page_index,time_cycles
0,1289868
page_index,time_cycles
0,1372710
page_index,time_cycles
0,1947890
page_index,time_cycles
0,1891202
page_index,time_cycles
0,1118186
page_index,time_cycles
0,1506866
page_index,time_cycles
0,3373010
page_index,time_cycles
0,2296524
page_index,time_cycles
0,3524646
page_index,time_cycles
0,1181492
page_index,time_cycles
0,1261962
page_index,time_cycles
0,1261698
page_index,time_cycles
0,1805958
page_index,time_cycles
0,2584090
page_index,time_cycles
0,1993958
page_index,time_cycles
0,1720052
page_index,time_cycles
0,2112802
page_index,time_cycles
0,644340
page_index,time_cycles
0,2386464
page_index,time_cycles
0,2071494
page_index,time_cycles
0,633608
page_index,time_cycles
0,625894
page_index,time_cycles
0,1606546
page_index,time_cycles
0,1041732
page_index,time_cycles
0,1943770
page_index,time_cycles
0,2381012
page_index,time_cycles
0,1700638
page_index,time_cycles
0,1718508
page_index,time_cycles
0,2253454
page_index,time_cycles
0,1059350
page_index,time_cycles
0,1458528
page_index,time_cycles
0,2039832
page_index,time_cycles
0,1725456
page_index,time_cycles
0,1971856
page_index,time_cycles
0,3223848
page_index,time_cycles
0,1260612
page_index,time_cycles
0,1799682
page_index,time_cycles
0,2552580
page_index,time_cycles
0,2550338
page_index,time_cycles
0,1489982
page_index,time_cycles
0,1084118
page_index,time_cycles
0,2372238
page_index,time_cycles
0,2064374
page_index,time_cycles
0,859198
page_index,time_cycles
0,2735010
page_index,time_cycles
0,1154180
page_index,time_cycles
0,3231738
page_index,time_cycles
0,836002
page_index,time_cycles
0,2744848
page_index,time_cycles
0,797978
page_index,time_cycles
0,1657336
page_index,time_cycles
0,2099560
page_index,time_cycles
0,3408668
page_index,time_cycles
0,2977786
page_index,time_cycles
0,1644576
page_index,time_cycles
0,2275170
page_index,time_cycles
0,1515518
page_index,time_cycles
0,2057776
page_index,time_cycles
0,1365960
page_index,time_cycles
0,756086
page_index,time_cycles
0,2418572
page_index,time_cycles
0,2285578
page_index,time_cycles
0,2629928
page_index,time_cycles
0,655778
page_index,time_cycles
0,988648
page_index,time_cycles
0,2187210
page_index,time_cycles
0,1832164
page_index,time_cycles
0,1609510
page_index,time_cycles
0,671356
page_index,time_cycles
0,2098722
page_index,time_cycles
0,1232866
page_index,time_cycles
0,1878610
page_index,time_cycles
0,2296626
page_index,time_cycles
0,807246
page_index,time_cycles
0,718672
page_index,time_cycles
0,1998996
page_index,time_cycles
0,2112920
page_index,time_cycles
0,2658676
page_index,time_cycles
0,2817360
page_index,time_cycles
0,1664602
page_index,time_cycles
0,1974476
page_index,time_cycles
0,1243136
page_index,time_cycles
0,1515330
page_index,time_cycles
0,1118674
page_index,time_cycles
0,2049976
page_index,time_cycles
0,1832360
page_index,time_cycles
0,2383910
page_index,time_cycles
0,1821340
page_index,time_cycles
0,2152770
page_index,time_cycles
0,1732152
page_index,time_cycles
0,811072
page_index,time_cycles
0,1544696
page_index,time_cycles
0,1377572
page_index,time_cycles
0,1733666
page_index,time_cycles
0,2341956
page_index,time_cycles
0,1976668
page_index,time_cycles
0,1726216
page_index,time_cycles
0,1556342
page_index,time_cycles
0,1709040
page_index,time_cycles
0,2363110
page_index,time_cycles
0,784274
page_index,time_cycles
0,2101806
page_index,time_cycles
0,644398
page_index,time_cycles
0,2263962
page_index,time_cycles
0,1431790
page_index,time_cycles
0,729828
page_index,time_cycles
0,2192900
page_index,time_cycles
0,1578900
page_index,time_cycles
0,2231130
page_index,time_cycles
0,923900
page_index,time_cycles
0,1282698
page_index,time_cycles
0,1426904
page_index,time_cycles
0,851070
page_index,time_cycles
0,716262
page_index,time_cycles
0,1190052
page_index,time_cycles
0,1168588
page_index,time_cycles
0,2077498
page_index,time_cycles
0,1007896
page_index,time_cycles
0,1901934
page_index,time_cycles
0,2183274
page_index,time_cycles
0,1664022
page_index,time_cycles
0,2309858
page_index,time_cycles
0,2188538
page_index,time_cycles
0,608532
page_index,time_cycles
0,1224784
page_index,time_cycles
0,2094684
page_index,time_cycles
0,713284
page_index,time_cycles
0,1740472
page_index,time_cycles
0,1570666
page_index,time_cycles
0,1172020
page_index,time_cycles
0,1960480
page_index,time_cycles
0,2403876
page_index,time_cycles
0,697078
page_index,time_cycles
0,2106072
page_index,time_cycles
0,2934734
page_index,time_cycles
0,3212298
page_index,time_cycles
0,1792400
page_index,time_cycles
0,2582020
page_index,time_cycles
0,729526
page_index,time_cycles
0,1674120
page_index,time_cycles
0,1580712
page_index,time_cycles
0,1015894
page_index,time_cycles
0,712380
page_index,time_cycles
0,2766804
page_index,time_cycles
0,1540162
page_index,time_cycles
0,848190
page_index,time_cycles
0,1385566
page_index,time_cycles
0,1559972
page_index,time_cycles
0,2083768
page_index,time_cycles
0,2855058
page_index,time_cycles
0,2228676
page_index,time_cycles
0,1804804
page_index,time_cycles
0,844864
page_index,time_cycles
0,2028268
page_index,time_cycles
0,2262098
page_index,time_cycles
0,1641036
page_index,time_cycles
0,2038316
page_index,time_cycles
0,2174464
page_index,time_cycles
0,1385998
page_index,time_cycles
0,2276934
page_index,time_cycles
0,1552748
page_index,time_cycles
0,1969128
page_index,time_cycles
0,1716528
page_index,time_cycles
0,1044580
page_index,time_cycles
0,1497316
page_index,time_cycles
0,1346462
page_index,time_cycles
0,1196088
page_index,time_cycles
0,1254536
page_index,time_cycles
0,648112
page_index,time_cycles
0,900840
page_index,time_cycles
0,1410578
page_index,time_cycles
0,2140846
page_index,time_cycles
0,1110942
page_index,time_cycles
0,2105506
page_index,time_cycles
0,1706286
page_index,time_cycles
0,1707980
page_index,time_cycles
0,2291432
page_index,time_cycles
0,754112
page_index,time_cycles
0,1940696
page_index,time_cycles
0,2116068
page_index,time_cycles
0,1663326
page_index,time_cycles
0,850604
page_index,time_cycles
0,964042
page_index,time_cycles
0,1805930
page_index,time_cycles
0,1848514
page_index,time_cycles
0,1708506
page_index,time_cycles
0,1314916
page_index,time_cycles
0,1153438
page_index,time_cycles
0,1280596
page_index,time_cycles
0,1725088
page_index,time_cycles
0,1474568
page_index,time_cycles
0,1463348
page_index,time_cycles
0,2433052
page_index,time_cycles
0,796950
page_index,time_cycles
0,2572118
page_index,time_cycles
0,2768262
page_index,time_cycles
0,763502
page_index,time_cycles
0,912332
page_index,time_cycles
0,3420594
page_index,time_cycles
0,1351348
page_index,time_cycles
0,2894716
page_index,time_cycles
0,1675458
page_index,time_cycles
0,2081902
page_index,time_cycles
0,706708
page_index,time_cycles
0,1672802
page_index,time_cycles
0,1875280
page_index,time_cycles
0,1522348
page_index,time_cycles
0,1765342
page_index,time_cycles
0,1212686
page_index,time_cycles
0,1481234
page_index,time_cycles
0,1434196
page_index,time_cycles
0,1498114
page_index,time_cycles
0,1222764
page_index,time_cycles
0,1623044
page_index,time_cycles
0,2897806
page_index,time_cycles
0,717456
page_index,time_cycles
0,2739728
page_index,time_cycles
0,2518254
page_index,time_cycles
0,2298188
page_index,time_cycles
0,3081076
page_index,time_cycles
0,716300
page_index,time_cycles
0,1133452
page_index,time_cycles
0,1783742
page_index,time_cycles
0,1892330
page_index,time_cycles
0,2012170
page_index,time_cycles
0,1276538
page_index,time_cycles
0,2205246
page_index,time_cycles
0,1554724
page_index,time_cycles
0,1645128
page_index,time_cycles
0,2472286
page_index,time_cycles
0,1755318
page_index,time_cycles
0,2697960
page_index,time_cycles
0,2492596
page_index,time_cycles
0,1274940
page_index,time_cycles
0,1883746
page_index,time_cycles
0,1220066
page_index,time_cycles
0,1119130
page_index,time_cycles
0,1558970
page_index,time_cycles
0,771830
page_index,time_cycles
0,1160624
page_index,time_cycles
0,2601848
page_index,time_cycles
0,2568188
page_index,time_cycles
0,1767658
page_index,time_cycles
0,1516202
page_index,time_cycles
0,1161776
page_index,time_cycles
0,724410
page_index,time_cycles
0,1548048
page_index,time_cycles
0,695854
page_index,time_cycles
0,1298468
page_index,time_cycles
0,760744
page_index,time_cycles
0,794976
page_index,time_cycles
0,1554204
page_index,time_cycles
0,1911104
page_index,time_cycles
0,2151854
page_index,time_cycles
0,1211258
page_index,time_cycles
0,982762
page_index,time_cycles
0,1306092
page_index,time_cycles
0,1913218
page_index,time_cycles
0,2307804
page_index,time_cycles
0,1958310
page_index,time_cycles
0,1730582
page_index,time_cycles
0,890860
page_index,time_cycles
0,2359946
page_index,time_cycles
0,2931012
page_index,time_cycles
0,1579200
page_index,time_cycles
0,1718290
page_index,time_cycles
0,1770362
page_index,time_cycles
0,1735046
page_index,time_cycles
0,1727478
page_index,time_cycles
0,1324132
page_index,time_cycles
0,2573762
page_index,time_cycles
0,798530
page_index,time_cycles
0,2037302
page_index,time_cycles
0,1924938
page_index,time_cycles
0,634236
page_index,time_cycles
0,1471468
page_index,time_cycles
0,1785426
page_index,time_cycles
0,1354474
page_index,time_cycles
0,2403354
page_index,time_cycles
0,825084
page_index,time_cycles
0,1385746
page_index,time_cycles
0,1891114
page_index,time_cycles
0,1601172
page_index,time_cycles
0,753068
page_index,time_cycles
0,1817728
page_index,time_cycles
0,1415386
page_index,time_cycles
0,2364904
page_index,time_cycles
0,1775334
page_index,time_cycles
0,813556
page_index,time_cycles
0,2094968
page_index,time_cycles
0,1142666
page_index,time_cycles
0,1540354
page_index,time_cycles
0,1335032
page_index,time_cycles
0,2250572
page_index,time_cycles
0,2154458
page_index,time_cycles
0,1407602
page_index,time_cycles
0,2427472
page_index,time_cycles
0,2173174
page_index,time_cycles
0,1116492
page_index,time_cycles
0,3249546
page_index,time_cycles
0,1830700
page_index,time_cycles
0,2055284
page_index,time_cycles
0,2660056
page_index,time_cycles
0,1493892
page_index,time_cycles
0,853984
page_index,time_cycles
0,1414560
page_index,time_cycles
0,819428
page_index,time_cycles
0,2509956
page_index,time_cycles
0,2537160
page_index,time_cycles
0,1623812
page_index,time_cycles
0,1406496
page_index,time_cycles
0,1276440
page_index,time_cycles
0,2120154
page_index,time_cycles
0,942526
page_index,time_cycles
0,2493610
page_index,time_cycles
0,1311962
page_index,time_cycles
0,1668504
page_index,time_cycles
0,2298856
page_index,time_cycles
0,1426124
page_index,time_cycles
0,1876962
page_index,time_cycles
0,1512046
page_index,time_cycles
0,2103364
page_index,time_cycles
0,1782726
page_index,time_cycles
0,946852
page_index,time_cycles
0,1541024
page_index,time_cycles
0,656716
page_index,time_cycles
0,1934214
page_index,time_cycles
0,2556680
page_index,time_cycles
0,1526404
page_index,time_cycles
0,2270340
page_index,time_cycles
0,887442
page_index,time_cycles
0,1945334
page_index,time_cycles
0,1851606
page_index,time_cycles
0,1885162
page_index,time_cycles
0,2500684
page_index,time_cycles
0,1555124
page_index,time_cycles
0,3065324
page_index,time_cycles
0,1883978
page_index,time_cycles
0,1590720
page_index,time_cycles
0,1335068
page_index,time_cycles
0,2716260
page_index,time_cycles
0,2363006
page_index,time_cycles
0,1446480
page_index,time_cycles
0,2573010
page_index,time_cycles
0,1499778
page_index,time_cycles
0,2120104
page_index,time_cycles
0,2648836
page_index,time_cycles
0,2195606
page_index,time_cycles
0,1668550
page_index,time_cycles
0,849088
page_index,time_cycles
0,975080
page_index,time_cycles
0,1786544
page_index,time_cycles
0,1214938
page_index,time_cycles
0,1487130
page_index,time_cycles
0,1362140
page_index,time_cycles
0,2660528
page_index,time_cycles
0,643474
page_index,time_cycles
0,1486908
page_index,time_cycles
0,1483530
page_index,time_cycles
0,2074404
page_index,time_cycles
0,2320102
page_index,time_cycles
0,1012240
page_index,time_cycles
0,2296932
page_index,time_cycles
0,3165138
page_index,time_cycles
0,2268156
page_index,time_cycles
0,1013292
page_index,time_cycles
0,2769110
page_index,time_cycles
0,1581776
page_index,time_cycles
0,1128110
page_index,time_cycles
0,2636822
page_index,time_cycles
0,3164294
page_index,time_cycles
0,2504878
page_index,time_cycles
0,2574026
page_index,time_cycles
0,931860
page_index,time_cycles
0,2593718
page_index,time_cycles
0,2076190
page_index,time_cycles
0,2490460
page_index,time_cycles
0,2904506
page_index,time_cycles
0,3442386
page_index,time_cycles
0,766238
page_index,time_cycles
0,1320686
page_index,time_cycles
0,1493054
page_index,time_cycles
0,1183590
page_index,time_cycles
0,1241036
page_index,time_cycles
0,2392384
page_index,time_cycles
0,857792
page_index,time_cycles
0,1980920
page_index,time_cycles
0,1129900
page_index,time_cycles
0,829150
page_index,time_cycles
0,1200314
page_index,time_cycles
0,1396710
page_index,time_cycles
0,935384
page_index,time_cycles
0,1941406
page_index,time_cycles
0,1742868
page_index,time_cycles
0,1415534
page_index,time_cycles
0,1226566
page_index,time_cycles
0,1538944
page_index,time_cycles
0,2224022
page_index,time_cycles
0,1109880
page_index,time_cycles
0,2212716
page_index,time_cycles
0,793886
page_index,time_cycles
0,1871660
page_index,time_cycles
0,1544300
page_index,time_cycles
0,1412766
page_index,time_cycles
0,908902
page_index,time_cycles
0,1480644
page_index,time_cycles
0,2030386
page_index,time_cycles
0,1556172
page_index,time_cycles
0,2054520
page_index,time_cycles
0,2904802
page_index,time_cycles
0,1516972
page_index,time_cycles
0,2960504
page_index,time_cycles
0,2415522
page_index,time_cycles
0,2511320
page_index,time_cycles
0,2542126
page_index,time_cycles
0,1212718
page_index,time_cycles
0,1228012
page_index,time_cycles
0,2555680
page_index,time_cycles
0,612884
page_index,time_cycles
0,665764
page_index,time_cycles
0,2137590
page_index,time_cycles
0,1683306
page_index,time_cycles
0,779358
page_index,time_cycles
0,1549494
page_index,time_cycles
0,2066984
page_index,time_cycles
0,1948948
page_index,time_cycles
0,1841816
page_index,time_cycles
0,1732698
page_index,time_cycles
0,2255314
page_index,time_cycles
0,1552378
page_index,time_cycles
0,907334
page_index,time_cycles
0,2084268
page_index,time_cycles
0,1768482
page_index,time_cycles
0,1630372
page_index,time_cycles
0,2717954
page_index,time_cycles
0,1254002
page_index,time_cycles
0,1174596
page_index,time_cycles
0,1431706
page_index,time_cycles
0,1455180
page_index,time_cycles
0,1143804
page_index,time_cycles
0,1020960
page_index,time_cycles
0,2645132
page_index,time_cycles
0,1326996
page_index,time_cycles
0,992850
page_index,time_cycles
0,1599902
page_index,time_cycles
0,1458764
page_index,time_cycles
0,1653110
page_index,time_cycles
0,1862142
page_index,time_cycles
0,1894830
page_index,time_cycles
0,2395032
page_index,time_cycles
0,2230770
page_index,time_cycles
0,1729458
page_index,time_cycles
0,1658144
page_index,time_cycles
0,742946
page_index,time_cycles
0,1940514
page_index,time_cycles
0,2022200
page_index,time_cycles
0,1172356
page_index,time_cycles
0,633776
page_index,time_cycles
0,2013088
page_index,time_cycles
0,1254794
page_index,time_cycles
0,1528398
page_index,time_cycles
0,2010662
page_index,time_cycles
0,1522152
page_index,time_cycles
0,1790260
page_index,time_cycles
0,1659870
page_index,time_cycles
0,1316872
page_index,time_cycles
0,1649384
page_index,time_cycles
0,2213264
page_index,time_cycles
0,1324514
page_index,time_cycles
0,2148582
page_index,time_cycles
0,1631444
page_index,time_cycles
0,1905468
page_index,time_cycles
0,1034422
page_index,time_cycles
0,1978838
page_index,time_cycles
0,1481306
page_index,time_cycles
0,1181502
page_index,time_cycles
0,2523404
page_index,time_cycles
0,1253314
page_index,time_cycles
0,2519920
page_index,time_cycles
0,1478684
page_index,time_cycles
0,2891004
page_index,time_cycles
0,1771108
page_index,time_cycles
0,1556776
page_index,time_cycles
0,1008366
page_index,time_cycles
0,639356
page_index,time_cycles
0,1229734
page_index,time_cycles
0,686746
page_index,time_cycles
0,2010692
page_index,time_cycles
0,1190596
page_index,time_cycles
0,749056
page_index,time_cycles
0,2153554
page_index,time_cycles
0,659100
page_index,time_cycles
0,1447624
page_index,time_cycles
0,1475742
page_index,time_cycles
0,618776
page_index,time_cycles
0,1948528
page_index,time_cycles
0,1443112
page_index,time_cycles
0,1322426
page_index,time_cycles
0,1571966
page_index,time_cycles
0,692346
page_index,time_cycles
0,2174026
page_index,time_cycles
0,1667182
page_index,time_cycles
0,2047258
page_index,time_cycles
0,1872476
page_index,time_cycles
0,2300898
page_index,time_cycles
0,1378230
page_index,time_cycles
0,1622050
page_index,time_cycles
0,1836086
page_index,time_cycles
0,1603668
page_index,time_cycles
0,1679872
page_index,time_cycles
0,1258894
page_index,time_cycles
0,1579418
page_index,time_cycles
0,1515530
page_index,time_cycles
0,2064294
page_index,time_cycles
0,1210238
page_index,time_cycles
0,1428514
page_index,time_cycles
0,841502
page_index,time_cycles
0,1715908
page_index,time_cycles
0,991394
page_index,time_cycles
0,3077540
page_index,time_cycles
0,1401982
page_index,time_cycles
0,1124350
page_index,time_cycles
0,679370
page_index,time_cycles
0,2169182
page_index,time_cycles
0,1914274
page_index,time_cycles
0,882802
page_index,time_cycles
0,1937336
page_index,time_cycles
0,1677124
page_index,time_cycles
0,2333474
page_index,time_cycles
0,1697754
page_index,time_cycles
0,1882076
page_index,time_cycles
0,1547762
page_index,time_cycles
0,1420976
page_index,time_cycles
0,1495046
page_index,time_cycles
0,2333210
page_index,time_cycles
0,1101504
page_index,time_cycles
0,1595018
page_index,time_cycles
0,2429086
page_index,time_cycles
0,3074110
page_index,time_cycles
0,1491648
page_index,time_cycles
0,1589428
page_index,time_cycles
0,2450298
page_index,time_cycles
0,1900392
page_index,time_cycles
0,1418214
page_index,time_cycles
0,1406692
page_index,time_cycles
0,1566696
page_index,time_cycles
0,1114066
page_index,time_cycles
0,673172
page_index,time_cycles
0,1669154
page_index,time_cycles
0,1176862
page_index,time_cycles
0,4550042
page_index,time_cycles
0,2318306
page_index,time_cycles
0,2225088
page_index,time_cycles
0,1693812
page_index,time_cycles
0,1163656
page_index,time_cycles
0,794480
page_index,time_cycles
0,1750086
page_index,time_cycles
0,696912
page_index,time_cycles
0,1892996
page_index,time_cycles
0,1884412
page_index,time_cycles
0,1766460
page_index,time_cycles
0,1030212
page_index,time_cycles
0,1522564
page_index,time_cycles
0,1655032
page_index,time_cycles
0,1469694
page_index,time_cycles
0,1434522
page_index,time_cycles
0,1249944
page_index,time_cycles
0,1502646
page_index,time_cycles
0,1281218
page_index,time_cycles
0,2708990
page_index,time_cycles
0,1344642
page_index,time_cycles
0,1585064
page_index,time_cycles
0,2011546
page_index,time_cycles
0,2625828
page_index,time_cycles
0,1731910
page_index,time_cycles
0,1452576
page_index,time_cycles
0,1074586
page_index,time_cycles
0,1793676
page_index,time_cycles
0,1148002
page_index,time_cycles
0,2787546
page_index,time_cycles
0,2364644
page_index,time_cycles
0,1755814
page_index,time_cycles
0,1360126
page_index,time_cycles
0,1885364
page_index,time_cycles
0,2513112
page_index,time_cycles
0,1149624
page_index,time_cycles
0,1560146
page_index,time_cycles
0,1690720
page_index,time_cycles
0,646098
page_index,time_cycles
0,1678842
page_index,time_cycles
0,1894802
page_index,time_cycles
0,1869300
page_index,time_cycles
0,2470534
page_index,time_cycles
0,1068012
page_index,time_cycles
0,1626794
page_index,time_cycles
0,953608
page_index,time_cycles
0,1336666
page_index,time_cycles
0,1593392
page_index,time_cycles
0,1625700
page_index,time_cycles
0,1468676
page_index,time_cycles
0,1650958
page_index,time_cycles
0,1673404
page_index,time_cycles
0,1397522
page_index,time_cycles
0,1403614
page_index,time_cycles
0,1651758
page_index,time_cycles
0,698600
page_index,time_cycles
0,1666698
page_index,time_cycles
0,2283334
page_index,time_cycles
0,812974
page_index,time_cycles
0,3614810
page_index,time_cycles
0,1870408
page_index,time_cycles
0,2232538
page_index,time_cycles
0,2426184
page_index,time_cycles
0,2086500
page_index,time_cycles
0,1238396
page_index,time_cycles
0,1676142
page_index,time_cycles
0,1542708
page_index,time_cycles
0,1313726
page_index,time_cycles
0,719318
page_index,time_cycles
0,910896
page_index,time_cycles
0,1524068
page_index,time_cycles
0,2354456
page_index,time_cycles
0,1710882
page_index,time_cycles
0,674108
page_index,time_cycles
0,820140
page_index,time_cycles
0,789540
page_index,time_cycles
0,2434426
page_index,time_cycles
0,1844842
page_index,time_cycles
0,1954274
page_index,time_cycles
0,873506
page_index,time_cycles
0,1833438
page_index,time_cycles
0,2410574
page_index,time_cycles
0,2524230
page_index,time_cycles
0,1297986
page_index,time_cycles
0,2074824
page_index,time_cycles
0,1888334
page_index,time_cycles
0,1407770
page_index,time_cycles
0,2874436
page_index,time_cycles
0,2210580
page_index,time_cycles
0,756020
page_index,time_cycles
0,807846
page_index,time_cycles
0,1777196
page_index,time_cycles
0,2213418
page_index,time_cycles
0,1075664
page_index,time_cycles
0,702894
page_index,time_cycles
0,3317630
page_index,time_cycles
0,1343020
page_index,time_cycles
0,1899756
page_index,time_cycles
0,678074
page_index,time_cycles
0,1488048
page_index,time_cycles
0,1610600
page_index,time_cycles
0,891358
page_index,time_cycles
0,1617922
page_index,time_cycles
0,1909964
page_index,time_cycles
0,2077606
page_index,time_cycles
0,1720140
page_index,time_cycles
0,662410
page_index,time_cycles
0,1979420
page_index,time_cycles
0,712306
page_index,time_cycles
0,1779506
page_index,time_cycles
0,2444670
page_index,time_cycles
0,1434398
page_index,time_cycles
0,1990694
page_index,time_cycles
0,2064756
page_index,time_cycles
0,811078
page_index,time_cycles
0,773848
page_index,time_cycles
0,3386660
page_index,time_cycles
0,2188934
page_index,time_cycles
0,2049046
page_index,time_cycles
0,1409962
page_index,time_cycles
0,2611264
page_index,time_cycles
0,1649020
page_index,time_cycles
0,2063326
page_index,time_cycles
0,1260968
page_index,time_cycles
0,1011850
page_index,time_cycles
0,1675358
page_index,time_cycles
0,1994472
page_index,time_cycles
0,1099502
page_index,time_cycles
0,1816462
page_index,time_cycles
0,1790338
page_index,time_cycles
0,1614012
page_index,time_cycles
0,2175712
page_index,time_cycles
0,1936820
page_index,time_cycles
0,1540532
page_index,time_cycles
0,639946
page_index,time_cycles
0,2031238
page_index,time_cycles
0,1439654
page_index,time_cycles
0,2254052
page_index,time_cycles
0,651060
page_index,time_cycles
0,1309254
page_index,time_cycles
0,2108846
page_index,time_cycles
0,1874432
page_index,time_cycles
0,2397806
page_index,time_cycles
0,2204376
page_index,time_cycles
0,1026446
page_index,time_cycles
0,1811458
page_index,time_cycles
0,775408
page_index,time_cycles
0,1686028
page_index,time_cycles
0,762174
page_index,time_cycles
0,1561680
page_index,time_cycles
0,1186440
page_index,time_cycles
0,1291180
page_index,time_cycles
0,1335954
page_index,time_cycles
0,1709856
page_index,time_cycles
0,1627406
page_index,time_cycles
0,874366
page_index,time_cycles
0,1285882
page_index,time_cycles
0,1896818
page_index,time_cycles
0,977490
page_index,time_cycles
0,1357870
page_index,time_cycles
0,1743138
page_index,time_cycles
0,858800
page_index,time_cycles
0,819944
page_index,time_cycles
0,813896
page_index,time_cycles
0,864434
page_index,time_cycles
0,1081620
page_index,time_cycles
0,1796462
page_index,time_cycles
0,1837060
page_index,time_cycles
0,1628550
page_index,time_cycles
0,2217290
page_index,time_cycles
0,1448416
page_index,time_cycles
0,629048
page_index,time_cycles
0,1446578
page_index,time_cycles
0,794690
page_index,time_cycles
0,1208100
page_index,time_cycles
0,651750
page_index,time_cycles
0,2359436
page_index,time_cycles
0,1968192
page_index,time_cycles
0,2081148
page_index,time_cycles
0,2286806
page_index,time_cycles
0,2206470
page_index,time_cycles
0,2138670
page_index,time_cycles
0,1552056
page_index,time_cycles
0,2374584
page_index,time_cycles
0,2191366
page_index,time_cycles
0,2258260
page_index,time_cycles
0,1048922
page_index,time_cycles
0,878572
page_index,time_cycles
0,2429724
page_index,time_cycles
0,776730
page_index,time_cycles
0,2428536
page_index,time_cycles
0,1253688
page_index,time_cycles
0,1081844
page_index,time_cycles
0,1869192
page_index,time_cycles
0,1319274
page_index,time_cycles
0,2508458
page_index,time_cycles
0,1645766
page_index,time_cycles
0,1184780
page_index,time_cycles
0,813932
page_index,time_cycles
0,2485874
page_index,time_cycles
0,1774726
page_index,time_cycles
0,1000360
page_index,time_cycles
0,1691372
page_index,time_cycles
0,1374688
page_index,time_cycles
0,2178808
page_index,time_cycles
0,1887484
page_index,time_cycles
0,1761432
page_index,time_cycles
0,1806398
page_index,time_cycles
0,2640158
page_index,time_cycles
0,4291416
page_index,time_cycles
0,1253790
page_index,time_cycles
0,2713638
page_index,time_cycles
0,2313248
page_index,time_cycles
0,1919442
page_index,time_cycles
0,2499294
page_index,time_cycles
0,1782864
page_index,time_cycles
0,1203384
page_index,time_cycles
0,1487504
page_index,time_cycles
0,1610400
page_index,time_cycles
0,3066690
page_index,time_cycles
0,1285894
page_index,time_cycles
0,896836
page_index,time_cycles
0,3664488
page_index,time_cycles
0,1674834
page_index,time_cycles
0,2558062
page_index,time_cycles
0,1612788
page_index,time_cycles
0,3039898
page_index,time_cycles
0,803328
page_index,time_cycles
0,1156138
page_index,time_cycles
0,906820
page_index,time_cycles
0,1913648
page_index,time_cycles
0,2933960
page_index,time_cycles
0,2013940
page_index,time_cycles
0,1657204
page_index,time_cycles
0,1859918
page_index,time_cycles
0,1809430
page_index,time_cycles
0,1780440
page_index,time_cycles
0,1783698
page_index,time_cycles
0,1939298
page_index,time_cycles
0,1605056
page_index,time_cycles
0,666924
page_index,time_cycles
0,2061442
page_index,time_cycles
0,680928
page_index,time_cycles
0,2250240
page_index,time_cycles
0,1541306
page_index,time_cycles
0,2354620
page_index,time_cycles
0,2196854
page_index,time_cycles
0,2069782
page_index,time_cycles
0,1824910
page_index,time_cycles
0,1452742
page_index,time_cycles
0,2498036
page_index,time_cycles
0,1695230
page_index,time_cycles
0,637510
page_index,time_cycles
0,1534924
page_index,time_cycles
0,2224410
page_index,time_cycles
0,2803292
page_index,time_cycles
0,1403052
page_index,time_cycles
0,1517048
page_index,time_cycles
0,2017910
page_index,time_cycles
0,621554
page_index,time_cycles
0,1947610
page_index,time_cycles
0,972404
page_index,time_cycles
0,1420860
page_index,time_cycles
0,1540738
page_index,time_cycles
0,2696750
page_index,time_cycles
0,1703880
page_index,time_cycles
0,870034
page_index,time_cycles
0,2109140
page_index,time_cycles
0,1197722
page_index,time_cycles
0,1694300
page_index,time_cycles
0,1987846
page_index,time_cycles
0,1261490
page_index,time_cycles
0,1627302
page_index,time_cycles
0,1752832
page_index,time_cycles
0,2134356
page_index,time_cycles
0,3110404
page_index,time_cycles
0,1760706
page_index,time_cycles
0,2276332
page_index,time_cycles
0,1352074
page_index,time_cycles
0,1959528
page_index,time_cycles
0,2261136
page_index,time_cycles
0,916314
page_index,time_cycles
0,1739194
page_index,time_cycles
0,2426808
page_index,time_cycles
0,677738
page_index,time_cycles
0,603016
page_index,time_cycles
0,1832082
page_index,time_cycles
0,1314704
page_index,time_cycles
0,1371714
page_index,time_cycles
0,2440114
page_index,time_cycles
0,1706532
page_index,time_cycles
0,1228362
page_index,time_cycles
0,1977592
page_index,time_cycles
0,789142
page_index,time_cycles
0,2569582
page_index,time_cycles
0,650634
page_index,time_cycles
0,2350086
page_index,time_cycles
0,1548976
page_index,time_cycles
0,1778780
page_index,time_cycles
0,3282484
page_index,time_cycles
0,1908110
page_index,time_cycles
0,2368422
page_index,time_cycles
0,5538010
page_index,time_cycles
0,4677058
page_index,time_cycles
0,2093824
page_index,time_cycles
0,662988
page_index,time_cycles
0,1857824
page_index,time_cycles
0,2015544
page_index,time_cycles
0,2183184
page_index,time_cycles
0,2000148
page_index,time_cycles
0,1064202
page_index,time_cycles
0,1907950
page_index,time_cycles
0,1678638
page_index,time_cycles
0,2447600
page_index,time_cycles
0,2537432
page_index,time_cycles
0,731568
page_index,time_cycles
0,1674218
page_index,time_cycles
0,1389282
page_index,time_cycles
0,1784374
page_index,time_cycles
0,1446136
page_index,time_cycles
0,2004996
page_index,time_cycles
0,1569550
page_index,time_cycles
0,1960964
page_index,time_cycles
0,2307378
page_index,time_cycles
0,2256672
page_index,time_cycles
0,1732246
page_index,time_cycles
0,1749664
page_index,time_cycles
0,773578
page_index,time_cycles
0,1483778
page_index,time_cycles
0,894498
page_index,time_cycles
0,2085030
page_index,time_cycles
0,2881448
page_index,time_cycles
0,2123572
page_index,time_cycles
0,780116
page_index,time_cycles
0,743074
page_index,time_cycles
0,1470374
page_index,time_cycles
0,2164498
page_index,time_cycles
0,1166950
page_index,time_cycles
0,2653096
page_index,time_cycles
0,2035626
page_index,time_cycles
0,1242302
page_index,time_cycles
0,1964696
page_index,time_cycles
0,2084892
page_index,time_cycles
0,807874
page_index,time_cycles
0,1978008
page_index,time_cycles
0,2106154
page_index,time_cycles
0,1800616
page_index,time_cycles
0,876030
page_index,time_cycles
0,875166
page_index,time_cycles
0,1007476
page_index,time_cycles
0,1493294
page_index,time_cycles
0,858038
page_index,time_cycles
0,1940030
page_index,time_cycles
0,1968748
page_index,time_cycles
0,747506
page_index,time_cycles
0,1595548
page_index,time_cycles
0,1633780
page_index,time_cycles
0,3286032
page_index,time_cycles
0,1545460
page_index,time_cycles
0,1609724
page_index,time_cycles
0,846788
page_index,time_cycles
0,2007020
page_index,time_cycles
0,2507914
page_index,time_cycles
0,2124540
page_index,time_cycles
0,1773084
page_index,time_cycles
0,2129054
page_index,time_cycles
0,1606192
page_index,time_cycles
0,2436612
page_index,time_cycles
0,1593524
page_index,time_cycles
0,1589692
page_index,time_cycles
0,2733716
page_index,time_cycles
0,2239340
page_index,time_cycles
0,1512636
page_index,time_cycles
0,1414140
page_index,time_cycles
0,814446
page_index,time_cycles
0,2053828
page_index,time_cycles
0,647322
page_index,time_cycles
0,1063018
page_index,time_cycles
0,2150024
page_index,time_cycles
0,2181666
page_index,time_cycles
0,3549000
page_index,time_cycles
0,1269204
page_index,time_cycles
0,1280064
page_index,time_cycles
0,1386988
page_index,time_cycles
0,1564272
page_index,time_cycles
0,1371472
page_index,time_cycles
0,2564398
page_index,time_cycles
0,1697630
page_index,time_cycles
0,1716670
page_index,time_cycles
0,1505690
page_index,time_cycles
0,1353846
page_index,time_cycles
0,2385410
page_index,time_cycles
0,1301790
page_index,time_cycles
0,1437694
page_index,time_cycles
0,1328484
page_index,time_cycles
0,1696704
page_index,time_cycles
0,2794102
page_index,time_cycles
0,2407254
page_index,time_cycles
0,1619480
page_index,time_cycles
0,936850
page_index,time_cycles
0,1136600
page_index,time_cycles
0,1725494
page_index,time_cycles
0,785482
page_index,time_cycles
0,2128330
page_index,time_cycles
0,2509716
page_index,time_cycles
0,1869120
page_index,time_cycles
0,2741756
page_index,time_cycles
0,890742
page_index,time_cycles
0,1565784
page_index,time_cycles
0,1314866
page_index,time_cycles
0,1708334
page_index,time_cycles
0,683202
page_index,time_cycles
0,1971298
page_index,time_cycles
0,1916610
page_index,time_cycles
0,1994428
page_index,time_cycles
0,1869684
page_index,time_cycles
0,1277814
page_index,time_cycles
0,839096
page_index,time_cycles
0,2208406
page_index,time_cycles
0,1459830
page_index,time_cycles
0,2078540
page_index,time_cycles
0,1747384
page_index,time_cycles
0,2434748
page_index,time_cycles
0,1274342
page_index,time_cycles
0,2063234
page_index,time_cycles
0,3096222
page_index,time_cycles
0,1454478
page_index,time_cycles
0,1368424
page_index,time_cycles
0,881980
page_index,time_cycles
0,785816
page_index,time_cycles
0,954682
page_index,time_cycles
0,2386926
page_index,time_cycles
0,3031872
page_index,time_cycles
0,2318542
page_index,time_cycles
0,2111564
page_index,time_cycles
0,1754902
page_index,time_cycles
0,2050538
page_index,time_cycles
0,2935682
page_index,time_cycles
0,915770
page_index,time_cycles
0,2151434
page_index,time_cycles
0,695370
page_index,time_cycles
0,1270092
page_index,time_cycles
0,1340080
page_index,time_cycles
0,1777778
page_index,time_cycles
0,1190638
page_index,time_cycles
0,1509970
page_index,time_cycles
0,1485328
page_index,time_cycles
0,646126
page_index,time_cycles
0,2108806
page_index,time_cycles
0,2756088
page_index,time_cycles
0,2044594
page_index,time_cycles
0,1592954
page_index,time_cycles
0,1516964
page_index,time_cycles
0,817958
page_index,time_cycles
0,1456918
page_index,time_cycles
0,1076436
page_index,time_cycles
0,2455726
page_index,time_cycles
0,2283590
page_index,time_cycles
0,2336376
page_index,time_cycles
0,1216784
page_index,time_cycles
0,2335504
page_index,time_cycles
0,830754
page_index,time_cycles
0,1385144
page_index,time_cycles
0,1769624
page_index,time_cycles
0,2148838
page_index,time_cycles
0,1269322
page_index,time_cycles
0,814436
page_index,time_cycles
0,1216232
page_index,time_cycles
0,1865416
page_index,time_cycles
0,1357206
page_index,time_cycles
0,1501820
page_index,time_cycles
0,1424416
page_index,time_cycles
0,1852798
page_index,time_cycles
0,1489998
page_index,time_cycles
0,1783380
page_index,time_cycles
0,2171594
page_index,time_cycles
0,1824240
page_index,time_cycles
0,2023090
page_index,time_cycles
0,2715302
page_index,time_cycles
0,1516674
page_index,time_cycles
0,1816504
page_index,time_cycles
0,706918
page_index,time_cycles
0,1754938
page_index,time_cycles
0,702758
page_index,time_cycles
0,603070
page_index,time_cycles
0,1466324
page_index,time_cycles
0,1289572
page_index,time_cycles
0,867300
page_index,time_cycles
0,2137216
page_index,time_cycles
0,3670544
page_index,time_cycles
0,787544
page_index,time_cycles
0,2093154
page_index,time_cycles
0,2804810
page_index,time_cycles
0,3453648
page_index,time_cycles
0,2534726
page_index,time_cycles
0,1564346
page_index,time_cycles
0,1627928
page_index,time_cycles
0,2108684
page_index,time_cycles
0,1529066
page_index,time_cycles
0,1415724
page_index,time_cycles
0,2003328
page_index,time_cycles
0,1688992
page_index,time_cycles
0,2047146
page_index,time_cycles
0,2059058
page_index,time_cycles
0,1928520
page_index,time_cycles
0,770762
page_index,time_cycles
0,939256
page_index,time_cycles
0,1821372
page_index,time_cycles
0,804974
page_index,time_cycles
0,2052972
page_index,time_cycles
0,712454
page_index,time_cycles
0,2358700
page_index,time_cycles
0,3248456
page_index,time_cycles
0,1395814
page_index,time_cycles
0,1827410
page_index,time_cycles
0,1909126
page_index,time_cycles
0,1637770
page_index,time_cycles
0,639802
page_index,time_cycles
0,1254448
page_index,time_cycles
0,2612490
page_index,time_cycles
0,1877484
page_index,time_cycles
0,1903844
page_index,time_cycles
0,1042976
page_index,time_cycles
0,1348318
page_index,time_cycles
0,2203570
page_index,time_cycles
0,2230574
page_index,time_cycles
0,2268396
page_index,time_cycles
0,3241788
page_index,time_cycles
0,2737990
page_index,time_cycles
0,2580556
page_index,time_cycles
0,2460160
page_index,time_cycles
0,709956
page_index,time_cycles
0,1680402
page_index,time_cycles
0,2227008
page_index,time_cycles
0,834086
page_index,time_cycles
0,1614492
page_index,time_cycles
0,952838
page_index,time_cycles
0,1526418
page_index,time_cycles
0,1190424
page_index,time_cycles
0,2247680
page_index,time_cycles
0,2143322
page_index,time_cycles
0,1588472
page_index,time_cycles
0,1728508
page_index,time_cycles
0,3364868
page_index,time_cycles
0,1635628
page_index,time_cycles
0,1590246
page_index,time_cycles
0,1242666
page_index,time_cycles
0,675118
page_index,time_cycles
0,1252804
page_index,time_cycles
0,2575186
page_index,time_cycles
0,2351880
page_index,time_cycles
0,1252174
page_index,time_cycles
0,1371352
page_index,time_cycles
0,2204666
page_index,time_cycles
0,1969122
page_index,time_cycles
0,1933588
page_index,time_cycles
0,1994328
page_index,time_cycles
0,1035152
page_index,time_cycles
0,639604
page_index,time_cycles
0,1453836
page_index,time_cycles
0,1021672
page_index,time_cycles
0,1634442
page_index,time_cycles
0,1932380
page_index,time_cycles
0,838756
page_index,time_cycles
0,2231092
page_index,time_cycles
0,1425676
page_index,time_cycles
0,705742
page_index,time_cycles
0,1388944
page_index,time_cycles
0,1234338
page_index,time_cycles
0,639500
page_index,time_cycles
0,1366662
page_index,time_cycles
0,737292
page_index,time_cycles
0,827010
page_index,time_cycles
0,987546
page_index,time_cycles
0,1304846
page_index,time_cycles
0,1219074
page_index,time_cycles
0,1125074
page_index,time_cycles
0,2881904
page_index,time_cycles
0,1478224
page_index,time_cycles
0,1899854
page_index,time_cycles
0,2707472
page_index,time_cycles
0,1766886
page_index,time_cycles
0,1309862
page_index,time_cycles
0,1443846
page_index,time_cycles
0,1924614
page_index,time_cycles
0,822590
page_index,time_cycles
0,1267206
page_index,time_cycles
0,2776148
page_index,time_cycles
0,2286296
page_index,time_cycles
0,1695204
page_index,time_cycles
0,1413204
page_index,time_cycles
0,1808698
page_index,time_cycles
0,1485642
page_index,time_cycles
0,1517736
page_index,time_cycles
0,1401786
page_index,time_cycles
0,1120514
page_index,time_cycles
0,2079614
page_index,time_cycles
0,1849466
page_index,time_cycles
0,1247354
page_index,time_cycles
0,3082982
page_index,time_cycles
0,1971758
page_index,time_cycles
0,1502704
page_index,time_cycles
0,1502754
page_index,time_cycles
0,2794170
page_index,time_cycles
0,1409848
page_index,time_cycles
0,1346426
page_index,time_cycles
0,2383402
page_index,time_cycles
0,1362320
page_index,time_cycles
0,1492504
page_index,time_cycles
0,953030
page_index,time_cycles
0,1269120
page_index,time_cycles
0,883812
page_index,time_cycles
0,742256
page_index,time_cycles
0,1332090
page_index,time_cycles
0,3408896
page_index,time_cycles
0,1102394
page_index,time_cycles
0,2359482
page_index,time_cycles
0,1196896
page_index,time_cycles
0,2030158
page_index,time_cycles
0,2191634
page_index,time_cycles
0,1930738
page_index,time_cycles
0,2001244
page_index,time_cycles
0,1194604
page_index,time_cycles
0,1478158
page_index,time_cycles
0,2193954
page_index,time_cycles
0,2216190
page_index,time_cycles
0,5129368
page_index,time_cycles
0,1361534
page_index,time_cycles
0,1518298
page_index,time_cycles
0,2375050
page_index,time_cycles
0,770516
page_index,time_cycles
0,767766
page_index,time_cycles
0,3060392
page_index,time_cycles
0,1441966
page_index,time_cycles
0,780744
page_index,time_cycles
0,1543986
page_index,time_cycles
0,2423152
page_index,time_cycles
0,748476
page_index,time_cycles
0,1732832
page_index,time_cycles
0,1494276
page_index,time_cycles
0,1562988
page_index,time_cycles
0,1179992
page_index,time_cycles
0,2715294
page_index,time_cycles
0,713606
page_index,time_cycles
0,1200164
page_index,time_cycles
0,2028898
page_index,time_cycles
0,1410806
page_index,time_cycles
0,2721842
page_index,time_cycles
0,1018782
page_index,time_cycles
0,1395700
page_index,time_cycles
0,1937800
page_index,time_cycles
0,1942822
page_index,time_cycles
0,617862
page_index,time_cycles
0,992842
page_index,time_cycles
0,1057650
page_index,time_cycles
0,1922314
page_index,time_cycles
0,1204802
page_index,time_cycles
0,1817200
page_index,time_cycles
0,722272
page_index,time_cycles
0,1589848
page_index,time_cycles
0,1926550
page_index,time_cycles
0,2363388
page_index,time_cycles
0,856542
page_index,time_cycles
0,1531652
page_index,time_cycles
0,1701940
page_index,time_cycles
0,2357268
page_index,time_cycles
0,1988074
page_index,time_cycles
0,2074030
page_index,time_cycles
0,737086
page_index,time_cycles
0,1289888
page_index,time_cycles
0,1154198
page_index,time_cycles
0,777718
page_index,time_cycles
0,1693654
page_index,time_cycles
0,1878928
page_index,time_cycles
0,1958008
page_index,time_cycles
0,2810332
page_index,time_cycles
0,1860322
page_index,time_cycles
0,2159284
page_index,time_cycles
0,793932
page_index,time_cycles
0,847548
page_index,time_cycles
0,832784
page_index,time_cycles
0,1336266
page_index,time_cycles
0,2941032
page_index,time_cycles
0,2011928
page_index,time_cycles
0,1835776
page_index,time_cycles
0,1928824
page_index,time_cycles
0,2483592
page_index,time_cycles
0,1737190
page_index,time_cycles
0,751980
page_index,time_cycles
0,2397840
page_index,time_cycles
0,1392692
page_index,time_cycles
0,1907478
page_index,time_cycles
0,1827420
page_index,time_cycles
0,1520486
page_index,time_cycles
0,2038666
page_index,time_cycles
0,852398
page_index,time_cycles
0,2113862
page_index,time_cycles
0,1420310
page_index,time_cycles
0,1826498
page_index,time_cycles
0,1998344
page_index,time_cycles
0,2495420
page_index,time_cycles
0,1574686
page_index,time_cycles
0,2087046
page_index,time_cycles
0,2219998
page_index,time_cycles
0,949254
page_index,time_cycles
0,1551986
page_index,time_cycles
0,2018328
page_index,time_cycles
0,1655544
page_index,time_cycles
0,1824946
page_index,time_cycles
0,1844044
page_index,time_cycles
0,1461600
page_index,time_cycles
0,858876
page_index,time_cycles
0,2029706
page_index,time_cycles
0,1211378
page_index,time_cycles
0,2139258
page_index,time_cycles
0,1832114
page_index,time_cycles
0,1082930
page_index,time_cycles
0,2095130
page_index,time_cycles
0,1651626
page_index,time_cycles
0,1515218
page_index,time_cycles
0,1454842
page_index,time_cycles
0,1930162
page_index,time_cycles
0,1998180
page_index,time_cycles
0,1763072
page_index,time_cycles
0,1533454
page_index,time_cycles
0,963830
page_index,time_cycles
0,2272774
page_index,time_cycles
0,1879790
page_index,time_cycles
0,1138912
page_index,time_cycles
0,2023920
page_index,time_cycles
0,1856604
page_index,time_cycles
0,706760
page_index,time_cycles
0,2220886
page_index,time_cycles
0,3823502
page_index,time_cycles
0,1896478
page_index,time_cycles
0,1747522
page_index,time_cycles
0,1441360
page_index,time_cycles
0,2009244
page_index,time_cycles
0,2468442
page_index,time_cycles
0,1056334
page_index,time_cycles
0,893260
page_index,time_cycles
0,1654898
page_index,time_cycles
0,2490264
page_index,time_cycles
0,972192
page_index,time_cycles
0,670544
page_index,time_cycles
0,1099142
page_index,time_cycles
0,1966150
page_index,time_cycles
0,1840700
page_index,time_cycles
0,1738540
page_index,time_cycles
0,1970416
page_index,time_cycles
0,2546610
page_index,time_cycles
0,2243514
page_index,time_cycles
0,831458
page_index,time_cycles
0,1289618
page_index,time_cycles
0,1939332
page_index,time_cycles
0,799548
page_index,time_cycles
0,1196958
page_index,time_cycles
0,2184372
page_index,time_cycles
0,1682774
page_index,time_cycles
0,1715392
page_index,time_cycles
0,2012126
page_index,time_cycles
0,1943194
page_index,time_cycles
0,2156234
page_index,time_cycles
0,1259634
page_index,time_cycles
0,828528
page_index,time_cycles
0,1378014
page_index,time_cycles
0,1486132
page_index,time_cycles
0,1516210
page_index,time_cycles
0,927824
page_index,time_cycles
0,1679716
page_index,time_cycles
0,1495408
page_index,time_cycles
0,885634
page_index,time_cycles
0,1311558
page_index,time_cycles
0,2571884
page_index,time_cycles
0,1975010
page_index,time_cycles
0,2275986
page_index,time_cycles
0,2395472
page_index,time_cycles
0,1962150
page_index,time_cycles
0,2028530
page_index,time_cycles
0,1467660
page_index,time_cycles
0,1157202
page_index,time_cycles
0,1223778
page_index,time_cycles
0,1640300
page_index,time_cycles
0,1684926
page_index,time_cycles
0,1967210
page_index,time_cycles
0,1210564
page_index,time_cycles
0,1420858
page_index,time_cycles
0,2005004
page_index,time_cycles
0,1666880
page_index,time_cycles
0,1512668
page_index,time_cycles
0,1254320
page_index,time_cycles
0,728104
page_index,time_cycles
0,1828900
page_index,time_cycles
0,2413778
page_index,time_cycles
0,2709874
page_index,time_cycles
0,839184
page_index,time_cycles
0,1243464
page_index,time_cycles
0,1723156
page_index,time_cycles
0,2554322
page_index,time_cycles
0,1868070
page_index,time_cycles
0,1129292
page_index,time_cycles
0,1217272
page_index,time_cycles
0,1072736
page_index,time_cycles
0,3363518
page_index,time_cycles
0,877220
page_index,time_cycles
0,836734
page_index,time_cycles
0,2670364
page_index,time_cycles
0,1783606
page_index,time_cycles
0,823032
page_index,time_cycles
0,2874586
page_index,time_cycles
0,765066
page_index,time_cycles
0,2175992
page_index,time_cycles
0,1013212
page_index,time_cycles
0,1641556
page_index,time_cycles
0,1192668
page_index,time_cycles
0,1143182
page_index,time_cycles
0,1247210
page_index,time_cycles
0,1628444
page_index,time_cycles
0,2663146
page_index,time_cycles
0,1773102
page_index,time_cycles
0,1826956
page_index,time_cycles
0,2071648
page_index,time_cycles
0,2063040
page_index,time_cycles
0,1249268
page_index,time_cycles
0,1313696
page_index,time_cycles
0,2946634
page_index,time_cycles
0,1761576
page_index,time_cycles
0,1833874
page_index,time_cycles
0,2227678
page_index,time_cycles
0,2764790
page_index,time_cycles
0,1595348
page_index,time_cycles
0,1418176
page_index,time_cycles
0,1927946
page_index,time_cycles
0,1635368
page_index,time_cycles
0,1703810
page_index,time_cycles
0,1682080
page_index,time_cycles
0,2509928
page_index,time_cycles
0,1250788
page_index,time_cycles
0,3160860
page_index,time_cycles
0,2509888
page_index,time_cycles
0,2620292
page_index,time_cycles
0,1960702
page_index,time_cycles
0,1911400
page_index,time_cycles
0,1168730
page_index,time_cycles
0,783064
page_index,time_cycles
0,1651266
page_index,time_cycles
0,1776922
page_index,time_cycles
0,2487036
page_index,time_cycles
0,2016552
page_index,time_cycles
0,1746780
page_index,time_cycles
0,1514998
page_index,time_cycles
0,1933992
page_index,time_cycles
0,624982
page_index,time_cycles
0,1611560
page_index,time_cycles
0,2669250
page_index,time_cycles
0,1161348
page_index,time_cycles
0,1671174
page_index,time_cycles
0,1132358
page_index,time_cycles
0,768640
page_index,time_cycles
0,2067264
page_index,time_cycles
0,2608442
page_index,time_cycles
0,951592
page_index,time_cycles
0,738984
page_index,time_cycles
0,1678070
page_index,time_cycles
0,2371070
page_index,time_cycles
0,1391828
page_index,time_cycles
0,1614084
page_index,time_cycles
0,1591902
page_index,time_cycles
0,2602058
page_index,time_cycles
0,2058832
page_index,time_cycles
0,1572880
page_index,time_cycles
0,1700592
page_index,time_cycles
0,2192952
page_index,time_cycles
0,1637618
page_index,time_cycles
0,1069338
page_index,time_cycles
0,2477414
page_index,time_cycles
0,1287050
page_index,time_cycles
0,2173770
page_index,time_cycles
0,2115242
page_index,time_cycles
0,685728
page_index,time_cycles
0,2598142
page_index,time_cycles
0,945534
page_index,time_cycles
0,2303882
page_index,time_cycles
0,1328498
page_index,time_cycles
0,627370
page_index,time_cycles
0,1539928
page_index,time_cycles
0,1377302
page_index,time_cycles
0,1523868
page_index,time_cycles
0,694582
page_index,time_cycles
0,1521708
page_index,time_cycles
0,1022324
page_index,time_cycles
0,1514348
page_index,time_cycles
0,2646150
page_index,time_cycles
0,654762
page_index,time_cycles
0,1991862
page_index,time_cycles
0,2023116
page_index,time_cycles
0,1752784
page_index,time_cycles
0,1990262
page_index,time_cycles
0,1989708
page_index,time_cycles
0,1611994
page_index,time_cycles
0,717374
page_index,time_cycles
0,963404
page_index,time_cycles
0,654416
page_index,time_cycles
0,2102100
page_index,time_cycles
0,1518014
page_index,time_cycles
0,2173414
page_index,time_cycles
0,1689178
page_index,time_cycles
0,1647234
page_index,time_cycles
0,1665326
page_index,time_cycles
0,1160884
page_index,time_cycles
0,1875074
page_index,time_cycles
0,1387580
page_index,time_cycles
0,2434654
page_index,time_cycles
0,958028
page_index,time_cycles
0,1271308
page_index,time_cycles
0,2642244
page_index,time_cycles
0,2286370
page_index,time_cycles
0,1074710
page_index,time_cycles
0,1994726
page_index,time_cycles
0,619418
page_index,time_cycles
0,2248914
page_index,time_cycles
0,1394472
page_index,time_cycles
0,2684126
page_index,time_cycles
0,1364308
page_index,time_cycles
0,5283726
page_index,time_cycles
0,3238588
page_index,time_cycles
0,1571614
page_index,time_cycles
0,2674936
page_index,time_cycles
0,2290076
page_index,time_cycles
0,2284696
page_index,time_cycles
0,647030
page_index,time_cycles
0,1802930
page_index,time_cycles
0,2105736
page_index,time_cycles
0,1537936
page_index,time_cycles
0,1080548
page_index,time_cycles
0,1305662
page_index,time_cycles
0,1586310
page_index,time_cycles
0,2141234
page_index,time_cycles
0,1205870
page_index,time_cycles
0,1487308
page_index,time_cycles
0,1913850
page_index,time_cycles
0,683154
page_index,time_cycles
0,2002428
page_index,time_cycles
0,956368
page_index,time_cycles
0,2467732
page_index,time_cycles
0,2618290
page_index,time_cycles
0,2031026
page_index,time_cycles
0,1526312
page_index,time_cycles
0,2179010
page_index,time_cycles
0,1783368
page_index,time_cycles
0,5526324
page_index,time_cycles
0,2261376
page_index,time_cycles
0,2026940
page_index,time_cycles
0,901594
page_index,time_cycles
0,1638644
page_index,time_cycles
0,2528670
page_index,time_cycles
0,2185020
page_index,time_cycles
0,1379486
page_index,time_cycles
0,2307116
page_index,time_cycles
0,1590078
page_index,time_cycles
0,1211110
page_index,time_cycles
0,1080714
page_index,time_cycles
0,1026642
page_index,time_cycles
0,1352302
page_index,time_cycles
0,2060256
page_index,time_cycles
0,1784106
page_index,time_cycles
0,2023262
page_index,time_cycles
0,1840962
page_index,time_cycles
0,2798082
page_index,time_cycles
0,793950
page_index,time_cycles
0,702612
page_index,time_cycles
0,2347772
page_index,time_cycles
0,1457196
page_index,time_cycles
0,2104032
page_index,time_cycles
0,921286
page_index,time_cycles
0,903426
page_index,time_cycles
0,2279180
page_index,time_cycles
0,1434440
page_index,time_cycles
0,1393380
page_index,time_cycles
0,1611644
page_index,time_cycles
0,2253908
page_index,time_cycles
0,2265772
page_index,time_cycles
0,762952
page_index,time_cycles
0,2007522
page_index,time_cycles
0,3162762
page_index,time_cycles
0,2043298
page_index,time_cycles
0,2509068
page_index,time_cycles
0,1577280
page_index,time_cycles
0,1104544
page_index,time_cycles
0,2008170
page_index,time_cycles
0,1535970
page_index,time_cycles
0,1352634
page_index,time_cycles
0,1810146
page_index,time_cycles
0,1430156
page_index,time_cycles
0,2267300
page_index,time_cycles
0,729248
page_index,time_cycles
0,1507188
page_index,time_cycles
0,1240602
page_index,time_cycles
0,2308014
page_index,time_cycles
0,2149214
page_index,time_cycles
0,1093774
page_index,time_cycles
0,787530
page_index,time_cycles
0,646794
page_index,time_cycles
0,2969376
page_index,time_cycles
0,1454192
page_index,time_cycles
0,1181514
page_index,time_cycles
0,1722638
page_index,time_cycles
0,1653256
page_index,time_cycles
0,2055600
page_index,time_cycles
0,1742114
page_index,time_cycles
0,607778
page_index,time_cycles
0,1506454
page_index,time_cycles
0,2901520
page_index,time_cycles
0,1685658
page_index,time_cycles
0,2219712
page_index,time_cycles
0,2506428
page_index,time_cycles
0,1107140
page_index,time_cycles
0,1950390
page_index,time_cycles
0,812586
page_index,time_cycles
0,1594516
page_index,time_cycles
0,676600
page_index,time_cycles
0,1697628
page_index,time_cycles
0,1684000
page_index,time_cycles
0,2585396
page_index,time_cycles
0,2769550
page_index,time_cycles
0,1278340
page_index,time_cycles
0,2012978
page_index,time_cycles
0,1166566
page_index,time_cycles
0,1407214
page_index,time_cycles
0,677684
page_index,time_cycles
0,1319366
page_index,time_cycles
0,1141518
page_index,time_cycles
0,1606554
page_index,time_cycles
0,1672846
page_index,time_cycles
0,2096552
page_index,time_cycles
0,2440434
page_index,time_cycles
0,1076590
page_index,time_cycles
0,1561114
page_index,time_cycles
0,1591230
page_index,time_cycles
0,2467192
page_index,time_cycles
0,784738
page_index,time_cycles
0,2015178
page_index,time_cycles
0,1695812
page_index,time_cycles
0,2629124
page_index,time_cycles
0,1387134
page_index,time_cycles
0,2000192
page_index,time_cycles
0,2363976
page_index,time_cycles
0,1847874
page_index,time_cycles
0,1643444
page_index,time_cycles
0,928542
page_index,time_cycles
0,1754426
page_index,time_cycles
0,1984052
page_index,time_cycles
0,2542788
page_index,time_cycles
0,2022496
page_index,time_cycles
0,1603320
page_index,time_cycles
0,1368264
page_index,time_cycles
0,969380
page_index,time_cycles
0,795832
page_index,time_cycles
0,1473748
page_index,time_cycles
0,1988550
page_index,time_cycles
0,2702260
page_index,time_cycles
0,1308544
page_index,time_cycles
0,1271168
page_index,time_cycles
0,1585036
page_index,time_cycles
0,1927018
page_index,time_cycles
0,2260538
page_index,time_cycles
0,2545302
page_index,time_cycles
0,841388
page_index,time_cycles
0,1292972
page_index,time_cycles
0,1520820
page_index,time_cycles
0,1806814
page_index,time_cycles
0,689382
page_index,time_cycles
0,1689996
page_index,time_cycles
0,1621476
page_index,time_cycles
0,1692238
page_index,time_cycles
0,2427166
page_index,time_cycles
0,1810298
page_index,time_cycles
0,1813260
page_index,time_cycles
0,643792
page_index,time_cycles
0,2116022
page_index,time_cycles
0,1658810
page_index,time_cycles
0,797404
page_index,time_cycles
0,858962
page_index,time_cycles
0,767352
page_index,time_cycles
0,2399078
page_index,time_cycles
0,2460186
page_index,time_cycles
0,2587376
page_index,time_cycles
0,1037844
page_index,time_cycles
0,964514
page_index,time_cycles
0,1569196
page_index,time_cycles
0,1804946
page_index,time_cycles
0,1976644
page_index,time_cycles
0,2535234
page_index,time_cycles
0,1808976
page_index,time_cycles
0,953610
page_index,time_cycles
0,764988
page_index,time_cycles
0,1292640
page_index,time_cycles
0,4068728
page_index,time_cycles
0,1792364
page_index,time_cycles
0,2409374
page_index,time_cycles
0,687010
page_index,time_cycles
0,700680
page_index,time_cycles
0,948600
page_index,time_cycles
0,2538016
page_index,time_cycles
0,2294160
page_index,time_cycles
0,1422546
page_index,time_cycles
0,1865706
page_index,time_cycles
0,2018708
page_index,time_cycles
0,1345616
page_index,time_cycles
0,2938686
page_index,time_cycles
0,1821854
page_index,time_cycles
0,2216816
page_index,time_cycles
0,2023400
page_index,time_cycles
0,2029968
page_index,time_cycles
0,2554138
page_index,time_cycles
0,1422566
page_index,time_cycles
0,1764000
page_index,time_cycles
0,2292470
page_index,time_cycles
0,1975104
page_index,time_cycles
0,1051532
page_index,time_cycles
0,1705778
page_index,time_cycles
0,1959124
page_index,time_cycles
0,2020082
page_index,time_cycles
0,1967536
page_index,time_cycles
0,856884
page_index,time_cycles
0,1377918
page_index,time_cycles
0,2563540
page_index,time_cycles
0,2111754
page_index,time_cycles
0,1000894
page_index,time_cycles
0,1733104
page_index,time_cycles
0,1690834
page_index,time_cycles
0,1782756
page_index,time_cycles
0,2601170
page_index,time_cycles
0,1093664
page_index,time_cycles
0,2882634
page_index,time_cycles
0,1342256
page_index,time_cycles
0,1819508
page_index,time_cycles
0,3073962
page_index,time_cycles
0,1878158
page_index,time_cycles
0,2231958
page_index,time_cycles
0,3848164
page_index,time_cycles
0,1556508
page_index,time_cycles
0,1143324
page_index,time_cycles
0,863228
page_index,time_cycles
0,2014802
page_index,time_cycles
0,707278
page_index,time_cycles
0,1545888
page_index,time_cycles
0,2150278
page_index,time_cycles
0,1506670
page_index,time_cycles
0,729286
page_index,time_cycles
0,1951042
page_index,time_cycles
0,1518600
page_index,time_cycles
0,1917960
page_index,time_cycles
0,779176
page_index,time_cycles
0,1733150
page_index,time_cycles
0,2537986
page_index,time_cycles
0,2607478
page_index,time_cycles
0,1329858
page_index,time_cycles
0,2088714
page_index,time_cycles
0,1081440
page_index,time_cycles
0,2028626
page_index,time_cycles
0,782848
page_index,time_cycles
0,1964394
page_index,time_cycles
0,2420144
page_index,time_cycles
0,2180772
page_index,time_cycles
0,1104212
page_index,time_cycles
0,1549556
page_index,time_cycles
0,2040382
page_index,time_cycles
0,1637882
page_index,time_cycles
0,1628762
page_index,time_cycles
0,1527034
page_index,time_cycles
0,1900092
page_index,time_cycles
0,1782730
page_index,time_cycles
0,2166216
page_index,time_cycles
0,2270994
page_index,time_cycles
0,2496244
page_index,time_cycles
0,1295848
page_index,time_cycles
0,984976
page_index,time_cycles
0,1781620
page_index,time_cycles
0,1475012
page_index,time_cycles
0,1581132
page_index,time_cycles
0,3301066
page_index,time_cycles
0,2462396
page_index,time_cycles
0,2743160
page_index,time_cycles
0,1209722
page_index,time_cycles
0,1823496
page_index,time_cycles
0,2024558
page_index,time_cycles
0,1814752
page_index,time_cycles
0,1534452
page_index,time_cycles
0,1553710
page_index,time_cycles
0,801614
page_index,time_cycles
0,626982
page_index,time_cycles
0,833766
page_index,time_cycles
0,776328
page_index,time_cycles
0,1772482
page_index,time_cycles
0,2177032
page_index,time_cycles
0,745398
page_index,time_cycles
0,1754366
page_index,time_cycles
0,3012874
page_index,time_cycles
0,867374
page_index,time_cycles
0,2067774
page_index,time_cycles
0,1658490
page_index,time_cycles
0,1446628
page_index,time_cycles
0,1128434
page_index,time_cycles
0,842142
page_index,time_cycles
0,2274858
page_index,time_cycles
0,887786
page_index,time_cycles
0,2274540
page_index,time_cycles
0,1881058
page_index,time_cycles
0,2126410
page_index,time_cycles
0,2295936
page_index,time_cycles
0,2260680
page_index,time_cycles
0,1420312
page_index,time_cycles
0,2490684
page_index,time_cycles
0,1441926
page_index,time_cycles
0,1723992
page_index,time_cycles
0,1425782
page_index,time_cycles
0,774714
page_index,time_cycles
0,1150318
page_index,time_cycles
0,907598
page_index,time_cycles
0,645726
page_index,time_cycles
0,1435226
page_index,time_cycles
0,3122260
page_index,time_cycles
0,1784714
page_index,time_cycles
0,1459532
page_index,time_cycles
0,1427730
page_index,time_cycles
0,1388824
page_index,time_cycles
0,1528092
page_index,time_cycles
0,1317500
page_index,time_cycles
0,748830
page_index,time_cycles
0,1852696
page_index,time_cycles
0,811208
page_index,time_cycles
0,2056786
page_index,time_cycles
0,2160960
page_index,time_cycles
0,2101420
page_index,time_cycles
0,1885554
page_index,time_cycles
0,1537460
page_index,time_cycles
0,778040
page_index,time_cycles
0,799742
page_index,time_cycles
0,1327652
page_index,time_cycles
0,2435658
page_index,time_cycles
0,2271294
page_index,time_cycles
0,734240
page_index,time_cycles
0,1813344
page_index,time_cycles
0,1559828
page_index,time_cycles
0,1279886
page_index,time_cycles
0,1382322
page_index,time_cycles
0,2125322
page_index,time_cycles
0,2677316
page_index,time_cycles
0,2208012
page_index,time_cycles
0,1536258
page_index,time_cycles
0,1352726
page_index,time_cycles
0,6687068
page_index,time_cycles
0,2131516
page_index,time_cycles
0,2134646
page_index,time_cycles
0,1635288
page_index,time_cycles
0,1362012
page_index,time_cycles
0,1334016
page_index,time_cycles
0,2173312
page_index,time_cycles
0,1031688
page_index,time_cycles
0,2315138
page_index,time_cycles
0,2695836
page_index,time_cycles
0,2026148
page_index,time_cycles
0,1357270
page_index,time_cycles
0,782816
page_index,time_cycles
0,643120
page_index,time_cycles
0,1196546
page_index,time_cycles
0,1380754
page_index,time_cycles
0,1473692
page_index,time_cycles
0,2321836
page_index,time_cycles
0,2743338
page_index,time_cycles
0,1598330
page_index,time_cycles
0,2203220
page_index,time_cycles
0,1736472
page_index,time_cycles
0,1671274
page_index,time_cycles
0,2861196
page_index,time_cycles
0,1763184
page_index,time_cycles
0,2026852
page_index,time_cycles
0,1311784
page_index,time_cycles
0,2281338
page_index,time_cycles
0,1364508
page_index,time_cycles
0,3788480
page_index,time_cycles
0,1504362
page_index,time_cycles
0,1935912
page_index,time_cycles
0,1631444
page_index,time_cycles
0,2836382
page_index,time_cycles
0,1392572
page_index,time_cycles
0,1280818
page_index,time_cycles
0,2100086
page_index,time_cycles
0,771426
page_index,time_cycles
0,1821962
page_index,time_cycles
0,1498412
page_index,time_cycles
0,1333936
page_index,time_cycles
0,1417484
page_index,time_cycles
0,2793696
page_index,time_cycles
0,2026148
page_index,time_cycles
0,817628
page_index,time_cycles
0,3220422
page_index,time_cycles
0,2701558
page_index,time_cycles
0,1662358
page_index,time_cycles
0,704912
page_index,time_cycles
0,779412
page_index,time_cycles
0,833320
page_index,time_cycles
0,1739358
page_index,time_cycles
0,1574888
page_index,time_cycles
0,1605580
page_index,time_cycles
0,2264572
page_index,time_cycles
0,1734096
page_index,time_cycles
0,1351736
page_index,time_cycles
0,1873642
page_index,time_cycles
0,725070
page_index,time_cycles
0,2019726
page_index,time_cycles
0,1737192
page_index,time_cycles
0,1778848
page_index,time_cycles
0,805542
page_index,time_cycles
0,704432
page_index,time_cycles
0,1941654
page_index,time_cycles
0,1160158
page_index,time_cycles
0,1569706
page_index,time_cycles
0,2166960
page_index,time_cycles
0,800648
page_index,time_cycles
0,1018782
page_index,time_cycles
0,700858
page_index,time_cycles
0,950310
page_index,time_cycles
0,620134
page_index,time_cycles
0,1312762
page_index,time_cycles
0,1397722
page_index,time_cycles
0,1271330
page_index,time_cycles
0,2504140
page_index,time_cycles
0,1871772
page_index,time_cycles
0,1110102
page_index,time_cycles
0,992972
page_index,time_cycles
0,1825780
page_index,time_cycles
0,1378538
page_index,time_cycles
0,697916
page_index,time_cycles
0,2488076
page_index,time_cycles
0,1545046
page_index,time_cycles
0,970982
page_index,time_cycles
0,1848278
page_index,time_cycles
0,1592726
page_index,time_cycles
0,2167628
page_index,time_cycles
0,2714918
page_index,time_cycles
0,1278226
page_index,time_cycles
0,631492
page_index,time_cycles
0,2786922
page_index,time_cycles
0,1672664
page_index,time_cycles
0,2187916
page_index,time_cycles
0,1817524
page_index,time_cycles
0,1783466
page_index,time_cycles
0,2669772
page_index,time_cycles
0,1302570
page_index,time_cycles
0,2272710
page_index,time_cycles
0,1808174
page_index,time_cycles
0,1892172
page_index,time_cycles
0,1187782
page_index,time_cycles
0,2084088
page_index,time_cycles
0,1645268
page_index,time_cycles
0,2127000
page_index,time_cycles
0,1154186
page_index,time_cycles
0,1407142
page_index,time_cycles
0,1566712
page_index,time_cycles
0,1917054
page_index,time_cycles
0,788022
page_index,time_cycles
0,2559790
page_index,time_cycles
0,3563132
page_index,time_cycles
0,3451916
page_index,time_cycles
0,846824
page_index,time_cycles
0,2445838
page_index,time_cycles
0,913566
page_index,time_cycles
0,2665992
page_index,time_cycles
0,1170290
page_index,time_cycles
0,1066310
page_index,time_cycles
0,752888
page_index,time_cycles
0,2683136
page_index,time_cycles
0,1823910
page_index,time_cycles
0,1786736
page_index,time_cycles
0,2373774
page_index,time_cycles
0,645620
page_index,time_cycles
0,1415710
page_index,time_cycles
0,2316784
page_index,time_cycles
0,1658416
page_index,time_cycles
0,2659810
page_index,time_cycles
0,1511312
page_index,time_cycles
0,2380880
page_index,time_cycles
0,788096
page_index,time_cycles
0,1094782
page_index,time_cycles
0,2341056
page_index,time_cycles
0,3083366
page_index,time_cycles
0,879944
page_index,time_cycles
0,1476816
page_index,time_cycles
0,1587834
page_index,time_cycles
0,656670
page_index,time_cycles
0,1615140
page_index,time_cycles
0,2848420
page_index,time_cycles
0,2066068
page_index,time_cycles
0,2383626
page_index,time_cycles
0,2395022
page_index,time_cycles
0,1330344
page_index,time_cycles
0,1492250
page_index,time_cycles
0,1693522
page_index,time_cycles
0,1778606
page_index,time_cycles
0,1873464
page_index,time_cycles
0,1499386
page_index,time_cycles
0,1914804
page_index,time_cycles
0,1893556
page_index,time_cycles
0,2389456
page_index,time_cycles
0,1851916
page_index,time_cycles
0,1603602
page_index,time_cycles
0,1254382
page_index,time_cycles
0,840342
page_index,time_cycles
0,2420786
page_index,time_cycles
0,1118534
page_index,time_cycles
0,3364628
page_index,time_cycles
0,1394444
page_index,time_cycles
0,2077986
page_index,time_cycles
0,1537180
page_index,time_cycles
0,1149566
page_index,time_cycles
0,1365654
page_index,time_cycles
0,2078352
page_index,time_cycles
0,1704314
page_index,time_cycles
0,1950498
page_index,time_cycles
0,1367426
page_index,time_cycles
0,1462880
page_index,time_cycles
0,1323484
page_index,time_cycles
0,1923948
page_index,time_cycles
0,1517720
page_index,time_cycles
0,711908
page_index,time_cycles
0,2316944
page_index,time_cycles
0,1756070
page_index,time_cycles
0,2009978
page_index,time_cycles
0,1521556
page_index,time_cycles
0,1527476
page_index,time_cycles
0,1663916
page_index,time_cycles
0,1067638
page_index,time_cycles
0,2916784
page_index,time_cycles
0,1529354
page_index,time_cycles
0,1378946
page_index,time_cycles
0,1505852
page_index,time_cycles
0,1586944
page_index,time_cycles
0,1295534
page_index,time_cycles
0,1562704
page_index,time_cycles
0,1003850
page_index,time_cycles
0,1650572
page_index,time_cycles
0,2768440
page_index,time_cycles
0,1313706
page_index,time_cycles
0,1625096
page_index,time_cycles
0,738410
page_index,time_cycles
0,1742284
page_index,time_cycles
0,733084
page_index,time_cycles
0,2190706
page_index,time_cycles
0,1592906
page_index,time_cycles
0,820168
page_index,time_cycles
0,2065764
page_index,time_cycles
0,699010
page_index,time_cycles
0,1290740
page_index,time_cycles
0,1057890
page_index,time_cycles
0,2027290
page_index,time_cycles
0,966504
page_index,time_cycles
0,1825194
page_index,time_cycles
0,3013910
page_index,time_cycles
0,1982724
page_index,time_cycles
0,2070816
page_index,time_cycles
0,1940476
page_index,time_cycles
0,704214
page_index,time_cycles
0,2079116
page_index,time_cycles
0,1551072
page_index,time_cycles
0,2435076
page_index,time_cycles
0,1096640
page_index,time_cycles
0,785584
page_index,time_cycles
0,852526
page_index,time_cycles
0,1244524
page_index,time_cycles
0,1581102
page_index,time_cycles
0,2065966
page_index,time_cycles
0,1782260
page_index,time_cycles
0,2167908
page_index,time_cycles
0,1573868
page_index,time_cycles
0,1369322
page_index,time_cycles
0,1319236
page_index,time_cycles
0,1645814
page_index,time_cycles
0,2364006
page_index,time_cycles
0,1962704
page_index,time_cycles
0,1453586
page_index,time_cycles
0,1300852
page_index,time_cycles
0,707848
page_index,time_cycles
0,1093028
page_index,time_cycles
0,3083378
page_index,time_cycles
0,1698166
page_index,time_cycles
0,1769478
page_index,time_cycles
0,1667974
page_index,time_cycles
0,1354654
page_index,time_cycles
0,1375206
page_index,time_cycles
0,2766882
page_index,time_cycles
0,2530912
page_index,time_cycles
0,813582
page_index,time_cycles
0,1979302
page_index,time_cycles
0,1301682
page_index,time_cycles
0,2491384
page_index,time_cycles
0,1740236
page_index,time_cycles
0,1044288
page_index,time_cycles
0,1871842
page_index,time_cycles
0,1532302
page_index,time_cycles
0,1992196
page_index,time_cycles
0,1100302
page_index,time_cycles
0,1816110
page_index,time_cycles
0,1967536
page_index,time_cycles
0,2279552
page_index,time_cycles
0,836922
page_index,time_cycles
0,1981906
page_index,time_cycles
0,2299636
page_index,time_cycles
0,1439302
page_index,time_cycles
0,1622882
page_index,time_cycles
0,759594
page_index,time_cycles
0,1260334
page_index,time_cycles
0,2320504
page_index,time_cycles
0,1410724
page_index,time_cycles
0,1928026
page_index,time_cycles
0,620092
page_index,time_cycles
0,2043454
page_index,time_cycles
0,1548050
page_index,time_cycles
0,1586218
page_index,time_cycles
0,2610654
page_index,time_cycles
0,1437376
page_index,time_cycles
0,1750930
page_index,time_cycles
0,1282920
page_index,time_cycles
0,1253354
page_index,time_cycles
0,1864516
page_index,time_cycles
0,2060568
page_index,time_cycles
0,2203876
page_index,time_cycles
0,1891406
page_index,time_cycles
0,859170
page_index,time_cycles
0,1138486
page_index,time_cycles
0,1217978
page_index,time_cycles
0,2176718
page_index,time_cycles
0,2828860
page_index,time_cycles
0,2134352
page_index,time_cycles
0,1941792
page_index,time_cycles
0,1315694
page_index,time_cycles
0,1417614
page_index,time_cycles
0,1653828
page_index,time_cycles
0,1956296
page_index,time_cycles
0,1582728
page_index,time_cycles
0,1321292
page_index,time_cycles
0,1234828
page_index,time_cycles
0,2514320
page_index,time_cycles
0,2595280
page_index,time_cycles
0,1439286
page_index,time_cycles
0,730906
page_index,time_cycles
0,1394810
page_index,time_cycles
0,1624594
page_index,time_cycles
0,1253002
page_index,time_cycles
0,2322504
page_index,time_cycles
0,1195140
page_index,time_cycles
0,1561750
page_index,time_cycles
0,1481942
page_index,time_cycles
0,2575628
page_index,time_cycles
0,2403302
page_index,time_cycles
0,2057704
page_index,time_cycles
0,1690360
page_index,time_cycles
0,1241074
page_index,time_cycles
0,745366
page_index,time_cycles
0,642962
page_index,time_cycles
0,1838076
page_index,time_cycles
0,2660358
page_index,time_cycles
0,1723020
page_index,time_cycles
0,812502
page_index,time_cycles
0,1245534
page_index,time_cycles
0,1853952
page_index,time_cycles
0,2393672
page_index,time_cycles
0,1430934
page_index,time_cycles
0,1630500
page_index,time_cycles
0,2155728
page_index,time_cycles
0,1599220
page_index,time_cycles
0,2458142
page_index,time_cycles
0,843758
page_index,time_cycles
0,1239936
page_index,time_cycles
0,2699696
page_index,time_cycles
0,1597394
page_index,time_cycles
0,1554706
page_index,time_cycles
0,1133158
page_index,time_cycles
0,2503668
page_index,time_cycles
0,2011124
page_index,time_cycles
0,1569062
page_index,time_cycles
0,2072840
page_index,time_cycles
0,1507644
page_index,time_cycles
0,1664426
page_index,time_cycles
0,2362276
page_index,time_cycles
0,1697878
page_index,time_cycles
0,2377024
page_index,time_cycles
0,720514
page_index,time_cycles
0,2608496
page_index,time_cycles
0,1499112
page_index,time_cycles
0,1706758
page_index,time_cycles
0,2254828
page_index,time_cycles
0,1955028
page_index,time_cycles
0,1119132
page_index,time_cycles
0,776706
page_index,time_cycles
0,1990564
page_index,time_cycles
0,781854
page_index,time_cycles
0,1280940
page_index,time_cycles
0,1642834
page_index,time_cycles
0,1832898
page_index,time_cycles
0,2021066
page_index,time_cycles
0,2180438
page_index,time_cycles
0,1508248
page_index,time_cycles
0,1943922
page_index,time_cycles
0,1375812
page_index,time_cycles
0,2120556
page_index,time_cycles
0,2027692
page_index,time_cycles
0,2260766
page_index,time_cycles
0,1972658
page_index,time_cycles
0,2393532
page_index,time_cycles
0,1604796
page_index,time_cycles
0,828714
page_index,time_cycles
0,1190818
page_index,time_cycles
0,1395704
page_index,time_cycles
0,2091358
page_index,time_cycles
0,2326878
page_index,time_cycles
0,1984098
page_index,time_cycles
0,968616
page_index,time_cycles
0,1113598
page_index,time_cycles
0,1333674
page_index,time_cycles
0,2440230
page_index,time_cycles
0,1777726
page_index,time_cycles
0,1934908
page_index,time_cycles
0,2087784
page_index,time_cycles
0,1274410
page_index,time_cycles
0,1574146
page_index,time_cycles
0,1186086
page_index,time_cycles
0,708854
page_index,time_cycles
0,1588012
page_index,time_cycles
0,840250
page_index,time_cycles
0,2675726
page_index,time_cycles
0,805814
page_index,time_cycles
0,1114726
page_index,time_cycles
0,2198930
page_index,time_cycles
0,2050202
page_index,time_cycles
0,1595986
page_index,time_cycles
0,2391578
page_index,time_cycles
0,1402720
page_index,time_cycles
0,1645518
page_index,time_cycles
0,1919960
page_index,time_cycles
0,1965664
page_index,time_cycles
0,2724608
page_index,time_cycles
0,1451206
page_index,time_cycles
0,1756758
page_index,time_cycles
0,1802602
page_index,time_cycles
0,1898836
page_index,time_cycles
0,1793094
page_index,time_cycles
0,2758860
page_index,time_cycles
0,2556878
page_index,time_cycles
0,2421060
page_index,time_cycles
0,1929970
page_index,time_cycles
0,1168440
page_index,time_cycles
0,1737098
page_index,time_cycles
0,1841934
page_index,time_cycles
0,1010662
page_index,time_cycles
0,2108792
page_index,time_cycles
0,1023096
page_index,time_cycles
0,1807834
page_index,time_cycles
0,2695070
page_index,time_cycles
0,2401692
page_index,time_cycles
0,2704634
page_index,time_cycles
0,1862588
page_index,time_cycles
0,956270
page_index,time_cycles
0,995886
page_index,time_cycles
0,789588
page_index,time_cycles
0,1523330
page_index,time_cycles
0,1833684
page_index,time_cycles
0,1753632
page_index,time_cycles
0,762688
page_index,time_cycles
0,1633102
page_index,time_cycles
0,1549522
page_index,time_cycles
0,2745420
page_index,time_cycles
0,1956054
page_index,time_cycles
0,1403654
page_index,time_cycles
0,1892142
page_index,time_cycles
0,1575110
page_index,time_cycles
0,1953050
page_index,time_cycles
0,2711268
page_index,time_cycles
0,1508464
page_index,time_cycles
0,1775468
page_index,time_cycles
0,1087704
page_index,time_cycles
0,1354532
page_index,time_cycles
0,1892110
page_index,time_cycles
0,1978422
page_index,time_cycles
0,2237094
page_index,time_cycles
0,2233800
page_index,time_cycles
0,1053226
page_index,time_cycles
0,2297384
page_index,time_cycles
0,1692850
page_index,time_cycles
0,2151838
page_index,time_cycles
0,1699084
page_index,time_cycles
0,2467286
page_index,time_cycles
0,2104340
page_index,time_cycles
0,2206814
page_index,time_cycles
0,1504904
page_index,time_cycles
0,622140
page_index,time_cycles
0,3755696
page_index,time_cycles
0,1067852
page_index,time_cycles
0,1056820
page_index,time_cycles
0,1666032
page_index,time_cycles
0,1349396
page_index,time_cycles
0,2534838
page_index,time_cycles
0,702210
page_index,time_cycles
0,795042
page_index,time_cycles
0,1130702
page_index,time_cycles
0,1311332
page_index,time_cycles
0,1516696
page_index,time_cycles
0,2428288
page_index,time_cycles
0,1532952
page_index,time_cycles
0,1358132
page_index,time_cycles
0,2583818
page_index,time_cycles
0,1652592
page_index,time_cycles
0,2044958
page_index,time_cycles
0,2715708
page_index,time_cycles
0,1773246
page_index,time_cycles
0,2502750
page_index,time_cycles
0,2085084
page_index,time_cycles
0,2005860
page_index,time_cycles
0,2020604
page_index,time_cycles
0,1260450
page_index,time_cycles
0,918650
page_index,time_cycles
0,1212542
page_index,time_cycles
0,2102632
page_index,time_cycles
0,910220
page_index,time_cycles
0,1477690
page_index,time_cycles
0,1505346
page_index,time_cycles
0,1608850
page_index,time_cycles
0,1784128
page_index,time_cycles
0,1238666
page_index,time_cycles
0,1438302
page_index,time_cycles
0,1257536
page_index,time_cycles
0,2049822
page_index,time_cycles
0,861174
page_index,time_cycles
0,2142060
page_index,time_cycles
0,1278824
page_index,time_cycles
0,720820
page_index,time_cycles
0,2579212
page_index,time_cycles
0,2493190
page_index,time_cycles
0,875654
page_index,time_cycles
0,2049610
page_index,time_cycles
0,1403864
page_index,time_cycles
0,1378678
page_index,time_cycles
0,1752414
page_index,time_cycles
0,1084738
page_index,time_cycles
0,2328886
page_index,time_cycles
0,2362190
page_index,time_cycles
0,2112982
page_index,time_cycles
0,773592
page_index,time_cycles
0,1483780
page_index,time_cycles
0,2257094
page_index,time_cycles
0,1179614
page_index,time_cycles
0,1258416
page_index,time_cycles
0,2261532
page_index,time_cycles
0,1789390
page_index,time_cycles
0,1921858
page_index,time_cycles
0,1312684
page_index,time_cycles
0,1566298
page_index,time_cycles
0,1755364
page_index,time_cycles
0,1741760
page_index,time_cycles
0,679378
page_index,time_cycles
0,1153504
page_index,time_cycles
0,2524456
page_index,time_cycles
0,2264992
page_index,time_cycles
0,1390194
page_index,time_cycles
0,1756690
page_index,time_cycles
0,2619238
page_index,time_cycles
0,1470500
page_index,time_cycles
0,737930
page_index,time_cycles
0,1376842
page_index,time_cycles
0,778986
page_index,time_cycles
0,2078180
page_index,time_cycles
0,1742704
page_index,time_cycles
0,653354
page_index,time_cycles
0,1165112
page_index,time_cycles
0,2148012
page_index,time_cycles
0,1013250
page_index,time_cycles
0,1953820
page_index,time_cycles
0,1349082
page_index,time_cycles
0,2522834
page_index,time_cycles
0,1029962
page_index,time_cycles
0,1806282
page_index,time_cycles
0,2441168
page_index,time_cycles
0,2724952
page_index,time_cycles
0,2214736
page_index,time_cycles
0,1074200
page_index,time_cycles
0,1980422
page_index,time_cycles
0,2203964
page_index,time_cycles
0,2920568
page_index,time_cycles
0,2258546
page_index,time_cycles
0,1890054
page_index,time_cycles
0,1571446
page_index,time_cycles
0,2331490
page_index,time_cycles
0,723482
page_index,time_cycles
0,617256
page_index,time_cycles
0,1738912
page_index,time_cycles
0,735988
page_index,time_cycles
0,699158
page_index,time_cycles
0,2009464
page_index,time_cycles
0,1634948
page_index,time_cycles
0,2192800
page_index,time_cycles
0,2208366
page_index,time_cycles
0,1442784
page_index,time_cycles
0,1553148
page_index,time_cycles
0,665100
page_index,time_cycles
0,1495726
page_index,time_cycles
0,3139704
page_index,time_cycles
0,1287956
page_index,time_cycles
0,1553278
page_index,time_cycles
0,1623568
page_index,time_cycles
0,1160474
page_index,time_cycles
0,2824258
page_index,time_cycles
0,2549370
page_index,time_cycles
0,1124794
page_index,time_cycles
0,2108796
page_index,time_cycles
0,1997490
page_index,time_cycles
0,1316438
page_index,time_cycles
0,2168762
page_index,time_cycles
0,2014802
page_index,time_cycles
0,2773404
page_index,time_cycles
0,1942514
page_index,time_cycles
0,2122060
page_index,time_cycles
0,2655954
page_index,time_cycles
0,2305050
page_index,time_cycles
0,1854958
page_index,time_cycles
0,1213678
page_index,time_cycles
0,2790744
page_index,time_cycles
0,1077886
page_index,time_cycles
0,1617326
page_index,time_cycles
0,1201346
page_index,time_cycles
0,1911312
page_index,time_cycles
0,1499778
page_index,time_cycles
0,2515448
page_index,time_cycles
0,970334
page_index,time_cycles
0,1842432
page_index,time_cycles
0,1620260
page_index,time_cycles
0,2171162
page_index,time_cycles
0,2029588
page_index,time_cycles
0,1698182
page_index,time_cycles
0,665344
page_index,time_cycles
0,1615668
page_index,time_cycles
0,1056606
page_index,time_cycles
0,1519796
page_index,time_cycles
0,749454
page_index,time_cycles
0,1734160
page_index,time_cycles
0,2252156
page_index,time_cycles
0,2210896
page_index,time_cycles
0,1985926
page_index,time_cycles
0,1454766
page_index,time_cycles
0,1027532
page_index,time_cycles
0,1840614
page_index,time_cycles
0,1568550
page_index,time_cycles
0,782020
page_index,time_cycles
0,2756706
page_index,time_cycles
0,1740754
page_index,time_cycles
0,1260146
page_index,time_cycles
0,1087940
page_index,time_cycles
0,2068886
page_index,time_cycles
0,1165238
page_index,time_cycles
0,2481650
page_index,time_cycles
0,1456790
page_index,time_cycles
0,766006
page_index,time_cycles
0,1587032
page_index,time_cycles
0,2189352
page_index,time_cycles
0,2238154
page_index,time_cycles
0,1580384
page_index,time_cycles
0,2179714
page_index,time_cycles
0,2130234
page_index,time_cycles
0,1423376
page_index,time_cycles
0,693242
page_index,time_cycles
0,1378010
page_index,time_cycles
0,2020490
page_index,time_cycles
0,1600124
page_index,time_cycles
0,1864404
page_index,time_cycles
0,742192
page_index,time_cycles
0,1352048
page_index,time_cycles
0,2725728
page_index,time_cycles
0,2353782
page_index,time_cycles
0,1870742
page_index,time_cycles
0,2221344
page_index,time_cycles
0,1452346
page_index,time_cycles
0,2204512
page_index,time_cycles
0,1323042
page_index,time_cycles
0,1489810
page_index,time_cycles
0,868136
page_index,time_cycles
0,1965138
page_index,time_cycles
0,1329238
page_index,time_cycles
0,862176
page_index,time_cycles
0,1886856
page_index,time_cycles
0,2005944
page_index,time_cycles
0,2549790
page_index,time_cycles
0,2846150
page_index,time_cycles
0,2028012
page_index,time_cycles
0,1072226
page_index,time_cycles
0,1992194
page_index,time_cycles
0,1234918
page_index,time_cycles
0,2141574
page_index,time_cycles
0,1801100
page_index,time_cycles
0,1930372
page_index,time_cycles
0,1375322
page_index,time_cycles
0,1753684
page_index,time_cycles
0,1420950
page_index,time_cycles
0,1271180
page_index,time_cycles
0,2714922
page_index,time_cycles
0,2247484
page_index,time_cycles
0,637640
page_index,time_cycles
0,1445248
page_index,time_cycles
0,1964966
page_index,time_cycles
0,2478680
page_index,time_cycles
0,2121460
page_index,time_cycles
0,1446882
page_index,time_cycles
0,2536204
page_index,time_cycles
0,1350358
page_index,time_cycles
0,2142978
page_index,time_cycles
0,713112
page_index,time_cycles
0,1310500
page_index,time_cycles
0,2947016
page_index,time_cycles
0,3235220
page_index,time_cycles
0,1694816
page_index,time_cycles
0,1886008
page_index,time_cycles
0,1995874
page_index,time_cycles
0,1844548
page_index,time_cycles
0,1973200
page_index,time_cycles
0,1910170
page_index,time_cycles
0,3939270
page_index,time_cycles
0,2938044
page_index,time_cycles
0,2346530
page_index,time_cycles
0,2214072
page_index,time_cycles
0,956288
page_index,time_cycles
0,2656252
page_index,time_cycles
0,1485170
page_index,time_cycles
0,840384
page_index,time_cycles
0,634760
page_index,time_cycles
0,2157842
page_index,time_cycles
0,2171202
page_index,time_cycles
0,1178836
page_index,time_cycles
0,3681614
page_index,time_cycles
0,871296
page_index,time_cycles
0,993874
page_index,time_cycles
0,1897316
page_index,time_cycles
0,675856
page_index,time_cycles
0,2667100
page_index,time_cycles
0,2999660
page_index,time_cycles
0,1059814
page_index,time_cycles
0,1599452
page_index,time_cycles
0,2429530
page_index,time_cycles
0,2263670
page_index,time_cycles
0,2221472
page_index,time_cycles
0,1150070
page_index,time_cycles
0,1672538
page_index,time_cycles
0,2357016
page_index,time_cycles
0,1671454
page_index,time_cycles
0,1502396
page_index,time_cycles
0,858310
page_index,time_cycles
0,1750114
page_index,time_cycles
0,2043724
page_index,time_cycles
0,3027030
page_index,time_cycles
0,1097066
page_index,time_cycles
0,1401040
page_index,time_cycles
0,1665920
page_index,time_cycles
0,1941632
page_index,time_cycles
0,1632114
page_index,time_cycles
0,2187412
page_index,time_cycles
0,2312484
page_index,time_cycles
0,772904
page_index,time_cycles
0,1779446
page_index,time_cycles
0,1417584
page_index,time_cycles
0,1402222
page_index,time_cycles
0,1141458
page_index,time_cycles
0,1203522
page_index,time_cycles
0,2730754
page_index,time_cycles
0,1156310
page_index,time_cycles
0,630906
page_index,time_cycles
0,2339174
page_index,time_cycles
0,832706
page_index,time_cycles
0,2595380
page_index,time_cycles
0,1196128
page_index,time_cycles
0,1112000
page_index,time_cycles
0,3703732
page_index,time_cycles
0,764316
page_index,time_cycles
0,3463196
page_index,time_cycles
0,2287490
page_index,time_cycles
0,871184
page_index,time_cycles
0,1664000
page_index,time_cycles
0,2608936
page_index,time_cycles
0,1734808
page_index,time_cycles
0,1543228
page_index,time_cycles
0,2024266
page_index,time_cycles
0,1918544
page_index,time_cycles
0,1577886
page_index,time_cycles
0,2392542
page_index,time_cycles
0,1952652
page_index,time_cycles
0,2498920
page_index,time_cycles
0,2416072
page_index,time_cycles
0,2064252
page_index,time_cycles
0,1550588
page_index,time_cycles
0,1649938
page_index,time_cycles
0,987042
page_index,time_cycles
0,1562150
page_index,time_cycles
0,1766612
page_index,time_cycles
0,1598942
page_index,time_cycles
0,1231248
page_index,time_cycles
0,1649720
page_index,time_cycles
0,1391338
page_index,time_cycles
0,1198540
page_index,time_cycles
0,1960334
page_index,time_cycles
0,710236
page_index,time_cycles
0,837610
page_index,time_cycles
0,1320478
page_index,time_cycles
0,2229216
page_index,time_cycles
0,692816
page_index,time_cycles
0,1644658
page_index,time_cycles
0,1401252
page_index,time_cycles
0,1275938
page_index,time_cycles
0,1580534
page_index,time_cycles
0,785718
page_index,time_cycles
0,1929866
page_index,time_cycles
0,1641210
page_index,time_cycles
0,1385340
page_index,time_cycles
0,2316326
page_index,time_cycles
0,1838090
page_index,time_cycles
0,1474984
page_index,time_cycles
0,1093804
page_index,time_cycles
0,1905408
page_index,time_cycles
0,1401276
page_index,time_cycles
0,1032932
page_index,time_cycles
0,1714676
page_index,time_cycles
0,778646
page_index,time_cycles
0,1824388
page_index,time_cycles
0,1257404
page_index,time_cycles
0,1335242
page_index,time_cycles
0,1501084
page_index,time_cycles
0,1390092
page_index,time_cycles
0,1156448
page_index,time_cycles
0,1996658
page_index,time_cycles
0,1419024
page_index,time_cycles
0,811096
page_index,time_cycles
0,1347248
page_index,time_cycles
0,5643814
page_index,time_cycles
0,865560
page_index,time_cycles
0,2069982
page_index,time_cycles
0,1768462
page_index,time_cycles
0,2859292
page_index,time_cycles
0,2594232
page_index,time_cycles
0,2064770
page_index,time_cycles
0,1216714
page_index,time_cycles
0,2287726
page_index,time_cycles
0,1922796
page_index,time_cycles
0,2355660
page_index,time_cycles
0,864774
page_index,time_cycles
0,705360
page_index,time_cycles
0,1779634
page_index,time_cycles
0,1846072
page_index,time_cycles
0,2093882
page_index,time_cycles
0,1357878
page_index,time_cycles
0,2230856
page_index,time_cycles
0,3612086
page_index,time_cycles
0,1957036
page_index,time_cycles
0,2488840
page_index,time_cycles
0,926250
page_index,time_cycles
0,1500172
page_index,time_cycles
0,2235194
page_index,time_cycles
0,2496678
page_index,time_cycles
0,773484
page_index,time_cycles
0,2003366
page_index,time_cycles
0,1399030
page_index,time_cycles
0,1759936
page_index,time_cycles
0,1369792
page_index,time_cycles
0,776352
page_index,time_cycles
0,2142456
page_index,time_cycles
0,693440
page_index,time_cycles
0,1500382
page_index,time_cycles
0,1336046
page_index,time_cycles
0,1197558
page_index,time_cycles
0,1882038
page_index,time_cycles
0,2055524
page_index,time_cycles
0,2342160
page_index,time_cycles
0,2051106
page_index,time_cycles
0,1673814
page_index,time_cycles
0,1439110
page_index,time_cycles
0,1206784
page_index,time_cycles
0,1241320
page_index,time_cycles
0,2372212
page_index,time_cycles
0,1544154
page_index,time_cycles
0,1621898
page_index,time_cycles
0,758288
page_index,time_cycles
0,2998222
page_index,time_cycles
0,2162782
page_index,time_cycles
0,1362512
page_index,time_cycles
0,2006662
page_index,time_cycles
0,886506
page_index,time_cycles
0,2392172
page_index,time_cycles
0,1417238
page_index,time_cycles
0,1401064
page_index,time_cycles
0,1121566
page_index,time_cycles
0,1038444
page_index,time_cycles
0,1577096
page_index,time_cycles
0,2655776
page_index,time_cycles
0,1850722
page_index,time_cycles
0,1690530
page_index,time_cycles
0,3163754
page_index,time_cycles
0,1463850
page_index,time_cycles
0,1195306
page_index,time_cycles
0,1230970
page_index,time_cycles
0,2448170
page_index,time_cycles
0,1475296
page_index,time_cycles
0,1439474
page_index,time_cycles
0,1180424
page_index,time_cycles
0,1301104
page_index,time_cycles
0,708344
page_index,time_cycles
0,2117408
page_index,time_cycles
0,1557296
page_index,time_cycles
0,768444
page_index,time_cycles
0,2735156
page_index,time_cycles
0,727708
page_index,time_cycles
0,1594314
page_index,time_cycles
0,1497396
page_index,time_cycles
0,1603896
page_index,time_cycles
0,1021248
page_index,time_cycles
0,1930332
page_index,time_cycles
0,2258868
page_index,time_cycles
0,933468
page_index,time_cycles
0,2187110
page_index,time_cycles
0,1027062
page_index,time_cycles
0,1985780
page_index,time_cycles
0,2397044
page_index,time_cycles
0,1281176
page_index,time_cycles
0,763014
page_index,time_cycles
0,1793166
page_index,time_cycles
0,922100
page_index,time_cycles
0,1310848
page_index,time_cycles
0,2156708
page_index,time_cycles
0,1770406
page_index,time_cycles
0,1087872
page_index,time_cycles
0,2102656
page_index,time_cycles
0,2407088
page_index,time_cycles
0,742826
page_index,time_cycles
0,1604584
page_index,time_cycles
0,2156218
page_index,time_cycles
0,1824024
page_index,time_cycles
0,3593632
page_index,time_cycles
0,2972198
page_index,time_cycles
0,2689384
page_index,time_cycles
0,1404242
page_index,time_cycles
0,2089038
page_index,time_cycles
0,738128
page_index,time_cycles
0,840986
page_index,time_cycles
0,2823756
page_index,time_cycles
0,1833504
page_index,time_cycles
0,1296336
page_index,time_cycles
0,832140
page_index,time_cycles
0,1860232
page_index,time_cycles
0,926102
page_index,time_cycles
0,1039030
page_index,time_cycles
0,2048254
page_index,time_cycles
0,3370750
page_index,time_cycles
0,1163852
page_index,time_cycles
0,2214888
page_index,time_cycles
0,630622
page_index,time_cycles
0,2214036
page_index,time_cycles
0,1888856
page_index,time_cycles
0,648682
page_index,time_cycles
0,663096
page_index,time_cycles
0,1949860
page_index,time_cycles
0,1539290
page_index,time_cycles
0,1572724
page_index,time_cycles
0,1609414
page_index,time_cycles
0,994868
page_index,time_cycles
0,1447544
page_index,time_cycles
0,824702
page_index,time_cycles
0,2512238
page_index,time_cycles
0,1261198
page_index,time_cycles
0,847872
page_index,time_cycles
0,1948312
page_index,time_cycles
0,1697530
page_index,time_cycles
0,652456
page_index,time_cycles
0,1760348
page_index,time_cycles
0,1440074
page_index,time_cycles
0,1697712
page_index,time_cycles
0,2206264
page_index,time_cycles
0,1491912
page_index,time_cycles
0,2152884
page_index,time_cycles
0,696022
page_index,time_cycles
0,1756878
page_index,time_cycles
0,794254
page_index,time_cycles
0,1347912
page_index,time_cycles
0,2080656
page_index,time_cycles
0,823738
page_index,time_cycles
0,1594994
page_index,time_cycles
0,2351774
page_index,time_cycles
0,1368658
page_index,time_cycles
0,2827760
page_index,time_cycles
0,2764540
page_index,time_cycles
0,2395988
page_index,time_cycles
0,2123562
page_index,time_cycles
0,1617258
page_index,time_cycles
0,1956388
page_index,time_cycles
0,1157044
page_index,time_cycles
0,1137794
page_index,time_cycles
0,2127000
page_index,time_cycles
0,1566664
page_index,time_cycles
0,955332
page_index,time_cycles
0,1964296
page_index,time_cycles
0,1732362
page_index,time_cycles
0,2443244
page_index,time_cycles
0,1282402
page_index,time_cycles
0,1597118
page_index,time_cycles
0,1450990
page_index,time_cycles
0,2288912
page_index,time_cycles
0,2651910
page_index,time_cycles
0,3336494
page_index,time_cycles
0,1028448
page_index,time_cycles
0,643826
page_index,time_cycles
0,2131274
page_index,time_cycles
0,1531896
page_index,time_cycles
0,1540632
page_index,time_cycles
0,1382274
page_index,time_cycles
0,1168410
page_index,time_cycles
0,1086356
page_index,time_cycles
0,1934566
page_index,time_cycles
0,1414542
page_index,time_cycles
0,2060658
page_index,time_cycles
0,2073984
page_index,time_cycles
0,1827462
page_index,time_cycles
0,1167304
page_index,time_cycles
0,1651400
page_index,time_cycles
0,1301594
page_index,time_cycles
0,1496082
page_index,time_cycles
0,731440
page_index,time_cycles
0,1361332
page_index,time_cycles
0,609486
page_index,time_cycles
0,2075880
page_index,time_cycles
0,609080
page_index,time_cycles
0,1259652
page_index,time_cycles
0,2257576
page_index,time_cycles
0,2253892
page_index,time_cycles
0,729108
page_index,time_cycles
0,1553996
page_index,time_cycles
0,1315104
page_index,time_cycles
0,2283026
page_index,time_cycles
0,2502446
page_index,time_cycles
0,1829126
page_index,time_cycles
0,2823136
page_index,time_cycles
0,1442132
page_index,time_cycles
0,1398574
page_index,time_cycles
0,722858
page_index,time_cycles
0,782840
page_index,time_cycles
0,1554172
page_index,time_cycles
0,1374944
page_index,time_cycles
0,1614962
page_index,time_cycles
0,1587852
page_index,time_cycles
0,1633076
page_index,time_cycles
0,2271498
page_index,time_cycles
0,3522504
page_index,time_cycles
0,2406646
page_index,time_cycles
0,2419966
page_index,time_cycles
0,3429090
page_index,time_cycles
0,2130214
page_index,time_cycles
0,1433728
page_index,time_cycles
0,1265242
page_index,time_cycles
0,2046048
page_index,time_cycles
0,2162256
page_index,time_cycles
0,1983504
page_index,time_cycles
0,1451068
page_index,time_cycles
0,2557638
page_index,time_cycles
0,1495230
page_index,time_cycles
0,819902
page_index,time_cycles
0,1334340
page_index,time_cycles
0,1507098
page_index,time_cycles
0,2299094
page_index,time_cycles
0,1866556
page_index,time_cycles
0,1644694
page_index,time_cycles
0,2147768
page_index,time_cycles
0,1419978
page_index,time_cycles
0,783984
page_index,time_cycles
0,1581318
page_index,time_cycles
0,1589554
page_index,time_cycles
0,2524154
page_index,time_cycles
0,2697976
page_index,time_cycles
0,1329780
page_index,time_cycles
0,619404
page_index,time_cycles
0,1868934
page_index,time_cycles
0,1294926
page_index,time_cycles
0,1905168
page_index,time_cycles
0,2393334
page_index,time_cycles
0,1257214
page_index,time_cycles
0,1582628
page_index,time_cycles
0,1802536
page_index,time_cycles
0,1531436
page_index,time_cycles
0,1920516
page_index,time_cycles
0,1621346
page_index,time_cycles
0,763758
page_index,time_cycles
0,2019492
page_index,time_cycles
0,637840
page_index,time_cycles
0,689358
page_index,time_cycles
0,2919018
page_index,time_cycles
0,2140438
page_index,time_cycles
0,2833312
page_index,time_cycles
0,2079606
page_index,time_cycles
0,685908
page_index,time_cycles
0,2301454
page_index,time_cycles
0,1783970
page_index,time_cycles
0,1763520
page_index,time_cycles
0,1109132
page_index,time_cycles
0,2308892
page_index,time_cycles
0,1233954
page_index,time_cycles
0,1448158
page_index,time_cycles
0,1372122
page_index,time_cycles
0,1650932
page_index,time_cycles
0,2099964
page_index,time_cycles
0,1638484
page_index,time_cycles
0,651912
page_index,time_cycles
0,1896530
page_index,time_cycles
0,962276
page_index,time_cycles
0,696600
page_index,time_cycles
0,2967654
page_index,time_cycles
0,1343432
page_index,time_cycles
0,1956602
page_index,time_cycles
0,1549966
page_index,time_cycles
0,1169724
page_index,time_cycles
0,2419322
page_index,time_cycles
0,1533034
page_index,time_cycles
0,1586322
page_index,time_cycles
0,1868428
page_index,time_cycles
0,2816938
page_index,time_cycles
0,1550040
page_index,time_cycles
0,1106870
page_index,time_cycles
0,3573604
page_index,time_cycles
0,1572556
page_index,time_cycles
0,1944402
page_index,time_cycles
0,1630364
page_index,time_cycles
0,2564312
page_index,time_cycles
0,1495012
page_index,time_cycles
0,4025826
page_index,time_cycles
0,2623308
page_index,time_cycles
0,2107862
page_index,time_cycles
0,1567826
page_index,time_cycles
0,1946944
page_index,time_cycles
0,2863674
page_index,time_cycles
0,2150142
page_index,time_cycles
0,2433490
page_index,time_cycles
0,2274074
page_index,time_cycles
0,2340250
page_index,time_cycles
0,692404
page_index,time_cycles
0,2236228
page_index,time_cycles
0,1886300
page_index,time_cycles
0,1677416
page_index,time_cycles
0,1724468
page_index,time_cycles
0,1840248
page_index,time_cycles
0,1031144
page_index,time_cycles
0,2069108
page_index,time_cycles
0,1873700
page_index,time_cycles
0,2428178
page_index,time_cycles
0,2266662
page_index,time_cycles
0,2101292
page_index,time_cycles
0,2662534
page_index,time_cycles
0,649282
page_index,time_cycles
0,2200892
page_index,time_cycles
0,1021178
page_index,time_cycles
0,699240
page_index,time_cycles
0,2527576
page_index,time_cycles
0,1847636
page_index,time_cycles
0,1501420
page_index,time_cycles
0,669532
page_index,time_cycles
0,747878
page_index,time_cycles
0,1987272
page_index,time_cycles
0,1118356
page_index,time_cycles
0,1558008
page_index,time_cycles
0,1549076
page_index,time_cycles
0,843270
page_index,time_cycles
0,1299254
page_index,time_cycles
0,3480268
page_index,time_cycles
0,2101392
page_index,time_cycles
0,2100208
page_index,time_cycles
0,1385676
page_index,time_cycles
0,1323774
page_index,time_cycles
0,1545188
page_index,time_cycles
0,2573778
page_index,time_cycles
0,2200314
page_index,time_cycles
0,830790
page_index,time_cycles
0,843904
page_index,time_cycles
0,2282986
page_index,time_cycles
0,2718018
page_index,time_cycles
0,2130134
page_index,time_cycles
0,2219306
page_index,time_cycles
0,787754
page_index,time_cycles
0,1365074
page_index,time_cycles
0,1905338
page_index,time_cycles
0,2063798
page_index,time_cycles
0,611004
page_index,time_cycles
0,1585964
page_index,time_cycles
0,1679006
page_index,time_cycles
0,1955000
page_index,time_cycles
0,3179806
page_index,time_cycles
0,2442232
page_index,time_cycles
0,805944
page_index,time_cycles
0,1009442
page_index,time_cycles
0,858216
page_index,time_cycles
0,2067796
page_index,time_cycles
0,1683826
page_index,time_cycles
0,2808326
page_index,time_cycles
0,1359676
page_index,time_cycles
0,2111064
page_index,time_cycles
0,1308024
page_index,time_cycles
0,2367430
page_index,time_cycles
0,815600
page_index,time_cycles
0,1224720
page_index,time_cycles
0,1707706
page_index,time_cycles
0,1258920
page_index,time_cycles
0,1300764
page_index,time_cycles
0,883276
page_index,time_cycles
0,1633452
page_index,time_cycles
0,808482
page_index,time_cycles
0,1471612
page_index,time_cycles
0,1858630
page_index,time_cycles
0,2101254
page_index,time_cycles
0,1712886
page_index,time_cycles
0,676496
page_index,time_cycles
0,1173874
page_index,time_cycles
0,3063976
page_index,time_cycles
0,802832
page_index,time_cycles
0,1984414
page_index,time_cycles
0,596488
page_index,time_cycles
0,943098
page_index,time_cycles
0,1613968
page_index,time_cycles
0,1464818
page_index,time_cycles
0,1557580
page_index,time_cycles
0,1824536
page_index,time_cycles
0,1265950
page_index,time_cycles
0,667792
page_index,time_cycles
0,745248
page_index,time_cycles
0,2376648
page_index,time_cycles
0,1287020
page_index,time_cycles
0,2707262
page_index,time_cycles
0,1641200
page_index,time_cycles
0,2398860
page_index,time_cycles
0,1601588
page_index,time_cycles
0,2208418
page_index,time_cycles
0,2219106
page_index,time_cycles
0,2267646
page_index,time_cycles
0,2442578
page_index,time_cycles
0,1324260
page_index,time_cycles
0,1425506
page_index,time_cycles
0,2147050
page_index,time_cycles
0,2473450
page_index,time_cycles
0,1542564
page_index,time_cycles
0,703822
page_index,time_cycles
0,2744316
page_index,time_cycles
0,2157152
page_index,time_cycles
0,1972948
page_index,time_cycles
0,1188180
page_index,time_cycles
0,2981166
page_index,time_cycles
0,1713986
page_index,time_cycles
0,1451442
page_index,time_cycles
0,1936374
page_index,time_cycles
0,1212754
page_index,time_cycles
0,1607208
page_index,time_cycles
0,1830564
page_index,time_cycles
0,1274482
page_index,time_cycles
0,2033460
page_index,time_cycles
0,2384864
page_index,time_cycles
0,894742
page_index,time_cycles
0,2110016
page_index,time_cycles
0,1559222
page_index,time_cycles
0,797344
page_index,time_cycles
0,2765636
page_index,time_cycles
0,1940438
page_index,time_cycles
0,2448300
page_index,time_cycles
0,2038506
page_index,time_cycles
0,730534
page_index,time_cycles
0,2710680
page_index,time_cycles
0,1265758
page_index,time_cycles
0,1278176
page_index,time_cycles
0,700218
page_index,time_cycles
0,2073812
page_index,time_cycles
0,1053958
page_index,time_cycles
0,1606788
page_index,time_cycles
0,918540
page_index,time_cycles
0,1269040
page_index,time_cycles
0,1952458
page_index,time_cycles
0,2420190
page_index,time_cycles
0,2150866
page_index,time_cycles
0,1554206
page_index,time_cycles
0,1639166
page_index,time_cycles
0,840030
page_index,time_cycles
0,2487804
page_index,time_cycles
0,1658778
page_index,time_cycles
0,1842428
page_index,time_cycles
0,890220
page_index,time_cycles
0,2808498
page_index,time_cycles
0,1333588
page_index,time_cycles
0,751980
page_index,time_cycles
0,702650
page_index,time_cycles
0,690518
SUMMARY,COUNT=10000,MEAN=1675346.69,STD=643910.98
