page_index,time_cycles
0,2015266
page_index,time_cycles
0,3400714
page_index,time_cycles
0,3434824
page_index,time_cycles
0,4021238
page_index,time_cycles
0,1379484
page_index,time_cycles
0,3439640
page_index,time_cycles
0,2835438
page_index,time_cycles
0,2039872
page_index,time_cycles
0,2296088
page_index,time_cycles
0,3717598
page_index,time_cycles
0,1209834
page_index,time_cycles
0,1606680
page_index,time_cycles
0,3887440
page_index,time_cycles
0,2593212
page_index,time_cycles
0,3718686
page_index,time_cycles
0,1974746
page_index,time_cycles
0,3655364
page_index,time_cycles
0,1207550
page_index,time_cycles
0,4332494
page_index,time_cycles
0,2167884
page_index,time_cycles
0,1951592
page_index,time_cycles
0,1923484
page_index,time_cycles
0,3160472
page_index,time_cycles
0,1987444
page_index,time_cycles
0,3742148
page_index,time_cycles
0,3030858
page_index,time_cycles
0,10274168
page_index,time_cycles
0,3511308
page_index,time_cycles
0,2307990
page_index,time_cycles
0,1503360
page_index,time_cycles
0,1412210
page_index,time_cycles
0,1816504
page_index,time_cycles
0,3880224
page_index,time_cycles
0,1184404
page_index,time_cycles
0,5474104
page_index,time_cycles
0,3953740
page_index,time_cycles
0,2694162
page_index,time_cycles
0,2057586
page_index,time_cycles
0,2917094
page_index,time_cycles
0,4716882
page_index,time_cycles
0,3707826
page_index,time_cycles
0,3461798
page_index,time_cycles
0,4252930
page_index,time_cycles
0,2529242
page_index,time_cycles
0,4716500
page_index,time_cycles
0,3305860
page_index,time_cycles
0,1754884
page_index,time_cycles
0,4314222
page_index,time_cycles
0,1399452
page_index,time_cycles
0,1339818
page_index,time_cycles
0,3750940
page_index,time_cycles
0,1431818
page_index,time_cycles
0,1579444
page_index,time_cycles
0,1314642
page_index,time_cycles
0,3210060
page_index,time_cycles
0,1909778
page_index,time_cycles
0,2444888
page_index,time_cycles
0,3669132
page_index,time_cycles
0,4062654
page_index,time_cycles
0,1219746
page_index,time_cycles
0,1316574
page_index,time_cycles
0,1821854
page_index,time_cycles
0,2407318
page_index,time_cycles
0,2302934
page_index,time_cycles
0,1598680
page_index,time_cycles
0,1327306
page_index,time_cycles
0,3810546
page_index,time_cycles
0,4153528
page_index,time_cycles
0,3125782
page_index,time_cycles
0,3759452
page_index,time_cycles
0,2060628
page_index,time_cycles
0,3997858
page_index,time_cycles
0,1917834
page_index,time_cycles
0,2114744
page_index,time_cycles
0,2240112
page_index,time_cycles
0,1799980
page_index,time_cycles
0,5038498
page_index,time_cycles
0,3236876
page_index,time_cycles
0,3819258
page_index,time_cycles
0,3591216
page_index,time_cycles
0,1454546
page_index,time_cycles
0,1218406
page_index,time_cycles
0,4231656
page_index,time_cycles
0,1261112
page_index,time_cycles
0,4295544
page_index,time_cycles
0,5226722
page_index,time_cycles
0,3779278
page_index,time_cycles
0,4369922
page_index,time_cycles
0,1530714
page_index,time_cycles
0,1230606
page_index,time_cycles
0,4151496
page_index,time_cycles
0,1186278
page_index,time_cycles
0,1314116
page_index,time_cycles
0,3972458
page_index,time_cycles
0,2000452
page_index,time_cycles
0,1235736
page_index,time_cycles
0,1190622
page_index,time_cycles
0,3174640
page_index,time_cycles
0,2224420
page_index,time_cycles
0,3780204
page_index,time_cycles
0,3704128
page_index,time_cycles
0,3414796
page_index,time_cycles
0,1385488
page_index,time_cycles
0,1634740
page_index,time_cycles
0,2899018
page_index,time_cycles
0,1379566
page_index,time_cycles
0,2023620
page_index,time_cycles
0,1879030
page_index,time_cycles
0,3555864
page_index,time_cycles
0,3708614
page_index,time_cycles
0,1499596
page_index,time_cycles
0,1253248
page_index,time_cycles
0,1161680
page_index,time_cycles
0,3468722
page_index,time_cycles
0,1522890
page_index,time_cycles
0,4009114
page_index,time_cycles
0,3540788
page_index,time_cycles
0,3341760
page_index,time_cycles
0,1143782
page_index,time_cycles
0,2504894
page_index,time_cycles
0,1860218
page_index,time_cycles
0,4166738
page_index,time_cycles
0,1480888
page_index,time_cycles
0,2434286
page_index,time_cycles
0,3469934
page_index,time_cycles
0,3780202
page_index,time_cycles
0,1547210
page_index,time_cycles
0,1198670
page_index,time_cycles
0,3172336
page_index,time_cycles
0,3171454
page_index,time_cycles
0,1208946
page_index,time_cycles
0,3714988
page_index,time_cycles
0,1386090
page_index,time_cycles
0,1143040
page_index,time_cycles
0,1249284
page_index,time_cycles
0,1717670
page_index,time_cycles
0,2008786
page_index,time_cycles
0,3152196
page_index,time_cycles
0,4505040
page_index,time_cycles
0,1320456
page_index,time_cycles
0,3420720
page_index,time_cycles
0,1209202
page_index,time_cycles
0,2162148
page_index,time_cycles
0,2388302
page_index,time_cycles
0,4133598
page_index,time_cycles
0,1203884
page_index,time_cycles
0,1267696
page_index,time_cycles
0,4449094
page_index,time_cycles
0,2995028
page_index,time_cycles
0,1718920
page_index,time_cycles
0,1475142
page_index,time_cycles
0,1214364
page_index,time_cycles
0,1287064
page_index,time_cycles
0,1523702
page_index,time_cycles
0,2437038
page_index,time_cycles
0,1204132
page_index,time_cycles
0,2243496
page_index,time_cycles
0,1205212
page_index,time_cycles
0,3746484
page_index,time_cycles
0,1238560
page_index,time_cycles
0,1407620
page_index,time_cycles
0,3840612
page_index,time_cycles
0,2857288
page_index,time_cycles
0,2018142
page_index,time_cycles
0,3416342
page_index,time_cycles
0,1312450
page_index,time_cycles
0,1469890
page_index,time_cycles
0,3689692
page_index,time_cycles
0,1375102
page_index,time_cycles
0,1464174
page_index,time_cycles
0,1912172
page_index,time_cycles
0,1272530
page_index,time_cycles
0,1524136
page_index,time_cycles
0,1427080
page_index,time_cycles
0,3674270
page_index,time_cycles
0,1627074
page_index,time_cycles
0,3233840
page_index,time_cycles
0,3037586
page_index,time_cycles
0,3317482
page_index,time_cycles
0,3276288
page_index,time_cycles
0,3609652
page_index,time_cycles
0,1933216
page_index,time_cycles
0,1416224
page_index,time_cycles
0,3824018
page_index,time_cycles
0,1163924
page_index,time_cycles
0,2318024
page_index,time_cycles
0,4065938
page_index,time_cycles
0,3150516
page_index,time_cycles
0,1355412
page_index,time_cycles
0,1387340
page_index,time_cycles
0,3248390
page_index,time_cycles
0,3682268
page_index,time_cycles
0,2442738
page_index,time_cycles
0,3009216
page_index,time_cycles
0,1217282
page_index,time_cycles
0,2346140
page_index,time_cycles
0,3382120
page_index,time_cycles
0,3410516
page_index,time_cycles
0,2035400
page_index,time_cycles
0,2161742
page_index,time_cycles
0,3292826
page_index,time_cycles
0,3311400
page_index,time_cycles
0,1492822
page_index,time_cycles
0,2919896
page_index,time_cycles
0,1511652
page_index,time_cycles
0,3353126
page_index,time_cycles
0,4068396
page_index,time_cycles
0,1931074
page_index,time_cycles
0,1661286
page_index,time_cycles
0,3398074
page_index,time_cycles
0,3125292
page_index,time_cycles
0,2617494
page_index,time_cycles
0,2235754
page_index,time_cycles
0,1221310
page_index,time_cycles
0,1524468
page_index,time_cycles
0,3522508
page_index,time_cycles
0,3417570
page_index,time_cycles
0,1792124
page_index,time_cycles
0,1501638
page_index,time_cycles
0,1716156
page_index,time_cycles
0,3147802
page_index,time_cycles
0,3022874
page_index,time_cycles
0,1763584
page_index,time_cycles
0,1722652
page_index,time_cycles
0,1171820
page_index,time_cycles
0,1967260
page_index,time_cycles
0,3460824
page_index,time_cycles
0,2981918
page_index,time_cycles
0,2009120
page_index,time_cycles
0,1275142
page_index,time_cycles
0,4013180
page_index,time_cycles
0,3872202
page_index,time_cycles
0,4339956
page_index,time_cycles
0,2348132
page_index,time_cycles
0,1696234
page_index,time_cycles
0,2757832
page_index,time_cycles
0,1926964
page_index,time_cycles
0,1877148
page_index,time_cycles
0,1507274
page_index,time_cycles
0,3901940
page_index,time_cycles
0,3570816
page_index,time_cycles
0,1214168
page_index,time_cycles
0,1289034
page_index,time_cycles
0,1425212
page_index,time_cycles
0,1458816
page_index,time_cycles
0,1437790
page_index,time_cycles
0,4374740
page_index,time_cycles
0,3102836
page_index,time_cycles
0,1604056
page_index,time_cycles
0,1460040
page_index,time_cycles
0,1985916
page_index,time_cycles
0,1892196
page_index,time_cycles
0,1892986
page_index,time_cycles
0,2890672
page_index,time_cycles
0,1295292
page_index,time_cycles
0,2030544
page_index,time_cycles
0,3553840
page_index,time_cycles
0,1281800
page_index,time_cycles
0,1350892
page_index,time_cycles
0,1307402
page_index,time_cycles
0,2228278
page_index,time_cycles
0,3676202
page_index,time_cycles
0,2317144
page_index,time_cycles
0,1347140
page_index,time_cycles
0,1388464
page_index,time_cycles
0,1262792
page_index,time_cycles
0,2274042
page_index,time_cycles
0,1282354
page_index,time_cycles
0,2245280
page_index,time_cycles
0,3847836
page_index,time_cycles
0,3858504
page_index,time_cycles
0,2607068
page_index,time_cycles
0,1395072
page_index,time_cycles
0,3867764
page_index,time_cycles
0,1295814
page_index,time_cycles
0,4142784
page_index,time_cycles
0,1842626
page_index,time_cycles
0,3001140
page_index,time_cycles
0,1262788
page_index,time_cycles
0,1167462
page_index,time_cycles
0,1218990
page_index,time_cycles
0,1400850
page_index,time_cycles
0,1926800
page_index,time_cycles
0,1584996
page_index,time_cycles
0,1253416
page_index,time_cycles
0,2187506
page_index,time_cycles
0,4023232
page_index,time_cycles
0,1357314
page_index,time_cycles
0,1468850
page_index,time_cycles
0,1434402
page_index,time_cycles
0,1461086
page_index,time_cycles
0,1376392
page_index,time_cycles
0,1321932
page_index,time_cycles
0,2355556
page_index,time_cycles
0,1170518
page_index,time_cycles
0,2393868
page_index,time_cycles
0,4220520
page_index,time_cycles
0,1919668
page_index,time_cycles
0,1532892
page_index,time_cycles
0,3902238
page_index,time_cycles
0,1663356
page_index,time_cycles
0,1394452
page_index,time_cycles
0,3489716
page_index,time_cycles
0,1433522
page_index,time_cycles
0,1324864
page_index,time_cycles
0,1229998
page_index,time_cycles
0,1361010
page_index,time_cycles
0,1335008
page_index,time_cycles
0,3481402
page_index,time_cycles
0,1404288
page_index,time_cycles
0,3895796
page_index,time_cycles
0,1904536
page_index,time_cycles
0,3216256
page_index,time_cycles
0,4641566
page_index,time_cycles
0,4055768
page_index,time_cycles
0,1407168
page_index,time_cycles
0,1291860
page_index,time_cycles
0,1299292
page_index,time_cycles
0,4495582
page_index,time_cycles
0,1298374
page_index,time_cycles
0,1169576
page_index,time_cycles
0,1577840
page_index,time_cycles
0,1959662
page_index,time_cycles
0,4032872
page_index,time_cycles
0,3982462
page_index,time_cycles
0,2101676
page_index,time_cycles
0,1527362
page_index,time_cycles
0,1371368
page_index,time_cycles
0,1408298
page_index,time_cycles
0,3736862
page_index,time_cycles
0,1289684
page_index,time_cycles
0,1189962
page_index,time_cycles
0,1431018
page_index,time_cycles
0,1537022
page_index,time_cycles
0,1427224
page_index,time_cycles
0,3418174
page_index,time_cycles
0,4028230
page_index,time_cycles
0,3264164
page_index,time_cycles
0,4820808
page_index,time_cycles
0,2204752
page_index,time_cycles
0,3651942
page_index,time_cycles
0,1439306
page_index,time_cycles
0,1321888
page_index,time_cycles
0,3609800
page_index,time_cycles
0,3561898
page_index,time_cycles
0,1477940
page_index,time_cycles
0,3311258
page_index,time_cycles
0,3729406
page_index,time_cycles
0,1211792
page_index,time_cycles
0,3576952
page_index,time_cycles
0,4253496
page_index,time_cycles
0,1201570
page_index,time_cycles
0,3666050
page_index,time_cycles
0,1247602
page_index,time_cycles
0,2717354
page_index,time_cycles
0,5203030
page_index,time_cycles
0,3379350
page_index,time_cycles
0,1995932
page_index,time_cycles
0,1475102
page_index,time_cycles
0,1225414
page_index,time_cycles
0,1586788
page_index,time_cycles
0,2257232
page_index,time_cycles
0,2334934
page_index,time_cycles
0,1337580
page_index,time_cycles
0,1280106
page_index,time_cycles
0,1394664
page_index,time_cycles
0,2416012
page_index,time_cycles
0,1350960
page_index,time_cycles
0,1234290
page_index,time_cycles
0,3723984
page_index,time_cycles
0,1330808
page_index,time_cycles
0,2897800
page_index,time_cycles
0,3399888
page_index,time_cycles
0,3143616
page_index,time_cycles
0,1551242
page_index,time_cycles
0,1514686
page_index,time_cycles
0,1184510
page_index,time_cycles
0,3742518
page_index,time_cycles
0,3467448
page_index,time_cycles
0,3877564
page_index,time_cycles
0,4147000
page_index,time_cycles
0,1457308
page_index,time_cycles
0,3905516
page_index,time_cycles
0,2357162
page_index,time_cycles
0,3499292
page_index,time_cycles
0,2190522
page_index,time_cycles
0,3746272
page_index,time_cycles
0,2285902
page_index,time_cycles
0,1722838
page_index,time_cycles
0,1491838
page_index,time_cycles
0,1439986
page_index,time_cycles
0,3626256
page_index,time_cycles
0,2112532
page_index,time_cycles
0,1764376
page_index,time_cycles
0,3644540
page_index,time_cycles
0,1718544
page_index,time_cycles
0,1558082
page_index,time_cycles
0,3172960
page_index,time_cycles
0,3917620
page_index,time_cycles
0,1561396
page_index,time_cycles
0,1361822
page_index,time_cycles
0,3441972
page_index,time_cycles
0,3908658
page_index,time_cycles
0,1218850
page_index,time_cycles
0,1181814
page_index,time_cycles
0,1484730
page_index,time_cycles
0,1236454
page_index,time_cycles
0,2289586
page_index,time_cycles
0,1408704
page_index,time_cycles
0,3319564
page_index,time_cycles
0,1189638
page_index,time_cycles
0,1300528
page_index,time_cycles
0,3903754
page_index,time_cycles
0,1211180
page_index,time_cycles
0,3584968
page_index,time_cycles
0,2008278
page_index,time_cycles
0,2087030
page_index,time_cycles
0,4160880
page_index,time_cycles
0,3239326
page_index,time_cycles
0,1183488
page_index,time_cycles
0,1966962
page_index,time_cycles
0,2422498
page_index,time_cycles
0,3092792
page_index,time_cycles
0,3371600
page_index,time_cycles
0,1928996
page_index,time_cycles
0,3628944
page_index,time_cycles
0,1144970
page_index,time_cycles
0,3102922
page_index,time_cycles
0,2288684
page_index,time_cycles
0,1445188
page_index,time_cycles
0,3414896
page_index,time_cycles
0,1415242
page_index,time_cycles
0,3837562
page_index,time_cycles
0,2232718
page_index,time_cycles
0,2199018
page_index,time_cycles
0,3840164
page_index,time_cycles
0,1788286
page_index,time_cycles
0,1807270
page_index,time_cycles
0,3414260
page_index,time_cycles
0,4245260
page_index,time_cycles
0,4047126
page_index,time_cycles
0,1285984
page_index,time_cycles
0,1353604
page_index,time_cycles
0,1459706
page_index,time_cycles
0,2760476
page_index,time_cycles
0,1979642
page_index,time_cycles
0,2106962
page_index,time_cycles
0,3508944
page_index,time_cycles
0,1446886
page_index,time_cycles
0,3466516
page_index,time_cycles
0,1389338
page_index,time_cycles
0,4175632
page_index,time_cycles
0,1506464
page_index,time_cycles
0,1395984
page_index,time_cycles
0,1352470
page_index,time_cycles
0,3908890
page_index,time_cycles
0,1368644
page_index,time_cycles
0,3448464
page_index,time_cycles
0,2840946
page_index,time_cycles
0,1363206
page_index,time_cycles
0,2198682
page_index,time_cycles
0,4041284
page_index,time_cycles
0,1267966
page_index,time_cycles
0,1582768
page_index,time_cycles
0,1307696
page_index,time_cycles
0,2692208
page_index,time_cycles
0,1317054
page_index,time_cycles
0,2127958
page_index,time_cycles
0,1317860
page_index,time_cycles
0,4333920
page_index,time_cycles
0,3458948
page_index,time_cycles
0,2558046
page_index,time_cycles
0,1724788
page_index,time_cycles
0,3284656
page_index,time_cycles
0,1572076
page_index,time_cycles
0,3653934
page_index,time_cycles
0,5096198
page_index,time_cycles
0,3391946
page_index,time_cycles
0,3403366
page_index,time_cycles
0,3716498
page_index,time_cycles
0,3934428
page_index,time_cycles
0,3423172
page_index,time_cycles
0,3919562
page_index,time_cycles
0,3422080
page_index,time_cycles
0,3700734
page_index,time_cycles
0,1705000
page_index,time_cycles
0,3769620
page_index,time_cycles
0,3505996
page_index,time_cycles
0,4137912
page_index,time_cycles
0,1214070
page_index,time_cycles
0,2565266
page_index,time_cycles
0,3659656
page_index,time_cycles
0,1175796
page_index,time_cycles
0,1963622
page_index,time_cycles
0,3444326
page_index,time_cycles
0,1691618
page_index,time_cycles
0,3615400
page_index,time_cycles
0,3229406
page_index,time_cycles
0,1350368
page_index,time_cycles
0,1468406
page_index,time_cycles
0,1466094
page_index,time_cycles
0,2459028
page_index,time_cycles
0,1252820
page_index,time_cycles
0,1277556
page_index,time_cycles
0,2154654
page_index,time_cycles
0,2433184
page_index,time_cycles
0,3523534
page_index,time_cycles
0,2846584
page_index,time_cycles
0,3788678
page_index,time_cycles
0,1662934
page_index,time_cycles
0,3771768
page_index,time_cycles
0,3786646
page_index,time_cycles
0,3902226
page_index,time_cycles
0,1552266
page_index,time_cycles
0,1238324
page_index,time_cycles
0,4079148
page_index,time_cycles
0,1751098
page_index,time_cycles
0,3534016
page_index,time_cycles
0,2388002
page_index,time_cycles
0,3602688
page_index,time_cycles
0,3756540
page_index,time_cycles
0,1465854
page_index,time_cycles
0,2186848
page_index,time_cycles
0,1216968
page_index,time_cycles
0,1341646
page_index,time_cycles
0,1328304
page_index,time_cycles
0,2450364
page_index,time_cycles
0,2211180
page_index,time_cycles
0,1524724
page_index,time_cycles
0,2908796
page_index,time_cycles
0,2405672
page_index,time_cycles
0,3702998
page_index,time_cycles
0,3947776
page_index,time_cycles
0,1489784
page_index,time_cycles
0,3437604
page_index,time_cycles
0,1296516
page_index,time_cycles
0,1295544
page_index,time_cycles
0,1761542
page_index,time_cycles
0,1231184
page_index,time_cycles
0,2011556
page_index,time_cycles
0,1396286
page_index,time_cycles
0,1450728
page_index,time_cycles
0,1288260
page_index,time_cycles
0,1311216
page_index,time_cycles
0,3686376
page_index,time_cycles
0,3634722
page_index,time_cycles
0,1540958
page_index,time_cycles
0,2952518
page_index,time_cycles
0,3830562
page_index,time_cycles
0,1454874
page_index,time_cycles
0,3880668
page_index,time_cycles
0,1357402
page_index,time_cycles
0,1506614
page_index,time_cycles
0,3480654
page_index,time_cycles
0,1184854
page_index,time_cycles
0,3606052
page_index,time_cycles
0,2723362
page_index,time_cycles
0,3568778
page_index,time_cycles
0,4727726
page_index,time_cycles
0,1408168
page_index,time_cycles
0,1589796
page_index,time_cycles
0,1183014
page_index,time_cycles
0,1334398
page_index,time_cycles
0,1989018
page_index,time_cycles
0,1793198
page_index,time_cycles
0,1184146
page_index,time_cycles
0,3631356
page_index,time_cycles
0,1593692
page_index,time_cycles
0,1296170
page_index,time_cycles
0,1184856
page_index,time_cycles
0,2424734
page_index,time_cycles
0,1908284
page_index,time_cycles
0,3809294
page_index,time_cycles
0,3510810
page_index,time_cycles
0,1445312
page_index,time_cycles
0,1379672
page_index,time_cycles
0,3517116
page_index,time_cycles
0,3821386
page_index,time_cycles
0,3471918
page_index,time_cycles
0,1206858
page_index,time_cycles
0,1190788
page_index,time_cycles
0,1488174
page_index,time_cycles
0,1961318
page_index,time_cycles
0,3877266
page_index,time_cycles
0,3204072
page_index,time_cycles
0,1667166
page_index,time_cycles
0,1441526
page_index,time_cycles
0,1496644
page_index,time_cycles
0,3421776
page_index,time_cycles
0,3801920
page_index,time_cycles
0,1952770
page_index,time_cycles
0,2295986
page_index,time_cycles
0,2965256
page_index,time_cycles
0,4102206
page_index,time_cycles
0,3777094
page_index,time_cycles
0,1524392
page_index,time_cycles
0,3780470
page_index,time_cycles
0,3067590
page_index,time_cycles
0,3281436
page_index,time_cycles
0,1641782
page_index,time_cycles
0,1376598
page_index,time_cycles
0,4239338
page_index,time_cycles
0,3753904
page_index,time_cycles
0,3642640
page_index,time_cycles
0,3648836
page_index,time_cycles
0,1461944
page_index,time_cycles
0,2316242
page_index,time_cycles
0,1655460
page_index,time_cycles
0,1162602
page_index,time_cycles
0,3316830
page_index,time_cycles
0,3686150
page_index,time_cycles
0,1628880
page_index,time_cycles
0,3551082
page_index,time_cycles
0,1187488
page_index,time_cycles
0,1603470
page_index,time_cycles
0,1251098
page_index,time_cycles
0,1437272
page_index,time_cycles
0,2503934
page_index,time_cycles
0,1344374
page_index,time_cycles
0,4019424
page_index,time_cycles
0,1343258
page_index,time_cycles
0,3456854
page_index,time_cycles
0,1347706
page_index,time_cycles
0,1169568
page_index,time_cycles
0,1369734
page_index,time_cycles
0,1408398
page_index,time_cycles
0,1359720
page_index,time_cycles
0,2095528
page_index,time_cycles
0,2291314
page_index,time_cycles
0,1444430
page_index,time_cycles
0,3156532
page_index,time_cycles
0,2571764
page_index,time_cycles
0,2497298
page_index,time_cycles
0,1753350
page_index,time_cycles
0,1322338
page_index,time_cycles
0,1942758
page_index,time_cycles
0,1308832
page_index,time_cycles
0,3796530
page_index,time_cycles
0,3586574
page_index,time_cycles
0,5896788
page_index,time_cycles
0,4089300
page_index,time_cycles
0,1295866
page_index,time_cycles
0,3414384
page_index,time_cycles
0,3344120
page_index,time_cycles
0,1739758
page_index,time_cycles
0,1237810
page_index,time_cycles
0,1427118
page_index,time_cycles
0,3225848
page_index,time_cycles
0,1545908
page_index,time_cycles
0,1402676
page_index,time_cycles
0,4000578
page_index,time_cycles
0,3338784
page_index,time_cycles
0,3771384
page_index,time_cycles
0,3436732
page_index,time_cycles
0,1308622
page_index,time_cycles
0,3708414
page_index,time_cycles
0,3404956
page_index,time_cycles
0,2578114
page_index,time_cycles
0,1280144
page_index,time_cycles
0,1261924
page_index,time_cycles
0,1222042
page_index,time_cycles
0,1437882
page_index,time_cycles
0,1287446
page_index,time_cycles
0,1174040
page_index,time_cycles
0,3298556
page_index,time_cycles
0,3860068
page_index,time_cycles
0,1318620
page_index,time_cycles
0,1236366
page_index,time_cycles
0,4091590
page_index,time_cycles
0,3922872
page_index,time_cycles
0,2208480
page_index,time_cycles
0,3664276
page_index,time_cycles
0,2328686
page_index,time_cycles
0,3131702
page_index,time_cycles
0,1609282
page_index,time_cycles
0,3478310
page_index,time_cycles
0,2244514
page_index,time_cycles
0,2940144
page_index,time_cycles
0,3556598
page_index,time_cycles
0,4154178
page_index,time_cycles
0,3856494
page_index,time_cycles
0,3563808
page_index,time_cycles
0,3244416
page_index,time_cycles
0,1594712
page_index,time_cycles
0,1170640
page_index,time_cycles
0,3486168
page_index,time_cycles
0,2755342
page_index,time_cycles
0,3247970
page_index,time_cycles
0,1463232
page_index,time_cycles
0,1213194
page_index,time_cycles
0,3566298
page_index,time_cycles
0,4195382
page_index,time_cycles
0,1147006
page_index,time_cycles
0,2142864
page_index,time_cycles
0,3332994
page_index,time_cycles
0,3707844
page_index,time_cycles
0,1775466
page_index,time_cycles
0,4518318
page_index,time_cycles
0,1472766
page_index,time_cycles
0,3578952
page_index,time_cycles
0,2261448
page_index,time_cycles
0,1305098
page_index,time_cycles
0,3095276
page_index,time_cycles
0,1660878
page_index,time_cycles
0,1379922
page_index,time_cycles
0,2634948
page_index,time_cycles
0,3301608
page_index,time_cycles
0,1271638
page_index,time_cycles
0,1214022
page_index,time_cycles
0,1372134
page_index,time_cycles
0,2077510
page_index,time_cycles
0,3345268
page_index,time_cycles
0,3345456
page_index,time_cycles
0,3591452
page_index,time_cycles
0,3069148
page_index,time_cycles
0,1968748
page_index,time_cycles
0,2607100
page_index,time_cycles
0,1774230
page_index,time_cycles
0,3641428
page_index,time_cycles
0,1649522
page_index,time_cycles
0,1570394
page_index,time_cycles
0,3019778
page_index,time_cycles
0,1314428
page_index,time_cycles
0,3632764
page_index,time_cycles
0,2381376
page_index,time_cycles
0,1209644
page_index,time_cycles
0,3406782
page_index,time_cycles
0,3664542
page_index,time_cycles
0,3356530
page_index,time_cycles
0,1522600
page_index,time_cycles
0,2501714
page_index,time_cycles
0,1450560
page_index,time_cycles
0,3013790
page_index,time_cycles
0,1212450
page_index,time_cycles
0,2042810
page_index,time_cycles
0,4236362
page_index,time_cycles
0,1441958
page_index,time_cycles
0,1407918
page_index,time_cycles
0,1409324
page_index,time_cycles
0,4343796
page_index,time_cycles
0,2420302
page_index,time_cycles
0,3581120
page_index,time_cycles
0,1995538
page_index,time_cycles
0,1277840
page_index,time_cycles
0,2727152
page_index,time_cycles
0,3305416
page_index,time_cycles
0,1495146
page_index,time_cycles
0,3363312
page_index,time_cycles
0,1218066
page_index,time_cycles
0,3743518
page_index,time_cycles
0,1312694
page_index,time_cycles
0,4380770
page_index,time_cycles
0,1348778
page_index,time_cycles
0,1145042
page_index,time_cycles
0,1564612
page_index,time_cycles
0,1283790
page_index,time_cycles
0,1235584
page_index,time_cycles
0,3460308
page_index,time_cycles
0,3934406
page_index,time_cycles
0,1510200
page_index,time_cycles
0,1449314
page_index,time_cycles
0,1286592
page_index,time_cycles
0,1260416
page_index,time_cycles
0,1293538
page_index,time_cycles
0,4132830
page_index,time_cycles
0,1644752
page_index,time_cycles
0,1217324
page_index,time_cycles
0,1744362
page_index,time_cycles
0,1166390
page_index,time_cycles
0,1679580
page_index,time_cycles
0,2000968
page_index,time_cycles
0,1286602
page_index,time_cycles
0,2644700
page_index,time_cycles
0,1143872
page_index,time_cycles
0,3737352
page_index,time_cycles
0,3586446
page_index,time_cycles
0,3257204
page_index,time_cycles
0,1574474
page_index,time_cycles
0,2190422
page_index,time_cycles
0,1830162
page_index,time_cycles
0,1257836
page_index,time_cycles
0,3853150
page_index,time_cycles
0,2778506
page_index,time_cycles
0,1575520
page_index,time_cycles
0,3950908
page_index,time_cycles
0,2278804
page_index,time_cycles
0,4400296
page_index,time_cycles
0,2195014
page_index,time_cycles
0,2559312
page_index,time_cycles
0,2189996
page_index,time_cycles
0,1150998
page_index,time_cycles
0,3688496
page_index,time_cycles
0,3645772
page_index,time_cycles
0,2028442
page_index,time_cycles
0,1166686
page_index,time_cycles
0,2024040
page_index,time_cycles
0,2537262
page_index,time_cycles
0,1408254
page_index,time_cycles
0,1839128
page_index,time_cycles
0,1180382
page_index,time_cycles
0,2183488
page_index,time_cycles
0,1118096
page_index,time_cycles
0,3380648
page_index,time_cycles
0,2301714
page_index,time_cycles
0,3708664
page_index,time_cycles
0,1392544
page_index,time_cycles
0,3896998
page_index,time_cycles
0,2664588
page_index,time_cycles
0,1172400
page_index,time_cycles
0,1794918
page_index,time_cycles
0,3474628
page_index,time_cycles
0,1342356
page_index,time_cycles
0,1146372
page_index,time_cycles
0,1220276
page_index,time_cycles
0,3796640
page_index,time_cycles
0,3149832
page_index,time_cycles
0,1425540
page_index,time_cycles
0,3451396
page_index,time_cycles
0,1425238
page_index,time_cycles
0,2258002
page_index,time_cycles
0,1376120
page_index,time_cycles
0,1562060
page_index,time_cycles
0,2146568
page_index,time_cycles
0,1488924
page_index,time_cycles
0,1653012
page_index,time_cycles
0,1363462
page_index,time_cycles
0,1509524
page_index,time_cycles
0,4167774
page_index,time_cycles
0,1287668
page_index,time_cycles
0,4057378
page_index,time_cycles
0,3486190
page_index,time_cycles
0,1173916
page_index,time_cycles
0,2300814
page_index,time_cycles
0,2907720
page_index,time_cycles
0,1202594
page_index,time_cycles
0,3721918
page_index,time_cycles
0,1531058
page_index,time_cycles
0,2097392
page_index,time_cycles
0,1435566
page_index,time_cycles
0,1313176
page_index,time_cycles
0,1505600
page_index,time_cycles
0,4147772
page_index,time_cycles
0,3240460
page_index,time_cycles
0,4012320
page_index,time_cycles
0,1276542
page_index,time_cycles
0,1519428
page_index,time_cycles
0,3749094
page_index,time_cycles
0,2307538
page_index,time_cycles
0,2590446
page_index,time_cycles
0,1345840
page_index,time_cycles
0,1437552
page_index,time_cycles
0,3267022
page_index,time_cycles
0,1921268
page_index,time_cycles
0,3614118
page_index,time_cycles
0,1577380
page_index,time_cycles
0,1796654
page_index,time_cycles
0,3327522
page_index,time_cycles
0,2044118
page_index,time_cycles
0,1441166
page_index,time_cycles
0,1263604
page_index,time_cycles
0,3221672
page_index,time_cycles
0,2024472
page_index,time_cycles
0,2104868
page_index,time_cycles
0,3454326
page_index,time_cycles
0,3344986
page_index,time_cycles
0,1408494
page_index,time_cycles
0,1433152
page_index,time_cycles
0,1934632
page_index,time_cycles
0,3435014
page_index,time_cycles
0,1715090
page_index,time_cycles
0,4235268
page_index,time_cycles
0,3853656
page_index,time_cycles
0,1568354
page_index,time_cycles
0,1295098
page_index,time_cycles
0,1471676
page_index,time_cycles
0,2079414
page_index,time_cycles
0,2275908
page_index,time_cycles
0,3155560
page_index,time_cycles
0,1561458
page_index,time_cycles
0,1291578
page_index,time_cycles
0,2058342
page_index,time_cycles
0,1326464
page_index,time_cycles
0,3689396
page_index,time_cycles
0,1304562
page_index,time_cycles
0,2304124
page_index,time_cycles
0,1162178
page_index,time_cycles
0,3380510
page_index,time_cycles
0,3577070
page_index,time_cycles
0,2148160
page_index,time_cycles
0,2030758
page_index,time_cycles
0,3679922
page_index,time_cycles
0,3660546
page_index,time_cycles
0,3417748
page_index,time_cycles
0,1410800
page_index,time_cycles
0,1378334
page_index,time_cycles
0,1269304
page_index,time_cycles
0,3913750
page_index,time_cycles
0,1180458
page_index,time_cycles
0,3481894
page_index,time_cycles
0,1338084
page_index,time_cycles
0,1321298
page_index,time_cycles
0,1953840
page_index,time_cycles
0,4062224
page_index,time_cycles
0,2265084
page_index,time_cycles
0,1404492
page_index,time_cycles
0,1968682
page_index,time_cycles
0,2989618
page_index,time_cycles
0,1295146
page_index,time_cycles
0,4391202
page_index,time_cycles
0,1224734
page_index,time_cycles
0,1995074
page_index,time_cycles
0,2591250
page_index,time_cycles
0,1716412
page_index,time_cycles
0,1293774
page_index,time_cycles
0,1230032
page_index,time_cycles
0,1872010
page_index,time_cycles
0,1868018
page_index,time_cycles
0,1158598
page_index,time_cycles
0,3224680
page_index,time_cycles
0,3638104
page_index,time_cycles
0,1363318
page_index,time_cycles
0,1188348
page_index,time_cycles
0,3810992
page_index,time_cycles
0,3288536
page_index,time_cycles
0,3423068
page_index,time_cycles
0,3574400
page_index,time_cycles
0,2395772
page_index,time_cycles
0,1373920
page_index,time_cycles
0,2330652
page_index,time_cycles
0,2192284
page_index,time_cycles
0,2272340
page_index,time_cycles
0,4072252
page_index,time_cycles
0,1179732
page_index,time_cycles
0,3705232
page_index,time_cycles
0,1489664
page_index,time_cycles
0,1224082
page_index,time_cycles
0,2949612
page_index,time_cycles
0,3844474
page_index,time_cycles
0,2350050
page_index,time_cycles
0,1328156
page_index,time_cycles
0,2074762
page_index,time_cycles
0,3539126
page_index,time_cycles
0,2824434
page_index,time_cycles
0,1347778
page_index,time_cycles
0,3648248
page_index,time_cycles
0,1347810
page_index,time_cycles
0,1344104
page_index,time_cycles
0,2078888
page_index,time_cycles
0,2480940
page_index,time_cycles
0,3507842
page_index,time_cycles
0,4135632
page_index,time_cycles
0,2195066
page_index,time_cycles
0,2924090
page_index,time_cycles
0,3592376
page_index,time_cycles
0,1230718
page_index,time_cycles
0,2496560
page_index,time_cycles
0,3698948
page_index,time_cycles
0,1172708
page_index,time_cycles
0,1385788
page_index,time_cycles
0,1518142
page_index,time_cycles
0,3588894
page_index,time_cycles
0,1323546
page_index,time_cycles
0,3622272
page_index,time_cycles
0,3810710
page_index,time_cycles
0,1310020
page_index,time_cycles
0,2233140
page_index,time_cycles
0,4155792
page_index,time_cycles
0,3308312
page_index,time_cycles
0,3573336
page_index,time_cycles
0,1621204
page_index,time_cycles
0,1495018
page_index,time_cycles
0,1828290
page_index,time_cycles
0,1319480
page_index,time_cycles
0,3215452
page_index,time_cycles
0,2080234
page_index,time_cycles
0,1452754
page_index,time_cycles
0,1193908
page_index,time_cycles
0,2519112
page_index,time_cycles
0,1380872
page_index,time_cycles
0,1147406
page_index,time_cycles
0,1254282
page_index,time_cycles
0,3479076
page_index,time_cycles
0,1385616
page_index,time_cycles
0,1294538
page_index,time_cycles
0,3646970
page_index,time_cycles
0,4767656
page_index,time_cycles
0,1108906
page_index,time_cycles
0,2101972
page_index,time_cycles
0,2358554
page_index,time_cycles
0,2230278
page_index,time_cycles
0,1282350
page_index,time_cycles
0,1407104
page_index,time_cycles
0,3310442
page_index,time_cycles
0,1176262
page_index,time_cycles
0,2325144
page_index,time_cycles
0,1470962
page_index,time_cycles
0,3103196
page_index,time_cycles
0,2216418
page_index,time_cycles
0,3120460
page_index,time_cycles
0,1272500
page_index,time_cycles
0,1314006
page_index,time_cycles
0,1174082
page_index,time_cycles
0,2585424
page_index,time_cycles
0,1550938
page_index,time_cycles
0,1201270
page_index,time_cycles
0,2368668
page_index,time_cycles
0,3919820
page_index,time_cycles
0,2477760
page_index,time_cycles
0,1912538
page_index,time_cycles
0,3520166
page_index,time_cycles
0,1254306
page_index,time_cycles
0,3037632
page_index,time_cycles
0,2201252
page_index,time_cycles
0,1620556
page_index,time_cycles
0,1416940
page_index,time_cycles
0,1812748
page_index,time_cycles
0,1598604
page_index,time_cycles
0,2276894
page_index,time_cycles
0,4298150
page_index,time_cycles
0,3424704
page_index,time_cycles
0,2139168
page_index,time_cycles
0,4282802
page_index,time_cycles
0,1239622
page_index,time_cycles
0,1292490
page_index,time_cycles
0,3622790
page_index,time_cycles
0,2422592
page_index,time_cycles
0,1392734
page_index,time_cycles
0,3445282
page_index,time_cycles
0,3807818
page_index,time_cycles
0,2069582
page_index,time_cycles
0,4114002
page_index,time_cycles
0,1274444
page_index,time_cycles
0,2507452
page_index,time_cycles
0,3316736
page_index,time_cycles
0,4009590
page_index,time_cycles
0,1432644
page_index,time_cycles
0,1382322
page_index,time_cycles
0,1323252
page_index,time_cycles
0,3954022
page_index,time_cycles
0,1257544
page_index,time_cycles
0,1513252
page_index,time_cycles
0,1950114
page_index,time_cycles
0,1249232
page_index,time_cycles
0,1850364
page_index,time_cycles
0,3120116
page_index,time_cycles
0,1348656
page_index,time_cycles
0,1348168
page_index,time_cycles
0,1491992
page_index,time_cycles
0,1853396
page_index,time_cycles
0,1222292
page_index,time_cycles
0,2306276
page_index,time_cycles
0,1207474
page_index,time_cycles
0,1349630
page_index,time_cycles
0,3910572
page_index,time_cycles
0,8394858
page_index,time_cycles
0,2409232
page_index,time_cycles
0,1311128
page_index,time_cycles
0,1298734
page_index,time_cycles
0,2688326
page_index,time_cycles
0,1242530
page_index,time_cycles
0,3374988
page_index,time_cycles
0,4377776
page_index,time_cycles
0,1319592
page_index,time_cycles
0,3720646
page_index,time_cycles
0,3838060
page_index,time_cycles
0,2416300
page_index,time_cycles
0,1339284
page_index,time_cycles
0,1171092
page_index,time_cycles
0,2226938
page_index,time_cycles
0,1258844
page_index,time_cycles
0,3026174
page_index,time_cycles
0,1351986
page_index,time_cycles
0,3867628
page_index,time_cycles
0,3054430
page_index,time_cycles
0,1502540
page_index,time_cycles
0,3733074
page_index,time_cycles
0,3549880
page_index,time_cycles
0,3928074
page_index,time_cycles
0,3811290
page_index,time_cycles
0,3442788
page_index,time_cycles
0,4400036
page_index,time_cycles
0,1720724
page_index,time_cycles
0,1963908
page_index,time_cycles
0,1333124
page_index,time_cycles
0,1310194
page_index,time_cycles
0,1302596
page_index,time_cycles
0,2894906
page_index,time_cycles
0,1797876
page_index,time_cycles
0,2226598
page_index,time_cycles
0,1288886
page_index,time_cycles
0,2288136
page_index,time_cycles
0,3266074
page_index,time_cycles
0,1225742
page_index,time_cycles
0,1332626
page_index,time_cycles
0,3796088
page_index,time_cycles
0,1274622
page_index,time_cycles
0,3463642
page_index,time_cycles
0,4308466
page_index,time_cycles
0,1274662
page_index,time_cycles
0,3257016
page_index,time_cycles
0,3574606
page_index,time_cycles
0,3766188
page_index,time_cycles
0,1997148
page_index,time_cycles
0,4117344
page_index,time_cycles
0,1607932
page_index,time_cycles
0,1439060
page_index,time_cycles
0,1296944
page_index,time_cycles
0,1349088
page_index,time_cycles
0,1305050
page_index,time_cycles
0,1499726
page_index,time_cycles
0,1539522
page_index,time_cycles
0,2437440
page_index,time_cycles
0,1356576
page_index,time_cycles
0,2134794
page_index,time_cycles
0,4446904
page_index,time_cycles
0,2281618
page_index,time_cycles
0,1490304
page_index,time_cycles
0,1415014
page_index,time_cycles
0,3569816
page_index,time_cycles
0,3502616
page_index,time_cycles
0,1797238
page_index,time_cycles
0,1330094
page_index,time_cycles
0,1223878
page_index,time_cycles
0,3386824
page_index,time_cycles
0,1924284
page_index,time_cycles
0,3846414
page_index,time_cycles
0,2179138
page_index,time_cycles
0,3167348
page_index,time_cycles
0,1167028
page_index,time_cycles
0,3249560
page_index,time_cycles
0,3030116
page_index,time_cycles
0,3818724
page_index,time_cycles
0,3202406
page_index,time_cycles
0,1321670
page_index,time_cycles
0,1198734
page_index,time_cycles
0,1209924
page_index,time_cycles
0,1167538
page_index,time_cycles
0,1378848
page_index,time_cycles
0,1319540
page_index,time_cycles
0,1275370
page_index,time_cycles
0,4146166
page_index,time_cycles
0,1117196
page_index,time_cycles
0,1549058
page_index,time_cycles
0,1417798
page_index,time_cycles
0,1435766
page_index,time_cycles
0,3371674
page_index,time_cycles
0,3820752
page_index,time_cycles
0,4051254
page_index,time_cycles
0,2218298
page_index,time_cycles
0,1170724
page_index,time_cycles
0,2171246
page_index,time_cycles
0,3321658
page_index,time_cycles
0,1545002
page_index,time_cycles
0,1135942
page_index,time_cycles
0,2048552
page_index,time_cycles
0,1311292
page_index,time_cycles
0,1391390
page_index,time_cycles
0,3608796
page_index,time_cycles
0,2837928
page_index,time_cycles
0,3759728
page_index,time_cycles
0,1239798
page_index,time_cycles
0,3565112
page_index,time_cycles
0,1371864
page_index,time_cycles
0,2343002
page_index,time_cycles
0,1338468
page_index,time_cycles
0,1233546
page_index,time_cycles
0,1707050
page_index,time_cycles
0,3549706
page_index,time_cycles
0,4140792
page_index,time_cycles
0,2313040
page_index,time_cycles
0,3360984
page_index,time_cycles
0,4412330
page_index,time_cycles
0,1835152
page_index,time_cycles
0,3556442
page_index,time_cycles
0,1265374
page_index,time_cycles
0,2106638
page_index,time_cycles
0,1189304
page_index,time_cycles
0,3420472
page_index,time_cycles
0,1322920
page_index,time_cycles
0,3433440
page_index,time_cycles
0,3574070
page_index,time_cycles
0,4049398
page_index,time_cycles
0,6444292
page_index,time_cycles
0,1743056
page_index,time_cycles
0,1627014
page_index,time_cycles
0,1633590
page_index,time_cycles
0,1617010
page_index,time_cycles
0,2162488
page_index,time_cycles
0,3002388
page_index,time_cycles
0,2651608
page_index,time_cycles
0,1301814
page_index,time_cycles
0,3441494
page_index,time_cycles
0,4205098
page_index,time_cycles
0,4054534
page_index,time_cycles
0,3434880
page_index,time_cycles
0,1275048
page_index,time_cycles
0,1480456
page_index,time_cycles
0,2883732
page_index,time_cycles
0,1547524
page_index,time_cycles
0,3523592
page_index,time_cycles
0,3604252
page_index,time_cycles
0,1391836
page_index,time_cycles
0,2366672
page_index,time_cycles
0,3953188
page_index,time_cycles
0,1497284
page_index,time_cycles
0,1279994
page_index,time_cycles
0,1179766
page_index,time_cycles
0,2485122
page_index,time_cycles
0,1131498
page_index,time_cycles
0,3933434
page_index,time_cycles
0,1370772
page_index,time_cycles
0,2503076
page_index,time_cycles
0,1384502
page_index,time_cycles
0,1760480
page_index,time_cycles
0,3877184
page_index,time_cycles
0,3000866
page_index,time_cycles
0,3938006
page_index,time_cycles
0,1985162
page_index,time_cycles
0,3409312
page_index,time_cycles
0,1490634
page_index,time_cycles
0,1369096
page_index,time_cycles
0,3064602
page_index,time_cycles
0,2133858
page_index,time_cycles
0,2609868
page_index,time_cycles
0,1181638
page_index,time_cycles
0,2004816
page_index,time_cycles
0,5451262
page_index,time_cycles
0,1491786
page_index,time_cycles
0,3407744
page_index,time_cycles
0,3558858
page_index,time_cycles
0,3143926
page_index,time_cycles
0,3651704
page_index,time_cycles
0,1964072
page_index,time_cycles
0,1406210
page_index,time_cycles
0,3466216
page_index,time_cycles
0,1160404
page_index,time_cycles
0,1434656
page_index,time_cycles
0,3245398
page_index,time_cycles
0,1756740
page_index,time_cycles
0,1155012
page_index,time_cycles
0,3700956
page_index,time_cycles
0,1429748
page_index,time_cycles
0,1191926
page_index,time_cycles
0,3552954
page_index,time_cycles
0,3899736
page_index,time_cycles
0,1508670
page_index,time_cycles
0,1418418
page_index,time_cycles
0,1437698
page_index,time_cycles
0,4527264
page_index,time_cycles
0,1253354
page_index,time_cycles
0,1925668
page_index,time_cycles
0,2673688
page_index,time_cycles
0,3463410
page_index,time_cycles
0,1554112
page_index,time_cycles
0,1318226
page_index,time_cycles
0,1328726
page_index,time_cycles
0,1576972
page_index,time_cycles
0,1314762
page_index,time_cycles
0,2077904
page_index,time_cycles
0,1154464
page_index,time_cycles
0,1287906
page_index,time_cycles
0,4060566
page_index,time_cycles
0,2472438
page_index,time_cycles
0,1296450
page_index,time_cycles
0,1815008
page_index,time_cycles
0,1557316
page_index,time_cycles
0,2529504
page_index,time_cycles
0,3559798
page_index,time_cycles
0,1351376
page_index,time_cycles
0,1529506
page_index,time_cycles
0,6308142
page_index,time_cycles
0,1678190
page_index,time_cycles
0,1456870
page_index,time_cycles
0,3706840
page_index,time_cycles
0,1342018
page_index,time_cycles
0,2854052
page_index,time_cycles
0,3820900
page_index,time_cycles
0,3349530
page_index,time_cycles
0,1892242
page_index,time_cycles
0,1293880
page_index,time_cycles
0,2554722
page_index,time_cycles
0,4179542
page_index,time_cycles
0,3315212
page_index,time_cycles
0,1441296
page_index,time_cycles
0,3283594
page_index,time_cycles
0,1441218
page_index,time_cycles
0,2849292
page_index,time_cycles
0,2013248
page_index,time_cycles
0,1539760
page_index,time_cycles
0,1265474
page_index,time_cycles
0,2194934
page_index,time_cycles
0,2301592
page_index,time_cycles
0,1547224
page_index,time_cycles
0,1416638
page_index,time_cycles
0,3782380
page_index,time_cycles
0,2347850
page_index,time_cycles
0,1519150
page_index,time_cycles
0,1567742
page_index,time_cycles
0,3930958
page_index,time_cycles
0,3697322
page_index,time_cycles
0,3467844
page_index,time_cycles
0,3813678
page_index,time_cycles
0,1234690
page_index,time_cycles
0,3447552
page_index,time_cycles
0,2190168
page_index,time_cycles
0,1352602
page_index,time_cycles
0,2495544
page_index,time_cycles
0,1330896
page_index,time_cycles
0,1452818
page_index,time_cycles
0,3044392
page_index,time_cycles
0,4632318
page_index,time_cycles
0,4505058
page_index,time_cycles
0,2981572
page_index,time_cycles
0,7585710
page_index,time_cycles
0,2293682
page_index,time_cycles
0,3821920
page_index,time_cycles
0,3219136
page_index,time_cycles
0,3417088
page_index,time_cycles
0,3284804
page_index,time_cycles
0,3559016
page_index,time_cycles
0,3170346
page_index,time_cycles
0,2842948
page_index,time_cycles
0,1436200
page_index,time_cycles
0,4313142
page_index,time_cycles
0,1283066
page_index,time_cycles
0,1347004
page_index,time_cycles
0,2487276
page_index,time_cycles
0,2151354
page_index,time_cycles
0,3472156
page_index,time_cycles
0,3651946
page_index,time_cycles
0,1226930
page_index,time_cycles
0,1528290
page_index,time_cycles
0,1223646
page_index,time_cycles
0,1187792
page_index,time_cycles
0,1327480
page_index,time_cycles
0,3271350
page_index,time_cycles
0,1999676
page_index,time_cycles
0,4602088
page_index,time_cycles
0,3287156
page_index,time_cycles
0,1891996
page_index,time_cycles
0,3391526
page_index,time_cycles
0,1362708
page_index,time_cycles
0,1559006
page_index,time_cycles
0,1264062
page_index,time_cycles
0,1274838
page_index,time_cycles
0,1983540
page_index,time_cycles
0,1194138
page_index,time_cycles
0,1365826
page_index,time_cycles
0,1870940
page_index,time_cycles
0,2202546
page_index,time_cycles
0,3645174
page_index,time_cycles
0,1598252
page_index,time_cycles
0,1325706
page_index,time_cycles
0,1714388
page_index,time_cycles
0,1193724
page_index,time_cycles
0,1625680
page_index,time_cycles
0,3904748
page_index,time_cycles
0,2096282
page_index,time_cycles
0,3265842
page_index,time_cycles
0,2169272
page_index,time_cycles
0,1960568
page_index,time_cycles
0,1529200
page_index,time_cycles
0,3265842
page_index,time_cycles
0,3837282
page_index,time_cycles
0,1484802
page_index,time_cycles
0,1209032
page_index,time_cycles
0,3843408
page_index,time_cycles
0,3597132
page_index,time_cycles
0,1247988
page_index,time_cycles
0,3795292
page_index,time_cycles
0,2521902
page_index,time_cycles
0,1002544
page_index,time_cycles
0,4039344
page_index,time_cycles
0,2476218
page_index,time_cycles
0,3954104
page_index,time_cycles
0,2300170
page_index,time_cycles
0,3808544
page_index,time_cycles
0,1618548
page_index,time_cycles
0,1369930
page_index,time_cycles
0,1185312
page_index,time_cycles
0,4158826
page_index,time_cycles
0,3564036
page_index,time_cycles
0,1243222
page_index,time_cycles
0,3114000
page_index,time_cycles
0,1599926
page_index,time_cycles
0,3068328
page_index,time_cycles
0,1518024
page_index,time_cycles
0,2646908
page_index,time_cycles
0,4072464
page_index,time_cycles
0,2776376
page_index,time_cycles
0,3821846
page_index,time_cycles
0,1507684
page_index,time_cycles
0,1493346
page_index,time_cycles
0,1217972
page_index,time_cycles
0,4795200
page_index,time_cycles
0,1296536
page_index,time_cycles
0,1477528
page_index,time_cycles
0,3476522
page_index,time_cycles
0,3376346
page_index,time_cycles
0,3482506
page_index,time_cycles
0,2968104
page_index,time_cycles
0,1238872
page_index,time_cycles
0,3061784
page_index,time_cycles
0,3106708
page_index,time_cycles
0,3793064
page_index,time_cycles
0,1271880
page_index,time_cycles
0,4097866
page_index,time_cycles
0,4121674
page_index,time_cycles
0,1507054
page_index,time_cycles
0,1184262
page_index,time_cycles
0,1171646
page_index,time_cycles
0,1678764
page_index,time_cycles
0,1738580
page_index,time_cycles
0,2523408
page_index,time_cycles
0,1262374
page_index,time_cycles
0,1318570
page_index,time_cycles
0,3183600
page_index,time_cycles
0,1648046
page_index,time_cycles
0,3374770
page_index,time_cycles
0,1161558
page_index,time_cycles
0,1374152
page_index,time_cycles
0,1428358
page_index,time_cycles
0,1228496
page_index,time_cycles
0,1291200
page_index,time_cycles
0,1985514
page_index,time_cycles
0,1310690
page_index,time_cycles
0,1285514
page_index,time_cycles
0,3971988
page_index,time_cycles
0,1882254
page_index,time_cycles
0,1397864
page_index,time_cycles
0,1680650
page_index,time_cycles
0,1176772
page_index,time_cycles
0,1185450
page_index,time_cycles
0,1192760
page_index,time_cycles
0,3361760
page_index,time_cycles
0,3640280
page_index,time_cycles
0,3826768
page_index,time_cycles
0,3207510
page_index,time_cycles
0,4028958
page_index,time_cycles
0,1345594
page_index,time_cycles
0,1796270
page_index,time_cycles
0,3004420
page_index,time_cycles
0,1498752
page_index,time_cycles
0,4092834
page_index,time_cycles
0,1406370
page_index,time_cycles
0,1418548
page_index,time_cycles
0,2696874
page_index,time_cycles
0,3936724
page_index,time_cycles
0,3791828
page_index,time_cycles
0,1450090
page_index,time_cycles
0,3836612
page_index,time_cycles
0,4560490
page_index,time_cycles
0,1394026
page_index,time_cycles
0,3418586
page_index,time_cycles
0,1943108
page_index,time_cycles
0,1179746
page_index,time_cycles
0,3531652
page_index,time_cycles
0,2577838
page_index,time_cycles
0,1716660
page_index,time_cycles
0,2125578
page_index,time_cycles
0,1459412
page_index,time_cycles
0,3574214
page_index,time_cycles
0,3782774
page_index,time_cycles
0,4081112
page_index,time_cycles
0,1381000
page_index,time_cycles
0,1710100
page_index,time_cycles
0,1514334
page_index,time_cycles
0,1325498
page_index,time_cycles
0,3166490
page_index,time_cycles
0,1240038
page_index,time_cycles
0,1446348
page_index,time_cycles
0,3845336
page_index,time_cycles
0,3125854
page_index,time_cycles
0,1552968
page_index,time_cycles
0,3661644
page_index,time_cycles
0,4502670
page_index,time_cycles
0,2485180
page_index,time_cycles
0,3656668
page_index,time_cycles
0,4083486
page_index,time_cycles
0,1571960
page_index,time_cycles
0,1241312
page_index,time_cycles
0,3391062
page_index,time_cycles
0,2684298
page_index,time_cycles
0,1179242
page_index,time_cycles
0,4034900
page_index,time_cycles
0,1720534
page_index,time_cycles
0,3937986
page_index,time_cycles
0,3256898
page_index,time_cycles
0,3593820
page_index,time_cycles
0,1274368
page_index,time_cycles
0,2017280
page_index,time_cycles
0,3323404
page_index,time_cycles
0,2359506
page_index,time_cycles
0,1438922
page_index,time_cycles
0,4168694
page_index,time_cycles
0,1198684
page_index,time_cycles
0,3339282
page_index,time_cycles
0,2444352
page_index,time_cycles
0,2875730
page_index,time_cycles
0,2075062
page_index,time_cycles
0,3445864
page_index,time_cycles
0,3969866
page_index,time_cycles
0,4204828
page_index,time_cycles
0,3342040
page_index,time_cycles
0,2144224
page_index,time_cycles
0,3497350
page_index,time_cycles
0,1340534
page_index,time_cycles
0,1370550
page_index,time_cycles
0,3229800
page_index,time_cycles
0,2954770
page_index,time_cycles
0,3036646
page_index,time_cycles
0,2193990
page_index,time_cycles
0,1928134
page_index,time_cycles
0,1305966
page_index,time_cycles
0,1921756
page_index,time_cycles
0,1365984
page_index,time_cycles
0,3766986
page_index,time_cycles
0,1142874
page_index,time_cycles
0,3597366
page_index,time_cycles
0,1497064
page_index,time_cycles
0,3794542
page_index,time_cycles
0,2401130
page_index,time_cycles
0,2502228
page_index,time_cycles
0,3181622
page_index,time_cycles
0,1765520
page_index,time_cycles
0,3412644
page_index,time_cycles
0,2840676
page_index,time_cycles
0,3416574
page_index,time_cycles
0,1223970
page_index,time_cycles
0,3718410
page_index,time_cycles
0,2623566
page_index,time_cycles
0,1143268
page_index,time_cycles
0,1178072
page_index,time_cycles
0,4058264
page_index,time_cycles
0,2090920
page_index,time_cycles
0,1572758
page_index,time_cycles
0,3474786
page_index,time_cycles
0,1162922
page_index,time_cycles
0,1305580
page_index,time_cycles
0,3984668
page_index,time_cycles
0,1422160
page_index,time_cycles
0,4355472
page_index,time_cycles
0,1420194
page_index,time_cycles
0,1805972
page_index,time_cycles
0,3348562
page_index,time_cycles
0,3214772
page_index,time_cycles
0,3867352
page_index,time_cycles
0,3883138
page_index,time_cycles
0,5911226
page_index,time_cycles
0,1285838
page_index,time_cycles
0,1382528
page_index,time_cycles
0,1343684
page_index,time_cycles
0,3934788
page_index,time_cycles
0,3494340
page_index,time_cycles
0,1398490
page_index,time_cycles
0,1373374
page_index,time_cycles
0,4517780
page_index,time_cycles
0,1194262
page_index,time_cycles
0,1732192
page_index,time_cycles
0,1296636
page_index,time_cycles
0,3257412
page_index,time_cycles
0,1516948
page_index,time_cycles
0,3191152
page_index,time_cycles
0,1198788
page_index,time_cycles
0,1301416
page_index,time_cycles
0,3667690
page_index,time_cycles
0,2013846
page_index,time_cycles
0,1439350
page_index,time_cycles
0,3594786
page_index,time_cycles
0,2061050
page_index,time_cycles
0,2072270
page_index,time_cycles
0,2341236
page_index,time_cycles
0,2140088
page_index,time_cycles
0,1197556
page_index,time_cycles
0,2032846
page_index,time_cycles
0,2160896
page_index,time_cycles
0,3479298
page_index,time_cycles
0,1837180
page_index,time_cycles
0,1166042
page_index,time_cycles
0,1924866
page_index,time_cycles
0,1732166
page_index,time_cycles
0,3769154
page_index,time_cycles
0,1527530
page_index,time_cycles
0,1801470
page_index,time_cycles
0,1348448
page_index,time_cycles
0,1205626
page_index,time_cycles
0,4147850
page_index,time_cycles
0,1401172
page_index,time_cycles
0,3983318
page_index,time_cycles
0,3633320
page_index,time_cycles
0,3547486
page_index,time_cycles
0,3436650
page_index,time_cycles
0,2201612
page_index,time_cycles
0,2425776
page_index,time_cycles
0,3176120
page_index,time_cycles
0,3510912
page_index,time_cycles
0,4315546
page_index,time_cycles
0,3295064
page_index,time_cycles
0,2362726
page_index,time_cycles
0,1583198
page_index,time_cycles
0,2502428
page_index,time_cycles
0,3384354
page_index,time_cycles
0,1342038
page_index,time_cycles
0,3054914
page_index,time_cycles
0,3563536
page_index,time_cycles
0,1186764
page_index,time_cycles
0,1309738
page_index,time_cycles
0,3575414
page_index,time_cycles
0,1797878
page_index,time_cycles
0,1166586
page_index,time_cycles
0,1372320
page_index,time_cycles
0,2107860
page_index,time_cycles
0,1197030
page_index,time_cycles
0,3333132
page_index,time_cycles
0,3745772
page_index,time_cycles
0,4022614
page_index,time_cycles
0,1723464
page_index,time_cycles
0,3171916
page_index,time_cycles
0,3400380
page_index,time_cycles
0,1201554
page_index,time_cycles
0,3422634
page_index,time_cycles
0,3487824
page_index,time_cycles
0,1198366
page_index,time_cycles
0,3791606
page_index,time_cycles
0,4054504
page_index,time_cycles
0,3747926
page_index,time_cycles
0,3214800
page_index,time_cycles
0,3293930
page_index,time_cycles
0,2033708
page_index,time_cycles
0,3563298
page_index,time_cycles
0,1322550
page_index,time_cycles
0,1245656
page_index,time_cycles
0,3259994
page_index,time_cycles
0,3259172
page_index,time_cycles
0,1038038
page_index,time_cycles
0,3815910
page_index,time_cycles
0,2982776
page_index,time_cycles
0,1384492
page_index,time_cycles
0,3197514
page_index,time_cycles
0,1286158
page_index,time_cycles
0,3380908
page_index,time_cycles
0,1353778
page_index,time_cycles
0,1867802
page_index,time_cycles
0,1422810
page_index,time_cycles
0,2338038
page_index,time_cycles
0,3293904
page_index,time_cycles
0,2546258
page_index,time_cycles
0,3797046
page_index,time_cycles
0,1491244
page_index,time_cycles
0,1296252
page_index,time_cycles
0,1787202
page_index,time_cycles
0,1187666
page_index,time_cycles
0,2283546
page_index,time_cycles
0,4250528
page_index,time_cycles
0,6202946
page_index,time_cycles
0,1220206
page_index,time_cycles
0,3295812
page_index,time_cycles
0,1538644
page_index,time_cycles
0,1633254
page_index,time_cycles
0,3862844
page_index,time_cycles
0,4025668
page_index,time_cycles
0,3702982
page_index,time_cycles
0,1209836
page_index,time_cycles
0,1502478
page_index,time_cycles
0,1321812
page_index,time_cycles
0,3615186
page_index,time_cycles
0,1198172
page_index,time_cycles
0,4100346
page_index,time_cycles
0,1421732
page_index,time_cycles
0,3676130
page_index,time_cycles
0,3741320
page_index,time_cycles
0,1386132
page_index,time_cycles
0,3728818
page_index,time_cycles
0,3826286
page_index,time_cycles
0,2497230
page_index,time_cycles
0,1233480
page_index,time_cycles
0,2725296
page_index,time_cycles
0,1382122
page_index,time_cycles
0,2763494
page_index,time_cycles
0,1932028
page_index,time_cycles
0,2245704
page_index,time_cycles
0,3403296
page_index,time_cycles
0,1851228
page_index,time_cycles
0,4175922
page_index,time_cycles
0,1380952
page_index,time_cycles
0,2329528
page_index,time_cycles
0,1734244
page_index,time_cycles
0,2781546
page_index,time_cycles
0,1282604
page_index,time_cycles
0,3183836
page_index,time_cycles
0,1305366
page_index,time_cycles
0,3817804
page_index,time_cycles
0,3203268
page_index,time_cycles
0,1661250
page_index,time_cycles
0,1374926
page_index,time_cycles
0,1902444
page_index,time_cycles
0,5338328
page_index,time_cycles
0,3234546
page_index,time_cycles
0,2236692
page_index,time_cycles
0,3683164
page_index,time_cycles
0,3292886
page_index,time_cycles
0,1207462
page_index,time_cycles
0,1253478
page_index,time_cycles
0,3393150
page_index,time_cycles
0,1895166
page_index,time_cycles
0,1375056
page_index,time_cycles
0,3544692
page_index,time_cycles
0,4489416
page_index,time_cycles
0,3215834
page_index,time_cycles
0,1403322
page_index,time_cycles
0,3619318
page_index,time_cycles
0,1188740
page_index,time_cycles
0,1279158
page_index,time_cycles
0,1687814
page_index,time_cycles
0,2596376
page_index,time_cycles
0,1315254
page_index,time_cycles
0,2512244
page_index,time_cycles
0,1143940
page_index,time_cycles
0,1343544
page_index,time_cycles
0,1498738
page_index,time_cycles
0,1630684
page_index,time_cycles
0,3657656
page_index,time_cycles
0,1170406
page_index,time_cycles
0,1414922
page_index,time_cycles
0,1286638
page_index,time_cycles
0,1201212
page_index,time_cycles
0,3771102
page_index,time_cycles
0,1363392
page_index,time_cycles
0,4427846
page_index,time_cycles
0,3901760
page_index,time_cycles
0,1935352
page_index,time_cycles
0,2327142
page_index,time_cycles
0,4013146
page_index,time_cycles
0,1256178
page_index,time_cycles
0,1190480
page_index,time_cycles
0,3504228
page_index,time_cycles
0,4012832
page_index,time_cycles
0,3929568
page_index,time_cycles
0,1293848
page_index,time_cycles
0,2319942
page_index,time_cycles
0,3533040
page_index,time_cycles
0,1603510
page_index,time_cycles
0,3606158
page_index,time_cycles
0,2958190
page_index,time_cycles
0,3906578
page_index,time_cycles
0,3713054
page_index,time_cycles
0,1612960
page_index,time_cycles
0,1363670
page_index,time_cycles
0,1488660
page_index,time_cycles
0,3069970
page_index,time_cycles
0,3211572
page_index,time_cycles
0,2019958
page_index,time_cycles
0,2471452
page_index,time_cycles
0,1417700
page_index,time_cycles
0,1326754
page_index,time_cycles
0,1250116
page_index,time_cycles
0,1114774
page_index,time_cycles
0,1352702
page_index,time_cycles
0,3423732
page_index,time_cycles
0,1422130
page_index,time_cycles
0,2194144
page_index,time_cycles
0,3798010
page_index,time_cycles
0,1177060
page_index,time_cycles
0,1971420
page_index,time_cycles
0,1429376
page_index,time_cycles
0,1918412
page_index,time_cycles
0,2452494
page_index,time_cycles
0,2361412
page_index,time_cycles
0,2166060
page_index,time_cycles
0,1259216
page_index,time_cycles
0,2823762
page_index,time_cycles
0,1178548
page_index,time_cycles
0,1356976
page_index,time_cycles
0,1964060
page_index,time_cycles
0,1350296
page_index,time_cycles
0,1825608
page_index,time_cycles
0,1217992
page_index,time_cycles
0,3270518
page_index,time_cycles
0,2666850
page_index,time_cycles
0,3838784
page_index,time_cycles
0,2240612
page_index,time_cycles
0,3095660
page_index,time_cycles
0,1300504
page_index,time_cycles
0,3705596
page_index,time_cycles
0,1405610
page_index,time_cycles
0,4012936
page_index,time_cycles
0,3842156
page_index,time_cycles
0,2299140
page_index,time_cycles
0,2840340
page_index,time_cycles
0,1634138
page_index,time_cycles
0,4221024
page_index,time_cycles
0,1782538
page_index,time_cycles
0,3872552
page_index,time_cycles
0,3103540
page_index,time_cycles
0,2010806
page_index,time_cycles
0,1116008
page_index,time_cycles
0,1645798
page_index,time_cycles
0,1359508
page_index,time_cycles
0,1391874
page_index,time_cycles
0,2667748
page_index,time_cycles
0,1389452
page_index,time_cycles
0,3525480
page_index,time_cycles
0,1397300
page_index,time_cycles
0,3568070
page_index,time_cycles
0,2042972
page_index,time_cycles
0,1367212
page_index,time_cycles
0,1470060
page_index,time_cycles
0,3237744
page_index,time_cycles
0,3513570
page_index,time_cycles
0,1265114
page_index,time_cycles
0,2100250
page_index,time_cycles
0,2170058
page_index,time_cycles
0,4326892
page_index,time_cycles
0,1185480
page_index,time_cycles
0,2287706
page_index,time_cycles
0,4053396
page_index,time_cycles
0,4094006
page_index,time_cycles
0,1465230
page_index,time_cycles
0,3457752
page_index,time_cycles
0,1961352
page_index,time_cycles
0,3669686
page_index,time_cycles
0,1215336
page_index,time_cycles
0,1479774
page_index,time_cycles
0,3601924
page_index,time_cycles
0,1185190
page_index,time_cycles
0,1480476
page_index,time_cycles
0,2535238
page_index,time_cycles
0,3732168
page_index,time_cycles
0,3031794
page_index,time_cycles
0,3678848
page_index,time_cycles
0,1245220
page_index,time_cycles
0,1397910
page_index,time_cycles
0,3519190
page_index,time_cycles
0,4572292
page_index,time_cycles
0,3398262
page_index,time_cycles
0,3637414
page_index,time_cycles
0,2389594
page_index,time_cycles
0,1175446
page_index,time_cycles
0,1315962
page_index,time_cycles
0,1997236
page_index,time_cycles
0,4090398
page_index,time_cycles
0,3883488
page_index,time_cycles
0,2322790
page_index,time_cycles
0,3993928
page_index,time_cycles
0,2789666
page_index,time_cycles
0,1545048
page_index,time_cycles
0,3492450
page_index,time_cycles
0,1333518
page_index,time_cycles
0,3426630
page_index,time_cycles
0,3880580
page_index,time_cycles
0,1142348
page_index,time_cycles
0,4024530
page_index,time_cycles
0,1332616
page_index,time_cycles
0,3124998
page_index,time_cycles
0,2037818
page_index,time_cycles
0,3635538
page_index,time_cycles
0,3325506
page_index,time_cycles
0,4107132
page_index,time_cycles
0,1127278
page_index,time_cycles
0,1593156
page_index,time_cycles
0,3684278
page_index,time_cycles
0,2788868
page_index,time_cycles
0,1236878
page_index,time_cycles
0,3948666
page_index,time_cycles
0,1534492
page_index,time_cycles
0,1741076
page_index,time_cycles
0,1171698
page_index,time_cycles
0,1415304
page_index,time_cycles
0,1798912
page_index,time_cycles
0,1810744
page_index,time_cycles
0,1295244
page_index,time_cycles
0,1226406
page_index,time_cycles
0,3199474
page_index,time_cycles
0,2227124
page_index,time_cycles
0,1679670
page_index,time_cycles
0,2191910
page_index,time_cycles
0,3552084
page_index,time_cycles
0,1603786
page_index,time_cycles
0,1682282
page_index,time_cycles
0,3486914
page_index,time_cycles
0,2340468
page_index,time_cycles
0,4007294
page_index,time_cycles
0,3704438
page_index,time_cycles
0,2364998
page_index,time_cycles
0,1831954
page_index,time_cycles
0,1287164
page_index,time_cycles
0,3266702
page_index,time_cycles
0,2488288
page_index,time_cycles
0,1445780
page_index,time_cycles
0,2204564
page_index,time_cycles
0,3118620
page_index,time_cycles
0,1163532
page_index,time_cycles
0,1163532
page_index,time_cycles
0,1291820
page_index,time_cycles
0,1277878
page_index,time_cycles
0,1210448
page_index,time_cycles
0,1731354
page_index,time_cycles
0,2378008
page_index,time_cycles
0,1751906
page_index,time_cycles
0,1806238
page_index,time_cycles
0,1239886
page_index,time_cycles
0,1209960
page_index,time_cycles
0,1173960
page_index,time_cycles
0,2823518
page_index,time_cycles
0,2503376
page_index,time_cycles
0,3361508
page_index,time_cycles
0,4303702
page_index,time_cycles
0,2123216
page_index,time_cycles
0,2146232
page_index,time_cycles
0,1209572
page_index,time_cycles
0,2135320
page_index,time_cycles
0,3571120
page_index,time_cycles
0,1431488
page_index,time_cycles
0,1252654
page_index,time_cycles
0,3844746
page_index,time_cycles
0,2177322
page_index,time_cycles
0,2924378
page_index,time_cycles
0,1283026
page_index,time_cycles
0,3189566
page_index,time_cycles
0,2167776
page_index,time_cycles
0,2108302
page_index,time_cycles
0,2173652
page_index,time_cycles
0,1415226
page_index,time_cycles
0,1656922
page_index,time_cycles
0,3209044
page_index,time_cycles
0,1533440
page_index,time_cycles
0,4529338
page_index,time_cycles
0,1526714
page_index,time_cycles
0,1265686
page_index,time_cycles
0,1355892
page_index,time_cycles
0,1908984
page_index,time_cycles
0,1260046
page_index,time_cycles
0,4756670
page_index,time_cycles
0,1434194
page_index,time_cycles
0,3766432
page_index,time_cycles
0,1362750
page_index,time_cycles
0,2778702
page_index,time_cycles
0,3512248
page_index,time_cycles
0,1162686
page_index,time_cycles
0,3806836
page_index,time_cycles
0,1191084
page_index,time_cycles
0,1190974
page_index,time_cycles
0,1707354
page_index,time_cycles
0,1558906
page_index,time_cycles
0,1515772
page_index,time_cycles
0,1472598
page_index,time_cycles
0,1210692
page_index,time_cycles
0,3536140
page_index,time_cycles
0,2400584
page_index,time_cycles
0,3944714
page_index,time_cycles
0,1526254
page_index,time_cycles
0,1513882
page_index,time_cycles
0,1527896
page_index,time_cycles
0,3305706
page_index,time_cycles
0,3436908
page_index,time_cycles
0,3992392
page_index,time_cycles
0,3571740
page_index,time_cycles
0,3633802
page_index,time_cycles
0,3519934
page_index,time_cycles
0,3833024
page_index,time_cycles
0,2045974
page_index,time_cycles
0,2172546
page_index,time_cycles
0,3873732
page_index,time_cycles
0,3313670
page_index,time_cycles
0,2039122
page_index,time_cycles
0,3156866
page_index,time_cycles
0,3719716
page_index,time_cycles
0,4255380
page_index,time_cycles
0,3699972
page_index,time_cycles
0,2255740
page_index,time_cycles
0,5014080
page_index,time_cycles
0,1832896
page_index,time_cycles
0,1679352
page_index,time_cycles
0,1542844
page_index,time_cycles
0,1552386
page_index,time_cycles
0,3482166
page_index,time_cycles
0,3379952
page_index,time_cycles
0,4650114
page_index,time_cycles
0,1233796
page_index,time_cycles
0,3690334
page_index,time_cycles
0,1287180
page_index,time_cycles
0,1888500
page_index,time_cycles
0,1307036
page_index,time_cycles
0,1436328
page_index,time_cycles
0,3036018
page_index,time_cycles
0,3919056
page_index,time_cycles
0,3014464
page_index,time_cycles
0,2115168
page_index,time_cycles
0,1198286
page_index,time_cycles
0,1332094
page_index,time_cycles
0,2223718
page_index,time_cycles
0,1302482
page_index,time_cycles
0,3800580
page_index,time_cycles
0,3378568
page_index,time_cycles
0,3619488
page_index,time_cycles
0,3130408
page_index,time_cycles
0,1732480
page_index,time_cycles
0,4144920
page_index,time_cycles
0,3961920
page_index,time_cycles
0,2729254
page_index,time_cycles
0,1498470
page_index,time_cycles
0,1918382
page_index,time_cycles
0,1784250
page_index,time_cycles
0,4143754
page_index,time_cycles
0,2023478
page_index,time_cycles
0,3379030
page_index,time_cycles
0,1631780
page_index,time_cycles
0,1961790
page_index,time_cycles
0,2027882
page_index,time_cycles
0,3552936
page_index,time_cycles
0,3784428
page_index,time_cycles
0,1861340
page_index,time_cycles
0,3562076
page_index,time_cycles
0,1353452
page_index,time_cycles
0,3561312
page_index,time_cycles
0,1416548
page_index,time_cycles
0,1182584
page_index,time_cycles
0,1693974
page_index,time_cycles
0,1416316
page_index,time_cycles
0,1498186
page_index,time_cycles
0,3356012
page_index,time_cycles
0,1663308
page_index,time_cycles
0,2680746
page_index,time_cycles
0,3371704
page_index,time_cycles
0,1914294
page_index,time_cycles
0,2077906
page_index,time_cycles
0,3570440
page_index,time_cycles
0,3461080
page_index,time_cycles
0,2593146
page_index,time_cycles
0,1306980
page_index,time_cycles
0,3157024
page_index,time_cycles
0,2097350
page_index,time_cycles
0,8060162
page_index,time_cycles
0,1666806
page_index,time_cycles
0,1531306
page_index,time_cycles
0,3716832
page_index,time_cycles
0,1350558
page_index,time_cycles
0,3973886
page_index,time_cycles
0,1862092
page_index,time_cycles
0,1982366
page_index,time_cycles
0,3110180
page_index,time_cycles
0,1500624
page_index,time_cycles
0,1717126
page_index,time_cycles
0,1301510
page_index,time_cycles
0,1295430
page_index,time_cycles
0,1185556
page_index,time_cycles
0,3395140
page_index,time_cycles
0,1301826
page_index,time_cycles
0,3709652
page_index,time_cycles
0,1840630
page_index,time_cycles
0,1232250
page_index,time_cycles
0,1752822
page_index,time_cycles
0,4241608
page_index,time_cycles
0,3509428
page_index,time_cycles
0,1203212
page_index,time_cycles
0,1380926
page_index,time_cycles
0,4199548
page_index,time_cycles
0,3261256
page_index,time_cycles
0,3215566
page_index,time_cycles
0,3691556
page_index,time_cycles
0,1460314
page_index,time_cycles
0,1297400
page_index,time_cycles
0,3319758
page_index,time_cycles
0,4346322
page_index,time_cycles
0,3386322
page_index,time_cycles
0,1317448
page_index,time_cycles
0,3328656
page_index,time_cycles
0,1504290
page_index,time_cycles
0,3518854
page_index,time_cycles
0,2672286
page_index,time_cycles
0,1443266
page_index,time_cycles
0,3492352
page_index,time_cycles
0,2164950
page_index,time_cycles
0,1589264
page_index,time_cycles
0,1174990
page_index,time_cycles
0,1673956
page_index,time_cycles
0,3684278
page_index,time_cycles
0,3399672
page_index,time_cycles
0,2873332
page_index,time_cycles
0,2140732
page_index,time_cycles
0,1399656
page_index,time_cycles
0,1398452
page_index,time_cycles
0,2305498
page_index,time_cycles
0,3899634
page_index,time_cycles
0,3462606
page_index,time_cycles
0,3597662
page_index,time_cycles
0,2432750
page_index,time_cycles
0,4139774
page_index,time_cycles
0,1170046
page_index,time_cycles
0,2104930
page_index,time_cycles
0,1521522
page_index,time_cycles
0,1181644
page_index,time_cycles
0,1168774
page_index,time_cycles
0,1165162
page_index,time_cycles
0,2748826
page_index,time_cycles
0,1359372
page_index,time_cycles
0,4096656
page_index,time_cycles
0,3389688
page_index,time_cycles
0,1330732
page_index,time_cycles
0,1305874
page_index,time_cycles
0,2115416
page_index,time_cycles
0,3492846
page_index,time_cycles
0,1313872
page_index,time_cycles
0,1654658
page_index,time_cycles
0,3246674
page_index,time_cycles
0,1957794
page_index,time_cycles
0,1929638
page_index,time_cycles
0,2102230
page_index,time_cycles
0,2082780
page_index,time_cycles
0,3369068
page_index,time_cycles
0,1414590
page_index,time_cycles
0,1702626
page_index,time_cycles
0,1525632
page_index,time_cycles
0,1324786
page_index,time_cycles
0,3784232
page_index,time_cycles
0,3668244
page_index,time_cycles
0,1327390
page_index,time_cycles
0,3408302
page_index,time_cycles
0,1273624
page_index,time_cycles
0,3471648
page_index,time_cycles
0,4449122
page_index,time_cycles
0,2006924
page_index,time_cycles
0,1404064
page_index,time_cycles
0,1254714
page_index,time_cycles
0,3556108
page_index,time_cycles
0,1636168
page_index,time_cycles
0,3722216
page_index,time_cycles
0,2498990
page_index,time_cycles
0,3086774
page_index,time_cycles
0,1547462
page_index,time_cycles
0,2089592
page_index,time_cycles
0,1256524
page_index,time_cycles
0,2073510
page_index,time_cycles
0,2036392
page_index,time_cycles
0,2958662
page_index,time_cycles
0,3131336
page_index,time_cycles
0,3860658
page_index,time_cycles
0,1215760
page_index,time_cycles
0,1292808
page_index,time_cycles
0,1706442
page_index,time_cycles
0,1249942
page_index,time_cycles
0,1208048
page_index,time_cycles
0,3619230
page_index,time_cycles
0,1282326
page_index,time_cycles
0,1449038
page_index,time_cycles
0,3036516
page_index,time_cycles
0,1316780
page_index,time_cycles
0,1190090
page_index,time_cycles
0,1487844
page_index,time_cycles
0,4157228
page_index,time_cycles
0,3307956
page_index,time_cycles
0,4028098
page_index,time_cycles
0,2386882
page_index,time_cycles
0,1549338
page_index,time_cycles
0,4137868
page_index,time_cycles
0,1883424
page_index,time_cycles
0,3495954
page_index,time_cycles
0,4126480
page_index,time_cycles
0,4215274
page_index,time_cycles
0,5183618
page_index,time_cycles
0,3888692
page_index,time_cycles
0,1511582
page_index,time_cycles
0,1453512
page_index,time_cycles
0,1191302
page_index,time_cycles
0,3776292
page_index,time_cycles
0,1240220
page_index,time_cycles
0,2045328
page_index,time_cycles
0,4255416
page_index,time_cycles
0,3763356
page_index,time_cycles
0,4122140
page_index,time_cycles
0,1496592
page_index,time_cycles
0,1658922
page_index,time_cycles
0,1342710
page_index,time_cycles
0,1711576
page_index,time_cycles
0,4183400
page_index,time_cycles
0,4071204
page_index,time_cycles
0,1877992
page_index,time_cycles
0,3413546
page_index,time_cycles
0,1417544
page_index,time_cycles
0,1121808
page_index,time_cycles
0,1480514
page_index,time_cycles
0,4420938
page_index,time_cycles
0,1380696
page_index,time_cycles
0,3527454
page_index,time_cycles
0,1208028
page_index,time_cycles
0,1384524
page_index,time_cycles
0,3805114
page_index,time_cycles
0,1437628
page_index,time_cycles
0,1339638
page_index,time_cycles
0,3499812
page_index,time_cycles
0,2354256
page_index,time_cycles
0,1359644
page_index,time_cycles
0,1264500
page_index,time_cycles
0,1739282
page_index,time_cycles
0,1279222
page_index,time_cycles
0,2191186
page_index,time_cycles
0,3878360
page_index,time_cycles
0,1269708
page_index,time_cycles
0,1485924
page_index,time_cycles
0,1241148
page_index,time_cycles
0,4449476
page_index,time_cycles
0,1311648
page_index,time_cycles
0,1541564
page_index,time_cycles
0,2874948
page_index,time_cycles
0,3522856
page_index,time_cycles
0,3292398
page_index,time_cycles
0,1442644
page_index,time_cycles
0,1417278
page_index,time_cycles
0,3647394
page_index,time_cycles
0,1331470
page_index,time_cycles
0,1436878
page_index,time_cycles
0,1541458
page_index,time_cycles
0,2400030
page_index,time_cycles
0,1698224
page_index,time_cycles
0,3331854
page_index,time_cycles
0,2533806
page_index,time_cycles
0,2065402
page_index,time_cycles
0,1181850
page_index,time_cycles
0,1267742
page_index,time_cycles
0,1436446
page_index,time_cycles
0,1992344
page_index,time_cycles
0,3572986
page_index,time_cycles
0,1464032
page_index,time_cycles
0,1690620
page_index,time_cycles
0,3389524
page_index,time_cycles
0,3606502
page_index,time_cycles
0,1864818
page_index,time_cycles
0,2335560
page_index,time_cycles
0,3520236
page_index,time_cycles
0,4213098
page_index,time_cycles
0,3624858
page_index,time_cycles
0,1403538
page_index,time_cycles
0,1504726
page_index,time_cycles
0,3584862
page_index,time_cycles
0,1468864
page_index,time_cycles
0,1434672
page_index,time_cycles
0,3797624
page_index,time_cycles
0,4359960
page_index,time_cycles
0,1303826
page_index,time_cycles
0,3789802
page_index,time_cycles
0,4191986
page_index,time_cycles
0,2619012
page_index,time_cycles
0,1534404
page_index,time_cycles
0,1940750
page_index,time_cycles
0,3104486
page_index,time_cycles
0,2591842
page_index,time_cycles
0,2757370
page_index,time_cycles
0,3285928
page_index,time_cycles
0,1546762
page_index,time_cycles
0,2260572
page_index,time_cycles
0,1700712
page_index,time_cycles
0,3132652
page_index,time_cycles
0,3591592
page_index,time_cycles
0,3051712
page_index,time_cycles
0,1265606
page_index,time_cycles
0,1373112
page_index,time_cycles
0,1895974
page_index,time_cycles
0,1341152
page_index,time_cycles
0,2413686
page_index,time_cycles
0,1275312
page_index,time_cycles
0,3558494
page_index,time_cycles
0,2371626
page_index,time_cycles
0,1453956
page_index,time_cycles
0,2722518
page_index,time_cycles
0,1261244
page_index,time_cycles
0,3494296
page_index,time_cycles
0,1324664
page_index,time_cycles
0,3429612
page_index,time_cycles
0,1590074
page_index,time_cycles
0,1470450
page_index,time_cycles
0,2213250
page_index,time_cycles
0,3900550
page_index,time_cycles
0,4106840
page_index,time_cycles
0,1652710
page_index,time_cycles
0,2565654
page_index,time_cycles
0,1486184
page_index,time_cycles
0,1702098
page_index,time_cycles
0,3588628
page_index,time_cycles
0,1151354
page_index,time_cycles
0,1270224
page_index,time_cycles
0,1263238
page_index,time_cycles
0,1605712
page_index,time_cycles
0,1284594
page_index,time_cycles
0,2937090
page_index,time_cycles
0,3620824
page_index,time_cycles
0,3461538
page_index,time_cycles
0,2250636
page_index,time_cycles
0,1330880
page_index,time_cycles
0,1125328
page_index,time_cycles
0,3760674
page_index,time_cycles
0,1258516
page_index,time_cycles
0,3497442
page_index,time_cycles
0,3346898
page_index,time_cycles
0,1336980
page_index,time_cycles
0,4348632
page_index,time_cycles
0,3996018
page_index,time_cycles
0,2156660
page_index,time_cycles
0,3483434
page_index,time_cycles
0,1199188
page_index,time_cycles
0,1633234
page_index,time_cycles
0,1557400
page_index,time_cycles
0,2085214
page_index,time_cycles
0,2258176
page_index,time_cycles
0,3554410
page_index,time_cycles
0,3810026
page_index,time_cycles
0,1481750
page_index,time_cycles
0,1326696
page_index,time_cycles
0,1281852
page_index,time_cycles
0,3990400
page_index,time_cycles
0,3909280
page_index,time_cycles
0,2503362
page_index,time_cycles
0,2454572
page_index,time_cycles
0,2319630
page_index,time_cycles
0,2103270
page_index,time_cycles
0,1492726
page_index,time_cycles
0,1914552
page_index,time_cycles
0,3974116
page_index,time_cycles
0,3519126
page_index,time_cycles
0,1263472
page_index,time_cycles
0,1389848
page_index,time_cycles
0,3275950
page_index,time_cycles
0,1310826
page_index,time_cycles
0,1297444
page_index,time_cycles
0,3464500
page_index,time_cycles
0,2245276
page_index,time_cycles
0,2713194
page_index,time_cycles
0,1968832
page_index,time_cycles
0,4056106
page_index,time_cycles
0,2181242
page_index,time_cycles
0,2754372
page_index,time_cycles
0,4329302
page_index,time_cycles
0,1328766
page_index,time_cycles
0,2616978
page_index,time_cycles
0,4311102
page_index,time_cycles
0,3154982
page_index,time_cycles
0,2889200
page_index,time_cycles
0,3303870
page_index,time_cycles
0,3423184
page_index,time_cycles
0,1460360
page_index,time_cycles
0,1617444
page_index,time_cycles
0,4143292
page_index,time_cycles
0,1480228
page_index,time_cycles
0,1915244
page_index,time_cycles
0,2064482
page_index,time_cycles
0,3974764
page_index,time_cycles
0,2766228
page_index,time_cycles
0,1524980
page_index,time_cycles
0,2004618
page_index,time_cycles
0,1135960
page_index,time_cycles
0,1329790
page_index,time_cycles
0,2876744
page_index,time_cycles
0,4229616
page_index,time_cycles
0,3359982
page_index,time_cycles
0,2271012
page_index,time_cycles
0,4152382
page_index,time_cycles
0,4183962
page_index,time_cycles
0,1649292
page_index,time_cycles
0,1643608
page_index,time_cycles
0,1569702
page_index,time_cycles
0,1883298
page_index,time_cycles
0,2304570
page_index,time_cycles
0,3931334
page_index,time_cycles
0,3057762
page_index,time_cycles
0,4061752
page_index,time_cycles
0,2895342
page_index,time_cycles
0,1457298
page_index,time_cycles
0,7033568
page_index,time_cycles
0,2904026
page_index,time_cycles
0,1386496
page_index,time_cycles
0,2546604
page_index,time_cycles
0,1453610
page_index,time_cycles
0,3536414
page_index,time_cycles
0,5413600
page_index,time_cycles
0,4034498
page_index,time_cycles
0,3867814
page_index,time_cycles
0,1317406
page_index,time_cycles
0,1929330
page_index,time_cycles
0,2046774
page_index,time_cycles
0,5397532
page_index,time_cycles
0,2390752
page_index,time_cycles
0,3604060
page_index,time_cycles
0,3035182
page_index,time_cycles
0,1219972
page_index,time_cycles
0,1252552
page_index,time_cycles
0,1263374
page_index,time_cycles
0,1191872
page_index,time_cycles
0,4118290
page_index,time_cycles
0,1221992
page_index,time_cycles
0,2501544
page_index,time_cycles
0,2154948
page_index,time_cycles
0,1202176
page_index,time_cycles
0,2052760
page_index,time_cycles
0,1176186
page_index,time_cycles
0,3552216
page_index,time_cycles
0,1556166
page_index,time_cycles
0,1332614
page_index,time_cycles
0,1945652
page_index,time_cycles
0,3558608
page_index,time_cycles
0,3722130
page_index,time_cycles
0,1247076
page_index,time_cycles
0,4489982
page_index,time_cycles
0,1662342
page_index,time_cycles
0,2180770
page_index,time_cycles
0,3598858
page_index,time_cycles
0,2104526
page_index,time_cycles
0,2399430
page_index,time_cycles
0,3510298
page_index,time_cycles
0,1274902
page_index,time_cycles
0,1302854
page_index,time_cycles
0,3715684
page_index,time_cycles
0,3480712
page_index,time_cycles
0,3230612
page_index,time_cycles
0,3954026
page_index,time_cycles
0,2898140
page_index,time_cycles
0,1200298
page_index,time_cycles
0,1182010
page_index,time_cycles
0,1655102
page_index,time_cycles
0,3712442
page_index,time_cycles
0,1891386
page_index,time_cycles
0,1191604
page_index,time_cycles
0,3289544
page_index,time_cycles
0,1196240
page_index,time_cycles
0,3781240
page_index,time_cycles
0,3700376
page_index,time_cycles
0,3977760
page_index,time_cycles
0,1302728
page_index,time_cycles
0,1575404
page_index,time_cycles
0,1844362
page_index,time_cycles
0,1414356
page_index,time_cycles
0,2517476
page_index,time_cycles
0,3067764
page_index,time_cycles
0,3657430
page_index,time_cycles
0,1280436
page_index,time_cycles
0,2076580
page_index,time_cycles
0,1197932
page_index,time_cycles
0,1323658
page_index,time_cycles
0,3576672
page_index,time_cycles
0,1660874
page_index,time_cycles
0,3746944
page_index,time_cycles
0,3080552
page_index,time_cycles
0,1431514
page_index,time_cycles
0,3359708
page_index,time_cycles
0,2241280
page_index,time_cycles
0,1615112
page_index,time_cycles
0,1228108
page_index,time_cycles
0,1343092
page_index,time_cycles
0,2468004
page_index,time_cycles
0,4244724
page_index,time_cycles
0,2699078
page_index,time_cycles
0,5851184
page_index,time_cycles
0,1216754
page_index,time_cycles
0,1895590
page_index,time_cycles
0,1378596
page_index,time_cycles
0,1493578
page_index,time_cycles
0,2126146
page_index,time_cycles
0,4064024
page_index,time_cycles
0,2396850
page_index,time_cycles
0,3656892
page_index,time_cycles
0,1221262
page_index,time_cycles
0,4215992
page_index,time_cycles
0,1278846
page_index,time_cycles
0,1855008
page_index,time_cycles
0,1832546
page_index,time_cycles
0,1354120
page_index,time_cycles
0,1401792
page_index,time_cycles
0,1362094
page_index,time_cycles
0,4098654
page_index,time_cycles
0,3085898
page_index,time_cycles
0,1355698
page_index,time_cycles
0,3931258
page_index,time_cycles
0,1444170
page_index,time_cycles
0,3700944
page_index,time_cycles
0,1216676
page_index,time_cycles
0,3310070
page_index,time_cycles
0,2521880
page_index,time_cycles
0,1614796
page_index,time_cycles
0,1327242
page_index,time_cycles
0,1309380
page_index,time_cycles
0,1408068
page_index,time_cycles
0,2165302
page_index,time_cycles
0,3277978
page_index,time_cycles
0,1384044
page_index,time_cycles
0,4549528
page_index,time_cycles
0,3288546
page_index,time_cycles
0,3585446
page_index,time_cycles
0,1237190
page_index,time_cycles
0,1671026
page_index,time_cycles
0,1548592
page_index,time_cycles
0,3755812
page_index,time_cycles
0,3486424
page_index,time_cycles
0,3482832
page_index,time_cycles
0,1456376
page_index,time_cycles
0,4067830
page_index,time_cycles
0,2250512
page_index,time_cycles
0,3448764
page_index,time_cycles
0,1143044
page_index,time_cycles
0,3951020
page_index,time_cycles
0,1641272
page_index,time_cycles
0,1578316
page_index,time_cycles
0,1258072
page_index,time_cycles
0,3648660
page_index,time_cycles
0,1216382
page_index,time_cycles
0,1891310
page_index,time_cycles
0,3014200
page_index,time_cycles
0,1634322
page_index,time_cycles
0,1170398
page_index,time_cycles
0,1369864
page_index,time_cycles
0,2117986
page_index,time_cycles
0,1294802
page_index,time_cycles
0,2443468
page_index,time_cycles
0,2119728
page_index,time_cycles
0,1608044
page_index,time_cycles
0,1313890
page_index,time_cycles
0,3973894
page_index,time_cycles
0,1998056
page_index,time_cycles
0,1200006
page_index,time_cycles
0,1197046
page_index,time_cycles
0,1593072
page_index,time_cycles
0,1318974
page_index,time_cycles
0,2242200
page_index,time_cycles
0,1295702
page_index,time_cycles
0,1385340
page_index,time_cycles
0,2443266
page_index,time_cycles
0,3570210
page_index,time_cycles
0,4879664
page_index,time_cycles
0,3706290
page_index,time_cycles
0,3336124
page_index,time_cycles
0,1297302
page_index,time_cycles
0,1991226
page_index,time_cycles
0,3713648
page_index,time_cycles
0,2385362
page_index,time_cycles
0,3290072
page_index,time_cycles
0,3717974
page_index,time_cycles
0,1705008
page_index,time_cycles
0,1522784
page_index,time_cycles
0,3103448
page_index,time_cycles
0,1382966
page_index,time_cycles
0,3948914
page_index,time_cycles
0,2062746
page_index,time_cycles
0,1600078
page_index,time_cycles
0,1192874
page_index,time_cycles
0,2189198
page_index,time_cycles
0,3872174
page_index,time_cycles
0,2383562
page_index,time_cycles
0,1250480
page_index,time_cycles
0,1215030
page_index,time_cycles
0,1250724
page_index,time_cycles
0,4193410
page_index,time_cycles
0,1163524
page_index,time_cycles
0,3202324
page_index,time_cycles
0,3417130
page_index,time_cycles
0,1179334
page_index,time_cycles
0,4531984
page_index,time_cycles
0,1212278
page_index,time_cycles
0,1336982
page_index,time_cycles
0,1551360
page_index,time_cycles
0,1292244
page_index,time_cycles
0,1877234
page_index,time_cycles
0,2039932
page_index,time_cycles
0,1421298
page_index,time_cycles
0,1428754
page_index,time_cycles
0,1386816
page_index,time_cycles
0,1282080
page_index,time_cycles
0,3392456
page_index,time_cycles
0,1701058
page_index,time_cycles
0,1321480
page_index,time_cycles
0,3594838
page_index,time_cycles
0,1416324
page_index,time_cycles
0,3799874
page_index,time_cycles
0,3852728
page_index,time_cycles
0,1365360
page_index,time_cycles
0,1404662
page_index,time_cycles
0,3503088
page_index,time_cycles
0,4133616
page_index,time_cycles
0,2594834
page_index,time_cycles
0,3377920
page_index,time_cycles
0,1282522
page_index,time_cycles
0,3311802
page_index,time_cycles
0,2397652
page_index,time_cycles
0,1200910
page_index,time_cycles
0,2223230
page_index,time_cycles
0,1787556
page_index,time_cycles
0,3667322
page_index,time_cycles
0,1505328
page_index,time_cycles
0,3227088
page_index,time_cycles
0,3981072
page_index,time_cycles
0,3630344
page_index,time_cycles
0,1546808
page_index,time_cycles
0,2179834
page_index,time_cycles
0,1163270
page_index,time_cycles
0,1229706
page_index,time_cycles
0,1220192
page_index,time_cycles
0,3675948
page_index,time_cycles
0,4606150
page_index,time_cycles
0,2467494
page_index,time_cycles
0,3632314
page_index,time_cycles
0,1445116
page_index,time_cycles
0,3032190
page_index,time_cycles
0,4260662
page_index,time_cycles
0,3650062
page_index,time_cycles
0,3555332
page_index,time_cycles
0,1242392
page_index,time_cycles
0,1330756
page_index,time_cycles
0,1645070
page_index,time_cycles
0,2451170
page_index,time_cycles
0,1220834
page_index,time_cycles
0,3698288
page_index,time_cycles
0,1150736
page_index,time_cycles
0,1903278
page_index,time_cycles
0,1490810
page_index,time_cycles
0,4090612
page_index,time_cycles
0,2884476
page_index,time_cycles
0,3622464
page_index,time_cycles
0,4114798
page_index,time_cycles
0,2893092
page_index,time_cycles
0,5138674
page_index,time_cycles
0,1391466
page_index,time_cycles
0,3371018
page_index,time_cycles
0,2196892
page_index,time_cycles
0,1869420
page_index,time_cycles
0,3136086
page_index,time_cycles
0,1445002
page_index,time_cycles
0,1192324
page_index,time_cycles
0,2005088
page_index,time_cycles
0,1785448
page_index,time_cycles
0,1993556
page_index,time_cycles
0,1457504
page_index,time_cycles
0,1392102
page_index,time_cycles
0,4205822
page_index,time_cycles
0,2607022
page_index,time_cycles
0,1206236
page_index,time_cycles
0,3382464
page_index,time_cycles
0,1126980
page_index,time_cycles
0,3553284
page_index,time_cycles
0,3707518
page_index,time_cycles
0,1408602
page_index,time_cycles
0,3682238
page_index,time_cycles
0,3892726
page_index,time_cycles
0,1321254
page_index,time_cycles
0,1577494
page_index,time_cycles
0,1678654
page_index,time_cycles
0,4419456
page_index,time_cycles
0,3628512
page_index,time_cycles
0,2536700
page_index,time_cycles
0,3596160
page_index,time_cycles
0,3954776
page_index,time_cycles
0,4121810
page_index,time_cycles
0,1533068
page_index,time_cycles
0,1258418
page_index,time_cycles
0,2153128
page_index,time_cycles
0,3754960
page_index,time_cycles
0,1312132
page_index,time_cycles
0,3701742
page_index,time_cycles
0,2758934
page_index,time_cycles
0,1558446
page_index,time_cycles
0,3617424
page_index,time_cycles
0,8701252
page_index,time_cycles
0,3469664
page_index,time_cycles
0,1308392
page_index,time_cycles
0,1452936
page_index,time_cycles
0,3845154
page_index,time_cycles
0,4164254
page_index,time_cycles
0,2023316
page_index,time_cycles
0,2685970
page_index,time_cycles
0,4053522
page_index,time_cycles
0,1521112
page_index,time_cycles
0,1478298
page_index,time_cycles
0,3665490
page_index,time_cycles
0,1183818
page_index,time_cycles
0,2070278
page_index,time_cycles
0,1644112
page_index,time_cycles
0,1195014
page_index,time_cycles
0,3898166
page_index,time_cycles
0,3961416
page_index,time_cycles
0,2922492
page_index,time_cycles
0,1558666
page_index,time_cycles
0,1129554
page_index,time_cycles
0,3330740
page_index,time_cycles
0,3186466
page_index,time_cycles
0,1509454
page_index,time_cycles
0,1763632
page_index,time_cycles
0,3397412
page_index,time_cycles
0,2486254
page_index,time_cycles
0,3052834
page_index,time_cycles
0,3320954
page_index,time_cycles
0,1445272
page_index,time_cycles
0,1219476
page_index,time_cycles
0,2906470
page_index,time_cycles
0,2389030
page_index,time_cycles
0,1429442
page_index,time_cycles
0,2434928
page_index,time_cycles
0,1593972
page_index,time_cycles
0,1630580
page_index,time_cycles
0,4421952
page_index,time_cycles
0,1291236
page_index,time_cycles
0,3864690
page_index,time_cycles
0,4242148
page_index,time_cycles
0,1688326
page_index,time_cycles
0,2366130
page_index,time_cycles
0,7480502
page_index,time_cycles
0,3347602
page_index,time_cycles
0,1188342
page_index,time_cycles
0,3870096
page_index,time_cycles
0,4354014
page_index,time_cycles
0,2090726
page_index,time_cycles
0,3467296
page_index,time_cycles
0,2068354
page_index,time_cycles
0,1376690
page_index,time_cycles
0,2908704
page_index,time_cycles
0,1701622
page_index,time_cycles
0,3803444
page_index,time_cycles
0,3339790
page_index,time_cycles
0,3551838
page_index,time_cycles
0,1246740
page_index,time_cycles
0,1254808
page_index,time_cycles
0,1187430
page_index,time_cycles
0,1273012
page_index,time_cycles
0,3267764
page_index,time_cycles
0,3538158
page_index,time_cycles
0,3843022
page_index,time_cycles
0,3156794
page_index,time_cycles
0,1314394
page_index,time_cycles
0,3716668
page_index,time_cycles
0,1398218
page_index,time_cycles
0,3942122
page_index,time_cycles
0,1259502
page_index,time_cycles
0,1303756
page_index,time_cycles
0,3481956
page_index,time_cycles
0,1706884
page_index,time_cycles
0,1157392
page_index,time_cycles
0,1350610
page_index,time_cycles
0,1626140
page_index,time_cycles
0,3628154
page_index,time_cycles
0,2176910
page_index,time_cycles
0,3376042
page_index,time_cycles
0,1651784
page_index,time_cycles
0,1792996
page_index,time_cycles
0,1524028
page_index,time_cycles
0,3687046
page_index,time_cycles
0,3443534
page_index,time_cycles
0,3947402
page_index,time_cycles
0,2214466
page_index,time_cycles
0,1291356
page_index,time_cycles
0,3545704
page_index,time_cycles
0,3718588
page_index,time_cycles
0,1453830
page_index,time_cycles
0,3127142
page_index,time_cycles
0,1184610
page_index,time_cycles
0,3112614
page_index,time_cycles
0,1591016
page_index,time_cycles
0,3578762
page_index,time_cycles
0,3943346
page_index,time_cycles
0,2326980
page_index,time_cycles
0,3504942
page_index,time_cycles
0,3222194
page_index,time_cycles
0,1460284
page_index,time_cycles
0,2165292
page_index,time_cycles
0,3818600
page_index,time_cycles
0,3584674
page_index,time_cycles
0,1629578
page_index,time_cycles
0,1173038
page_index,time_cycles
0,3458908
page_index,time_cycles
0,3652950
page_index,time_cycles
0,3738680
page_index,time_cycles
0,3766696
page_index,time_cycles
0,1463204
page_index,time_cycles
0,2051322
page_index,time_cycles
0,1547086
page_index,time_cycles
0,1365160
page_index,time_cycles
0,1197132
page_index,time_cycles
0,1539642
page_index,time_cycles
0,1466536
page_index,time_cycles
0,3895784
page_index,time_cycles
0,1614998
page_index,time_cycles
0,3610752
page_index,time_cycles
0,1416772
page_index,time_cycles
0,3547776
page_index,time_cycles
0,4264464
page_index,time_cycles
0,1330896
page_index,time_cycles
0,1527684
page_index,time_cycles
0,3707636
page_index,time_cycles
0,1185912
page_index,time_cycles
0,3616984
page_index,time_cycles
0,1591292
page_index,time_cycles
0,1612718
page_index,time_cycles
0,3592380
page_index,time_cycles
0,1189304
page_index,time_cycles
0,1180638
page_index,time_cycles
0,2694754
page_index,time_cycles
0,3287006
page_index,time_cycles
0,1319180
page_index,time_cycles
0,1335234
page_index,time_cycles
0,4135568
page_index,time_cycles
0,3869032
page_index,time_cycles
0,1513632
page_index,time_cycles
0,3079218
page_index,time_cycles
0,1162996
page_index,time_cycles
0,2391966
page_index,time_cycles
0,3841260
page_index,time_cycles
0,3847096
page_index,time_cycles
0,3928350
page_index,time_cycles
0,1202076
page_index,time_cycles
0,2340284
page_index,time_cycles
0,1356858
page_index,time_cycles
0,3206592
page_index,time_cycles
0,2666806
page_index,time_cycles
0,1574584
page_index,time_cycles
0,1515770
page_index,time_cycles
0,1281694
page_index,time_cycles
0,1745866
page_index,time_cycles
0,1224232
page_index,time_cycles
0,4186402
page_index,time_cycles
0,1300220
page_index,time_cycles
0,1172786
page_index,time_cycles
0,1536880
page_index,time_cycles
0,1608354
page_index,time_cycles
0,2514328
page_index,time_cycles
0,1189982
page_index,time_cycles
0,4060382
page_index,time_cycles
0,1510374
page_index,time_cycles
0,2211044
page_index,time_cycles
0,2604292
page_index,time_cycles
0,1882520
page_index,time_cycles
0,3089952
page_index,time_cycles
0,4214150
page_index,time_cycles
0,2617946
page_index,time_cycles
0,1181380
page_index,time_cycles
0,3109508
page_index,time_cycles
0,3403096
page_index,time_cycles
0,1653946
page_index,time_cycles
0,3632960
page_index,time_cycles
0,4109798
page_index,time_cycles
0,1337302
page_index,time_cycles
0,2715378
page_index,time_cycles
0,1874876
page_index,time_cycles
0,1371304
page_index,time_cycles
0,1495458
page_index,time_cycles
0,3514388
page_index,time_cycles
0,2366706
page_index,time_cycles
0,2917480
page_index,time_cycles
0,1940048
page_index,time_cycles
0,2452846
page_index,time_cycles
0,4075996
page_index,time_cycles
0,3939856
page_index,time_cycles
0,1644168
page_index,time_cycles
0,2232994
page_index,time_cycles
0,4059508
page_index,time_cycles
0,3758756
page_index,time_cycles
0,1295296
page_index,time_cycles
0,2329276
page_index,time_cycles
0,1833366
page_index,time_cycles
0,1304218
page_index,time_cycles
0,4121280
page_index,time_cycles
0,3457776
page_index,time_cycles
0,3755078
page_index,time_cycles
0,1915612
page_index,time_cycles
0,2228012
page_index,time_cycles
0,4243404
page_index,time_cycles
0,2022906
page_index,time_cycles
0,1474950
page_index,time_cycles
0,3831544
page_index,time_cycles
0,2142302
page_index,time_cycles
0,1201500
page_index,time_cycles
0,1183274
page_index,time_cycles
0,1442070
page_index,time_cycles
0,2097252
page_index,time_cycles
0,3032486
page_index,time_cycles
0,1805930
page_index,time_cycles
0,1325534
page_index,time_cycles
0,1590324
page_index,time_cycles
0,2231480
page_index,time_cycles
0,2120308
page_index,time_cycles
0,2713496
page_index,time_cycles
0,1161368
page_index,time_cycles
0,1762926
page_index,time_cycles
0,3606616
page_index,time_cycles
0,1752686
page_index,time_cycles
0,3945198
page_index,time_cycles
0,1659280
page_index,time_cycles
0,2132576
page_index,time_cycles
0,3613116
page_index,time_cycles
0,4109356
page_index,time_cycles
0,1328874
page_index,time_cycles
0,1207544
page_index,time_cycles
0,4132712
page_index,time_cycles
0,3738606
page_index,time_cycles
0,4281176
page_index,time_cycles
0,1349230
page_index,time_cycles
0,3677340
page_index,time_cycles
0,2162428
page_index,time_cycles
0,3460234
page_index,time_cycles
0,1918002
page_index,time_cycles
0,1817878
page_index,time_cycles
0,1389938
page_index,time_cycles
0,2798642
page_index,time_cycles
0,1605134
page_index,time_cycles
0,3132448
page_index,time_cycles
0,1290056
page_index,time_cycles
0,1418222
page_index,time_cycles
0,3662294
page_index,time_cycles
0,1255594
page_index,time_cycles
0,3208180
page_index,time_cycles
0,3722610
page_index,time_cycles
0,4389974
page_index,time_cycles
0,2654064
page_index,time_cycles
0,2723172
page_index,time_cycles
0,1198354
page_index,time_cycles
0,1519834
page_index,time_cycles
0,4253156
page_index,time_cycles
0,3291474
page_index,time_cycles
0,2514980
page_index,time_cycles
0,3421842
page_index,time_cycles
0,3037538
page_index,time_cycles
0,3855168
page_index,time_cycles
0,1490956
page_index,time_cycles
0,1461786
page_index,time_cycles
0,1358666
page_index,time_cycles
0,2692656
page_index,time_cycles
0,1285042
page_index,time_cycles
0,2288370
page_index,time_cycles
0,1364468
page_index,time_cycles
0,2408446
page_index,time_cycles
0,3499756
page_index,time_cycles
0,3291480
page_index,time_cycles
0,1920880
page_index,time_cycles
0,3242042
page_index,time_cycles
0,3546726
page_index,time_cycles
0,1212346
page_index,time_cycles
0,1157580
page_index,time_cycles
0,1869828
page_index,time_cycles
0,1805646
page_index,time_cycles
0,4244600
page_index,time_cycles
0,1309478
page_index,time_cycles
0,3569406
page_index,time_cycles
0,1442766
page_index,time_cycles
0,1348124
page_index,time_cycles
0,1261974
page_index,time_cycles
0,1574988
page_index,time_cycles
0,4051210
page_index,time_cycles
0,1541954
page_index,time_cycles
0,1199202
page_index,time_cycles
0,1559424
page_index,time_cycles
0,1215750
page_index,time_cycles
0,1753000
page_index,time_cycles
0,1152586
page_index,time_cycles
0,3498998
page_index,time_cycles
0,2492622
page_index,time_cycles
0,4563582
page_index,time_cycles
0,2668120
page_index,time_cycles
0,1199854
page_index,time_cycles
0,4339824
page_index,time_cycles
0,1374204
page_index,time_cycles
0,3545604
page_index,time_cycles
0,2008398
page_index,time_cycles
0,2484898
page_index,time_cycles
0,1206144
page_index,time_cycles
0,1991682
page_index,time_cycles
0,1251814
page_index,time_cycles
0,1886800
page_index,time_cycles
0,1329312
page_index,time_cycles
0,1427992
page_index,time_cycles
0,1245874
page_index,time_cycles
0,4722048
page_index,time_cycles
0,3782450
page_index,time_cycles
0,3190776
page_index,time_cycles
0,1206092
page_index,time_cycles
0,4210742
page_index,time_cycles
0,3754568
page_index,time_cycles
0,1390536
page_index,time_cycles
0,1296130
page_index,time_cycles
0,5164246
page_index,time_cycles
0,3645896
page_index,time_cycles
0,3602976
page_index,time_cycles
0,1420134
page_index,time_cycles
0,1612972
page_index,time_cycles
0,3716816
page_index,time_cycles
0,3408684
page_index,time_cycles
0,3784198
page_index,time_cycles
0,4111544
page_index,time_cycles
0,1436598
page_index,time_cycles
0,1214340
page_index,time_cycles
0,1259402
page_index,time_cycles
0,1428818
page_index,time_cycles
0,1239974
page_index,time_cycles
0,3718302
page_index,time_cycles
0,1261484
page_index,time_cycles
0,1570366
page_index,time_cycles
0,1208042
page_index,time_cycles
0,3498974
page_index,time_cycles
0,3199538
page_index,time_cycles
0,8348516
page_index,time_cycles
0,1275684
page_index,time_cycles
0,3699776
page_index,time_cycles
0,1592730
page_index,time_cycles
0,1746014
page_index,time_cycles
0,3966816
page_index,time_cycles
0,3277706
page_index,time_cycles
0,1352302
page_index,time_cycles
0,1291346
page_index,time_cycles
0,1305940
page_index,time_cycles
0,2203310
page_index,time_cycles
0,1394110
page_index,time_cycles
0,4148378
page_index,time_cycles
0,2081620
page_index,time_cycles
0,1181094
page_index,time_cycles
0,3162416
page_index,time_cycles
0,1149526
page_index,time_cycles
0,2071458
page_index,time_cycles
0,2959694
page_index,time_cycles
0,3759872
page_index,time_cycles
0,3855456
page_index,time_cycles
0,3650082
page_index,time_cycles
0,1651890
page_index,time_cycles
0,2614052
page_index,time_cycles
0,2244048
page_index,time_cycles
0,3542248
page_index,time_cycles
0,1475042
page_index,time_cycles
0,1799324
page_index,time_cycles
0,3106870
page_index,time_cycles
0,3344502
page_index,time_cycles
0,1983978
page_index,time_cycles
0,3495428
page_index,time_cycles
0,1404934
page_index,time_cycles
0,3717064
page_index,time_cycles
0,3515450
page_index,time_cycles
0,3869386
page_index,time_cycles
0,2285212
page_index,time_cycles
0,3827726
page_index,time_cycles
0,2121176
page_index,time_cycles
0,1323940
page_index,time_cycles
0,1819038
page_index,time_cycles
0,3532218
page_index,time_cycles
0,1215378
page_index,time_cycles
0,1531690
page_index,time_cycles
0,1431178
page_index,time_cycles
0,3848446
page_index,time_cycles
0,1172206
page_index,time_cycles
0,1386306
page_index,time_cycles
0,2180076
page_index,time_cycles
0,1462690
page_index,time_cycles
0,3923626
page_index,time_cycles
0,3513752
page_index,time_cycles
0,1841644
page_index,time_cycles
0,1347628
page_index,time_cycles
0,1315892
page_index,time_cycles
0,1932852
page_index,time_cycles
0,1461124
page_index,time_cycles
0,1295396
page_index,time_cycles
0,1311340
page_index,time_cycles
0,4064396
page_index,time_cycles
0,3808896
page_index,time_cycles
0,3433092
page_index,time_cycles
0,1168280
page_index,time_cycles
0,1462452
page_index,time_cycles
0,2193718
page_index,time_cycles
0,3644052
page_index,time_cycles
0,1661540
page_index,time_cycles
0,2187190
page_index,time_cycles
0,2092262
page_index,time_cycles
0,1497506
page_index,time_cycles
0,4055742
page_index,time_cycles
0,1366080
page_index,time_cycles
0,1420102
page_index,time_cycles
0,4026864
page_index,time_cycles
0,2227802
page_index,time_cycles
0,4042032
page_index,time_cycles
0,1924230
page_index,time_cycles
0,1168946
page_index,time_cycles
0,1186122
page_index,time_cycles
0,2272114
page_index,time_cycles
0,2238138
page_index,time_cycles
0,1314574
page_index,time_cycles
0,1705950
page_index,time_cycles
0,1213378
page_index,time_cycles
0,2153108
page_index,time_cycles
0,2064840
page_index,time_cycles
0,1205232
page_index,time_cycles
0,3422090
page_index,time_cycles
0,1782366
page_index,time_cycles
0,3948896
page_index,time_cycles
0,3177794
page_index,time_cycles
0,1421646
page_index,time_cycles
0,1298750
page_index,time_cycles
0,1910292
page_index,time_cycles
0,3844096
page_index,time_cycles
0,1459920
page_index,time_cycles
0,1364360
page_index,time_cycles
0,1403604
page_index,time_cycles
0,2231960
page_index,time_cycles
0,2192260
page_index,time_cycles
0,2064444
page_index,time_cycles
0,1781244
page_index,time_cycles
0,1845028
page_index,time_cycles
0,3466482
page_index,time_cycles
0,1438234
page_index,time_cycles
0,3794766
page_index,time_cycles
0,1202366
page_index,time_cycles
0,2930980
page_index,time_cycles
0,1771108
page_index,time_cycles
0,1662332
page_index,time_cycles
0,2089344
page_index,time_cycles
0,3244692
page_index,time_cycles
0,3975736
page_index,time_cycles
0,1452370
page_index,time_cycles
0,2650880
page_index,time_cycles
0,3270958
page_index,time_cycles
0,1307828
page_index,time_cycles
0,3258902
page_index,time_cycles
0,3773984
page_index,time_cycles
0,3805926
page_index,time_cycles
0,2967620
page_index,time_cycles
0,1864358
page_index,time_cycles
0,2209958
page_index,time_cycles
0,1333912
page_index,time_cycles
0,3763104
page_index,time_cycles
0,1550330
page_index,time_cycles
0,2354060
page_index,time_cycles
0,2324998
page_index,time_cycles
0,1180180
page_index,time_cycles
0,1438092
page_index,time_cycles
0,1653958
page_index,time_cycles
0,3083224
page_index,time_cycles
0,1430350
page_index,time_cycles
0,3852578
page_index,time_cycles
0,1785224
page_index,time_cycles
0,2514386
page_index,time_cycles
0,3858018
page_index,time_cycles
0,2479134
page_index,time_cycles
0,3622692
page_index,time_cycles
0,2669630
page_index,time_cycles
0,2911954
page_index,time_cycles
0,1242224
page_index,time_cycles
0,1513482
page_index,time_cycles
0,1523582
page_index,time_cycles
0,3532896
page_index,time_cycles
0,2777216
page_index,time_cycles
0,2995100
page_index,time_cycles
0,3824208
page_index,time_cycles
0,2062960
page_index,time_cycles
0,1317782
page_index,time_cycles
0,3080128
page_index,time_cycles
0,2059302
page_index,time_cycles
0,1197820
page_index,time_cycles
0,1411974
page_index,time_cycles
0,3779072
page_index,time_cycles
0,2137918
page_index,time_cycles
0,2303308
page_index,time_cycles
0,3694932
page_index,time_cycles
0,2597236
page_index,time_cycles
0,2062350
page_index,time_cycles
0,1825858
page_index,time_cycles
0,1611306
page_index,time_cycles
0,1504982
page_index,time_cycles
0,3355346
page_index,time_cycles
0,5411502
page_index,time_cycles
0,1234900
page_index,time_cycles
0,1391056
page_index,time_cycles
0,4310384
page_index,time_cycles
0,1241002
page_index,time_cycles
0,4061840
page_index,time_cycles
0,3884330
page_index,time_cycles
0,1487726
page_index,time_cycles
0,3544372
page_index,time_cycles
0,2092836
page_index,time_cycles
0,1335426
page_index,time_cycles
0,1316782
page_index,time_cycles
0,2359482
page_index,time_cycles
0,2719594
page_index,time_cycles
0,2600264
page_index,time_cycles
0,1182712
page_index,time_cycles
0,1254764
page_index,time_cycles
0,1408868
page_index,time_cycles
0,2983842
page_index,time_cycles
0,1272670
page_index,time_cycles
0,3001028
page_index,time_cycles
0,1488328
page_index,time_cycles
0,3731502
page_index,time_cycles
0,3997830
page_index,time_cycles
0,3160568
page_index,time_cycles
0,1490512
page_index,time_cycles
0,3214996
page_index,time_cycles
0,2273528
page_index,time_cycles
0,2069026
page_index,time_cycles
0,1370640
page_index,time_cycles
0,3229002
page_index,time_cycles
0,3911040
page_index,time_cycles
0,3838550
page_index,time_cycles
0,2177334
page_index,time_cycles
0,1159294
page_index,time_cycles
0,1898582
page_index,time_cycles
0,3168414
page_index,time_cycles
0,1324542
page_index,time_cycles
0,1581580
page_index,time_cycles
0,2527700
page_index,time_cycles
0,2198368
page_index,time_cycles
0,3514232
page_index,time_cycles
0,3779052
page_index,time_cycles
0,2933110
page_index,time_cycles
0,1503992
page_index,time_cycles
0,3447736
page_index,time_cycles
0,1488622
page_index,time_cycles
0,2598714
page_index,time_cycles
0,1986416
page_index,time_cycles
0,2121988
page_index,time_cycles
0,1807838
page_index,time_cycles
0,2993924
page_index,time_cycles
0,1169584
page_index,time_cycles
0,1300182
page_index,time_cycles
0,1162116
page_index,time_cycles
0,3646624
page_index,time_cycles
0,4049560
page_index,time_cycles
0,1900688
page_index,time_cycles
0,2003386
page_index,time_cycles
0,1186188
page_index,time_cycles
0,1590392
page_index,time_cycles
0,2193568
page_index,time_cycles
0,3859624
page_index,time_cycles
0,3725398
page_index,time_cycles
0,1477298
page_index,time_cycles
0,3443672
page_index,time_cycles
0,3441312
page_index,time_cycles
0,2356200
page_index,time_cycles
0,4060272
page_index,time_cycles
0,2355696
page_index,time_cycles
0,3776074
page_index,time_cycles
0,2916658
page_index,time_cycles
0,3458410
page_index,time_cycles
0,2931228
page_index,time_cycles
0,3504598
page_index,time_cycles
0,3464878
page_index,time_cycles
0,1958436
page_index,time_cycles
0,1315402
page_index,time_cycles
0,2030374
page_index,time_cycles
0,1895430
page_index,time_cycles
0,4078632
page_index,time_cycles
0,3805992
page_index,time_cycles
0,1390064
page_index,time_cycles
0,1764098
page_index,time_cycles
0,3527474
page_index,time_cycles
0,2162252
page_index,time_cycles
0,1491812
page_index,time_cycles
0,1317744
page_index,time_cycles
0,3372830
page_index,time_cycles
0,2913096
page_index,time_cycles
0,3032616
page_index,time_cycles
0,3811878
page_index,time_cycles
0,3613396
page_index,time_cycles
0,3557632
page_index,time_cycles
0,2316312
page_index,time_cycles
0,1238032
page_index,time_cycles
0,3274934
page_index,time_cycles
0,2183768
page_index,time_cycles
0,1569148
page_index,time_cycles
0,1684134
page_index,time_cycles
0,4095772
page_index,time_cycles
0,3638246
page_index,time_cycles
0,1368502
page_index,time_cycles
0,3433344
page_index,time_cycles
0,1893722
page_index,time_cycles
0,3895612
page_index,time_cycles
0,4283264
page_index,time_cycles
0,2608316
page_index,time_cycles
0,2358158
page_index,time_cycles
0,2266472
page_index,time_cycles
0,1263364
page_index,time_cycles
0,3703478
page_index,time_cycles
0,2197566
page_index,time_cycles
0,1378248
page_index,time_cycles
0,4238162
page_index,time_cycles
0,1530624
page_index,time_cycles
0,1545260
page_index,time_cycles
0,2620078
page_index,time_cycles
0,3546616
page_index,time_cycles
0,1980822
page_index,time_cycles
0,1606690
page_index,time_cycles
0,1718394
page_index,time_cycles
0,3830026
page_index,time_cycles
0,1412658
page_index,time_cycles
0,1538406
page_index,time_cycles
0,1309988
page_index,time_cycles
0,1241380
page_index,time_cycles
0,2074970
page_index,time_cycles
0,3980022
page_index,time_cycles
0,1549192
page_index,time_cycles
0,1404134
page_index,time_cycles
0,3740142
page_index,time_cycles
0,3599792
page_index,time_cycles
0,2287990
page_index,time_cycles
0,1812460
page_index,time_cycles
0,1263054
page_index,time_cycles
0,3261098
page_index,time_cycles
0,4420726
page_index,time_cycles
0,1220336
page_index,time_cycles
0,4279008
page_index,time_cycles
0,1194818
page_index,time_cycles
0,3371588
page_index,time_cycles
0,3173918
page_index,time_cycles
0,1896962
page_index,time_cycles
0,1268698
page_index,time_cycles
0,2633162
page_index,time_cycles
0,1189584
page_index,time_cycles
0,1246302
page_index,time_cycles
0,1204464
page_index,time_cycles
0,4003926
page_index,time_cycles
0,3416832
page_index,time_cycles
0,4713216
page_index,time_cycles
0,2505544
page_index,time_cycles
0,2085276
page_index,time_cycles
0,1377546
page_index,time_cycles
0,1494580
page_index,time_cycles
0,2031448
page_index,time_cycles
0,2686744
page_index,time_cycles
0,1244862
page_index,time_cycles
0,1165390
page_index,time_cycles
0,3626470
page_index,time_cycles
0,2497794
page_index,time_cycles
0,3144880
page_index,time_cycles
0,2067648
page_index,time_cycles
0,1553592
page_index,time_cycles
0,1321496
page_index,time_cycles
0,2142380
page_index,time_cycles
0,3847004
page_index,time_cycles
0,4263198
page_index,time_cycles
0,4151504
page_index,time_cycles
0,2300288
page_index,time_cycles
0,1869228
page_index,time_cycles
0,2947134
page_index,time_cycles
0,2263266
page_index,time_cycles
0,4267928
page_index,time_cycles
0,1360352
page_index,time_cycles
0,1587710
page_index,time_cycles
0,1632852
page_index,time_cycles
0,2096630
page_index,time_cycles
0,1699402
page_index,time_cycles
0,1588300
page_index,time_cycles
0,3417506
page_index,time_cycles
0,3425078
page_index,time_cycles
0,2923140
page_index,time_cycles
0,3295524
page_index,time_cycles
0,2158396
page_index,time_cycles
0,3151284
page_index,time_cycles
0,1431912
page_index,time_cycles
0,2126600
page_index,time_cycles
0,3411552
page_index,time_cycles
0,1496236
page_index,time_cycles
0,1399384
page_index,time_cycles
0,2211002
page_index,time_cycles
0,1590694
page_index,time_cycles
0,2389110
page_index,time_cycles
0,4489656
page_index,time_cycles
0,3370588
page_index,time_cycles
0,1681634
page_index,time_cycles
0,2062720
page_index,time_cycles
0,1194536
page_index,time_cycles
0,1903518
page_index,time_cycles
0,1552236
page_index,time_cycles
0,1477722
page_index,time_cycles
0,3867978
page_index,time_cycles
0,1331066
page_index,time_cycles
0,8647250
page_index,time_cycles
0,3042660
page_index,time_cycles
0,3971984
page_index,time_cycles
0,1287004
page_index,time_cycles
0,1251836
page_index,time_cycles
0,1191764
page_index,time_cycles
0,1280778
page_index,time_cycles
0,2188692
page_index,time_cycles
0,1462924
page_index,time_cycles
0,1480682
page_index,time_cycles
0,1379292
page_index,time_cycles
0,2373684
page_index,time_cycles
0,3932378
page_index,time_cycles
0,3688188
page_index,time_cycles
0,1333734
page_index,time_cycles
0,3417984
page_index,time_cycles
0,1479088
page_index,time_cycles
0,1985646
page_index,time_cycles
0,2242102
page_index,time_cycles
0,1783896
page_index,time_cycles
0,3500760
page_index,time_cycles
0,1234480
page_index,time_cycles
0,1321158
page_index,time_cycles
0,4158498
page_index,time_cycles
0,1210424
page_index,time_cycles
0,3582006
page_index,time_cycles
0,1641010
page_index,time_cycles
0,1476992
page_index,time_cycles
0,3264072
page_index,time_cycles
0,1480152
page_index,time_cycles
0,1363360
page_index,time_cycles
0,1208508
page_index,time_cycles
0,2188904
page_index,time_cycles
0,4431358
page_index,time_cycles
0,1447990
page_index,time_cycles
0,3361892
page_index,time_cycles
0,1926846
page_index,time_cycles
0,2189254
page_index,time_cycles
0,2307904
page_index,time_cycles
0,3582682
page_index,time_cycles
0,2349970
page_index,time_cycles
0,4502102
page_index,time_cycles
0,2191728
page_index,time_cycles
0,1256106
page_index,time_cycles
0,3900642
page_index,time_cycles
0,1690130
page_index,time_cycles
0,1202148
page_index,time_cycles
0,3288460
page_index,time_cycles
0,3460368
page_index,time_cycles
0,3345810
page_index,time_cycles
0,3469786
page_index,time_cycles
0,4221454
page_index,time_cycles
0,1203688
page_index,time_cycles
0,1291284
page_index,time_cycles
0,4240484
page_index,time_cycles
0,1669480
page_index,time_cycles
0,3392590
page_index,time_cycles
0,2006988
page_index,time_cycles
0,1344456
page_index,time_cycles
0,3085096
page_index,time_cycles
0,1831508
page_index,time_cycles
0,3720026
page_index,time_cycles
0,2117986
page_index,time_cycles
0,2038078
page_index,time_cycles
0,4062392
page_index,time_cycles
0,3586640
page_index,time_cycles
0,4311572
page_index,time_cycles
0,2060808
page_index,time_cycles
0,1254020
page_index,time_cycles
0,1370558
page_index,time_cycles
0,3179228
page_index,time_cycles
0,1178240
page_index,time_cycles
0,1815606
page_index,time_cycles
0,3427534
page_index,time_cycles
0,1525094
page_index,time_cycles
0,1596546
page_index,time_cycles
0,3433332
page_index,time_cycles
0,1376140
page_index,time_cycles
0,3528854
page_index,time_cycles
0,1197112
page_index,time_cycles
0,2238948
page_index,time_cycles
0,3884836
page_index,time_cycles
0,2929690
page_index,time_cycles
0,2869898
page_index,time_cycles
0,1406584
page_index,time_cycles
0,3277952
page_index,time_cycles
0,1783546
page_index,time_cycles
0,1463384
page_index,time_cycles
0,1912330
page_index,time_cycles
0,1254516
page_index,time_cycles
0,2174544
page_index,time_cycles
0,1359606
page_index,time_cycles
0,3812296
page_index,time_cycles
0,1658746
page_index,time_cycles
0,2554534
page_index,time_cycles
0,1790172
page_index,time_cycles
0,1142398
page_index,time_cycles
0,1324416
page_index,time_cycles
0,3864826
page_index,time_cycles
0,3451640
page_index,time_cycles
0,1495060
page_index,time_cycles
0,3321360
page_index,time_cycles
0,2382436
page_index,time_cycles
0,3243962
page_index,time_cycles
0,3591986
page_index,time_cycles
0,1402350
page_index,time_cycles
0,1237204
page_index,time_cycles
0,2144616
page_index,time_cycles
0,3293138
page_index,time_cycles
0,1596182
page_index,time_cycles
0,1205452
page_index,time_cycles
0,3134946
page_index,time_cycles
0,3126398
page_index,time_cycles
0,1487150
page_index,time_cycles
0,3867984
page_index,time_cycles
0,1577896
page_index,time_cycles
0,1240300
page_index,time_cycles
0,3863526
page_index,time_cycles
0,936526
page_index,time_cycles
0,1594738
page_index,time_cycles
0,1207120
page_index,time_cycles
0,2223504
page_index,time_cycles
0,1718058
page_index,time_cycles
0,2800490
page_index,time_cycles
0,1305276
page_index,time_cycles
0,1500188
page_index,time_cycles
0,4193664
page_index,time_cycles
0,3427156
page_index,time_cycles
0,2244758
page_index,time_cycles
0,1813018
page_index,time_cycles
0,2175380
page_index,time_cycles
0,2260148
page_index,time_cycles
0,1621372
page_index,time_cycles
0,3921868
page_index,time_cycles
0,2192046
page_index,time_cycles
0,3691500
page_index,time_cycles
0,3593372
page_index,time_cycles
0,3820644
page_index,time_cycles
0,4836652
page_index,time_cycles
0,3994902
page_index,time_cycles
0,1675468
page_index,time_cycles
0,3308934
page_index,time_cycles
0,3621274
page_index,time_cycles
0,3455354
page_index,time_cycles
0,3317212
page_index,time_cycles
0,2297072
page_index,time_cycles
0,1654782
page_index,time_cycles
0,2339440
page_index,time_cycles
0,4150986
page_index,time_cycles
0,3350094
page_index,time_cycles
0,3650452
page_index,time_cycles
0,1836850
page_index,time_cycles
0,1911044
page_index,time_cycles
0,1485596
page_index,time_cycles
0,2052346
page_index,time_cycles
0,3065972
page_index,time_cycles
0,1388076
page_index,time_cycles
0,1337280
page_index,time_cycles
0,1262156
page_index,time_cycles
0,1624758
page_index,time_cycles
0,3606980
page_index,time_cycles
0,1362216
page_index,time_cycles
0,3333462
page_index,time_cycles
0,1997882
page_index,time_cycles
0,1995158
page_index,time_cycles
0,2308742
page_index,time_cycles
0,2315230
page_index,time_cycles
0,1624600
page_index,time_cycles
0,1243016
page_index,time_cycles
0,3107942
page_index,time_cycles
0,3773650
page_index,time_cycles
0,1304416
page_index,time_cycles
0,3497738
page_index,time_cycles
0,3990154
page_index,time_cycles
0,2961112
page_index,time_cycles
0,2242210
page_index,time_cycles
0,2201134
page_index,time_cycles
0,3280386
page_index,time_cycles
0,1360718
page_index,time_cycles
0,3837808
page_index,time_cycles
0,1395888
page_index,time_cycles
0,2963176
page_index,time_cycles
0,1722502
page_index,time_cycles
0,2404150
page_index,time_cycles
0,3248878
page_index,time_cycles
0,1264812
page_index,time_cycles
0,1497096
page_index,time_cycles
0,4095604
page_index,time_cycles
0,1349292
page_index,time_cycles
0,1214856
page_index,time_cycles
0,1800890
page_index,time_cycles
0,1599040
page_index,time_cycles
0,2070460
page_index,time_cycles
0,2867704
page_index,time_cycles
0,3569306
page_index,time_cycles
0,1214850
page_index,time_cycles
0,1621672
page_index,time_cycles
0,1396698
page_index,time_cycles
0,1220858
page_index,time_cycles
0,1676724
page_index,time_cycles
0,2604212
page_index,time_cycles
0,1193740
page_index,time_cycles
0,3841068
page_index,time_cycles
0,1184606
page_index,time_cycles
0,2979368
page_index,time_cycles
0,2918940
page_index,time_cycles
0,1269100
page_index,time_cycles
0,3943460
page_index,time_cycles
0,1341466
page_index,time_cycles
0,3054758
page_index,time_cycles
0,3433616
page_index,time_cycles
0,2161944
page_index,time_cycles
0,4107392
page_index,time_cycles
0,4041844
page_index,time_cycles
0,1241438
page_index,time_cycles
0,2198744
page_index,time_cycles
0,3915888
page_index,time_cycles
0,1650692
page_index,time_cycles
0,3396874
page_index,time_cycles
0,1672752
page_index,time_cycles
0,3124752
page_index,time_cycles
0,1800080
page_index,time_cycles
0,1911946
page_index,time_cycles
0,3946266
page_index,time_cycles
0,1420914
page_index,time_cycles
0,1909826
page_index,time_cycles
0,2039614
page_index,time_cycles
0,4413706
page_index,time_cycles
0,4373490
page_index,time_cycles
0,3398216
page_index,time_cycles
0,1769978
page_index,time_cycles
0,2371610
page_index,time_cycles
0,1484400
page_index,time_cycles
0,3287778
page_index,time_cycles
0,1774952
page_index,time_cycles
0,1744502
page_index,time_cycles
0,3273206
page_index,time_cycles
0,3656684
page_index,time_cycles
0,1522270
page_index,time_cycles
0,4421210
page_index,time_cycles
0,2002094
page_index,time_cycles
0,1974176
page_index,time_cycles
0,1171780
page_index,time_cycles
0,3418354
page_index,time_cycles
0,3868916
page_index,time_cycles
0,1596376
page_index,time_cycles
0,4007694
page_index,time_cycles
0,3932876
page_index,time_cycles
0,1210176
page_index,time_cycles
0,1257494
page_index,time_cycles
0,1566336
page_index,time_cycles
0,1279568
page_index,time_cycles
0,1943802
page_index,time_cycles
0,1913572
page_index,time_cycles
0,2188766
page_index,time_cycles
0,1207210
page_index,time_cycles
0,2585438
page_index,time_cycles
0,1436282
page_index,time_cycles
0,4026690
page_index,time_cycles
0,3570324
page_index,time_cycles
0,2534000
page_index,time_cycles
0,1443630
page_index,time_cycles
0,3067142
page_index,time_cycles
0,3724664
page_index,time_cycles
0,3963870
page_index,time_cycles
0,3627228
page_index,time_cycles
0,1317412
page_index,time_cycles
0,4198648
page_index,time_cycles
0,1355592
page_index,time_cycles
0,2481906
page_index,time_cycles
0,1336172
page_index,time_cycles
0,3679310
page_index,time_cycles
0,3414118
page_index,time_cycles
0,3789042
page_index,time_cycles
0,4532670
page_index,time_cycles
0,2197880
page_index,time_cycles
0,2677202
page_index,time_cycles
0,3310710
page_index,time_cycles
0,2240040
page_index,time_cycles
0,2198174
page_index,time_cycles
0,3833260
page_index,time_cycles
0,3201556
page_index,time_cycles
0,3296640
page_index,time_cycles
0,2248942
page_index,time_cycles
0,3425280
page_index,time_cycles
0,1235708
page_index,time_cycles
0,1165336
page_index,time_cycles
0,3835054
page_index,time_cycles
0,3727960
page_index,time_cycles
0,1209838
page_index,time_cycles
0,1590490
page_index,time_cycles
0,1267770
page_index,time_cycles
0,3523076
page_index,time_cycles
0,1274778
page_index,time_cycles
0,4062640
page_index,time_cycles
0,3735624
page_index,time_cycles
0,1329124
page_index,time_cycles
0,4269514
page_index,time_cycles
0,2153472
page_index,time_cycles
0,4090532
page_index,time_cycles
0,2009818
page_index,time_cycles
0,1343002
page_index,time_cycles
0,1425020
page_index,time_cycles
0,3511944
page_index,time_cycles
0,1281780
page_index,time_cycles
0,2332800
page_index,time_cycles
0,4046216
page_index,time_cycles
0,2786780
page_index,time_cycles
0,1187400
page_index,time_cycles
0,3341494
page_index,time_cycles
0,1458404
page_index,time_cycles
0,1503460
page_index,time_cycles
0,1257962
page_index,time_cycles
0,2243540
page_index,time_cycles
0,1492066
page_index,time_cycles
0,1496964
page_index,time_cycles
0,1234000
page_index,time_cycles
0,4014360
page_index,time_cycles
0,1471872
page_index,time_cycles
0,3276922
page_index,time_cycles
0,1867538
page_index,time_cycles
0,1903820
page_index,time_cycles
0,1218158
page_index,time_cycles
0,2311070
page_index,time_cycles
0,1493874
page_index,time_cycles
0,4113812
page_index,time_cycles
0,3089014
page_index,time_cycles
0,1219224
page_index,time_cycles
0,1575156
page_index,time_cycles
0,1841440
page_index,time_cycles
0,2656606
page_index,time_cycles
0,1506174
page_index,time_cycles
0,1487664
page_index,time_cycles
0,2193888
page_index,time_cycles
0,4005360
page_index,time_cycles
0,1695822
page_index,time_cycles
0,3951672
page_index,time_cycles
0,1484122
page_index,time_cycles
0,3454624
page_index,time_cycles
0,1619810
page_index,time_cycles
0,3636396
page_index,time_cycles
0,1186144
page_index,time_cycles
0,1244594
page_index,time_cycles
0,3273906
page_index,time_cycles
0,3815304
page_index,time_cycles
0,4150588
page_index,time_cycles
0,3529502
page_index,time_cycles
0,1199378
page_index,time_cycles
0,3498284
page_index,time_cycles
0,1324984
page_index,time_cycles
0,1174356
page_index,time_cycles
0,1170712
page_index,time_cycles
0,2219294
page_index,time_cycles
0,1683588
page_index,time_cycles
0,1295108
page_index,time_cycles
0,1747742
page_index,time_cycles
0,1938212
page_index,time_cycles
0,1318990
page_index,time_cycles
0,2258548
page_index,time_cycles
0,1286220
page_index,time_cycles
0,3537662
page_index,time_cycles
0,1192632
page_index,time_cycles
0,2201488
page_index,time_cycles
0,1689296
page_index,time_cycles
0,1324244
page_index,time_cycles
0,1509850
page_index,time_cycles
0,1525388
page_index,time_cycles
0,1600128
page_index,time_cycles
0,2215980
page_index,time_cycles
0,1736206
page_index,time_cycles
0,3445546
page_index,time_cycles
0,1402530
page_index,time_cycles
0,2242774
page_index,time_cycles
0,1574832
page_index,time_cycles
0,1575690
page_index,time_cycles
0,2076964
page_index,time_cycles
0,2402516
page_index,time_cycles
0,1931320
page_index,time_cycles
0,1249786
page_index,time_cycles
0,3677476
page_index,time_cycles
0,3671854
page_index,time_cycles
0,1399680
page_index,time_cycles
0,1482256
page_index,time_cycles
0,1763266
page_index,time_cycles
0,1174646
page_index,time_cycles
0,2372200
page_index,time_cycles
0,3971750
page_index,time_cycles
0,3362302
page_index,time_cycles
0,1309494
page_index,time_cycles
0,1277516
page_index,time_cycles
0,1326560
page_index,time_cycles
0,1321444
page_index,time_cycles
0,3076436
page_index,time_cycles
0,2920568
page_index,time_cycles
0,1253176
page_index,time_cycles
0,1912322
page_index,time_cycles
0,1211974
page_index,time_cycles
0,1950312
page_index,time_cycles
0,2164476
page_index,time_cycles
0,3277940
page_index,time_cycles
0,2320992
page_index,time_cycles
0,1841116
page_index,time_cycles
0,1603336
page_index,time_cycles
0,1626906
page_index,time_cycles
0,1194970
page_index,time_cycles
0,1551694
page_index,time_cycles
0,1285770
page_index,time_cycles
0,1368082
page_index,time_cycles
0,1167534
page_index,time_cycles
0,1339842
page_index,time_cycles
0,2149518
page_index,time_cycles
0,1284966
page_index,time_cycles
0,1487794
page_index,time_cycles
0,2570150
page_index,time_cycles
0,2091490
page_index,time_cycles
0,1312602
page_index,time_cycles
0,1980452
page_index,time_cycles
0,1220648
page_index,time_cycles
0,1616418
page_index,time_cycles
0,3968802
page_index,time_cycles
0,1168826
page_index,time_cycles
0,3148172
page_index,time_cycles
0,3019804
page_index,time_cycles
0,2937824
page_index,time_cycles
0,1167466
page_index,time_cycles
0,3832174
page_index,time_cycles
0,3844332
page_index,time_cycles
0,3833896
page_index,time_cycles
0,1338182
page_index,time_cycles
0,3789938
page_index,time_cycles
0,3244534
page_index,time_cycles
0,1198820
page_index,time_cycles
0,1979772
page_index,time_cycles
0,1337364
page_index,time_cycles
0,3880138
page_index,time_cycles
0,1616314
page_index,time_cycles
0,3961284
page_index,time_cycles
0,3076960
page_index,time_cycles
0,3577620
page_index,time_cycles
0,2158554
page_index,time_cycles
0,2392348
page_index,time_cycles
0,3448136
page_index,time_cycles
0,1585522
page_index,time_cycles
0,3456902
page_index,time_cycles
0,4032598
page_index,time_cycles
0,1270554
page_index,time_cycles
0,3393560
page_index,time_cycles
0,3631644
page_index,time_cycles
0,2725724
page_index,time_cycles
0,3291614
page_index,time_cycles
0,2151020
page_index,time_cycles
0,3556044
page_index,time_cycles
0,2294804
page_index,time_cycles
0,3893338
page_index,time_cycles
0,1321070
page_index,time_cycles
0,3703700
page_index,time_cycles
0,3750108
page_index,time_cycles
0,2198022
page_index,time_cycles
0,3975716
page_index,time_cycles
0,3854066
page_index,time_cycles
0,3037882
page_index,time_cycles
0,1876014
page_index,time_cycles
0,1178090
page_index,time_cycles
0,1373654
page_index,time_cycles
0,1686922
page_index,time_cycles
0,1228878
page_index,time_cycles
0,1641220
page_index,time_cycles
0,3574666
page_index,time_cycles
0,1182528
page_index,time_cycles
0,1394408
page_index,time_cycles
0,1998514
page_index,time_cycles
0,1280554
page_index,time_cycles
0,1490958
page_index,time_cycles
0,4195624
page_index,time_cycles
0,3328114
page_index,time_cycles
0,1997060
page_index,time_cycles
0,3412216
page_index,time_cycles
0,1453392
page_index,time_cycles
0,1924344
page_index,time_cycles
0,3541510
page_index,time_cycles
0,1167824
page_index,time_cycles
0,3540054
page_index,time_cycles
0,3503668
page_index,time_cycles
0,1313142
page_index,time_cycles
0,3329688
page_index,time_cycles
0,1628364
page_index,time_cycles
0,1280370
page_index,time_cycles
0,3452598
page_index,time_cycles
0,1351148
page_index,time_cycles
0,2303718
page_index,time_cycles
0,1374948
page_index,time_cycles
0,2067614
page_index,time_cycles
0,3712526
page_index,time_cycles
0,1247554
page_index,time_cycles
0,1885388
page_index,time_cycles
0,2364024
page_index,time_cycles
0,2075006
page_index,time_cycles
0,2420814
page_index,time_cycles
0,1837536
page_index,time_cycles
0,3565650
page_index,time_cycles
0,4304512
page_index,time_cycles
0,2402794
page_index,time_cycles
0,1146300
page_index,time_cycles
0,1734240
page_index,time_cycles
0,1741678
page_index,time_cycles
0,1940842
page_index,time_cycles
0,5310150
page_index,time_cycles
0,3106434
page_index,time_cycles
0,1208954
page_index,time_cycles
0,3005878
page_index,time_cycles
0,3495398
page_index,time_cycles
0,1461742
page_index,time_cycles
0,3805670
page_index,time_cycles
0,1329156
page_index,time_cycles
0,1967158
page_index,time_cycles
0,3876902
page_index,time_cycles
0,1367158
page_index,time_cycles
0,3371952
page_index,time_cycles
0,3885178
page_index,time_cycles
0,1237344
page_index,time_cycles
0,1645988
page_index,time_cycles
0,2692252
page_index,time_cycles
0,3187888
page_index,time_cycles
0,2011428
page_index,time_cycles
0,1582268
page_index,time_cycles
0,2433432
page_index,time_cycles
0,2134568
page_index,time_cycles
0,1366140
page_index,time_cycles
0,1577132
page_index,time_cycles
0,1327384
page_index,time_cycles
0,3364644
page_index,time_cycles
0,3810600
page_index,time_cycles
0,1331940
page_index,time_cycles
0,4772102
page_index,time_cycles
0,1388750
page_index,time_cycles
0,3896948
page_index,time_cycles
0,1464442
page_index,time_cycles
0,3187728
page_index,time_cycles
0,1359740
page_index,time_cycles
0,1726792
page_index,time_cycles
0,3590112
page_index,time_cycles
0,4453142
page_index,time_cycles
0,3960144
page_index,time_cycles
0,1515762
page_index,time_cycles
0,2368988
page_index,time_cycles
0,3787954
page_index,time_cycles
0,3384298
page_index,time_cycles
0,1142516
page_index,time_cycles
0,3589832
page_index,time_cycles
0,3306160
page_index,time_cycles
0,3703356
page_index,time_cycles
0,1727444
page_index,time_cycles
0,1384694
page_index,time_cycles
0,1393250
page_index,time_cycles
0,1327172
page_index,time_cycles
0,1195712
page_index,time_cycles
0,3923384
page_index,time_cycles
0,1248414
page_index,time_cycles
0,3396960
page_index,time_cycles
0,3506864
page_index,time_cycles
0,4160108
page_index,time_cycles
0,1246576
page_index,time_cycles
0,1479672
page_index,time_cycles
0,1185114
page_index,time_cycles
0,1194144
page_index,time_cycles
0,3602352
page_index,time_cycles
0,2771796
page_index,time_cycles
0,3735724
page_index,time_cycles
0,1280174
page_index,time_cycles
0,3777692
page_index,time_cycles
0,1377228
page_index,time_cycles
0,2082226
page_index,time_cycles
0,1575410
page_index,time_cycles
0,1969288
page_index,time_cycles
0,2230316
page_index,time_cycles
0,1407884
page_index,time_cycles
0,3409336
page_index,time_cycles
0,1201686
page_index,time_cycles
0,3500976
page_index,time_cycles
0,3226972
page_index,time_cycles
0,4532630
page_index,time_cycles
0,2003720
page_index,time_cycles
0,1592478
page_index,time_cycles
0,1692624
page_index,time_cycles
0,4382354
page_index,time_cycles
0,3461792
page_index,time_cycles
0,3693744
page_index,time_cycles
0,3914488
page_index,time_cycles
0,1477428
page_index,time_cycles
0,2630394
page_index,time_cycles
0,3688912
page_index,time_cycles
0,3310932
page_index,time_cycles
0,1415194
page_index,time_cycles
0,3444320
page_index,time_cycles
0,1541930
page_index,time_cycles
0,3012726
page_index,time_cycles
0,1261624
page_index,time_cycles
0,1357824
page_index,time_cycles
0,3575174
page_index,time_cycles
0,1425988
page_index,time_cycles
0,4967436
page_index,time_cycles
0,1326346
page_index,time_cycles
0,2326784
page_index,time_cycles
0,2152196
page_index,time_cycles
0,3099066
page_index,time_cycles
0,1444472
page_index,time_cycles
0,3655610
page_index,time_cycles
0,1236094
page_index,time_cycles
0,1614666
page_index,time_cycles
0,1256034
page_index,time_cycles
0,3588740
page_index,time_cycles
0,1475614
page_index,time_cycles
0,1356848
page_index,time_cycles
0,3505430
page_index,time_cycles
0,4399124
page_index,time_cycles
0,2244664
page_index,time_cycles
0,3377298
page_index,time_cycles
0,4197960
page_index,time_cycles
0,1245300
page_index,time_cycles
0,4446460
page_index,time_cycles
0,3001756
page_index,time_cycles
0,1191454
page_index,time_cycles
0,4114078
page_index,time_cycles
0,1450126
page_index,time_cycles
0,1730598
page_index,time_cycles
0,4056598
page_index,time_cycles
0,1300092
page_index,time_cycles
0,2200544
page_index,time_cycles
0,1482994
page_index,time_cycles
0,1730536
page_index,time_cycles
0,1821268
page_index,time_cycles
0,2099136
page_index,time_cycles
0,6956348
page_index,time_cycles
0,2060232
page_index,time_cycles
0,1394500
page_index,time_cycles
0,3372638
page_index,time_cycles
0,1367894
page_index,time_cycles
0,1347906
page_index,time_cycles
0,3985992
page_index,time_cycles
0,3725668
page_index,time_cycles
0,1507618
page_index,time_cycles
0,2265152
page_index,time_cycles
0,1266822
page_index,time_cycles
0,1731230
page_index,time_cycles
0,3306462
page_index,time_cycles
0,3923118
page_index,time_cycles
0,3264764
page_index,time_cycles
0,1245394
page_index,time_cycles
0,1273100
page_index,time_cycles
0,3914508
page_index,time_cycles
0,4186952
page_index,time_cycles
0,1595272
page_index,time_cycles
0,1437368
page_index,time_cycles
0,1657918
page_index,time_cycles
0,3022148
page_index,time_cycles
0,1356430
page_index,time_cycles
0,2298702
page_index,time_cycles
0,1538514
page_index,time_cycles
0,1337972
page_index,time_cycles
0,2676896
page_index,time_cycles
0,1958438
page_index,time_cycles
0,1451490
page_index,time_cycles
0,1374196
page_index,time_cycles
0,1518428
page_index,time_cycles
0,3617954
page_index,time_cycles
0,3322178
page_index,time_cycles
0,1977016
page_index,time_cycles
0,2031772
page_index,time_cycles
0,3912964
page_index,time_cycles
0,2350406
page_index,time_cycles
0,1461994
page_index,time_cycles
0,2985078
page_index,time_cycles
0,3497048
page_index,time_cycles
0,4286498
page_index,time_cycles
0,2940042
page_index,time_cycles
0,4215390
page_index,time_cycles
0,3740468
page_index,time_cycles
0,1423810
page_index,time_cycles
0,1171508
page_index,time_cycles
0,1311340
page_index,time_cycles
0,3879900
page_index,time_cycles
0,4063528
page_index,time_cycles
0,1334866
page_index,time_cycles
0,1417086
page_index,time_cycles
0,3166398
page_index,time_cycles
0,3368736
page_index,time_cycles
0,1811278
page_index,time_cycles
0,2611190
page_index,time_cycles
0,1398252
page_index,time_cycles
0,1586650
page_index,time_cycles
0,3894912
page_index,time_cycles
0,1170538
page_index,time_cycles
0,1432908
page_index,time_cycles
0,4053840
page_index,time_cycles
0,1978154
page_index,time_cycles
0,1553698
page_index,time_cycles
0,1395264
page_index,time_cycles
0,1342480
page_index,time_cycles
0,2018672
page_index,time_cycles
0,3470278
page_index,time_cycles
0,1402878
page_index,time_cycles
0,1480458
page_index,time_cycles
0,2906968
page_index,time_cycles
0,1217060
page_index,time_cycles
0,1762658
page_index,time_cycles
0,3853794
page_index,time_cycles
0,1504362
page_index,time_cycles
0,3485578
page_index,time_cycles
0,4051374
page_index,time_cycles
0,3499404
page_index,time_cycles
0,4079650
page_index,time_cycles
0,1255748
page_index,time_cycles
0,1549234
page_index,time_cycles
0,1820246
page_index,time_cycles
0,1419740
page_index,time_cycles
0,2528366
page_index,time_cycles
0,1393992
page_index,time_cycles
0,1357480
page_index,time_cycles
0,3773750
page_index,time_cycles
0,3285772
page_index,time_cycles
0,3475200
page_index,time_cycles
0,1598134
page_index,time_cycles
0,1916932
page_index,time_cycles
0,1269760
page_index,time_cycles
0,1144438
page_index,time_cycles
0,2543358
page_index,time_cycles
0,1276146
page_index,time_cycles
0,1333124
page_index,time_cycles
0,1235408
page_index,time_cycles
0,1303662
page_index,time_cycles
0,3270642
page_index,time_cycles
0,4102268
page_index,time_cycles
0,3879686
page_index,time_cycles
0,3694860
page_index,time_cycles
0,1192838
page_index,time_cycles
0,3496040
page_index,time_cycles
0,2620232
page_index,time_cycles
0,1549284
page_index,time_cycles
0,3681784
page_index,time_cycles
0,3729484
page_index,time_cycles
0,2714116
page_index,time_cycles
0,1317964
page_index,time_cycles
0,4247066
page_index,time_cycles
0,3630668
page_index,time_cycles
0,3290732
page_index,time_cycles
0,3671578
page_index,time_cycles
0,1309294
page_index,time_cycles
0,4018520
page_index,time_cycles
0,1284494
page_index,time_cycles
0,1903222
page_index,time_cycles
0,3629332
page_index,time_cycles
0,4436832
page_index,time_cycles
0,1163520
page_index,time_cycles
0,1622332
page_index,time_cycles
0,2288192
page_index,time_cycles
0,1788080
page_index,time_cycles
0,1406318
page_index,time_cycles
0,2709656
page_index,time_cycles
0,2739552
page_index,time_cycles
0,3754274
page_index,time_cycles
0,1383938
page_index,time_cycles
0,1556406
page_index,time_cycles
0,2507160
page_index,time_cycles
0,2203600
page_index,time_cycles
0,1622704
page_index,time_cycles
0,3301026
page_index,time_cycles
0,2722942
page_index,time_cycles
0,2486354
page_index,time_cycles
0,3417526
page_index,time_cycles
0,1184386
page_index,time_cycles
0,1475360
page_index,time_cycles
0,2244790
page_index,time_cycles
0,3928508
page_index,time_cycles
0,3604908
page_index,time_cycles
0,1299904
page_index,time_cycles
0,1278638
page_index,time_cycles
0,1869376
page_index,time_cycles
0,2414002
page_index,time_cycles
0,1286152
page_index,time_cycles
0,1296112
page_index,time_cycles
0,2940248
page_index,time_cycles
0,3218336
page_index,time_cycles
0,1130722
page_index,time_cycles
0,1230868
page_index,time_cycles
0,1778516
page_index,time_cycles
0,1215044
page_index,time_cycles
0,1262150
page_index,time_cycles
0,1309864
page_index,time_cycles
0,3690094
page_index,time_cycles
0,1331370
page_index,time_cycles
0,3820914
page_index,time_cycles
0,3668046
page_index,time_cycles
0,1330422
page_index,time_cycles
0,2615286
page_index,time_cycles
0,3487948
page_index,time_cycles
0,3800202
page_index,time_cycles
0,3436044
page_index,time_cycles
0,4523550
page_index,time_cycles
0,1838088
page_index,time_cycles
0,1228414
page_index,time_cycles
0,4244024
page_index,time_cycles
0,1970226
page_index,time_cycles
0,3436688
page_index,time_cycles
0,1947900
page_index,time_cycles
0,1172566
page_index,time_cycles
0,3941484
page_index,time_cycles
0,1193958
page_index,time_cycles
0,3498944
page_index,time_cycles
0,2331428
page_index,time_cycles
0,2443478
page_index,time_cycles
0,1546002
page_index,time_cycles
0,3577526
page_index,time_cycles
0,3451832
page_index,time_cycles
0,2611278
page_index,time_cycles
0,4228406
page_index,time_cycles
0,1192000
page_index,time_cycles
0,3711398
page_index,time_cycles
0,4559972
page_index,time_cycles
0,2836232
page_index,time_cycles
0,1381242
page_index,time_cycles
0,2227472
page_index,time_cycles
0,1890680
page_index,time_cycles
0,2039472
page_index,time_cycles
0,4309120
page_index,time_cycles
0,3512278
page_index,time_cycles
0,1441270
page_index,time_cycles
0,1329180
page_index,time_cycles
0,1174216
page_index,time_cycles
0,1298298
page_index,time_cycles
0,1379556
page_index,time_cycles
0,1885854
page_index,time_cycles
0,1206016
page_index,time_cycles
0,3356774
page_index,time_cycles
0,3287854
page_index,time_cycles
0,1551400
page_index,time_cycles
0,3968076
page_index,time_cycles
0,1200320
page_index,time_cycles
0,1640040
page_index,time_cycles
0,3165584
page_index,time_cycles
0,3959758
page_index,time_cycles
0,3624366
page_index,time_cycles
0,2008318
page_index,time_cycles
0,1231852
page_index,time_cycles
0,3581310
page_index,time_cycles
0,1422846
page_index,time_cycles
0,1323532
page_index,time_cycles
0,1273830
page_index,time_cycles
0,1555808
page_index,time_cycles
0,2382192
page_index,time_cycles
0,2743604
page_index,time_cycles
0,1400724
page_index,time_cycles
0,1926458
page_index,time_cycles
0,1259868
page_index,time_cycles
0,2060440
page_index,time_cycles
0,1420600
page_index,time_cycles
0,1485184
page_index,time_cycles
0,2358440
page_index,time_cycles
0,1268224
page_index,time_cycles
0,1266940
page_index,time_cycles
0,1281786
page_index,time_cycles
0,1553732
page_index,time_cycles
0,3595704
page_index,time_cycles
0,3512284
page_index,time_cycles
0,3195662
page_index,time_cycles
0,1193448
page_index,time_cycles
0,2154758
page_index,time_cycles
0,3737868
page_index,time_cycles
0,2306446
page_index,time_cycles
0,1134508
page_index,time_cycles
0,1989084
page_index,time_cycles
0,3328978
page_index,time_cycles
0,2266818
page_index,time_cycles
0,2636268
page_index,time_cycles
0,3816692
page_index,time_cycles
0,1653892
page_index,time_cycles
0,3331568
page_index,time_cycles
0,3261714
page_index,time_cycles
0,1549630
page_index,time_cycles
0,2605978
page_index,time_cycles
0,2031138
page_index,time_cycles
0,3971910
page_index,time_cycles
0,1342666
page_index,time_cycles
0,3112636
page_index,time_cycles
0,1656410
page_index,time_cycles
0,1325634
page_index,time_cycles
0,1184830
page_index,time_cycles
0,1184334
page_index,time_cycles
0,1616746
page_index,time_cycles
0,2570380
page_index,time_cycles
0,3589014
page_index,time_cycles
0,2115868
page_index,time_cycles
0,3869126
page_index,time_cycles
0,3367220
page_index,time_cycles
0,1412616
page_index,time_cycles
0,2159218
page_index,time_cycles
0,1499090
page_index,time_cycles
0,2368214
page_index,time_cycles
0,1742724
page_index,time_cycles
0,2572086
page_index,time_cycles
0,1238064
page_index,time_cycles
0,1205262
page_index,time_cycles
0,1455332
page_index,time_cycles
0,1290358
page_index,time_cycles
0,1522682
page_index,time_cycles
0,1293052
page_index,time_cycles
0,1235652
page_index,time_cycles
0,2109656
page_index,time_cycles
0,1342052
page_index,time_cycles
0,3306282
page_index,time_cycles
0,2133494
page_index,time_cycles
0,3641232
page_index,time_cycles
0,1138164
page_index,time_cycles
0,4140880
page_index,time_cycles
0,1289886
page_index,time_cycles
0,3734386
page_index,time_cycles
0,1211484
page_index,time_cycles
0,1935050
page_index,time_cycles
0,3573236
page_index,time_cycles
0,1431308
page_index,time_cycles
0,3801472
page_index,time_cycles
0,1317664
page_index,time_cycles
0,3651130
page_index,time_cycles
0,1232216
page_index,time_cycles
0,4044930
page_index,time_cycles
0,1560102
page_index,time_cycles
0,1616892
page_index,time_cycles
0,7132278
page_index,time_cycles
0,4470922
page_index,time_cycles
0,1229640
page_index,time_cycles
0,1168402
page_index,time_cycles
0,1879176
page_index,time_cycles
0,1434746
page_index,time_cycles
0,1525008
page_index,time_cycles
0,1166178
page_index,time_cycles
0,4210708
page_index,time_cycles
0,2401936
page_index,time_cycles
0,4023840
page_index,time_cycles
0,1319980
page_index,time_cycles
0,1407494
page_index,time_cycles
0,4056170
page_index,time_cycles
0,3969962
page_index,time_cycles
0,3525922
page_index,time_cycles
0,1288290
page_index,time_cycles
0,3578006
page_index,time_cycles
0,1615108
page_index,time_cycles
0,2337010
page_index,time_cycles
0,1371728
page_index,time_cycles
0,1316542
page_index,time_cycles
0,3609888
page_index,time_cycles
0,1758474
page_index,time_cycles
0,2887230
page_index,time_cycles
0,1469108
page_index,time_cycles
0,3336330
page_index,time_cycles
0,3760800
page_index,time_cycles
0,1157452
page_index,time_cycles
0,1687704
page_index,time_cycles
0,3127580
page_index,time_cycles
0,1981526
page_index,time_cycles
0,1404952
page_index,time_cycles
0,1243936
page_index,time_cycles
0,3783732
page_index,time_cycles
0,1403636
page_index,time_cycles
0,1676354
page_index,time_cycles
0,1192316
page_index,time_cycles
0,1724176
page_index,time_cycles
0,2070930
page_index,time_cycles
0,1201764
page_index,time_cycles
0,3405808
page_index,time_cycles
0,3552326
page_index,time_cycles
0,1895440
page_index,time_cycles
0,2182226
page_index,time_cycles
0,3901876
page_index,time_cycles
0,1317074
page_index,time_cycles
0,3606866
page_index,time_cycles
0,1437528
page_index,time_cycles
0,1280088
page_index,time_cycles
0,4203610
page_index,time_cycles
0,4437474
page_index,time_cycles
0,3297454
page_index,time_cycles
0,2209130
page_index,time_cycles
0,1304074
page_index,time_cycles
0,1176164
page_index,time_cycles
0,1352330
page_index,time_cycles
0,1170230
page_index,time_cycles
0,1978104
page_index,time_cycles
0,3817912
page_index,time_cycles
0,3625976
page_index,time_cycles
0,1518030
page_index,time_cycles
0,3373708
page_index,time_cycles
0,1313516
page_index,time_cycles
0,2607770
page_index,time_cycles
0,1217752
page_index,time_cycles
0,1602410
page_index,time_cycles
0,1234608
page_index,time_cycles
0,1215034
page_index,time_cycles
0,3561332
page_index,time_cycles
0,3539950
page_index,time_cycles
0,1180088
page_index,time_cycles
0,1311078
page_index,time_cycles
0,1311186
page_index,time_cycles
0,1908912
page_index,time_cycles
0,1204172
page_index,time_cycles
0,2702980
page_index,time_cycles
0,1522802
page_index,time_cycles
0,2007994
page_index,time_cycles
0,3403706
page_index,time_cycles
0,1469486
page_index,time_cycles
0,1335746
page_index,time_cycles
0,2172548
page_index,time_cycles
0,5389426
page_index,time_cycles
0,1427672
page_index,time_cycles
0,4602386
page_index,time_cycles
0,1379516
page_index,time_cycles
0,3016738
page_index,time_cycles
0,1628202
page_index,time_cycles
0,2033306
page_index,time_cycles
0,1643158
page_index,time_cycles
0,1318728
page_index,time_cycles
0,3779202
page_index,time_cycles
0,1362904
page_index,time_cycles
0,1416320
page_index,time_cycles
0,1643940
page_index,time_cycles
0,1310312
page_index,time_cycles
0,3340332
page_index,time_cycles
0,1873872
page_index,time_cycles
0,2219496
page_index,time_cycles
0,3588748
page_index,time_cycles
0,2566744
page_index,time_cycles
0,2535498
page_index,time_cycles
0,3202126
page_index,time_cycles
0,3691172
page_index,time_cycles
0,3247402
page_index,time_cycles
0,1321696
page_index,time_cycles
0,3652494
page_index,time_cycles
0,1288272
page_index,time_cycles
0,4105786
page_index,time_cycles
0,1414428
page_index,time_cycles
0,2023472
page_index,time_cycles
0,2805424
page_index,time_cycles
0,1996016
page_index,time_cycles
0,3339568
page_index,time_cycles
0,3632468
page_index,time_cycles
0,2388024
page_index,time_cycles
0,1566768
page_index,time_cycles
0,3639240
page_index,time_cycles
0,2378992
page_index,time_cycles
0,1625966
page_index,time_cycles
0,1476858
page_index,time_cycles
0,1906482
page_index,time_cycles
0,2709330
page_index,time_cycles
0,2900068
page_index,time_cycles
0,1369478
page_index,time_cycles
0,1371052
page_index,time_cycles
0,3416380
page_index,time_cycles
0,1397572
page_index,time_cycles
0,4681488
page_index,time_cycles
0,1592524
page_index,time_cycles
0,1545438
page_index,time_cycles
0,1667592
page_index,time_cycles
0,1267480
page_index,time_cycles
0,2234622
page_index,time_cycles
0,1985872
page_index,time_cycles
0,1467806
page_index,time_cycles
0,2688078
page_index,time_cycles
0,3629740
page_index,time_cycles
0,1167036
page_index,time_cycles
0,1672286
page_index,time_cycles
0,1513640
page_index,time_cycles
0,4146024
page_index,time_cycles
0,2321538
page_index,time_cycles
0,2282552
page_index,time_cycles
0,1303246
page_index,time_cycles
0,1554574
page_index,time_cycles
0,2663510
page_index,time_cycles
0,1459956
page_index,time_cycles
0,3539744
page_index,time_cycles
0,1394270
page_index,time_cycles
0,4015860
page_index,time_cycles
0,1460056
page_index,time_cycles
0,3440514
page_index,time_cycles
0,2226970
page_index,time_cycles
0,1337860
page_index,time_cycles
0,3579316
page_index,time_cycles
0,1930554
page_index,time_cycles
0,3484456
page_index,time_cycles
0,3492654
page_index,time_cycles
0,1263266
page_index,time_cycles
0,1951194
page_index,time_cycles
0,1671108
page_index,time_cycles
0,2325246
page_index,time_cycles
0,1423560
page_index,time_cycles
0,3340032
page_index,time_cycles
0,2276744
page_index,time_cycles
0,3199032
page_index,time_cycles
0,1397190
page_index,time_cycles
0,1400444
page_index,time_cycles
0,1311710
page_index,time_cycles
0,3999072
page_index,time_cycles
0,1469428
page_index,time_cycles
0,3510370
page_index,time_cycles
0,1268956
page_index,time_cycles
0,2168516
page_index,time_cycles
0,2157380
page_index,time_cycles
0,3247342
page_index,time_cycles
0,3511588
page_index,time_cycles
0,1214092
page_index,time_cycles
0,2468404
page_index,time_cycles
0,3431616
page_index,time_cycles
0,1665408
page_index,time_cycles
0,1547318
page_index,time_cycles
0,1652550
page_index,time_cycles
0,1329634
page_index,time_cycles
0,2099728
page_index,time_cycles
0,3506080
page_index,time_cycles
0,1512240
page_index,time_cycles
0,3222678
page_index,time_cycles
0,1499054
page_index,time_cycles
0,4434940
page_index,time_cycles
0,1185646
page_index,time_cycles
0,4178120
page_index,time_cycles
0,4140872
page_index,time_cycles
0,3480730
page_index,time_cycles
0,1273090
page_index,time_cycles
0,2536692
page_index,time_cycles
0,2093112
page_index,time_cycles
0,2062790
page_index,time_cycles
0,1247182
page_index,time_cycles
0,2641508
page_index,time_cycles
0,1537150
page_index,time_cycles
0,1328872
page_index,time_cycles
0,2403918
page_index,time_cycles
0,4171096
page_index,time_cycles
0,3413484
page_index,time_cycles
0,1995806
page_index,time_cycles
0,1303594
page_index,time_cycles
0,7227522
page_index,time_cycles
0,1453076
page_index,time_cycles
0,1658258
page_index,time_cycles
0,3487200
page_index,time_cycles
0,1571916
page_index,time_cycles
0,1731410
page_index,time_cycles
0,3327086
page_index,time_cycles
0,1369614
page_index,time_cycles
0,1433418
page_index,time_cycles
0,1301732
page_index,time_cycles
0,3650550
page_index,time_cycles
0,1934948
page_index,time_cycles
0,3057716
page_index,time_cycles
0,3389756
page_index,time_cycles
0,1847468
page_index,time_cycles
0,4250122
page_index,time_cycles
0,1569688
page_index,time_cycles
0,1302046
page_index,time_cycles
0,3963524
page_index,time_cycles
0,1589358
page_index,time_cycles
0,1641154
page_index,time_cycles
0,3566498
page_index,time_cycles
0,3464272
page_index,time_cycles
0,3818674
page_index,time_cycles
0,1262330
page_index,time_cycles
0,1988122
page_index,time_cycles
0,1332366
page_index,time_cycles
0,2334710
page_index,time_cycles
0,2624328
page_index,time_cycles
0,1475296
page_index,time_cycles
0,1389868
page_index,time_cycles
0,2101708
page_index,time_cycles
0,1638086
page_index,time_cycles
0,3494866
page_index,time_cycles
0,1342150
page_index,time_cycles
0,3412766
page_index,time_cycles
0,4034284
page_index,time_cycles
0,1181808
page_index,time_cycles
0,3478836
page_index,time_cycles
0,2005124
page_index,time_cycles
0,3429274
page_index,time_cycles
0,6368880
page_index,time_cycles
0,1321992
page_index,time_cycles
0,1346298
page_index,time_cycles
0,1539428
page_index,time_cycles
0,2041336
page_index,time_cycles
0,3486360
page_index,time_cycles
0,1191208
page_index,time_cycles
0,3039526
page_index,time_cycles
0,3832570
page_index,time_cycles
0,3572706
page_index,time_cycles
0,4237440
page_index,time_cycles
0,1315430
page_index,time_cycles
0,1510602
page_index,time_cycles
0,3695024
page_index,time_cycles
0,3915852
page_index,time_cycles
0,1359138
page_index,time_cycles
0,3924606
page_index,time_cycles
0,1330664
page_index,time_cycles
0,1248840
page_index,time_cycles
0,1652390
page_index,time_cycles
0,4162286
page_index,time_cycles
0,3045216
page_index,time_cycles
0,3852702
page_index,time_cycles
0,1355402
page_index,time_cycles
0,1369896
page_index,time_cycles
0,1527006
page_index,time_cycles
0,2045956
page_index,time_cycles
0,3693760
page_index,time_cycles
0,3314280
page_index,time_cycles
0,1334304
page_index,time_cycles
0,1395282
page_index,time_cycles
0,2348618
page_index,time_cycles
0,1971658
page_index,time_cycles
0,1362554
page_index,time_cycles
0,3538430
page_index,time_cycles
0,1570660
page_index,time_cycles
0,2970902
page_index,time_cycles
0,1480452
page_index,time_cycles
0,1949542
page_index,time_cycles
0,1576348
page_index,time_cycles
0,1541672
page_index,time_cycles
0,1177220
page_index,time_cycles
0,2792752
page_index,time_cycles
0,1325414
page_index,time_cycles
0,2163998
page_index,time_cycles
0,2228956
page_index,time_cycles
0,3954336
page_index,time_cycles
0,1302462
page_index,time_cycles
0,1201320
page_index,time_cycles
0,1303020
page_index,time_cycles
0,1728370
page_index,time_cycles
0,3044364
page_index,time_cycles
0,3935586
page_index,time_cycles
0,1622310
page_index,time_cycles
0,3915484
page_index,time_cycles
0,1304838
page_index,time_cycles
0,1295346
page_index,time_cycles
0,1211544
page_index,time_cycles
0,1424630
page_index,time_cycles
0,3545086
page_index,time_cycles
0,1202030
page_index,time_cycles
0,2383650
page_index,time_cycles
0,1445412
page_index,time_cycles
0,1460684
page_index,time_cycles
0,1442460
page_index,time_cycles
0,3698338
page_index,time_cycles
0,2613864
page_index,time_cycles
0,1414730
page_index,time_cycles
0,1375902
page_index,time_cycles
0,1465266
page_index,time_cycles
0,3202414
page_index,time_cycles
0,3154922
page_index,time_cycles
0,3230776
page_index,time_cycles
0,1499282
page_index,time_cycles
0,3462240
page_index,time_cycles
0,4342024
page_index,time_cycles
0,1394670
page_index,time_cycles
0,1493634
page_index,time_cycles
0,1379902
page_index,time_cycles
0,1981028
page_index,time_cycles
0,1199028
page_index,time_cycles
0,1223798
page_index,time_cycles
0,4259582
page_index,time_cycles
0,4036776
page_index,time_cycles
0,3422940
page_index,time_cycles
0,1182116
page_index,time_cycles
0,1564854
page_index,time_cycles
0,1562876
page_index,time_cycles
0,2612916
page_index,time_cycles
0,1132680
page_index,time_cycles
0,3860938
page_index,time_cycles
0,3770456
page_index,time_cycles
0,3810324
page_index,time_cycles
0,1348502
page_index,time_cycles
0,1305390
page_index,time_cycles
0,1292658
page_index,time_cycles
0,2061636
page_index,time_cycles
0,1200108
page_index,time_cycles
0,2155514
page_index,time_cycles
0,1601312
page_index,time_cycles
0,2195106
page_index,time_cycles
0,2196768
page_index,time_cycles
0,2004326
page_index,time_cycles
0,1314622
page_index,time_cycles
0,2711440
page_index,time_cycles
0,1833856
page_index,time_cycles
0,2598164
page_index,time_cycles
0,2856980
page_index,time_cycles
0,4113392
page_index,time_cycles
0,1273120
page_index,time_cycles
0,1436768
page_index,time_cycles
0,1280526
page_index,time_cycles
0,1546748
page_index,time_cycles
0,1722896
page_index,time_cycles
0,1366756
page_index,time_cycles
0,1996738
page_index,time_cycles
0,1309688
page_index,time_cycles
0,2456002
page_index,time_cycles
0,2368756
page_index,time_cycles
0,1696492
page_index,time_cycles
0,1515618
page_index,time_cycles
0,1207440
page_index,time_cycles
0,3310764
page_index,time_cycles
0,1221486
page_index,time_cycles
0,2744314
page_index,time_cycles
0,1175260
page_index,time_cycles
0,5489874
page_index,time_cycles
0,2379020
page_index,time_cycles
0,2399970
page_index,time_cycles
0,3235316
page_index,time_cycles
0,1175696
page_index,time_cycles
0,3113572
page_index,time_cycles
0,3877516
page_index,time_cycles
0,1207830
page_index,time_cycles
0,3559028
page_index,time_cycles
0,3764244
page_index,time_cycles
0,3629356
page_index,time_cycles
0,2367148
page_index,time_cycles
0,2148196
page_index,time_cycles
0,1210204
page_index,time_cycles
0,1305592
page_index,time_cycles
0,1422542
page_index,time_cycles
0,3863432
page_index,time_cycles
0,4081006
page_index,time_cycles
0,1499318
page_index,time_cycles
0,2488496
page_index,time_cycles
0,3132978
page_index,time_cycles
0,1243942
page_index,time_cycles
0,3518080
page_index,time_cycles
0,1196910
page_index,time_cycles
0,1838870
page_index,time_cycles
0,4072918
page_index,time_cycles
0,1317740
page_index,time_cycles
0,4261428
page_index,time_cycles
0,3358308
page_index,time_cycles
0,3498470
page_index,time_cycles
0,1950592
page_index,time_cycles
0,1434618
page_index,time_cycles
0,1692156
page_index,time_cycles
0,2105732
page_index,time_cycles
0,1489266
page_index,time_cycles
0,1633804
page_index,time_cycles
0,1171530
page_index,time_cycles
0,4268812
page_index,time_cycles
0,1497392
page_index,time_cycles
0,2054230
page_index,time_cycles
0,1534950
page_index,time_cycles
0,3360382
page_index,time_cycles
0,2151624
page_index,time_cycles
0,2216424
page_index,time_cycles
0,2403426
page_index,time_cycles
0,3016296
page_index,time_cycles
0,1512892
page_index,time_cycles
0,1336442
page_index,time_cycles
0,1532620
page_index,time_cycles
0,1322634
page_index,time_cycles
0,1550494
page_index,time_cycles
0,3281678
page_index,time_cycles
0,1901586
page_index,time_cycles
0,2419862
page_index,time_cycles
0,2571382
page_index,time_cycles
0,3783232
page_index,time_cycles
0,1196454
page_index,time_cycles
0,1415604
page_index,time_cycles
0,4449776
page_index,time_cycles
0,3610668
page_index,time_cycles
0,2175988
page_index,time_cycles
0,1186202
page_index,time_cycles
0,1308664
page_index,time_cycles
0,3771294
page_index,time_cycles
0,2033480
page_index,time_cycles
0,1538146
page_index,time_cycles
0,1841228
page_index,time_cycles
0,3031500
page_index,time_cycles
0,2016112
page_index,time_cycles
0,2766380
page_index,time_cycles
0,3602200
page_index,time_cycles
0,3731506
page_index,time_cycles
0,3504422
page_index,time_cycles
0,1462364
page_index,time_cycles
0,1416026
page_index,time_cycles
0,3322658
page_index,time_cycles
0,2364730
page_index,time_cycles
0,3552884
page_index,time_cycles
0,2715148
page_index,time_cycles
0,4504896
page_index,time_cycles
0,1303382
page_index,time_cycles
0,2135820
page_index,time_cycles
0,1584064
page_index,time_cycles
0,3152618
page_index,time_cycles
0,3661996
page_index,time_cycles
0,4419874
page_index,time_cycles
0,1433408
page_index,time_cycles
0,3823678
page_index,time_cycles
0,2730012
page_index,time_cycles
0,2246824
page_index,time_cycles
0,1860134
page_index,time_cycles
0,2588374
page_index,time_cycles
0,1187920
page_index,time_cycles
0,3637412
page_index,time_cycles
0,3547470
page_index,time_cycles
0,3312814
page_index,time_cycles
0,1418816
page_index,time_cycles
0,3845252
page_index,time_cycles
0,2187374
page_index,time_cycles
0,3436168
page_index,time_cycles
0,2112058
page_index,time_cycles
0,1365746
page_index,time_cycles
0,3109498
page_index,time_cycles
0,1890906
page_index,time_cycles
0,1604024
page_index,time_cycles
0,1643998
page_index,time_cycles
0,3578990
page_index,time_cycles
0,3939072
page_index,time_cycles
0,1470256
page_index,time_cycles
0,1994970
page_index,time_cycles
0,3424550
page_index,time_cycles
0,3915006
page_index,time_cycles
0,3864312
page_index,time_cycles
0,4275262
page_index,time_cycles
0,3262632
page_index,time_cycles
0,3205178
page_index,time_cycles
0,2084920
page_index,time_cycles
0,1685136
page_index,time_cycles
0,1746086
page_index,time_cycles
0,1537668
page_index,time_cycles
0,4484586
page_index,time_cycles
0,4080020
page_index,time_cycles
0,3747326
page_index,time_cycles
0,1274038
page_index,time_cycles
0,1251012
page_index,time_cycles
0,3683922
page_index,time_cycles
0,3742864
page_index,time_cycles
0,3929086
page_index,time_cycles
0,4258328
page_index,time_cycles
0,1652256
page_index,time_cycles
0,1862506
page_index,time_cycles
0,3657152
page_index,time_cycles
0,1511036
page_index,time_cycles
0,2575160
page_index,time_cycles
0,1808542
page_index,time_cycles
0,1721546
page_index,time_cycles
0,3461428
page_index,time_cycles
0,3390460
page_index,time_cycles
0,1222860
page_index,time_cycles
0,1476688
page_index,time_cycles
0,1366810
page_index,time_cycles
0,3554552
page_index,time_cycles
0,1500392
page_index,time_cycles
0,3812092
page_index,time_cycles
0,1625144
page_index,time_cycles
0,3712774
page_index,time_cycles
0,3771828
page_index,time_cycles
0,1937052
page_index,time_cycles
0,1521060
page_index,time_cycles
0,1399202
page_index,time_cycles
0,1291740
page_index,time_cycles
0,1919866
page_index,time_cycles
0,1251148
page_index,time_cycles
0,1337194
page_index,time_cycles
0,3711802
page_index,time_cycles
0,1201994
page_index,time_cycles
0,3654874
page_index,time_cycles
0,3898148
page_index,time_cycles
0,4217732
page_index,time_cycles
0,1332284
page_index,time_cycles
0,1326148
page_index,time_cycles
0,4024904
page_index,time_cycles
0,1329966
page_index,time_cycles
0,3813826
page_index,time_cycles
0,1625698
page_index,time_cycles
0,4688936
page_index,time_cycles
0,3712426
page_index,time_cycles
0,1863704
page_index,time_cycles
0,3832762
page_index,time_cycles
0,1714042
page_index,time_cycles
0,5786074
page_index,time_cycles
0,2725886
page_index,time_cycles
0,1284618
page_index,time_cycles
0,1289342
page_index,time_cycles
0,3962324
page_index,time_cycles
0,1229564
page_index,time_cycles
0,1342712
page_index,time_cycles
0,1246528
page_index,time_cycles
0,3175628
page_index,time_cycles
0,1210966
page_index,time_cycles
0,3524718
page_index,time_cycles
0,3644346
page_index,time_cycles
0,3715682
page_index,time_cycles
0,1350504
page_index,time_cycles
0,2541582
page_index,time_cycles
0,1286156
page_index,time_cycles
0,3588256
page_index,time_cycles
0,1523492
page_index,time_cycles
0,1924664
page_index,time_cycles
0,1556666
page_index,time_cycles
0,2642648
page_index,time_cycles
0,2907716
page_index,time_cycles
0,2656866
page_index,time_cycles
0,3722974
page_index,time_cycles
0,3947924
page_index,time_cycles
0,1398004
page_index,time_cycles
0,3895710
page_index,time_cycles
0,2601792
page_index,time_cycles
0,1210412
page_index,time_cycles
0,1408734
page_index,time_cycles
0,2034360
page_index,time_cycles
0,1251252
page_index,time_cycles
0,3421100
page_index,time_cycles
0,1413508
page_index,time_cycles
0,1346476
page_index,time_cycles
0,3097576
page_index,time_cycles
0,1859074
page_index,time_cycles
0,2490496
page_index,time_cycles
0,3714204
page_index,time_cycles
0,1346526
page_index,time_cycles
0,1637798
page_index,time_cycles
0,1864198
page_index,time_cycles
0,2341828
page_index,time_cycles
0,3677458
page_index,time_cycles
0,6072186
page_index,time_cycles
0,3793834
page_index,time_cycles
0,3856790
page_index,time_cycles
0,1515800
page_index,time_cycles
0,2207692
page_index,time_cycles
0,2121070
page_index,time_cycles
0,3203436
page_index,time_cycles
0,2305784
page_index,time_cycles
0,4446772
page_index,time_cycles
0,3808542
page_index,time_cycles
0,1382224
page_index,time_cycles
0,1394276
page_index,time_cycles
0,3229194
page_index,time_cycles
0,3527730
page_index,time_cycles
0,1447638
page_index,time_cycles
0,1406126
page_index,time_cycles
0,1331528
page_index,time_cycles
0,2074674
page_index,time_cycles
0,2336268
page_index,time_cycles
0,1362118
page_index,time_cycles
0,3817390
page_index,time_cycles
0,1360762
page_index,time_cycles
0,3600776
page_index,time_cycles
0,1326550
page_index,time_cycles
0,1222352
page_index,time_cycles
0,3118598
page_index,time_cycles
0,3257898
page_index,time_cycles
0,1341810
page_index,time_cycles
0,3757808
page_index,time_cycles
0,3580188
page_index,time_cycles
0,1890126
page_index,time_cycles
0,4164170
page_index,time_cycles
0,3196068
page_index,time_cycles
0,1529398
page_index,time_cycles
0,2090174
page_index,time_cycles
0,2223938
page_index,time_cycles
0,1190742
page_index,time_cycles
0,2437588
page_index,time_cycles
0,1375816
page_index,time_cycles
0,1372880
page_index,time_cycles
0,2122216
page_index,time_cycles
0,4233620
page_index,time_cycles
0,4265870
page_index,time_cycles
0,1216118
page_index,time_cycles
0,2304826
page_index,time_cycles
0,3831264
page_index,time_cycles
0,1830474
page_index,time_cycles
0,1206594
page_index,time_cycles
0,3448098
page_index,time_cycles
0,2240166
page_index,time_cycles
0,3075984
page_index,time_cycles
0,1342846
page_index,time_cycles
0,3716958
page_index,time_cycles
0,2088754
page_index,time_cycles
0,3604870
page_index,time_cycles
0,4087438
page_index,time_cycles
0,1511072
page_index,time_cycles
0,3935654
page_index,time_cycles
0,3753974
page_index,time_cycles
0,3514454
page_index,time_cycles
0,2100896
page_index,time_cycles
0,1417162
page_index,time_cycles
0,1965844
page_index,time_cycles
0,1332510
page_index,time_cycles
0,3823564
page_index,time_cycles
0,2912888
page_index,time_cycles
0,1994038
page_index,time_cycles
0,1362208
page_index,time_cycles
0,1221938
page_index,time_cycles
0,1546330
page_index,time_cycles
0,3915092
page_index,time_cycles
0,1473462
page_index,time_cycles
0,1259458
page_index,time_cycles
0,3376720
page_index,time_cycles
0,1296520
page_index,time_cycles
0,4272696
page_index,time_cycles
0,1958466
page_index,time_cycles
0,3760580
page_index,time_cycles
0,1210840
page_index,time_cycles
0,1451268
page_index,time_cycles
0,2090930
page_index,time_cycles
0,1227528
page_index,time_cycles
0,4743458
page_index,time_cycles
0,1421112
page_index,time_cycles
0,3445426
page_index,time_cycles
0,1914112
page_index,time_cycles
0,2057096
page_index,time_cycles
0,1432174
page_index,time_cycles
0,1764380
page_index,time_cycles
0,1670022
page_index,time_cycles
0,3208288
page_index,time_cycles
0,3067910
page_index,time_cycles
0,2323502
page_index,time_cycles
0,3357862
page_index,time_cycles
0,1520894
page_index,time_cycles
0,3650392
page_index,time_cycles
0,2491904
page_index,time_cycles
0,1333442
page_index,time_cycles
0,1230718
page_index,time_cycles
0,1990628
page_index,time_cycles
0,1756330
page_index,time_cycles
0,2641354
page_index,time_cycles
0,1394286
page_index,time_cycles
0,1185368
page_index,time_cycles
0,1352594
page_index,time_cycles
0,1345558
page_index,time_cycles
0,1479732
page_index,time_cycles
0,1468548
page_index,time_cycles
0,1628950
page_index,time_cycles
0,3753508
page_index,time_cycles
0,1922766
page_index,time_cycles
0,1227896
page_index,time_cycles
0,2827356
page_index,time_cycles
0,2257960
page_index,time_cycles
0,3895282
page_index,time_cycles
0,1419218
page_index,time_cycles
0,1495008
page_index,time_cycles
0,4350424
page_index,time_cycles
0,2737258
page_index,time_cycles
0,1344168
page_index,time_cycles
0,4036596
page_index,time_cycles
0,3801350
page_index,time_cycles
0,2027156
page_index,time_cycles
0,1634744
page_index,time_cycles
0,4167302
page_index,time_cycles
0,2047060
page_index,time_cycles
0,1175150
page_index,time_cycles
0,2039348
page_index,time_cycles
0,1419826
page_index,time_cycles
0,1322894
page_index,time_cycles
0,2592814
page_index,time_cycles
0,1377226
page_index,time_cycles
0,1448992
page_index,time_cycles
0,4479416
page_index,time_cycles
0,1470494
page_index,time_cycles
0,2104006
page_index,time_cycles
0,1232548
page_index,time_cycles
0,3629866
page_index,time_cycles
0,4096494
page_index,time_cycles
0,2084952
page_index,time_cycles
0,1250216
page_index,time_cycles
0,3991764
page_index,time_cycles
0,2215698
page_index,time_cycles
0,1627456
page_index,time_cycles
0,1396406
page_index,time_cycles
0,4172972
page_index,time_cycles
0,4397524
page_index,time_cycles
0,1358062
page_index,time_cycles
0,2282222
page_index,time_cycles
0,4268394
page_index,time_cycles
0,1448118
page_index,time_cycles
0,1594304
page_index,time_cycles
0,3351964
page_index,time_cycles
0,1703468
page_index,time_cycles
0,3210260
page_index,time_cycles
0,3872012
page_index,time_cycles
0,2001382
page_index,time_cycles
0,2554258
page_index,time_cycles
0,1347796
page_index,time_cycles
0,1259492
page_index,time_cycles
0,3968878
page_index,time_cycles
0,1432108
page_index,time_cycles
0,1381574
page_index,time_cycles
0,4125444
page_index,time_cycles
0,2513842
page_index,time_cycles
0,1197978
page_index,time_cycles
0,3971940
page_index,time_cycles
0,2166318
page_index,time_cycles
0,2257004
page_index,time_cycles
0,3718802
page_index,time_cycles
0,4543210
page_index,time_cycles
0,4001994
page_index,time_cycles
0,1327938
page_index,time_cycles
0,1357810
page_index,time_cycles
0,1468332
page_index,time_cycles
0,1152890
page_index,time_cycles
0,1692212
page_index,time_cycles
0,3446090
page_index,time_cycles
0,1217176
page_index,time_cycles
0,3810446
page_index,time_cycles
0,3413090
page_index,time_cycles
0,1446150
page_index,time_cycles
0,4140542
page_index,time_cycles
0,2114254
page_index,time_cycles
0,3975396
page_index,time_cycles
0,2788200
page_index,time_cycles
0,1419802
page_index,time_cycles
0,1184582
page_index,time_cycles
0,1330498
page_index,time_cycles
0,2046618
page_index,time_cycles
0,3936416
page_index,time_cycles
0,3811272
page_index,time_cycles
0,1843484
page_index,time_cycles
0,3304954
page_index,time_cycles
0,3828034
page_index,time_cycles
0,1856348
page_index,time_cycles
0,1198194
page_index,time_cycles
0,2181290
page_index,time_cycles
0,4144340
page_index,time_cycles
0,2435024
page_index,time_cycles
0,3713308
page_index,time_cycles
0,3915276
page_index,time_cycles
0,1340948
page_index,time_cycles
0,2730748
page_index,time_cycles
0,1442132
page_index,time_cycles
0,1584316
page_index,time_cycles
0,1238776
page_index,time_cycles
0,1700280
page_index,time_cycles
0,1934200
page_index,time_cycles
0,1455890
page_index,time_cycles
0,2448906
page_index,time_cycles
0,1235794
page_index,time_cycles
0,1381390
page_index,time_cycles
0,3224940
page_index,time_cycles
0,1127214
page_index,time_cycles
0,3526164
page_index,time_cycles
0,1188534
page_index,time_cycles
0,4212232
page_index,time_cycles
0,1194762
page_index,time_cycles
0,3938686
page_index,time_cycles
0,3084038
page_index,time_cycles
0,4070880
page_index,time_cycles
0,3192458
page_index,time_cycles
0,1329908
page_index,time_cycles
0,1319124
page_index,time_cycles
0,4237900
page_index,time_cycles
0,2350774
page_index,time_cycles
0,1397142
page_index,time_cycles
0,1808968
page_index,time_cycles
0,2355874
page_index,time_cycles
0,1454544
page_index,time_cycles
0,3306680
page_index,time_cycles
0,1325092
page_index,time_cycles
0,3221136
page_index,time_cycles
0,3522028
page_index,time_cycles
0,3387928
page_index,time_cycles
0,2296892
page_index,time_cycles
0,2534504
page_index,time_cycles
0,1502228
page_index,time_cycles
0,2391114
page_index,time_cycles
0,3611188
page_index,time_cycles
0,1417854
page_index,time_cycles
0,1418750
page_index,time_cycles
0,3750538
page_index,time_cycles
0,4034632
page_index,time_cycles
0,1413448
page_index,time_cycles
0,4019714
page_index,time_cycles
0,3249210
page_index,time_cycles
0,1957168
page_index,time_cycles
0,1471380
page_index,time_cycles
0,4081224
page_index,time_cycles
0,2248650
page_index,time_cycles
0,1247888
page_index,time_cycles
0,1335710
page_index,time_cycles
0,1879626
page_index,time_cycles
0,2199586
page_index,time_cycles
0,3258124
page_index,time_cycles
0,1227632
page_index,time_cycles
0,3239598
page_index,time_cycles
0,1322856
page_index,time_cycles
0,1826762
page_index,time_cycles
0,3924326
page_index,time_cycles
0,3065848
page_index,time_cycles
0,2138370
page_index,time_cycles
0,1317884
page_index,time_cycles
0,4336782
page_index,time_cycles
0,1585584
page_index,time_cycles
0,1269420
page_index,time_cycles
0,2172708
page_index,time_cycles
0,1216944
page_index,time_cycles
0,1580926
page_index,time_cycles
0,2063284
page_index,time_cycles
0,4269670
page_index,time_cycles
0,1333870
page_index,time_cycles
0,1211968
page_index,time_cycles
0,3403322
page_index,time_cycles
0,3705968
page_index,time_cycles
0,1429714
page_index,time_cycles
0,3499904
page_index,time_cycles
0,2601038
page_index,time_cycles
0,1291530
page_index,time_cycles
0,2864692
page_index,time_cycles
0,3002430
page_index,time_cycles
0,1265864
page_index,time_cycles
0,3061180
page_index,time_cycles
0,1334012
page_index,time_cycles
0,4013808
page_index,time_cycles
0,1205252
page_index,time_cycles
0,1191610
page_index,time_cycles
0,3267716
page_index,time_cycles
0,1396668
page_index,time_cycles
0,1207324
page_index,time_cycles
0,3561012
page_index,time_cycles
0,1363902
page_index,time_cycles
0,4634470
page_index,time_cycles
0,4064196
page_index,time_cycles
0,1259534
page_index,time_cycles
0,2202230
page_index,time_cycles
0,1333938
page_index,time_cycles
0,1297086
page_index,time_cycles
0,1276712
page_index,time_cycles
0,1758806
page_index,time_cycles
0,2211094
page_index,time_cycles
0,1195812
page_index,time_cycles
0,1463390
page_index,time_cycles
0,1563340
page_index,time_cycles
0,1484878
page_index,time_cycles
0,1191070
page_index,time_cycles
0,2122446
page_index,time_cycles
0,3839262
page_index,time_cycles
0,4192416
page_index,time_cycles
0,2946168
page_index,time_cycles
0,1867120
page_index,time_cycles
0,3218754
page_index,time_cycles
0,3173108
page_index,time_cycles
0,3834602
page_index,time_cycles
0,3471802
page_index,time_cycles
0,1361212
page_index,time_cycles
0,3295406
page_index,time_cycles
0,3714976
page_index,time_cycles
0,3774642
page_index,time_cycles
0,1873574
page_index,time_cycles
0,3750508
page_index,time_cycles
0,3644900
page_index,time_cycles
0,4310538
page_index,time_cycles
0,3710144
page_index,time_cycles
0,1680186
page_index,time_cycles
0,4024712
page_index,time_cycles
0,1387226
page_index,time_cycles
0,1721388
page_index,time_cycles
0,3050852
page_index,time_cycles
0,3987878
page_index,time_cycles
0,1426268
page_index,time_cycles
0,1372648
page_index,time_cycles
0,1219916
page_index,time_cycles
0,1227380
page_index,time_cycles
0,2102318
page_index,time_cycles
0,4091064
page_index,time_cycles
0,1747548
page_index,time_cycles
0,2445178
page_index,time_cycles
0,3970272
page_index,time_cycles
0,1294680
page_index,time_cycles
0,1231016
page_index,time_cycles
0,2328174
page_index,time_cycles
0,1174396
page_index,time_cycles
0,6392960
page_index,time_cycles
0,2203188
page_index,time_cycles
0,3577274
page_index,time_cycles
0,2504026
page_index,time_cycles
0,1429570
page_index,time_cycles
0,3626884
page_index,time_cycles
0,2335178
page_index,time_cycles
0,1887862
page_index,time_cycles
0,1368154
page_index,time_cycles
0,1604040
page_index,time_cycles
0,3587570
page_index,time_cycles
0,3756434
page_index,time_cycles
0,1286480
page_index,time_cycles
0,1206200
page_index,time_cycles
0,1307490
page_index,time_cycles
0,1288878
page_index,time_cycles
0,1491004
page_index,time_cycles
0,3794900
page_index,time_cycles
0,1639410
page_index,time_cycles
0,1287112
page_index,time_cycles
0,1693894
page_index,time_cycles
0,3769152
page_index,time_cycles
0,2193796
page_index,time_cycles
0,2072854
page_index,time_cycles
0,3755502
page_index,time_cycles
0,1304634
page_index,time_cycles
0,2162244
page_index,time_cycles
0,3448106
page_index,time_cycles
0,3679030
page_index,time_cycles
0,1218658
page_index,time_cycles
0,1291584
page_index,time_cycles
0,1315188
page_index,time_cycles
0,3476430
page_index,time_cycles
0,1633348
page_index,time_cycles
0,3157134
page_index,time_cycles
0,1959968
page_index,time_cycles
0,3576670
page_index,time_cycles
0,3768872
page_index,time_cycles
0,4722834
page_index,time_cycles
0,3940836
page_index,time_cycles
0,1775688
page_index,time_cycles
0,1373928
page_index,time_cycles
0,1692224
page_index,time_cycles
0,1606834
page_index,time_cycles
0,2245182
page_index,time_cycles
0,2269806
page_index,time_cycles
0,3936316
page_index,time_cycles
0,1252736
page_index,time_cycles
0,1934844
page_index,time_cycles
0,3141690
page_index,time_cycles
0,3730474
page_index,time_cycles
0,4094638
page_index,time_cycles
0,1983580
page_index,time_cycles
0,1930544
page_index,time_cycles
0,4619294
page_index,time_cycles
0,1688568
page_index,time_cycles
0,3564710
page_index,time_cycles
0,1168076
page_index,time_cycles
0,1458596
page_index,time_cycles
0,2165348
page_index,time_cycles
0,3751726
page_index,time_cycles
0,3739066
page_index,time_cycles
0,1704540
page_index,time_cycles
0,4497618
page_index,time_cycles
0,1493404
page_index,time_cycles
0,1634448
page_index,time_cycles
0,4492604
page_index,time_cycles
0,3750448
page_index,time_cycles
0,4361738
page_index,time_cycles
0,1440918
page_index,time_cycles
0,1323096
page_index,time_cycles
0,1305590
page_index,time_cycles
0,4333448
page_index,time_cycles
0,1658782
page_index,time_cycles
0,3898666
page_index,time_cycles
0,2048416
page_index,time_cycles
0,3714296
page_index,time_cycles
0,3740658
page_index,time_cycles
0,1318994
page_index,time_cycles
0,1504830
page_index,time_cycles
0,1556010
page_index,time_cycles
0,1882024
page_index,time_cycles
0,1378926
page_index,time_cycles
0,3395642
page_index,time_cycles
0,1273722
page_index,time_cycles
0,1166494
page_index,time_cycles
0,4777420
page_index,time_cycles
0,3867668
page_index,time_cycles
0,4070722
page_index,time_cycles
0,3783440
page_index,time_cycles
0,3638782
page_index,time_cycles
0,3307840
page_index,time_cycles
0,3103152
page_index,time_cycles
0,1644278
page_index,time_cycles
0,1344498
page_index,time_cycles
0,2996576
page_index,time_cycles
0,1261196
page_index,time_cycles
0,3410408
page_index,time_cycles
0,1319078
page_index,time_cycles
0,2527644
page_index,time_cycles
0,1373626
page_index,time_cycles
0,3707384
page_index,time_cycles
0,1180318
page_index,time_cycles
0,1379726
page_index,time_cycles
0,1349664
page_index,time_cycles
0,3669098
page_index,time_cycles
0,1410706
page_index,time_cycles
0,3478386
page_index,time_cycles
0,2472160
page_index,time_cycles
0,2030644
page_index,time_cycles
0,1371780
page_index,time_cycles
0,1318044
page_index,time_cycles
0,4280030
page_index,time_cycles
0,1181750
page_index,time_cycles
0,1184836
page_index,time_cycles
0,3437872
page_index,time_cycles
0,1585870
page_index,time_cycles
0,3364918
page_index,time_cycles
0,3296692
page_index,time_cycles
0,3843596
page_index,time_cycles
0,2346222
page_index,time_cycles
0,1875472
page_index,time_cycles
0,3412284
page_index,time_cycles
0,4293400
page_index,time_cycles
0,1395520
page_index,time_cycles
0,3749664
page_index,time_cycles
0,2335164
page_index,time_cycles
0,1561596
page_index,time_cycles
0,3597288
page_index,time_cycles
0,1406772
page_index,time_cycles
0,1179256
page_index,time_cycles
0,1582838
page_index,time_cycles
0,1230902
page_index,time_cycles
0,3473538
page_index,time_cycles
0,1352570
page_index,time_cycles
0,3768336
page_index,time_cycles
0,3628664
page_index,time_cycles
0,3326016
page_index,time_cycles
0,1983018
page_index,time_cycles
0,3627720
page_index,time_cycles
0,3249974
page_index,time_cycles
0,2680906
page_index,time_cycles
0,3617386
page_index,time_cycles
0,3795936
page_index,time_cycles
0,1403100
page_index,time_cycles
0,3061572
page_index,time_cycles
0,1314904
page_index,time_cycles
0,3658516
page_index,time_cycles
0,3282908
page_index,time_cycles
0,1235944
page_index,time_cycles
0,1191986
page_index,time_cycles
0,1589696
page_index,time_cycles
0,3188030
page_index,time_cycles
0,3525122
page_index,time_cycles
0,1196132
page_index,time_cycles
0,1583640
page_index,time_cycles
0,3561456
page_index,time_cycles
0,1277002
page_index,time_cycles
0,3712728
page_index,time_cycles
0,3640022
page_index,time_cycles
0,1568158
page_index,time_cycles
0,2157740
page_index,time_cycles
0,2266004
page_index,time_cycles
0,2978294
page_index,time_cycles
0,2358564
page_index,time_cycles
0,1312150
page_index,time_cycles
0,1509918
page_index,time_cycles
0,2350804
page_index,time_cycles
0,1707356
page_index,time_cycles
0,4327684
page_index,time_cycles
0,3142166
page_index,time_cycles
0,3465532
page_index,time_cycles
0,3372274
page_index,time_cycles
0,3984736
page_index,time_cycles
0,1979244
page_index,time_cycles
0,3768210
page_index,time_cycles
0,1297246
page_index,time_cycles
0,2372688
page_index,time_cycles
0,3164914
page_index,time_cycles
0,1293564
page_index,time_cycles
0,1518750
page_index,time_cycles
0,1189616
page_index,time_cycles
0,1273376
page_index,time_cycles
0,1214620
page_index,time_cycles
0,3711098
page_index,time_cycles
0,2166900
page_index,time_cycles
0,1869654
page_index,time_cycles
0,1175074
page_index,time_cycles
0,1304806
page_index,time_cycles
0,1450300
page_index,time_cycles
0,2665732
page_index,time_cycles
0,2174362
page_index,time_cycles
0,3561676
page_index,time_cycles
0,1367114
page_index,time_cycles
0,4081162
page_index,time_cycles
0,3482652
page_index,time_cycles
0,1274332
page_index,time_cycles
0,4092826
page_index,time_cycles
0,2731738
page_index,time_cycles
0,3646200
page_index,time_cycles
0,2615494
page_index,time_cycles
0,3244020
page_index,time_cycles
0,4172122
page_index,time_cycles
0,1405408
page_index,time_cycles
0,4021602
page_index,time_cycles
0,1190136
page_index,time_cycles
0,2209452
page_index,time_cycles
0,4336458
page_index,time_cycles
0,1298502
page_index,time_cycles
0,3748888
page_index,time_cycles
0,2495152
page_index,time_cycles
0,4038124
page_index,time_cycles
0,4153824
page_index,time_cycles
0,2376858
page_index,time_cycles
0,1363552
page_index,time_cycles
0,4024850
page_index,time_cycles
0,2419274
page_index,time_cycles
0,1152220
page_index,time_cycles
0,1293324
page_index,time_cycles
0,1789504
page_index,time_cycles
0,1184698
page_index,time_cycles
0,3866658
page_index,time_cycles
0,3055810
page_index,time_cycles
0,1219260
page_index,time_cycles
0,3864226
page_index,time_cycles
0,2197702
page_index,time_cycles
0,1428388
page_index,time_cycles
0,4009294
page_index,time_cycles
0,4109558
page_index,time_cycles
0,2254258
page_index,time_cycles
0,3617816
page_index,time_cycles
0,3186582
page_index,time_cycles
0,1358996
page_index,time_cycles
0,3886216
page_index,time_cycles
0,3710646
page_index,time_cycles
0,3697660
page_index,time_cycles
0,3834532
page_index,time_cycles
0,1928958
page_index,time_cycles
0,1358290
page_index,time_cycles
0,3828070
page_index,time_cycles
0,3428324
page_index,time_cycles
0,2143848
page_index,time_cycles
0,2659750
page_index,time_cycles
0,4293120
page_index,time_cycles
0,2410068
page_index,time_cycles
0,3372806
page_index,time_cycles
0,1331364
page_index,time_cycles
0,4422312
page_index,time_cycles
0,1261030
page_index,time_cycles
0,1430592
page_index,time_cycles
0,3571044
page_index,time_cycles
0,1345244
page_index,time_cycles
0,2189622
page_index,time_cycles
0,2006984
page_index,time_cycles
0,1234670
page_index,time_cycles
0,3488560
page_index,time_cycles
0,1580000
page_index,time_cycles
0,3669062
page_index,time_cycles
0,1267910
page_index,time_cycles
0,3708724
page_index,time_cycles
0,2255242
page_index,time_cycles
0,1929140
page_index,time_cycles
0,1495622
page_index,time_cycles
0,1403184
page_index,time_cycles
0,2363972
page_index,time_cycles
0,1481820
page_index,time_cycles
0,1264112
page_index,time_cycles
0,1724804
page_index,time_cycles
0,4010976
page_index,time_cycles
0,3783244
page_index,time_cycles
0,3652712
page_index,time_cycles
0,1205330
page_index,time_cycles
0,1381872
page_index,time_cycles
0,1881946
page_index,time_cycles
0,3555280
page_index,time_cycles
0,3299850
page_index,time_cycles
0,2222618
page_index,time_cycles
0,3114770
page_index,time_cycles
0,1929440
page_index,time_cycles
0,3695936
page_index,time_cycles
0,1380018
page_index,time_cycles
0,1295148
page_index,time_cycles
0,3266396
page_index,time_cycles
0,1315868
page_index,time_cycles
0,1297464
page_index,time_cycles
0,2228324
page_index,time_cycles
0,3941912
page_index,time_cycles
0,3166488
page_index,time_cycles
0,3625124
page_index,time_cycles
0,3871484
page_index,time_cycles
0,4014976
page_index,time_cycles
0,2402144
page_index,time_cycles
0,3478092
page_index,time_cycles
0,1853134
page_index,time_cycles
0,3559566
page_index,time_cycles
0,3730328
page_index,time_cycles
0,4314526
page_index,time_cycles
0,1309234
page_index,time_cycles
0,1188650
page_index,time_cycles
0,1527664
page_index,time_cycles
0,1515496
page_index,time_cycles
0,1199436
page_index,time_cycles
0,3713156
page_index,time_cycles
0,3314498
page_index,time_cycles
0,3823914
page_index,time_cycles
0,1202374
page_index,time_cycles
0,3324364
page_index,time_cycles
0,2422040
page_index,time_cycles
0,2015274
page_index,time_cycles
0,4136914
page_index,time_cycles
0,2130658
page_index,time_cycles
0,1926234
page_index,time_cycles
0,2235338
page_index,time_cycles
0,1219394
page_index,time_cycles
0,3232204
page_index,time_cycles
0,4639020
page_index,time_cycles
0,1827896
page_index,time_cycles
0,2137796
page_index,time_cycles
0,1529236
page_index,time_cycles
0,3958894
page_index,time_cycles
0,3980134
page_index,time_cycles
0,3436490
page_index,time_cycles
0,2103272
page_index,time_cycles
0,1366162
page_index,time_cycles
0,2132234
page_index,time_cycles
0,1220112
page_index,time_cycles
0,1579476
page_index,time_cycles
0,1401068
page_index,time_cycles
0,1194726
page_index,time_cycles
0,4426098
page_index,time_cycles
0,1241560
page_index,time_cycles
0,1749746
page_index,time_cycles
0,3827232
page_index,time_cycles
0,4128288
page_index,time_cycles
0,1709448
page_index,time_cycles
0,1768894
page_index,time_cycles
0,1489650
page_index,time_cycles
0,1252538
page_index,time_cycles
0,1313074
page_index,time_cycles
0,1623566
page_index,time_cycles
0,1573750
page_index,time_cycles
0,4139390
page_index,time_cycles
0,2737302
page_index,time_cycles
0,1896876
page_index,time_cycles
0,1923336
page_index,time_cycles
0,2355000
page_index,time_cycles
0,1251472
page_index,time_cycles
0,1332526
page_index,time_cycles
0,1236948
page_index,time_cycles
0,3960354
page_index,time_cycles
0,1547760
page_index,time_cycles
0,1318552
page_index,time_cycles
0,1317234
page_index,time_cycles
0,2828364
page_index,time_cycles
0,1458110
page_index,time_cycles
0,3232752
page_index,time_cycles
0,3866804
page_index,time_cycles
0,3167610
page_index,time_cycles
0,3738182
page_index,time_cycles
0,3312390
page_index,time_cycles
0,1437146
page_index,time_cycles
0,1273452
page_index,time_cycles
0,1443352
page_index,time_cycles
0,1786856
page_index,time_cycles
0,7829722
page_index,time_cycles
0,1191144
page_index,time_cycles
0,3688318
page_index,time_cycles
0,3305022
page_index,time_cycles
0,4079914
page_index,time_cycles
0,1330968
page_index,time_cycles
0,2915606
page_index,time_cycles
0,1212266
page_index,time_cycles
0,2111566
page_index,time_cycles
0,1977314
page_index,time_cycles
0,1216240
page_index,time_cycles
0,1385852
page_index,time_cycles
0,1340054
page_index,time_cycles
0,4322936
page_index,time_cycles
0,1556216
page_index,time_cycles
0,1355932
page_index,time_cycles
0,1542894
page_index,time_cycles
0,3225006
page_index,time_cycles
0,3652466
page_index,time_cycles
0,3312630
page_index,time_cycles
0,1359540
page_index,time_cycles
0,1314406
page_index,time_cycles
0,2647354
page_index,time_cycles
0,4218814
page_index,time_cycles
0,1414672
page_index,time_cycles
0,1769824
page_index,time_cycles
0,1427030
page_index,time_cycles
0,3698256
page_index,time_cycles
0,1590428
page_index,time_cycles
0,1923828
page_index,time_cycles
0,3595076
page_index,time_cycles
0,3726584
page_index,time_cycles
0,3692400
page_index,time_cycles
0,1541550
page_index,time_cycles
0,1272626
page_index,time_cycles
0,1692312
page_index,time_cycles
0,1236312
page_index,time_cycles
0,1337224
page_index,time_cycles
0,1164086
page_index,time_cycles
0,1651842
page_index,time_cycles
0,1141920
page_index,time_cycles
0,1629604
page_index,time_cycles
0,2085328
page_index,time_cycles
0,3513284
page_index,time_cycles
0,1241772
page_index,time_cycles
0,1256788
page_index,time_cycles
0,3712838
page_index,time_cycles
0,1815186
page_index,time_cycles
0,3642024
page_index,time_cycles
0,4123318
page_index,time_cycles
0,1242954
page_index,time_cycles
0,3727786
page_index,time_cycles
0,1319456
page_index,time_cycles
0,3307110
page_index,time_cycles
0,2264532
page_index,time_cycles
0,3644598
page_index,time_cycles
0,2326518
page_index,time_cycles
0,2035428
page_index,time_cycles
0,1433022
page_index,time_cycles
0,2021378
page_index,time_cycles
0,3510096
page_index,time_cycles
0,3929358
page_index,time_cycles
0,1760420
page_index,time_cycles
0,2137420
page_index,time_cycles
0,1214352
page_index,time_cycles
0,2077184
page_index,time_cycles
0,3671154
page_index,time_cycles
0,1249256
page_index,time_cycles
0,3714324
page_index,time_cycles
0,1349360
page_index,time_cycles
0,1245714
page_index,time_cycles
0,1177820
page_index,time_cycles
0,1321984
page_index,time_cycles
0,1944302
page_index,time_cycles
0,4525418
page_index,time_cycles
0,3685748
page_index,time_cycles
0,1378158
page_index,time_cycles
0,3500418
page_index,time_cycles
0,3693590
page_index,time_cycles
0,3327972
page_index,time_cycles
0,2133056
page_index,time_cycles
0,1291040
page_index,time_cycles
0,1384048
page_index,time_cycles
0,4729582
page_index,time_cycles
0,1304434
page_index,time_cycles
0,1978666
page_index,time_cycles
0,2140448
page_index,time_cycles
0,4261814
page_index,time_cycles
0,2033442
page_index,time_cycles
0,1508474
page_index,time_cycles
0,3454794
page_index,time_cycles
0,1827726
page_index,time_cycles
0,3464564
page_index,time_cycles
0,3003824
page_index,time_cycles
0,4273546
page_index,time_cycles
0,1867780
page_index,time_cycles
0,2104536
page_index,time_cycles
0,3644362
page_index,time_cycles
0,2187010
page_index,time_cycles
0,2448024
page_index,time_cycles
0,1958874
page_index,time_cycles
0,2189162
page_index,time_cycles
0,3167164
page_index,time_cycles
0,4661962
page_index,time_cycles
0,3621210
page_index,time_cycles
0,4370822
page_index,time_cycles
0,1330130
page_index,time_cycles
0,1426520
page_index,time_cycles
0,2646220
page_index,time_cycles
0,1487168
page_index,time_cycles
0,1957130
page_index,time_cycles
0,1801942
page_index,time_cycles
0,2179860
page_index,time_cycles
0,2756308
page_index,time_cycles
0,2856524
page_index,time_cycles
0,2286614
page_index,time_cycles
0,1315564
page_index,time_cycles
0,3552900
page_index,time_cycles
0,1993048
page_index,time_cycles
0,2989468
page_index,time_cycles
0,1199064
page_index,time_cycles
0,1388886
page_index,time_cycles
0,4064446
page_index,time_cycles
0,1802076
page_index,time_cycles
0,1185244
page_index,time_cycles
0,2663536
page_index,time_cycles
0,1350258
page_index,time_cycles
0,1553092
page_index,time_cycles
0,4116422
page_index,time_cycles
0,1994316
page_index,time_cycles
0,1695392
page_index,time_cycles
0,3446536
page_index,time_cycles
0,2364498
page_index,time_cycles
0,3497712
page_index,time_cycles
0,3821512
page_index,time_cycles
0,1687502
page_index,time_cycles
0,1549072
page_index,time_cycles
0,2202766
page_index,time_cycles
0,4190948
page_index,time_cycles
0,1215774
page_index,time_cycles
0,1518592
page_index,time_cycles
0,1553320
page_index,time_cycles
0,1951252
page_index,time_cycles
0,1629346
page_index,time_cycles
0,4085568
page_index,time_cycles
0,3876896
page_index,time_cycles
0,3391938
page_index,time_cycles
0,1283582
page_index,time_cycles
0,3279304
page_index,time_cycles
0,2204928
page_index,time_cycles
0,1828772
page_index,time_cycles
0,3300798
page_index,time_cycles
0,1941496
page_index,time_cycles
0,2916452
page_index,time_cycles
0,3809544
page_index,time_cycles
0,5473508
page_index,time_cycles
0,2951560
page_index,time_cycles
0,4209542
page_index,time_cycles
0,3237742
page_index,time_cycles
0,3432544
page_index,time_cycles
0,3621142
page_index,time_cycles
0,2837534
page_index,time_cycles
0,4336804
page_index,time_cycles
0,3327278
page_index,time_cycles
0,1216118
page_index,time_cycles
0,2225862
page_index,time_cycles
0,3453360
page_index,time_cycles
0,1350396
page_index,time_cycles
0,4874656
page_index,time_cycles
0,9075734
page_index,time_cycles
0,2028754
page_index,time_cycles
0,1546936
page_index,time_cycles
0,4306048
page_index,time_cycles
0,3325558
page_index,time_cycles
0,1284542
page_index,time_cycles
0,4733384
page_index,time_cycles
0,2906468
page_index,time_cycles
0,4778572
page_index,time_cycles
0,1219594
page_index,time_cycles
0,2002498
page_index,time_cycles
0,2317210
page_index,time_cycles
0,3104164
page_index,time_cycles
0,1331542
page_index,time_cycles
0,2454950
page_index,time_cycles
0,1181840
page_index,time_cycles
0,1601692
page_index,time_cycles
0,9075522
page_index,time_cycles
0,3691000
page_index,time_cycles
0,1289772
page_index,time_cycles
0,1627926
page_index,time_cycles
0,4273870
page_index,time_cycles
0,1417870
page_index,time_cycles
0,3242166
page_index,time_cycles
0,3556352
page_index,time_cycles
0,3383146
page_index,time_cycles
0,1258916
page_index,time_cycles
0,1624402
page_index,time_cycles
0,1331894
page_index,time_cycles
0,1296076
page_index,time_cycles
0,1288244
page_index,time_cycles
0,2994498
page_index,time_cycles
0,3801900
page_index,time_cycles
0,3565932
page_index,time_cycles
0,1204802
page_index,time_cycles
0,1991748
page_index,time_cycles
0,2017254
page_index,time_cycles
0,1762176
page_index,time_cycles
0,3797534
page_index,time_cycles
0,2071154
page_index,time_cycles
0,1996672
page_index,time_cycles
0,1355660
page_index,time_cycles
0,1277998
page_index,time_cycles
0,3720288
page_index,time_cycles
0,1288346
page_index,time_cycles
0,2112002
page_index,time_cycles
0,3515922
page_index,time_cycles
0,3653278
page_index,time_cycles
0,1529004
page_index,time_cycles
0,2062970
page_index,time_cycles
0,1393428
page_index,time_cycles
0,1280958
page_index,time_cycles
0,1282432
page_index,time_cycles
0,3325608
page_index,time_cycles
0,1487760
page_index,time_cycles
0,3382994
page_index,time_cycles
0,1545140
page_index,time_cycles
0,7647936
page_index,time_cycles
0,1860024
page_index,time_cycles
0,3912636
page_index,time_cycles
0,1181698
page_index,time_cycles
0,1344798
page_index,time_cycles
0,1832370
page_index,time_cycles
0,2971454
page_index,time_cycles
0,3773688
page_index,time_cycles
0,2435948
page_index,time_cycles
0,1179006
page_index,time_cycles
0,1462058
page_index,time_cycles
0,3983242
page_index,time_cycles
0,1307984
page_index,time_cycles
0,1295564
page_index,time_cycles
0,2640150
page_index,time_cycles
0,1415676
page_index,time_cycles
0,1295300
page_index,time_cycles
0,1164682
page_index,time_cycles
0,4009492
page_index,time_cycles
0,2366644
page_index,time_cycles
0,2101252
page_index,time_cycles
0,2225844
page_index,time_cycles
0,1745524
page_index,time_cycles
0,1167012
page_index,time_cycles
0,1443532
page_index,time_cycles
0,4080802
page_index,time_cycles
0,3592326
page_index,time_cycles
0,4474954
page_index,time_cycles
0,1461594
page_index,time_cycles
0,2259192
page_index,time_cycles
0,3649688
page_index,time_cycles
0,1428632
page_index,time_cycles
0,1217682
page_index,time_cycles
0,4500108
page_index,time_cycles
0,1332030
page_index,time_cycles
0,2548718
page_index,time_cycles
0,1319694
page_index,time_cycles
0,3775808
page_index,time_cycles
0,1509868
page_index,time_cycles
0,3284228
page_index,time_cycles
0,2558016
page_index,time_cycles
0,3959042
page_index,time_cycles
0,1928344
page_index,time_cycles
0,2515592
page_index,time_cycles
0,1320758
page_index,time_cycles
0,1842886
page_index,time_cycles
0,1354566
page_index,time_cycles
0,2226344
page_index,time_cycles
0,1690006
page_index,time_cycles
0,1285198
page_index,time_cycles
0,1896572
page_index,time_cycles
0,1633028
page_index,time_cycles
0,1468456
page_index,time_cycles
0,3708178
page_index,time_cycles
0,3601208
page_index,time_cycles
0,1296164
page_index,time_cycles
0,3823942
page_index,time_cycles
0,3540190
page_index,time_cycles
0,1609814
page_index,time_cycles
0,1383330
page_index,time_cycles
0,1482732
page_index,time_cycles
0,4001228
page_index,time_cycles
0,1958992
page_index,time_cycles
0,3385162
page_index,time_cycles
0,1383704
page_index,time_cycles
0,3121878
page_index,time_cycles
0,1375510
page_index,time_cycles
0,3978606
page_index,time_cycles
0,3328438
page_index,time_cycles
0,1220970
page_index,time_cycles
0,1166538
page_index,time_cycles
0,3034916
page_index,time_cycles
0,1199160
page_index,time_cycles
0,4079278
page_index,time_cycles
0,3280646
page_index,time_cycles
0,3820448
page_index,time_cycles
0,1380044
page_index,time_cycles
0,3596790
page_index,time_cycles
0,2211398
page_index,time_cycles
0,1360004
page_index,time_cycles
0,3784714
page_index,time_cycles
0,1358816
page_index,time_cycles
0,3403064
page_index,time_cycles
0,1208358
page_index,time_cycles
0,1390570
page_index,time_cycles
0,1636350
page_index,time_cycles
0,4018040
page_index,time_cycles
0,3691112
page_index,time_cycles
0,1310490
page_index,time_cycles
0,3983834
page_index,time_cycles
0,3876040
page_index,time_cycles
0,4337314
page_index,time_cycles
0,1279190
page_index,time_cycles
0,1375056
page_index,time_cycles
0,4066526
page_index,time_cycles
0,1166536
page_index,time_cycles
0,1310476
page_index,time_cycles
0,1401382
page_index,time_cycles
0,3612226
page_index,time_cycles
0,2793122
page_index,time_cycles
0,4193164
page_index,time_cycles
0,3447756
page_index,time_cycles
0,2528420
page_index,time_cycles
0,1293668
page_index,time_cycles
0,3346448
page_index,time_cycles
0,1185890
page_index,time_cycles
0,1407784
page_index,time_cycles
0,1273702
page_index,time_cycles
0,2495856
page_index,time_cycles
0,4167330
page_index,time_cycles
0,1596212
page_index,time_cycles
0,3960296
page_index,time_cycles
0,3617606
page_index,time_cycles
0,4126936
page_index,time_cycles
0,1524482
page_index,time_cycles
0,4708888
page_index,time_cycles
0,3604150
page_index,time_cycles
0,4063698
page_index,time_cycles
0,1483328
page_index,time_cycles
0,1228828
page_index,time_cycles
0,2134508
page_index,time_cycles
0,1321756
page_index,time_cycles
0,3663030
page_index,time_cycles
0,1792088
page_index,time_cycles
0,3966270
page_index,time_cycles
0,2096288
page_index,time_cycles
0,4107608
page_index,time_cycles
0,3543366
page_index,time_cycles
0,4087052
page_index,time_cycles
0,2179768
page_index,time_cycles
0,1153766
page_index,time_cycles
0,2560200
page_index,time_cycles
0,1637460
page_index,time_cycles
0,4024570
page_index,time_cycles
0,1531046
page_index,time_cycles
0,3300228
page_index,time_cycles
0,1919066
page_index,time_cycles
0,3575164
page_index,time_cycles
0,1155556
page_index,time_cycles
0,1222990
page_index,time_cycles
0,1558570
page_index,time_cycles
0,1331698
page_index,time_cycles
0,2459526
page_index,time_cycles
0,3455788
page_index,time_cycles
0,1780050
page_index,time_cycles
0,1097740
page_index,time_cycles
0,2083536
page_index,time_cycles
0,3528440
page_index,time_cycles
0,3229758
page_index,time_cycles
0,2265688
page_index,time_cycles
0,1358852
page_index,time_cycles
0,1834360
page_index,time_cycles
0,3218226
page_index,time_cycles
0,1389826
page_index,time_cycles
0,3681938
page_index,time_cycles
0,3558916
page_index,time_cycles
0,1648732
page_index,time_cycles
0,3645592
page_index,time_cycles
0,2038590
page_index,time_cycles
0,3066986
page_index,time_cycles
0,1567194
page_index,time_cycles
0,1402962
page_index,time_cycles
0,2417388
page_index,time_cycles
0,1505888
page_index,time_cycles
0,3367430
page_index,time_cycles
0,3863340
page_index,time_cycles
0,3516520
page_index,time_cycles
0,1227598
page_index,time_cycles
0,2069856
page_index,time_cycles
0,5578184
page_index,time_cycles
0,4146632
page_index,time_cycles
0,3535392
page_index,time_cycles
0,1342202
page_index,time_cycles
0,1639794
page_index,time_cycles
0,2028876
page_index,time_cycles
0,4276918
page_index,time_cycles
0,3766904
page_index,time_cycles
0,3686890
page_index,time_cycles
0,1608920
page_index,time_cycles
0,1269888
page_index,time_cycles
0,2197306
page_index,time_cycles
0,1559968
page_index,time_cycles
0,1376542
page_index,time_cycles
0,3978604
page_index,time_cycles
0,3415502
page_index,time_cycles
0,2052736
page_index,time_cycles
0,3966500
page_index,time_cycles
0,3682356
page_index,time_cycles
0,1291036
page_index,time_cycles
0,2268154
page_index,time_cycles
0,1514696
page_index,time_cycles
0,1362246
page_index,time_cycles
0,2377408
page_index,time_cycles
0,2894384
page_index,time_cycles
0,1356574
page_index,time_cycles
0,1832122
page_index,time_cycles
0,4148360
page_index,time_cycles
0,1519170
page_index,time_cycles
0,3181740
page_index,time_cycles
0,1368222
page_index,time_cycles
0,2210738
page_index,time_cycles
0,3481010
page_index,time_cycles
0,3800826
page_index,time_cycles
0,3728244
page_index,time_cycles
0,1780570
page_index,time_cycles
0,1303932
page_index,time_cycles
0,3292716
page_index,time_cycles
0,3742004
page_index,time_cycles
0,3648898
page_index,time_cycles
0,3113676
page_index,time_cycles
0,2933244
page_index,time_cycles
0,3158246
page_index,time_cycles
0,3321514
page_index,time_cycles
0,4118194
page_index,time_cycles
0,1345876
page_index,time_cycles
0,1441428
page_index,time_cycles
0,1370142
page_index,time_cycles
0,1232480
page_index,time_cycles
0,3407824
page_index,time_cycles
0,3474006
page_index,time_cycles
0,2292906
page_index,time_cycles
0,1769426
page_index,time_cycles
0,1503878
page_index,time_cycles
0,4070572
page_index,time_cycles
0,1263252
page_index,time_cycles
0,2219822
page_index,time_cycles
0,3570686
page_index,time_cycles
0,3799986
page_index,time_cycles
0,2182572
page_index,time_cycles
0,2132228
page_index,time_cycles
0,1651304
page_index,time_cycles
0,3499774
page_index,time_cycles
0,1716434
page_index,time_cycles
0,3610300
page_index,time_cycles
0,1817378
page_index,time_cycles
0,1298606
page_index,time_cycles
0,1315904
page_index,time_cycles
0,3198330
page_index,time_cycles
0,1639852
page_index,time_cycles
0,2263124
page_index,time_cycles
0,1626858
page_index,time_cycles
0,3902956
page_index,time_cycles
0,1418042
page_index,time_cycles
0,1585598
page_index,time_cycles
0,1479216
page_index,time_cycles
0,1311426
page_index,time_cycles
0,3212806
page_index,time_cycles
0,3890380
page_index,time_cycles
0,2371414
page_index,time_cycles
0,3404378
page_index,time_cycles
0,2110768
page_index,time_cycles
0,1968626
page_index,time_cycles
0,1315522
page_index,time_cycles
0,2233116
page_index,time_cycles
0,3657226
page_index,time_cycles
0,1580650
page_index,time_cycles
0,1449396
page_index,time_cycles
0,1317340
page_index,time_cycles
0,2532410
page_index,time_cycles
0,3697336
page_index,time_cycles
0,1433964
page_index,time_cycles
0,1366676
page_index,time_cycles
0,1153030
page_index,time_cycles
0,1308354
page_index,time_cycles
0,1222278
page_index,time_cycles
0,1432808
page_index,time_cycles
0,1380386
page_index,time_cycles
0,1644868
page_index,time_cycles
0,1974784
page_index,time_cycles
0,2208652
page_index,time_cycles
0,4233584
page_index,time_cycles
0,1411058
page_index,time_cycles
0,1264010
page_index,time_cycles
0,1264112
page_index,time_cycles
0,4022898
page_index,time_cycles
0,1196284
page_index,time_cycles
0,1362774
page_index,time_cycles
0,1303726
page_index,time_cycles
0,1580648
page_index,time_cycles
0,1340632
page_index,time_cycles
0,1382166
page_index,time_cycles
0,2538880
page_index,time_cycles
0,2291792
page_index,time_cycles
0,1243848
page_index,time_cycles
0,1434032
page_index,time_cycles
0,3707150
page_index,time_cycles
0,3228294
page_index,time_cycles
0,1552022
page_index,time_cycles
0,3631710
page_index,time_cycles
0,1334114
page_index,time_cycles
0,3996408
page_index,time_cycles
0,1827706
page_index,time_cycles
0,3481036
page_index,time_cycles
0,1408602
page_index,time_cycles
0,1584564
page_index,time_cycles
0,1809804
page_index,time_cycles
0,1668398
page_index,time_cycles
0,3712598
page_index,time_cycles
0,3746862
page_index,time_cycles
0,1170906
page_index,time_cycles
0,3586774
page_index,time_cycles
0,3327004
page_index,time_cycles
0,1475334
page_index,time_cycles
0,2137568
page_index,time_cycles
0,3785732
page_index,time_cycles
0,3855552
page_index,time_cycles
0,1551572
page_index,time_cycles
0,3612948
page_index,time_cycles
0,3332414
page_index,time_cycles
0,3713886
page_index,time_cycles
0,1443014
page_index,time_cycles
0,3840540
page_index,time_cycles
0,1256134
page_index,time_cycles
0,3395752
page_index,time_cycles
0,1399076
page_index,time_cycles
0,1261198
page_index,time_cycles
0,3365234
page_index,time_cycles
0,1535030
page_index,time_cycles
0,1834776
page_index,time_cycles
0,2308886
page_index,time_cycles
0,3477092
page_index,time_cycles
0,3404650
page_index,time_cycles
0,1452014
page_index,time_cycles
0,2172262
page_index,time_cycles
0,2115518
page_index,time_cycles
0,1461832
page_index,time_cycles
0,2118506
page_index,time_cycles
0,1188332
page_index,time_cycles
0,2588556
page_index,time_cycles
0,1274628
page_index,time_cycles
0,1429262
page_index,time_cycles
0,4016414
page_index,time_cycles
0,3834526
page_index,time_cycles
0,1642712
page_index,time_cycles
0,3400872
page_index,time_cycles
0,3562398
page_index,time_cycles
0,4235186
page_index,time_cycles
0,3921108
page_index,time_cycles
0,2226840
page_index,time_cycles
0,3277472
page_index,time_cycles
0,3594062
page_index,time_cycles
0,2288720
page_index,time_cycles
0,2453778
page_index,time_cycles
0,3610878
page_index,time_cycles
0,1382752
page_index,time_cycles
0,1509764
page_index,time_cycles
0,3668658
page_index,time_cycles
0,2396646
page_index,time_cycles
0,1217002
page_index,time_cycles
0,4039928
page_index,time_cycles
0,1377144
page_index,time_cycles
0,3065568
page_index,time_cycles
0,3004934
page_index,time_cycles
0,1424318
page_index,time_cycles
0,1884106
page_index,time_cycles
0,4677948
page_index,time_cycles
0,1682758
page_index,time_cycles
0,1256834
page_index,time_cycles
0,1780136
page_index,time_cycles
0,1554088
page_index,time_cycles
0,1989212
page_index,time_cycles
0,3753360
page_index,time_cycles
0,2956588
page_index,time_cycles
0,1252522
page_index,time_cycles
0,3651478
page_index,time_cycles
0,3766522
page_index,time_cycles
0,2208520
page_index,time_cycles
0,1268224
page_index,time_cycles
0,1780258
page_index,time_cycles
0,2458250
page_index,time_cycles
0,1313752
page_index,time_cycles
0,1296188
page_index,time_cycles
0,2241504
page_index,time_cycles
0,3106000
page_index,time_cycles
0,3887414
page_index,time_cycles
0,2169310
page_index,time_cycles
0,1188290
page_index,time_cycles
0,1293292
page_index,time_cycles
0,1371680
page_index,time_cycles
0,1410230
page_index,time_cycles
0,3203840
page_index,time_cycles
0,3829870
page_index,time_cycles
0,2288264
page_index,time_cycles
0,1616170
page_index,time_cycles
0,1321690
page_index,time_cycles
0,3734572
page_index,time_cycles
0,2877036
page_index,time_cycles
0,1204406
page_index,time_cycles
0,3845858
page_index,time_cycles
0,1188718
page_index,time_cycles
0,3328908
page_index,time_cycles
0,1235360
page_index,time_cycles
0,4399808
page_index,time_cycles
0,4196628
page_index,time_cycles
0,4064396
page_index,time_cycles
0,1530802
page_index,time_cycles
0,3319338
page_index,time_cycles
0,1288896
page_index,time_cycles
0,1252550
page_index,time_cycles
0,1393412
page_index,time_cycles
0,3702258
page_index,time_cycles
0,3865120
page_index,time_cycles
0,3376648
page_index,time_cycles
0,1323136
page_index,time_cycles
0,1448806
page_index,time_cycles
0,3376728
page_index,time_cycles
0,1271316
page_index,time_cycles
0,3642716
page_index,time_cycles
0,1619958
page_index,time_cycles
0,1560830
page_index,time_cycles
0,3665538
page_index,time_cycles
0,1678732
page_index,time_cycles
0,4248786
page_index,time_cycles
0,1290308
page_index,time_cycles
0,3005176
page_index,time_cycles
0,2124758
page_index,time_cycles
0,4199234
page_index,time_cycles
0,4142552
page_index,time_cycles
0,4222690
page_index,time_cycles
0,3722188
page_index,time_cycles
0,2216128
page_index,time_cycles
0,5383848
page_index,time_cycles
0,4140760
page_index,time_cycles
0,1478350
page_index,time_cycles
0,1927622
page_index,time_cycles
0,4140758
page_index,time_cycles
0,2491628
page_index,time_cycles
0,3766904
page_index,time_cycles
0,4327564
page_index,time_cycles
0,3659080
page_index,time_cycles
0,1261504
page_index,time_cycles
0,3994212
page_index,time_cycles
0,1196452
page_index,time_cycles
0,1783330
page_index,time_cycles
0,1497362
page_index,time_cycles
0,2418226
page_index,time_cycles
0,1364174
page_index,time_cycles
0,2026768
page_index,time_cycles
0,2645806
page_index,time_cycles
0,1409120
page_index,time_cycles
0,4292160
page_index,time_cycles
0,3915506
page_index,time_cycles
0,1474812
page_index,time_cycles
0,1410024
page_index,time_cycles
0,2958910
page_index,time_cycles
0,2071068
page_index,time_cycles
0,3345066
page_index,time_cycles
0,3163300
page_index,time_cycles
0,3533026
page_index,time_cycles
0,4031510
page_index,time_cycles
0,1449532
page_index,time_cycles
0,1534694
page_index,time_cycles
0,1346218
page_index,time_cycles
0,1237294
page_index,time_cycles
0,3550990
page_index,time_cycles
0,2001640
page_index,time_cycles
0,2087698
page_index,time_cycles
0,3508118
page_index,time_cycles
0,1419346
page_index,time_cycles
0,1517974
page_index,time_cycles
0,3764992
page_index,time_cycles
0,2404048
page_index,time_cycles
0,1752958
page_index,time_cycles
0,2046944
page_index,time_cycles
0,2003346
page_index,time_cycles
0,2006610
page_index,time_cycles
0,3578550
page_index,time_cycles
0,3640654
page_index,time_cycles
0,3411340
page_index,time_cycles
0,1563698
page_index,time_cycles
0,4227292
page_index,time_cycles
0,3328176
page_index,time_cycles
0,1709392
page_index,time_cycles
0,1974912
page_index,time_cycles
0,2246930
page_index,time_cycles
0,4135618
page_index,time_cycles
0,3184918
page_index,time_cycles
0,1498764
page_index,time_cycles
0,3361768
page_index,time_cycles
0,1290472
page_index,time_cycles
0,1175028
page_index,time_cycles
0,2121838
page_index,time_cycles
0,1324912
page_index,time_cycles
0,1534770
page_index,time_cycles
0,2384278
page_index,time_cycles
0,1289996
page_index,time_cycles
0,1852568
page_index,time_cycles
0,1493168
page_index,time_cycles
0,1653230
page_index,time_cycles
0,1377302
page_index,time_cycles
0,3149644
page_index,time_cycles
0,2511674
page_index,time_cycles
0,2978552
page_index,time_cycles
0,3764706
page_index,time_cycles
0,1208768
page_index,time_cycles
0,1278836
page_index,time_cycles
0,3671784
page_index,time_cycles
0,1321390
page_index,time_cycles
0,1286224
page_index,time_cycles
0,3813110
page_index,time_cycles
0,1248986
page_index,time_cycles
0,1446880
page_index,time_cycles
0,1332066
page_index,time_cycles
0,3486606
page_index,time_cycles
0,4189554
page_index,time_cycles
0,2363994
page_index,time_cycles
0,1205318
page_index,time_cycles
0,1422784
page_index,time_cycles
0,1599722
page_index,time_cycles
0,2582964
page_index,time_cycles
0,2210262
page_index,time_cycles
0,3618452
page_index,time_cycles
0,1260960
page_index,time_cycles
0,4014930
page_index,time_cycles
0,1498538
page_index,time_cycles
0,1209084
page_index,time_cycles
0,3605400
page_index,time_cycles
0,1604462
page_index,time_cycles
0,3627784
page_index,time_cycles
0,1349592
page_index,time_cycles
0,4148736
page_index,time_cycles
0,3511638
page_index,time_cycles
0,1481454
page_index,time_cycles
0,2951166
page_index,time_cycles
0,2315364
page_index,time_cycles
0,2993268
page_index,time_cycles
0,4149838
page_index,time_cycles
0,1473562
page_index,time_cycles
0,4235224
page_index,time_cycles
0,4252272
page_index,time_cycles
0,4485342
page_index,time_cycles
0,1541068
page_index,time_cycles
0,3526864
page_index,time_cycles
0,1408380
page_index,time_cycles
0,3243648
page_index,time_cycles
0,3706962
page_index,time_cycles
0,1198846
page_index,time_cycles
0,1263960
page_index,time_cycles
0,2191616
page_index,time_cycles
0,3949084
page_index,time_cycles
0,3943872
page_index,time_cycles
0,1950312
page_index,time_cycles
0,1296706
page_index,time_cycles
0,3347760
page_index,time_cycles
0,1533310
page_index,time_cycles
0,4996214
page_index,time_cycles
0,1365712
page_index,time_cycles
0,1819134
page_index,time_cycles
0,1307686
page_index,time_cycles
0,1326516
page_index,time_cycles
0,2332882
page_index,time_cycles
0,3684836
page_index,time_cycles
0,1215792
page_index,time_cycles
0,4008524
page_index,time_cycles
0,2281946
page_index,time_cycles
0,2815746
page_index,time_cycles
0,3219994
page_index,time_cycles
0,2018726
page_index,time_cycles
0,4111556
page_index,time_cycles
0,4147812
page_index,time_cycles
0,1349316
page_index,time_cycles
0,2370614
page_index,time_cycles
0,1928300
page_index,time_cycles
0,3788416
page_index,time_cycles
0,1717966
page_index,time_cycles
0,1182176
page_index,time_cycles
0,1517444
page_index,time_cycles
0,3913962
page_index,time_cycles
0,1940598
page_index,time_cycles
0,4036826
page_index,time_cycles
0,1593116
page_index,time_cycles
0,1121294
page_index,time_cycles
0,1478938
page_index,time_cycles
0,3125706
page_index,time_cycles
0,1500976
page_index,time_cycles
0,1198688
page_index,time_cycles
0,1265730
page_index,time_cycles
0,1320878
page_index,time_cycles
0,3978190
page_index,time_cycles
0,3483050
page_index,time_cycles
0,1222418
page_index,time_cycles
0,1418262
page_index,time_cycles
0,1435546
page_index,time_cycles
0,1355174
page_index,time_cycles
0,1483908
page_index,time_cycles
0,1145956
page_index,time_cycles
0,4142234
page_index,time_cycles
0,3426324
page_index,time_cycles
0,3301030
page_index,time_cycles
0,3918860
page_index,time_cycles
0,4369006
page_index,time_cycles
0,2605528
page_index,time_cycles
0,1287624
page_index,time_cycles
0,1773160
page_index,time_cycles
0,3333486
page_index,time_cycles
0,1394820
page_index,time_cycles
0,2043858
page_index,time_cycles
0,1345698
page_index,time_cycles
0,1397388
page_index,time_cycles
0,1332006
page_index,time_cycles
0,3650406
page_index,time_cycles
0,1412716
page_index,time_cycles
0,3585632
page_index,time_cycles
0,4345514
page_index,time_cycles
0,3636994
page_index,time_cycles
0,1344972
page_index,time_cycles
0,3699354
page_index,time_cycles
0,2551750
page_index,time_cycles
0,1589916
page_index,time_cycles
0,3457056
page_index,time_cycles
0,3768474
page_index,time_cycles
0,3759236
page_index,time_cycles
0,2412990
page_index,time_cycles
0,1318958
page_index,time_cycles
0,3935316
page_index,time_cycles
0,3614324
page_index,time_cycles
0,2782830
page_index,time_cycles
0,1380654
page_index,time_cycles
0,3168780
page_index,time_cycles
0,4069192
page_index,time_cycles
0,2176902
page_index,time_cycles
0,3947048
page_index,time_cycles
0,3786182
page_index,time_cycles
0,2424732
page_index,time_cycles
0,1954570
page_index,time_cycles
0,1502464
page_index,time_cycles
0,4839794
page_index,time_cycles
0,1860760
page_index,time_cycles
0,1299210
page_index,time_cycles
0,1372856
page_index,time_cycles
0,2367418
page_index,time_cycles
0,3399286
page_index,time_cycles
0,1188978
page_index,time_cycles
0,3358954
page_index,time_cycles
0,1146158
page_index,time_cycles
0,1127234
page_index,time_cycles
0,3593940
page_index,time_cycles
0,1335268
page_index,time_cycles
0,3878444
page_index,time_cycles
0,1267044
page_index,time_cycles
0,3604270
page_index,time_cycles
0,3068700
page_index,time_cycles
0,1604282
page_index,time_cycles
0,1325076
page_index,time_cycles
0,2565658
page_index,time_cycles
0,4242792
page_index,time_cycles
0,1219766
page_index,time_cycles
0,3904934
page_index,time_cycles
0,1818934
page_index,time_cycles
0,1412250
page_index,time_cycles
0,3790744
page_index,time_cycles
0,1447680
page_index,time_cycles
0,4931242
page_index,time_cycles
0,3304082
page_index,time_cycles
0,3072566
page_index,time_cycles
0,3980786
page_index,time_cycles
0,3898104
page_index,time_cycles
0,3210364
page_index,time_cycles
0,1411248
page_index,time_cycles
0,4058060
page_index,time_cycles
0,2115338
page_index,time_cycles
0,1337134
page_index,time_cycles
0,1285992
page_index,time_cycles
0,1336852
page_index,time_cycles
0,3767806
page_index,time_cycles
0,3989566
page_index,time_cycles
0,1286946
page_index,time_cycles
0,3448508
page_index,time_cycles
0,3311020
page_index,time_cycles
0,3762532
page_index,time_cycles
0,3137652
page_index,time_cycles
0,2427756
page_index,time_cycles
0,1990718
page_index,time_cycles
0,1319724
page_index,time_cycles
0,1221394
page_index,time_cycles
0,1262640
page_index,time_cycles
0,2197424
page_index,time_cycles
0,2878452
page_index,time_cycles
0,3428186
page_index,time_cycles
0,1389548
page_index,time_cycles
0,3465642
page_index,time_cycles
0,2891460
page_index,time_cycles
0,1238570
page_index,time_cycles
0,3798020
page_index,time_cycles
0,1194192
page_index,time_cycles
0,4195780
page_index,time_cycles
0,1195186
page_index,time_cycles
0,1314256
page_index,time_cycles
0,1342272
page_index,time_cycles
0,3468598
page_index,time_cycles
0,1591996
page_index,time_cycles
0,3643872
page_index,time_cycles
0,3814952
page_index,time_cycles
0,1178522
page_index,time_cycles
0,1194616
page_index,time_cycles
0,1720036
page_index,time_cycles
0,4020928
page_index,time_cycles
0,2274460
page_index,time_cycles
0,1486526
page_index,time_cycles
0,2131248
page_index,time_cycles
0,1702416
page_index,time_cycles
0,3677894
page_index,time_cycles
0,1825392
page_index,time_cycles
0,1250660
page_index,time_cycles
0,3419062
page_index,time_cycles
0,3500360
page_index,time_cycles
0,1177844
page_index,time_cycles
0,4136508
page_index,time_cycles
0,1463046
page_index,time_cycles
0,3851962
page_index,time_cycles
0,4214338
page_index,time_cycles
0,3934278
page_index,time_cycles
0,3026380
page_index,time_cycles
0,1384786
page_index,time_cycles
0,4019214
page_index,time_cycles
0,1172838
page_index,time_cycles
0,3484866
page_index,time_cycles
0,3815404
page_index,time_cycles
0,1477620
page_index,time_cycles
0,3588156
page_index,time_cycles
0,4586230
page_index,time_cycles
0,1187526
page_index,time_cycles
0,1254976
page_index,time_cycles
0,2056748
page_index,time_cycles
0,2290470
page_index,time_cycles
0,2310500
page_index,time_cycles
0,2523806
page_index,time_cycles
0,1488782
page_index,time_cycles
0,3698036
page_index,time_cycles
0,1260730
page_index,time_cycles
0,3794090
page_index,time_cycles
0,1387900
page_index,time_cycles
0,3230042
page_index,time_cycles
0,1889626
page_index,time_cycles
0,1258300
page_index,time_cycles
0,1330620
page_index,time_cycles
0,1295324
page_index,time_cycles
0,1924122
page_index,time_cycles
0,1621720
page_index,time_cycles
0,3231638
page_index,time_cycles
0,3173040
page_index,time_cycles
0,3713520
page_index,time_cycles
0,1787820
page_index,time_cycles
0,1980650
page_index,time_cycles
0,1425868
page_index,time_cycles
0,3357326
page_index,time_cycles
0,2554714
page_index,time_cycles
0,1597340
page_index,time_cycles
0,4125752
page_index,time_cycles
0,2108212
page_index,time_cycles
0,1958754
page_index,time_cycles
0,3446488
page_index,time_cycles
0,3783844
page_index,time_cycles
0,3736766
page_index,time_cycles
0,1741958
page_index,time_cycles
0,1567872
page_index,time_cycles
0,3666546
page_index,time_cycles
0,2349204
page_index,time_cycles
0,1366194
page_index,time_cycles
0,3337488
page_index,time_cycles
0,1209020
page_index,time_cycles
0,3966234
page_index,time_cycles
0,3497984
page_index,time_cycles
0,3552070
page_index,time_cycles
0,1428530
page_index,time_cycles
0,2386784
page_index,time_cycles
0,2421194
page_index,time_cycles
0,3700888
page_index,time_cycles
0,1216166
page_index,time_cycles
0,3612782
page_index,time_cycles
0,1843036
page_index,time_cycles
0,1238734
page_index,time_cycles
0,1244272
page_index,time_cycles
0,1422758
page_index,time_cycles
0,1541752
page_index,time_cycles
0,1164886
page_index,time_cycles
0,1484492
page_index,time_cycles
0,4211156
page_index,time_cycles
0,1225306
page_index,time_cycles
0,1326220
page_index,time_cycles
0,3625400
page_index,time_cycles
0,1410958
page_index,time_cycles
0,1228526
page_index,time_cycles
0,3968820
page_index,time_cycles
0,1497962
page_index,time_cycles
0,2610112
page_index,time_cycles
0,3252232
page_index,time_cycles
0,1658728
page_index,time_cycles
0,1635158
page_index,time_cycles
0,1413662
page_index,time_cycles
0,1462804
page_index,time_cycles
0,4043702
page_index,time_cycles
0,4819954
page_index,time_cycles
0,3615380
page_index,time_cycles
0,1194662
page_index,time_cycles
0,2428180
page_index,time_cycles
0,3451486
page_index,time_cycles
0,3313680
page_index,time_cycles
0,1424446
page_index,time_cycles
0,7330534
page_index,time_cycles
0,1617108
page_index,time_cycles
0,1835892
page_index,time_cycles
0,1209164
page_index,time_cycles
0,3513908
page_index,time_cycles
0,1408448
page_index,time_cycles
0,2271964
page_index,time_cycles
0,1213592
page_index,time_cycles
0,2271884
page_index,time_cycles
0,3509234
page_index,time_cycles
0,3793784
page_index,time_cycles
0,1200084
page_index,time_cycles
0,2940306
page_index,time_cycles
0,1251794
page_index,time_cycles
0,1534338
page_index,time_cycles
0,2090824
page_index,time_cycles
0,1112910
page_index,time_cycles
0,3855032
page_index,time_cycles
0,2049016
page_index,time_cycles
0,1312802
page_index,time_cycles
0,1211948
page_index,time_cycles
0,1448338
page_index,time_cycles
0,1665856
page_index,time_cycles
0,3444834
page_index,time_cycles
0,3696672
page_index,time_cycles
0,3930996
page_index,time_cycles
0,3157000
page_index,time_cycles
0,1274700
page_index,time_cycles
0,4050660
page_index,time_cycles
0,1869184
page_index,time_cycles
0,1387438
page_index,time_cycles
0,1611362
page_index,time_cycles
0,3513040
page_index,time_cycles
0,3299182
page_index,time_cycles
0,3197882
page_index,time_cycles
0,2511654
page_index,time_cycles
0,3574250
page_index,time_cycles
0,1269958
page_index,time_cycles
0,1343106
page_index,time_cycles
0,2252550
page_index,time_cycles
0,1523722
page_index,time_cycles
0,2066008
page_index,time_cycles
0,1966828
page_index,time_cycles
0,2311908
page_index,time_cycles
0,3806140
page_index,time_cycles
0,4100910
page_index,time_cycles
0,1365072
page_index,time_cycles
0,1487908
page_index,time_cycles
0,3465746
page_index,time_cycles
0,1295518
page_index,time_cycles
0,3516144
page_index,time_cycles
0,4136190
page_index,time_cycles
0,3605752
page_index,time_cycles
0,1263970
page_index,time_cycles
0,1412330
page_index,time_cycles
0,1264054
page_index,time_cycles
0,1476426
page_index,time_cycles
0,1220336
page_index,time_cycles
0,3735776
page_index,time_cycles
0,2081266
page_index,time_cycles
0,1225494
page_index,time_cycles
0,3168426
page_index,time_cycles
0,1240568
page_index,time_cycles
0,4414564
page_index,time_cycles
0,1297704
page_index,time_cycles
0,1280162
page_index,time_cycles
0,1436652
page_index,time_cycles
0,1536360
page_index,time_cycles
0,2262160
page_index,time_cycles
0,3754908
page_index,time_cycles
0,1280150
page_index,time_cycles
0,3945752
page_index,time_cycles
0,1316422
page_index,time_cycles
0,1572858
page_index,time_cycles
0,1375242
page_index,time_cycles
0,1492980
page_index,time_cycles
0,1309542
page_index,time_cycles
0,1406998
page_index,time_cycles
0,2125902
page_index,time_cycles
0,1540984
page_index,time_cycles
0,2150602
page_index,time_cycles
0,1297432
page_index,time_cycles
0,1267820
page_index,time_cycles
0,1343730
page_index,time_cycles
0,5863302
page_index,time_cycles
0,1327086
page_index,time_cycles
0,2165528
page_index,time_cycles
0,1336280
page_index,time_cycles
0,1560034
page_index,time_cycles
0,1353068
page_index,time_cycles
0,1337048
page_index,time_cycles
0,1938272
page_index,time_cycles
0,1490178
page_index,time_cycles
0,1498728
page_index,time_cycles
0,2156108
page_index,time_cycles
0,2393230
page_index,time_cycles
0,1275510
page_index,time_cycles
0,4151324
page_index,time_cycles
0,1261476
page_index,time_cycles
0,1424736
page_index,time_cycles
0,3526136
page_index,time_cycles
0,1499292
page_index,time_cycles
0,1331276
page_index,time_cycles
0,3875730
page_index,time_cycles
0,2547014
page_index,time_cycles
0,1325630
page_index,time_cycles
0,1630024
page_index,time_cycles
0,3551246
page_index,time_cycles
0,1902008
page_index,time_cycles
0,2197662
page_index,time_cycles
0,1636858
page_index,time_cycles
0,1842286
page_index,time_cycles
0,1194146
page_index,time_cycles
0,3630698
page_index,time_cycles
0,1516876
page_index,time_cycles
0,3501432
page_index,time_cycles
0,1253000
page_index,time_cycles
0,3397672
page_index,time_cycles
0,2814060
page_index,time_cycles
0,3053688
page_index,time_cycles
0,3679322
page_index,time_cycles
0,3279536
page_index,time_cycles
0,1434646
page_index,time_cycles
0,3519406
page_index,time_cycles
0,2488074
page_index,time_cycles
0,2273974
page_index,time_cycles
0,1266996
page_index,time_cycles
0,1322820
page_index,time_cycles
0,2310336
page_index,time_cycles
0,1400538
page_index,time_cycles
0,2381618
page_index,time_cycles
0,2014384
page_index,time_cycles
0,1969558
page_index,time_cycles
0,2330566
page_index,time_cycles
0,1473092
page_index,time_cycles
0,1979374
page_index,time_cycles
0,1482278
page_index,time_cycles
0,1337930
page_index,time_cycles
0,1224928
page_index,time_cycles
0,3419798
page_index,time_cycles
0,1225480
page_index,time_cycles
0,2047116
page_index,time_cycles
0,2056874
page_index,time_cycles
0,3719288
page_index,time_cycles
0,1286758
page_index,time_cycles
0,2477214
page_index,time_cycles
0,1548058
page_index,time_cycles
0,1210190
page_index,time_cycles
0,1564614
page_index,time_cycles
0,3380928
page_index,time_cycles
0,2786316
page_index,time_cycles
0,3426676
page_index,time_cycles
0,1511870
page_index,time_cycles
0,3301286
page_index,time_cycles
0,4373750
page_index,time_cycles
0,1269402
page_index,time_cycles
0,1620096
page_index,time_cycles
0,3460848
page_index,time_cycles
0,3198008
page_index,time_cycles
0,1866882
page_index,time_cycles
0,2205736
page_index,time_cycles
0,2363976
page_index,time_cycles
0,3231170
page_index,time_cycles
0,1714004
page_index,time_cycles
0,2326398
page_index,time_cycles
0,1482058
page_index,time_cycles
0,6954240
page_index,time_cycles
0,3660210
page_index,time_cycles
0,3705764
page_index,time_cycles
0,1574004
page_index,time_cycles
0,4286646
page_index,time_cycles
0,1805880
page_index,time_cycles
0,4001592
page_index,time_cycles
0,1192816
page_index,time_cycles
0,3192576
page_index,time_cycles
0,1432050
page_index,time_cycles
0,1196556
page_index,time_cycles
0,4096146
page_index,time_cycles
0,1530532
page_index,time_cycles
0,3839508
page_index,time_cycles
0,1425226
page_index,time_cycles
0,1222780
page_index,time_cycles
0,1407664
page_index,time_cycles
0,1203540
page_index,time_cycles
0,1414734
page_index,time_cycles
0,4208934
page_index,time_cycles
0,1445816
page_index,time_cycles
0,3849756
page_index,time_cycles
0,3794558
page_index,time_cycles
0,1150950
page_index,time_cycles
0,2000658
page_index,time_cycles
0,1271578
page_index,time_cycles
0,3749384
page_index,time_cycles
0,3653774
page_index,time_cycles
0,1370036
page_index,time_cycles
0,1286080
page_index,time_cycles
0,1356284
page_index,time_cycles
0,3591004
page_index,time_cycles
0,1440032
page_index,time_cycles
0,3633290
page_index,time_cycles
0,3588886
page_index,time_cycles
0,1904884
page_index,time_cycles
0,1420714
page_index,time_cycles
0,3385758
page_index,time_cycles
0,1442144
page_index,time_cycles
0,1962492
page_index,time_cycles
0,2404368
page_index,time_cycles
0,1966626
page_index,time_cycles
0,1901522
page_index,time_cycles
0,7771544
page_index,time_cycles
0,1174170
page_index,time_cycles
0,3861168
page_index,time_cycles
0,1261872
page_index,time_cycles
0,4277240
page_index,time_cycles
0,1260608
page_index,time_cycles
0,3584766
page_index,time_cycles
0,1287290
page_index,time_cycles
0,2072790
page_index,time_cycles
0,1413084
page_index,time_cycles
0,1724168
page_index,time_cycles
0,1236112
page_index,time_cycles
0,1968030
page_index,time_cycles
0,2475776
page_index,time_cycles
0,1921368
page_index,time_cycles
0,3448188
page_index,time_cycles
0,3362156
page_index,time_cycles
0,4042100
page_index,time_cycles
0,1653090
page_index,time_cycles
0,1529322
page_index,time_cycles
0,1220620
page_index,time_cycles
0,1445168
page_index,time_cycles
0,3391028
page_index,time_cycles
0,1579712
page_index,time_cycles
0,1327844
page_index,time_cycles
0,3914720
page_index,time_cycles
0,2104434
page_index,time_cycles
0,1336292
page_index,time_cycles
0,1304964
page_index,time_cycles
0,1380858
page_index,time_cycles
0,3038454
page_index,time_cycles
0,3770052
page_index,time_cycles
0,1202270
page_index,time_cycles
0,1394424
page_index,time_cycles
0,2148774
page_index,time_cycles
0,1369336
page_index,time_cycles
0,3564596
page_index,time_cycles
0,3975078
page_index,time_cycles
0,1408758
page_index,time_cycles
0,4141418
page_index,time_cycles
0,2756220
page_index,time_cycles
0,1327210
page_index,time_cycles
0,2881430
page_index,time_cycles
0,1494336
page_index,time_cycles
0,1256846
page_index,time_cycles
0,3841334
page_index,time_cycles
0,2282654
page_index,time_cycles
0,1944770
page_index,time_cycles
0,2059290
page_index,time_cycles
0,2362102
page_index,time_cycles
0,1207772
page_index,time_cycles
0,1328460
page_index,time_cycles
0,4101640
page_index,time_cycles
0,1335736
page_index,time_cycles
0,4325706
page_index,time_cycles
0,1317156
page_index,time_cycles
0,1142692
page_index,time_cycles
0,3637456
page_index,time_cycles
0,3356968
page_index,time_cycles
0,3884172
page_index,time_cycles
0,1226332
page_index,time_cycles
0,1171526
page_index,time_cycles
0,1331658
page_index,time_cycles
0,1683832
page_index,time_cycles
0,1680338
page_index,time_cycles
0,1843124
page_index,time_cycles
0,3618874
page_index,time_cycles
0,1149964
page_index,time_cycles
0,2797882
page_index,time_cycles
0,1264982
page_index,time_cycles
0,2163402
page_index,time_cycles
0,3691306
page_index,time_cycles
0,3806788
page_index,time_cycles
0,2235026
page_index,time_cycles
0,3182292
page_index,time_cycles
0,3797970
page_index,time_cycles
0,1194538
page_index,time_cycles
0,1202530
page_index,time_cycles
0,1606544
page_index,time_cycles
0,3484968
page_index,time_cycles
0,2599466
page_index,time_cycles
0,3729408
page_index,time_cycles
0,4060266
page_index,time_cycles
0,1628068
page_index,time_cycles
0,2353462
page_index,time_cycles
0,5288652
page_index,time_cycles
0,1615846
page_index,time_cycles
0,2725406
page_index,time_cycles
0,3484214
page_index,time_cycles
0,4263398
page_index,time_cycles
0,1426412
page_index,time_cycles
0,1442420
page_index,time_cycles
0,3542978
page_index,time_cycles
0,3609532
page_index,time_cycles
0,3560612
page_index,time_cycles
0,2226860
page_index,time_cycles
0,1219360
page_index,time_cycles
0,1313548
page_index,time_cycles
0,1170048
page_index,time_cycles
0,2466720
page_index,time_cycles
0,2200494
page_index,time_cycles
0,4611516
page_index,time_cycles
0,3484702
page_index,time_cycles
0,2437322
page_index,time_cycles
0,1289038
page_index,time_cycles
0,1395288
page_index,time_cycles
0,1496718
page_index,time_cycles
0,1285196
page_index,time_cycles
0,3424872
page_index,time_cycles
0,2423558
page_index,time_cycles
0,3692968
page_index,time_cycles
0,1179770
page_index,time_cycles
0,3632992
page_index,time_cycles
0,3326054
page_index,time_cycles
0,4130496
page_index,time_cycles
0,1302090
page_index,time_cycles
0,3592712
page_index,time_cycles
0,1582778
page_index,time_cycles
0,3332632
page_index,time_cycles
0,1336326
page_index,time_cycles
0,1507652
page_index,time_cycles
0,1300574
page_index,time_cycles
0,4096406
page_index,time_cycles
0,1935382
page_index,time_cycles
0,1869270
page_index,time_cycles
0,3713388
page_index,time_cycles
0,2202116
page_index,time_cycles
0,2798554
page_index,time_cycles
0,3921708
page_index,time_cycles
0,1302778
page_index,time_cycles
0,1573142
page_index,time_cycles
0,1247352
page_index,time_cycles
0,3161880
page_index,time_cycles
0,3666672
page_index,time_cycles
0,3705044
page_index,time_cycles
0,3751944
page_index,time_cycles
0,4306354
page_index,time_cycles
0,1491184
page_index,time_cycles
0,3654456
page_index,time_cycles
0,3346504
page_index,time_cycles
0,3143944
page_index,time_cycles
0,2120362
page_index,time_cycles
0,1127308
page_index,time_cycles
0,1301834
page_index,time_cycles
0,1349724
page_index,time_cycles
0,3642012
page_index,time_cycles
0,1417840
page_index,time_cycles
0,1172938
page_index,time_cycles
0,3563934
page_index,time_cycles
0,4188778
page_index,time_cycles
0,3663812
page_index,time_cycles
0,1498392
page_index,time_cycles
0,3731930
page_index,time_cycles
0,4308672
page_index,time_cycles
0,2196112
page_index,time_cycles
0,3937252
page_index,time_cycles
0,3779168
page_index,time_cycles
0,3010064
page_index,time_cycles
0,3707748
page_index,time_cycles
0,1191292
page_index,time_cycles
0,1407794
page_index,time_cycles
0,1580282
page_index,time_cycles
0,1566298
page_index,time_cycles
0,1359396
page_index,time_cycles
0,1186884
page_index,time_cycles
0,3173498
page_index,time_cycles
0,1580750
page_index,time_cycles
0,1470176
page_index,time_cycles
0,1275324
page_index,time_cycles
0,1221928
page_index,time_cycles
0,3950572
page_index,time_cycles
0,1336406
page_index,time_cycles
0,1356602
page_index,time_cycles
0,1262426
page_index,time_cycles
0,1751578
page_index,time_cycles
0,2089566
page_index,time_cycles
0,1567448
page_index,time_cycles
0,3919716
page_index,time_cycles
0,3106280
page_index,time_cycles
0,1719626
page_index,time_cycles
0,1618624
page_index,time_cycles
0,1613434
page_index,time_cycles
0,3455452
page_index,time_cycles
0,4538456
page_index,time_cycles
0,3711302
page_index,time_cycles
0,1258928
page_index,time_cycles
0,3746922
page_index,time_cycles
0,1890640
page_index,time_cycles
0,2064230
page_index,time_cycles
0,1216536
page_index,time_cycles
0,4016000
page_index,time_cycles
0,4214440
page_index,time_cycles
0,1471328
page_index,time_cycles
0,1238970
page_index,time_cycles
0,1311350
page_index,time_cycles
0,3394128
page_index,time_cycles
0,1637852
page_index,time_cycles
0,3162412
page_index,time_cycles
0,4551792
page_index,time_cycles
0,2212782
page_index,time_cycles
0,1450460
page_index,time_cycles
0,1310312
page_index,time_cycles
0,3169858
page_index,time_cycles
0,1403566
page_index,time_cycles
0,1489152
page_index,time_cycles
0,3396988
page_index,time_cycles
0,2055750
page_index,time_cycles
0,1258962
page_index,time_cycles
0,3758222
page_index,time_cycles
0,3131998
page_index,time_cycles
0,3648820
page_index,time_cycles
0,5988132
page_index,time_cycles
0,1411946
page_index,time_cycles
0,3599742
page_index,time_cycles
0,3638736
page_index,time_cycles
0,1479700
page_index,time_cycles
0,2593268
page_index,time_cycles
0,1202734
page_index,time_cycles
0,3925696
page_index,time_cycles
0,1498364
page_index,time_cycles
0,1300024
page_index,time_cycles
0,1376708
page_index,time_cycles
0,3179904
page_index,time_cycles
0,1167132
page_index,time_cycles
0,3430704
page_index,time_cycles
0,1478416
page_index,time_cycles
0,1505040
page_index,time_cycles
0,4500768
page_index,time_cycles
0,1218848
page_index,time_cycles
0,2249978
page_index,time_cycles
0,3665280
page_index,time_cycles
0,3615926
page_index,time_cycles
0,3801600
page_index,time_cycles
0,3246548
page_index,time_cycles
0,3980006
page_index,time_cycles
0,1163066
page_index,time_cycles
0,4377758
page_index,time_cycles
0,3715090
page_index,time_cycles
0,1308566
page_index,time_cycles
0,3435864
page_index,time_cycles
0,1851008
page_index,time_cycles
0,1311666
page_index,time_cycles
0,1965434
page_index,time_cycles
0,2592170
page_index,time_cycles
0,1255698
page_index,time_cycles
0,1318880
page_index,time_cycles
0,2048288
page_index,time_cycles
0,3456768
page_index,time_cycles
0,1324708
page_index,time_cycles
0,1511376
page_index,time_cycles
0,1473332
page_index,time_cycles
0,4240574
page_index,time_cycles
0,1370274
page_index,time_cycles
0,1356598
page_index,time_cycles
0,3695340
page_index,time_cycles
0,4283662
page_index,time_cycles
0,1524072
page_index,time_cycles
0,1272776
page_index,time_cycles
0,1656378
page_index,time_cycles
0,1668272
page_index,time_cycles
0,1321800
page_index,time_cycles
0,3726950
page_index,time_cycles
0,2976100
page_index,time_cycles
0,1141662
page_index,time_cycles
0,3809196
page_index,time_cycles
0,2678772
page_index,time_cycles
0,1262288
page_index,time_cycles
0,2233222
page_index,time_cycles
0,1822016
page_index,time_cycles
0,3948846
page_index,time_cycles
0,3697200
page_index,time_cycles
0,1186070
page_index,time_cycles
0,3520828
page_index,time_cycles
0,3623954
page_index,time_cycles
0,3135056
page_index,time_cycles
0,1164576
page_index,time_cycles
0,2123424
page_index,time_cycles
0,2515248
page_index,time_cycles
0,1693498
page_index,time_cycles
0,2373426
page_index,time_cycles
0,1245294
page_index,time_cycles
0,1931140
page_index,time_cycles
0,4208072
page_index,time_cycles
0,1839524
page_index,time_cycles
0,4007764
page_index,time_cycles
0,1468868
page_index,time_cycles
0,1969016
page_index,time_cycles
0,1893844
page_index,time_cycles
0,1201146
page_index,time_cycles
0,3557154
page_index,time_cycles
0,1426316
page_index,time_cycles
0,2740256
page_index,time_cycles
0,3489942
page_index,time_cycles
0,1358920
page_index,time_cycles
0,3844948
page_index,time_cycles
0,3614036
page_index,time_cycles
0,5128492
page_index,time_cycles
0,1122134
page_index,time_cycles
0,1752696
page_index,time_cycles
0,3897688
page_index,time_cycles
0,3941236
page_index,time_cycles
0,1225656
page_index,time_cycles
0,3411966
page_index,time_cycles
0,1234892
page_index,time_cycles
0,1905394
page_index,time_cycles
0,4009208
page_index,time_cycles
0,1611516
page_index,time_cycles
0,3613416
page_index,time_cycles
0,1423380
page_index,time_cycles
0,2309048
page_index,time_cycles
0,1271950
page_index,time_cycles
0,1434192
page_index,time_cycles
0,3196708
page_index,time_cycles
0,1563944
page_index,time_cycles
0,3380150
page_index,time_cycles
0,1289248
page_index,time_cycles
0,3913956
page_index,time_cycles
0,1168876
page_index,time_cycles
0,1377010
page_index,time_cycles
0,2239138
page_index,time_cycles
0,1410652
page_index,time_cycles
0,1994934
page_index,time_cycles
0,1330688
page_index,time_cycles
0,1685040
page_index,time_cycles
0,1334384
page_index,time_cycles
0,1343464
page_index,time_cycles
0,2275808
page_index,time_cycles
0,1934396
page_index,time_cycles
0,3854574
page_index,time_cycles
0,1584798
page_index,time_cycles
0,2300124
page_index,time_cycles
0,2656956
page_index,time_cycles
0,1566708
page_index,time_cycles
0,3625420
page_index,time_cycles
0,3547644
page_index,time_cycles
0,1169600
page_index,time_cycles
0,3362668
page_index,time_cycles
0,1745664
page_index,time_cycles
0,5176288
page_index,time_cycles
0,2009242
page_index,time_cycles
0,2390552
page_index,time_cycles
0,3589490
page_index,time_cycles
0,2082802
page_index,time_cycles
0,1210678
page_index,time_cycles
0,3420866
page_index,time_cycles
0,1273594
page_index,time_cycles
0,3981274
page_index,time_cycles
0,1332584
page_index,time_cycles
0,1456694
page_index,time_cycles
0,1319954
page_index,time_cycles
0,1396222
page_index,time_cycles
0,1264810
page_index,time_cycles
0,1462048
page_index,time_cycles
0,1606168
page_index,time_cycles
0,2506516
page_index,time_cycles
0,2511860
page_index,time_cycles
0,1423976
page_index,time_cycles
0,1362832
page_index,time_cycles
0,1523256
page_index,time_cycles
0,2041744
page_index,time_cycles
0,1739194
page_index,time_cycles
0,2041922
page_index,time_cycles
0,3169620
page_index,time_cycles
0,1927324
page_index,time_cycles
0,3751584
page_index,time_cycles
0,3970548
page_index,time_cycles
0,1355074
page_index,time_cycles
0,1261576
page_index,time_cycles
0,1285802
page_index,time_cycles
0,1179096
page_index,time_cycles
0,1844022
page_index,time_cycles
0,1180178
page_index,time_cycles
0,4291062
page_index,time_cycles
0,2297140
page_index,time_cycles
0,3726752
page_index,time_cycles
0,2500722
page_index,time_cycles
0,3526636
page_index,time_cycles
0,1205162
page_index,time_cycles
0,1211630
page_index,time_cycles
0,2543102
page_index,time_cycles
0,3565592
page_index,time_cycles
0,3312838
page_index,time_cycles
0,3105276
page_index,time_cycles
0,1641050
page_index,time_cycles
0,1690250
page_index,time_cycles
0,3914258
page_index,time_cycles
0,3555166
page_index,time_cycles
0,4066770
page_index,time_cycles
0,4035372
page_index,time_cycles
0,1744064
page_index,time_cycles
0,4360954
page_index,time_cycles
0,1496942
page_index,time_cycles
0,3440364
page_index,time_cycles
0,4177448
page_index,time_cycles
0,2304930
page_index,time_cycles
0,1203424
page_index,time_cycles
0,3892780
page_index,time_cycles
0,1317608
page_index,time_cycles
0,1317784
page_index,time_cycles
0,2876822
page_index,time_cycles
0,1282566
page_index,time_cycles
0,1586460
page_index,time_cycles
0,3797718
page_index,time_cycles
0,1959664
page_index,time_cycles
0,1401336
page_index,time_cycles
0,4790196
page_index,time_cycles
0,4253348
page_index,time_cycles
0,1629416
page_index,time_cycles
0,3734958
page_index,time_cycles
0,1352104
page_index,time_cycles
0,1936584
page_index,time_cycles
0,2408260
page_index,time_cycles
0,4137342
page_index,time_cycles
0,3288364
page_index,time_cycles
0,2116226
page_index,time_cycles
0,2357062
page_index,time_cycles
0,2672208
page_index,time_cycles
0,1208774
page_index,time_cycles
0,4194680
page_index,time_cycles
0,1418564
page_index,time_cycles
0,1269446
page_index,time_cycles
0,1237840
page_index,time_cycles
0,2537320
page_index,time_cycles
0,1311528
page_index,time_cycles
0,1336602
page_index,time_cycles
0,1200768
page_index,time_cycles
0,2266418
page_index,time_cycles
0,3629708
page_index,time_cycles
0,1206676
page_index,time_cycles
0,1500188
page_index,time_cycles
0,1330906
page_index,time_cycles
0,1391594
page_index,time_cycles
0,1678908
page_index,time_cycles
0,3637416
page_index,time_cycles
0,2155612
page_index,time_cycles
0,1391228
page_index,time_cycles
0,3697994
page_index,time_cycles
0,1550104
page_index,time_cycles
0,1292734
page_index,time_cycles
0,1415338
page_index,time_cycles
0,3461060
page_index,time_cycles
0,1319540
page_index,time_cycles
0,3688528
page_index,time_cycles
0,1229754
page_index,time_cycles
0,1491900
page_index,time_cycles
0,4097676
page_index,time_cycles
0,1460496
page_index,time_cycles
0,4024600
page_index,time_cycles
0,1578864
page_index,time_cycles
0,3654868
page_index,time_cycles
0,1311554
page_index,time_cycles
0,4678610
page_index,time_cycles
0,1688970
page_index,time_cycles
0,3476068
page_index,time_cycles
0,2293684
page_index,time_cycles
0,1564190
page_index,time_cycles
0,1359972
page_index,time_cycles
0,1327782
page_index,time_cycles
0,2002032
page_index,time_cycles
0,3315312
page_index,time_cycles
0,3300660
page_index,time_cycles
0,1410106
page_index,time_cycles
0,1321842
page_index,time_cycles
0,2081068
page_index,time_cycles
0,3949374
page_index,time_cycles
0,1377846
page_index,time_cycles
0,3532008
page_index,time_cycles
0,4225184
page_index,time_cycles
0,3889258
page_index,time_cycles
0,3409404
page_index,time_cycles
0,1422098
page_index,time_cycles
0,3219032
page_index,time_cycles
0,3101600
page_index,time_cycles
0,1140338
page_index,time_cycles
0,1256668
page_index,time_cycles
0,1450736
page_index,time_cycles
0,3485304
page_index,time_cycles
0,3647672
page_index,time_cycles
0,1473702
page_index,time_cycles
0,1214282
page_index,time_cycles
0,3207352
page_index,time_cycles
0,1244762
page_index,time_cycles
0,1283924
page_index,time_cycles
0,1528926
page_index,time_cycles
0,1469312
page_index,time_cycles
0,3505392
page_index,time_cycles
0,3564826
page_index,time_cycles
0,1549634
page_index,time_cycles
0,3443912
page_index,time_cycles
0,1694430
page_index,time_cycles
0,3527920
page_index,time_cycles
0,1183400
page_index,time_cycles
0,1362956
page_index,time_cycles
0,1276902
page_index,time_cycles
0,1244704
page_index,time_cycles
0,1874704
page_index,time_cycles
0,1673552
page_index,time_cycles
0,2146842
page_index,time_cycles
0,2141990
page_index,time_cycles
0,1381912
page_index,time_cycles
0,2074636
page_index,time_cycles
0,1813920
page_index,time_cycles
0,1302506
page_index,time_cycles
0,1533584
page_index,time_cycles
0,1992628
page_index,time_cycles
0,4174864
page_index,time_cycles
0,3908600
page_index,time_cycles
0,1726588
page_index,time_cycles
0,1391452
page_index,time_cycles
0,1324986
page_index,time_cycles
0,1221018
page_index,time_cycles
0,12373914
page_index,time_cycles
0,1262054
page_index,time_cycles
0,1930880
page_index,time_cycles
0,1917080
page_index,time_cycles
0,1344498
page_index,time_cycles
0,2587872
page_index,time_cycles
0,2651398
page_index,time_cycles
0,2281364
page_index,time_cycles
0,2208558
page_index,time_cycles
0,3105646
page_index,time_cycles
0,1565498
page_index,time_cycles
0,1181066
page_index,time_cycles
0,4031310
page_index,time_cycles
0,5455906
page_index,time_cycles
0,2411970
page_index,time_cycles
0,2191078
page_index,time_cycles
0,1870262
page_index,time_cycles
0,1295556
page_index,time_cycles
0,1517412
page_index,time_cycles
0,4230998
page_index,time_cycles
0,8555348
page_index,time_cycles
0,1902388
page_index,time_cycles
0,2738466
page_index,time_cycles
0,2194202
page_index,time_cycles
0,4135842
page_index,time_cycles
0,1274408
page_index,time_cycles
0,1439208
page_index,time_cycles
0,1323222
page_index,time_cycles
0,3759466
page_index,time_cycles
0,1295064
page_index,time_cycles
0,1214572
page_index,time_cycles
0,4423340
page_index,time_cycles
0,1246806
page_index,time_cycles
0,1653018
page_index,time_cycles
0,1370898
page_index,time_cycles
0,4009410
page_index,time_cycles
0,1220450
page_index,time_cycles
0,3244382
page_index,time_cycles
0,3532642
page_index,time_cycles
0,1989066
page_index,time_cycles
0,4275094
page_index,time_cycles
0,1386324
page_index,time_cycles
0,2045986
page_index,time_cycles
0,1459254
page_index,time_cycles
0,1318534
page_index,time_cycles
0,1281910
page_index,time_cycles
0,1497772
page_index,time_cycles
0,3027900
page_index,time_cycles
0,1602998
page_index,time_cycles
0,3078508
page_index,time_cycles
0,2206388
page_index,time_cycles
0,1484874
page_index,time_cycles
0,3336848
page_index,time_cycles
0,1222540
page_index,time_cycles
0,5838246
page_index,time_cycles
0,2288884
page_index,time_cycles
0,3410716
page_index,time_cycles
0,2449580
page_index,time_cycles
0,3729042
page_index,time_cycles
0,2054326
page_index,time_cycles
0,3391604
page_index,time_cycles
0,3330360
page_index,time_cycles
0,1632928
page_index,time_cycles
0,1741316
page_index,time_cycles
0,1248596
page_index,time_cycles
0,1196334
page_index,time_cycles
0,1843546
page_index,time_cycles
0,1643772
page_index,time_cycles
0,1573424
page_index,time_cycles
0,4056682
page_index,time_cycles
0,1502992
page_index,time_cycles
0,2096170
page_index,time_cycles
0,1384226
page_index,time_cycles
0,1291180
page_index,time_cycles
0,2045174
page_index,time_cycles
0,1558714
page_index,time_cycles
0,1282564
page_index,time_cycles
0,3470344
page_index,time_cycles
0,2031642
page_index,time_cycles
0,3686698
page_index,time_cycles
0,1518744
page_index,time_cycles
0,1273214
page_index,time_cycles
0,1205966
page_index,time_cycles
0,1290448
page_index,time_cycles
0,1492320
page_index,time_cycles
0,1887838
page_index,time_cycles
0,2074578
page_index,time_cycles
0,1387232
page_index,time_cycles
0,1208864
page_index,time_cycles
0,1686016
page_index,time_cycles
0,2199568
page_index,time_cycles
0,1231510
page_index,time_cycles
0,1188192
page_index,time_cycles
0,1973780
page_index,time_cycles
0,1657826
page_index,time_cycles
0,2437528
page_index,time_cycles
0,2021626
page_index,time_cycles
0,1506270
page_index,time_cycles
0,3495808
page_index,time_cycles
0,3649364
page_index,time_cycles
0,1190204
page_index,time_cycles
0,3705088
page_index,time_cycles
0,2579474
page_index,time_cycles
0,3543512
page_index,time_cycles
0,3610556
page_index,time_cycles
0,2099644
page_index,time_cycles
0,1314534
page_index,time_cycles
0,3747200
page_index,time_cycles
0,3710036
page_index,time_cycles
0,2246556
page_index,time_cycles
0,1886704
page_index,time_cycles
0,2198272
page_index,time_cycles
0,2323166
page_index,time_cycles
0,3698170
page_index,time_cycles
0,3973874
page_index,time_cycles
0,1393454
page_index,time_cycles
0,2085264
page_index,time_cycles
0,1418566
page_index,time_cycles
0,4132408
page_index,time_cycles
0,4472328
page_index,time_cycles
0,2960082
page_index,time_cycles
0,3266780
page_index,time_cycles
0,1278768
page_index,time_cycles
0,3721374
page_index,time_cycles
0,3841144
page_index,time_cycles
0,1592772
page_index,time_cycles
0,8512932
page_index,time_cycles
0,1266404
page_index,time_cycles
0,1244086
page_index,time_cycles
0,1509724
page_index,time_cycles
0,3553808
page_index,time_cycles
0,2045972
page_index,time_cycles
0,1817726
page_index,time_cycles
0,3409918
page_index,time_cycles
0,3786878
page_index,time_cycles
0,1468194
page_index,time_cycles
0,1832040
page_index,time_cycles
0,3837218
page_index,time_cycles
0,1972924
page_index,time_cycles
0,2270166
page_index,time_cycles
0,1664056
page_index,time_cycles
0,1473372
page_index,time_cycles
0,1494578
page_index,time_cycles
0,3123156
page_index,time_cycles
0,1321692
page_index,time_cycles
0,2414644
page_index,time_cycles
0,4013728
page_index,time_cycles
0,4134248
page_index,time_cycles
0,2026342
page_index,time_cycles
0,3190460
page_index,time_cycles
0,1938048
page_index,time_cycles
0,1166384
page_index,time_cycles
0,1419290
page_index,time_cycles
0,2361362
page_index,time_cycles
0,1364294
page_index,time_cycles
0,2123376
page_index,time_cycles
0,3580120
page_index,time_cycles
0,3383762
page_index,time_cycles
0,1962234
page_index,time_cycles
0,1186316
page_index,time_cycles
0,3840732
page_index,time_cycles
0,2319906
page_index,time_cycles
0,1591604
page_index,time_cycles
0,1225930
page_index,time_cycles
0,2312482
page_index,time_cycles
0,1573024
page_index,time_cycles
0,4565970
page_index,time_cycles
0,3664430
page_index,time_cycles
0,1848502
page_index,time_cycles
0,1514474
page_index,time_cycles
0,1908822
page_index,time_cycles
0,1380620
page_index,time_cycles
0,3511736
page_index,time_cycles
0,1637878
page_index,time_cycles
0,1653520
page_index,time_cycles
0,3482230
page_index,time_cycles
0,1281464
page_index,time_cycles
0,1315806
page_index,time_cycles
0,3961920
page_index,time_cycles
0,1217556
page_index,time_cycles
0,3900704
page_index,time_cycles
0,4207736
page_index,time_cycles
0,1367318
page_index,time_cycles
0,2257830
page_index,time_cycles
0,3819282
page_index,time_cycles
0,1253824
page_index,time_cycles
0,3693082
page_index,time_cycles
0,2820234
page_index,time_cycles
0,1511988
page_index,time_cycles
0,2626806
page_index,time_cycles
0,1183902
page_index,time_cycles
0,3562574
page_index,time_cycles
0,1329484
page_index,time_cycles
0,4500130
page_index,time_cycles
0,1191436
page_index,time_cycles
0,2170676
page_index,time_cycles
0,1507670
page_index,time_cycles
0,1794006
page_index,time_cycles
0,1289954
page_index,time_cycles
0,1334834
page_index,time_cycles
0,1508272
page_index,time_cycles
0,1283922
page_index,time_cycles
0,2560818
page_index,time_cycles
0,1181362
page_index,time_cycles
0,1647838
page_index,time_cycles
0,3376464
page_index,time_cycles
0,2445560
page_index,time_cycles
0,2404044
page_index,time_cycles
0,3385650
page_index,time_cycles
0,1418110
page_index,time_cycles
0,1293244
page_index,time_cycles
0,2901492
page_index,time_cycles
0,6713830
page_index,time_cycles
0,4831064
page_index,time_cycles
0,1305552
page_index,time_cycles
0,2215432
page_index,time_cycles
0,1779740
page_index,time_cycles
0,3524460
page_index,time_cycles
0,3433408
page_index,time_cycles
0,4239906
page_index,time_cycles
0,4761812
page_index,time_cycles
0,3999480
page_index,time_cycles
0,1314712
page_index,time_cycles
0,1380938
page_index,time_cycles
0,4148814
page_index,time_cycles
0,1687286
page_index,time_cycles
0,2137014
page_index,time_cycles
0,1982838
page_index,time_cycles
0,3924594
page_index,time_cycles
0,2283574
page_index,time_cycles
0,1384796
page_index,time_cycles
0,1873638
page_index,time_cycles
0,1375090
page_index,time_cycles
0,2157186
page_index,time_cycles
0,3638526
page_index,time_cycles
0,1344672
page_index,time_cycles
0,1242210
page_index,time_cycles
0,2348758
page_index,time_cycles
0,1377614
page_index,time_cycles
0,1372054
page_index,time_cycles
0,2750366
page_index,time_cycles
0,2135144
page_index,time_cycles
0,1944286
page_index,time_cycles
0,3021438
page_index,time_cycles
0,1688194
page_index,time_cycles
0,4022778
page_index,time_cycles
0,1550240
page_index,time_cycles
0,1290488
page_index,time_cycles
0,1363522
page_index,time_cycles
0,2930304
page_index,time_cycles
0,3503916
page_index,time_cycles
0,3019002
page_index,time_cycles
0,1425612
page_index,time_cycles
0,1934706
page_index,time_cycles
0,1303880
page_index,time_cycles
0,1148694
page_index,time_cycles
0,5797372
page_index,time_cycles
0,3320342
page_index,time_cycles
0,3276974
page_index,time_cycles
0,3375454
page_index,time_cycles
0,2060328
page_index,time_cycles
0,4200382
page_index,time_cycles
0,1555714
page_index,time_cycles
0,4067074
page_index,time_cycles
0,3229870
page_index,time_cycles
0,1343996
page_index,time_cycles
0,1726756
page_index,time_cycles
0,1287630
page_index,time_cycles
0,3584666
page_index,time_cycles
0,3350644
page_index,time_cycles
0,2113926
page_index,time_cycles
0,3897992
page_index,time_cycles
0,4047260
page_index,time_cycles
0,1161230
page_index,time_cycles
0,3521100
page_index,time_cycles
0,2154050
page_index,time_cycles
0,3066224
page_index,time_cycles
0,3773628
page_index,time_cycles
0,2028360
page_index,time_cycles
0,2416200
page_index,time_cycles
0,3967808
page_index,time_cycles
0,1254128
page_index,time_cycles
0,2259398
page_index,time_cycles
0,1393606
page_index,time_cycles
0,1784850
page_index,time_cycles
0,3249694
page_index,time_cycles
0,1197286
page_index,time_cycles
0,2326986
page_index,time_cycles
0,3333380
page_index,time_cycles
0,1595282
page_index,time_cycles
0,1496600
page_index,time_cycles
0,1794076
page_index,time_cycles
0,2051472
page_index,time_cycles
0,1828630
page_index,time_cycles
0,1211814
page_index,time_cycles
0,1385410
page_index,time_cycles
0,2043702
page_index,time_cycles
0,1615020
page_index,time_cycles
0,3801674
page_index,time_cycles
0,1559416
page_index,time_cycles
0,1235140
page_index,time_cycles
0,1643720
page_index,time_cycles
0,1995478
page_index,time_cycles
0,1178730
page_index,time_cycles
0,1281232
page_index,time_cycles
0,1444678
page_index,time_cycles
0,1260166
page_index,time_cycles
0,3131774
page_index,time_cycles
0,1287292
page_index,time_cycles
0,3679546
page_index,time_cycles
0,2129478
page_index,time_cycles
0,1562410
page_index,time_cycles
0,3435538
page_index,time_cycles
0,1587498
page_index,time_cycles
0,1227132
page_index,time_cycles
0,1424700
page_index,time_cycles
0,1569032
page_index,time_cycles
0,2263914
page_index,time_cycles
0,3939470
page_index,time_cycles
0,3618826
page_index,time_cycles
0,3630608
page_index,time_cycles
0,1450968
page_index,time_cycles
0,2109768
page_index,time_cycles
0,1762512
page_index,time_cycles
0,1249682
page_index,time_cycles
0,2328240
page_index,time_cycles
0,1383294
page_index,time_cycles
0,4153738
page_index,time_cycles
0,3735280
page_index,time_cycles
0,2709108
page_index,time_cycles
0,3752212
page_index,time_cycles
0,1744946
page_index,time_cycles
0,3419822
page_index,time_cycles
0,1332716
page_index,time_cycles
0,3195586
page_index,time_cycles
0,3611196
page_index,time_cycles
0,1730042
page_index,time_cycles
0,1313184
page_index,time_cycles
0,1634410
page_index,time_cycles
0,1523704
page_index,time_cycles
0,1950592
page_index,time_cycles
0,1490016
page_index,time_cycles
0,2144674
page_index,time_cycles
0,2004964
page_index,time_cycles
0,2443528
page_index,time_cycles
0,2042822
page_index,time_cycles
0,2039548
page_index,time_cycles
0,3559998
page_index,time_cycles
0,3653120
page_index,time_cycles
0,2242560
page_index,time_cycles
0,2925506
page_index,time_cycles
0,1171442
page_index,time_cycles
0,3918816
page_index,time_cycles
0,1956644
page_index,time_cycles
0,2037848
page_index,time_cycles
0,3403442
page_index,time_cycles
0,1504324
page_index,time_cycles
0,2944866
page_index,time_cycles
0,3412666
page_index,time_cycles
0,2439284
page_index,time_cycles
0,3337634
page_index,time_cycles
0,2755168
page_index,time_cycles
0,1512000
page_index,time_cycles
0,1181672
page_index,time_cycles
0,1176870
page_index,time_cycles
0,1178380
page_index,time_cycles
0,1199276
page_index,time_cycles
0,1247078
page_index,time_cycles
0,1772152
page_index,time_cycles
0,1490650
page_index,time_cycles
0,1297608
page_index,time_cycles
0,1209942
page_index,time_cycles
0,2371648
page_index,time_cycles
0,3182314
page_index,time_cycles
0,1283364
page_index,time_cycles
0,2146288
page_index,time_cycles
0,3651728
page_index,time_cycles
0,3956744
page_index,time_cycles
0,1867740
page_index,time_cycles
0,1478296
page_index,time_cycles
0,1235984
page_index,time_cycles
0,2426626
page_index,time_cycles
0,2167668
page_index,time_cycles
0,1932340
page_index,time_cycles
0,3817372
page_index,time_cycles
0,1294478
page_index,time_cycles
0,1306492
page_index,time_cycles
0,3799546
page_index,time_cycles
0,1670848
page_index,time_cycles
0,1249150
page_index,time_cycles
0,3147444
page_index,time_cycles
0,3691602
page_index,time_cycles
0,1260172
page_index,time_cycles
0,1679386
page_index,time_cycles
0,1623716
page_index,time_cycles
0,3090146
page_index,time_cycles
0,2547910
page_index,time_cycles
0,1210406
page_index,time_cycles
0,1411760
page_index,time_cycles
0,1311826
page_index,time_cycles
0,3163268
page_index,time_cycles
0,1141668
page_index,time_cycles
0,3861282
page_index,time_cycles
0,1179456
page_index,time_cycles
0,1283704
page_index,time_cycles
0,2066450
page_index,time_cycles
0,1759928
page_index,time_cycles
0,1278796
page_index,time_cycles
0,1656246
page_index,time_cycles
0,3680092
page_index,time_cycles
0,1778404
page_index,time_cycles
0,4041494
page_index,time_cycles
0,3428316
page_index,time_cycles
0,1251324
page_index,time_cycles
0,3023684
page_index,time_cycles
0,1218382
page_index,time_cycles
0,1276692
page_index,time_cycles
0,4851400
page_index,time_cycles
0,1280410
page_index,time_cycles
0,1157434
page_index,time_cycles
0,1160604
page_index,time_cycles
0,1247486
page_index,time_cycles
0,4447988
page_index,time_cycles
0,1209834
page_index,time_cycles
0,2099572
page_index,time_cycles
0,2393442
page_index,time_cycles
0,1645872
page_index,time_cycles
0,1316382
page_index,time_cycles
0,1242432
page_index,time_cycles
0,2653472
page_index,time_cycles
0,3365336
page_index,time_cycles
0,3194312
page_index,time_cycles
0,3383992
page_index,time_cycles
0,3552462
page_index,time_cycles
0,1239376
page_index,time_cycles
0,1399258
page_index,time_cycles
0,1694162
page_index,time_cycles
0,2342190
page_index,time_cycles
0,1373914
page_index,time_cycles
0,2096714
page_index,time_cycles
0,3195874
page_index,time_cycles
0,2390218
page_index,time_cycles
0,2517556
page_index,time_cycles
0,2335080
page_index,time_cycles
0,2750790
page_index,time_cycles
0,2753732
page_index,time_cycles
0,1817672
page_index,time_cycles
0,1397362
page_index,time_cycles
0,2784846
page_index,time_cycles
0,4323252
page_index,time_cycles
0,3027732
page_index,time_cycles
0,1393746
page_index,time_cycles
0,3708768
page_index,time_cycles
0,1236986
page_index,time_cycles
0,2028922
page_index,time_cycles
0,2247732
page_index,time_cycles
0,1361676
page_index,time_cycles
0,1322956
page_index,time_cycles
0,2525394
page_index,time_cycles
0,4663050
page_index,time_cycles
0,1887300
page_index,time_cycles
0,3566802
page_index,time_cycles
0,1778492
page_index,time_cycles
0,1960992
page_index,time_cycles
0,3630594
page_index,time_cycles
0,1502664
page_index,time_cycles
0,1403934
page_index,time_cycles
0,1189102
page_index,time_cycles
0,1505354
page_index,time_cycles
0,1596180
page_index,time_cycles
0,1819882
page_index,time_cycles
0,1522742
page_index,time_cycles
0,3566930
page_index,time_cycles
0,2097332
page_index,time_cycles
0,3661720
page_index,time_cycles
0,3461866
page_index,time_cycles
0,1521924
page_index,time_cycles
0,1284498
page_index,time_cycles
0,3707806
page_index,time_cycles
0,1203384
page_index,time_cycles
0,1908594
page_index,time_cycles
0,3226258
page_index,time_cycles
0,1197240
page_index,time_cycles
0,1511330
page_index,time_cycles
0,1154414
page_index,time_cycles
0,4196552
page_index,time_cycles
0,3708806
page_index,time_cycles
0,3535666
page_index,time_cycles
0,1668418
page_index,time_cycles
0,2056856
page_index,time_cycles
0,3402572
page_index,time_cycles
0,2366106
page_index,time_cycles
0,1274392
page_index,time_cycles
0,2111480
page_index,time_cycles
0,3388204
page_index,time_cycles
0,1375826
page_index,time_cycles
0,1323728
page_index,time_cycles
0,2388626
page_index,time_cycles
0,3527492
page_index,time_cycles
0,3503696
page_index,time_cycles
0,1207094
page_index,time_cycles
0,1377100
page_index,time_cycles
0,1190504
page_index,time_cycles
0,3735778
page_index,time_cycles
0,2102768
page_index,time_cycles
0,1273682
page_index,time_cycles
0,2166158
page_index,time_cycles
0,2089552
page_index,time_cycles
0,2050978
page_index,time_cycles
0,1918412
page_index,time_cycles
0,1202972
page_index,time_cycles
0,5705962
page_index,time_cycles
0,3557376
page_index,time_cycles
0,1572590
page_index,time_cycles
0,1300556
page_index,time_cycles
0,3521028
page_index,time_cycles
0,2999054
page_index,time_cycles
0,2151390
page_index,time_cycles
0,3803374
page_index,time_cycles
0,3658046
page_index,time_cycles
0,2050696
page_index,time_cycles
0,4514624
page_index,time_cycles
0,2926290
page_index,time_cycles
0,4324158
page_index,time_cycles
0,1172150
page_index,time_cycles
0,3160132
page_index,time_cycles
0,1700572
page_index,time_cycles
0,4362402
page_index,time_cycles
0,2308458
page_index,time_cycles
0,3433894
page_index,time_cycles
0,1289624
page_index,time_cycles
0,1472502
page_index,time_cycles
0,1800978
page_index,time_cycles
0,1301022
page_index,time_cycles
0,1357854
page_index,time_cycles
0,1494428
page_index,time_cycles
0,3365164
page_index,time_cycles
0,3993774
page_index,time_cycles
0,1248768
page_index,time_cycles
0,2570098
page_index,time_cycles
0,2004324
page_index,time_cycles
0,2575148
page_index,time_cycles
0,4257350
page_index,time_cycles
0,1471916
page_index,time_cycles
0,4266476
page_index,time_cycles
0,4223978
page_index,time_cycles
0,1341834
page_index,time_cycles
0,1347048
page_index,time_cycles
0,2274752
page_index,time_cycles
0,1497254
page_index,time_cycles
0,3611306
page_index,time_cycles
0,4347878
page_index,time_cycles
0,4610774
page_index,time_cycles
0,1217284
page_index,time_cycles
0,3582056
page_index,time_cycles
0,1332088
page_index,time_cycles
0,4038756
page_index,time_cycles
0,1234632
page_index,time_cycles
0,3654430
page_index,time_cycles
0,1336748
page_index,time_cycles
0,4032308
page_index,time_cycles
0,2083946
page_index,time_cycles
0,1521528
page_index,time_cycles
0,1290368
page_index,time_cycles
0,3166102
page_index,time_cycles
0,1291956
page_index,time_cycles
0,1326852
page_index,time_cycles
0,1389534
page_index,time_cycles
0,1340290
page_index,time_cycles
0,1503064
page_index,time_cycles
0,3991054
page_index,time_cycles
0,1676696
page_index,time_cycles
0,1991818
page_index,time_cycles
0,3510884
page_index,time_cycles
0,1882254
page_index,time_cycles
0,3666162
page_index,time_cycles
0,1215336
page_index,time_cycles
0,1222994
page_index,time_cycles
0,2970710
page_index,time_cycles
0,3553720
page_index,time_cycles
0,1867662
page_index,time_cycles
0,4040004
page_index,time_cycles
0,1439458
page_index,time_cycles
0,2181290
page_index,time_cycles
0,2184930
page_index,time_cycles
0,1323996
page_index,time_cycles
0,2133270
page_index,time_cycles
0,4236132
page_index,time_cycles
0,4176268
page_index,time_cycles
0,1179730
page_index,time_cycles
0,1520632
page_index,time_cycles
0,2303208
page_index,time_cycles
0,1186266
page_index,time_cycles
0,1374872
page_index,time_cycles
0,2910890
page_index,time_cycles
0,1224142
page_index,time_cycles
0,5037064
page_index,time_cycles
0,1779074
page_index,time_cycles
0,1405502
page_index,time_cycles
0,2128952
page_index,time_cycles
0,2885508
page_index,time_cycles
0,1483760
page_index,time_cycles
0,1260534
page_index,time_cycles
0,1172396
page_index,time_cycles
0,1395932
page_index,time_cycles
0,3340338
page_index,time_cycles
0,2864340
page_index,time_cycles
0,3488898
page_index,time_cycles
0,3974030
page_index,time_cycles
0,3924164
page_index,time_cycles
0,3522036
page_index,time_cycles
0,1492042
page_index,time_cycles
0,3482744
page_index,time_cycles
0,3647162
page_index,time_cycles
0,1986056
page_index,time_cycles
0,1265992
page_index,time_cycles
0,2088244
page_index,time_cycles
0,3760292
page_index,time_cycles
0,3604148
page_index,time_cycles
0,4000172
page_index,time_cycles
0,3681118
page_index,time_cycles
0,3162726
page_index,time_cycles
0,2136054
page_index,time_cycles
0,1680358
page_index,time_cycles
0,1370770
page_index,time_cycles
0,3406090
page_index,time_cycles
0,1619286
page_index,time_cycles
0,1311162
page_index,time_cycles
0,3064500
page_index,time_cycles
0,1209874
page_index,time_cycles
0,1252904
page_index,time_cycles
0,1295178
page_index,time_cycles
0,1623582
page_index,time_cycles
0,2563738
page_index,time_cycles
0,1472366
page_index,time_cycles
0,3186154
page_index,time_cycles
0,4165642
page_index,time_cycles
0,3682228
page_index,time_cycles
0,4949142
page_index,time_cycles
0,4445166
page_index,time_cycles
0,4029438
page_index,time_cycles
0,3379038
page_index,time_cycles
0,3399648
page_index,time_cycles
0,1521822
page_index,time_cycles
0,1292746
page_index,time_cycles
0,2974442
page_index,time_cycles
0,1195490
page_index,time_cycles
0,3177556
page_index,time_cycles
0,1838500
page_index,time_cycles
0,1267382
page_index,time_cycles
0,1772106
page_index,time_cycles
0,1614016
page_index,time_cycles
0,3267188
page_index,time_cycles
0,3882264
page_index,time_cycles
0,4114598
page_index,time_cycles
0,3611666
page_index,time_cycles
0,1920144
page_index,time_cycles
0,1359568
page_index,time_cycles
0,1375808
page_index,time_cycles
0,1419808
page_index,time_cycles
0,3601852
page_index,time_cycles
0,2301168
page_index,time_cycles
0,1456444
page_index,time_cycles
0,3500602
page_index,time_cycles
0,3451238
page_index,time_cycles
0,1148626
page_index,time_cycles
0,4000558
page_index,time_cycles
0,4070842
page_index,time_cycles
0,2177804
page_index,time_cycles
0,1335950
page_index,time_cycles
0,1306986
page_index,time_cycles
0,1717528
page_index,time_cycles
0,3793180
page_index,time_cycles
0,2422798
page_index,time_cycles
0,1336622
page_index,time_cycles
0,1934732
page_index,time_cycles
0,2688486
page_index,time_cycles
0,4287978
page_index,time_cycles
0,2343220
page_index,time_cycles
0,2155078
page_index,time_cycles
0,6490818
page_index,time_cycles
0,1912088
page_index,time_cycles
0,3507132
page_index,time_cycles
0,3495974
page_index,time_cycles
0,1191232
page_index,time_cycles
0,1268402
page_index,time_cycles
0,3595200
page_index,time_cycles
0,1280284
page_index,time_cycles
0,1163074
page_index,time_cycles
0,2056320
page_index,time_cycles
0,3677582
page_index,time_cycles
0,1647654
page_index,time_cycles
0,1351394
page_index,time_cycles
0,1219596
page_index,time_cycles
0,5030070
page_index,time_cycles
0,1437244
page_index,time_cycles
0,3639382
page_index,time_cycles
0,3620718
page_index,time_cycles
0,2111306
page_index,time_cycles
0,2714556
page_index,time_cycles
0,1578214
page_index,time_cycles
0,1900844
page_index,time_cycles
0,3291604
page_index,time_cycles
0,1212472
page_index,time_cycles
0,4139558
page_index,time_cycles
0,3833022
page_index,time_cycles
0,1504480
page_index,time_cycles
0,1919640
page_index,time_cycles
0,3235832
page_index,time_cycles
0,1420800
page_index,time_cycles
0,2283784
page_index,time_cycles
0,3419806
page_index,time_cycles
0,3724688
page_index,time_cycles
0,1286206
page_index,time_cycles
0,3783848
page_index,time_cycles
0,1256848
page_index,time_cycles
0,1363780
page_index,time_cycles
0,2348342
page_index,time_cycles
0,2334802
page_index,time_cycles
0,2023194
page_index,time_cycles
0,1178384
page_index,time_cycles
0,1237882
page_index,time_cycles
0,1259414
page_index,time_cycles
0,1540498
page_index,time_cycles
0,1256332
page_index,time_cycles
0,2731324
page_index,time_cycles
0,1243822
page_index,time_cycles
0,2051186
page_index,time_cycles
0,1380380
page_index,time_cycles
0,1896040
page_index,time_cycles
0,3525576
page_index,time_cycles
0,1964796
page_index,time_cycles
0,1324388
page_index,time_cycles
0,3673938
page_index,time_cycles
0,4116806
page_index,time_cycles
0,1939370
page_index,time_cycles
0,1344974
page_index,time_cycles
0,3267282
page_index,time_cycles
0,1276030
page_index,time_cycles
0,1178052
page_index,time_cycles
0,1201684
page_index,time_cycles
0,1938444
page_index,time_cycles
0,3443440
page_index,time_cycles
0,1404368
page_index,time_cycles
0,1784658
page_index,time_cycles
0,4351988
page_index,time_cycles
0,1329996
page_index,time_cycles
0,3676722
page_index,time_cycles
0,2334910
page_index,time_cycles
0,2182512
page_index,time_cycles
0,3238136
page_index,time_cycles
0,3251890
page_index,time_cycles
0,4594984
page_index,time_cycles
0,1295008
page_index,time_cycles
0,1177956
page_index,time_cycles
0,2616846
page_index,time_cycles
0,1254456
page_index,time_cycles
0,1342874
page_index,time_cycles
0,1340928
page_index,time_cycles
0,3265842
page_index,time_cycles
0,3194148
page_index,time_cycles
0,3682540
page_index,time_cycles
0,3564556
page_index,time_cycles
0,1479940
page_index,time_cycles
0,1852204
page_index,time_cycles
0,2400414
page_index,time_cycles
0,2113230
page_index,time_cycles
0,2196842
page_index,time_cycles
0,1501802
page_index,time_cycles
0,1376690
page_index,time_cycles
0,1468260
page_index,time_cycles
0,1221566
page_index,time_cycles
0,1591788
page_index,time_cycles
0,1496616
page_index,time_cycles
0,1859468
page_index,time_cycles
0,4525740
page_index,time_cycles
0,3081848
page_index,time_cycles
0,2153816
page_index,time_cycles
0,1213426
page_index,time_cycles
0,1973398
page_index,time_cycles
0,2193514
page_index,time_cycles
0,2125226
page_index,time_cycles
0,1183846
page_index,time_cycles
0,1297356
page_index,time_cycles
0,3628578
page_index,time_cycles
0,3157016
page_index,time_cycles
0,1279790
page_index,time_cycles
0,2140492
page_index,time_cycles
0,4577288
page_index,time_cycles
0,1429532
page_index,time_cycles
0,1256174
page_index,time_cycles
0,1606640
page_index,time_cycles
0,2183382
page_index,time_cycles
0,3718186
page_index,time_cycles
0,3535412
page_index,time_cycles
0,1254866
page_index,time_cycles
0,1164466
page_index,time_cycles
0,1255892
page_index,time_cycles
0,2388100
page_index,time_cycles
0,3883462
page_index,time_cycles
0,1507854
page_index,time_cycles
0,2691786
page_index,time_cycles
0,1347076
page_index,time_cycles
0,3056364
page_index,time_cycles
0,1427810
page_index,time_cycles
0,1546648
page_index,time_cycles
0,3557528
page_index,time_cycles
0,9059914
page_index,time_cycles
0,2182400
page_index,time_cycles
0,1187750
page_index,time_cycles
0,2081342
page_index,time_cycles
0,2324036
page_index,time_cycles
0,2211156
page_index,time_cycles
0,1462262
page_index,time_cycles
0,1374520
page_index,time_cycles
0,1188048
page_index,time_cycles
0,2058300
page_index,time_cycles
0,3422594
page_index,time_cycles
0,1177492
page_index,time_cycles
0,1593678
page_index,time_cycles
0,3241356
page_index,time_cycles
0,2349560
page_index,time_cycles
0,1522678
page_index,time_cycles
0,2176638
page_index,time_cycles
0,2304904
page_index,time_cycles
0,1229420
page_index,time_cycles
0,2087472
page_index,time_cycles
0,1321452
page_index,time_cycles
0,1401262
page_index,time_cycles
0,3756352
page_index,time_cycles
0,3750100
page_index,time_cycles
0,3024942
page_index,time_cycles
0,1207472
page_index,time_cycles
0,1295950
page_index,time_cycles
0,2076724
page_index,time_cycles
0,2427374
page_index,time_cycles
0,2560966
page_index,time_cycles
0,3702352
page_index,time_cycles
0,1227940
page_index,time_cycles
0,1224604
page_index,time_cycles
0,2617878
page_index,time_cycles
0,2296674
page_index,time_cycles
0,1422134
page_index,time_cycles
0,1250276
page_index,time_cycles
0,1133668
page_index,time_cycles
0,3795382
page_index,time_cycles
0,1559440
page_index,time_cycles
0,1425188
page_index,time_cycles
0,3391924
page_index,time_cycles
0,2694772
page_index,time_cycles
0,2221300
page_index,time_cycles
0,3264504
page_index,time_cycles
0,3658014
page_index,time_cycles
0,3750626
page_index,time_cycles
0,1205562
page_index,time_cycles
0,2390822
page_index,time_cycles
0,3852244
page_index,time_cycles
0,1170526
page_index,time_cycles
0,3373016
page_index,time_cycles
0,1518146
page_index,time_cycles
0,2367648
page_index,time_cycles
0,3557698
page_index,time_cycles
0,1967250
page_index,time_cycles
0,1244510
page_index,time_cycles
0,1912764
page_index,time_cycles
0,3804346
page_index,time_cycles
0,2273536
page_index,time_cycles
0,3236904
page_index,time_cycles
0,1384278
page_index,time_cycles
0,2610212
page_index,time_cycles
0,4358442
page_index,time_cycles
0,3998470
page_index,time_cycles
0,1347764
page_index,time_cycles
0,1570432
page_index,time_cycles
0,3280190
page_index,time_cycles
0,3621552
page_index,time_cycles
0,3989606
page_index,time_cycles
0,1206144
page_index,time_cycles
0,4087000
page_index,time_cycles
0,3534312
page_index,time_cycles
0,4058254
page_index,time_cycles
0,1933018
page_index,time_cycles
0,3844244
page_index,time_cycles
0,1525882
page_index,time_cycles
0,3750074
page_index,time_cycles
0,1425422
page_index,time_cycles
0,1153418
page_index,time_cycles
0,3314716
page_index,time_cycles
0,3477260
page_index,time_cycles
0,1619662
page_index,time_cycles
0,3516302
page_index,time_cycles
0,2039466
page_index,time_cycles
0,3901960
page_index,time_cycles
0,2535056
page_index,time_cycles
0,2034174
page_index,time_cycles
0,3367336
page_index,time_cycles
0,1435690
page_index,time_cycles
0,1555566
page_index,time_cycles
0,1398388
page_index,time_cycles
0,1263224
page_index,time_cycles
0,1479620
page_index,time_cycles
0,1477072
page_index,time_cycles
0,1870704
page_index,time_cycles
0,3469700
page_index,time_cycles
0,2159142
page_index,time_cycles
0,3262674
page_index,time_cycles
0,3987948
page_index,time_cycles
0,1981944
page_index,time_cycles
0,1448074
page_index,time_cycles
0,1352422
page_index,time_cycles
0,3359156
page_index,time_cycles
0,4171034
page_index,time_cycles
0,1460160
page_index,time_cycles
0,1281512
page_index,time_cycles
0,1991582
page_index,time_cycles
0,1909806
page_index,time_cycles
0,1356266
page_index,time_cycles
0,1336864
page_index,time_cycles
0,2951992
page_index,time_cycles
0,3366570
page_index,time_cycles
0,1422372
page_index,time_cycles
0,1250482
page_index,time_cycles
0,2351302
page_index,time_cycles
0,1189208
page_index,time_cycles
0,2522942
page_index,time_cycles
0,2650518
page_index,time_cycles
0,1600512
page_index,time_cycles
0,1500126
page_index,time_cycles
0,1201880
page_index,time_cycles
0,2935894
page_index,time_cycles
0,2993138
page_index,time_cycles
0,4025984
page_index,time_cycles
0,2514246
page_index,time_cycles
0,4104546
page_index,time_cycles
0,1279478
page_index,time_cycles
0,1448574
page_index,time_cycles
0,1432218
page_index,time_cycles
0,1449354
page_index,time_cycles
0,2167540
page_index,time_cycles
0,3968308
page_index,time_cycles
0,2092616
page_index,time_cycles
0,4072060
page_index,time_cycles
0,2071960
page_index,time_cycles
0,3551272
page_index,time_cycles
0,3074938
page_index,time_cycles
0,1363914
page_index,time_cycles
0,1691578
page_index,time_cycles
0,2034966
page_index,time_cycles
0,3074098
page_index,time_cycles
0,1370216
page_index,time_cycles
0,1782622
page_index,time_cycles
0,1897544
page_index,time_cycles
0,1319226
page_index,time_cycles
0,1193184
page_index,time_cycles
0,1344902
page_index,time_cycles
0,2112708
page_index,time_cycles
0,1374270
page_index,time_cycles
0,1260278
page_index,time_cycles
0,4750020
page_index,time_cycles
0,3795608
page_index,time_cycles
0,1250504
page_index,time_cycles
0,1617534
page_index,time_cycles
0,1333142
page_index,time_cycles
0,1598312
page_index,time_cycles
0,1305120
page_index,time_cycles
0,1291770
page_index,time_cycles
0,2124360
page_index,time_cycles
0,1744292
page_index,time_cycles
0,2910852
page_index,time_cycles
0,2690304
page_index,time_cycles
0,1226316
page_index,time_cycles
0,1594296
page_index,time_cycles
0,1159714
page_index,time_cycles
0,3471516
page_index,time_cycles
0,1187544
page_index,time_cycles
0,1395924
page_index,time_cycles
0,4648024
page_index,time_cycles
0,3389614
page_index,time_cycles
0,2669082
page_index,time_cycles
0,3801568
page_index,time_cycles
0,1900044
page_index,time_cycles
0,2211786
page_index,time_cycles
0,1320422
page_index,time_cycles
0,1242588
page_index,time_cycles
0,1348026
page_index,time_cycles
0,3824144
page_index,time_cycles
0,1297692
page_index,time_cycles
0,2105662
page_index,time_cycles
0,1129220
page_index,time_cycles
0,1272240
page_index,time_cycles
0,3805468
page_index,time_cycles
0,1506206
page_index,time_cycles
0,1365370
page_index,time_cycles
0,1742828
page_index,time_cycles
0,1722122
page_index,time_cycles
0,3669016
page_index,time_cycles
0,1177384
page_index,time_cycles
0,1604686
page_index,time_cycles
0,1370784
page_index,time_cycles
0,1467504
page_index,time_cycles
0,3581698
page_index,time_cycles
0,3340508
page_index,time_cycles
0,1657182
page_index,time_cycles
0,2112292
page_index,time_cycles
0,3455380
page_index,time_cycles
0,1261032
page_index,time_cycles
0,2311184
page_index,time_cycles
0,3230648
page_index,time_cycles
0,3545994
page_index,time_cycles
0,1837824
page_index,time_cycles
0,1343334
page_index,time_cycles
0,4487788
page_index,time_cycles
0,2257034
page_index,time_cycles
0,1289614
page_index,time_cycles
0,2057274
page_index,time_cycles
0,2093244
page_index,time_cycles
0,1142000
page_index,time_cycles
0,1494842
page_index,time_cycles
0,1947592
page_index,time_cycles
0,1517772
page_index,time_cycles
0,1359844
page_index,time_cycles
0,1337788
page_index,time_cycles
0,3638442
page_index,time_cycles
0,1277726
page_index,time_cycles
0,1377906
page_index,time_cycles
0,1713926
page_index,time_cycles
0,1649784
page_index,time_cycles
0,1258786
page_index,time_cycles
0,3120988
page_index,time_cycles
0,1333022
page_index,time_cycles
0,3818016
page_index,time_cycles
0,3646640
page_index,time_cycles
0,1184362
page_index,time_cycles
0,3447168
page_index,time_cycles
0,3721832
page_index,time_cycles
0,2986224
page_index,time_cycles
0,2174578
page_index,time_cycles
0,1366640
page_index,time_cycles
0,1571728
page_index,time_cycles
0,1349910
page_index,time_cycles
0,2234232
page_index,time_cycles
0,1152536
page_index,time_cycles
0,1270358
page_index,time_cycles
0,1390624
page_index,time_cycles
0,4010284
page_index,time_cycles
0,4204522
page_index,time_cycles
0,2114496
page_index,time_cycles
0,1806612
page_index,time_cycles
0,1147480
page_index,time_cycles
0,3237244
page_index,time_cycles
0,2422528
page_index,time_cycles
0,3725754
page_index,time_cycles
0,1329004
page_index,time_cycles
0,3623456
page_index,time_cycles
0,1470534
page_index,time_cycles
0,1234932
page_index,time_cycles
0,3534836
page_index,time_cycles
0,3550374
page_index,time_cycles
0,3609838
page_index,time_cycles
0,3396802
page_index,time_cycles
0,1192354
page_index,time_cycles
0,2084590
page_index,time_cycles
0,1440066
page_index,time_cycles
0,2148880
page_index,time_cycles
0,2168396
page_index,time_cycles
0,1467416
page_index,time_cycles
0,1741688
page_index,time_cycles
0,4096754
page_index,time_cycles
0,2144638
page_index,time_cycles
0,1270858
page_index,time_cycles
0,3428708
page_index,time_cycles
0,3982570
page_index,time_cycles
0,3043804
page_index,time_cycles
0,3639108
page_index,time_cycles
0,1607832
page_index,time_cycles
0,1219202
page_index,time_cycles
0,1904300
page_index,time_cycles
0,1388142
page_index,time_cycles
0,4134990
page_index,time_cycles
0,1533826
page_index,time_cycles
0,3914334
page_index,time_cycles
0,1378824
page_index,time_cycles
0,1378208
page_index,time_cycles
0,3907698
page_index,time_cycles
0,2022246
page_index,time_cycles
0,1433242
page_index,time_cycles
0,1238116
page_index,time_cycles
0,3694146
page_index,time_cycles
0,1586978
page_index,time_cycles
0,4263724
page_index,time_cycles
0,3071344
page_index,time_cycles
0,3602788
page_index,time_cycles
0,1533214
page_index,time_cycles
0,2224724
page_index,time_cycles
0,1360268
page_index,time_cycles
0,2678286
page_index,time_cycles
0,1751006
page_index,time_cycles
0,4080150
page_index,time_cycles
0,4165746
page_index,time_cycles
0,1477370
page_index,time_cycles
0,3647360
page_index,time_cycles
0,1980186
page_index,time_cycles
0,4467766
page_index,time_cycles
0,2371162
page_index,time_cycles
0,4091186
page_index,time_cycles
0,2929112
page_index,time_cycles
0,1170656
page_index,time_cycles
0,1125876
page_index,time_cycles
0,3573582
page_index,time_cycles
0,1394694
page_index,time_cycles
0,1328494
page_index,time_cycles
0,1218932
page_index,time_cycles
0,1380486
page_index,time_cycles
0,1304520
page_index,time_cycles
0,1308016
page_index,time_cycles
0,1190482
page_index,time_cycles
0,3963280
page_index,time_cycles
0,1261606
page_index,time_cycles
0,1281792
page_index,time_cycles
0,2237896
page_index,time_cycles
0,4153908
page_index,time_cycles
0,3502196
page_index,time_cycles
0,1510176
page_index,time_cycles
0,3743906
page_index,time_cycles
0,2321880
page_index,time_cycles
0,1638724
page_index,time_cycles
0,3830948
page_index,time_cycles
0,1541958
page_index,time_cycles
0,1381210
page_index,time_cycles
0,2074384
page_index,time_cycles
0,4337004
page_index,time_cycles
0,1286540
page_index,time_cycles
0,1532952
page_index,time_cycles
0,1525146
page_index,time_cycles
0,2145248
page_index,time_cycles
0,1677136
page_index,time_cycles
0,2040688
page_index,time_cycles
0,1795524
page_index,time_cycles
0,3872944
page_index,time_cycles
0,2185840
page_index,time_cycles
0,3357256
page_index,time_cycles
0,1972766
page_index,time_cycles
0,1444448
page_index,time_cycles
0,2296302
page_index,time_cycles
0,1531628
page_index,time_cycles
0,4140234
page_index,time_cycles
0,1322482
page_index,time_cycles
0,4493472
page_index,time_cycles
0,1471330
page_index,time_cycles
0,3833420
page_index,time_cycles
0,2277248
page_index,time_cycles
0,3408048
page_index,time_cycles
0,3837418
page_index,time_cycles
0,2034924
page_index,time_cycles
0,1416486
page_index,time_cycles
0,3618294
page_index,time_cycles
0,1336426
page_index,time_cycles
0,3909086
page_index,time_cycles
0,1535248
page_index,time_cycles
0,4212050
page_index,time_cycles
0,3346152
page_index,time_cycles
0,1189834
page_index,time_cycles
0,1328252
page_index,time_cycles
0,3949114
page_index,time_cycles
0,1263246
page_index,time_cycles
0,2282678
page_index,time_cycles
0,4160984
page_index,time_cycles
0,1842670
page_index,time_cycles
0,1887200
page_index,time_cycles
0,2368568
page_index,time_cycles
0,3008094
page_index,time_cycles
0,1306044
page_index,time_cycles
0,3501912
page_index,time_cycles
0,1284714
page_index,time_cycles
0,3162894
page_index,time_cycles
0,1510970
page_index,time_cycles
0,3874872
page_index,time_cycles
0,3673758
page_index,time_cycles
0,2234984
page_index,time_cycles
0,3725684
page_index,time_cycles
0,1714028
page_index,time_cycles
0,3882162
page_index,time_cycles
0,3496474
page_index,time_cycles
0,1236326
page_index,time_cycles
0,2106566
page_index,time_cycles
0,4173092
page_index,time_cycles
0,3437814
page_index,time_cycles
0,3542218
page_index,time_cycles
0,1725076
page_index,time_cycles
0,3796128
page_index,time_cycles
0,4755832
page_index,time_cycles
0,3895240
page_index,time_cycles
0,2285236
page_index,time_cycles
0,1872056
page_index,time_cycles
0,4063662
page_index,time_cycles
0,3786740
page_index,time_cycles
0,2129176
page_index,time_cycles
0,2373500
page_index,time_cycles
0,4281002
page_index,time_cycles
0,1337904
page_index,time_cycles
0,1215742
page_index,time_cycles
0,2994032
page_index,time_cycles
0,1345086
page_index,time_cycles
0,2530218
page_index,time_cycles
0,3210614
page_index,time_cycles
0,1703598
page_index,time_cycles
0,3901520
page_index,time_cycles
0,1211772
page_index,time_cycles
0,1980104
page_index,time_cycles
0,3484122
page_index,time_cycles
0,1257766
page_index,time_cycles
0,3931206
page_index,time_cycles
0,1201794
page_index,time_cycles
0,1274726
page_index,time_cycles
0,1369568
page_index,time_cycles
0,2597994
page_index,time_cycles
0,3634190
page_index,time_cycles
0,3944258
page_index,time_cycles
0,1913358
page_index,time_cycles
0,1581092
page_index,time_cycles
0,1393952
page_index,time_cycles
0,1762080
page_index,time_cycles
0,4035596
page_index,time_cycles
0,1578476
page_index,time_cycles
0,4268364
page_index,time_cycles
0,3438732
page_index,time_cycles
0,1961920
page_index,time_cycles
0,4095840
page_index,time_cycles
0,1244258
page_index,time_cycles
0,1270274
page_index,time_cycles
0,1412274
page_index,time_cycles
0,4040534
page_index,time_cycles
0,3552576
page_index,time_cycles
0,1325852
page_index,time_cycles
0,3825072
page_index,time_cycles
0,1945438
page_index,time_cycles
0,4526008
page_index,time_cycles
0,3672030
page_index,time_cycles
0,1307678
page_index,time_cycles
0,1266172
page_index,time_cycles
0,1373778
page_index,time_cycles
0,1247618
page_index,time_cycles
0,3976608
page_index,time_cycles
0,1258594
page_index,time_cycles
0,3586038
page_index,time_cycles
0,3520616
page_index,time_cycles
0,1355758
page_index,time_cycles
0,4049204
page_index,time_cycles
0,3768318
page_index,time_cycles
0,1222268
page_index,time_cycles
0,2370968
page_index,time_cycles
0,1343002
page_index,time_cycles
0,4115454
page_index,time_cycles
0,1223776
page_index,time_cycles
0,2521498
page_index,time_cycles
0,1370682
page_index,time_cycles
0,3508800
page_index,time_cycles
0,2243176
page_index,time_cycles
0,4045976
page_index,time_cycles
0,1744824
page_index,time_cycles
0,4265682
page_index,time_cycles
0,1319980
page_index,time_cycles
0,4686380
page_index,time_cycles
0,1554938
page_index,time_cycles
0,1399212
page_index,time_cycles
0,1694954
page_index,time_cycles
0,1613920
page_index,time_cycles
0,2443502
page_index,time_cycles
0,1481510
page_index,time_cycles
0,3461728
page_index,time_cycles
0,1585868
page_index,time_cycles
0,1437818
page_index,time_cycles
0,3661246
page_index,time_cycles
0,3950608
page_index,time_cycles
0,1963406
page_index,time_cycles
0,4078818
page_index,time_cycles
0,3607044
page_index,time_cycles
0,1190756
page_index,time_cycles
0,3858874
page_index,time_cycles
0,2515656
page_index,time_cycles
0,1260056
page_index,time_cycles
0,1565752
page_index,time_cycles
0,1476640
page_index,time_cycles
0,1674686
page_index,time_cycles
0,3407120
page_index,time_cycles
0,2098434
page_index,time_cycles
0,1335722
page_index,time_cycles
0,1266110
page_index,time_cycles
0,1537580
page_index,time_cycles
0,1585636
page_index,time_cycles
0,1857828
page_index,time_cycles
0,1205758
page_index,time_cycles
0,4222278
page_index,time_cycles
0,1651674
page_index,time_cycles
0,3955324
page_index,time_cycles
0,1314024
page_index,time_cycles
0,1723942
page_index,time_cycles
0,1272874
page_index,time_cycles
0,3954688
page_index,time_cycles
0,1431652
page_index,time_cycles
0,2430684
page_index,time_cycles
0,3366052
page_index,time_cycles
0,3741638
page_index,time_cycles
0,1420742
page_index,time_cycles
0,2356446
page_index,time_cycles
0,4221676
page_index,time_cycles
0,1980416
page_index,time_cycles
0,1219828
page_index,time_cycles
0,1315130
page_index,time_cycles
0,1889692
page_index,time_cycles
0,3577994
page_index,time_cycles
0,1317808
page_index,time_cycles
0,2212594
page_index,time_cycles
0,3609398
page_index,time_cycles
0,3953994
page_index,time_cycles
0,4255922
page_index,time_cycles
0,2080682
page_index,time_cycles
0,1499804
page_index,time_cycles
0,1429982
page_index,time_cycles
0,1632268
page_index,time_cycles
0,2258966
page_index,time_cycles
0,2097490
page_index,time_cycles
0,1221488
page_index,time_cycles
0,5508620
page_index,time_cycles
0,1324714
page_index,time_cycles
0,1569084
page_index,time_cycles
0,1432092
page_index,time_cycles
0,1279516
page_index,time_cycles
0,1319434
page_index,time_cycles
0,2258688
page_index,time_cycles
0,1420812
page_index,time_cycles
0,1189744
page_index,time_cycles
0,2248356
page_index,time_cycles
0,2678052
page_index,time_cycles
0,2269096
page_index,time_cycles
0,1148034
page_index,time_cycles
0,1666722
page_index,time_cycles
0,4004698
page_index,time_cycles
0,1975092
page_index,time_cycles
0,3964312
page_index,time_cycles
0,1331628
page_index,time_cycles
0,3517536
page_index,time_cycles
0,4606700
page_index,time_cycles
0,4094016
page_index,time_cycles
0,3229526
page_index,time_cycles
0,1351686
page_index,time_cycles
0,3209432
page_index,time_cycles
0,1467292
page_index,time_cycles
0,2079782
page_index,time_cycles
0,1322610
page_index,time_cycles
0,1187996
page_index,time_cycles
0,1398444
page_index,time_cycles
0,2490984
page_index,time_cycles
0,3835928
page_index,time_cycles
0,1233824
page_index,time_cycles
0,3389098
page_index,time_cycles
0,1210644
page_index,time_cycles
0,1364940
page_index,time_cycles
0,2037726
page_index,time_cycles
0,1290316
page_index,time_cycles
0,3216466
page_index,time_cycles
0,1235766
page_index,time_cycles
0,3809726
page_index,time_cycles
0,3783782
page_index,time_cycles
0,1200564
page_index,time_cycles
0,3864012
page_index,time_cycles
0,2510296
page_index,time_cycles
0,8431256
page_index,time_cycles
0,1155436
page_index,time_cycles
0,2202944
page_index,time_cycles
0,1233936
page_index,time_cycles
0,3677882
page_index,time_cycles
0,1175464
page_index,time_cycles
0,1449656
page_index,time_cycles
0,1206198
page_index,time_cycles
0,1249226
page_index,time_cycles
0,2673550
page_index,time_cycles
0,1394710
page_index,time_cycles
0,1350032
page_index,time_cycles
0,1853052
page_index,time_cycles
0,4223580
page_index,time_cycles
0,3979332
page_index,time_cycles
0,2313200
page_index,time_cycles
0,3804440
page_index,time_cycles
0,1568236
page_index,time_cycles
0,3763866
page_index,time_cycles
0,1238840
page_index,time_cycles
0,1312200
page_index,time_cycles
0,1249420
page_index,time_cycles
0,4789426
page_index,time_cycles
0,1160144
page_index,time_cycles
0,2129150
page_index,time_cycles
0,1535822
page_index,time_cycles
0,3666784
page_index,time_cycles
0,2577822
page_index,time_cycles
0,1205106
page_index,time_cycles
0,3653838
page_index,time_cycles
0,1194332
page_index,time_cycles
0,2291522
page_index,time_cycles
0,1951374
page_index,time_cycles
0,2586864
page_index,time_cycles
0,1229004
page_index,time_cycles
0,4206722
page_index,time_cycles
0,1195148
page_index,time_cycles
0,1362364
page_index,time_cycles
0,1724232
page_index,time_cycles
0,3285504
page_index,time_cycles
0,2878364
page_index,time_cycles
0,2106096
page_index,time_cycles
0,5370554
page_index,time_cycles
0,4101476
page_index,time_cycles
0,1802880
page_index,time_cycles
0,1784196
page_index,time_cycles
0,1392144
page_index,time_cycles
0,1189946
page_index,time_cycles
0,3995394
page_index,time_cycles
0,1197776
page_index,time_cycles
0,1385858
page_index,time_cycles
0,3221582
page_index,time_cycles
0,1946112
page_index,time_cycles
0,1542512
page_index,time_cycles
0,3563414
page_index,time_cycles
0,3855896
page_index,time_cycles
0,2451822
page_index,time_cycles
0,1901902
page_index,time_cycles
0,1376748
page_index,time_cycles
0,2066424
page_index,time_cycles
0,2218388
page_index,time_cycles
0,3914966
page_index,time_cycles
0,1353540
page_index,time_cycles
0,2733826
page_index,time_cycles
0,3858218
page_index,time_cycles
0,1798126
page_index,time_cycles
0,1387472
page_index,time_cycles
0,3437908
page_index,time_cycles
0,1382402
page_index,time_cycles
0,3400998
page_index,time_cycles
0,1615312
page_index,time_cycles
0,1459188
page_index,time_cycles
0,3241590
page_index,time_cycles
0,3706118
page_index,time_cycles
0,1201650
page_index,time_cycles
0,1422106
page_index,time_cycles
0,3820658
page_index,time_cycles
0,1678432
page_index,time_cycles
0,1280778
page_index,time_cycles
0,1655424
page_index,time_cycles
0,1174366
page_index,time_cycles
0,1478664
page_index,time_cycles
0,1950734
page_index,time_cycles
0,3929706
page_index,time_cycles
0,2614332
page_index,time_cycles
0,4136294
page_index,time_cycles
0,1173466
page_index,time_cycles
0,1156756
page_index,time_cycles
0,1560024
page_index,time_cycles
0,1237226
page_index,time_cycles
0,2293876
page_index,time_cycles
0,1850768
page_index,time_cycles
0,2870826
page_index,time_cycles
0,3249504
page_index,time_cycles
0,2293536
page_index,time_cycles
0,3464734
page_index,time_cycles
0,2184584
page_index,time_cycles
0,3343564
page_index,time_cycles
0,1370354
page_index,time_cycles
0,1234698
page_index,time_cycles
0,1246108
page_index,time_cycles
0,2091978
page_index,time_cycles
0,2168186
page_index,time_cycles
0,1270598
page_index,time_cycles
0,3920712
page_index,time_cycles
0,1331926
page_index,time_cycles
0,3749414
page_index,time_cycles
0,2729418
page_index,time_cycles
0,1235658
page_index,time_cycles
0,3141440
page_index,time_cycles
0,1283274
page_index,time_cycles
0,1313326
page_index,time_cycles
0,2106460
page_index,time_cycles
0,3846782
page_index,time_cycles
0,1708592
page_index,time_cycles
0,1314972
page_index,time_cycles
0,4266188
page_index,time_cycles
0,1202158
page_index,time_cycles
0,1753684
page_index,time_cycles
0,1166634
page_index,time_cycles
0,2019214
page_index,time_cycles
0,1852900
page_index,time_cycles
0,2313724
page_index,time_cycles
0,3532234
page_index,time_cycles
0,1913148
page_index,time_cycles
0,3787100
page_index,time_cycles
0,1558872
page_index,time_cycles
0,3437800
page_index,time_cycles
0,3168344
page_index,time_cycles
0,1563650
page_index,time_cycles
0,2205118
page_index,time_cycles
0,2425458
page_index,time_cycles
0,2045830
page_index,time_cycles
0,1388462
page_index,time_cycles
0,3796750
page_index,time_cycles
0,3246978
page_index,time_cycles
0,1572910
page_index,time_cycles
0,1172818
page_index,time_cycles
0,2049800
page_index,time_cycles
0,1229510
page_index,time_cycles
0,1762810
page_index,time_cycles
0,3332200
page_index,time_cycles
0,1475140
page_index,time_cycles
0,2198896
page_index,time_cycles
0,2729068
page_index,time_cycles
0,1283880
page_index,time_cycles
0,3909336
page_index,time_cycles
0,1610556
page_index,time_cycles
0,1207908
page_index,time_cycles
0,1501536
page_index,time_cycles
0,3358442
page_index,time_cycles
0,1169052
page_index,time_cycles
0,1934016
page_index,time_cycles
0,3741580
page_index,time_cycles
0,1436950
page_index,time_cycles
0,2029500
page_index,time_cycles
0,1610984
page_index,time_cycles
0,1249032
page_index,time_cycles
0,1209266
page_index,time_cycles
0,1434164
page_index,time_cycles
0,1181652
page_index,time_cycles
0,1447794
page_index,time_cycles
0,1433146
page_index,time_cycles
0,3075594
page_index,time_cycles
0,3417744
page_index,time_cycles
0,2808202
page_index,time_cycles
0,1240654
page_index,time_cycles
0,1160074
page_index,time_cycles
0,1822590
page_index,time_cycles
0,1459978
page_index,time_cycles
0,3973958
page_index,time_cycles
0,1749246
page_index,time_cycles
0,2903068
page_index,time_cycles
0,1782832
page_index,time_cycles
0,5478610
page_index,time_cycles
0,2938978
page_index,time_cycles
0,1176160
page_index,time_cycles
0,3482358
page_index,time_cycles
0,3730726
page_index,time_cycles
0,3882042
page_index,time_cycles
0,1874938
page_index,time_cycles
0,1975798
page_index,time_cycles
0,2004114
page_index,time_cycles
0,1335988
page_index,time_cycles
0,2032822
page_index,time_cycles
0,3378642
page_index,time_cycles
0,3517314
page_index,time_cycles
0,2065696
page_index,time_cycles
0,1186724
page_index,time_cycles
0,1334174
page_index,time_cycles
0,2450418
page_index,time_cycles
0,1277484
page_index,time_cycles
0,1528010
page_index,time_cycles
0,3141610
page_index,time_cycles
0,3833080
page_index,time_cycles
0,1304812
page_index,time_cycles
0,2220604
page_index,time_cycles
0,2257208
page_index,time_cycles
0,1223198
page_index,time_cycles
0,3985170
page_index,time_cycles
0,1646014
page_index,time_cycles
0,3670780
page_index,time_cycles
0,2078810
page_index,time_cycles
0,3489562
page_index,time_cycles
0,3380748
page_index,time_cycles
0,1470026
page_index,time_cycles
0,3474444
page_index,time_cycles
0,2303524
page_index,time_cycles
0,2227060
page_index,time_cycles
0,3362268
page_index,time_cycles
0,3591858
page_index,time_cycles
0,4410366
page_index,time_cycles
0,1195660
page_index,time_cycles
0,3378864
page_index,time_cycles
0,1541248
page_index,time_cycles
0,3313152
page_index,time_cycles
0,2351700
page_index,time_cycles
0,3617072
page_index,time_cycles
0,3604010
page_index,time_cycles
0,3480412
page_index,time_cycles
0,4346138
page_index,time_cycles
0,4219266
page_index,time_cycles
0,3927616
page_index,time_cycles
0,3198090
page_index,time_cycles
0,2394862
page_index,time_cycles
0,3904010
page_index,time_cycles
0,1490366
page_index,time_cycles
0,2363998
page_index,time_cycles
0,1782072
page_index,time_cycles
0,1398038
page_index,time_cycles
0,3525600
page_index,time_cycles
0,4316196
page_index,time_cycles
0,1368744
page_index,time_cycles
0,1500728
page_index,time_cycles
0,1389738
page_index,time_cycles
0,3530944
page_index,time_cycles
0,1536372
page_index,time_cycles
0,3314752
page_index,time_cycles
0,4257212
page_index,time_cycles
0,1399328
page_index,time_cycles
0,1287920
page_index,time_cycles
0,1909928
page_index,time_cycles
0,1329944
page_index,time_cycles
0,1704188
page_index,time_cycles
0,1767560
page_index,time_cycles
0,1557454
page_index,time_cycles
0,1559976
page_index,time_cycles
0,1652440
page_index,time_cycles
0,3669100
page_index,time_cycles
0,1367818
page_index,time_cycles
0,3605300
page_index,time_cycles
0,1364186
page_index,time_cycles
0,3176078
page_index,time_cycles
0,2565972
page_index,time_cycles
0,3661442
page_index,time_cycles
0,1276688
page_index,time_cycles
0,3706640
page_index,time_cycles
0,1276886
page_index,time_cycles
0,3336354
page_index,time_cycles
0,4658352
page_index,time_cycles
0,2369470
page_index,time_cycles
0,1515114
page_index,time_cycles
0,1408286
page_index,time_cycles
0,1245660
page_index,time_cycles
0,1194718
page_index,time_cycles
0,4196172
page_index,time_cycles
0,1800820
page_index,time_cycles
0,2420182
page_index,time_cycles
0,2258262
page_index,time_cycles
0,3427846
page_index,time_cycles
0,1446724
page_index,time_cycles
0,3237768
page_index,time_cycles
0,3175880
page_index,time_cycles
0,3229632
page_index,time_cycles
0,2425840
page_index,time_cycles
0,1395108
page_index,time_cycles
0,1189210
page_index,time_cycles
0,4649942
page_index,time_cycles
0,1203632
page_index,time_cycles
0,2128070
page_index,time_cycles
0,2238358
page_index,time_cycles
0,1793598
page_index,time_cycles
0,4385650
page_index,time_cycles
0,1433948
page_index,time_cycles
0,2349254
page_index,time_cycles
0,1414874
page_index,time_cycles
0,3844224
page_index,time_cycles
0,3387168
page_index,time_cycles
0,2056632
page_index,time_cycles
0,1778246
page_index,time_cycles
0,1986590
page_index,time_cycles
0,2496358
page_index,time_cycles
0,1827998
page_index,time_cycles
0,3675188
page_index,time_cycles
0,3581790
page_index,time_cycles
0,2050922
page_index,time_cycles
0,1287988
page_index,time_cycles
0,1190742
page_index,time_cycles
0,3870576
page_index,time_cycles
0,1250222
page_index,time_cycles
0,2405186
page_index,time_cycles
0,3091968
page_index,time_cycles
0,1182910
page_index,time_cycles
0,3821154
page_index,time_cycles
0,4137266
page_index,time_cycles
0,1251284
page_index,time_cycles
0,3804866
page_index,time_cycles
0,1280904
page_index,time_cycles
0,2190198
page_index,time_cycles
0,1335670
page_index,time_cycles
0,1199494
page_index,time_cycles
0,1491116
page_index,time_cycles
0,1193234
page_index,time_cycles
0,1456798
page_index,time_cycles
0,4394744
page_index,time_cycles
0,3404792
page_index,time_cycles
0,1607246
page_index,time_cycles
0,3942826
page_index,time_cycles
0,3651106
page_index,time_cycles
0,1384822
page_index,time_cycles
0,1386952
page_index,time_cycles
0,1328766
page_index,time_cycles
0,3664744
page_index,time_cycles
0,1989486
page_index,time_cycles
0,3539746
page_index,time_cycles
0,2047190
page_index,time_cycles
0,3166346
page_index,time_cycles
0,3137608
page_index,time_cycles
0,2355858
page_index,time_cycles
0,1684338
page_index,time_cycles
0,1363644
page_index,time_cycles
0,1416244
page_index,time_cycles
0,2421858
page_index,time_cycles
0,3821508
page_index,time_cycles
0,2095094
page_index,time_cycles
0,1399500
page_index,time_cycles
0,1315658
page_index,time_cycles
0,1363716
page_index,time_cycles
0,1266590
page_index,time_cycles
0,4492040
page_index,time_cycles
0,1299712
page_index,time_cycles
0,3571916
page_index,time_cycles
0,2644510
page_index,time_cycles
0,3050288
page_index,time_cycles
0,1510474
page_index,time_cycles
0,1571374
page_index,time_cycles
0,1372542
page_index,time_cycles
0,3890496
page_index,time_cycles
0,3564890
page_index,time_cycles
0,3512292
page_index,time_cycles
0,2672090
page_index,time_cycles
0,3557964
page_index,time_cycles
0,2066388
page_index,time_cycles
0,3573118
page_index,time_cycles
0,1792142
page_index,time_cycles
0,3500498
page_index,time_cycles
0,3481640
page_index,time_cycles
0,1175936
page_index,time_cycles
0,1169022
page_index,time_cycles
0,3776314
page_index,time_cycles
0,1153970
page_index,time_cycles
0,3357166
page_index,time_cycles
0,1351640
page_index,time_cycles
0,4110996
page_index,time_cycles
0,3846548
page_index,time_cycles
0,2051016
page_index,time_cycles
0,1656996
page_index,time_cycles
0,1387320
page_index,time_cycles
0,3423082
page_index,time_cycles
0,1476426
page_index,time_cycles
0,1419686
page_index,time_cycles
0,1269708
page_index,time_cycles
0,1193790
page_index,time_cycles
0,1789888
page_index,time_cycles
0,1707530
page_index,time_cycles
0,3831108
page_index,time_cycles
0,3485910
page_index,time_cycles
0,3672732
page_index,time_cycles
0,3286992
page_index,time_cycles
0,1462078
page_index,time_cycles
0,3794808
page_index,time_cycles
0,1504990
page_index,time_cycles
0,1300698
page_index,time_cycles
0,3506404
page_index,time_cycles
0,2044464
page_index,time_cycles
0,1348530
page_index,time_cycles
0,3418698
page_index,time_cycles
0,1230088
page_index,time_cycles
0,3419062
page_index,time_cycles
0,2375496
page_index,time_cycles
0,3470442
page_index,time_cycles
0,1316050
page_index,time_cycles
0,2201354
page_index,time_cycles
0,2505064
page_index,time_cycles
0,1953752
page_index,time_cycles
0,3662992
page_index,time_cycles
0,1992138
page_index,time_cycles
0,2299996
page_index,time_cycles
0,1336402
page_index,time_cycles
0,3415290
page_index,time_cycles
0,1580096
page_index,time_cycles
0,1409032
page_index,time_cycles
0,1651244
page_index,time_cycles
0,2061436
page_index,time_cycles
0,1160754
page_index,time_cycles
0,3772086
page_index,time_cycles
0,1586354
page_index,time_cycles
0,1207184
page_index,time_cycles
0,1854350
page_index,time_cycles
0,1294914
page_index,time_cycles
0,3524320
page_index,time_cycles
0,1890246
page_index,time_cycles
0,2444882
page_index,time_cycles
0,4151442
page_index,time_cycles
0,1377570
page_index,time_cycles
0,1233552
page_index,time_cycles
0,2951814
page_index,time_cycles
0,2088926
page_index,time_cycles
0,1267120
page_index,time_cycles
0,1232890
page_index,time_cycles
0,1489546
page_index,time_cycles
0,1224382
page_index,time_cycles
0,4228274
page_index,time_cycles
0,1740016
page_index,time_cycles
0,1407798
page_index,time_cycles
0,1331934
page_index,time_cycles
0,2799536
page_index,time_cycles
0,3639638
page_index,time_cycles
0,1588234
page_index,time_cycles
0,1941574
page_index,time_cycles
0,3235480
page_index,time_cycles
0,1357800
page_index,time_cycles
0,1682292
page_index,time_cycles
0,3821342
page_index,time_cycles
0,2237554
page_index,time_cycles
0,1152726
page_index,time_cycles
0,2377376
page_index,time_cycles
0,1225706
page_index,time_cycles
0,2193632
page_index,time_cycles
0,3095558
page_index,time_cycles
0,1197596
page_index,time_cycles
0,1326806
page_index,time_cycles
0,1679540
page_index,time_cycles
0,1378300
page_index,time_cycles
0,1212016
page_index,time_cycles
0,2428114
page_index,time_cycles
0,1974422
page_index,time_cycles
0,1305828
page_index,time_cycles
0,3167906
page_index,time_cycles
0,1305168
page_index,time_cycles
0,2374428
page_index,time_cycles
0,1301024
page_index,time_cycles
0,1678924
page_index,time_cycles
0,3547920
page_index,time_cycles
0,3150864
page_index,time_cycles
0,2237584
page_index,time_cycles
0,2261208
page_index,time_cycles
0,2509698
page_index,time_cycles
0,3503000
page_index,time_cycles
0,1369108
page_index,time_cycles
0,1316352
page_index,time_cycles
0,4416266
page_index,time_cycles
0,1358412
page_index,time_cycles
0,1982162
page_index,time_cycles
0,1797018
page_index,time_cycles
0,1448148
page_index,time_cycles
0,1201134
page_index,time_cycles
0,1296618
page_index,time_cycles
0,3054604
page_index,time_cycles
0,2340708
page_index,time_cycles
0,2587452
page_index,time_cycles
0,1262034
page_index,time_cycles
0,3587952
page_index,time_cycles
0,1915636
page_index,time_cycles
0,4403120
page_index,time_cycles
0,3416660
page_index,time_cycles
0,3301996
page_index,time_cycles
0,3540722
page_index,time_cycles
0,1225186
page_index,time_cycles
0,1595162
page_index,time_cycles
0,1895366
page_index,time_cycles
0,1258030
page_index,time_cycles
0,1594608
page_index,time_cycles
0,1417164
page_index,time_cycles
0,2549890
page_index,time_cycles
0,3699308
page_index,time_cycles
0,4471296
page_index,time_cycles
0,1899906
page_index,time_cycles
0,2220704
page_index,time_cycles
0,2255860
page_index,time_cycles
0,1153500
page_index,time_cycles
0,3906978
page_index,time_cycles
0,1382554
page_index,time_cycles
0,3249050
page_index,time_cycles
0,2692198
page_index,time_cycles
0,1165644
page_index,time_cycles
0,3558980
page_index,time_cycles
0,3515710
page_index,time_cycles
0,1984608
page_index,time_cycles
0,1291136
page_index,time_cycles
0,1421350
page_index,time_cycles
0,2571172
page_index,time_cycles
0,2081384
page_index,time_cycles
0,1196684
page_index,time_cycles
0,3973630
page_index,time_cycles
0,1341824
page_index,time_cycles
0,2486382
page_index,time_cycles
0,3053386
page_index,time_cycles
0,3850500
page_index,time_cycles
0,1359984
page_index,time_cycles
0,3139130
page_index,time_cycles
0,4166150
page_index,time_cycles
0,2092712
page_index,time_cycles
0,3326400
page_index,time_cycles
0,3660884
page_index,time_cycles
0,2370978
page_index,time_cycles
0,1170804
page_index,time_cycles
0,1793002
page_index,time_cycles
0,4031500
page_index,time_cycles
0,1237842
page_index,time_cycles
0,1541128
page_index,time_cycles
0,3067204
page_index,time_cycles
0,1246678
page_index,time_cycles
0,1350406
page_index,time_cycles
0,4652938
page_index,time_cycles
0,1337654
page_index,time_cycles
0,1202100
page_index,time_cycles
0,3850238
page_index,time_cycles
0,3126564
page_index,time_cycles
0,1809184
page_index,time_cycles
0,2061828
page_index,time_cycles
0,1598928
page_index,time_cycles
0,1496498
page_index,time_cycles
0,3705932
page_index,time_cycles
0,1268582
page_index,time_cycles
0,2401338
page_index,time_cycles
0,1213840
page_index,time_cycles
0,2444038
page_index,time_cycles
0,4352114
page_index,time_cycles
0,3612854
page_index,time_cycles
0,1607442
page_index,time_cycles
0,1494788
page_index,time_cycles
0,1769718
page_index,time_cycles
0,3547542
page_index,time_cycles
0,1234490
page_index,time_cycles
0,1184326
page_index,time_cycles
0,3364348
page_index,time_cycles
0,1198020
page_index,time_cycles
0,3041796
page_index,time_cycles
0,1735826
page_index,time_cycles
0,3811250
page_index,time_cycles
0,1588390
page_index,time_cycles
0,3171394
page_index,time_cycles
0,1197160
page_index,time_cycles
0,1524706
page_index,time_cycles
0,1603864
page_index,time_cycles
0,1307404
page_index,time_cycles
0,1718200
page_index,time_cycles
0,3912980
page_index,time_cycles
0,2207538
page_index,time_cycles
0,4221826
page_index,time_cycles
0,3407316
page_index,time_cycles
0,1296906
page_index,time_cycles
0,1535926
page_index,time_cycles
0,1191356
page_index,time_cycles
0,1297130
page_index,time_cycles
0,1186754
page_index,time_cycles
0,1248994
page_index,time_cycles
0,1182672
page_index,time_cycles
0,1288304
page_index,time_cycles
0,2060994
page_index,time_cycles
0,2476216
page_index,time_cycles
0,1330858
page_index,time_cycles
0,1351790
page_index,time_cycles
0,1989376
page_index,time_cycles
0,1374624
page_index,time_cycles
0,1159260
page_index,time_cycles
0,1222546
page_index,time_cycles
0,2154046
page_index,time_cycles
0,1671630
page_index,time_cycles
0,3286244
page_index,time_cycles
0,1518400
page_index,time_cycles
0,3831760
page_index,time_cycles
0,4702528
page_index,time_cycles
0,4138498
page_index,time_cycles
0,1460502
page_index,time_cycles
0,1177268
page_index,time_cycles
0,3935066
page_index,time_cycles
0,1336864
page_index,time_cycles
0,2020226
page_index,time_cycles
0,3446796
page_index,time_cycles
0,1224340
page_index,time_cycles
0,2099878
page_index,time_cycles
0,3228260
page_index,time_cycles
0,1288626
page_index,time_cycles
0,1421494
page_index,time_cycles
0,1182696
page_index,time_cycles
0,1475164
page_index,time_cycles
0,2314604
page_index,time_cycles
0,3206614
page_index,time_cycles
0,3566104
page_index,time_cycles
0,1965318
page_index,time_cycles
0,3923240
page_index,time_cycles
0,1256938
page_index,time_cycles
0,3643346
page_index,time_cycles
0,3614384
page_index,time_cycles
0,1407932
page_index,time_cycles
0,3811648
page_index,time_cycles
0,1529304
page_index,time_cycles
0,1508020
page_index,time_cycles
0,1204082
page_index,time_cycles
0,2624240
page_index,time_cycles
0,1306402
page_index,time_cycles
0,1969500
page_index,time_cycles
0,1334834
page_index,time_cycles
0,2043172
page_index,time_cycles
0,2157320
page_index,time_cycles
0,2977342
page_index,time_cycles
0,4496464
page_index,time_cycles
0,2147970
page_index,time_cycles
0,1565808
page_index,time_cycles
0,1718090
page_index,time_cycles
0,1484916
page_index,time_cycles
0,3425554
page_index,time_cycles
0,3926690
page_index,time_cycles
0,3387946
page_index,time_cycles
0,3751854
page_index,time_cycles
0,1298390
page_index,time_cycles
0,4175214
page_index,time_cycles
0,1822702
page_index,time_cycles
0,1681800
page_index,time_cycles
0,1823452
page_index,time_cycles
0,3657184
page_index,time_cycles
0,4123948
page_index,time_cycles
0,4414794
page_index,time_cycles
0,3015648
page_index,time_cycles
0,1842128
page_index,time_cycles
0,1288122
page_index,time_cycles
0,1389578
page_index,time_cycles
0,1521052
page_index,time_cycles
0,2239362
page_index,time_cycles
0,4466428
page_index,time_cycles
0,1452074
page_index,time_cycles
0,2217528
page_index,time_cycles
0,1458790
page_index,time_cycles
0,4706292
page_index,time_cycles
0,2058868
page_index,time_cycles
0,3572448
page_index,time_cycles
0,2346744
page_index,time_cycles
0,1286344
page_index,time_cycles
0,1287524
page_index,time_cycles
0,3420652
page_index,time_cycles
0,1492404
page_index,time_cycles
0,2948142
page_index,time_cycles
0,4387946
page_index,time_cycles
0,1741920
page_index,time_cycles
0,1461952
page_index,time_cycles
0,3714038
page_index,time_cycles
0,1423798
page_index,time_cycles
0,4169028
page_index,time_cycles
0,2506916
page_index,time_cycles
0,3711996
page_index,time_cycles
0,3650766
page_index,time_cycles
0,3216846
page_index,time_cycles
0,1219836
page_index,time_cycles
0,3360306
page_index,time_cycles
0,3732386
page_index,time_cycles
0,1331820
page_index,time_cycles
0,3398260
page_index,time_cycles
0,1335806
page_index,time_cycles
0,2176982
page_index,time_cycles
0,1356720
page_index,time_cycles
0,1387528
page_index,time_cycles
0,1914208
page_index,time_cycles
0,3126572
page_index,time_cycles
0,3807770
page_index,time_cycles
0,1534850
page_index,time_cycles
0,3678256
page_index,time_cycles
0,3312308
page_index,time_cycles
0,3577272
page_index,time_cycles
0,1512086
page_index,time_cycles
0,1524726
page_index,time_cycles
0,1429440
page_index,time_cycles
0,1947716
page_index,time_cycles
0,2192900
page_index,time_cycles
0,3957996
page_index,time_cycles
0,3294790
page_index,time_cycles
0,6649336
page_index,time_cycles
0,1974448
page_index,time_cycles
0,1646168
page_index,time_cycles
0,1922582
page_index,time_cycles
0,3667776
page_index,time_cycles
0,2693338
page_index,time_cycles
0,3745008
page_index,time_cycles
0,3657880
page_index,time_cycles
0,4013438
page_index,time_cycles
0,3639456
page_index,time_cycles
0,1445218
page_index,time_cycles
0,1209736
page_index,time_cycles
0,2100674
page_index,time_cycles
0,3715306
page_index,time_cycles
0,1545888
page_index,time_cycles
0,2335224
page_index,time_cycles
0,4173850
page_index,time_cycles
0,1630162
page_index,time_cycles
0,4397952
page_index,time_cycles
0,1354186
page_index,time_cycles
0,1180064
page_index,time_cycles
0,1520226
page_index,time_cycles
0,4103752
page_index,time_cycles
0,2066678
page_index,time_cycles
0,4245524
page_index,time_cycles
0,2604486
page_index,time_cycles
0,2338718
page_index,time_cycles
0,3448538
page_index,time_cycles
0,1179206
page_index,time_cycles
0,1365118
page_index,time_cycles
0,3650198
page_index,time_cycles
0,3521234
page_index,time_cycles
0,4343654
page_index,time_cycles
0,1194866
page_index,time_cycles
0,1908224
page_index,time_cycles
0,2272096
page_index,time_cycles
0,3180440
page_index,time_cycles
0,3720208
page_index,time_cycles
0,1999076
page_index,time_cycles
0,1626042
page_index,time_cycles
0,2045458
page_index,time_cycles
0,3766032
page_index,time_cycles
0,1872268
page_index,time_cycles
0,3552104
page_index,time_cycles
0,1401136
page_index,time_cycles
0,2100810
page_index,time_cycles
0,2554956
page_index,time_cycles
0,2307294
page_index,time_cycles
0,1980532
page_index,time_cycles
0,1283284
page_index,time_cycles
0,1197628
page_index,time_cycles
0,3735376
page_index,time_cycles
0,1655022
page_index,time_cycles
0,3655030
page_index,time_cycles
0,1241942
page_index,time_cycles
0,1431212
page_index,time_cycles
0,3627520
page_index,time_cycles
0,3659174
page_index,time_cycles
0,1422996
page_index,time_cycles
0,3657888
page_index,time_cycles
0,2115420
page_index,time_cycles
0,3788332
page_index,time_cycles
0,1540156
page_index,time_cycles
0,2480066
page_index,time_cycles
0,3856280
page_index,time_cycles
0,2419154
page_index,time_cycles
0,4036484
page_index,time_cycles
0,1204992
page_index,time_cycles
0,1868392
page_index,time_cycles
0,2293242
page_index,time_cycles
0,1333552
page_index,time_cycles
0,2263636
page_index,time_cycles
0,3296140
page_index,time_cycles
0,3863838
page_index,time_cycles
0,1994872
page_index,time_cycles
0,2258186
page_index,time_cycles
0,2294566
page_index,time_cycles
0,3922472
page_index,time_cycles
0,4091080
page_index,time_cycles
0,1391570
page_index,time_cycles
0,4147092
page_index,time_cycles
0,1421458
page_index,time_cycles
0,3786442
page_index,time_cycles
0,1231672
page_index,time_cycles
0,3644796
page_index,time_cycles
0,2092582
page_index,time_cycles
0,7839850
page_index,time_cycles
0,2217216
page_index,time_cycles
0,1434160
page_index,time_cycles
0,1977984
page_index,time_cycles
0,1918144
page_index,time_cycles
0,1270756
page_index,time_cycles
0,4094040
page_index,time_cycles
0,1242674
page_index,time_cycles
0,2060770
page_index,time_cycles
0,1437632
page_index,time_cycles
0,3259080
page_index,time_cycles
0,3107754
page_index,time_cycles
0,1435450
page_index,time_cycles
0,2139856
page_index,time_cycles
0,1442232
page_index,time_cycles
0,1267886
page_index,time_cycles
0,3151854
page_index,time_cycles
0,2046490
page_index,time_cycles
0,1344224
page_index,time_cycles
0,1458484
page_index,time_cycles
0,1171378
page_index,time_cycles
0,1168124
page_index,time_cycles
0,2073028
page_index,time_cycles
0,4205508
page_index,time_cycles
0,2296970
page_index,time_cycles
0,3360604
page_index,time_cycles
0,1446652
page_index,time_cycles
0,2858096
page_index,time_cycles
0,4526114
page_index,time_cycles
0,3501878
page_index,time_cycles
0,1329018
page_index,time_cycles
0,1905422
page_index,time_cycles
0,2043514
page_index,time_cycles
0,1844944
page_index,time_cycles
0,3408548
page_index,time_cycles
0,1730210
page_index,time_cycles
0,3809876
page_index,time_cycles
0,1476478
page_index,time_cycles
0,3837686
page_index,time_cycles
0,2400336
page_index,time_cycles
0,1433392
page_index,time_cycles
0,2603106
page_index,time_cycles
0,1315414
page_index,time_cycles
0,2354080
page_index,time_cycles
0,3797366
page_index,time_cycles
0,3724718
page_index,time_cycles
0,4223312
page_index,time_cycles
0,1952518
page_index,time_cycles
0,1411680
page_index,time_cycles
0,4048934
page_index,time_cycles
0,1185064
page_index,time_cycles
0,1329046
page_index,time_cycles
0,4016736
page_index,time_cycles
0,4162934
page_index,time_cycles
0,1839942
page_index,time_cycles
0,1901766
page_index,time_cycles
0,4730738
page_index,time_cycles
0,1347432
page_index,time_cycles
0,3663052
page_index,time_cycles
0,2324772
page_index,time_cycles
0,1302284
page_index,time_cycles
0,1335424
page_index,time_cycles
0,1453832
page_index,time_cycles
0,2562062
page_index,time_cycles
0,1755140
page_index,time_cycles
0,1460066
page_index,time_cycles
0,1454240
page_index,time_cycles
0,1484692
page_index,time_cycles
0,2203264
page_index,time_cycles
0,1869828
page_index,time_cycles
0,1668164
page_index,time_cycles
0,1383432
page_index,time_cycles
0,1184928
page_index,time_cycles
0,2556048
page_index,time_cycles
0,2297460
page_index,time_cycles
0,3532210
page_index,time_cycles
0,1203374
page_index,time_cycles
0,1381090
page_index,time_cycles
0,2144090
page_index,time_cycles
0,1262488
page_index,time_cycles
0,3952072
page_index,time_cycles
0,1332316
page_index,time_cycles
0,1744602
page_index,time_cycles
0,3206064
page_index,time_cycles
0,3168732
page_index,time_cycles
0,1284302
page_index,time_cycles
0,3441624
page_index,time_cycles
0,4022234
page_index,time_cycles
0,1907652
page_index,time_cycles
0,1815870
page_index,time_cycles
0,1344262
page_index,time_cycles
0,1282468
page_index,time_cycles
0,1472982
page_index,time_cycles
0,1247666
page_index,time_cycles
0,1977542
page_index,time_cycles
0,1975878
page_index,time_cycles
0,2812112
page_index,time_cycles
0,3222218
page_index,time_cycles
0,1333476
page_index,time_cycles
0,3645542
page_index,time_cycles
0,3601488
page_index,time_cycles
0,3091504
page_index,time_cycles
0,4004658
page_index,time_cycles
0,1990362
page_index,time_cycles
0,2063642
page_index,time_cycles
0,1321214
page_index,time_cycles
0,3823054
page_index,time_cycles
0,2140334
page_index,time_cycles
0,2980828
page_index,time_cycles
0,1625776
page_index,time_cycles
0,3548478
page_index,time_cycles
0,2380564
page_index,time_cycles
0,1284204
page_index,time_cycles
0,1203816
page_index,time_cycles
0,1936926
page_index,time_cycles
0,1203522
page_index,time_cycles
0,3790464
page_index,time_cycles
0,1905374
page_index,time_cycles
0,1228156
page_index,time_cycles
0,3176792
page_index,time_cycles
0,2387240
page_index,time_cycles
0,1173134
page_index,time_cycles
0,2204848
page_index,time_cycles
0,1405702
page_index,time_cycles
0,3620666
page_index,time_cycles
0,3698764
page_index,time_cycles
0,3276182
page_index,time_cycles
0,1670708
page_index,time_cycles
0,4090206
page_index,time_cycles
0,4340678
page_index,time_cycles
0,2237354
page_index,time_cycles
0,2221260
page_index,time_cycles
0,2044574
page_index,time_cycles
0,1215842
page_index,time_cycles
0,1339160
page_index,time_cycles
0,2460986
page_index,time_cycles
0,3465932
page_index,time_cycles
0,3570656
page_index,time_cycles
0,1180742
page_index,time_cycles
0,2853484
page_index,time_cycles
0,1413632
page_index,time_cycles
0,3825738
page_index,time_cycles
0,2496192
page_index,time_cycles
0,2188646
page_index,time_cycles
0,3546544
page_index,time_cycles
0,3548400
page_index,time_cycles
0,2563680
page_index,time_cycles
0,1696176
page_index,time_cycles
0,3606376
page_index,time_cycles
0,1395396
page_index,time_cycles
0,3426418
page_index,time_cycles
0,1950478
page_index,time_cycles
0,1925962
page_index,time_cycles
0,2241328
page_index,time_cycles
0,1380880
page_index,time_cycles
0,1198992
page_index,time_cycles
0,1480868
page_index,time_cycles
0,2583510
page_index,time_cycles
0,1383048
page_index,time_cycles
0,3425888
page_index,time_cycles
0,1438734
page_index,time_cycles
0,1726866
page_index,time_cycles
0,1157826
page_index,time_cycles
0,1570418
page_index,time_cycles
0,1449844
page_index,time_cycles
0,3106908
page_index,time_cycles
0,4289620
page_index,time_cycles
0,2421040
page_index,time_cycles
0,3650050
page_index,time_cycles
0,3495914
page_index,time_cycles
0,2522338
page_index,time_cycles
0,1328852
page_index,time_cycles
0,2145660
page_index,time_cycles
0,3930334
page_index,time_cycles
0,3400936
page_index,time_cycles
0,1248960
page_index,time_cycles
0,1277686
page_index,time_cycles
0,2153122
page_index,time_cycles
0,4296406
page_index,time_cycles
0,3846842
page_index,time_cycles
0,4473946
page_index,time_cycles
0,1449362
page_index,time_cycles
0,4458592
page_index,time_cycles
0,3989542
page_index,time_cycles
0,3532150
page_index,time_cycles
0,4519558
page_index,time_cycles
0,1382436
page_index,time_cycles
0,2831996
page_index,time_cycles
0,2478498
page_index,time_cycles
0,3631048
page_index,time_cycles
0,1166236
page_index,time_cycles
0,3848026
page_index,time_cycles
0,3653280
page_index,time_cycles
0,3879828
page_index,time_cycles
0,3524082
page_index,time_cycles
0,4074624
page_index,time_cycles
0,3612498
page_index,time_cycles
0,2344826
page_index,time_cycles
0,3257626
page_index,time_cycles
0,2699392
page_index,time_cycles
0,3588564
page_index,time_cycles
0,3773908
page_index,time_cycles
0,3822246
page_index,time_cycles
0,2157356
page_index,time_cycles
0,2056752
page_index,time_cycles
0,1223214
page_index,time_cycles
0,2213748
page_index,time_cycles
0,3356500
page_index,time_cycles
0,3440464
page_index,time_cycles
0,1389732
page_index,time_cycles
0,3469790
page_index,time_cycles
0,3561560
page_index,time_cycles
0,1510492
page_index,time_cycles
0,5907410
page_index,time_cycles
0,3841162
page_index,time_cycles
0,2053548
page_index,time_cycles
0,3546500
page_index,time_cycles
0,3338296
page_index,time_cycles
0,1945436
page_index,time_cycles
0,1274188
page_index,time_cycles
0,4591450
page_index,time_cycles
0,2017372
page_index,time_cycles
0,1267324
page_index,time_cycles
0,4621462
page_index,time_cycles
0,1566474
page_index,time_cycles
0,1450330
page_index,time_cycles
0,3396914
page_index,time_cycles
0,1245370
page_index,time_cycles
0,2202848
page_index,time_cycles
0,1153384
page_index,time_cycles
0,3717846
page_index,time_cycles
0,1381116
page_index,time_cycles
0,2035148
page_index,time_cycles
0,1559568
page_index,time_cycles
0,2127196
page_index,time_cycles
0,1319804
page_index,time_cycles
0,1925370
page_index,time_cycles
0,1437098
page_index,time_cycles
0,1409044
page_index,time_cycles
0,2280372
page_index,time_cycles
0,1226896
page_index,time_cycles
0,3496728
page_index,time_cycles
0,1728414
page_index,time_cycles
0,1994832
page_index,time_cycles
0,3529414
page_index,time_cycles
0,1515612
page_index,time_cycles
0,3483168
page_index,time_cycles
0,3515680
page_index,time_cycles
0,3399660
page_index,time_cycles
0,1918114
page_index,time_cycles
0,2212970
page_index,time_cycles
0,1793446
page_index,time_cycles
0,1498180
page_index,time_cycles
0,3339466
page_index,time_cycles
0,3836552
page_index,time_cycles
0,1162180
page_index,time_cycles
0,1959404
page_index,time_cycles
0,1819068
page_index,time_cycles
0,1221872
page_index,time_cycles
0,1554034
page_index,time_cycles
0,1380380
page_index,time_cycles
0,3020472
page_index,time_cycles
0,1295050
page_index,time_cycles
0,4208804
page_index,time_cycles
0,1741426
page_index,time_cycles
0,3496860
page_index,time_cycles
0,1302780
page_index,time_cycles
0,1452892
page_index,time_cycles
0,3549984
page_index,time_cycles
0,1244730
page_index,time_cycles
0,3688474
page_index,time_cycles
0,2458590
page_index,time_cycles
0,1427276
page_index,time_cycles
0,3424788
page_index,time_cycles
0,1135484
page_index,time_cycles
0,2440900
page_index,time_cycles
0,1927662
page_index,time_cycles
0,3455452
page_index,time_cycles
0,3375870
page_index,time_cycles
0,3804890
page_index,time_cycles
0,1192408
page_index,time_cycles
0,3289382
page_index,time_cycles
0,2099556
page_index,time_cycles
0,1514772
page_index,time_cycles
0,2002968
page_index,time_cycles
0,1224232
page_index,time_cycles
0,1523368
page_index,time_cycles
0,3615860
page_index,time_cycles
0,4045172
page_index,time_cycles
0,2317630
page_index,time_cycles
0,2153300
page_index,time_cycles
0,1209284
page_index,time_cycles
0,1605020
page_index,time_cycles
0,1257772
page_index,time_cycles
0,1313704
page_index,time_cycles
0,2244528
page_index,time_cycles
0,3388976
page_index,time_cycles
0,2039434
page_index,time_cycles
0,1373568
page_index,time_cycles
0,1648282
page_index,time_cycles
0,3458974
page_index,time_cycles
0,1386858
page_index,time_cycles
0,2185902
page_index,time_cycles
0,1508986
page_index,time_cycles
0,1271858
page_index,time_cycles
0,1195338
page_index,time_cycles
0,1193710
page_index,time_cycles
0,4050654
page_index,time_cycles
0,1353940
page_index,time_cycles
0,1772368
page_index,time_cycles
0,3573476
page_index,time_cycles
0,2330844
page_index,time_cycles
0,1297640
page_index,time_cycles
0,2661254
page_index,time_cycles
0,1471636
page_index,time_cycles
0,2012426
page_index,time_cycles
0,2858842
page_index,time_cycles
0,4198206
page_index,time_cycles
0,1459312
page_index,time_cycles
0,1464014
page_index,time_cycles
0,3877164
page_index,time_cycles
0,3918382
page_index,time_cycles
0,3337832
page_index,time_cycles
0,2784264
page_index,time_cycles
0,3569236
page_index,time_cycles
0,4827224
page_index,time_cycles
0,1351218
page_index,time_cycles
0,1336360
page_index,time_cycles
0,2664868
page_index,time_cycles
0,2501202
page_index,time_cycles
0,1281010
page_index,time_cycles
0,1804076
page_index,time_cycles
0,1342748
page_index,time_cycles
0,3778496
page_index,time_cycles
0,3565684
page_index,time_cycles
0,2628896
page_index,time_cycles
0,1237254
page_index,time_cycles
0,3680524
page_index,time_cycles
0,1456916
page_index,time_cycles
0,3696182
page_index,time_cycles
0,1441638
page_index,time_cycles
0,3868544
page_index,time_cycles
0,3786314
page_index,time_cycles
0,3129506
page_index,time_cycles
0,1414382
page_index,time_cycles
0,1296586
page_index,time_cycles
0,4389070
page_index,time_cycles
0,3402576
page_index,time_cycles
0,1535206
page_index,time_cycles
0,1451304
page_index,time_cycles
0,3963212
page_index,time_cycles
0,2026106
page_index,time_cycles
0,1591570
page_index,time_cycles
0,3671698
page_index,time_cycles
0,3077268
page_index,time_cycles
0,1251050
page_index,time_cycles
0,1295260
page_index,time_cycles
0,1742274
page_index,time_cycles
0,1991264
page_index,time_cycles
0,2978664
page_index,time_cycles
0,3276546
page_index,time_cycles
0,1210372
page_index,time_cycles
0,1557654
page_index,time_cycles
0,2434592
page_index,time_cycles
0,1268084
page_index,time_cycles
0,1405994
page_index,time_cycles
0,2176546
page_index,time_cycles
0,3542192
page_index,time_cycles
0,1947250
page_index,time_cycles
0,2216228
page_index,time_cycles
0,1734124
page_index,time_cycles
0,3780396
page_index,time_cycles
0,2627572
page_index,time_cycles
0,1173586
page_index,time_cycles
0,1820050
page_index,time_cycles
0,1656306
page_index,time_cycles
0,2239342
page_index,time_cycles
0,1450620
page_index,time_cycles
0,1379420
page_index,time_cycles
0,1310604
page_index,time_cycles
0,2986736
page_index,time_cycles
0,1956202
page_index,time_cycles
0,5360994
page_index,time_cycles
0,2159488
page_index,time_cycles
0,1499246
page_index,time_cycles
0,2040150
page_index,time_cycles
0,1553364
page_index,time_cycles
0,3238962
page_index,time_cycles
0,4498866
page_index,time_cycles
0,1175990
page_index,time_cycles
0,2094386
page_index,time_cycles
0,1242306
page_index,time_cycles
0,3046376
page_index,time_cycles
0,4125848
page_index,time_cycles
0,2017068
page_index,time_cycles
0,4027346
page_index,time_cycles
0,2388962
page_index,time_cycles
0,1417232
page_index,time_cycles
0,4194226
page_index,time_cycles
0,3364888
page_index,time_cycles
0,1244354
page_index,time_cycles
0,2028546
page_index,time_cycles
0,2553168
page_index,time_cycles
0,1284106
page_index,time_cycles
0,3639206
page_index,time_cycles
0,3150436
page_index,time_cycles
0,1619294
page_index,time_cycles
0,4151936
page_index,time_cycles
0,1231888
page_index,time_cycles
0,3662342
page_index,time_cycles
0,1924464
page_index,time_cycles
0,1821494
page_index,time_cycles
0,1556710
page_index,time_cycles
0,1379082
page_index,time_cycles
0,1915922
page_index,time_cycles
0,2071434
page_index,time_cycles
0,1354338
page_index,time_cycles
0,1375982
page_index,time_cycles
0,3629700
page_index,time_cycles
0,4004686
page_index,time_cycles
0,2740278
page_index,time_cycles
0,2199462
page_index,time_cycles
0,1321258
page_index,time_cycles
0,2709382
page_index,time_cycles
0,3444746
page_index,time_cycles
0,1396346
page_index,time_cycles
0,2043430
page_index,time_cycles
0,2382836
page_index,time_cycles
0,1200474
page_index,time_cycles
0,3278988
page_index,time_cycles
0,3233724
page_index,time_cycles
0,1487152
page_index,time_cycles
0,1171340
page_index,time_cycles
0,1797284
page_index,time_cycles
0,1886950
page_index,time_cycles
0,3531494
page_index,time_cycles
0,1931470
page_index,time_cycles
0,4096728
page_index,time_cycles
0,1258988
page_index,time_cycles
0,1219808
page_index,time_cycles
0,1602818
page_index,time_cycles
0,3694448
page_index,time_cycles
0,3851662
page_index,time_cycles
0,1236518
page_index,time_cycles
0,3461290
page_index,time_cycles
0,3513534
page_index,time_cycles
0,3281204
page_index,time_cycles
0,1433328
page_index,time_cycles
0,3734392
page_index,time_cycles
0,1409112
page_index,time_cycles
0,1369910
page_index,time_cycles
0,1374454
page_index,time_cycles
0,1264176
page_index,time_cycles
0,2077090
page_index,time_cycles
0,1438582
page_index,time_cycles
0,1683658
page_index,time_cycles
0,1318850
page_index,time_cycles
0,1275432
page_index,time_cycles
0,1214566
page_index,time_cycles
0,3336492
page_index,time_cycles
0,3794810
page_index,time_cycles
0,1359948
page_index,time_cycles
0,1896320
page_index,time_cycles
0,3910050
page_index,time_cycles
0,3205822
page_index,time_cycles
0,1190892
page_index,time_cycles
0,3397236
page_index,time_cycles
0,1278570
page_index,time_cycles
0,2012724
page_index,time_cycles
0,1326420
page_index,time_cycles
0,3605106
page_index,time_cycles
0,3675542
page_index,time_cycles
0,2556018
page_index,time_cycles
0,2162396
page_index,time_cycles
0,1540702
page_index,time_cycles
0,4065458
page_index,time_cycles
0,3585562
page_index,time_cycles
0,1245436
page_index,time_cycles
0,1204906
page_index,time_cycles
0,3677972
page_index,time_cycles
0,3883998
page_index,time_cycles
0,2672376
page_index,time_cycles
0,3639956
page_index,time_cycles
0,2763564
page_index,time_cycles
0,4390564
page_index,time_cycles
0,3429598
page_index,time_cycles
0,1656920
page_index,time_cycles
0,3864308
page_index,time_cycles
0,4117976
page_index,time_cycles
0,1202074
page_index,time_cycles
0,2248896
page_index,time_cycles
0,1233814
page_index,time_cycles
0,1310710
page_index,time_cycles
0,1550382
page_index,time_cycles
0,4085146
page_index,time_cycles
0,1833212
page_index,time_cycles
0,4188162
page_index,time_cycles
0,1177944
page_index,time_cycles
0,1202218
page_index,time_cycles
0,4100322
page_index,time_cycles
0,3302716
page_index,time_cycles
0,1257772
page_index,time_cycles
0,2986526
page_index,time_cycles
0,3209172
page_index,time_cycles
0,3283440
page_index,time_cycles
0,1375854
page_index,time_cycles
0,3581384
page_index,time_cycles
0,3047620
page_index,time_cycles
0,2307282
page_index,time_cycles
0,3011616
page_index,time_cycles
0,1198238
page_index,time_cycles
0,3683314
page_index,time_cycles
0,3181942
page_index,time_cycles
0,4696642
page_index,time_cycles
0,1945694
page_index,time_cycles
0,1278564
page_index,time_cycles
0,1132134
page_index,time_cycles
0,1968972
page_index,time_cycles
0,1332868
page_index,time_cycles
0,1337966
page_index,time_cycles
0,2216062
page_index,time_cycles
0,1264720
page_index,time_cycles
0,1152522
page_index,time_cycles
0,3142668
page_index,time_cycles
0,4234022
page_index,time_cycles
0,3510584
page_index,time_cycles
0,4012024
page_index,time_cycles
0,1190382
page_index,time_cycles
0,3631854
page_index,time_cycles
0,1212970
page_index,time_cycles
0,2555232
SUMMARY,COUNT=10000,MEAN=2422555.66,STD=1113963.38
