page_index,time_cycles
0,1285424
page_index,time_cycles
0,1120534
page_index,time_cycles
0,1107964
page_index,time_cycles
0,1182040
page_index,time_cycles
0,2854228
page_index,time_cycles
0,1101626
page_index,time_cycles
0,1182556
page_index,time_cycles
0,2087864
page_index,time_cycles
0,2140750
page_index,time_cycles
0,1202034
page_index,time_cycles
0,1717764
page_index,time_cycles
0,3447448
page_index,time_cycles
0,1238470
page_index,time_cycles
0,3118972
page_index,time_cycles
0,1196140
page_index,time_cycles
0,1252238
page_index,time_cycles
0,3156190
page_index,time_cycles
0,1974710
page_index,time_cycles
0,1103604
page_index,time_cycles
0,3278646
page_index,time_cycles
0,2656358
page_index,time_cycles
0,3247926
page_index,time_cycles
0,1960930
page_index,time_cycles
0,2043796
page_index,time_cycles
0,1169814
page_index,time_cycles
0,3215664
page_index,time_cycles
0,1126838
page_index,time_cycles
0,3266720
page_index,time_cycles
0,2064320
page_index,time_cycles
0,1183222
page_index,time_cycles
0,1132686
page_index,time_cycles
0,1070342
page_index,time_cycles
0,1083936
page_index,time_cycles
0,1932750
page_index,time_cycles
0,1240324
page_index,time_cycles
0,2104126
page_index,time_cycles
0,2618760
page_index,time_cycles
0,2162844
page_index,time_cycles
0,1090720
page_index,time_cycles
0,1823284
page_index,time_cycles
0,1086668
page_index,time_cycles
0,1241622
page_index,time_cycles
0,3340938
page_index,time_cycles
0,1189890
page_index,time_cycles
0,1444886
page_index,time_cycles
0,1886764
page_index,time_cycles
0,1661464
page_index,time_cycles
0,1837626
page_index,time_cycles
0,1677908
page_index,time_cycles
0,1113442
page_index,time_cycles
0,1621714
page_index,time_cycles
0,1329970
page_index,time_cycles
0,2801030
page_index,time_cycles
0,3004808
page_index,time_cycles
0,1459420
page_index,time_cycles
0,3277632
page_index,time_cycles
0,1421364
page_index,time_cycles
0,2938636
page_index,time_cycles
0,2051800
page_index,time_cycles
0,1165518
page_index,time_cycles
0,1447264
page_index,time_cycles
0,1910550
page_index,time_cycles
0,1863226
page_index,time_cycles
0,1091610
page_index,time_cycles
0,1095906
page_index,time_cycles
0,1102546
page_index,time_cycles
0,2975586
page_index,time_cycles
0,3340206
page_index,time_cycles
0,1224414
page_index,time_cycles
0,1540554
page_index,time_cycles
0,1258720
page_index,time_cycles
0,3176026
page_index,time_cycles
0,1281882
page_index,time_cycles
0,1109798
page_index,time_cycles
0,1253680
page_index,time_cycles
0,3547960
page_index,time_cycles
0,3207430
page_index,time_cycles
0,1218366
page_index,time_cycles
0,3016378
page_index,time_cycles
0,1207440
page_index,time_cycles
0,2366068
page_index,time_cycles
0,1142782
page_index,time_cycles
0,1804354
page_index,time_cycles
0,3121262
page_index,time_cycles
0,1229262
page_index,time_cycles
0,1091328
page_index,time_cycles
0,3302996
page_index,time_cycles
0,2148972
page_index,time_cycles
0,1337856
page_index,time_cycles
0,2152420
page_index,time_cycles
0,1331116
page_index,time_cycles
0,1230820
page_index,time_cycles
0,1303904
page_index,time_cycles
0,3013774
page_index,time_cycles
0,3191270
page_index,time_cycles
0,1125132
page_index,time_cycles
0,2337458
page_index,time_cycles
0,1166898
page_index,time_cycles
0,1109646
page_index,time_cycles
0,1080242
page_index,time_cycles
0,1175016
page_index,time_cycles
0,3326716
page_index,time_cycles
0,3274446
page_index,time_cycles
0,1090560
page_index,time_cycles
0,1178344
page_index,time_cycles
0,1145316
page_index,time_cycles
0,1432980
page_index,time_cycles
0,3230544
page_index,time_cycles
0,2174200
page_index,time_cycles
0,1151494
page_index,time_cycles
0,3907264
page_index,time_cycles
0,1741308
page_index,time_cycles
0,2032612
page_index,time_cycles
0,3614930
page_index,time_cycles
0,1126106
page_index,time_cycles
0,1382264
page_index,time_cycles
0,2714380
page_index,time_cycles
0,1083874
page_index,time_cycles
0,3514408
page_index,time_cycles
0,1080530
page_index,time_cycles
0,2530668
page_index,time_cycles
0,1193650
page_index,time_cycles
0,1207260
page_index,time_cycles
0,3341722
page_index,time_cycles
0,1085592
page_index,time_cycles
0,1073696
page_index,time_cycles
0,2390162
page_index,time_cycles
0,1456886
page_index,time_cycles
0,1099818
page_index,time_cycles
0,2160030
page_index,time_cycles
0,3414524
page_index,time_cycles
0,1698190
page_index,time_cycles
0,1905532
page_index,time_cycles
0,1066026
page_index,time_cycles
0,2648688
page_index,time_cycles
0,2580848
page_index,time_cycles
0,2196742
page_index,time_cycles
0,1085620
page_index,time_cycles
0,1727898
page_index,time_cycles
0,1113854
page_index,time_cycles
0,1164318
page_index,time_cycles
0,1197050
page_index,time_cycles
0,1132196
page_index,time_cycles
0,3257594
page_index,time_cycles
0,2912672
page_index,time_cycles
0,2433232
page_index,time_cycles
0,3242680
page_index,time_cycles
0,4117708
page_index,time_cycles
0,1158508
page_index,time_cycles
0,1172910
page_index,time_cycles
0,1406540
page_index,time_cycles
0,1191452
page_index,time_cycles
0,3401352
page_index,time_cycles
0,2716442
page_index,time_cycles
0,1175380
page_index,time_cycles
0,1253450
page_index,time_cycles
0,1345072
page_index,time_cycles
0,1212870
page_index,time_cycles
0,1225716
page_index,time_cycles
0,1078762
page_index,time_cycles
0,3372532
page_index,time_cycles
0,1376406
page_index,time_cycles
0,1580580
page_index,time_cycles
0,1098216
page_index,time_cycles
0,1453212
page_index,time_cycles
0,1937100
page_index,time_cycles
0,1728622
page_index,time_cycles
0,2261190
page_index,time_cycles
0,1272222
page_index,time_cycles
0,2557094
page_index,time_cycles
0,1182900
page_index,time_cycles
0,1100910
page_index,time_cycles
0,2340766
page_index,time_cycles
0,2193664
page_index,time_cycles
0,1098886
page_index,time_cycles
0,1342820
page_index,time_cycles
0,3516128
page_index,time_cycles
0,1273710
page_index,time_cycles
0,1234116
page_index,time_cycles
0,1983782
page_index,time_cycles
0,1188834
page_index,time_cycles
0,3321120
page_index,time_cycles
0,3121648
page_index,time_cycles
0,1626130
page_index,time_cycles
0,1463376
page_index,time_cycles
0,2227824
page_index,time_cycles
0,2510692
page_index,time_cycles
0,1087282
page_index,time_cycles
0,3110870
page_index,time_cycles
0,3083222
page_index,time_cycles
0,3803922
page_index,time_cycles
0,1413930
page_index,time_cycles
0,1264774
page_index,time_cycles
0,3670952
page_index,time_cycles
0,2495448
page_index,time_cycles
0,3288654
page_index,time_cycles
0,1879898
page_index,time_cycles
0,3228158
page_index,time_cycles
0,1794838
page_index,time_cycles
0,4138456
page_index,time_cycles
0,1083562
page_index,time_cycles
0,2935228
page_index,time_cycles
0,2596764
page_index,time_cycles
0,2442414
page_index,time_cycles
0,1912576
page_index,time_cycles
0,2004628
page_index,time_cycles
0,1386034
page_index,time_cycles
0,1179072
page_index,time_cycles
0,3263992
page_index,time_cycles
0,2667286
page_index,time_cycles
0,1786110
page_index,time_cycles
0,1231064
page_index,time_cycles
0,3356572
page_index,time_cycles
0,1206756
page_index,time_cycles
0,1089912
page_index,time_cycles
0,2034450
page_index,time_cycles
0,1692278
page_index,time_cycles
0,1057192
page_index,time_cycles
0,3480144
page_index,time_cycles
0,1102934
page_index,time_cycles
0,1366150
page_index,time_cycles
0,1098816
page_index,time_cycles
0,2321618
page_index,time_cycles
0,1238850
page_index,time_cycles
0,3417138
page_index,time_cycles
0,1106116
page_index,time_cycles
0,1385804
page_index,time_cycles
0,1338918
page_index,time_cycles
0,1320136
page_index,time_cycles
0,1940836
page_index,time_cycles
0,1169320
page_index,time_cycles
0,3071730
page_index,time_cycles
0,1917742
page_index,time_cycles
0,4080796
page_index,time_cycles
0,1785974
page_index,time_cycles
0,1387348
page_index,time_cycles
0,1698444
page_index,time_cycles
0,2099762
page_index,time_cycles
0,1149156
page_index,time_cycles
0,3505950
page_index,time_cycles
0,1936164
page_index,time_cycles
0,2191352
page_index,time_cycles
0,3564462
page_index,time_cycles
0,1409220
page_index,time_cycles
0,1265176
page_index,time_cycles
0,2955124
page_index,time_cycles
0,3283084
page_index,time_cycles
0,3558180
page_index,time_cycles
0,3448804
page_index,time_cycles
0,3141074
page_index,time_cycles
0,1072298
page_index,time_cycles
0,2166364
page_index,time_cycles
0,2354508
page_index,time_cycles
0,1155164
page_index,time_cycles
0,3401458
page_index,time_cycles
0,1239512
page_index,time_cycles
0,1609334
page_index,time_cycles
0,1119240
page_index,time_cycles
0,2274730
page_index,time_cycles
0,2106446
page_index,time_cycles
0,1062946
page_index,time_cycles
0,2201778
page_index,time_cycles
0,1289942
page_index,time_cycles
0,1499952
page_index,time_cycles
0,1140094
page_index,time_cycles
0,1731512
page_index,time_cycles
0,3454226
page_index,time_cycles
0,1094374
page_index,time_cycles
0,1108610
page_index,time_cycles
0,1149652
page_index,time_cycles
0,1301508
page_index,time_cycles
0,2694454
page_index,time_cycles
0,1156216
page_index,time_cycles
0,2775032
page_index,time_cycles
0,1188256
page_index,time_cycles
0,1089238
page_index,time_cycles
0,1285070
page_index,time_cycles
0,2615006
page_index,time_cycles
0,2090914
page_index,time_cycles
0,1500626
page_index,time_cycles
0,3299656
page_index,time_cycles
0,1182014
page_index,time_cycles
0,1844124
page_index,time_cycles
0,1106146
page_index,time_cycles
0,3737852
page_index,time_cycles
0,3434874
page_index,time_cycles
0,2149596
page_index,time_cycles
0,1306942
page_index,time_cycles
0,1331632
page_index,time_cycles
0,2532076
page_index,time_cycles
0,3120320
page_index,time_cycles
0,1219726
page_index,time_cycles
0,1436484
page_index,time_cycles
0,1483968
page_index,time_cycles
0,1160002
page_index,time_cycles
0,1233878
page_index,time_cycles
0,1223008
page_index,time_cycles
0,1352186
page_index,time_cycles
0,3234804
page_index,time_cycles
0,1128880
page_index,time_cycles
0,1130974
page_index,time_cycles
0,1373236
page_index,time_cycles
0,1126666
page_index,time_cycles
0,1459258
page_index,time_cycles
0,1314726
page_index,time_cycles
0,3435812
page_index,time_cycles
0,3670162
page_index,time_cycles
0,1151896
page_index,time_cycles
0,4145494
page_index,time_cycles
0,2583776
page_index,time_cycles
0,2304806
page_index,time_cycles
0,4520640
page_index,time_cycles
0,1272062
page_index,time_cycles
0,1192242
page_index,time_cycles
0,1133672
page_index,time_cycles
0,3538084
page_index,time_cycles
0,2862660
page_index,time_cycles
0,2462066
page_index,time_cycles
0,1289344
page_index,time_cycles
0,3056130
page_index,time_cycles
0,1245304
page_index,time_cycles
0,3592688
page_index,time_cycles
0,1111322
page_index,time_cycles
0,3347702
page_index,time_cycles
0,1202798
page_index,time_cycles
0,1215312
page_index,time_cycles
0,3401420
page_index,time_cycles
0,1297256
page_index,time_cycles
0,1486530
page_index,time_cycles
0,1265930
page_index,time_cycles
0,1231260
page_index,time_cycles
0,1372594
page_index,time_cycles
0,3529700
page_index,time_cycles
0,3821122
page_index,time_cycles
0,2935002
page_index,time_cycles
0,3546048
page_index,time_cycles
0,1121120
page_index,time_cycles
0,1229188
page_index,time_cycles
0,2015354
page_index,time_cycles
0,1218010
page_index,time_cycles
0,1170770
page_index,time_cycles
0,1302702
page_index,time_cycles
0,1802464
page_index,time_cycles
0,2041376
page_index,time_cycles
0,1157454
page_index,time_cycles
0,1353272
page_index,time_cycles
0,3351324
page_index,time_cycles
0,1388114
page_index,time_cycles
0,1137442
page_index,time_cycles
0,2301560
page_index,time_cycles
0,3515066
page_index,time_cycles
0,1112232
page_index,time_cycles
0,3313036
page_index,time_cycles
0,3549946
page_index,time_cycles
0,1626826
page_index,time_cycles
0,1306206
page_index,time_cycles
0,1324798
page_index,time_cycles
0,4063296
page_index,time_cycles
0,3226060
page_index,time_cycles
0,1153610
page_index,time_cycles
0,1575806
page_index,time_cycles
0,1209040
page_index,time_cycles
0,1767690
page_index,time_cycles
0,1188594
page_index,time_cycles
0,3721602
page_index,time_cycles
0,1480368
page_index,time_cycles
0,3484540
page_index,time_cycles
0,2008508
page_index,time_cycles
0,1773252
page_index,time_cycles
0,4123858
page_index,time_cycles
0,1762214
page_index,time_cycles
0,1285414
page_index,time_cycles
0,2955794
page_index,time_cycles
0,1911462
page_index,time_cycles
0,1201886
page_index,time_cycles
0,2511056
page_index,time_cycles
0,1194118
page_index,time_cycles
0,1262384
page_index,time_cycles
0,1207138
page_index,time_cycles
0,2061808
page_index,time_cycles
0,3586302
page_index,time_cycles
0,3075372
page_index,time_cycles
0,1155380
page_index,time_cycles
0,1441274
page_index,time_cycles
0,1315522
page_index,time_cycles
0,3620562
page_index,time_cycles
0,2637872
page_index,time_cycles
0,3315136
page_index,time_cycles
0,1973174
page_index,time_cycles
0,1109856
page_index,time_cycles
0,1268712
page_index,time_cycles
0,2356002
page_index,time_cycles
0,1251746
page_index,time_cycles
0,1901510
page_index,time_cycles
0,3763030
page_index,time_cycles
0,1297842
page_index,time_cycles
0,3391028
page_index,time_cycles
0,2106446
page_index,time_cycles
0,1269628
page_index,time_cycles
0,1438942
page_index,time_cycles
0,1538118
page_index,time_cycles
0,1512754
page_index,time_cycles
0,1124066
page_index,time_cycles
0,1239148
page_index,time_cycles
0,3221780
page_index,time_cycles
0,2000548
page_index,time_cycles
0,2074376
page_index,time_cycles
0,1364672
page_index,time_cycles
0,3450396
page_index,time_cycles
0,3579158
page_index,time_cycles
0,2024362
page_index,time_cycles
0,1196948
page_index,time_cycles
0,1522528
page_index,time_cycles
0,1164800
page_index,time_cycles
0,1846670
page_index,time_cycles
0,3358560
page_index,time_cycles
0,1113860
page_index,time_cycles
0,2012048
page_index,time_cycles
0,2977670
page_index,time_cycles
0,2707812
page_index,time_cycles
0,1167090
page_index,time_cycles
0,3548962
page_index,time_cycles
0,1671194
page_index,time_cycles
0,1209284
page_index,time_cycles
0,1142508
page_index,time_cycles
0,2296970
page_index,time_cycles
0,1389596
page_index,time_cycles
0,1312276
page_index,time_cycles
0,1158122
page_index,time_cycles
0,1388668
page_index,time_cycles
0,1388516
page_index,time_cycles
0,1132164
page_index,time_cycles
0,1438260
page_index,time_cycles
0,1341392
page_index,time_cycles
0,1151018
page_index,time_cycles
0,3190956
page_index,time_cycles
0,1135222
page_index,time_cycles
0,1262650
page_index,time_cycles
0,1385674
page_index,time_cycles
0,3489108
page_index,time_cycles
0,1218416
page_index,time_cycles
0,2871900
page_index,time_cycles
0,1353012
page_index,time_cycles
0,3407358
page_index,time_cycles
0,3140436
page_index,time_cycles
0,1286024
page_index,time_cycles
0,3692314
page_index,time_cycles
0,3041730
page_index,time_cycles
0,1192374
page_index,time_cycles
0,1135964
page_index,time_cycles
0,1647618
page_index,time_cycles
0,1631520
page_index,time_cycles
0,1278076
page_index,time_cycles
0,3719828
page_index,time_cycles
0,3909672
page_index,time_cycles
0,1318164
page_index,time_cycles
0,2926188
page_index,time_cycles
0,3175766
page_index,time_cycles
0,2251336
page_index,time_cycles
0,1251460
page_index,time_cycles
0,1138950
page_index,time_cycles
0,1213894
page_index,time_cycles
0,2047186
page_index,time_cycles
0,1660484
page_index,time_cycles
0,1174248
page_index,time_cycles
0,1231324
page_index,time_cycles
0,2226392
page_index,time_cycles
0,3111688
page_index,time_cycles
0,1192514
page_index,time_cycles
0,2710002
page_index,time_cycles
0,3722352
page_index,time_cycles
0,1141172
page_index,time_cycles
0,1127084
page_index,time_cycles
0,1364230
page_index,time_cycles
0,1416742
page_index,time_cycles
0,1880950
page_index,time_cycles
0,2371022
page_index,time_cycles
0,1875652
page_index,time_cycles
0,1788316
page_index,time_cycles
0,1506212
page_index,time_cycles
0,1476502
page_index,time_cycles
0,1288792
page_index,time_cycles
0,1344930
page_index,time_cycles
0,1338710
page_index,time_cycles
0,1353230
page_index,time_cycles
0,4034664
page_index,time_cycles
0,1174966
page_index,time_cycles
0,1548292
page_index,time_cycles
0,3342136
page_index,time_cycles
0,1108204
page_index,time_cycles
0,2882302
page_index,time_cycles
0,4009132
page_index,time_cycles
0,2463414
page_index,time_cycles
0,1711626
page_index,time_cycles
0,1124044
page_index,time_cycles
0,1143172
page_index,time_cycles
0,2187064
page_index,time_cycles
0,1304158
page_index,time_cycles
0,3219686
page_index,time_cycles
0,1639430
page_index,time_cycles
0,1351168
page_index,time_cycles
0,1746752
page_index,time_cycles
0,2313228
page_index,time_cycles
0,1232120
page_index,time_cycles
0,3582478
page_index,time_cycles
0,1174314
page_index,time_cycles
0,2868218
page_index,time_cycles
0,1130250
page_index,time_cycles
0,1125592
page_index,time_cycles
0,1414504
page_index,time_cycles
0,1986678
page_index,time_cycles
0,3144684
page_index,time_cycles
0,1607430
page_index,time_cycles
0,1807360
page_index,time_cycles
0,1227812
page_index,time_cycles
0,1334556
page_index,time_cycles
0,1202200
page_index,time_cycles
0,1588182
page_index,time_cycles
0,1723676
page_index,time_cycles
0,1560234
page_index,time_cycles
0,3273390
page_index,time_cycles
0,3301384
page_index,time_cycles
0,1220992
page_index,time_cycles
0,2414722
page_index,time_cycles
0,1333818
page_index,time_cycles
0,2770182
page_index,time_cycles
0,1252612
page_index,time_cycles
0,2999520
page_index,time_cycles
0,1406160
page_index,time_cycles
0,2740512
page_index,time_cycles
0,2023160
page_index,time_cycles
0,1217692
page_index,time_cycles
0,1166994
page_index,time_cycles
0,1370484
page_index,time_cycles
0,3316308
page_index,time_cycles
0,2666534
page_index,time_cycles
0,3762678
page_index,time_cycles
0,1200260
page_index,time_cycles
0,3515586
page_index,time_cycles
0,1679812
page_index,time_cycles
0,1560806
page_index,time_cycles
0,3501026
page_index,time_cycles
0,1135164
page_index,time_cycles
0,1392958
page_index,time_cycles
0,1677088
page_index,time_cycles
0,2947476
page_index,time_cycles
0,2439808
page_index,time_cycles
0,1152992
page_index,time_cycles
0,1138982
page_index,time_cycles
0,1106590
page_index,time_cycles
0,1544032
page_index,time_cycles
0,1388234
page_index,time_cycles
0,1361826
page_index,time_cycles
0,1133584
page_index,time_cycles
0,3186100
page_index,time_cycles
0,1159716
page_index,time_cycles
0,1237204
page_index,time_cycles
0,1491138
page_index,time_cycles
0,1523990
page_index,time_cycles
0,1482218
page_index,time_cycles
0,1168288
page_index,time_cycles
0,1126924
page_index,time_cycles
0,1181940
page_index,time_cycles
0,1142280
page_index,time_cycles
0,1133400
page_index,time_cycles
0,4184666
page_index,time_cycles
0,1322458
page_index,time_cycles
0,1687464
page_index,time_cycles
0,3032842
page_index,time_cycles
0,4180254
page_index,time_cycles
0,3427284
page_index,time_cycles
0,1842116
page_index,time_cycles
0,1483236
page_index,time_cycles
0,3094214
page_index,time_cycles
0,2775668
page_index,time_cycles
0,1234398
page_index,time_cycles
0,1224660
page_index,time_cycles
0,1758954
page_index,time_cycles
0,1416052
page_index,time_cycles
0,1523524
page_index,time_cycles
0,1605992
page_index,time_cycles
0,3277168
page_index,time_cycles
0,1723108
page_index,time_cycles
0,1171106
page_index,time_cycles
0,1178172
page_index,time_cycles
0,1612244
page_index,time_cycles
0,1339350
page_index,time_cycles
0,1753084
page_index,time_cycles
0,1549962
page_index,time_cycles
0,1813552
page_index,time_cycles
0,3222804
page_index,time_cycles
0,3811114
page_index,time_cycles
0,2947216
page_index,time_cycles
0,1244482
page_index,time_cycles
0,1140250
page_index,time_cycles
0,1260590
page_index,time_cycles
0,2217318
page_index,time_cycles
0,1288214
page_index,time_cycles
0,1961666
page_index,time_cycles
0,3152426
page_index,time_cycles
0,1991314
page_index,time_cycles
0,1214470
page_index,time_cycles
0,1364200
page_index,time_cycles
0,1269460
page_index,time_cycles
0,1699242
page_index,time_cycles
0,1157528
page_index,time_cycles
0,1129788
page_index,time_cycles
0,1248194
page_index,time_cycles
0,1203668
page_index,time_cycles
0,4326858
page_index,time_cycles
0,3606082
page_index,time_cycles
0,1321864
page_index,time_cycles
0,1257098
page_index,time_cycles
0,1352790
page_index,time_cycles
0,1217326
page_index,time_cycles
0,1509808
page_index,time_cycles
0,2640214
page_index,time_cycles
0,1354426
page_index,time_cycles
0,1278674
page_index,time_cycles
0,3077424
page_index,time_cycles
0,3044728
page_index,time_cycles
0,1222742
page_index,time_cycles
0,3222670
page_index,time_cycles
0,1193104
page_index,time_cycles
0,1112736
page_index,time_cycles
0,1422706
page_index,time_cycles
0,1466976
page_index,time_cycles
0,3773436
page_index,time_cycles
0,3666448
page_index,time_cycles
0,3271362
page_index,time_cycles
0,1254802
page_index,time_cycles
0,1437348
page_index,time_cycles
0,3406122
page_index,time_cycles
0,3422350
page_index,time_cycles
0,1212004
page_index,time_cycles
0,3348244
page_index,time_cycles
0,1307220
page_index,time_cycles
0,1918712
page_index,time_cycles
0,1263442
page_index,time_cycles
0,3082800
page_index,time_cycles
0,1300356
page_index,time_cycles
0,3614474
page_index,time_cycles
0,1597546
page_index,time_cycles
0,1302448
page_index,time_cycles
0,1146154
page_index,time_cycles
0,1162418
page_index,time_cycles
0,1209182
page_index,time_cycles
0,3075636
page_index,time_cycles
0,1251580
page_index,time_cycles
0,1677760
page_index,time_cycles
0,1262100
page_index,time_cycles
0,1263124
page_index,time_cycles
0,1529330
page_index,time_cycles
0,1250740
page_index,time_cycles
0,1121870
page_index,time_cycles
0,3046626
page_index,time_cycles
0,1566866
page_index,time_cycles
0,1230530
page_index,time_cycles
0,1140590
page_index,time_cycles
0,1359278
page_index,time_cycles
0,2000242
page_index,time_cycles
0,1295342
page_index,time_cycles
0,1426218
page_index,time_cycles
0,2850472
page_index,time_cycles
0,1733214
page_index,time_cycles
0,1605370
page_index,time_cycles
0,1440688
page_index,time_cycles
0,1514832
page_index,time_cycles
0,1152160
page_index,time_cycles
0,1203928
page_index,time_cycles
0,2905490
page_index,time_cycles
0,1494060
page_index,time_cycles
0,1437876
page_index,time_cycles
0,1345300
page_index,time_cycles
0,1701548
page_index,time_cycles
0,1514108
page_index,time_cycles
0,1833178
page_index,time_cycles
0,2567020
page_index,time_cycles
0,1136400
page_index,time_cycles
0,1237638
page_index,time_cycles
0,3578718
page_index,time_cycles
0,2021046
page_index,time_cycles
0,1539176
page_index,time_cycles
0,1101782
page_index,time_cycles
0,1118026
page_index,time_cycles
0,1142060
page_index,time_cycles
0,1754144
page_index,time_cycles
0,2076218
page_index,time_cycles
0,1149142
page_index,time_cycles
0,3320446
page_index,time_cycles
0,1665066
page_index,time_cycles
0,3381416
page_index,time_cycles
0,1163818
page_index,time_cycles
0,1877480
page_index,time_cycles
0,1444650
page_index,time_cycles
0,2658600
page_index,time_cycles
0,1305844
page_index,time_cycles
0,3681674
page_index,time_cycles
0,1126466
page_index,time_cycles
0,2176406
page_index,time_cycles
0,1796172
page_index,time_cycles
0,1244348
page_index,time_cycles
0,1174994
page_index,time_cycles
0,1740388
page_index,time_cycles
0,4198742
page_index,time_cycles
0,1322556
page_index,time_cycles
0,1128274
page_index,time_cycles
0,1448116
page_index,time_cycles
0,1184998
page_index,time_cycles
0,3004538
page_index,time_cycles
0,1128736
page_index,time_cycles
0,1233056
page_index,time_cycles
0,1340884
page_index,time_cycles
0,1309282
page_index,time_cycles
0,1695048
page_index,time_cycles
0,1906056
page_index,time_cycles
0,1156268
page_index,time_cycles
0,1146532
page_index,time_cycles
0,3551882
page_index,time_cycles
0,1674494
page_index,time_cycles
0,1119366
page_index,time_cycles
0,3495802
page_index,time_cycles
0,1826972
page_index,time_cycles
0,1139488
page_index,time_cycles
0,3461866
page_index,time_cycles
0,1931754
page_index,time_cycles
0,1236014
page_index,time_cycles
0,1355530
page_index,time_cycles
0,1129202
page_index,time_cycles
0,2294370
page_index,time_cycles
0,1514134
page_index,time_cycles
0,1565682
page_index,time_cycles
0,3208436
page_index,time_cycles
0,1181420
page_index,time_cycles
0,3345478
page_index,time_cycles
0,1156160
page_index,time_cycles
0,3483792
page_index,time_cycles
0,3177328
page_index,time_cycles
0,2511644
page_index,time_cycles
0,3425048
page_index,time_cycles
0,3310142
page_index,time_cycles
0,1975988
page_index,time_cycles
0,1200672
page_index,time_cycles
0,2190566
page_index,time_cycles
0,1601038
page_index,time_cycles
0,2341728
page_index,time_cycles
0,1943624
page_index,time_cycles
0,3027912
page_index,time_cycles
0,1187452
page_index,time_cycles
0,2962084
page_index,time_cycles
0,1502174
page_index,time_cycles
0,1384812
page_index,time_cycles
0,1387780
page_index,time_cycles
0,1195550
page_index,time_cycles
0,1422758
page_index,time_cycles
0,1593782
page_index,time_cycles
0,1415706
page_index,time_cycles
0,1164382
page_index,time_cycles
0,3876158
page_index,time_cycles
0,1188704
page_index,time_cycles
0,1529176
page_index,time_cycles
0,1119818
page_index,time_cycles
0,1553204
page_index,time_cycles
0,1281376
page_index,time_cycles
0,1166078
page_index,time_cycles
0,1353406
page_index,time_cycles
0,3618050
page_index,time_cycles
0,1599812
page_index,time_cycles
0,2143252
page_index,time_cycles
0,1557268
page_index,time_cycles
0,1245236
page_index,time_cycles
0,1246724
page_index,time_cycles
0,1177016
page_index,time_cycles
0,3136664
page_index,time_cycles
0,1137122
page_index,time_cycles
0,3401492
page_index,time_cycles
0,1191076
page_index,time_cycles
0,1278472
page_index,time_cycles
0,2233882
page_index,time_cycles
0,1152850
page_index,time_cycles
0,3289066
page_index,time_cycles
0,1105760
page_index,time_cycles
0,1330896
page_index,time_cycles
0,1478672
page_index,time_cycles
0,1513344
page_index,time_cycles
0,1247486
page_index,time_cycles
0,1205636
page_index,time_cycles
0,1706776
page_index,time_cycles
0,1163200
page_index,time_cycles
0,1294332
page_index,time_cycles
0,1408640
page_index,time_cycles
0,1148210
page_index,time_cycles
0,3308832
page_index,time_cycles
0,1130826
page_index,time_cycles
0,3471820
page_index,time_cycles
0,3402748
page_index,time_cycles
0,1213662
page_index,time_cycles
0,3298010
page_index,time_cycles
0,1159466
page_index,time_cycles
0,3437202
page_index,time_cycles
0,3983662
page_index,time_cycles
0,1344036
page_index,time_cycles
0,1694558
page_index,time_cycles
0,1722914
page_index,time_cycles
0,3179156
page_index,time_cycles
0,1967738
page_index,time_cycles
0,1146712
page_index,time_cycles
0,3203716
page_index,time_cycles
0,3280502
page_index,time_cycles
0,4066440
page_index,time_cycles
0,2628918
page_index,time_cycles
0,3558624
page_index,time_cycles
0,1123620
page_index,time_cycles
0,1099500
page_index,time_cycles
0,3355938
page_index,time_cycles
0,1893960
page_index,time_cycles
0,1450698
page_index,time_cycles
0,1272134
page_index,time_cycles
0,1798588
page_index,time_cycles
0,1301044
page_index,time_cycles
0,1145380
page_index,time_cycles
0,1155480
page_index,time_cycles
0,1564980
page_index,time_cycles
0,3625212
page_index,time_cycles
0,1340510
page_index,time_cycles
0,1783242
page_index,time_cycles
0,1213834
page_index,time_cycles
0,1131734
page_index,time_cycles
0,3776326
page_index,time_cycles
0,2264438
page_index,time_cycles
0,1461720
page_index,time_cycles
0,1399764
page_index,time_cycles
0,1236182
page_index,time_cycles
0,4214668
page_index,time_cycles
0,1168982
page_index,time_cycles
0,1153746
page_index,time_cycles
0,3491816
page_index,time_cycles
0,1538810
page_index,time_cycles
0,1116706
page_index,time_cycles
0,1448212
page_index,time_cycles
0,1364830
page_index,time_cycles
0,1424970
page_index,time_cycles
0,1271838
page_index,time_cycles
0,1162798
page_index,time_cycles
0,1126470
page_index,time_cycles
0,1305574
page_index,time_cycles
0,1596340
page_index,time_cycles
0,1117910
page_index,time_cycles
0,1670702
page_index,time_cycles
0,1620678
page_index,time_cycles
0,1408858
page_index,time_cycles
0,1326316
page_index,time_cycles
0,2189350
page_index,time_cycles
0,1986262
page_index,time_cycles
0,1152634
page_index,time_cycles
0,1352044
page_index,time_cycles
0,1114934
page_index,time_cycles
0,1161836
page_index,time_cycles
0,1158226
page_index,time_cycles
0,1281604
page_index,time_cycles
0,1126422
page_index,time_cycles
0,2091908
page_index,time_cycles
0,1380376
page_index,time_cycles
0,2337482
page_index,time_cycles
0,1369820
page_index,time_cycles
0,3237220
page_index,time_cycles
0,1141804
page_index,time_cycles
0,2097112
page_index,time_cycles
0,3472134
page_index,time_cycles
0,1435884
page_index,time_cycles
0,1198152
page_index,time_cycles
0,1171598
page_index,time_cycles
0,2358662
page_index,time_cycles
0,1303440
page_index,time_cycles
0,1219970
page_index,time_cycles
0,1586610
page_index,time_cycles
0,3490638
page_index,time_cycles
0,1362236
page_index,time_cycles
0,1180440
page_index,time_cycles
0,1329054
page_index,time_cycles
0,3460522
page_index,time_cycles
0,1157696
page_index,time_cycles
0,1234214
page_index,time_cycles
0,1795240
page_index,time_cycles
0,1371432
page_index,time_cycles
0,3470228
page_index,time_cycles
0,2961950
page_index,time_cycles
0,1138620
page_index,time_cycles
0,1218610
page_index,time_cycles
0,1757162
page_index,time_cycles
0,3176786
page_index,time_cycles
0,1679338
page_index,time_cycles
0,1804568
page_index,time_cycles
0,2107090
page_index,time_cycles
0,1182334
page_index,time_cycles
0,1232004
page_index,time_cycles
0,1435992
page_index,time_cycles
0,1495782
page_index,time_cycles
0,2662572
page_index,time_cycles
0,1613412
page_index,time_cycles
0,1505646
page_index,time_cycles
0,3850182
page_index,time_cycles
0,3421720
page_index,time_cycles
0,3282476
page_index,time_cycles
0,3104282
page_index,time_cycles
0,3395376
page_index,time_cycles
0,2200680
page_index,time_cycles
0,1221384
page_index,time_cycles
0,2013178
page_index,time_cycles
0,1180622
page_index,time_cycles
0,1826288
page_index,time_cycles
0,1260154
page_index,time_cycles
0,1297434
page_index,time_cycles
0,1484660
page_index,time_cycles
0,1527382
page_index,time_cycles
0,1348250
page_index,time_cycles
0,1134354
page_index,time_cycles
0,1174378
page_index,time_cycles
0,1129440
page_index,time_cycles
0,1182982
page_index,time_cycles
0,3002924
page_index,time_cycles
0,3518508
page_index,time_cycles
0,3453254
page_index,time_cycles
0,3771090
page_index,time_cycles
0,3195280
page_index,time_cycles
0,1288000
page_index,time_cycles
0,1126346
page_index,time_cycles
0,1583812
page_index,time_cycles
0,1119934
page_index,time_cycles
0,3590186
page_index,time_cycles
0,1180018
page_index,time_cycles
0,1214870
page_index,time_cycles
0,1625092
page_index,time_cycles
0,1392462
page_index,time_cycles
0,2852598
page_index,time_cycles
0,1149896
page_index,time_cycles
0,1554086
page_index,time_cycles
0,2395968
page_index,time_cycles
0,1349672
page_index,time_cycles
0,3390602
page_index,time_cycles
0,1152748
page_index,time_cycles
0,4129458
page_index,time_cycles
0,1140402
page_index,time_cycles
0,1303196
page_index,time_cycles
0,2088198
page_index,time_cycles
0,1405552
page_index,time_cycles
0,1332578
page_index,time_cycles
0,2034098
page_index,time_cycles
0,1180764
page_index,time_cycles
0,1128282
page_index,time_cycles
0,1736376
page_index,time_cycles
0,3373524
page_index,time_cycles
0,3467014
page_index,time_cycles
0,2444328
page_index,time_cycles
0,1843254
page_index,time_cycles
0,1253948
page_index,time_cycles
0,1120032
page_index,time_cycles
0,2490340
page_index,time_cycles
0,3387896
page_index,time_cycles
0,3167222
page_index,time_cycles
0,1151092
page_index,time_cycles
0,3504212
page_index,time_cycles
0,2301580
page_index,time_cycles
0,1425752
page_index,time_cycles
0,3453468
page_index,time_cycles
0,1746410
page_index,time_cycles
0,1166558
page_index,time_cycles
0,2028812
page_index,time_cycles
0,3349176
page_index,time_cycles
0,1294378
page_index,time_cycles
0,1297960
page_index,time_cycles
0,1109446
page_index,time_cycles
0,1842010
page_index,time_cycles
0,1229332
page_index,time_cycles
0,1411432
page_index,time_cycles
0,2061378
page_index,time_cycles
0,1358138
page_index,time_cycles
0,1647524
page_index,time_cycles
0,1329882
page_index,time_cycles
0,1402512
page_index,time_cycles
0,1468104
page_index,time_cycles
0,1245408
page_index,time_cycles
0,1460664
page_index,time_cycles
0,1121768
page_index,time_cycles
0,1143944
page_index,time_cycles
0,2215964
page_index,time_cycles
0,1211656
page_index,time_cycles
0,1237976
page_index,time_cycles
0,1741094
page_index,time_cycles
0,1470154
page_index,time_cycles
0,1511790
page_index,time_cycles
0,1460392
page_index,time_cycles
0,1478202
page_index,time_cycles
0,1101072
page_index,time_cycles
0,1782848
page_index,time_cycles
0,1200712
page_index,time_cycles
0,1186092
page_index,time_cycles
0,1147194
page_index,time_cycles
0,1142640
page_index,time_cycles
0,3138012
page_index,time_cycles
0,1808802
page_index,time_cycles
0,1503008
page_index,time_cycles
0,1400402
page_index,time_cycles
0,1212320
page_index,time_cycles
0,3260380
page_index,time_cycles
0,2970984
page_index,time_cycles
0,2172186
page_index,time_cycles
0,1124764
page_index,time_cycles
0,1405056
page_index,time_cycles
0,1204294
page_index,time_cycles
0,1237688
page_index,time_cycles
0,2793850
page_index,time_cycles
0,3304410
page_index,time_cycles
0,3324326
page_index,time_cycles
0,1117522
page_index,time_cycles
0,4020996
page_index,time_cycles
0,1439108
page_index,time_cycles
0,1440298
page_index,time_cycles
0,3472376
page_index,time_cycles
0,3560888
page_index,time_cycles
0,1301316
page_index,time_cycles
0,1599058
page_index,time_cycles
0,1378176
page_index,time_cycles
0,2838768
page_index,time_cycles
0,2412022
page_index,time_cycles
0,3293084
page_index,time_cycles
0,2733940
page_index,time_cycles
0,1778984
page_index,time_cycles
0,1528912
page_index,time_cycles
0,1185770
page_index,time_cycles
0,2267606
page_index,time_cycles
0,1189828
page_index,time_cycles
0,4409626
page_index,time_cycles
0,1523960
page_index,time_cycles
0,1856974
page_index,time_cycles
0,1194238
page_index,time_cycles
0,2024956
page_index,time_cycles
0,1317910
page_index,time_cycles
0,1254956
page_index,time_cycles
0,1615948
page_index,time_cycles
0,1796608
page_index,time_cycles
0,2809874
page_index,time_cycles
0,1209486
page_index,time_cycles
0,1521860
page_index,time_cycles
0,4051138
page_index,time_cycles
0,1117566
page_index,time_cycles
0,3846274
page_index,time_cycles
0,1304140
page_index,time_cycles
0,1910120
page_index,time_cycles
0,1183910
page_index,time_cycles
0,1431054
page_index,time_cycles
0,1186858
page_index,time_cycles
0,1433594
page_index,time_cycles
0,3236150
page_index,time_cycles
0,1174562
page_index,time_cycles
0,1182818
page_index,time_cycles
0,1114576
page_index,time_cycles
0,1281864
page_index,time_cycles
0,3296108
page_index,time_cycles
0,2035572
page_index,time_cycles
0,1916282
page_index,time_cycles
0,2270386
page_index,time_cycles
0,3066864
page_index,time_cycles
0,1188620
page_index,time_cycles
0,1485116
page_index,time_cycles
0,1242572
page_index,time_cycles
0,1213656
page_index,time_cycles
0,1220192
page_index,time_cycles
0,1862872
page_index,time_cycles
0,2586228
page_index,time_cycles
0,1166552
page_index,time_cycles
0,1161880
page_index,time_cycles
0,3626610
page_index,time_cycles
0,1461834
page_index,time_cycles
0,3040558
page_index,time_cycles
0,3453860
page_index,time_cycles
0,3913652
page_index,time_cycles
0,3630350
page_index,time_cycles
0,2889576
page_index,time_cycles
0,1192106
page_index,time_cycles
0,2025110
page_index,time_cycles
0,1202468
page_index,time_cycles
0,1134194
page_index,time_cycles
0,1168098
page_index,time_cycles
0,1272932
page_index,time_cycles
0,1304720
page_index,time_cycles
0,1532508
page_index,time_cycles
0,1273728
page_index,time_cycles
0,1246988
page_index,time_cycles
0,1256344
page_index,time_cycles
0,2999636
page_index,time_cycles
0,2177326
page_index,time_cycles
0,1189130
page_index,time_cycles
0,1172204
page_index,time_cycles
0,2951490
page_index,time_cycles
0,1211458
page_index,time_cycles
0,1239444
page_index,time_cycles
0,1303026
page_index,time_cycles
0,3701800
page_index,time_cycles
0,1304918
page_index,time_cycles
0,1710860
page_index,time_cycles
0,3327342
page_index,time_cycles
0,1335846
page_index,time_cycles
0,1403752
page_index,time_cycles
0,3763970
page_index,time_cycles
0,1104068
page_index,time_cycles
0,1131720
page_index,time_cycles
0,1334114
page_index,time_cycles
0,1151024
page_index,time_cycles
0,1167796
page_index,time_cycles
0,3994520
page_index,time_cycles
0,1431100
page_index,time_cycles
0,1828892
page_index,time_cycles
0,1134296
page_index,time_cycles
0,2252620
page_index,time_cycles
0,3829556
page_index,time_cycles
0,1168964
page_index,time_cycles
0,1146698
page_index,time_cycles
0,1311440
page_index,time_cycles
0,1144750
page_index,time_cycles
0,1214614
page_index,time_cycles
0,3039160
page_index,time_cycles
0,1183472
page_index,time_cycles
0,4009604
page_index,time_cycles
0,1652286
page_index,time_cycles
0,2031052
page_index,time_cycles
0,1280156
page_index,time_cycles
0,1428658
page_index,time_cycles
0,1210488
page_index,time_cycles
0,1356922
page_index,time_cycles
0,3130202
page_index,time_cycles
0,1639238
page_index,time_cycles
0,1272196
page_index,time_cycles
0,1653638
page_index,time_cycles
0,1159512
page_index,time_cycles
0,3432880
page_index,time_cycles
0,1346972
page_index,time_cycles
0,1111562
page_index,time_cycles
0,1203156
page_index,time_cycles
0,1122568
page_index,time_cycles
0,1212720
page_index,time_cycles
0,1616002
page_index,time_cycles
0,1533548
page_index,time_cycles
0,1325998
page_index,time_cycles
0,1224952
page_index,time_cycles
0,3990288
page_index,time_cycles
0,3328942
page_index,time_cycles
0,1477712
page_index,time_cycles
0,1236798
page_index,time_cycles
0,3072784
page_index,time_cycles
0,1274738
page_index,time_cycles
0,1712732
page_index,time_cycles
0,3095496
page_index,time_cycles
0,3198020
page_index,time_cycles
0,3355540
page_index,time_cycles
0,1363168
page_index,time_cycles
0,1466098
page_index,time_cycles
0,1218982
page_index,time_cycles
0,3376982
page_index,time_cycles
0,3007038
page_index,time_cycles
0,2175758
page_index,time_cycles
0,1182100
page_index,time_cycles
0,1520138
page_index,time_cycles
0,1299928
page_index,time_cycles
0,3420222
page_index,time_cycles
0,1219744
page_index,time_cycles
0,1732106
page_index,time_cycles
0,1398774
page_index,time_cycles
0,1136082
page_index,time_cycles
0,1151814
page_index,time_cycles
0,1163498
page_index,time_cycles
0,1422406
page_index,time_cycles
0,1184926
page_index,time_cycles
0,1336144
page_index,time_cycles
0,1145610
page_index,time_cycles
0,1132038
page_index,time_cycles
0,1180770
page_index,time_cycles
0,1159472
page_index,time_cycles
0,1324674
page_index,time_cycles
0,1173986
page_index,time_cycles
0,1242666
page_index,time_cycles
0,1382890
page_index,time_cycles
0,1396850
page_index,time_cycles
0,962554
page_index,time_cycles
0,1538944
page_index,time_cycles
0,3452224
page_index,time_cycles
0,2272760
page_index,time_cycles
0,1407444
page_index,time_cycles
0,2403376
page_index,time_cycles
0,2354934
page_index,time_cycles
0,1272440
page_index,time_cycles
0,1634006
page_index,time_cycles
0,1140438
page_index,time_cycles
0,1485430
page_index,time_cycles
0,1847724
page_index,time_cycles
0,1111362
page_index,time_cycles
0,3502674
page_index,time_cycles
0,3151876
page_index,time_cycles
0,3894846
page_index,time_cycles
0,1269998
page_index,time_cycles
0,3532146
page_index,time_cycles
0,1161912
page_index,time_cycles
0,1167502
page_index,time_cycles
0,1664096
page_index,time_cycles
0,2178140
page_index,time_cycles
0,1145964
page_index,time_cycles
0,1166614
page_index,time_cycles
0,1474178
page_index,time_cycles
0,1183048
page_index,time_cycles
0,1320768
page_index,time_cycles
0,1287654
page_index,time_cycles
0,1277914
page_index,time_cycles
0,1186006
page_index,time_cycles
0,2497506
page_index,time_cycles
0,1167514
page_index,time_cycles
0,2380860
page_index,time_cycles
0,2802474
page_index,time_cycles
0,2750154
page_index,time_cycles
0,3293662
page_index,time_cycles
0,3425300
page_index,time_cycles
0,1134694
page_index,time_cycles
0,3523718
page_index,time_cycles
0,1390992
page_index,time_cycles
0,1223626
page_index,time_cycles
0,2170580
page_index,time_cycles
0,3444182
page_index,time_cycles
0,1518804
page_index,time_cycles
0,1767412
page_index,time_cycles
0,1641186
page_index,time_cycles
0,2161106
page_index,time_cycles
0,1145960
page_index,time_cycles
0,1226946
page_index,time_cycles
0,1115246
page_index,time_cycles
0,1195384
page_index,time_cycles
0,3333440
page_index,time_cycles
0,1123420
page_index,time_cycles
0,1125830
page_index,time_cycles
0,1190410
page_index,time_cycles
0,1575568
page_index,time_cycles
0,3477492
page_index,time_cycles
0,2422840
page_index,time_cycles
0,1683176
page_index,time_cycles
0,1253920
page_index,time_cycles
0,1499738
page_index,time_cycles
0,1301012
page_index,time_cycles
0,1956582
page_index,time_cycles
0,1098824
page_index,time_cycles
0,1727898
page_index,time_cycles
0,1548272
page_index,time_cycles
0,1217054
page_index,time_cycles
0,3013912
page_index,time_cycles
0,1488026
page_index,time_cycles
0,1148554
page_index,time_cycles
0,2405218
page_index,time_cycles
0,3048808
page_index,time_cycles
0,3392606
page_index,time_cycles
0,1433402
page_index,time_cycles
0,1236264
page_index,time_cycles
0,1775530
page_index,time_cycles
0,1207960
page_index,time_cycles
0,1324196
page_index,time_cycles
0,3602156
page_index,time_cycles
0,1125746
page_index,time_cycles
0,2065570
page_index,time_cycles
0,1166158
page_index,time_cycles
0,1741824
page_index,time_cycles
0,1286376
page_index,time_cycles
0,1138090
page_index,time_cycles
0,1265048
page_index,time_cycles
0,1252054
page_index,time_cycles
0,1403196
page_index,time_cycles
0,1148438
page_index,time_cycles
0,1418738
page_index,time_cycles
0,1179964
page_index,time_cycles
0,3299596
page_index,time_cycles
0,1749902
page_index,time_cycles
0,1436616
page_index,time_cycles
0,2000590
page_index,time_cycles
0,1165852
page_index,time_cycles
0,3094598
page_index,time_cycles
0,1306486
page_index,time_cycles
0,1692678
page_index,time_cycles
0,1446390
page_index,time_cycles
0,2077718
page_index,time_cycles
0,1239594
page_index,time_cycles
0,1229134
page_index,time_cycles
0,3177770
page_index,time_cycles
0,1154788
page_index,time_cycles
0,1387874
page_index,time_cycles
0,1218018
page_index,time_cycles
0,1123198
page_index,time_cycles
0,1276086
page_index,time_cycles
0,2364518
page_index,time_cycles
0,2988336
page_index,time_cycles
0,1208216
page_index,time_cycles
0,3284198
page_index,time_cycles
0,3227604
page_index,time_cycles
0,3173106
page_index,time_cycles
0,1395590
page_index,time_cycles
0,2347120
page_index,time_cycles
0,1650902
page_index,time_cycles
0,1183334
page_index,time_cycles
0,1191698
page_index,time_cycles
0,1211872
page_index,time_cycles
0,1478088
page_index,time_cycles
0,1152572
page_index,time_cycles
0,2179722
page_index,time_cycles
0,1357238
page_index,time_cycles
0,2152906
page_index,time_cycles
0,1190754
page_index,time_cycles
0,1657646
page_index,time_cycles
0,1404604
page_index,time_cycles
0,1177848
page_index,time_cycles
0,1298176
page_index,time_cycles
0,1118448
page_index,time_cycles
0,1806724
page_index,time_cycles
0,2365030
page_index,time_cycles
0,1527626
page_index,time_cycles
0,1494648
page_index,time_cycles
0,1115282
page_index,time_cycles
0,1196152
page_index,time_cycles
0,1131480
page_index,time_cycles
0,2212188
page_index,time_cycles
0,1879440
page_index,time_cycles
0,2575794
page_index,time_cycles
0,2730738
page_index,time_cycles
0,1432336
page_index,time_cycles
0,1588452
page_index,time_cycles
0,3491956
page_index,time_cycles
0,2796504
page_index,time_cycles
0,1188198
page_index,time_cycles
0,1253098
page_index,time_cycles
0,2781852
page_index,time_cycles
0,1247616
page_index,time_cycles
0,1183592
page_index,time_cycles
0,1856964
page_index,time_cycles
0,1361752
page_index,time_cycles
0,2854500
page_index,time_cycles
0,1201170
page_index,time_cycles
0,1152102
page_index,time_cycles
0,1450880
page_index,time_cycles
0,1192736
page_index,time_cycles
0,1656988
page_index,time_cycles
0,3136938
page_index,time_cycles
0,1120432
page_index,time_cycles
0,1132374
page_index,time_cycles
0,3387838
page_index,time_cycles
0,2792476
page_index,time_cycles
0,4003412
page_index,time_cycles
0,1148930
page_index,time_cycles
0,1479254
page_index,time_cycles
0,1237838
page_index,time_cycles
0,1154520
page_index,time_cycles
0,3682638
page_index,time_cycles
0,1171216
page_index,time_cycles
0,1423792
page_index,time_cycles
0,1612250
page_index,time_cycles
0,1124392
page_index,time_cycles
0,1159278
page_index,time_cycles
0,1295252
page_index,time_cycles
0,1343442
page_index,time_cycles
0,3111540
page_index,time_cycles
0,1851710
page_index,time_cycles
0,3110816
page_index,time_cycles
0,3228690
page_index,time_cycles
0,2241280
page_index,time_cycles
0,1331836
page_index,time_cycles
0,1239928
page_index,time_cycles
0,3170634
page_index,time_cycles
0,1270984
page_index,time_cycles
0,1422112
page_index,time_cycles
0,2967680
page_index,time_cycles
0,1630454
page_index,time_cycles
0,1182114
page_index,time_cycles
0,2491214
page_index,time_cycles
0,1393468
page_index,time_cycles
0,1241034
page_index,time_cycles
0,3794620
page_index,time_cycles
0,1312744
page_index,time_cycles
0,2839354
page_index,time_cycles
0,1566928
page_index,time_cycles
0,1401310
page_index,time_cycles
0,1114168
page_index,time_cycles
0,4148286
page_index,time_cycles
0,1157828
page_index,time_cycles
0,1154454
page_index,time_cycles
0,3385644
page_index,time_cycles
0,1192070
page_index,time_cycles
0,2875446
page_index,time_cycles
0,3065096
page_index,time_cycles
0,3811482
page_index,time_cycles
0,1341544
page_index,time_cycles
0,1351872
page_index,time_cycles
0,3739392
page_index,time_cycles
0,1692150
page_index,time_cycles
0,3148846
page_index,time_cycles
0,1165798
page_index,time_cycles
0,2008620
page_index,time_cycles
0,1560694
page_index,time_cycles
0,1676948
page_index,time_cycles
0,1618076
page_index,time_cycles
0,1143680
page_index,time_cycles
0,1392324
page_index,time_cycles
0,1872800
page_index,time_cycles
0,1152744
page_index,time_cycles
0,3690922
page_index,time_cycles
0,1977604
page_index,time_cycles
0,1148436
page_index,time_cycles
0,1290496
page_index,time_cycles
0,3044748
page_index,time_cycles
0,1131964
page_index,time_cycles
0,1201800
page_index,time_cycles
0,1161566
page_index,time_cycles
0,1650972
page_index,time_cycles
0,1415052
page_index,time_cycles
0,1240048
page_index,time_cycles
0,1090972
page_index,time_cycles
0,2164782
page_index,time_cycles
0,1897686
page_index,time_cycles
0,1170444
page_index,time_cycles
0,1936014
page_index,time_cycles
0,1615726
page_index,time_cycles
0,3078074
page_index,time_cycles
0,2536520
page_index,time_cycles
0,1515474
page_index,time_cycles
0,1121226
page_index,time_cycles
0,1679080
page_index,time_cycles
0,1420488
page_index,time_cycles
0,1619650
page_index,time_cycles
0,1777536
page_index,time_cycles
0,4062402
page_index,time_cycles
0,1618114
page_index,time_cycles
0,2545826
page_index,time_cycles
0,1449358
page_index,time_cycles
0,1328318
page_index,time_cycles
0,1437752
page_index,time_cycles
0,1299690
page_index,time_cycles
0,1498098
page_index,time_cycles
0,1318946
page_index,time_cycles
0,1125034
page_index,time_cycles
0,1180132
page_index,time_cycles
0,1152130
page_index,time_cycles
0,1391466
page_index,time_cycles
0,1634836
page_index,time_cycles
0,1674370
page_index,time_cycles
0,1365950
page_index,time_cycles
0,1218606
page_index,time_cycles
0,4013404
page_index,time_cycles
0,1233770
page_index,time_cycles
0,1110456
page_index,time_cycles
0,3759840
page_index,time_cycles
0,1189420
page_index,time_cycles
0,1220790
page_index,time_cycles
0,1711548
page_index,time_cycles
0,1331926
page_index,time_cycles
0,1400546
page_index,time_cycles
0,2019294
page_index,time_cycles
0,3182544
page_index,time_cycles
0,1325764
page_index,time_cycles
0,3178932
page_index,time_cycles
0,1132096
page_index,time_cycles
0,1216444
page_index,time_cycles
0,1292514
page_index,time_cycles
0,2090068
page_index,time_cycles
0,1204844
page_index,time_cycles
0,1095910
page_index,time_cycles
0,1308368
page_index,time_cycles
0,1211494
page_index,time_cycles
0,1194120
page_index,time_cycles
0,2923666
page_index,time_cycles
0,1241332
page_index,time_cycles
0,1404154
page_index,time_cycles
0,1161830
page_index,time_cycles
0,3395674
page_index,time_cycles
0,3095738
page_index,time_cycles
0,4112894
page_index,time_cycles
0,1157530
page_index,time_cycles
0,3223916
page_index,time_cycles
0,1212760
page_index,time_cycles
0,1243542
page_index,time_cycles
0,1962298
page_index,time_cycles
0,3723982
page_index,time_cycles
0,1153908
page_index,time_cycles
0,3286052
page_index,time_cycles
0,1755988
page_index,time_cycles
0,1106100
page_index,time_cycles
0,1300314
page_index,time_cycles
0,1217050
page_index,time_cycles
0,1268954
page_index,time_cycles
0,3429284
page_index,time_cycles
0,1600226
page_index,time_cycles
0,3030496
page_index,time_cycles
0,1750782
page_index,time_cycles
0,3080004
page_index,time_cycles
0,3314938
page_index,time_cycles
0,1487902
page_index,time_cycles
0,1719750
page_index,time_cycles
0,1951550
page_index,time_cycles
0,3352444
page_index,time_cycles
0,3122186
page_index,time_cycles
0,1182990
page_index,time_cycles
0,1995130
page_index,time_cycles
0,1107128
page_index,time_cycles
0,1240168
page_index,time_cycles
0,1250396
page_index,time_cycles
0,1530548
page_index,time_cycles
0,3030272
page_index,time_cycles
0,1157462
page_index,time_cycles
0,3497860
page_index,time_cycles
0,1601238
page_index,time_cycles
0,1161298
page_index,time_cycles
0,1248666
page_index,time_cycles
0,1618420
page_index,time_cycles
0,1618662
page_index,time_cycles
0,1627692
page_index,time_cycles
0,3281632
page_index,time_cycles
0,1233336
page_index,time_cycles
0,1329780
page_index,time_cycles
0,2134428
page_index,time_cycles
0,1810822
page_index,time_cycles
0,1301230
page_index,time_cycles
0,1186650
page_index,time_cycles
0,3557172
page_index,time_cycles
0,1180206
page_index,time_cycles
0,1230746
page_index,time_cycles
0,1181216
page_index,time_cycles
0,1255950
page_index,time_cycles
0,1161980
page_index,time_cycles
0,1701390
page_index,time_cycles
0,3264052
page_index,time_cycles
0,2914562
page_index,time_cycles
0,2982530
page_index,time_cycles
0,1555854
page_index,time_cycles
0,3235680
page_index,time_cycles
0,1154892
page_index,time_cycles
0,1113230
page_index,time_cycles
0,1232212
page_index,time_cycles
0,2077926
page_index,time_cycles
0,2282224
page_index,time_cycles
0,3008150
page_index,time_cycles
0,2472968
page_index,time_cycles
0,1175096
page_index,time_cycles
0,1637296
page_index,time_cycles
0,2991626
page_index,time_cycles
0,1108362
page_index,time_cycles
0,1908716
page_index,time_cycles
0,3708490
page_index,time_cycles
0,1180404
page_index,time_cycles
0,1102084
page_index,time_cycles
0,3456688
page_index,time_cycles
0,2949874
page_index,time_cycles
0,2886648
page_index,time_cycles
0,2229552
page_index,time_cycles
0,2722478
page_index,time_cycles
0,1453572
page_index,time_cycles
0,3105014
page_index,time_cycles
0,2342822
page_index,time_cycles
0,3700464
page_index,time_cycles
0,1229390
page_index,time_cycles
0,1105848
page_index,time_cycles
0,1238954
page_index,time_cycles
0,1535904
page_index,time_cycles
0,1147438
page_index,time_cycles
0,3368350
page_index,time_cycles
0,1235608
page_index,time_cycles
0,1119520
page_index,time_cycles
0,1129786
page_index,time_cycles
0,2687654
page_index,time_cycles
0,1312162
page_index,time_cycles
0,1755456
page_index,time_cycles
0,1189692
page_index,time_cycles
0,2921094
page_index,time_cycles
0,2911672
page_index,time_cycles
0,2533600
page_index,time_cycles
0,1207072
page_index,time_cycles
0,1215260
page_index,time_cycles
0,1839432
page_index,time_cycles
0,3328146
page_index,time_cycles
0,3148544
page_index,time_cycles
0,2286588
page_index,time_cycles
0,1194508
page_index,time_cycles
0,1189104
page_index,time_cycles
0,1326874
page_index,time_cycles
0,1204446
page_index,time_cycles
0,1146500
page_index,time_cycles
0,2553310
page_index,time_cycles
0,3383942
page_index,time_cycles
0,1483748
page_index,time_cycles
0,1314778
page_index,time_cycles
0,4496578
page_index,time_cycles
0,1185412
page_index,time_cycles
0,1525318
page_index,time_cycles
0,2461938
page_index,time_cycles
0,1159150
page_index,time_cycles
0,3239428
page_index,time_cycles
0,1348328
page_index,time_cycles
0,3184990
page_index,time_cycles
0,3339990
page_index,time_cycles
0,1240082
page_index,time_cycles
0,1667972
page_index,time_cycles
0,2311860
page_index,time_cycles
0,3296910
page_index,time_cycles
0,1894586
page_index,time_cycles
0,1768692
page_index,time_cycles
0,1127540
page_index,time_cycles
0,1797144
page_index,time_cycles
0,1260014
page_index,time_cycles
0,1346420
page_index,time_cycles
0,1118218
page_index,time_cycles
0,3389234
page_index,time_cycles
0,1238108
page_index,time_cycles
0,1129658
page_index,time_cycles
0,1394218
page_index,time_cycles
0,3324180
page_index,time_cycles
0,1347760
page_index,time_cycles
0,1248200
page_index,time_cycles
0,3475304
page_index,time_cycles
0,1229024
page_index,time_cycles
0,1324652
page_index,time_cycles
0,1138302
page_index,time_cycles
0,2851900
page_index,time_cycles
0,1496772
page_index,time_cycles
0,2822424
page_index,time_cycles
0,1815018
page_index,time_cycles
0,1895758
page_index,time_cycles
0,1316212
page_index,time_cycles
0,1245352
page_index,time_cycles
0,1324140
page_index,time_cycles
0,1160754
page_index,time_cycles
0,2816736
page_index,time_cycles
0,3105372
page_index,time_cycles
0,1176112
page_index,time_cycles
0,1185864
page_index,time_cycles
0,1866032
page_index,time_cycles
0,1219090
page_index,time_cycles
0,1297224
page_index,time_cycles
0,1762944
page_index,time_cycles
0,1608936
page_index,time_cycles
0,1622630
page_index,time_cycles
0,1343626
page_index,time_cycles
0,1140126
page_index,time_cycles
0,1118314
page_index,time_cycles
0,1251750
page_index,time_cycles
0,1190434
page_index,time_cycles
0,1140892
page_index,time_cycles
0,1291544
page_index,time_cycles
0,1230176
page_index,time_cycles
0,1409610
page_index,time_cycles
0,1580942
page_index,time_cycles
0,1767052
page_index,time_cycles
0,1145336
page_index,time_cycles
0,1327854
page_index,time_cycles
0,1417594
page_index,time_cycles
0,1248728
page_index,time_cycles
0,1421826
page_index,time_cycles
0,1273458
page_index,time_cycles
0,1659456
page_index,time_cycles
0,1231348
page_index,time_cycles
0,2773920
page_index,time_cycles
0,1818246
page_index,time_cycles
0,1158970
page_index,time_cycles
0,1248550
page_index,time_cycles
0,1157930
page_index,time_cycles
0,1172040
page_index,time_cycles
0,2416662
page_index,time_cycles
0,1514534
page_index,time_cycles
0,1145454
page_index,time_cycles
0,1249302
page_index,time_cycles
0,2869024
page_index,time_cycles
0,1229732
page_index,time_cycles
0,4699320
page_index,time_cycles
0,1142070
page_index,time_cycles
0,2758062
page_index,time_cycles
0,1761692
page_index,time_cycles
0,3181086
page_index,time_cycles
0,1452968
page_index,time_cycles
0,1268580
page_index,time_cycles
0,1517440
page_index,time_cycles
0,1366006
page_index,time_cycles
0,1131726
page_index,time_cycles
0,1642964
page_index,time_cycles
0,3800314
page_index,time_cycles
0,1755760
page_index,time_cycles
0,3421718
page_index,time_cycles
0,1413026
page_index,time_cycles
0,1147078
page_index,time_cycles
0,1177168
page_index,time_cycles
0,1629408
page_index,time_cycles
0,1685306
page_index,time_cycles
0,1204512
page_index,time_cycles
0,1717532
page_index,time_cycles
0,2240090
page_index,time_cycles
0,1294706
page_index,time_cycles
0,4363122
page_index,time_cycles
0,1777708
page_index,time_cycles
0,2986524
page_index,time_cycles
0,1214788
page_index,time_cycles
0,1720384
page_index,time_cycles
0,3129202
page_index,time_cycles
0,1155254
page_index,time_cycles
0,1671608
page_index,time_cycles
0,1241018
page_index,time_cycles
0,1128070
page_index,time_cycles
0,1221896
page_index,time_cycles
0,1113748
page_index,time_cycles
0,1170648
page_index,time_cycles
0,2199628
page_index,time_cycles
0,3284036
page_index,time_cycles
0,1788200
page_index,time_cycles
0,2043016
page_index,time_cycles
0,1141250
page_index,time_cycles
0,1302084
page_index,time_cycles
0,1442864
page_index,time_cycles
0,1485028
page_index,time_cycles
0,1176750
page_index,time_cycles
0,1217842
page_index,time_cycles
0,1324138
page_index,time_cycles
0,1219186
page_index,time_cycles
0,1172242
page_index,time_cycles
0,3527420
page_index,time_cycles
0,3280416
page_index,time_cycles
0,1178684
page_index,time_cycles
0,1264096
page_index,time_cycles
0,3319530
page_index,time_cycles
0,3797206
page_index,time_cycles
0,1203864
page_index,time_cycles
0,1252928
page_index,time_cycles
0,1223188
page_index,time_cycles
0,3037766
page_index,time_cycles
0,1246524
page_index,time_cycles
0,1224016
page_index,time_cycles
0,1220822
page_index,time_cycles
0,1274284
page_index,time_cycles
0,1180536
page_index,time_cycles
0,1692052
page_index,time_cycles
0,1201300
page_index,time_cycles
0,3718900
page_index,time_cycles
0,1816330
page_index,time_cycles
0,1141064
page_index,time_cycles
0,3138174
page_index,time_cycles
0,3448546
page_index,time_cycles
0,3012968
page_index,time_cycles
0,1800918
page_index,time_cycles
0,1558730
page_index,time_cycles
0,1656722
page_index,time_cycles
0,1263552
page_index,time_cycles
0,3309462
page_index,time_cycles
0,1307246
page_index,time_cycles
0,1996726
page_index,time_cycles
0,1211588
page_index,time_cycles
0,3589832
page_index,time_cycles
0,1594638
page_index,time_cycles
0,3204072
page_index,time_cycles
0,1988360
page_index,time_cycles
0,2157802
page_index,time_cycles
0,1162046
page_index,time_cycles
0,2243666
page_index,time_cycles
0,1588362
page_index,time_cycles
0,3605806
page_index,time_cycles
0,1163710
page_index,time_cycles
0,1423562
page_index,time_cycles
0,1337330
page_index,time_cycles
0,1156400
page_index,time_cycles
0,1201170
page_index,time_cycles
0,1193310
page_index,time_cycles
0,3361488
page_index,time_cycles
0,1309892
page_index,time_cycles
0,1495850
page_index,time_cycles
0,1796752
page_index,time_cycles
0,1882170
page_index,time_cycles
0,3866614
page_index,time_cycles
0,1826824
page_index,time_cycles
0,1171138
page_index,time_cycles
0,1200310
page_index,time_cycles
0,1129200
page_index,time_cycles
0,3729754
page_index,time_cycles
0,3181882
page_index,time_cycles
0,1138664
page_index,time_cycles
0,1605722
page_index,time_cycles
0,3251652
page_index,time_cycles
0,3189088
page_index,time_cycles
0,1754274
page_index,time_cycles
0,2236866
page_index,time_cycles
0,1143558
page_index,time_cycles
0,1181396
page_index,time_cycles
0,1137932
page_index,time_cycles
0,1160854
page_index,time_cycles
0,1164960
page_index,time_cycles
0,3019656
page_index,time_cycles
0,1500850
page_index,time_cycles
0,2261668
page_index,time_cycles
0,1200388
page_index,time_cycles
0,1991494
page_index,time_cycles
0,1145134
page_index,time_cycles
0,1146580
page_index,time_cycles
0,1598142
page_index,time_cycles
0,1260504
page_index,time_cycles
0,1173416
page_index,time_cycles
0,3807056
page_index,time_cycles
0,1134656
page_index,time_cycles
0,1255498
page_index,time_cycles
0,1321864
page_index,time_cycles
0,1157164
page_index,time_cycles
0,1301618
page_index,time_cycles
0,1738244
page_index,time_cycles
0,3249312
page_index,time_cycles
0,1290202
page_index,time_cycles
0,1740448
page_index,time_cycles
0,3245148
page_index,time_cycles
0,3396348
page_index,time_cycles
0,1322518
page_index,time_cycles
0,1720382
page_index,time_cycles
0,1155656
page_index,time_cycles
0,1159788
page_index,time_cycles
0,1243652
page_index,time_cycles
0,1298210
page_index,time_cycles
0,1272472
page_index,time_cycles
0,1180534
page_index,time_cycles
0,1166372
page_index,time_cycles
0,1860842
page_index,time_cycles
0,1272178
page_index,time_cycles
0,1219312
page_index,time_cycles
0,2416934
page_index,time_cycles
0,1146016
page_index,time_cycles
0,1411908
page_index,time_cycles
0,1291482
page_index,time_cycles
0,1213406
page_index,time_cycles
0,3368172
page_index,time_cycles
0,2403178
page_index,time_cycles
0,2182376
page_index,time_cycles
0,1233188
page_index,time_cycles
0,2281894
page_index,time_cycles
0,1180812
page_index,time_cycles
0,1237282
page_index,time_cycles
0,3406502
page_index,time_cycles
0,1890358
page_index,time_cycles
0,1913730
page_index,time_cycles
0,1249352
page_index,time_cycles
0,3107126
page_index,time_cycles
0,1148650
page_index,time_cycles
0,1144754
page_index,time_cycles
0,2046982
page_index,time_cycles
0,1699930
page_index,time_cycles
0,4037294
page_index,time_cycles
0,3677656
page_index,time_cycles
0,2047928
page_index,time_cycles
0,1794962
page_index,time_cycles
0,2231712
page_index,time_cycles
0,1632650
page_index,time_cycles
0,2182352
page_index,time_cycles
0,1259700
page_index,time_cycles
0,1355970
page_index,time_cycles
0,1353402
page_index,time_cycles
0,3957922
page_index,time_cycles
0,3421994
page_index,time_cycles
0,1381006
page_index,time_cycles
0,1181896
page_index,time_cycles
0,3405024
page_index,time_cycles
0,3672428
page_index,time_cycles
0,1278074
page_index,time_cycles
0,3583860
page_index,time_cycles
0,1384062
page_index,time_cycles
0,3092662
page_index,time_cycles
0,1115522
page_index,time_cycles
0,1115878
page_index,time_cycles
0,1186800
page_index,time_cycles
0,3524622
page_index,time_cycles
0,3825550
page_index,time_cycles
0,2124818
page_index,time_cycles
0,1322458
page_index,time_cycles
0,3166088
page_index,time_cycles
0,1126042
page_index,time_cycles
0,3804788
page_index,time_cycles
0,3503398
page_index,time_cycles
0,2200640
page_index,time_cycles
0,3438710
page_index,time_cycles
0,1289078
page_index,time_cycles
0,1416004
page_index,time_cycles
0,3236250
page_index,time_cycles
0,1342506
page_index,time_cycles
0,3176082
page_index,time_cycles
0,1890556
page_index,time_cycles
0,1301250
page_index,time_cycles
0,3961824
page_index,time_cycles
0,1138312
page_index,time_cycles
0,3302142
page_index,time_cycles
0,3070870
page_index,time_cycles
0,4081290
page_index,time_cycles
0,4477534
page_index,time_cycles
0,1149132
page_index,time_cycles
0,2063108
page_index,time_cycles
0,1206394
page_index,time_cycles
0,1185240
page_index,time_cycles
0,1755582
page_index,time_cycles
0,1141792
page_index,time_cycles
0,1708152
page_index,time_cycles
0,1853622
page_index,time_cycles
0,1194044
page_index,time_cycles
0,3619552
page_index,time_cycles
0,3308576
page_index,time_cycles
0,1733096
page_index,time_cycles
0,1288908
page_index,time_cycles
0,1275592
page_index,time_cycles
0,1438254
page_index,time_cycles
0,1145672
page_index,time_cycles
0,2658910
page_index,time_cycles
0,1178140
page_index,time_cycles
0,3744192
page_index,time_cycles
0,1862450
page_index,time_cycles
0,1542920
page_index,time_cycles
0,1660226
page_index,time_cycles
0,3454316
page_index,time_cycles
0,2439494
page_index,time_cycles
0,2928352
page_index,time_cycles
0,3710544
page_index,time_cycles
0,1927792
page_index,time_cycles
0,1382934
page_index,time_cycles
0,1144572
page_index,time_cycles
0,3311412
page_index,time_cycles
0,1145490
page_index,time_cycles
0,1161634
page_index,time_cycles
0,2578282
page_index,time_cycles
0,1166206
page_index,time_cycles
0,1215080
page_index,time_cycles
0,1593192
page_index,time_cycles
0,3745170
page_index,time_cycles
0,1527924
page_index,time_cycles
0,1538510
page_index,time_cycles
0,1152020
page_index,time_cycles
0,2475066
page_index,time_cycles
0,1299156
page_index,time_cycles
0,1978482
page_index,time_cycles
0,1395596
page_index,time_cycles
0,1390406
page_index,time_cycles
0,3551474
page_index,time_cycles
0,2791106
page_index,time_cycles
0,1412480
page_index,time_cycles
0,2533548
page_index,time_cycles
0,1115296
page_index,time_cycles
0,2742920
page_index,time_cycles
0,1116508
page_index,time_cycles
0,2244398
page_index,time_cycles
0,3341960
page_index,time_cycles
0,1188588
page_index,time_cycles
0,1174504
page_index,time_cycles
0,1133470
page_index,time_cycles
0,1389088
page_index,time_cycles
0,1156414
page_index,time_cycles
0,1737978
page_index,time_cycles
0,1137588
page_index,time_cycles
0,1127674
page_index,time_cycles
0,1829346
page_index,time_cycles
0,1422844
page_index,time_cycles
0,1316514
page_index,time_cycles
0,3495266
page_index,time_cycles
0,1282076
page_index,time_cycles
0,2157604
page_index,time_cycles
0,1434866
page_index,time_cycles
0,3317404
page_index,time_cycles
0,1855494
page_index,time_cycles
0,1212260
page_index,time_cycles
0,3398814
page_index,time_cycles
0,1137148
page_index,time_cycles
0,2409958
page_index,time_cycles
0,1137942
page_index,time_cycles
0,1157618
page_index,time_cycles
0,1508274
page_index,time_cycles
0,1307016
page_index,time_cycles
0,3329252
page_index,time_cycles
0,1225294
page_index,time_cycles
0,1144022
page_index,time_cycles
0,1120184
page_index,time_cycles
0,1239254
page_index,time_cycles
0,3741138
page_index,time_cycles
0,1295432
page_index,time_cycles
0,1144624
page_index,time_cycles
0,1231492
page_index,time_cycles
0,1156380
page_index,time_cycles
0,1208472
page_index,time_cycles
0,2048094
page_index,time_cycles
0,1187084
page_index,time_cycles
0,1314290
page_index,time_cycles
0,1139454
page_index,time_cycles
0,1157866
page_index,time_cycles
0,1871468
page_index,time_cycles
0,1138976
page_index,time_cycles
0,1768616
page_index,time_cycles
0,3313578
page_index,time_cycles
0,3378754
page_index,time_cycles
0,1299830
page_index,time_cycles
0,1129058
page_index,time_cycles
0,2131462
page_index,time_cycles
0,1271842
page_index,time_cycles
0,1168528
page_index,time_cycles
0,1150116
page_index,time_cycles
0,1136772
page_index,time_cycles
0,3428576
page_index,time_cycles
0,2269428
page_index,time_cycles
0,3853702
page_index,time_cycles
0,1430488
page_index,time_cycles
0,3328034
page_index,time_cycles
0,1953492
page_index,time_cycles
0,1164840
page_index,time_cycles
0,1879960
page_index,time_cycles
0,2204930
page_index,time_cycles
0,1620676
page_index,time_cycles
0,1128410
page_index,time_cycles
0,3339286
page_index,time_cycles
0,2071344
page_index,time_cycles
0,1429916
page_index,time_cycles
0,1465252
page_index,time_cycles
0,1455750
page_index,time_cycles
0,1146046
page_index,time_cycles
0,1150872
page_index,time_cycles
0,1253854
page_index,time_cycles
0,1408452
page_index,time_cycles
0,1157324
page_index,time_cycles
0,3761016
page_index,time_cycles
0,1132622
page_index,time_cycles
0,3287894
page_index,time_cycles
0,1270426
page_index,time_cycles
0,1287846
page_index,time_cycles
0,2817602
page_index,time_cycles
0,1158030
page_index,time_cycles
0,3446464
page_index,time_cycles
0,1144732
page_index,time_cycles
0,3699186
page_index,time_cycles
0,1199930
page_index,time_cycles
0,1670908
page_index,time_cycles
0,3465796
page_index,time_cycles
0,1167766
page_index,time_cycles
0,1889452
page_index,time_cycles
0,1157848
page_index,time_cycles
0,1494658
page_index,time_cycles
0,2407942
page_index,time_cycles
0,2977360
page_index,time_cycles
0,1456696
page_index,time_cycles
0,2926066
page_index,time_cycles
0,3085676
page_index,time_cycles
0,3174632
page_index,time_cycles
0,1249042
page_index,time_cycles
0,1196100
page_index,time_cycles
0,1398682
page_index,time_cycles
0,1394516
page_index,time_cycles
0,1173260
page_index,time_cycles
0,1857184
page_index,time_cycles
0,1094234
page_index,time_cycles
0,3075038
page_index,time_cycles
0,1186262
page_index,time_cycles
0,1878214
page_index,time_cycles
0,1139256
page_index,time_cycles
0,1130598
page_index,time_cycles
0,3141854
page_index,time_cycles
0,1190336
page_index,time_cycles
0,3234276
page_index,time_cycles
0,1137936
page_index,time_cycles
0,1135532
page_index,time_cycles
0,1287774
page_index,time_cycles
0,3677184
page_index,time_cycles
0,3329520
page_index,time_cycles
0,1190972
page_index,time_cycles
0,1210694
page_index,time_cycles
0,1300654
page_index,time_cycles
0,1110690
page_index,time_cycles
0,1180166
page_index,time_cycles
0,3799082
page_index,time_cycles
0,3070724
page_index,time_cycles
0,1160432
page_index,time_cycles
0,1848504
page_index,time_cycles
0,1839860
page_index,time_cycles
0,1147114
page_index,time_cycles
0,1139682
page_index,time_cycles
0,2834440
page_index,time_cycles
0,1744862
page_index,time_cycles
0,1465272
page_index,time_cycles
0,1176198
page_index,time_cycles
0,3529384
page_index,time_cycles
0,3902698
page_index,time_cycles
0,1272268
page_index,time_cycles
0,1225802
page_index,time_cycles
0,1422328
page_index,time_cycles
0,1155280
page_index,time_cycles
0,1311042
page_index,time_cycles
0,1413396
page_index,time_cycles
0,1440696
page_index,time_cycles
0,2998060
page_index,time_cycles
0,1586788
page_index,time_cycles
0,1225246
page_index,time_cycles
0,1425172
page_index,time_cycles
0,1246506
page_index,time_cycles
0,1166562
page_index,time_cycles
0,3291428
page_index,time_cycles
0,1262826
page_index,time_cycles
0,2010746
page_index,time_cycles
0,1413702
page_index,time_cycles
0,3529658
page_index,time_cycles
0,1338562
page_index,time_cycles
0,1415510
page_index,time_cycles
0,1128914
page_index,time_cycles
0,1110460
page_index,time_cycles
0,2067316
page_index,time_cycles
0,1118830
page_index,time_cycles
0,1237014
page_index,time_cycles
0,1775300
page_index,time_cycles
0,3261908
page_index,time_cycles
0,1821236
page_index,time_cycles
0,3202460
page_index,time_cycles
0,2417194
page_index,time_cycles
0,1146314
page_index,time_cycles
0,1948750
page_index,time_cycles
0,3601016
page_index,time_cycles
0,1936174
page_index,time_cycles
0,3894704
page_index,time_cycles
0,1353802
page_index,time_cycles
0,1159362
page_index,time_cycles
0,3284768
page_index,time_cycles
0,1190596
page_index,time_cycles
0,1193958
page_index,time_cycles
0,2725102
page_index,time_cycles
0,1146320
page_index,time_cycles
0,1148194
page_index,time_cycles
0,2994428
page_index,time_cycles
0,1188036
page_index,time_cycles
0,1164566
page_index,time_cycles
0,1126270
page_index,time_cycles
0,1235656
page_index,time_cycles
0,1436686
page_index,time_cycles
0,1246074
page_index,time_cycles
0,1931022
page_index,time_cycles
0,1183028
page_index,time_cycles
0,2030354
page_index,time_cycles
0,1904416
page_index,time_cycles
0,2742710
page_index,time_cycles
0,3041778
page_index,time_cycles
0,1343666
page_index,time_cycles
0,2856760
page_index,time_cycles
0,1502354
page_index,time_cycles
0,1171650
page_index,time_cycles
0,1124178
page_index,time_cycles
0,3559092
page_index,time_cycles
0,1850362
page_index,time_cycles
0,1788196
page_index,time_cycles
0,1299772
page_index,time_cycles
0,1963474
page_index,time_cycles
0,3344638
page_index,time_cycles
0,1416784
page_index,time_cycles
0,1261648
page_index,time_cycles
0,2047430
page_index,time_cycles
0,2802254
page_index,time_cycles
0,2271906
page_index,time_cycles
0,1908400
page_index,time_cycles
0,1532714
page_index,time_cycles
0,3392014
page_index,time_cycles
0,3281912
page_index,time_cycles
0,1555544
page_index,time_cycles
0,1276452
page_index,time_cycles
0,1132972
page_index,time_cycles
0,1288046
page_index,time_cycles
0,3599570
page_index,time_cycles
0,1364020
page_index,time_cycles
0,1183436
page_index,time_cycles
0,1312658
page_index,time_cycles
0,1113334
page_index,time_cycles
0,1292206
page_index,time_cycles
0,1691412
page_index,time_cycles
0,3067388
page_index,time_cycles
0,1143082
page_index,time_cycles
0,3619304
page_index,time_cycles
0,3128476
page_index,time_cycles
0,1202966
page_index,time_cycles
0,3792930
page_index,time_cycles
0,2221756
page_index,time_cycles
0,1559126
page_index,time_cycles
0,3338758
page_index,time_cycles
0,2789078
page_index,time_cycles
0,2943100
page_index,time_cycles
0,3843690
page_index,time_cycles
0,1163752
page_index,time_cycles
0,3544000
page_index,time_cycles
0,1279574
page_index,time_cycles
0,2188206
page_index,time_cycles
0,2906516
page_index,time_cycles
0,2814590
page_index,time_cycles
0,1226050
page_index,time_cycles
0,1184448
page_index,time_cycles
0,1618054
page_index,time_cycles
0,1346568
page_index,time_cycles
0,2800406
page_index,time_cycles
0,3179548
page_index,time_cycles
0,1309904
page_index,time_cycles
0,1214460
page_index,time_cycles
0,1314400
page_index,time_cycles
0,1289608
page_index,time_cycles
0,1335378
page_index,time_cycles
0,1288648
page_index,time_cycles
0,3171202
page_index,time_cycles
0,2867484
page_index,time_cycles
0,1847438
page_index,time_cycles
0,1958430
page_index,time_cycles
0,1425320
page_index,time_cycles
0,3363714
page_index,time_cycles
0,1160566
page_index,time_cycles
0,1189478
page_index,time_cycles
0,1266880
page_index,time_cycles
0,1298228
page_index,time_cycles
0,1158162
page_index,time_cycles
0,1540114
page_index,time_cycles
0,1681562
page_index,time_cycles
0,2862198
page_index,time_cycles
0,1140158
page_index,time_cycles
0,2294290
page_index,time_cycles
0,3227258
page_index,time_cycles
0,2360602
page_index,time_cycles
0,1923062
page_index,time_cycles
0,1245932
page_index,time_cycles
0,1177184
page_index,time_cycles
0,1190492
page_index,time_cycles
0,1356094
page_index,time_cycles
0,1346290
page_index,time_cycles
0,1191408
page_index,time_cycles
0,3178446
page_index,time_cycles
0,1194978
page_index,time_cycles
0,1599008
page_index,time_cycles
0,1777758
page_index,time_cycles
0,3439008
page_index,time_cycles
0,3438210
page_index,time_cycles
0,1332576
page_index,time_cycles
0,1159236
page_index,time_cycles
0,1161354
page_index,time_cycles
0,1413476
page_index,time_cycles
0,2554656
page_index,time_cycles
0,1125502
page_index,time_cycles
0,1310336
page_index,time_cycles
0,1138724
page_index,time_cycles
0,1309946
page_index,time_cycles
0,1115650
page_index,time_cycles
0,1429422
page_index,time_cycles
0,1457436
page_index,time_cycles
0,1555350
page_index,time_cycles
0,1519806
page_index,time_cycles
0,3271670
page_index,time_cycles
0,3236450
page_index,time_cycles
0,3378826
page_index,time_cycles
0,2711650
page_index,time_cycles
0,3270326
page_index,time_cycles
0,1698900
page_index,time_cycles
0,1367596
page_index,time_cycles
0,1339996
page_index,time_cycles
0,1361464
page_index,time_cycles
0,1321524
page_index,time_cycles
0,3103348
page_index,time_cycles
0,1166470
page_index,time_cycles
0,1232164
page_index,time_cycles
0,1576116
page_index,time_cycles
0,1168514
page_index,time_cycles
0,3496394
page_index,time_cycles
0,3458632
page_index,time_cycles
0,1145960
page_index,time_cycles
0,2788662
page_index,time_cycles
0,1166780
page_index,time_cycles
0,1256786
page_index,time_cycles
0,1235390
page_index,time_cycles
0,3243072
page_index,time_cycles
0,1421890
page_index,time_cycles
0,2958392
page_index,time_cycles
0,1485344
page_index,time_cycles
0,1995586
page_index,time_cycles
0,4044568
page_index,time_cycles
0,1156216
page_index,time_cycles
0,1133830
page_index,time_cycles
0,3498484
page_index,time_cycles
0,1424762
page_index,time_cycles
0,1273352
page_index,time_cycles
0,3476792
page_index,time_cycles
0,2919084
page_index,time_cycles
0,3335512
page_index,time_cycles
0,3401780
page_index,time_cycles
0,3193180
page_index,time_cycles
0,1315644
page_index,time_cycles
0,1148630
page_index,time_cycles
0,1150218
page_index,time_cycles
0,1210114
page_index,time_cycles
0,3281598
page_index,time_cycles
0,3502466
page_index,time_cycles
0,1273646
page_index,time_cycles
0,2219300
page_index,time_cycles
0,1352544
page_index,time_cycles
0,1205188
page_index,time_cycles
0,1130642
page_index,time_cycles
0,3454006
page_index,time_cycles
0,1497720
page_index,time_cycles
0,3546480
page_index,time_cycles
0,2526562
page_index,time_cycles
0,1119636
page_index,time_cycles
0,1430488
page_index,time_cycles
0,1144116
page_index,time_cycles
0,1184810
page_index,time_cycles
0,1288314
page_index,time_cycles
0,1245378
page_index,time_cycles
0,2464580
page_index,time_cycles
0,1162178
page_index,time_cycles
0,2634518
page_index,time_cycles
0,2688164
page_index,time_cycles
0,1182300
page_index,time_cycles
0,1549502
page_index,time_cycles
0,1228834
page_index,time_cycles
0,2607492
page_index,time_cycles
0,2696832
page_index,time_cycles
0,1758444
page_index,time_cycles
0,3373544
page_index,time_cycles
0,1832902
page_index,time_cycles
0,1309224
page_index,time_cycles
0,1368910
page_index,time_cycles
0,1319160
page_index,time_cycles
0,1164594
page_index,time_cycles
0,1179856
page_index,time_cycles
0,1110760
page_index,time_cycles
0,2192718
page_index,time_cycles
0,1152078
page_index,time_cycles
0,2893574
page_index,time_cycles
0,2555102
page_index,time_cycles
0,2663182
page_index,time_cycles
0,1476722
page_index,time_cycles
0,1790282
page_index,time_cycles
0,1551322
page_index,time_cycles
0,1303636
page_index,time_cycles
0,1746292
page_index,time_cycles
0,1150232
page_index,time_cycles
0,1442154
page_index,time_cycles
0,1215804
page_index,time_cycles
0,1302268
page_index,time_cycles
0,2750912
page_index,time_cycles
0,1956482
page_index,time_cycles
0,1954866
page_index,time_cycles
0,1181930
page_index,time_cycles
0,3324032
page_index,time_cycles
0,1245618
page_index,time_cycles
0,1122180
page_index,time_cycles
0,3594632
page_index,time_cycles
0,1104386
page_index,time_cycles
0,1153900
page_index,time_cycles
0,1140304
page_index,time_cycles
0,1149282
page_index,time_cycles
0,3180522
page_index,time_cycles
0,1191100
page_index,time_cycles
0,1221936
page_index,time_cycles
0,1197844
page_index,time_cycles
0,1408792
page_index,time_cycles
0,1125842
page_index,time_cycles
0,2924984
page_index,time_cycles
0,1246326
page_index,time_cycles
0,3357448
page_index,time_cycles
0,1212296
page_index,time_cycles
0,3097476
page_index,time_cycles
0,1118790
page_index,time_cycles
0,2095444
page_index,time_cycles
0,3151772
page_index,time_cycles
0,1148830
page_index,time_cycles
0,1233522
page_index,time_cycles
0,1234556
page_index,time_cycles
0,1319076
page_index,time_cycles
0,1556154
page_index,time_cycles
0,1197614
page_index,time_cycles
0,2751824
page_index,time_cycles
0,1239256
page_index,time_cycles
0,1336166
page_index,time_cycles
0,1173336
page_index,time_cycles
0,1369704
page_index,time_cycles
0,1148150
page_index,time_cycles
0,1677780
page_index,time_cycles
0,3925870
page_index,time_cycles
0,2327368
page_index,time_cycles
0,1149526
page_index,time_cycles
0,3051702
page_index,time_cycles
0,2150084
page_index,time_cycles
0,2134340
page_index,time_cycles
0,3684856
page_index,time_cycles
0,4634304
page_index,time_cycles
0,2928356
page_index,time_cycles
0,2693534
page_index,time_cycles
0,1405118
page_index,time_cycles
0,1327500
page_index,time_cycles
0,3308498
page_index,time_cycles
0,3789190
page_index,time_cycles
0,3300034
page_index,time_cycles
0,4717968
page_index,time_cycles
0,1441628
page_index,time_cycles
0,1945006
page_index,time_cycles
0,1264434
page_index,time_cycles
0,1748942
page_index,time_cycles
0,1102292
page_index,time_cycles
0,3042730
page_index,time_cycles
0,3275394
page_index,time_cycles
0,1117326
page_index,time_cycles
0,1999242
page_index,time_cycles
0,1197092
page_index,time_cycles
0,1568710
page_index,time_cycles
0,1245030
page_index,time_cycles
0,1186980
page_index,time_cycles
0,1726552
page_index,time_cycles
0,1146870
page_index,time_cycles
0,1643180
page_index,time_cycles
0,1186142
page_index,time_cycles
0,2886294
page_index,time_cycles
0,1137626
page_index,time_cycles
0,1220250
page_index,time_cycles
0,1156032
page_index,time_cycles
0,2449790
page_index,time_cycles
0,1413952
page_index,time_cycles
0,1917392
page_index,time_cycles
0,2939244
page_index,time_cycles
0,1413312
page_index,time_cycles
0,1384874
page_index,time_cycles
0,3491702
page_index,time_cycles
0,1218772
page_index,time_cycles
0,3241100
page_index,time_cycles
0,1211016
page_index,time_cycles
0,1760154
page_index,time_cycles
0,3018266
page_index,time_cycles
0,1491056
page_index,time_cycles
0,1952262
page_index,time_cycles
0,3370062
page_index,time_cycles
0,3499288
page_index,time_cycles
0,1147988
page_index,time_cycles
0,3585040
page_index,time_cycles
0,3436358
page_index,time_cycles
0,1253822
page_index,time_cycles
0,1400610
page_index,time_cycles
0,1169488
page_index,time_cycles
0,1196542
page_index,time_cycles
0,1556054
page_index,time_cycles
0,1347282
page_index,time_cycles
0,1957364
page_index,time_cycles
0,2215974
page_index,time_cycles
0,2427458
page_index,time_cycles
0,3238330
page_index,time_cycles
0,3806996
page_index,time_cycles
0,1145772
page_index,time_cycles
0,1162512
page_index,time_cycles
0,1466050
page_index,time_cycles
0,3291546
page_index,time_cycles
0,1594712
page_index,time_cycles
0,3123182
page_index,time_cycles
0,1136612
page_index,time_cycles
0,3436712
page_index,time_cycles
0,1292304
page_index,time_cycles
0,1118082
page_index,time_cycles
0,1121352
page_index,time_cycles
0,1157018
page_index,time_cycles
0,2522788
page_index,time_cycles
0,2748156
page_index,time_cycles
0,1354954
page_index,time_cycles
0,1216512
page_index,time_cycles
0,1151236
page_index,time_cycles
0,1637468
page_index,time_cycles
0,3296510
page_index,time_cycles
0,1162608
page_index,time_cycles
0,1296566
page_index,time_cycles
0,1723566
page_index,time_cycles
0,2224846
page_index,time_cycles
0,3225412
page_index,time_cycles
0,1204216
page_index,time_cycles
0,2259480
page_index,time_cycles
0,1214988
page_index,time_cycles
0,1487506
page_index,time_cycles
0,1330474
page_index,time_cycles
0,3472890
page_index,time_cycles
0,1437722
page_index,time_cycles
0,2123592
page_index,time_cycles
0,1162996
page_index,time_cycles
0,1138108
page_index,time_cycles
0,1112314
page_index,time_cycles
0,3446860
page_index,time_cycles
0,3162538
page_index,time_cycles
0,3118974
page_index,time_cycles
0,1820556
page_index,time_cycles
0,1265966
page_index,time_cycles
0,1275128
page_index,time_cycles
0,1269942
page_index,time_cycles
0,1093382
page_index,time_cycles
0,1626564
page_index,time_cycles
0,1357836
page_index,time_cycles
0,1386122
page_index,time_cycles
0,1714398
page_index,time_cycles
0,1307122
page_index,time_cycles
0,1122968
page_index,time_cycles
0,2404492
page_index,time_cycles
0,1325920
page_index,time_cycles
0,1829698
page_index,time_cycles
0,1723278
page_index,time_cycles
0,1196868
page_index,time_cycles
0,1169616
page_index,time_cycles
0,1224852
page_index,time_cycles
0,1278278
page_index,time_cycles
0,1355938
page_index,time_cycles
0,2292558
page_index,time_cycles
0,3552256
page_index,time_cycles
0,1812932
page_index,time_cycles
0,4019272
page_index,time_cycles
0,1142550
page_index,time_cycles
0,1788832
page_index,time_cycles
0,1370606
page_index,time_cycles
0,2031914
page_index,time_cycles
0,1321752
page_index,time_cycles
0,1623078
page_index,time_cycles
0,1146528
page_index,time_cycles
0,1256170
page_index,time_cycles
0,1157916
page_index,time_cycles
0,1141052
page_index,time_cycles
0,1464678
page_index,time_cycles
0,3371438
page_index,time_cycles
0,1832762
page_index,time_cycles
0,2246580
page_index,time_cycles
0,3003178
page_index,time_cycles
0,2074754
page_index,time_cycles
0,1162880
page_index,time_cycles
0,1160764
page_index,time_cycles
0,2144368
page_index,time_cycles
0,3404470
page_index,time_cycles
0,1111592
page_index,time_cycles
0,1281546
page_index,time_cycles
0,1137716
page_index,time_cycles
0,1156396
page_index,time_cycles
0,1287754
page_index,time_cycles
0,1177612
page_index,time_cycles
0,3641608
page_index,time_cycles
0,1224816
page_index,time_cycles
0,1311880
page_index,time_cycles
0,1185688
page_index,time_cycles
0,1341614
page_index,time_cycles
0,1179214
page_index,time_cycles
0,1145470
page_index,time_cycles
0,1823690
page_index,time_cycles
0,1404002
page_index,time_cycles
0,1963590
page_index,time_cycles
0,3711928
page_index,time_cycles
0,3072980
page_index,time_cycles
0,3735754
page_index,time_cycles
0,1880378
page_index,time_cycles
0,1154088
page_index,time_cycles
0,1527692
page_index,time_cycles
0,1148948
page_index,time_cycles
0,1210998
page_index,time_cycles
0,1143284
page_index,time_cycles
0,1170906
page_index,time_cycles
0,2691022
page_index,time_cycles
0,1320704
page_index,time_cycles
0,1446832
page_index,time_cycles
0,2254114
page_index,time_cycles
0,3375986
page_index,time_cycles
0,3445294
page_index,time_cycles
0,1624086
page_index,time_cycles
0,2485374
page_index,time_cycles
0,1158086
page_index,time_cycles
0,1159212
page_index,time_cycles
0,1594736
page_index,time_cycles
0,1117254
page_index,time_cycles
0,1838736
page_index,time_cycles
0,1221486
page_index,time_cycles
0,1133858
page_index,time_cycles
0,3383220
page_index,time_cycles
0,3089008
page_index,time_cycles
0,1659822
page_index,time_cycles
0,1213674
page_index,time_cycles
0,1364552
page_index,time_cycles
0,1220452
page_index,time_cycles
0,1194578
page_index,time_cycles
0,1333294
page_index,time_cycles
0,1140654
page_index,time_cycles
0,3733740
page_index,time_cycles
0,1186880
page_index,time_cycles
0,1151208
page_index,time_cycles
0,1170688
page_index,time_cycles
0,1155766
page_index,time_cycles
0,1264570
page_index,time_cycles
0,2992284
page_index,time_cycles
0,1353146
page_index,time_cycles
0,3118720
page_index,time_cycles
0,3107078
page_index,time_cycles
0,1535452
page_index,time_cycles
0,1984288
page_index,time_cycles
0,1200692
page_index,time_cycles
0,3769132
page_index,time_cycles
0,1503744
page_index,time_cycles
0,2201144
page_index,time_cycles
0,3677304
page_index,time_cycles
0,1127718
page_index,time_cycles
0,1851786
page_index,time_cycles
0,1482432
page_index,time_cycles
0,1928806
page_index,time_cycles
0,2088830
page_index,time_cycles
0,1568816
page_index,time_cycles
0,1138628
page_index,time_cycles
0,2597182
page_index,time_cycles
0,2025664
page_index,time_cycles
0,1406680
page_index,time_cycles
0,3612690
page_index,time_cycles
0,1408602
page_index,time_cycles
0,1370226
page_index,time_cycles
0,1823138
page_index,time_cycles
0,1162084
page_index,time_cycles
0,1109202
page_index,time_cycles
0,3652040
page_index,time_cycles
0,1747578
page_index,time_cycles
0,1645184
page_index,time_cycles
0,2499070
page_index,time_cycles
0,1307698
page_index,time_cycles
0,1166128
page_index,time_cycles
0,3451844
page_index,time_cycles
0,1524648
page_index,time_cycles
0,1113894
page_index,time_cycles
0,1745302
page_index,time_cycles
0,1185324
page_index,time_cycles
0,1696340
page_index,time_cycles
0,1319110
page_index,time_cycles
0,1201382
page_index,time_cycles
0,2185964
page_index,time_cycles
0,3041732
page_index,time_cycles
0,2272662
page_index,time_cycles
0,1363392
page_index,time_cycles
0,1972810
page_index,time_cycles
0,1614076
page_index,time_cycles
0,1170050
page_index,time_cycles
0,3265430
page_index,time_cycles
0,2840194
page_index,time_cycles
0,1216616
page_index,time_cycles
0,2022234
page_index,time_cycles
0,1248116
page_index,time_cycles
0,1273790
page_index,time_cycles
0,2568040
page_index,time_cycles
0,1159798
page_index,time_cycles
0,1136270
page_index,time_cycles
0,4059456
page_index,time_cycles
0,1677486
page_index,time_cycles
0,1879644
page_index,time_cycles
0,3641582
page_index,time_cycles
0,1309382
page_index,time_cycles
0,1105360
page_index,time_cycles
0,3250544
page_index,time_cycles
0,3356660
page_index,time_cycles
0,1125636
page_index,time_cycles
0,3547166
page_index,time_cycles
0,1257540
page_index,time_cycles
0,3842394
page_index,time_cycles
0,3376748
page_index,time_cycles
0,1441104
page_index,time_cycles
0,2448684
page_index,time_cycles
0,1240906
page_index,time_cycles
0,1238822
page_index,time_cycles
0,2319932
page_index,time_cycles
0,1398032
page_index,time_cycles
0,1268024
page_index,time_cycles
0,1226320
page_index,time_cycles
0,2088070
page_index,time_cycles
0,3602110
page_index,time_cycles
0,1597448
page_index,time_cycles
0,1332878
page_index,time_cycles
0,1862362
page_index,time_cycles
0,1179466
page_index,time_cycles
0,1139910
page_index,time_cycles
0,3388576
page_index,time_cycles
0,3170384
page_index,time_cycles
0,3276886
page_index,time_cycles
0,1128070
page_index,time_cycles
0,1349952
page_index,time_cycles
0,2952510
page_index,time_cycles
0,2219042
page_index,time_cycles
0,1477330
page_index,time_cycles
0,1187322
page_index,time_cycles
0,3292310
page_index,time_cycles
0,1882798
page_index,time_cycles
0,1213668
page_index,time_cycles
0,3189086
page_index,time_cycles
0,1196908
page_index,time_cycles
0,3102312
page_index,time_cycles
0,1270034
page_index,time_cycles
0,1359236
page_index,time_cycles
0,1194814
page_index,time_cycles
0,1397232
page_index,time_cycles
0,3640256
page_index,time_cycles
0,1628384
page_index,time_cycles
0,1159730
page_index,time_cycles
0,1161788
page_index,time_cycles
0,3388646
page_index,time_cycles
0,1259416
page_index,time_cycles
0,1124082
page_index,time_cycles
0,2454948
page_index,time_cycles
0,1182832
page_index,time_cycles
0,1258244
page_index,time_cycles
0,3159260
page_index,time_cycles
0,1157522
page_index,time_cycles
0,3716364
page_index,time_cycles
0,1541204
page_index,time_cycles
0,1327932
page_index,time_cycles
0,2964896
page_index,time_cycles
0,1695012
page_index,time_cycles
0,1321028
page_index,time_cycles
0,1158946
page_index,time_cycles
0,3126106
page_index,time_cycles
0,1745492
page_index,time_cycles
0,1159268
page_index,time_cycles
0,3283902
page_index,time_cycles
0,1336142
page_index,time_cycles
0,1395286
page_index,time_cycles
0,1895514
page_index,time_cycles
0,1267450
page_index,time_cycles
0,1941998
page_index,time_cycles
0,1388714
page_index,time_cycles
0,1127664
page_index,time_cycles
0,1649074
page_index,time_cycles
0,2893844
page_index,time_cycles
0,1310332
page_index,time_cycles
0,1185980
page_index,time_cycles
0,1151916
page_index,time_cycles
0,1543492
page_index,time_cycles
0,1244794
page_index,time_cycles
0,1165942
page_index,time_cycles
0,4080480
page_index,time_cycles
0,1399422
page_index,time_cycles
0,1161400
page_index,time_cycles
0,1109576
page_index,time_cycles
0,1209338
page_index,time_cycles
0,1284222
page_index,time_cycles
0,1523684
page_index,time_cycles
0,1220154
page_index,time_cycles
0,1249280
page_index,time_cycles
0,3183800
page_index,time_cycles
0,3232612
page_index,time_cycles
0,1161902
page_index,time_cycles
0,1309062
page_index,time_cycles
0,3169264
page_index,time_cycles
0,2383734
page_index,time_cycles
0,1749510
page_index,time_cycles
0,4208972
page_index,time_cycles
0,1202298
page_index,time_cycles
0,1252686
page_index,time_cycles
0,1312670
page_index,time_cycles
0,1170310
page_index,time_cycles
0,2034390
page_index,time_cycles
0,1390372
page_index,time_cycles
0,1168058
page_index,time_cycles
0,3124136
page_index,time_cycles
0,3033738
page_index,time_cycles
0,1193288
page_index,time_cycles
0,1148998
page_index,time_cycles
0,1253468
page_index,time_cycles
0,3482552
page_index,time_cycles
0,1197428
page_index,time_cycles
0,1436590
page_index,time_cycles
0,1966092
page_index,time_cycles
0,1289458
page_index,time_cycles
0,1133718
page_index,time_cycles
0,3129150
page_index,time_cycles
0,1471066
page_index,time_cycles
0,3187352
page_index,time_cycles
0,1161362
page_index,time_cycles
0,2115100
page_index,time_cycles
0,1447368
page_index,time_cycles
0,3861010
page_index,time_cycles
0,1246304
page_index,time_cycles
0,2119364
page_index,time_cycles
0,1441980
page_index,time_cycles
0,1818410
page_index,time_cycles
0,1321510
page_index,time_cycles
0,1481772
page_index,time_cycles
0,1145422
page_index,time_cycles
0,2105716
page_index,time_cycles
0,2255870
page_index,time_cycles
0,1523704
page_index,time_cycles
0,3029126
page_index,time_cycles
0,1191014
page_index,time_cycles
0,1329128
page_index,time_cycles
0,3393952
page_index,time_cycles
0,1142224
page_index,time_cycles
0,3555534
page_index,time_cycles
0,2314334
page_index,time_cycles
0,2075704
page_index,time_cycles
0,1136396
page_index,time_cycles
0,1276328
page_index,time_cycles
0,1463238
page_index,time_cycles
0,1167374
page_index,time_cycles
0,1504662
page_index,time_cycles
0,2851608
page_index,time_cycles
0,1972268
page_index,time_cycles
0,1193750
page_index,time_cycles
0,2169716
page_index,time_cycles
0,2354348
page_index,time_cycles
0,1972086
page_index,time_cycles
0,1859114
page_index,time_cycles
0,1135022
page_index,time_cycles
0,1162304
page_index,time_cycles
0,1207102
page_index,time_cycles
0,1173004
page_index,time_cycles
0,1446478
page_index,time_cycles
0,2809458
page_index,time_cycles
0,1171314
page_index,time_cycles
0,3535414
page_index,time_cycles
0,1106902
page_index,time_cycles
0,1392114
page_index,time_cycles
0,3377060
page_index,time_cycles
0,1352700
page_index,time_cycles
0,2221240
page_index,time_cycles
0,1123462
page_index,time_cycles
0,3371196
page_index,time_cycles
0,1267578
page_index,time_cycles
0,3079528
page_index,time_cycles
0,2159704
page_index,time_cycles
0,1323758
page_index,time_cycles
0,3496126
page_index,time_cycles
0,2734956
page_index,time_cycles
0,1203476
page_index,time_cycles
0,1383056
page_index,time_cycles
0,1837150
page_index,time_cycles
0,1252700
page_index,time_cycles
0,1143662
page_index,time_cycles
0,1361146
page_index,time_cycles
0,1209646
page_index,time_cycles
0,1118496
page_index,time_cycles
0,1282144
page_index,time_cycles
0,3373820
page_index,time_cycles
0,1563982
page_index,time_cycles
0,2186704
page_index,time_cycles
0,1896924
page_index,time_cycles
0,1137514
page_index,time_cycles
0,4247444
page_index,time_cycles
0,1367788
page_index,time_cycles
0,1259794
page_index,time_cycles
0,1444604
page_index,time_cycles
0,1256332
page_index,time_cycles
0,1465020
page_index,time_cycles
0,3372568
page_index,time_cycles
0,1194078
page_index,time_cycles
0,3057612
page_index,time_cycles
0,1231772
page_index,time_cycles
0,1487418
page_index,time_cycles
0,2525670
page_index,time_cycles
0,1135012
page_index,time_cycles
0,1527030
page_index,time_cycles
0,1198250
page_index,time_cycles
0,1427380
page_index,time_cycles
0,1350934
page_index,time_cycles
0,1640246
page_index,time_cycles
0,2878046
page_index,time_cycles
0,1954726
page_index,time_cycles
0,1714200
page_index,time_cycles
0,1251388
page_index,time_cycles
0,1552390
page_index,time_cycles
0,1755216
page_index,time_cycles
0,1149820
page_index,time_cycles
0,3042462
page_index,time_cycles
0,1953716
page_index,time_cycles
0,3622368
page_index,time_cycles
0,1743256
page_index,time_cycles
0,1165686
page_index,time_cycles
0,1786374
page_index,time_cycles
0,1147202
page_index,time_cycles
0,2206876
page_index,time_cycles
0,2246006
page_index,time_cycles
0,1249100
page_index,time_cycles
0,1370498
page_index,time_cycles
0,4094678
page_index,time_cycles
0,1217190
page_index,time_cycles
0,3620054
page_index,time_cycles
0,2806314
page_index,time_cycles
0,3405428
page_index,time_cycles
0,1156692
page_index,time_cycles
0,1101472
page_index,time_cycles
0,1161512
page_index,time_cycles
0,1588940
page_index,time_cycles
0,1551512
page_index,time_cycles
0,3474230
page_index,time_cycles
0,1355922
page_index,time_cycles
0,1127150
page_index,time_cycles
0,3455126
page_index,time_cycles
0,2456242
page_index,time_cycles
0,2894420
page_index,time_cycles
0,1125276
page_index,time_cycles
0,1109006
page_index,time_cycles
0,3422358
page_index,time_cycles
0,1498244
page_index,time_cycles
0,2891782
page_index,time_cycles
0,1751554
page_index,time_cycles
0,3089640
page_index,time_cycles
0,1264174
page_index,time_cycles
0,1139886
page_index,time_cycles
0,3103556
page_index,time_cycles
0,1472194
page_index,time_cycles
0,3031464
page_index,time_cycles
0,1779530
page_index,time_cycles
0,1102726
page_index,time_cycles
0,1315984
page_index,time_cycles
0,1913872
page_index,time_cycles
0,1377870
page_index,time_cycles
0,1152650
page_index,time_cycles
0,1246124
page_index,time_cycles
0,3073944
page_index,time_cycles
0,1832714
page_index,time_cycles
0,1524616
page_index,time_cycles
0,3592944
page_index,time_cycles
0,1842742
page_index,time_cycles
0,3476496
page_index,time_cycles
0,1131592
page_index,time_cycles
0,2238632
page_index,time_cycles
0,1147066
page_index,time_cycles
0,1263686
page_index,time_cycles
0,2291554
page_index,time_cycles
0,1293810
page_index,time_cycles
0,1421460
page_index,time_cycles
0,1944758
page_index,time_cycles
0,3743472
page_index,time_cycles
0,3476728
page_index,time_cycles
0,1120378
page_index,time_cycles
0,3727268
page_index,time_cycles
0,1750970
page_index,time_cycles
0,1401588
page_index,time_cycles
0,1253366
page_index,time_cycles
0,1167704
page_index,time_cycles
0,1365692
page_index,time_cycles
0,1298844
page_index,time_cycles
0,1111714
page_index,time_cycles
0,3786168
page_index,time_cycles
0,1143686
page_index,time_cycles
0,3579000
page_index,time_cycles
0,1625140
page_index,time_cycles
0,1750190
page_index,time_cycles
0,4081680
page_index,time_cycles
0,2911752
page_index,time_cycles
0,1416810
page_index,time_cycles
0,3417436
page_index,time_cycles
0,1863038
page_index,time_cycles
0,1145738
page_index,time_cycles
0,1114458
page_index,time_cycles
0,1322950
page_index,time_cycles
0,1374484
page_index,time_cycles
0,1392748
page_index,time_cycles
0,1169602
page_index,time_cycles
0,1146710
page_index,time_cycles
0,1251530
page_index,time_cycles
0,1428066
page_index,time_cycles
0,1125012
page_index,time_cycles
0,1181888
page_index,time_cycles
0,1321516
page_index,time_cycles
0,1321196
page_index,time_cycles
0,2205136
page_index,time_cycles
0,1264380
page_index,time_cycles
0,1146190
page_index,time_cycles
0,1508786
page_index,time_cycles
0,2589720
page_index,time_cycles
0,1210640
page_index,time_cycles
0,1205538
page_index,time_cycles
0,1188890
page_index,time_cycles
0,1261734
page_index,time_cycles
0,2272272
page_index,time_cycles
0,2573694
page_index,time_cycles
0,1184272
page_index,time_cycles
0,2728372
page_index,time_cycles
0,1450220
page_index,time_cycles
0,1697890
page_index,time_cycles
0,1227882
page_index,time_cycles
0,1341092
page_index,time_cycles
0,3962870
page_index,time_cycles
0,1139920
page_index,time_cycles
0,1504682
page_index,time_cycles
0,1172120
page_index,time_cycles
0,1190994
page_index,time_cycles
0,1201792
page_index,time_cycles
0,1106522
page_index,time_cycles
0,2342126
page_index,time_cycles
0,2938962
page_index,time_cycles
0,3411290
page_index,time_cycles
0,2120380
page_index,time_cycles
0,2053078
page_index,time_cycles
0,1097332
page_index,time_cycles
0,1293070
page_index,time_cycles
0,1779102
page_index,time_cycles
0,1880202
page_index,time_cycles
0,1150774
page_index,time_cycles
0,3040172
page_index,time_cycles
0,1207706
page_index,time_cycles
0,1183940
page_index,time_cycles
0,1130218
page_index,time_cycles
0,2116738
page_index,time_cycles
0,2962712
page_index,time_cycles
0,1318804
page_index,time_cycles
0,1642154
page_index,time_cycles
0,3289390
page_index,time_cycles
0,1299158
page_index,time_cycles
0,3321848
page_index,time_cycles
0,1756482
page_index,time_cycles
0,3274508
page_index,time_cycles
0,1343884
page_index,time_cycles
0,1414778
page_index,time_cycles
0,1749970
page_index,time_cycles
0,1144668
page_index,time_cycles
0,1320228
page_index,time_cycles
0,3847690
page_index,time_cycles
0,1166128
page_index,time_cycles
0,3222260
page_index,time_cycles
0,3298476
page_index,time_cycles
0,3776400
page_index,time_cycles
0,1192370
page_index,time_cycles
0,1168514
page_index,time_cycles
0,3396710
page_index,time_cycles
0,1172830
page_index,time_cycles
0,1754072
page_index,time_cycles
0,1637022
page_index,time_cycles
0,1806336
page_index,time_cycles
0,2424558
page_index,time_cycles
0,3419314
page_index,time_cycles
0,1229906
page_index,time_cycles
0,1166052
page_index,time_cycles
0,1508744
page_index,time_cycles
0,1487958
page_index,time_cycles
0,1110356
page_index,time_cycles
0,1440956
page_index,time_cycles
0,1560460
page_index,time_cycles
0,1549578
page_index,time_cycles
0,1254738
page_index,time_cycles
0,3141636
page_index,time_cycles
0,3469060
page_index,time_cycles
0,3398380
page_index,time_cycles
0,1182788
page_index,time_cycles
0,1604058
page_index,time_cycles
0,1325726
page_index,time_cycles
0,1213236
page_index,time_cycles
0,2831244
page_index,time_cycles
0,2870340
page_index,time_cycles
0,1180332
page_index,time_cycles
0,1715054
page_index,time_cycles
0,1163374
page_index,time_cycles
0,1256214
page_index,time_cycles
0,2063658
page_index,time_cycles
0,1260264
page_index,time_cycles
0,2261086
page_index,time_cycles
0,1223400
page_index,time_cycles
0,1134734
page_index,time_cycles
0,1441456
page_index,time_cycles
0,2224660
page_index,time_cycles
0,1126956
page_index,time_cycles
0,1547266
page_index,time_cycles
0,3154858
page_index,time_cycles
0,1183198
page_index,time_cycles
0,3874196
page_index,time_cycles
0,1215856
page_index,time_cycles
0,1712060
page_index,time_cycles
0,3514318
page_index,time_cycles
0,1159144
page_index,time_cycles
0,1151562
page_index,time_cycles
0,1247158
page_index,time_cycles
0,3358646
page_index,time_cycles
0,1391336
page_index,time_cycles
0,1170822
page_index,time_cycles
0,3606124
page_index,time_cycles
0,1926684
page_index,time_cycles
0,1217182
page_index,time_cycles
0,1186254
page_index,time_cycles
0,1302270
page_index,time_cycles
0,1162960
page_index,time_cycles
0,3868338
page_index,time_cycles
0,1461916
page_index,time_cycles
0,1468982
page_index,time_cycles
0,3064812
page_index,time_cycles
0,2353140
page_index,time_cycles
0,1127662
page_index,time_cycles
0,1351078
page_index,time_cycles
0,1816490
page_index,time_cycles
0,1178384
page_index,time_cycles
0,1204418
page_index,time_cycles
0,2511616
page_index,time_cycles
0,1287424
page_index,time_cycles
0,1336606
page_index,time_cycles
0,1161140
page_index,time_cycles
0,1170394
page_index,time_cycles
0,1216050
page_index,time_cycles
0,1737346
page_index,time_cycles
0,1223372
page_index,time_cycles
0,1157932
page_index,time_cycles
0,2283806
page_index,time_cycles
0,3722058
page_index,time_cycles
0,1322500
page_index,time_cycles
0,1166194
page_index,time_cycles
0,1270144
page_index,time_cycles
0,1997258
page_index,time_cycles
0,1129028
page_index,time_cycles
0,1403796
page_index,time_cycles
0,1258306
page_index,time_cycles
0,1253486
page_index,time_cycles
0,3342492
page_index,time_cycles
0,1299360
page_index,time_cycles
0,1138204
page_index,time_cycles
0,1523878
page_index,time_cycles
0,3145520
page_index,time_cycles
0,1117100
page_index,time_cycles
0,1200930
page_index,time_cycles
0,3583926
page_index,time_cycles
0,3159760
page_index,time_cycles
0,3587064
page_index,time_cycles
0,1222850
page_index,time_cycles
0,2685200
page_index,time_cycles
0,3097690
page_index,time_cycles
0,1140296
page_index,time_cycles
0,1826116
page_index,time_cycles
0,1642904
page_index,time_cycles
0,3546564
page_index,time_cycles
0,1204664
page_index,time_cycles
0,1800282
page_index,time_cycles
0,1290312
page_index,time_cycles
0,3038696
page_index,time_cycles
0,1277332
page_index,time_cycles
0,1156978
page_index,time_cycles
0,2742752
page_index,time_cycles
0,1190268
page_index,time_cycles
0,1966286
page_index,time_cycles
0,1134732
page_index,time_cycles
0,1328502
page_index,time_cycles
0,1919930
page_index,time_cycles
0,1197122
page_index,time_cycles
0,1141268
page_index,time_cycles
0,1154554
page_index,time_cycles
0,1515530
page_index,time_cycles
0,1178188
page_index,time_cycles
0,1602806
page_index,time_cycles
0,1223762
page_index,time_cycles
0,1483014
page_index,time_cycles
0,3342394
page_index,time_cycles
0,2936758
page_index,time_cycles
0,1614884
page_index,time_cycles
0,1122972
page_index,time_cycles
0,1479084
page_index,time_cycles
0,1490104
page_index,time_cycles
0,1137808
page_index,time_cycles
0,1347336
page_index,time_cycles
0,1236528
page_index,time_cycles
0,1164362
page_index,time_cycles
0,2249342
page_index,time_cycles
0,2714522
page_index,time_cycles
0,1447974
page_index,time_cycles
0,1502430
page_index,time_cycles
0,1326508
page_index,time_cycles
0,3086270
page_index,time_cycles
0,3316292
page_index,time_cycles
0,1162412
page_index,time_cycles
0,1979660
page_index,time_cycles
0,1438730
page_index,time_cycles
0,1447422
page_index,time_cycles
0,1219142
page_index,time_cycles
0,2554196
page_index,time_cycles
0,1391382
page_index,time_cycles
0,3297954
page_index,time_cycles
0,1125408
page_index,time_cycles
0,1328650
page_index,time_cycles
0,1211484
page_index,time_cycles
0,1527336
page_index,time_cycles
0,1230480
page_index,time_cycles
0,1839804
page_index,time_cycles
0,1686398
page_index,time_cycles
0,1275832
page_index,time_cycles
0,3328000
page_index,time_cycles
0,1162542
page_index,time_cycles
0,3593174
page_index,time_cycles
0,1205442
page_index,time_cycles
0,2888848
page_index,time_cycles
0,1314476
page_index,time_cycles
0,1683036
page_index,time_cycles
0,2535484
page_index,time_cycles
0,1930520
page_index,time_cycles
0,1428256
page_index,time_cycles
0,1177556
page_index,time_cycles
0,1141794
page_index,time_cycles
0,1136340
page_index,time_cycles
0,1291976
page_index,time_cycles
0,1689080
page_index,time_cycles
0,1502446
page_index,time_cycles
0,1311842
page_index,time_cycles
0,1718006
page_index,time_cycles
0,3383004
page_index,time_cycles
0,2175904
page_index,time_cycles
0,3365102
page_index,time_cycles
0,1124616
page_index,time_cycles
0,1161072
page_index,time_cycles
0,1457698
page_index,time_cycles
0,3583660
page_index,time_cycles
0,4100286
page_index,time_cycles
0,3377806
page_index,time_cycles
0,3067836
page_index,time_cycles
0,1623082
page_index,time_cycles
0,3219828
page_index,time_cycles
0,1117452
page_index,time_cycles
0,1287528
page_index,time_cycles
0,1303142
page_index,time_cycles
0,3548088
page_index,time_cycles
0,2320614
page_index,time_cycles
0,3529724
page_index,time_cycles
0,1474060
page_index,time_cycles
0,3704468
page_index,time_cycles
0,1327948
page_index,time_cycles
0,3394124
page_index,time_cycles
0,2072336
page_index,time_cycles
0,1212038
page_index,time_cycles
0,1327772
page_index,time_cycles
0,1197348
page_index,time_cycles
0,1513300
page_index,time_cycles
0,1406054
page_index,time_cycles
0,2746742
page_index,time_cycles
0,3010850
page_index,time_cycles
0,1276290
page_index,time_cycles
0,2823048
page_index,time_cycles
0,1184346
page_index,time_cycles
0,1471114
page_index,time_cycles
0,1236078
page_index,time_cycles
0,3369796
page_index,time_cycles
0,1151510
page_index,time_cycles
0,1273020
page_index,time_cycles
0,2031082
page_index,time_cycles
0,1283930
page_index,time_cycles
0,1762702
page_index,time_cycles
0,1393888
page_index,time_cycles
0,1118248
page_index,time_cycles
0,3065976
page_index,time_cycles
0,2836454
page_index,time_cycles
0,2749728
page_index,time_cycles
0,1216374
page_index,time_cycles
0,2157172
page_index,time_cycles
0,3546168
page_index,time_cycles
0,3268364
page_index,time_cycles
0,3095308
page_index,time_cycles
0,1428654
page_index,time_cycles
0,1261364
page_index,time_cycles
0,1150650
page_index,time_cycles
0,1575014
page_index,time_cycles
0,1158616
page_index,time_cycles
0,1275262
page_index,time_cycles
0,1313334
page_index,time_cycles
0,2979552
page_index,time_cycles
0,1820436
page_index,time_cycles
0,1285116
page_index,time_cycles
0,1121148
page_index,time_cycles
0,3549562
page_index,time_cycles
0,1422230
page_index,time_cycles
0,1170464
page_index,time_cycles
0,1222336
page_index,time_cycles
0,1132096
page_index,time_cycles
0,1247810
page_index,time_cycles
0,2371318
page_index,time_cycles
0,2502320
page_index,time_cycles
0,1148134
page_index,time_cycles
0,3396856
page_index,time_cycles
0,1238374
page_index,time_cycles
0,3444796
page_index,time_cycles
0,1999538
page_index,time_cycles
0,2888774
page_index,time_cycles
0,1280452
page_index,time_cycles
0,1399376
page_index,time_cycles
0,1191784
page_index,time_cycles
0,1120902
page_index,time_cycles
0,3809032
page_index,time_cycles
0,1368382
page_index,time_cycles
0,1969570
page_index,time_cycles
0,3329808
page_index,time_cycles
0,1194404
page_index,time_cycles
0,3125788
page_index,time_cycles
0,2075672
page_index,time_cycles
0,1426462
page_index,time_cycles
0,2315634
page_index,time_cycles
0,1143184
page_index,time_cycles
0,1120048
page_index,time_cycles
0,1193892
page_index,time_cycles
0,3656280
page_index,time_cycles
0,1155262
page_index,time_cycles
0,1153468
page_index,time_cycles
0,1223436
page_index,time_cycles
0,1296728
page_index,time_cycles
0,1216690
page_index,time_cycles
0,1375428
page_index,time_cycles
0,3234622
page_index,time_cycles
0,3419288
page_index,time_cycles
0,1085790
page_index,time_cycles
0,1322512
page_index,time_cycles
0,1771770
page_index,time_cycles
0,1206320
page_index,time_cycles
0,1271882
page_index,time_cycles
0,1193956
page_index,time_cycles
0,3547684
page_index,time_cycles
0,1620348
page_index,time_cycles
0,1195264
page_index,time_cycles
0,1396422
page_index,time_cycles
0,1159288
page_index,time_cycles
0,2163876
page_index,time_cycles
0,1800898
page_index,time_cycles
0,1250718
page_index,time_cycles
0,1167314
page_index,time_cycles
0,1122068
page_index,time_cycles
0,1764206
page_index,time_cycles
0,1136864
page_index,time_cycles
0,1462856
page_index,time_cycles
0,2199910
page_index,time_cycles
0,2580074
page_index,time_cycles
0,1238538
page_index,time_cycles
0,1247500
page_index,time_cycles
0,3135600
page_index,time_cycles
0,3361676
page_index,time_cycles
0,1431638
page_index,time_cycles
0,1114394
page_index,time_cycles
0,3680326
page_index,time_cycles
0,2244730
page_index,time_cycles
0,3281682
page_index,time_cycles
0,3039476
page_index,time_cycles
0,1390186
page_index,time_cycles
0,1206994
page_index,time_cycles
0,2856416
page_index,time_cycles
0,3093630
page_index,time_cycles
0,1113040
page_index,time_cycles
0,3665414
page_index,time_cycles
0,3740394
page_index,time_cycles
0,3060520
page_index,time_cycles
0,1899862
page_index,time_cycles
0,2385496
page_index,time_cycles
0,1301774
page_index,time_cycles
0,2978288
page_index,time_cycles
0,2840234
page_index,time_cycles
0,1212862
page_index,time_cycles
0,1240048
page_index,time_cycles
0,1162570
page_index,time_cycles
0,1569582
page_index,time_cycles
0,1148504
page_index,time_cycles
0,1134852
page_index,time_cycles
0,1331282
page_index,time_cycles
0,3117102
page_index,time_cycles
0,1189858
page_index,time_cycles
0,2513132
page_index,time_cycles
0,1145448
page_index,time_cycles
0,3819270
page_index,time_cycles
0,3217878
page_index,time_cycles
0,3458860
page_index,time_cycles
0,1176496
page_index,time_cycles
0,1166882
page_index,time_cycles
0,2044086
page_index,time_cycles
0,1392244
page_index,time_cycles
0,2669644
page_index,time_cycles
0,1471428
page_index,time_cycles
0,2460038
page_index,time_cycles
0,1172382
page_index,time_cycles
0,1438044
page_index,time_cycles
0,1687950
page_index,time_cycles
0,1184198
page_index,time_cycles
0,1165528
page_index,time_cycles
0,1136776
page_index,time_cycles
0,3188756
page_index,time_cycles
0,1146388
page_index,time_cycles
0,3877894
page_index,time_cycles
0,1139706
page_index,time_cycles
0,3735932
page_index,time_cycles
0,2077348
page_index,time_cycles
0,1273278
page_index,time_cycles
0,1142698
page_index,time_cycles
0,3553652
page_index,time_cycles
0,1504010
page_index,time_cycles
0,1436302
page_index,time_cycles
0,1129070
page_index,time_cycles
0,1338052
page_index,time_cycles
0,1122282
page_index,time_cycles
0,3936284
page_index,time_cycles
0,3335016
page_index,time_cycles
0,3258380
page_index,time_cycles
0,1993790
page_index,time_cycles
0,3713990
page_index,time_cycles
0,1422212
page_index,time_cycles
0,3417180
page_index,time_cycles
0,1213404
page_index,time_cycles
0,3233992
page_index,time_cycles
0,2765098
page_index,time_cycles
0,1923532
page_index,time_cycles
0,1117724
page_index,time_cycles
0,2401464
page_index,time_cycles
0,2726314
page_index,time_cycles
0,3256350
page_index,time_cycles
0,1127786
page_index,time_cycles
0,1119442
page_index,time_cycles
0,4023356
page_index,time_cycles
0,3138452
page_index,time_cycles
0,3606856
page_index,time_cycles
0,3189962
page_index,time_cycles
0,1202582
page_index,time_cycles
0,2944004
page_index,time_cycles
0,1262932
page_index,time_cycles
0,1204788
page_index,time_cycles
0,1384338
page_index,time_cycles
0,1395858
page_index,time_cycles
0,2828756
page_index,time_cycles
0,1491746
page_index,time_cycles
0,1767632
page_index,time_cycles
0,1192022
page_index,time_cycles
0,2046148
page_index,time_cycles
0,1136818
page_index,time_cycles
0,1151332
page_index,time_cycles
0,3898180
page_index,time_cycles
0,1377048
page_index,time_cycles
0,1235202
page_index,time_cycles
0,1282016
page_index,time_cycles
0,3231852
page_index,time_cycles
0,3381488
page_index,time_cycles
0,3188684
page_index,time_cycles
0,1785316
page_index,time_cycles
0,2468712
page_index,time_cycles
0,1163568
page_index,time_cycles
0,1821760
page_index,time_cycles
0,1207758
page_index,time_cycles
0,3402398
page_index,time_cycles
0,1881432
page_index,time_cycles
0,1132872
page_index,time_cycles
0,3249016
page_index,time_cycles
0,3459604
page_index,time_cycles
0,1151966
page_index,time_cycles
0,3421536
page_index,time_cycles
0,1160990
page_index,time_cycles
0,3881376
page_index,time_cycles
0,1529404
page_index,time_cycles
0,1160700
page_index,time_cycles
0,1339878
page_index,time_cycles
0,1154964
page_index,time_cycles
0,1146474
page_index,time_cycles
0,2452544
page_index,time_cycles
0,3075700
page_index,time_cycles
0,1131192
page_index,time_cycles
0,1162970
page_index,time_cycles
0,2021572
page_index,time_cycles
0,3460752
page_index,time_cycles
0,1116858
page_index,time_cycles
0,2841716
page_index,time_cycles
0,1170216
page_index,time_cycles
0,3597046
page_index,time_cycles
0,4101360
page_index,time_cycles
0,1335454
page_index,time_cycles
0,3339772
page_index,time_cycles
0,1300814
page_index,time_cycles
0,1358392
page_index,time_cycles
0,3327012
page_index,time_cycles
0,2225576
page_index,time_cycles
0,1141784
page_index,time_cycles
0,1428664
page_index,time_cycles
0,1611868
page_index,time_cycles
0,1582252
page_index,time_cycles
0,1154470
page_index,time_cycles
0,1299038
page_index,time_cycles
0,1468998
page_index,time_cycles
0,3542176
page_index,time_cycles
0,2674276
page_index,time_cycles
0,1484566
page_index,time_cycles
0,2577316
page_index,time_cycles
0,1317342
page_index,time_cycles
0,1267620
page_index,time_cycles
0,2867284
page_index,time_cycles
0,3216460
page_index,time_cycles
0,1956516
page_index,time_cycles
0,3270506
page_index,time_cycles
0,3645630
page_index,time_cycles
0,3443856
page_index,time_cycles
0,1568882
page_index,time_cycles
0,1105844
page_index,time_cycles
0,1121064
page_index,time_cycles
0,1467852
page_index,time_cycles
0,1111962
page_index,time_cycles
0,1450400
page_index,time_cycles
0,2648994
page_index,time_cycles
0,1563924
page_index,time_cycles
0,1314930
page_index,time_cycles
0,1160754
page_index,time_cycles
0,1171232
page_index,time_cycles
0,1637834
page_index,time_cycles
0,1138500
page_index,time_cycles
0,1152454
page_index,time_cycles
0,1275944
page_index,time_cycles
0,1602524
page_index,time_cycles
0,1350056
page_index,time_cycles
0,1230628
page_index,time_cycles
0,3321760
page_index,time_cycles
0,1139962
page_index,time_cycles
0,1248190
page_index,time_cycles
0,2919198
page_index,time_cycles
0,3121632
page_index,time_cycles
0,1356410
page_index,time_cycles
0,1197126
page_index,time_cycles
0,2254938
page_index,time_cycles
0,2323152
page_index,time_cycles
0,1162868
page_index,time_cycles
0,1506174
page_index,time_cycles
0,1397756
page_index,time_cycles
0,1139452
page_index,time_cycles
0,1121322
page_index,time_cycles
0,1209542
page_index,time_cycles
0,3674582
page_index,time_cycles
0,1905452
page_index,time_cycles
0,1563384
page_index,time_cycles
0,1165280
page_index,time_cycles
0,3695350
page_index,time_cycles
0,3926774
page_index,time_cycles
0,1167310
page_index,time_cycles
0,2653994
page_index,time_cycles
0,1655416
page_index,time_cycles
0,1458978
page_index,time_cycles
0,4074758
page_index,time_cycles
0,1640762
page_index,time_cycles
0,1212590
page_index,time_cycles
0,1879994
page_index,time_cycles
0,1174132
page_index,time_cycles
0,2251614
page_index,time_cycles
0,1328474
page_index,time_cycles
0,1207840
page_index,time_cycles
0,1616950
page_index,time_cycles
0,3233390
page_index,time_cycles
0,1145412
page_index,time_cycles
0,1967926
page_index,time_cycles
0,2276036
page_index,time_cycles
0,1138736
page_index,time_cycles
0,3500630
page_index,time_cycles
0,1485502
page_index,time_cycles
0,1394698
page_index,time_cycles
0,1168606
page_index,time_cycles
0,1122832
page_index,time_cycles
0,1167434
page_index,time_cycles
0,1479144
page_index,time_cycles
0,1253898
page_index,time_cycles
0,1260562
page_index,time_cycles
0,1271482
page_index,time_cycles
0,1314876
page_index,time_cycles
0,1355370
page_index,time_cycles
0,1282924
page_index,time_cycles
0,3096626
page_index,time_cycles
0,1227282
page_index,time_cycles
0,1307618
page_index,time_cycles
0,1571684
page_index,time_cycles
0,1156868
page_index,time_cycles
0,2296718
page_index,time_cycles
0,1138190
page_index,time_cycles
0,1347244
page_index,time_cycles
0,2728046
page_index,time_cycles
0,1607756
page_index,time_cycles
0,1193246
page_index,time_cycles
0,1292978
page_index,time_cycles
0,3656900
page_index,time_cycles
0,1227040
page_index,time_cycles
0,3519802
page_index,time_cycles
0,1791334
page_index,time_cycles
0,1126430
page_index,time_cycles
0,1339436
page_index,time_cycles
0,1229220
page_index,time_cycles
0,3223748
page_index,time_cycles
0,1464142
page_index,time_cycles
0,1928156
page_index,time_cycles
0,1271264
page_index,time_cycles
0,1243616
page_index,time_cycles
0,3238244
page_index,time_cycles
0,906266
page_index,time_cycles
0,2515476
page_index,time_cycles
0,1155814
page_index,time_cycles
0,1216336
page_index,time_cycles
0,3023050
page_index,time_cycles
0,1193838
page_index,time_cycles
0,1175014
page_index,time_cycles
0,1778602
page_index,time_cycles
0,1410806
page_index,time_cycles
0,3738062
page_index,time_cycles
0,3463588
page_index,time_cycles
0,1259906
page_index,time_cycles
0,2930186
page_index,time_cycles
0,1228476
page_index,time_cycles
0,1183130
page_index,time_cycles
0,1963490
page_index,time_cycles
0,2777502
page_index,time_cycles
0,1137366
page_index,time_cycles
0,1677076
page_index,time_cycles
0,1172870
page_index,time_cycles
0,1884656
page_index,time_cycles
0,3355552
page_index,time_cycles
0,1142530
page_index,time_cycles
0,1191838
page_index,time_cycles
0,3505712
page_index,time_cycles
0,1152086
page_index,time_cycles
0,2226742
page_index,time_cycles
0,3750952
page_index,time_cycles
0,1196962
page_index,time_cycles
0,1274468
page_index,time_cycles
0,1238448
page_index,time_cycles
0,1975832
page_index,time_cycles
0,1253560
page_index,time_cycles
0,1132182
page_index,time_cycles
0,1229828
page_index,time_cycles
0,1716422
page_index,time_cycles
0,1199298
page_index,time_cycles
0,1134186
page_index,time_cycles
0,1122376
page_index,time_cycles
0,1541732
page_index,time_cycles
0,1130784
page_index,time_cycles
0,1379436
page_index,time_cycles
0,1341268
page_index,time_cycles
0,3108916
page_index,time_cycles
0,1287004
page_index,time_cycles
0,1198662
page_index,time_cycles
0,3217258
page_index,time_cycles
0,3237092
page_index,time_cycles
0,1212704
page_index,time_cycles
0,1867390
page_index,time_cycles
0,1841814
page_index,time_cycles
0,3242746
page_index,time_cycles
0,1388960
page_index,time_cycles
0,1476612
page_index,time_cycles
0,1165734
page_index,time_cycles
0,1216278
page_index,time_cycles
0,3472246
page_index,time_cycles
0,1588230
page_index,time_cycles
0,3169790
page_index,time_cycles
0,3362080
page_index,time_cycles
0,3136506
page_index,time_cycles
0,1461614
page_index,time_cycles
0,2793182
page_index,time_cycles
0,1964280
page_index,time_cycles
0,2125806
page_index,time_cycles
0,3616742
page_index,time_cycles
0,2534738
page_index,time_cycles
0,1404486
page_index,time_cycles
0,1217646
page_index,time_cycles
0,1481708
page_index,time_cycles
0,1242206
page_index,time_cycles
0,1180860
page_index,time_cycles
0,1352784
page_index,time_cycles
0,1344740
page_index,time_cycles
0,1370386
page_index,time_cycles
0,2871852
page_index,time_cycles
0,2257654
page_index,time_cycles
0,1221380
page_index,time_cycles
0,1185048
page_index,time_cycles
0,1272254
page_index,time_cycles
0,1277416
page_index,time_cycles
0,1325896
page_index,time_cycles
0,3682722
page_index,time_cycles
0,1223732
page_index,time_cycles
0,1229932
page_index,time_cycles
0,1713278
page_index,time_cycles
0,1327956
page_index,time_cycles
0,1232044
page_index,time_cycles
0,1165862
page_index,time_cycles
0,1248300
page_index,time_cycles
0,1442104
page_index,time_cycles
0,1153410
page_index,time_cycles
0,3223594
page_index,time_cycles
0,1325838
page_index,time_cycles
0,2330242
page_index,time_cycles
0,1625380
page_index,time_cycles
0,1162318
page_index,time_cycles
0,3466156
page_index,time_cycles
0,1397410
page_index,time_cycles
0,1514006
page_index,time_cycles
0,1483062
page_index,time_cycles
0,1137656
page_index,time_cycles
0,1728724
page_index,time_cycles
0,3575438
page_index,time_cycles
0,3217422
page_index,time_cycles
0,3038116
page_index,time_cycles
0,1301328
page_index,time_cycles
0,2696754
page_index,time_cycles
0,1198378
page_index,time_cycles
0,1453762
page_index,time_cycles
0,1899786
page_index,time_cycles
0,1235516
page_index,time_cycles
0,1354380
page_index,time_cycles
0,1143354
page_index,time_cycles
0,1271764
page_index,time_cycles
0,3556532
page_index,time_cycles
0,4320058
page_index,time_cycles
0,1401350
page_index,time_cycles
0,3205354
page_index,time_cycles
0,3486010
page_index,time_cycles
0,3422994
page_index,time_cycles
0,1448344
page_index,time_cycles
0,1252858
page_index,time_cycles
0,1196550
page_index,time_cycles
0,1291740
page_index,time_cycles
0,1224196
page_index,time_cycles
0,1481598
page_index,time_cycles
0,3089240
page_index,time_cycles
0,1377168
page_index,time_cycles
0,3467672
page_index,time_cycles
0,1206138
page_index,time_cycles
0,1282020
page_index,time_cycles
0,1226502
page_index,time_cycles
0,3886016
page_index,time_cycles
0,1132836
page_index,time_cycles
0,3221014
page_index,time_cycles
0,1615176
page_index,time_cycles
0,1137928
page_index,time_cycles
0,2333012
page_index,time_cycles
0,852464
page_index,time_cycles
0,1570418
page_index,time_cycles
0,1438940
page_index,time_cycles
0,1229412
page_index,time_cycles
0,2985490
page_index,time_cycles
0,1385050
page_index,time_cycles
0,3544256
page_index,time_cycles
0,1121834
page_index,time_cycles
0,3652466
page_index,time_cycles
0,3539346
page_index,time_cycles
0,1114734
page_index,time_cycles
0,1167822
page_index,time_cycles
0,1211236
page_index,time_cycles
0,1288106
page_index,time_cycles
0,2676586
page_index,time_cycles
0,1149908
page_index,time_cycles
0,1453274
page_index,time_cycles
0,1136480
page_index,time_cycles
0,1256846
page_index,time_cycles
0,1129282
page_index,time_cycles
0,2348632
page_index,time_cycles
0,1102692
page_index,time_cycles
0,1361640
page_index,time_cycles
0,1338650
page_index,time_cycles
0,1295192
page_index,time_cycles
0,1718092
page_index,time_cycles
0,1763684
page_index,time_cycles
0,1466780
page_index,time_cycles
0,1627394
page_index,time_cycles
0,1233982
page_index,time_cycles
0,2132094
page_index,time_cycles
0,2049796
page_index,time_cycles
0,1829718
page_index,time_cycles
0,1153148
page_index,time_cycles
0,2278086
page_index,time_cycles
0,1265844
page_index,time_cycles
0,1196322
page_index,time_cycles
0,1217090
page_index,time_cycles
0,1324958
page_index,time_cycles
0,1141340
page_index,time_cycles
0,1199960
page_index,time_cycles
0,1274706
page_index,time_cycles
0,1594978
page_index,time_cycles
0,1235114
page_index,time_cycles
0,1401010
page_index,time_cycles
0,1226104
page_index,time_cycles
0,1890260
page_index,time_cycles
0,4004630
page_index,time_cycles
0,1150954
page_index,time_cycles
0,1172270
page_index,time_cycles
0,3440004
page_index,time_cycles
0,1118948
page_index,time_cycles
0,1364800
page_index,time_cycles
0,1342104
page_index,time_cycles
0,2799674
page_index,time_cycles
0,1295940
page_index,time_cycles
0,3220032
page_index,time_cycles
0,2201028
page_index,time_cycles
0,1314792
page_index,time_cycles
0,2082012
page_index,time_cycles
0,2090240
page_index,time_cycles
0,3345680
page_index,time_cycles
0,1449778
page_index,time_cycles
0,1543790
page_index,time_cycles
0,1139986
page_index,time_cycles
0,1238490
page_index,time_cycles
0,2846750
page_index,time_cycles
0,1170404
page_index,time_cycles
0,1249922
page_index,time_cycles
0,3448568
page_index,time_cycles
0,1225700
page_index,time_cycles
0,2065182
page_index,time_cycles
0,1143894
page_index,time_cycles
0,1575012
page_index,time_cycles
0,1210152
page_index,time_cycles
0,1222442
page_index,time_cycles
0,1185596
page_index,time_cycles
0,1609180
page_index,time_cycles
0,3186634
page_index,time_cycles
0,3185310
page_index,time_cycles
0,1194876
page_index,time_cycles
0,1111890
page_index,time_cycles
0,1402394
page_index,time_cycles
0,1332690
page_index,time_cycles
0,1224248
page_index,time_cycles
0,1527488
page_index,time_cycles
0,1251642
page_index,time_cycles
0,1485388
page_index,time_cycles
0,1145696
page_index,time_cycles
0,2185284
page_index,time_cycles
0,1463412
page_index,time_cycles
0,1727886
page_index,time_cycles
0,1115500
page_index,time_cycles
0,3297070
page_index,time_cycles
0,3368294
page_index,time_cycles
0,3410362
page_index,time_cycles
0,1166172
page_index,time_cycles
0,1227066
page_index,time_cycles
0,1181234
page_index,time_cycles
0,1268510
page_index,time_cycles
0,3991680
page_index,time_cycles
0,1395312
page_index,time_cycles
0,1151270
page_index,time_cycles
0,3221136
page_index,time_cycles
0,2605428
page_index,time_cycles
0,1909062
page_index,time_cycles
0,3767592
page_index,time_cycles
0,2648124
page_index,time_cycles
0,3050118
page_index,time_cycles
0,1213576
page_index,time_cycles
0,1641764
page_index,time_cycles
0,2879234
page_index,time_cycles
0,1143372
page_index,time_cycles
0,1534870
page_index,time_cycles
0,1259494
page_index,time_cycles
0,1320532
page_index,time_cycles
0,1104778
page_index,time_cycles
0,1196396
page_index,time_cycles
0,1684568
page_index,time_cycles
0,3174878
page_index,time_cycles
0,3061946
page_index,time_cycles
0,1416296
page_index,time_cycles
0,3105656
page_index,time_cycles
0,3085428
page_index,time_cycles
0,3080714
page_index,time_cycles
0,2359924
page_index,time_cycles
0,1261204
page_index,time_cycles
0,2923288
page_index,time_cycles
0,1226220
page_index,time_cycles
0,1217948
page_index,time_cycles
0,1189634
page_index,time_cycles
0,1169896
page_index,time_cycles
0,1144910
page_index,time_cycles
0,1231810
page_index,time_cycles
0,3147102
page_index,time_cycles
0,1367704
page_index,time_cycles
0,2204076
page_index,time_cycles
0,1274506
page_index,time_cycles
0,1247378
page_index,time_cycles
0,2190044
page_index,time_cycles
0,2991514
page_index,time_cycles
0,1374036
page_index,time_cycles
0,3186358
page_index,time_cycles
0,1229034
page_index,time_cycles
0,1608294
page_index,time_cycles
0,1628902
page_index,time_cycles
0,1132332
page_index,time_cycles
0,3169530
page_index,time_cycles
0,2471114
page_index,time_cycles
0,1144440
page_index,time_cycles
0,2132826
page_index,time_cycles
0,3189656
page_index,time_cycles
0,2007178
page_index,time_cycles
0,1839456
page_index,time_cycles
0,1203314
page_index,time_cycles
0,1123874
page_index,time_cycles
0,3138390
page_index,time_cycles
0,1654314
page_index,time_cycles
0,1191030
page_index,time_cycles
0,1260964
page_index,time_cycles
0,1684108
page_index,time_cycles
0,2859644
page_index,time_cycles
0,2142344
page_index,time_cycles
0,2868650
page_index,time_cycles
0,1179624
page_index,time_cycles
0,3235566
page_index,time_cycles
0,3187792
page_index,time_cycles
0,1242126
page_index,time_cycles
0,3841344
page_index,time_cycles
0,1673224
page_index,time_cycles
0,1585424
page_index,time_cycles
0,1122216
page_index,time_cycles
0,1843526
page_index,time_cycles
0,1177958
page_index,time_cycles
0,3819592
page_index,time_cycles
0,3628022
page_index,time_cycles
0,3123924
page_index,time_cycles
0,3514858
page_index,time_cycles
0,2977456
page_index,time_cycles
0,3818210
page_index,time_cycles
0,3321986
page_index,time_cycles
0,1305762
page_index,time_cycles
0,3365344
page_index,time_cycles
0,1526598
page_index,time_cycles
0,1384738
page_index,time_cycles
0,3538220
page_index,time_cycles
0,1111866
page_index,time_cycles
0,3166532
page_index,time_cycles
0,3493940
page_index,time_cycles
0,2033402
page_index,time_cycles
0,1273712
page_index,time_cycles
0,3093398
page_index,time_cycles
0,1225932
page_index,time_cycles
0,2688120
page_index,time_cycles
0,3303658
page_index,time_cycles
0,1250720
page_index,time_cycles
0,1164060
page_index,time_cycles
0,1140308
page_index,time_cycles
0,1381700
page_index,time_cycles
0,1190876
page_index,time_cycles
0,1122652
page_index,time_cycles
0,1287938
page_index,time_cycles
0,1529980
page_index,time_cycles
0,3005716
page_index,time_cycles
0,1981022
page_index,time_cycles
0,3139336
page_index,time_cycles
0,1166928
page_index,time_cycles
0,1657950
page_index,time_cycles
0,2254876
page_index,time_cycles
0,1284096
page_index,time_cycles
0,1220248
page_index,time_cycles
0,1435076
page_index,time_cycles
0,2403778
page_index,time_cycles
0,1456698
page_index,time_cycles
0,1330694
page_index,time_cycles
0,2040948
page_index,time_cycles
0,1785158
page_index,time_cycles
0,1223718
page_index,time_cycles
0,3038570
page_index,time_cycles
0,1387892
page_index,time_cycles
0,3143816
page_index,time_cycles
0,1735042
page_index,time_cycles
0,3775112
page_index,time_cycles
0,1230862
page_index,time_cycles
0,2362108
page_index,time_cycles
0,1102584
page_index,time_cycles
0,2486868
page_index,time_cycles
0,3335914
page_index,time_cycles
0,1258548
page_index,time_cycles
0,1839356
page_index,time_cycles
0,3925708
page_index,time_cycles
0,1732678
page_index,time_cycles
0,3687302
page_index,time_cycles
0,1162318
page_index,time_cycles
0,1280220
page_index,time_cycles
0,1191962
page_index,time_cycles
0,4172052
page_index,time_cycles
0,3799910
page_index,time_cycles
0,1144330
page_index,time_cycles
0,1984100
page_index,time_cycles
0,1094062
page_index,time_cycles
0,1360126
page_index,time_cycles
0,1165832
page_index,time_cycles
0,1150482
page_index,time_cycles
0,3186988
page_index,time_cycles
0,1255200
page_index,time_cycles
0,1899620
page_index,time_cycles
0,1309710
page_index,time_cycles
0,1212526
page_index,time_cycles
0,3533632
page_index,time_cycles
0,1381098
page_index,time_cycles
0,3355152
page_index,time_cycles
0,1286804
page_index,time_cycles
0,1790176
page_index,time_cycles
0,1222068
page_index,time_cycles
0,2941872
page_index,time_cycles
0,1451534
page_index,time_cycles
0,1148346
page_index,time_cycles
0,1319378
page_index,time_cycles
0,4168132
page_index,time_cycles
0,1129996
page_index,time_cycles
0,1404956
page_index,time_cycles
0,1296250
page_index,time_cycles
0,2812064
page_index,time_cycles
0,1530658
page_index,time_cycles
0,1630314
page_index,time_cycles
0,3760586
page_index,time_cycles
0,1398738
page_index,time_cycles
0,1265186
page_index,time_cycles
0,3187486
page_index,time_cycles
0,1141342
page_index,time_cycles
0,2108040
page_index,time_cycles
0,1210904
page_index,time_cycles
0,3155932
page_index,time_cycles
0,3817678
page_index,time_cycles
0,1793672
page_index,time_cycles
0,1336892
page_index,time_cycles
0,1090328
page_index,time_cycles
0,1162100
page_index,time_cycles
0,1879148
page_index,time_cycles
0,1764702
page_index,time_cycles
0,3604658
page_index,time_cycles
0,1327812
page_index,time_cycles
0,1486310
page_index,time_cycles
0,1489632
page_index,time_cycles
0,1154194
page_index,time_cycles
0,1726946
page_index,time_cycles
0,1281828
page_index,time_cycles
0,1761644
page_index,time_cycles
0,1111914
page_index,time_cycles
0,3279334
page_index,time_cycles
0,1607356
page_index,time_cycles
0,1174400
page_index,time_cycles
0,1218144
page_index,time_cycles
0,1705896
page_index,time_cycles
0,3058742
page_index,time_cycles
0,1236108
page_index,time_cycles
0,1431942
page_index,time_cycles
0,1552788
page_index,time_cycles
0,1418452
page_index,time_cycles
0,1234470
page_index,time_cycles
0,1376062
page_index,time_cycles
0,3834052
page_index,time_cycles
0,2464456
page_index,time_cycles
0,2730316
page_index,time_cycles
0,1413770
page_index,time_cycles
0,1191156
page_index,time_cycles
0,1793040
page_index,time_cycles
0,1182142
page_index,time_cycles
0,1165364
page_index,time_cycles
0,1328094
page_index,time_cycles
0,1594996
page_index,time_cycles
0,1165168
page_index,time_cycles
0,1936458
page_index,time_cycles
0,1209210
page_index,time_cycles
0,1209554
page_index,time_cycles
0,2793296
page_index,time_cycles
0,1157918
page_index,time_cycles
0,3328788
page_index,time_cycles
0,1136052
page_index,time_cycles
0,3171158
page_index,time_cycles
0,1344602
page_index,time_cycles
0,2108702
page_index,time_cycles
0,1235712
page_index,time_cycles
0,3577034
page_index,time_cycles
0,1121166
page_index,time_cycles
0,1532146
page_index,time_cycles
0,1565280
page_index,time_cycles
0,1140614
page_index,time_cycles
0,1291490
page_index,time_cycles
0,1663386
page_index,time_cycles
0,1350912
page_index,time_cycles
0,1283134
page_index,time_cycles
0,1841556
page_index,time_cycles
0,3586746
page_index,time_cycles
0,1457030
page_index,time_cycles
0,1232304
page_index,time_cycles
0,2297420
page_index,time_cycles
0,1199934
page_index,time_cycles
0,1120818
page_index,time_cycles
0,3019104
page_index,time_cycles
0,1314608
page_index,time_cycles
0,1581992
page_index,time_cycles
0,1108946
page_index,time_cycles
0,3476306
page_index,time_cycles
0,2731050
page_index,time_cycles
0,1145446
page_index,time_cycles
0,1145888
page_index,time_cycles
0,1228354
page_index,time_cycles
0,1701504
page_index,time_cycles
0,3308690
page_index,time_cycles
0,2995736
page_index,time_cycles
0,1125480
page_index,time_cycles
0,3321160
page_index,time_cycles
0,1370840
page_index,time_cycles
0,1259428
page_index,time_cycles
0,1150614
page_index,time_cycles
0,2338154
page_index,time_cycles
0,1203062
page_index,time_cycles
0,1303266
page_index,time_cycles
0,1221664
page_index,time_cycles
0,1141988
page_index,time_cycles
0,3845962
page_index,time_cycles
0,3035210
page_index,time_cycles
0,3368994
page_index,time_cycles
0,2020942
page_index,time_cycles
0,2972702
page_index,time_cycles
0,1152812
page_index,time_cycles
0,1161536
page_index,time_cycles
0,1240350
page_index,time_cycles
0,1288740
page_index,time_cycles
0,1241850
page_index,time_cycles
0,3272386
page_index,time_cycles
0,1194894
page_index,time_cycles
0,1212016
page_index,time_cycles
0,1447908
page_index,time_cycles
0,2143710
page_index,time_cycles
0,1133438
page_index,time_cycles
0,1201410
page_index,time_cycles
0,1273702
page_index,time_cycles
0,1184266
page_index,time_cycles
0,3550726
page_index,time_cycles
0,1312464
page_index,time_cycles
0,2142324
page_index,time_cycles
0,2231572
page_index,time_cycles
0,1512622
page_index,time_cycles
0,4609056
page_index,time_cycles
0,3329580
page_index,time_cycles
0,1144298
page_index,time_cycles
0,1134646
page_index,time_cycles
0,1600472
page_index,time_cycles
0,2456630
page_index,time_cycles
0,1481660
page_index,time_cycles
0,3031048
page_index,time_cycles
0,3233544
page_index,time_cycles
0,973126
page_index,time_cycles
0,1145804
page_index,time_cycles
0,1152688
page_index,time_cycles
0,1869094
page_index,time_cycles
0,3779370
page_index,time_cycles
0,3274520
page_index,time_cycles
0,1792624
page_index,time_cycles
0,1173900
page_index,time_cycles
0,1697430
page_index,time_cycles
0,1374094
page_index,time_cycles
0,1247956
page_index,time_cycles
0,1191546
page_index,time_cycles
0,1363366
page_index,time_cycles
0,1310194
page_index,time_cycles
0,1151024
page_index,time_cycles
0,3230184
page_index,time_cycles
0,3068900
page_index,time_cycles
0,1208066
page_index,time_cycles
0,1829794
page_index,time_cycles
0,1465580
page_index,time_cycles
0,1113236
page_index,time_cycles
0,1359314
page_index,time_cycles
0,1173644
page_index,time_cycles
0,1165628
page_index,time_cycles
0,1201194
page_index,time_cycles
0,1288996
page_index,time_cycles
0,1271194
page_index,time_cycles
0,1167736
page_index,time_cycles
0,1327352
page_index,time_cycles
0,3854520
page_index,time_cycles
0,1532848
page_index,time_cycles
0,1481008
page_index,time_cycles
0,1390914
page_index,time_cycles
0,1390740
page_index,time_cycles
0,3502208
page_index,time_cycles
0,1966528
page_index,time_cycles
0,1146138
page_index,time_cycles
0,1198184
page_index,time_cycles
0,1685116
page_index,time_cycles
0,1153328
page_index,time_cycles
0,1370364
page_index,time_cycles
0,3133434
page_index,time_cycles
0,3235084
page_index,time_cycles
0,3559104
page_index,time_cycles
0,1151148
page_index,time_cycles
0,3237168
page_index,time_cycles
0,1649210
page_index,time_cycles
0,1265298
page_index,time_cycles
0,2029724
page_index,time_cycles
0,1143112
page_index,time_cycles
0,1241042
page_index,time_cycles
0,1380768
page_index,time_cycles
0,1595126
page_index,time_cycles
0,1747720
page_index,time_cycles
0,2530818
page_index,time_cycles
0,1368258
page_index,time_cycles
0,1174792
page_index,time_cycles
0,1634112
page_index,time_cycles
0,1121716
page_index,time_cycles
0,2917572
page_index,time_cycles
0,1219312
page_index,time_cycles
0,3284554
page_index,time_cycles
0,2561162
page_index,time_cycles
0,3489360
page_index,time_cycles
0,2048876
page_index,time_cycles
0,1377244
page_index,time_cycles
0,1277016
page_index,time_cycles
0,1220630
page_index,time_cycles
0,1596254
page_index,time_cycles
0,1308694
page_index,time_cycles
0,1215900
page_index,time_cycles
0,1234596
page_index,time_cycles
0,1142344
page_index,time_cycles
0,1180522
page_index,time_cycles
0,1379114
page_index,time_cycles
0,3280842
page_index,time_cycles
0,1185764
page_index,time_cycles
0,1187550
page_index,time_cycles
0,1256844
page_index,time_cycles
0,3128852
page_index,time_cycles
0,1127830
page_index,time_cycles
0,3711592
page_index,time_cycles
0,3282548
page_index,time_cycles
0,1514384
page_index,time_cycles
0,3856554
page_index,time_cycles
0,1807988
page_index,time_cycles
0,1151714
page_index,time_cycles
0,3386312
page_index,time_cycles
0,3666104
page_index,time_cycles
0,1518036
page_index,time_cycles
0,3386300
page_index,time_cycles
0,1830426
page_index,time_cycles
0,3351340
page_index,time_cycles
0,2901838
page_index,time_cycles
0,1266324
page_index,time_cycles
0,1139802
page_index,time_cycles
0,1346110
page_index,time_cycles
0,1130454
page_index,time_cycles
0,2286646
page_index,time_cycles
0,1483884
page_index,time_cycles
0,2165936
page_index,time_cycles
0,1251358
page_index,time_cycles
0,3380042
page_index,time_cycles
0,1332072
page_index,time_cycles
0,1023368
page_index,time_cycles
0,3531438
page_index,time_cycles
0,2416820
page_index,time_cycles
0,1829854
page_index,time_cycles
0,3289044
page_index,time_cycles
0,1740754
page_index,time_cycles
0,1146892
page_index,time_cycles
0,1423872
page_index,time_cycles
0,2844270
page_index,time_cycles
0,1111090
page_index,time_cycles
0,1330916
page_index,time_cycles
0,1241702
page_index,time_cycles
0,1468818
page_index,time_cycles
0,2635364
page_index,time_cycles
0,1938814
page_index,time_cycles
0,1117158
page_index,time_cycles
0,2165938
page_index,time_cycles
0,1180004
page_index,time_cycles
0,1184026
page_index,time_cycles
0,1672518
page_index,time_cycles
0,1260334
page_index,time_cycles
0,3004136
page_index,time_cycles
0,3423064
page_index,time_cycles
0,3665092
page_index,time_cycles
0,3730138
page_index,time_cycles
0,1218132
page_index,time_cycles
0,2244346
page_index,time_cycles
0,1454012
page_index,time_cycles
0,3492942
page_index,time_cycles
0,3201076
page_index,time_cycles
0,1209244
page_index,time_cycles
0,1265304
page_index,time_cycles
0,1278158
page_index,time_cycles
0,1263854
page_index,time_cycles
0,1127624
page_index,time_cycles
0,2659522
page_index,time_cycles
0,3233430
page_index,time_cycles
0,1188760
page_index,time_cycles
0,3509490
page_index,time_cycles
0,1176042
page_index,time_cycles
0,1328410
page_index,time_cycles
0,3033562
page_index,time_cycles
0,1143664
page_index,time_cycles
0,1203110
page_index,time_cycles
0,3413790
page_index,time_cycles
0,1256956
page_index,time_cycles
0,2002088
page_index,time_cycles
0,1267970
page_index,time_cycles
0,1228280
page_index,time_cycles
0,1434884
page_index,time_cycles
0,3138192
page_index,time_cycles
0,1238276
page_index,time_cycles
0,3647906
page_index,time_cycles
0,3108200
page_index,time_cycles
0,1134064
page_index,time_cycles
0,2964680
page_index,time_cycles
0,1218424
page_index,time_cycles
0,1141908
page_index,time_cycles
0,1140754
page_index,time_cycles
0,1152592
page_index,time_cycles
0,1244348
page_index,time_cycles
0,2627930
page_index,time_cycles
0,2424382
page_index,time_cycles
0,1228742
page_index,time_cycles
0,1941456
page_index,time_cycles
0,1826928
page_index,time_cycles
0,1304576
page_index,time_cycles
0,1407414
page_index,time_cycles
0,2970318
page_index,time_cycles
0,1930732
page_index,time_cycles
0,3073926
page_index,time_cycles
0,3251280
page_index,time_cycles
0,1318008
page_index,time_cycles
0,1749836
page_index,time_cycles
0,1214652
page_index,time_cycles
0,2367936
page_index,time_cycles
0,1167904
page_index,time_cycles
0,3310880
page_index,time_cycles
0,1170794
page_index,time_cycles
0,1297612
page_index,time_cycles
0,1452066
page_index,time_cycles
0,1987816
page_index,time_cycles
0,1136390
page_index,time_cycles
0,1602464
page_index,time_cycles
0,3321452
page_index,time_cycles
0,1605196
page_index,time_cycles
0,3484184
page_index,time_cycles
0,1215008
page_index,time_cycles
0,3754100
page_index,time_cycles
0,1108688
page_index,time_cycles
0,1751390
page_index,time_cycles
0,1925338
page_index,time_cycles
0,1164710
page_index,time_cycles
0,1154284
page_index,time_cycles
0,1210586
page_index,time_cycles
0,1330030
page_index,time_cycles
0,1808148
page_index,time_cycles
0,1552232
page_index,time_cycles
0,2775976
page_index,time_cycles
0,1247704
page_index,time_cycles
0,3412096
page_index,time_cycles
0,1344698
page_index,time_cycles
0,3104032
page_index,time_cycles
0,3507994
page_index,time_cycles
0,3235672
page_index,time_cycles
0,3207994
page_index,time_cycles
0,3192984
page_index,time_cycles
0,3668644
page_index,time_cycles
0,2125894
page_index,time_cycles
0,1131214
page_index,time_cycles
0,1379016
page_index,time_cycles
0,1859248
page_index,time_cycles
0,1847148
page_index,time_cycles
0,1267448
page_index,time_cycles
0,3496108
page_index,time_cycles
0,1196994
page_index,time_cycles
0,3100580
page_index,time_cycles
0,3229064
page_index,time_cycles
0,1162664
page_index,time_cycles
0,1121456
page_index,time_cycles
0,1196104
page_index,time_cycles
0,1154706
page_index,time_cycles
0,1144588
page_index,time_cycles
0,1281848
page_index,time_cycles
0,2386862
page_index,time_cycles
0,3342980
page_index,time_cycles
0,3745888
page_index,time_cycles
0,1227006
page_index,time_cycles
0,1415314
page_index,time_cycles
0,3736502
page_index,time_cycles
0,3339158
page_index,time_cycles
0,1231524
page_index,time_cycles
0,3611666
page_index,time_cycles
0,1251036
page_index,time_cycles
0,1515918
page_index,time_cycles
0,1194528
page_index,time_cycles
0,3218184
page_index,time_cycles
0,1117654
page_index,time_cycles
0,1249220
page_index,time_cycles
0,1192308
page_index,time_cycles
0,1531536
page_index,time_cycles
0,3197684
page_index,time_cycles
0,1123546
page_index,time_cycles
0,1186466
page_index,time_cycles
0,1155016
page_index,time_cycles
0,2915294
page_index,time_cycles
0,2308778
page_index,time_cycles
0,3243834
page_index,time_cycles
0,1350652
page_index,time_cycles
0,1133486
page_index,time_cycles
0,1254904
page_index,time_cycles
0,1661408
page_index,time_cycles
0,1126516
page_index,time_cycles
0,1408122
page_index,time_cycles
0,3123728
page_index,time_cycles
0,1332708
page_index,time_cycles
0,1954226
page_index,time_cycles
0,1645486
page_index,time_cycles
0,1119932
page_index,time_cycles
0,1381398
page_index,time_cycles
0,3306430
page_index,time_cycles
0,3550964
page_index,time_cycles
0,1245974
page_index,time_cycles
0,2908590
page_index,time_cycles
0,1202608
page_index,time_cycles
0,3599498
page_index,time_cycles
0,1188352
page_index,time_cycles
0,1306456
page_index,time_cycles
0,1339504
page_index,time_cycles
0,1183076
page_index,time_cycles
0,1653462
page_index,time_cycles
0,1126668
page_index,time_cycles
0,1137316
page_index,time_cycles
0,1508784
page_index,time_cycles
0,1147790
page_index,time_cycles
0,2110356
page_index,time_cycles
0,4068580
page_index,time_cycles
0,2947504
page_index,time_cycles
0,3097896
page_index,time_cycles
0,1227868
page_index,time_cycles
0,1195620
page_index,time_cycles
0,1319052
page_index,time_cycles
0,1294594
page_index,time_cycles
0,1560228
page_index,time_cycles
0,1221106
page_index,time_cycles
0,1278132
page_index,time_cycles
0,1158512
page_index,time_cycles
0,1466986
page_index,time_cycles
0,3210174
page_index,time_cycles
0,1229622
page_index,time_cycles
0,1905124
page_index,time_cycles
0,3789112
page_index,time_cycles
0,1655192
page_index,time_cycles
0,3602530
page_index,time_cycles
0,1121550
page_index,time_cycles
0,1384456
page_index,time_cycles
0,1513968
page_index,time_cycles
0,1715752
page_index,time_cycles
0,1114100
page_index,time_cycles
0,1484152
page_index,time_cycles
0,1485946
page_index,time_cycles
0,1164066
page_index,time_cycles
0,1758914
page_index,time_cycles
0,3261696
page_index,time_cycles
0,1245290
page_index,time_cycles
0,3624360
page_index,time_cycles
0,1843108
page_index,time_cycles
0,1762922
page_index,time_cycles
0,1604340
page_index,time_cycles
0,3958854
page_index,time_cycles
0,2047418
page_index,time_cycles
0,1352000
page_index,time_cycles
0,3213516
page_index,time_cycles
0,1477562
page_index,time_cycles
0,3781204
page_index,time_cycles
0,1116538
page_index,time_cycles
0,3830094
page_index,time_cycles
0,3634666
page_index,time_cycles
0,1261908
page_index,time_cycles
0,3660874
page_index,time_cycles
0,2196422
page_index,time_cycles
0,1162904
page_index,time_cycles
0,1146346
page_index,time_cycles
0,3542518
page_index,time_cycles
0,1141914
page_index,time_cycles
0,1378330
page_index,time_cycles
0,1780728
page_index,time_cycles
0,1884784
page_index,time_cycles
0,1535090
page_index,time_cycles
0,1267822
page_index,time_cycles
0,1213676
page_index,time_cycles
0,3752168
page_index,time_cycles
0,1248696
page_index,time_cycles
0,1472728
page_index,time_cycles
0,1740928
page_index,time_cycles
0,1619276
page_index,time_cycles
0,1387624
page_index,time_cycles
0,2727686
page_index,time_cycles
0,1256248
page_index,time_cycles
0,3101578
page_index,time_cycles
0,3928022
page_index,time_cycles
0,1341062
page_index,time_cycles
0,1138360
page_index,time_cycles
0,1160110
page_index,time_cycles
0,1540630
page_index,time_cycles
0,2897098
page_index,time_cycles
0,3529664
page_index,time_cycles
0,1376766
page_index,time_cycles
0,1200314
page_index,time_cycles
0,1384014
page_index,time_cycles
0,1157714
page_index,time_cycles
0,1148648
page_index,time_cycles
0,1244984
page_index,time_cycles
0,3299808
page_index,time_cycles
0,2931588
page_index,time_cycles
0,1686612
page_index,time_cycles
0,1110830
page_index,time_cycles
0,1139574
page_index,time_cycles
0,2972918
page_index,time_cycles
0,2578916
page_index,time_cycles
0,1362362
page_index,time_cycles
0,1703390
page_index,time_cycles
0,1186588
page_index,time_cycles
0,1159832
page_index,time_cycles
0,1143846
page_index,time_cycles
0,1685830
page_index,time_cycles
0,1129852
page_index,time_cycles
0,1141898
page_index,time_cycles
0,3664962
page_index,time_cycles
0,1151658
page_index,time_cycles
0,1265680
page_index,time_cycles
0,1176022
page_index,time_cycles
0,1600982
page_index,time_cycles
0,3278238
page_index,time_cycles
0,1129302
page_index,time_cycles
0,1454688
page_index,time_cycles
0,1364838
page_index,time_cycles
0,1627138
page_index,time_cycles
0,1987800
page_index,time_cycles
0,1182870
page_index,time_cycles
0,1565902
page_index,time_cycles
0,3238570
page_index,time_cycles
0,3139504
page_index,time_cycles
0,1168608
page_index,time_cycles
0,1757380
page_index,time_cycles
0,1251012
page_index,time_cycles
0,1235346
page_index,time_cycles
0,1379276
page_index,time_cycles
0,1284020
page_index,time_cycles
0,1207008
page_index,time_cycles
0,1830606
page_index,time_cycles
0,1058812
page_index,time_cycles
0,1136880
page_index,time_cycles
0,1350520
page_index,time_cycles
0,1318140
page_index,time_cycles
0,3429924
page_index,time_cycles
0,3568956
page_index,time_cycles
0,2050614
page_index,time_cycles
0,2897664
page_index,time_cycles
0,3392208
page_index,time_cycles
0,1118978
page_index,time_cycles
0,3295166
page_index,time_cycles
0,1161056
page_index,time_cycles
0,1621870
page_index,time_cycles
0,1417334
page_index,time_cycles
0,1742886
page_index,time_cycles
0,1146246
page_index,time_cycles
0,1389230
page_index,time_cycles
0,3313124
page_index,time_cycles
0,3218636
page_index,time_cycles
0,1402710
page_index,time_cycles
0,1810612
page_index,time_cycles
0,3186450
page_index,time_cycles
0,1157706
page_index,time_cycles
0,1197600
page_index,time_cycles
0,1152086
page_index,time_cycles
0,3130352
page_index,time_cycles
0,1165356
page_index,time_cycles
0,1132294
page_index,time_cycles
0,1120522
page_index,time_cycles
0,3224274
page_index,time_cycles
0,3325776
page_index,time_cycles
0,1258276
page_index,time_cycles
0,1606274
page_index,time_cycles
0,2141018
page_index,time_cycles
0,1289936
page_index,time_cycles
0,1700466
page_index,time_cycles
0,1198312
page_index,time_cycles
0,3137780
page_index,time_cycles
0,3680536
page_index,time_cycles
0,1252480
page_index,time_cycles
0,1175982
page_index,time_cycles
0,1162978
page_index,time_cycles
0,1612220
page_index,time_cycles
0,1674858
page_index,time_cycles
0,3242570
page_index,time_cycles
0,3206900
page_index,time_cycles
0,4014114
page_index,time_cycles
0,3128438
page_index,time_cycles
0,1200666
page_index,time_cycles
0,2003772
page_index,time_cycles
0,1226894
page_index,time_cycles
0,2702258
page_index,time_cycles
0,1592540
page_index,time_cycles
0,1912676
page_index,time_cycles
0,2266824
page_index,time_cycles
0,1511412
page_index,time_cycles
0,1561274
page_index,time_cycles
0,1128112
page_index,time_cycles
0,4058496
page_index,time_cycles
0,2792252
page_index,time_cycles
0,1470216
page_index,time_cycles
0,3486730
page_index,time_cycles
0,1356452
page_index,time_cycles
0,2480258
page_index,time_cycles
0,1258118
page_index,time_cycles
0,1131952
page_index,time_cycles
0,1840346
page_index,time_cycles
0,1204934
page_index,time_cycles
0,3361710
page_index,time_cycles
0,1328214
page_index,time_cycles
0,3518650
page_index,time_cycles
0,1596440
page_index,time_cycles
0,1422800
page_index,time_cycles
0,4496996
page_index,time_cycles
0,2820222
page_index,time_cycles
0,1180778
page_index,time_cycles
0,2235388
page_index,time_cycles
0,1995090
page_index,time_cycles
0,1292690
page_index,time_cycles
0,1950154
page_index,time_cycles
0,2694856
page_index,time_cycles
0,3024904
page_index,time_cycles
0,1175386
page_index,time_cycles
0,1930296
page_index,time_cycles
0,1127828
page_index,time_cycles
0,1971418
page_index,time_cycles
0,3133834
page_index,time_cycles
0,1249738
page_index,time_cycles
0,1557062
page_index,time_cycles
0,4419054
page_index,time_cycles
0,1621166
page_index,time_cycles
0,1219198
page_index,time_cycles
0,2450830
page_index,time_cycles
0,2202544
page_index,time_cycles
0,1652178
page_index,time_cycles
0,1447654
page_index,time_cycles
0,1608424
page_index,time_cycles
0,1141872
page_index,time_cycles
0,1923254
page_index,time_cycles
0,3316408
page_index,time_cycles
0,1507908
page_index,time_cycles
0,1280316
page_index,time_cycles
0,2080100
page_index,time_cycles
0,3216468
page_index,time_cycles
0,1265126
page_index,time_cycles
0,1175904
page_index,time_cycles
0,1121194
page_index,time_cycles
0,2010900
page_index,time_cycles
0,3283436
page_index,time_cycles
0,3166874
page_index,time_cycles
0,3616908
page_index,time_cycles
0,1383684
page_index,time_cycles
0,3175674
page_index,time_cycles
0,3525630
page_index,time_cycles
0,3341004
page_index,time_cycles
0,1188166
page_index,time_cycles
0,2428060
page_index,time_cycles
0,1200504
page_index,time_cycles
0,2340408
page_index,time_cycles
0,1776258
page_index,time_cycles
0,1136492
page_index,time_cycles
0,2342186
page_index,time_cycles
0,3011912
page_index,time_cycles
0,3023482
page_index,time_cycles
0,1268002
page_index,time_cycles
0,2606786
page_index,time_cycles
0,1296612
page_index,time_cycles
0,3112204
page_index,time_cycles
0,3576778
page_index,time_cycles
0,1497124
page_index,time_cycles
0,1619620
page_index,time_cycles
0,3397202
page_index,time_cycles
0,1410048
page_index,time_cycles
0,1595366
page_index,time_cycles
0,1211996
page_index,time_cycles
0,1339086
page_index,time_cycles
0,1263202
page_index,time_cycles
0,1177712
page_index,time_cycles
0,3530024
page_index,time_cycles
0,1400362
page_index,time_cycles
0,1416794
page_index,time_cycles
0,4141980
page_index,time_cycles
0,2761604
page_index,time_cycles
0,1172908
page_index,time_cycles
0,1143926
page_index,time_cycles
0,1835880
page_index,time_cycles
0,1131954
page_index,time_cycles
0,2716930
page_index,time_cycles
0,3091230
page_index,time_cycles
0,1406676
page_index,time_cycles
0,3280652
page_index,time_cycles
0,2517554
page_index,time_cycles
0,3166198
page_index,time_cycles
0,1170442
page_index,time_cycles
0,2931898
page_index,time_cycles
0,2294156
page_index,time_cycles
0,1637802
page_index,time_cycles
0,1691874
page_index,time_cycles
0,1118632
page_index,time_cycles
0,3521164
page_index,time_cycles
0,2751872
page_index,time_cycles
0,2179332
page_index,time_cycles
0,1196140
page_index,time_cycles
0,2306820
page_index,time_cycles
0,1306834
page_index,time_cycles
0,3562178
page_index,time_cycles
0,1560784
page_index,time_cycles
0,2827446
page_index,time_cycles
0,1131198
page_index,time_cycles
0,1227162
page_index,time_cycles
0,1889764
page_index,time_cycles
0,2943456
page_index,time_cycles
0,1229968
page_index,time_cycles
0,1123976
page_index,time_cycles
0,1202994
page_index,time_cycles
0,2283552
page_index,time_cycles
0,1264670
page_index,time_cycles
0,1669198
page_index,time_cycles
0,1573498
page_index,time_cycles
0,1995714
page_index,time_cycles
0,2992860
page_index,time_cycles
0,1139430
page_index,time_cycles
0,2377200
page_index,time_cycles
0,3625028
page_index,time_cycles
0,3381568
page_index,time_cycles
0,2879694
page_index,time_cycles
0,3158392
page_index,time_cycles
0,2267594
page_index,time_cycles
0,1242116
page_index,time_cycles
0,1328670
page_index,time_cycles
0,2150680
page_index,time_cycles
0,1113704
page_index,time_cycles
0,1131788
page_index,time_cycles
0,1124374
page_index,time_cycles
0,1189898
page_index,time_cycles
0,2669610
page_index,time_cycles
0,1208710
page_index,time_cycles
0,1560280
page_index,time_cycles
0,3017970
page_index,time_cycles
0,1304614
page_index,time_cycles
0,1148224
page_index,time_cycles
0,1245198
page_index,time_cycles
0,1978588
page_index,time_cycles
0,2633002
page_index,time_cycles
0,1893706
page_index,time_cycles
0,1133438
page_index,time_cycles
0,2107242
page_index,time_cycles
0,1318806
page_index,time_cycles
0,2003780
page_index,time_cycles
0,3153134
page_index,time_cycles
0,1141914
page_index,time_cycles
0,2888504
page_index,time_cycles
0,3643742
page_index,time_cycles
0,2517202
page_index,time_cycles
0,2899644
page_index,time_cycles
0,1324688
page_index,time_cycles
0,3802764
page_index,time_cycles
0,1335526
page_index,time_cycles
0,1257746
page_index,time_cycles
0,1393454
page_index,time_cycles
0,1889214
page_index,time_cycles
0,1471182
page_index,time_cycles
0,1314812
page_index,time_cycles
0,3170238
page_index,time_cycles
0,1165038
page_index,time_cycles
0,3388872
page_index,time_cycles
0,1629906
page_index,time_cycles
0,1298310
page_index,time_cycles
0,1133468
page_index,time_cycles
0,1205890
page_index,time_cycles
0,3888184
page_index,time_cycles
0,2417754
page_index,time_cycles
0,2313078
page_index,time_cycles
0,1163908
page_index,time_cycles
0,2161310
page_index,time_cycles
0,1898924
page_index,time_cycles
0,1406594
page_index,time_cycles
0,1145840
page_index,time_cycles
0,1689448
page_index,time_cycles
0,3278324
page_index,time_cycles
0,1133448
page_index,time_cycles
0,1148690
page_index,time_cycles
0,1119038
page_index,time_cycles
0,1923920
page_index,time_cycles
0,1393484
page_index,time_cycles
0,1220462
page_index,time_cycles
0,1421836
page_index,time_cycles
0,1119152
page_index,time_cycles
0,3534756
page_index,time_cycles
0,1337014
page_index,time_cycles
0,1196618
page_index,time_cycles
0,2637456
page_index,time_cycles
0,1476892
page_index,time_cycles
0,1195236
page_index,time_cycles
0,3679566
page_index,time_cycles
0,1299552
page_index,time_cycles
0,1151836
page_index,time_cycles
0,2290688
page_index,time_cycles
0,3672128
page_index,time_cycles
0,3626726
page_index,time_cycles
0,3299106
page_index,time_cycles
0,1665852
page_index,time_cycles
0,1383718
page_index,time_cycles
0,1289136
page_index,time_cycles
0,2541174
page_index,time_cycles
0,1207126
page_index,time_cycles
0,1356984
page_index,time_cycles
0,3148248
page_index,time_cycles
0,1152332
page_index,time_cycles
0,1157006
page_index,time_cycles
0,1414860
page_index,time_cycles
0,3299866
page_index,time_cycles
0,3264892
page_index,time_cycles
0,1602440
page_index,time_cycles
0,1146908
page_index,time_cycles
0,3414624
page_index,time_cycles
0,3348856
page_index,time_cycles
0,1162286
page_index,time_cycles
0,1205622
page_index,time_cycles
0,3730304
page_index,time_cycles
0,3224884
page_index,time_cycles
0,1761820
page_index,time_cycles
0,1925844
page_index,time_cycles
0,1147862
page_index,time_cycles
0,1533570
page_index,time_cycles
0,3328228
page_index,time_cycles
0,2886358
page_index,time_cycles
0,3373532
page_index,time_cycles
0,1364900
page_index,time_cycles
0,3990662
page_index,time_cycles
0,3209176
page_index,time_cycles
0,1330896
page_index,time_cycles
0,1239868
page_index,time_cycles
0,1450198
page_index,time_cycles
0,2561076
page_index,time_cycles
0,1157148
page_index,time_cycles
0,3240164
page_index,time_cycles
0,2085642
page_index,time_cycles
0,1194112
page_index,time_cycles
0,1131634
page_index,time_cycles
0,2422178
page_index,time_cycles
0,1137962
page_index,time_cycles
0,1142560
page_index,time_cycles
0,1331400
page_index,time_cycles
0,1216082
page_index,time_cycles
0,1876486
page_index,time_cycles
0,3123810
page_index,time_cycles
0,3084004
page_index,time_cycles
0,1107416
page_index,time_cycles
0,3716912
page_index,time_cycles
0,1127890
page_index,time_cycles
0,1118152
page_index,time_cycles
0,4482702
page_index,time_cycles
0,1233410
page_index,time_cycles
0,1147180
page_index,time_cycles
0,1105700
page_index,time_cycles
0,2103276
page_index,time_cycles
0,1149948
page_index,time_cycles
0,3094390
page_index,time_cycles
0,1161624
page_index,time_cycles
0,2205372
page_index,time_cycles
0,1303242
page_index,time_cycles
0,3799044
page_index,time_cycles
0,1563654
page_index,time_cycles
0,3210144
page_index,time_cycles
0,1285050
page_index,time_cycles
0,1329744
page_index,time_cycles
0,3176424
page_index,time_cycles
0,2310960
page_index,time_cycles
0,2559032
page_index,time_cycles
0,1195020
page_index,time_cycles
0,1265310
page_index,time_cycles
0,2944502
page_index,time_cycles
0,1434728
page_index,time_cycles
0,3522724
page_index,time_cycles
0,2225860
page_index,time_cycles
0,1725368
page_index,time_cycles
0,1921990
page_index,time_cycles
0,1168624
page_index,time_cycles
0,1359624
page_index,time_cycles
0,3244886
page_index,time_cycles
0,3050112
page_index,time_cycles
0,1185968
page_index,time_cycles
0,3758870
page_index,time_cycles
0,1136392
page_index,time_cycles
0,1519696
page_index,time_cycles
0,3661188
page_index,time_cycles
0,2235782
page_index,time_cycles
0,3528084
page_index,time_cycles
0,1283208
page_index,time_cycles
0,1227724
page_index,time_cycles
0,1779086
page_index,time_cycles
0,3016576
page_index,time_cycles
0,1411494
page_index,time_cycles
0,2727212
page_index,time_cycles
0,1167304
page_index,time_cycles
0,1205528
page_index,time_cycles
0,1205696
page_index,time_cycles
0,1347960
page_index,time_cycles
0,1210788
page_index,time_cycles
0,1261140
page_index,time_cycles
0,3364574
page_index,time_cycles
0,2631076
page_index,time_cycles
0,2935742
page_index,time_cycles
0,1890388
page_index,time_cycles
0,1163620
page_index,time_cycles
0,3490954
page_index,time_cycles
0,1747928
page_index,time_cycles
0,1877262
page_index,time_cycles
0,1146036
page_index,time_cycles
0,1291966
page_index,time_cycles
0,3543120
page_index,time_cycles
0,2314144
page_index,time_cycles
0,1131478
page_index,time_cycles
0,1560956
page_index,time_cycles
0,3206578
page_index,time_cycles
0,2066714
page_index,time_cycles
0,1356278
page_index,time_cycles
0,1203528
page_index,time_cycles
0,1554530
page_index,time_cycles
0,1232914
page_index,time_cycles
0,1501618
page_index,time_cycles
0,2575338
page_index,time_cycles
0,1163356
page_index,time_cycles
0,1712996
page_index,time_cycles
0,3276316
page_index,time_cycles
0,1977710
page_index,time_cycles
0,1832334
page_index,time_cycles
0,1180018
page_index,time_cycles
0,3250158
page_index,time_cycles
0,1654774
page_index,time_cycles
0,1159328
page_index,time_cycles
0,3167874
page_index,time_cycles
0,1290422
page_index,time_cycles
0,3096896
page_index,time_cycles
0,1496652
page_index,time_cycles
0,3810502
page_index,time_cycles
0,1154650
page_index,time_cycles
0,3738748
page_index,time_cycles
0,1210554
page_index,time_cycles
0,3130032
page_index,time_cycles
0,2099964
page_index,time_cycles
0,1260632
page_index,time_cycles
0,1445028
page_index,time_cycles
0,1162780
page_index,time_cycles
0,1389780
page_index,time_cycles
0,3410160
page_index,time_cycles
0,3099404
page_index,time_cycles
0,1185546
page_index,time_cycles
0,2463944
page_index,time_cycles
0,1317548
page_index,time_cycles
0,1535680
page_index,time_cycles
0,3553718
page_index,time_cycles
0,1128486
page_index,time_cycles
0,1233962
page_index,time_cycles
0,1471070
page_index,time_cycles
0,1191502
page_index,time_cycles
0,3343278
page_index,time_cycles
0,3202844
page_index,time_cycles
0,2301430
page_index,time_cycles
0,1586568
page_index,time_cycles
0,1205312
page_index,time_cycles
0,1490236
page_index,time_cycles
0,3170530
page_index,time_cycles
0,2304802
page_index,time_cycles
0,1142488
page_index,time_cycles
0,1188210
page_index,time_cycles
0,2401000
page_index,time_cycles
0,1576780
page_index,time_cycles
0,1166440
page_index,time_cycles
0,2955690
page_index,time_cycles
0,1801326
page_index,time_cycles
0,1234790
page_index,time_cycles
0,3577722
page_index,time_cycles
0,1160150
page_index,time_cycles
0,2293118
page_index,time_cycles
0,1277478
page_index,time_cycles
0,3667732
page_index,time_cycles
0,1515688
page_index,time_cycles
0,1114420
page_index,time_cycles
0,1898596
page_index,time_cycles
0,2917768
page_index,time_cycles
0,3743520
page_index,time_cycles
0,1464342
page_index,time_cycles
0,1237372
page_index,time_cycles
0,1450408
page_index,time_cycles
0,3104338
page_index,time_cycles
0,1137928
page_index,time_cycles
0,1718634
page_index,time_cycles
0,1441540
page_index,time_cycles
0,1508672
page_index,time_cycles
0,1131350
page_index,time_cycles
0,2214928
page_index,time_cycles
0,1777920
page_index,time_cycles
0,1149896
page_index,time_cycles
0,2124304
page_index,time_cycles
0,3853486
page_index,time_cycles
0,3600600
page_index,time_cycles
0,1152576
page_index,time_cycles
0,1170570
page_index,time_cycles
0,2264172
page_index,time_cycles
0,1264706
page_index,time_cycles
0,2343456
page_index,time_cycles
0,1155196
page_index,time_cycles
0,1166136
page_index,time_cycles
0,1229040
page_index,time_cycles
0,3968900
page_index,time_cycles
0,1153660
page_index,time_cycles
0,3334650
page_index,time_cycles
0,1593752
page_index,time_cycles
0,1686748
page_index,time_cycles
0,1387852
page_index,time_cycles
0,1748134
page_index,time_cycles
0,1280300
page_index,time_cycles
0,1668550
page_index,time_cycles
0,1134650
page_index,time_cycles
0,1341916
page_index,time_cycles
0,2339338
page_index,time_cycles
0,2903464
page_index,time_cycles
0,1161952
page_index,time_cycles
0,1158770
page_index,time_cycles
0,1142942
page_index,time_cycles
0,1682598
page_index,time_cycles
0,1120974
page_index,time_cycles
0,1339952
page_index,time_cycles
0,3331618
page_index,time_cycles
0,1408006
page_index,time_cycles
0,2986076
page_index,time_cycles
0,1119322
page_index,time_cycles
0,2903318
page_index,time_cycles
0,3500064
page_index,time_cycles
0,3300152
page_index,time_cycles
0,1254432
page_index,time_cycles
0,1393954
page_index,time_cycles
0,2037530
page_index,time_cycles
0,3332886
page_index,time_cycles
0,3122072
page_index,time_cycles
0,1228562
page_index,time_cycles
0,1520232
page_index,time_cycles
0,1349518
page_index,time_cycles
0,3345796
page_index,time_cycles
0,2952104
page_index,time_cycles
0,1227156
page_index,time_cycles
0,2081336
page_index,time_cycles
0,1631872
page_index,time_cycles
0,1348906
page_index,time_cycles
0,1345594
page_index,time_cycles
0,1122008
page_index,time_cycles
0,1262308
page_index,time_cycles
0,2347126
page_index,time_cycles
0,3323206
page_index,time_cycles
0,3118518
page_index,time_cycles
0,1160036
page_index,time_cycles
0,1324060
page_index,time_cycles
0,1178074
page_index,time_cycles
0,1428366
page_index,time_cycles
0,1428234
page_index,time_cycles
0,2362706
page_index,time_cycles
0,1854582
page_index,time_cycles
0,1853456
page_index,time_cycles
0,1446998
page_index,time_cycles
0,1914570
page_index,time_cycles
0,1143554
page_index,time_cycles
0,1849254
page_index,time_cycles
0,1595870
page_index,time_cycles
0,1205680
page_index,time_cycles
0,3172090
page_index,time_cycles
0,1527850
page_index,time_cycles
0,1152836
page_index,time_cycles
0,1166462
page_index,time_cycles
0,2994418
page_index,time_cycles
0,2040462
page_index,time_cycles
0,1148444
page_index,time_cycles
0,1322456
page_index,time_cycles
0,1748122
page_index,time_cycles
0,1122918
page_index,time_cycles
0,1409448
page_index,time_cycles
0,1140732
page_index,time_cycles
0,1295840
page_index,time_cycles
0,3316964
page_index,time_cycles
0,1194892
page_index,time_cycles
0,1167172
page_index,time_cycles
0,1226164
page_index,time_cycles
0,1259548
page_index,time_cycles
0,1395504
page_index,time_cycles
0,1152166
page_index,time_cycles
0,1850922
page_index,time_cycles
0,1131508
page_index,time_cycles
0,2001552
page_index,time_cycles
0,1694204
page_index,time_cycles
0,1270118
page_index,time_cycles
0,1162348
page_index,time_cycles
0,1497778
page_index,time_cycles
0,2961716
page_index,time_cycles
0,1427154
page_index,time_cycles
0,3380398
page_index,time_cycles
0,1215222
page_index,time_cycles
0,1230024
page_index,time_cycles
0,1225920
page_index,time_cycles
0,2770776
page_index,time_cycles
0,3696198
page_index,time_cycles
0,3741066
page_index,time_cycles
0,1119654
page_index,time_cycles
0,3974462
page_index,time_cycles
0,3218682
page_index,time_cycles
0,1502402
page_index,time_cycles
0,3504522
page_index,time_cycles
0,3109672
page_index,time_cycles
0,1174106
page_index,time_cycles
0,1153418
page_index,time_cycles
0,1375600
page_index,time_cycles
0,1179972
page_index,time_cycles
0,1586132
page_index,time_cycles
0,1153158
page_index,time_cycles
0,2913792
page_index,time_cycles
0,1122740
page_index,time_cycles
0,1818926
page_index,time_cycles
0,1927318
page_index,time_cycles
0,1190744
page_index,time_cycles
0,3411436
page_index,time_cycles
0,1988580
page_index,time_cycles
0,3553656
page_index,time_cycles
0,3847990
page_index,time_cycles
0,1336322
page_index,time_cycles
0,1341458
page_index,time_cycles
0,1224678
page_index,time_cycles
0,1168190
page_index,time_cycles
0,3450380
page_index,time_cycles
0,1486782
page_index,time_cycles
0,3013662
page_index,time_cycles
0,1910658
page_index,time_cycles
0,1314890
page_index,time_cycles
0,1334684
page_index,time_cycles
0,1463778
page_index,time_cycles
0,3325186
page_index,time_cycles
0,3545928
page_index,time_cycles
0,2992614
page_index,time_cycles
0,1355572
page_index,time_cycles
0,3299066
page_index,time_cycles
0,1861688
page_index,time_cycles
0,3036468
page_index,time_cycles
0,3442408
page_index,time_cycles
0,2221736
page_index,time_cycles
0,1174528
page_index,time_cycles
0,1107828
page_index,time_cycles
0,2970426
page_index,time_cycles
0,1262466
page_index,time_cycles
0,1169050
page_index,time_cycles
0,1223296
page_index,time_cycles
0,1274452
page_index,time_cycles
0,1905160
page_index,time_cycles
0,1243676
page_index,time_cycles
0,1235776
page_index,time_cycles
0,1192706
page_index,time_cycles
0,2045300
page_index,time_cycles
0,1711924
page_index,time_cycles
0,1441738
page_index,time_cycles
0,1749758
page_index,time_cycles
0,3429788
page_index,time_cycles
0,2848296
page_index,time_cycles
0,2516176
page_index,time_cycles
0,3401568
page_index,time_cycles
0,1163690
page_index,time_cycles
0,1581944
page_index,time_cycles
0,1274640
page_index,time_cycles
0,1136610
page_index,time_cycles
0,1257268
page_index,time_cycles
0,1188362
page_index,time_cycles
0,1162096
page_index,time_cycles
0,1187900
page_index,time_cycles
0,1290286
page_index,time_cycles
0,1543108
page_index,time_cycles
0,3255600
page_index,time_cycles
0,1137164
page_index,time_cycles
0,3292994
page_index,time_cycles
0,1594556
page_index,time_cycles
0,1372374
page_index,time_cycles
0,1257420
page_index,time_cycles
0,1234520
page_index,time_cycles
0,1243402
page_index,time_cycles
0,1622206
page_index,time_cycles
0,1443970
page_index,time_cycles
0,1433096
page_index,time_cycles
0,1149588
page_index,time_cycles
0,3391330
page_index,time_cycles
0,2188636
page_index,time_cycles
0,1738948
page_index,time_cycles
0,1848448
page_index,time_cycles
0,2346428
page_index,time_cycles
0,1107748
page_index,time_cycles
0,2915160
page_index,time_cycles
0,1273572
page_index,time_cycles
0,2683030
page_index,time_cycles
0,1307698
page_index,time_cycles
0,1197612
page_index,time_cycles
0,3080526
page_index,time_cycles
0,1367026
page_index,time_cycles
0,3515612
page_index,time_cycles
0,1748454
page_index,time_cycles
0,1202580
page_index,time_cycles
0,1658608
page_index,time_cycles
0,1382782
page_index,time_cycles
0,1127284
page_index,time_cycles
0,3407046
page_index,time_cycles
0,3510346
page_index,time_cycles
0,1232344
page_index,time_cycles
0,3784212
page_index,time_cycles
0,1106074
page_index,time_cycles
0,3634964
page_index,time_cycles
0,3748062
page_index,time_cycles
0,1189422
page_index,time_cycles
0,3988804
page_index,time_cycles
0,3254344
page_index,time_cycles
0,3238452
page_index,time_cycles
0,1194044
page_index,time_cycles
0,1163520
page_index,time_cycles
0,2033012
page_index,time_cycles
0,1205708
page_index,time_cycles
0,1217976
page_index,time_cycles
0,2054380
page_index,time_cycles
0,1162386
page_index,time_cycles
0,3222060
page_index,time_cycles
0,1283444
page_index,time_cycles
0,3398556
page_index,time_cycles
0,1205962
page_index,time_cycles
0,1470044
page_index,time_cycles
0,1145498
page_index,time_cycles
0,1158428
page_index,time_cycles
0,3037394
page_index,time_cycles
0,2490176
page_index,time_cycles
0,2351878
page_index,time_cycles
0,3193348
page_index,time_cycles
0,3293232
page_index,time_cycles
0,1296732
page_index,time_cycles
0,1193774
page_index,time_cycles
0,2924226
page_index,time_cycles
0,1188058
page_index,time_cycles
0,1429180
page_index,time_cycles
0,3232320
page_index,time_cycles
0,1199034
page_index,time_cycles
0,1156496
page_index,time_cycles
0,2927082
page_index,time_cycles
0,1220266
page_index,time_cycles
0,1277504
page_index,time_cycles
0,1117348
page_index,time_cycles
0,1292396
page_index,time_cycles
0,2374040
page_index,time_cycles
0,1892362
page_index,time_cycles
0,3398066
page_index,time_cycles
0,1122816
page_index,time_cycles
0,1231248
page_index,time_cycles
0,3879298
page_index,time_cycles
0,2431594
page_index,time_cycles
0,2929806
page_index,time_cycles
0,1431288
page_index,time_cycles
0,1145096
page_index,time_cycles
0,1584098
page_index,time_cycles
0,1223884
page_index,time_cycles
0,1385754
page_index,time_cycles
0,3155282
page_index,time_cycles
0,3568182
page_index,time_cycles
0,2206574
page_index,time_cycles
0,2875938
page_index,time_cycles
0,1117474
page_index,time_cycles
0,3573090
page_index,time_cycles
0,1524588
page_index,time_cycles
0,3117440
page_index,time_cycles
0,1172036
page_index,time_cycles
0,1629346
page_index,time_cycles
0,1130996
page_index,time_cycles
0,1135384
page_index,time_cycles
0,3442162
page_index,time_cycles
0,3249428
page_index,time_cycles
0,1382702
page_index,time_cycles
0,1240748
page_index,time_cycles
0,1257268
page_index,time_cycles
0,1236706
page_index,time_cycles
0,1132766
page_index,time_cycles
0,1289666
page_index,time_cycles
0,1304018
page_index,time_cycles
0,1123676
page_index,time_cycles
0,1175600
page_index,time_cycles
0,1193702
page_index,time_cycles
0,3438696
page_index,time_cycles
0,1238738
page_index,time_cycles
0,3179264
page_index,time_cycles
0,1135752
page_index,time_cycles
0,1750402
page_index,time_cycles
0,1237248
page_index,time_cycles
0,1306464
page_index,time_cycles
0,1237234
page_index,time_cycles
0,1195978
page_index,time_cycles
0,1461510
page_index,time_cycles
0,1273596
page_index,time_cycles
0,1485670
page_index,time_cycles
0,1356542
page_index,time_cycles
0,1300946
page_index,time_cycles
0,3146400
page_index,time_cycles
0,1344522
page_index,time_cycles
0,1139992
page_index,time_cycles
0,1145512
page_index,time_cycles
0,1126868
page_index,time_cycles
0,1456230
page_index,time_cycles
0,1141078
page_index,time_cycles
0,1961062
page_index,time_cycles
0,1207322
page_index,time_cycles
0,1136192
page_index,time_cycles
0,2693756
page_index,time_cycles
0,1422840
page_index,time_cycles
0,1413962
page_index,time_cycles
0,3082990
page_index,time_cycles
0,3102948
page_index,time_cycles
0,1434534
page_index,time_cycles
0,1171122
page_index,time_cycles
0,1151088
page_index,time_cycles
0,1106380
page_index,time_cycles
0,1139324
page_index,time_cycles
0,1609088
page_index,time_cycles
0,1599210
page_index,time_cycles
0,3240630
page_index,time_cycles
0,1551466
page_index,time_cycles
0,3832016
page_index,time_cycles
0,1466070
page_index,time_cycles
0,1375466
page_index,time_cycles
0,1515226
page_index,time_cycles
0,1194382
page_index,time_cycles
0,1541872
page_index,time_cycles
0,1138068
page_index,time_cycles
0,1945974
page_index,time_cycles
0,2902570
page_index,time_cycles
0,2813034
page_index,time_cycles
0,1591782
page_index,time_cycles
0,1148946
page_index,time_cycles
0,3729294
page_index,time_cycles
0,3033988
page_index,time_cycles
0,1354832
page_index,time_cycles
0,1208728
page_index,time_cycles
0,1341442
page_index,time_cycles
0,1340862
page_index,time_cycles
0,1878624
page_index,time_cycles
0,4153914
page_index,time_cycles
0,1117532
page_index,time_cycles
0,1175614
page_index,time_cycles
0,3759776
page_index,time_cycles
0,1259698
page_index,time_cycles
0,1477038
page_index,time_cycles
0,1443810
page_index,time_cycles
0,1568066
page_index,time_cycles
0,1684390
page_index,time_cycles
0,1624146
page_index,time_cycles
0,1153966
page_index,time_cycles
0,1829258
page_index,time_cycles
0,1113470
page_index,time_cycles
0,2916780
page_index,time_cycles
0,1146990
page_index,time_cycles
0,2053756
page_index,time_cycles
0,1515786
page_index,time_cycles
0,3092562
page_index,time_cycles
0,3197740
page_index,time_cycles
0,1587346
page_index,time_cycles
0,1351822
page_index,time_cycles
0,1212138
page_index,time_cycles
0,2703166
page_index,time_cycles
0,1290312
page_index,time_cycles
0,1296392
page_index,time_cycles
0,2062264
page_index,time_cycles
0,3209376
page_index,time_cycles
0,1967008
page_index,time_cycles
0,1355912
page_index,time_cycles
0,2617998
page_index,time_cycles
0,1651946
page_index,time_cycles
0,3285538
page_index,time_cycles
0,1603664
page_index,time_cycles
0,1487160
page_index,time_cycles
0,1274114
page_index,time_cycles
0,2670212
page_index,time_cycles
0,1150418
page_index,time_cycles
0,1215418
page_index,time_cycles
0,2004908
page_index,time_cycles
0,1158532
page_index,time_cycles
0,1176268
page_index,time_cycles
0,1175666
page_index,time_cycles
0,3236460
page_index,time_cycles
0,2292282
page_index,time_cycles
0,1847710
page_index,time_cycles
0,1155860
page_index,time_cycles
0,1179210
page_index,time_cycles
0,1585240
page_index,time_cycles
0,1755366
page_index,time_cycles
0,1681118
page_index,time_cycles
0,1181780
page_index,time_cycles
0,1151712
page_index,time_cycles
0,2985312
page_index,time_cycles
0,3367242
page_index,time_cycles
0,1185706
page_index,time_cycles
0,1235750
page_index,time_cycles
0,1167454
page_index,time_cycles
0,1469816
page_index,time_cycles
0,1471636
page_index,time_cycles
0,1108958
page_index,time_cycles
0,1814742
page_index,time_cycles
0,1157394
page_index,time_cycles
0,1651364
page_index,time_cycles
0,1373418
page_index,time_cycles
0,1234466
page_index,time_cycles
0,1343648
page_index,time_cycles
0,3274132
page_index,time_cycles
0,1182208
page_index,time_cycles
0,3503620
page_index,time_cycles
0,3419426
page_index,time_cycles
0,1132560
page_index,time_cycles
0,2306284
page_index,time_cycles
0,1220378
page_index,time_cycles
0,1445550
page_index,time_cycles
0,4097540
page_index,time_cycles
0,1902864
page_index,time_cycles
0,3326064
page_index,time_cycles
0,2315034
page_index,time_cycles
0,1234060
page_index,time_cycles
0,1759928
page_index,time_cycles
0,1466696
page_index,time_cycles
0,3430204
page_index,time_cycles
0,1128258
page_index,time_cycles
0,3226128
page_index,time_cycles
0,1160886
page_index,time_cycles
0,3697874
page_index,time_cycles
0,1263236
page_index,time_cycles
0,3378382
page_index,time_cycles
0,1185208
page_index,time_cycles
0,1441646
page_index,time_cycles
0,1265526
page_index,time_cycles
0,1160798
page_index,time_cycles
0,1109570
page_index,time_cycles
0,3299808
page_index,time_cycles
0,2199496
page_index,time_cycles
0,2230714
page_index,time_cycles
0,1869970
page_index,time_cycles
0,1213878
page_index,time_cycles
0,1578808
page_index,time_cycles
0,3495458
page_index,time_cycles
0,1219632
page_index,time_cycles
0,1391424
page_index,time_cycles
0,1777296
page_index,time_cycles
0,2959934
page_index,time_cycles
0,1211294
page_index,time_cycles
0,3360506
page_index,time_cycles
0,1273956
page_index,time_cycles
0,3383194
page_index,time_cycles
0,1668992
page_index,time_cycles
0,1244312
page_index,time_cycles
0,1567062
page_index,time_cycles
0,1418042
page_index,time_cycles
0,1108342
page_index,time_cycles
0,3504274
page_index,time_cycles
0,2717346
page_index,time_cycles
0,1462784
page_index,time_cycles
0,1126416
page_index,time_cycles
0,1196836
page_index,time_cycles
0,2211266
page_index,time_cycles
0,1451914
page_index,time_cycles
0,1204052
page_index,time_cycles
0,1148190
page_index,time_cycles
0,2308430
page_index,time_cycles
0,1903162
page_index,time_cycles
0,1825168
page_index,time_cycles
0,1392834
page_index,time_cycles
0,3738596
page_index,time_cycles
0,1193600
page_index,time_cycles
0,1488236
page_index,time_cycles
0,1306024
page_index,time_cycles
0,1420416
page_index,time_cycles
0,1609828
page_index,time_cycles
0,1186900
page_index,time_cycles
0,3326688
page_index,time_cycles
0,1430054
page_index,time_cycles
0,3225926
page_index,time_cycles
0,1155326
page_index,time_cycles
0,1371224
page_index,time_cycles
0,1297162
page_index,time_cycles
0,2760304
page_index,time_cycles
0,1220878
page_index,time_cycles
0,1479960
page_index,time_cycles
0,3629004
page_index,time_cycles
0,3084566
page_index,time_cycles
0,1634120
page_index,time_cycles
0,1157514
page_index,time_cycles
0,1158910
page_index,time_cycles
0,3349650
page_index,time_cycles
0,1250436
page_index,time_cycles
0,3299848
page_index,time_cycles
0,3131880
page_index,time_cycles
0,1633384
page_index,time_cycles
0,1137220
page_index,time_cycles
0,1424490
page_index,time_cycles
0,1473072
page_index,time_cycles
0,1160244
page_index,time_cycles
0,3163434
page_index,time_cycles
0,3171828
page_index,time_cycles
0,1188206
page_index,time_cycles
0,1304088
page_index,time_cycles
0,1297830
page_index,time_cycles
0,1142514
page_index,time_cycles
0,1108220
page_index,time_cycles
0,3504444
page_index,time_cycles
0,1302574
page_index,time_cycles
0,3816990
page_index,time_cycles
0,1157082
page_index,time_cycles
0,1465830
page_index,time_cycles
0,1774294
page_index,time_cycles
0,1733368
page_index,time_cycles
0,1909968
page_index,time_cycles
0,1304070
page_index,time_cycles
0,1146576
page_index,time_cycles
0,1155062
page_index,time_cycles
0,2763634
page_index,time_cycles
0,1270988
page_index,time_cycles
0,3967910
page_index,time_cycles
0,1121950
page_index,time_cycles
0,2593124
page_index,time_cycles
0,1137564
page_index,time_cycles
0,3180930
page_index,time_cycles
0,3378736
page_index,time_cycles
0,2796686
page_index,time_cycles
0,3025620
page_index,time_cycles
0,3170062
page_index,time_cycles
0,1161448
page_index,time_cycles
0,1161228
page_index,time_cycles
0,3225302
page_index,time_cycles
0,3285260
page_index,time_cycles
0,1218040
page_index,time_cycles
0,1175626
page_index,time_cycles
0,3611086
page_index,time_cycles
0,1344554
page_index,time_cycles
0,1723116
page_index,time_cycles
0,1844680
page_index,time_cycles
0,3491558
page_index,time_cycles
0,1178434
page_index,time_cycles
0,1406446
page_index,time_cycles
0,3376138
page_index,time_cycles
0,1243290
page_index,time_cycles
0,2058570
page_index,time_cycles
0,1433618
page_index,time_cycles
0,1150016
page_index,time_cycles
0,1142222
page_index,time_cycles
0,1507478
page_index,time_cycles
0,1160110
page_index,time_cycles
0,1454866
page_index,time_cycles
0,1573976
page_index,time_cycles
0,1227752
page_index,time_cycles
0,1805024
page_index,time_cycles
0,3305336
page_index,time_cycles
0,1119840
page_index,time_cycles
0,3920526
page_index,time_cycles
0,2550858
page_index,time_cycles
0,1240628
page_index,time_cycles
0,3013756
page_index,time_cycles
0,1161276
page_index,time_cycles
0,1411358
page_index,time_cycles
0,1543004
page_index,time_cycles
0,1201100
page_index,time_cycles
0,1498522
page_index,time_cycles
0,3405136
page_index,time_cycles
0,2566042
page_index,time_cycles
0,3185196
page_index,time_cycles
0,1319632
page_index,time_cycles
0,2306838
page_index,time_cycles
0,1118830
page_index,time_cycles
0,1193648
page_index,time_cycles
0,1314796
page_index,time_cycles
0,1305894
page_index,time_cycles
0,1378002
page_index,time_cycles
0,1260442
page_index,time_cycles
0,1161362
page_index,time_cycles
0,1747196
page_index,time_cycles
0,1160992
page_index,time_cycles
0,1292268
page_index,time_cycles
0,1523744
page_index,time_cycles
0,1818670
page_index,time_cycles
0,3442132
page_index,time_cycles
0,1304540
page_index,time_cycles
0,3650076
page_index,time_cycles
0,3281114
page_index,time_cycles
0,3394898
page_index,time_cycles
0,1667002
page_index,time_cycles
0,1677828
page_index,time_cycles
0,3382772
page_index,time_cycles
0,2148626
page_index,time_cycles
0,1154202
page_index,time_cycles
0,1167238
page_index,time_cycles
0,3616310
page_index,time_cycles
0,1204018
page_index,time_cycles
0,2069106
page_index,time_cycles
0,1494516
page_index,time_cycles
0,3337636
page_index,time_cycles
0,1506534
page_index,time_cycles
0,1394008
page_index,time_cycles
0,1224176
page_index,time_cycles
0,2821716
page_index,time_cycles
0,2121166
page_index,time_cycles
0,3501914
page_index,time_cycles
0,1147434
page_index,time_cycles
0,2436364
page_index,time_cycles
0,1669168
page_index,time_cycles
0,1232658
page_index,time_cycles
0,2007232
page_index,time_cycles
0,3360104
page_index,time_cycles
0,3518508
page_index,time_cycles
0,1155150
page_index,time_cycles
0,1217712
page_index,time_cycles
0,3524356
page_index,time_cycles
0,1151080
page_index,time_cycles
0,1246050
page_index,time_cycles
0,1133824
page_index,time_cycles
0,1638916
page_index,time_cycles
0,3384196
page_index,time_cycles
0,2590130
page_index,time_cycles
0,1619682
page_index,time_cycles
0,3366540
page_index,time_cycles
0,1262498
page_index,time_cycles
0,1141290
page_index,time_cycles
0,1427510
page_index,time_cycles
0,1330220
page_index,time_cycles
0,1215706
page_index,time_cycles
0,1356662
page_index,time_cycles
0,1151720
page_index,time_cycles
0,1623868
page_index,time_cycles
0,1457010
page_index,time_cycles
0,1145656
page_index,time_cycles
0,1159000
page_index,time_cycles
0,1420180
page_index,time_cycles
0,1966050
page_index,time_cycles
0,1229764
page_index,time_cycles
0,3457784
page_index,time_cycles
0,1127112
page_index,time_cycles
0,2974336
page_index,time_cycles
0,1396620
page_index,time_cycles
0,1764008
page_index,time_cycles
0,1120704
page_index,time_cycles
0,1405320
page_index,time_cycles
0,2139640
page_index,time_cycles
0,1266448
page_index,time_cycles
0,2979164
page_index,time_cycles
0,1161656
page_index,time_cycles
0,1269774
page_index,time_cycles
0,1548570
page_index,time_cycles
0,3201346
page_index,time_cycles
0,1117660
page_index,time_cycles
0,3238508
page_index,time_cycles
0,3281828
page_index,time_cycles
0,1157470
page_index,time_cycles
0,1111178
page_index,time_cycles
0,3480272
page_index,time_cycles
0,3729592
page_index,time_cycles
0,1142114
page_index,time_cycles
0,3012250
page_index,time_cycles
0,1781860
page_index,time_cycles
0,1538660
page_index,time_cycles
0,1178856
page_index,time_cycles
0,2991400
page_index,time_cycles
0,1912106
page_index,time_cycles
0,3434730
page_index,time_cycles
0,1148318
page_index,time_cycles
0,1166986
page_index,time_cycles
0,1274168
page_index,time_cycles
0,3996112
page_index,time_cycles
0,2948584
page_index,time_cycles
0,1897826
page_index,time_cycles
0,1167776
page_index,time_cycles
0,1135062
page_index,time_cycles
0,1788880
page_index,time_cycles
0,1565306
page_index,time_cycles
0,1128254
page_index,time_cycles
0,1165386
page_index,time_cycles
0,3463320
page_index,time_cycles
0,1208776
page_index,time_cycles
0,1294480
page_index,time_cycles
0,1712054
page_index,time_cycles
0,1133442
page_index,time_cycles
0,1121022
page_index,time_cycles
0,3190118
page_index,time_cycles
0,3160396
page_index,time_cycles
0,1899516
page_index,time_cycles
0,2288334
page_index,time_cycles
0,1164930
page_index,time_cycles
0,1512874
page_index,time_cycles
0,1311834
page_index,time_cycles
0,1373366
page_index,time_cycles
0,1214212
page_index,time_cycles
0,1477184
page_index,time_cycles
0,1888586
page_index,time_cycles
0,1297728
page_index,time_cycles
0,1623798
page_index,time_cycles
0,2968570
page_index,time_cycles
0,1142128
page_index,time_cycles
0,1244910
page_index,time_cycles
0,2003804
page_index,time_cycles
0,2936698
page_index,time_cycles
0,1166052
page_index,time_cycles
0,3303914
page_index,time_cycles
0,1577832
page_index,time_cycles
0,1400010
page_index,time_cycles
0,3954016
page_index,time_cycles
0,3315576
page_index,time_cycles
0,3313878
page_index,time_cycles
0,1151696
page_index,time_cycles
0,1197082
page_index,time_cycles
0,3229964
page_index,time_cycles
0,1799488
page_index,time_cycles
0,3551050
page_index,time_cycles
0,1513444
page_index,time_cycles
0,1646666
page_index,time_cycles
0,3565448
page_index,time_cycles
0,3475786
page_index,time_cycles
0,2681354
page_index,time_cycles
0,2464648
page_index,time_cycles
0,1360898
page_index,time_cycles
0,1212218
page_index,time_cycles
0,3207794
page_index,time_cycles
0,1731104
page_index,time_cycles
0,2387196
page_index,time_cycles
0,1628256
page_index,time_cycles
0,1335650
page_index,time_cycles
0,4159948
page_index,time_cycles
0,3166436
page_index,time_cycles
0,1166562
page_index,time_cycles
0,1607658
page_index,time_cycles
0,3949506
page_index,time_cycles
0,2763674
page_index,time_cycles
0,1419912
page_index,time_cycles
0,1578888
page_index,time_cycles
0,1440112
page_index,time_cycles
0,1150194
page_index,time_cycles
0,1582978
page_index,time_cycles
0,3953328
page_index,time_cycles
0,1189472
page_index,time_cycles
0,3393110
page_index,time_cycles
0,1454102
page_index,time_cycles
0,1316464
page_index,time_cycles
0,3234774
page_index,time_cycles
0,1126268
page_index,time_cycles
0,1452328
page_index,time_cycles
0,1288492
page_index,time_cycles
0,1556960
page_index,time_cycles
0,1591072
page_index,time_cycles
0,1210334
page_index,time_cycles
0,1720152
page_index,time_cycles
0,1143416
page_index,time_cycles
0,1438352
page_index,time_cycles
0,2953302
page_index,time_cycles
0,1491160
page_index,time_cycles
0,1203990
page_index,time_cycles
0,2145480
page_index,time_cycles
0,1343324
page_index,time_cycles
0,2803020
page_index,time_cycles
0,1692168
page_index,time_cycles
0,3084916
page_index,time_cycles
0,1643630
page_index,time_cycles
0,2996190
page_index,time_cycles
0,2874266
page_index,time_cycles
0,3430120
page_index,time_cycles
0,2072256
page_index,time_cycles
0,2432254
page_index,time_cycles
0,3300500
page_index,time_cycles
0,1337444
page_index,time_cycles
0,3320776
page_index,time_cycles
0,1295948
page_index,time_cycles
0,1248006
page_index,time_cycles
0,1198226
page_index,time_cycles
0,1679408
page_index,time_cycles
0,3565108
page_index,time_cycles
0,3149836
page_index,time_cycles
0,1772984
page_index,time_cycles
0,1779742
page_index,time_cycles
0,2752002
page_index,time_cycles
0,1107484
page_index,time_cycles
0,3412312
page_index,time_cycles
0,1219078
page_index,time_cycles
0,1819648
page_index,time_cycles
0,1791676
page_index,time_cycles
0,1127266
page_index,time_cycles
0,1314812
page_index,time_cycles
0,3386656
page_index,time_cycles
0,4256908
page_index,time_cycles
0,3015600
page_index,time_cycles
0,1243404
page_index,time_cycles
0,1518650
page_index,time_cycles
0,1146012
page_index,time_cycles
0,1742544
page_index,time_cycles
0,1397208
page_index,time_cycles
0,1256036
page_index,time_cycles
0,2973206
page_index,time_cycles
0,1656104
page_index,time_cycles
0,2379182
page_index,time_cycles
0,1372682
page_index,time_cycles
0,1587726
page_index,time_cycles
0,1301222
page_index,time_cycles
0,1197094
page_index,time_cycles
0,2980468
page_index,time_cycles
0,3217974
page_index,time_cycles
0,1193568
page_index,time_cycles
0,3586770
page_index,time_cycles
0,1276418
page_index,time_cycles
0,1650394
page_index,time_cycles
0,1125890
page_index,time_cycles
0,1148700
page_index,time_cycles
0,1440026
page_index,time_cycles
0,1328010
page_index,time_cycles
0,3060000
page_index,time_cycles
0,1463672
page_index,time_cycles
0,1584708
page_index,time_cycles
0,1131542
page_index,time_cycles
0,1233304
page_index,time_cycles
0,3498802
page_index,time_cycles
0,1148238
page_index,time_cycles
0,1303610
page_index,time_cycles
0,1313380
page_index,time_cycles
0,3755554
page_index,time_cycles
0,1152990
page_index,time_cycles
0,1495160
page_index,time_cycles
0,3520136
page_index,time_cycles
0,2398208
page_index,time_cycles
0,1241564
page_index,time_cycles
0,1387418
page_index,time_cycles
0,2105522
page_index,time_cycles
0,3173626
page_index,time_cycles
0,3744414
page_index,time_cycles
0,1255104
page_index,time_cycles
0,1171640
page_index,time_cycles
0,1204986
page_index,time_cycles
0,1213636
page_index,time_cycles
0,1105248
page_index,time_cycles
0,1591998
page_index,time_cycles
0,1748454
page_index,time_cycles
0,1555716
page_index,time_cycles
0,2573730
page_index,time_cycles
0,3126820
page_index,time_cycles
0,1233256
page_index,time_cycles
0,1181248
page_index,time_cycles
0,1151054
page_index,time_cycles
0,1875010
page_index,time_cycles
0,1134898
page_index,time_cycles
0,2853470
page_index,time_cycles
0,1593704
page_index,time_cycles
0,1168860
page_index,time_cycles
0,3177464
page_index,time_cycles
0,1256212
page_index,time_cycles
0,1161786
page_index,time_cycles
0,1255104
page_index,time_cycles
0,1210902
page_index,time_cycles
0,1160810
page_index,time_cycles
0,2121692
page_index,time_cycles
0,1148432
page_index,time_cycles
0,2738324
page_index,time_cycles
0,1125748
page_index,time_cycles
0,1882490
page_index,time_cycles
0,3356016
page_index,time_cycles
0,1199374
page_index,time_cycles
0,1337048
page_index,time_cycles
0,2586122
page_index,time_cycles
0,3849278
page_index,time_cycles
0,1199644
page_index,time_cycles
0,3166972
page_index,time_cycles
0,1733024
page_index,time_cycles
0,3172090
page_index,time_cycles
0,1220096
page_index,time_cycles
0,3722638
page_index,time_cycles
0,1158936
page_index,time_cycles
0,1982316
page_index,time_cycles
0,1552598
page_index,time_cycles
0,2198498
page_index,time_cycles
0,1249526
page_index,time_cycles
0,2880750
page_index,time_cycles
0,4176492
page_index,time_cycles
0,1131048
page_index,time_cycles
0,3293758
page_index,time_cycles
0,3446446
page_index,time_cycles
0,1155506
page_index,time_cycles
0,1157340
page_index,time_cycles
0,1529678
page_index,time_cycles
0,1402232
page_index,time_cycles
0,1130384
page_index,time_cycles
0,1207786
page_index,time_cycles
0,1576534
page_index,time_cycles
0,3392160
page_index,time_cycles
0,1312788
page_index,time_cycles
0,1266708
page_index,time_cycles
0,1316304
page_index,time_cycles
0,3032256
page_index,time_cycles
0,3153396
page_index,time_cycles
0,1504256
page_index,time_cycles
0,1225674
page_index,time_cycles
0,1235104
page_index,time_cycles
0,4019714
page_index,time_cycles
0,3345156
page_index,time_cycles
0,3597446
page_index,time_cycles
0,1132486
page_index,time_cycles
0,1256344
page_index,time_cycles
0,1226806
page_index,time_cycles
0,2249576
page_index,time_cycles
0,1162466
page_index,time_cycles
0,1172222
page_index,time_cycles
0,1162554
page_index,time_cycles
0,1347934
page_index,time_cycles
0,1144676
page_index,time_cycles
0,3230728
page_index,time_cycles
0,1171704
page_index,time_cycles
0,1583256
page_index,time_cycles
0,1400116
page_index,time_cycles
0,1143660
page_index,time_cycles
0,1241096
page_index,time_cycles
0,2168338
page_index,time_cycles
0,1152996
page_index,time_cycles
0,3077400
page_index,time_cycles
0,1164192
page_index,time_cycles
0,1190670
page_index,time_cycles
0,1095058
page_index,time_cycles
0,1139018
page_index,time_cycles
0,1210724
page_index,time_cycles
0,2777886
page_index,time_cycles
0,1788374
page_index,time_cycles
0,3373936
page_index,time_cycles
0,1234266
page_index,time_cycles
0,2840384
page_index,time_cycles
0,1217442
page_index,time_cycles
0,1497372
page_index,time_cycles
0,1315622
page_index,time_cycles
0,1229340
page_index,time_cycles
0,3281814
page_index,time_cycles
0,1516680
page_index,time_cycles
0,1636564
page_index,time_cycles
0,1238086
page_index,time_cycles
0,2294754
page_index,time_cycles
0,1235172
page_index,time_cycles
0,1815230
page_index,time_cycles
0,3163592
page_index,time_cycles
0,1136798
page_index,time_cycles
0,2969858
page_index,time_cycles
0,1984480
page_index,time_cycles
0,3594454
page_index,time_cycles
0,1147530
page_index,time_cycles
0,1114174
page_index,time_cycles
0,1138356
page_index,time_cycles
0,2866476
page_index,time_cycles
0,1398204
page_index,time_cycles
0,1663776
page_index,time_cycles
0,3377220
page_index,time_cycles
0,1363524
page_index,time_cycles
0,1246518
page_index,time_cycles
0,3464724
page_index,time_cycles
0,1414840
page_index,time_cycles
0,1616642
page_index,time_cycles
0,1858336
page_index,time_cycles
0,3295138
page_index,time_cycles
0,1644474
page_index,time_cycles
0,1178110
page_index,time_cycles
0,1144168
page_index,time_cycles
0,1136796
page_index,time_cycles
0,1538194
page_index,time_cycles
0,1142232
page_index,time_cycles
0,1630544
page_index,time_cycles
0,1416470
page_index,time_cycles
0,2687100
page_index,time_cycles
0,2118224
page_index,time_cycles
0,1534476
page_index,time_cycles
0,3071052
page_index,time_cycles
0,3227588
page_index,time_cycles
0,2887012
page_index,time_cycles
0,2747520
page_index,time_cycles
0,1184022
page_index,time_cycles
0,2001182
page_index,time_cycles
0,3333660
page_index,time_cycles
0,1233808
page_index,time_cycles
0,1560304
page_index,time_cycles
0,3781196
page_index,time_cycles
0,1483462
page_index,time_cycles
0,3653022
page_index,time_cycles
0,1132574
page_index,time_cycles
0,1304990
page_index,time_cycles
0,1135038
page_index,time_cycles
0,2354288
page_index,time_cycles
0,3065042
page_index,time_cycles
0,1137648
page_index,time_cycles
0,1776048
page_index,time_cycles
0,1302304
page_index,time_cycles
0,1108634
page_index,time_cycles
0,1211740
page_index,time_cycles
0,2223418
page_index,time_cycles
0,1995404
page_index,time_cycles
0,1174618
page_index,time_cycles
0,3719436
page_index,time_cycles
0,1527944
page_index,time_cycles
0,1442952
page_index,time_cycles
0,1326350
page_index,time_cycles
0,2773388
page_index,time_cycles
0,1187934
page_index,time_cycles
0,3444540
page_index,time_cycles
0,2596254
page_index,time_cycles
0,3811830
page_index,time_cycles
0,1133786
page_index,time_cycles
0,1830530
page_index,time_cycles
0,1172736
page_index,time_cycles
0,1124948
page_index,time_cycles
0,3652776
page_index,time_cycles
0,2694328
page_index,time_cycles
0,2037862
page_index,time_cycles
0,3686516
page_index,time_cycles
0,1127332
page_index,time_cycles
0,1491022
page_index,time_cycles
0,2145858
page_index,time_cycles
0,1549082
page_index,time_cycles
0,1122476
page_index,time_cycles
0,2067562
page_index,time_cycles
0,1357526
page_index,time_cycles
0,3020044
page_index,time_cycles
0,1880944
page_index,time_cycles
0,1313646
page_index,time_cycles
0,1139264
page_index,time_cycles
0,3362512
page_index,time_cycles
0,1407324
page_index,time_cycles
0,1181588
page_index,time_cycles
0,1385154
page_index,time_cycles
0,3657080
page_index,time_cycles
0,3430488
page_index,time_cycles
0,3415698
page_index,time_cycles
0,1603908
page_index,time_cycles
0,1609052
page_index,time_cycles
0,3112464
page_index,time_cycles
0,1787408
page_index,time_cycles
0,1224700
page_index,time_cycles
0,1172528
page_index,time_cycles
0,1315670
page_index,time_cycles
0,3474100
page_index,time_cycles
0,3534486
page_index,time_cycles
0,1179872
page_index,time_cycles
0,3037848
page_index,time_cycles
0,1132164
page_index,time_cycles
0,3330908
page_index,time_cycles
0,1152012
page_index,time_cycles
0,1500930
page_index,time_cycles
0,3185600
page_index,time_cycles
0,1449356
page_index,time_cycles
0,1172160
page_index,time_cycles
0,1164832
page_index,time_cycles
0,1136056
page_index,time_cycles
0,1414508
page_index,time_cycles
0,3194728
page_index,time_cycles
0,1234324
page_index,time_cycles
0,3989260
page_index,time_cycles
0,1268744
page_index,time_cycles
0,1118240
page_index,time_cycles
0,1156132
page_index,time_cycles
0,1166536
page_index,time_cycles
0,2095300
page_index,time_cycles
0,1176618
page_index,time_cycles
0,1183584
page_index,time_cycles
0,1533550
page_index,time_cycles
0,3279446
page_index,time_cycles
0,1308360
page_index,time_cycles
0,1154378
page_index,time_cycles
0,3189370
page_index,time_cycles
0,1566398
page_index,time_cycles
0,1771660
page_index,time_cycles
0,1189614
page_index,time_cycles
0,1299826
page_index,time_cycles
0,3593892
page_index,time_cycles
0,1242846
page_index,time_cycles
0,1467424
page_index,time_cycles
0,1708138
page_index,time_cycles
0,1473320
page_index,time_cycles
0,1254470
page_index,time_cycles
0,1800242
page_index,time_cycles
0,1163226
page_index,time_cycles
0,1178472
page_index,time_cycles
0,1563624
page_index,time_cycles
0,1127060
page_index,time_cycles
0,2907928
page_index,time_cycles
0,2898114
page_index,time_cycles
0,1434766
page_index,time_cycles
0,2146194
page_index,time_cycles
0,1881180
page_index,time_cycles
0,2311594
page_index,time_cycles
0,1829116
page_index,time_cycles
0,1159668
page_index,time_cycles
0,3395710
page_index,time_cycles
0,1238946
page_index,time_cycles
0,1244454
page_index,time_cycles
0,3463780
page_index,time_cycles
0,1493604
page_index,time_cycles
0,3546102
page_index,time_cycles
0,1124758
page_index,time_cycles
0,3123034
page_index,time_cycles
0,1214846
page_index,time_cycles
0,1954132
page_index,time_cycles
0,2489898
page_index,time_cycles
0,3516450
page_index,time_cycles
0,3119646
page_index,time_cycles
0,3184706
page_index,time_cycles
0,1429716
page_index,time_cycles
0,1965866
page_index,time_cycles
0,1905840
page_index,time_cycles
0,1167120
page_index,time_cycles
0,1493220
page_index,time_cycles
0,1197326
page_index,time_cycles
0,3356210
page_index,time_cycles
0,1828522
page_index,time_cycles
0,1135986
page_index,time_cycles
0,1142936
page_index,time_cycles
0,1163958
page_index,time_cycles
0,1219592
page_index,time_cycles
0,3428770
page_index,time_cycles
0,1272994
page_index,time_cycles
0,3442528
page_index,time_cycles
0,3197474
page_index,time_cycles
0,1233296
page_index,time_cycles
0,1985298
page_index,time_cycles
0,1297502
page_index,time_cycles
0,1171248
page_index,time_cycles
0,1561110
page_index,time_cycles
0,4046300
page_index,time_cycles
0,3183768
page_index,time_cycles
0,1200100
page_index,time_cycles
0,3152926
page_index,time_cycles
0,1639830
page_index,time_cycles
0,1318904
page_index,time_cycles
0,3338998
page_index,time_cycles
0,1169914
page_index,time_cycles
0,3445646
page_index,time_cycles
0,3518436
page_index,time_cycles
0,3679456
page_index,time_cycles
0,2988930
page_index,time_cycles
0,3569550
page_index,time_cycles
0,1396870
page_index,time_cycles
0,1676738
page_index,time_cycles
0,1738068
page_index,time_cycles
0,2174708
page_index,time_cycles
0,3658348
page_index,time_cycles
0,3371800
page_index,time_cycles
0,4049060
page_index,time_cycles
0,1571272
page_index,time_cycles
0,3963638
page_index,time_cycles
0,1130750
page_index,time_cycles
0,2448306
page_index,time_cycles
0,1160434
page_index,time_cycles
0,1808222
page_index,time_cycles
0,1172390
page_index,time_cycles
0,3500412
page_index,time_cycles
0,1229746
page_index,time_cycles
0,1496458
page_index,time_cycles
0,3359978
page_index,time_cycles
0,1379478
page_index,time_cycles
0,3569446
page_index,time_cycles
0,1188644
page_index,time_cycles
0,1131138
page_index,time_cycles
0,1143932
page_index,time_cycles
0,1230030
page_index,time_cycles
0,1437500
page_index,time_cycles
0,1678132
page_index,time_cycles
0,3537684
page_index,time_cycles
0,1887074
page_index,time_cycles
0,3410290
page_index,time_cycles
0,1140902
page_index,time_cycles
0,2197486
page_index,time_cycles
0,3353390
page_index,time_cycles
0,1161056
page_index,time_cycles
0,1534670
page_index,time_cycles
0,1220180
page_index,time_cycles
0,1690064
page_index,time_cycles
0,1810364
page_index,time_cycles
0,3480846
page_index,time_cycles
0,1287020
page_index,time_cycles
0,3172754
page_index,time_cycles
0,1473130
page_index,time_cycles
0,1156076
page_index,time_cycles
0,1123752
page_index,time_cycles
0,1157954
page_index,time_cycles
0,2196500
page_index,time_cycles
0,2916740
page_index,time_cycles
0,1688762
page_index,time_cycles
0,1228376
page_index,time_cycles
0,1645466
page_index,time_cycles
0,1109072
page_index,time_cycles
0,1147134
page_index,time_cycles
0,1210984
page_index,time_cycles
0,1573970
page_index,time_cycles
0,1593306
page_index,time_cycles
0,2447482
page_index,time_cycles
0,1239012
page_index,time_cycles
0,1245944
page_index,time_cycles
0,1190554
page_index,time_cycles
0,1267140
page_index,time_cycles
0,1575796
page_index,time_cycles
0,1690090
page_index,time_cycles
0,3190532
page_index,time_cycles
0,1686704
page_index,time_cycles
0,3339044
page_index,time_cycles
0,1331294
page_index,time_cycles
0,2001212
page_index,time_cycles
0,1823040
page_index,time_cycles
0,1246060
page_index,time_cycles
0,1552334
page_index,time_cycles
0,2117708
page_index,time_cycles
0,1221558
page_index,time_cycles
0,3424042
page_index,time_cycles
0,1577642
page_index,time_cycles
0,2321206
page_index,time_cycles
0,3169688
page_index,time_cycles
0,3186576
page_index,time_cycles
0,2837630
page_index,time_cycles
0,1345958
page_index,time_cycles
0,1113298
page_index,time_cycles
0,1190280
page_index,time_cycles
0,3652308
page_index,time_cycles
0,1345346
page_index,time_cycles
0,3308718
page_index,time_cycles
0,1571390
page_index,time_cycles
0,2062822
page_index,time_cycles
0,1238180
page_index,time_cycles
0,2939060
page_index,time_cycles
0,1226324
page_index,time_cycles
0,1172484
page_index,time_cycles
0,1107480
page_index,time_cycles
0,1435754
page_index,time_cycles
0,1540084
page_index,time_cycles
0,3461416
page_index,time_cycles
0,1171352
page_index,time_cycles
0,1145152
page_index,time_cycles
0,1158094
page_index,time_cycles
0,3524680
page_index,time_cycles
0,1749964
page_index,time_cycles
0,1734888
page_index,time_cycles
0,3218488
page_index,time_cycles
0,1457070
page_index,time_cycles
0,1924820
page_index,time_cycles
0,3046620
page_index,time_cycles
0,2712570
page_index,time_cycles
0,1354170
page_index,time_cycles
0,1168956
page_index,time_cycles
0,3129292
page_index,time_cycles
0,1517548
page_index,time_cycles
0,1129518
page_index,time_cycles
0,3295060
page_index,time_cycles
0,1597350
page_index,time_cycles
0,1429068
page_index,time_cycles
0,1117320
page_index,time_cycles
0,1681352
page_index,time_cycles
0,1514642
page_index,time_cycles
0,1191130
page_index,time_cycles
0,1120016
page_index,time_cycles
0,1166944
page_index,time_cycles
0,1160146
page_index,time_cycles
0,1140616
page_index,time_cycles
0,1311064
page_index,time_cycles
0,1195284
page_index,time_cycles
0,2334340
page_index,time_cycles
0,3155492
page_index,time_cycles
0,3545884
page_index,time_cycles
0,2990764
page_index,time_cycles
0,1377278
page_index,time_cycles
0,1344000
page_index,time_cycles
0,1410890
page_index,time_cycles
0,1269182
page_index,time_cycles
0,1283290
page_index,time_cycles
0,3652764
page_index,time_cycles
0,3060028
page_index,time_cycles
0,3441214
page_index,time_cycles
0,2009968
page_index,time_cycles
0,3180920
page_index,time_cycles
0,1433514
page_index,time_cycles
0,3360942
page_index,time_cycles
0,1114170
page_index,time_cycles
0,1440100
page_index,time_cycles
0,1194578
page_index,time_cycles
0,1126028
page_index,time_cycles
0,1199914
page_index,time_cycles
0,1246226
page_index,time_cycles
0,1448942
page_index,time_cycles
0,1163672
page_index,time_cycles
0,1684188
page_index,time_cycles
0,3379702
page_index,time_cycles
0,1608394
page_index,time_cycles
0,1148328
page_index,time_cycles
0,2885920
page_index,time_cycles
0,1224152
page_index,time_cycles
0,1256014
page_index,time_cycles
0,3569004
page_index,time_cycles
0,1260438
page_index,time_cycles
0,3444976
page_index,time_cycles
0,3403822
page_index,time_cycles
0,1460096
page_index,time_cycles
0,3475108
page_index,time_cycles
0,1308364
page_index,time_cycles
0,2692954
page_index,time_cycles
0,1540486
page_index,time_cycles
0,3154828
page_index,time_cycles
0,1627562
page_index,time_cycles
0,3197260
page_index,time_cycles
0,2024728
page_index,time_cycles
0,1471498
page_index,time_cycles
0,1719130
page_index,time_cycles
0,3388102
page_index,time_cycles
0,1976012
page_index,time_cycles
0,2352800
page_index,time_cycles
0,1884606
page_index,time_cycles
0,3686448
page_index,time_cycles
0,1711762
page_index,time_cycles
0,1129098
page_index,time_cycles
0,1404436
page_index,time_cycles
0,3199546
page_index,time_cycles
0,1162310
page_index,time_cycles
0,1293786
page_index,time_cycles
0,3086602
page_index,time_cycles
0,1203748
page_index,time_cycles
0,1231448
page_index,time_cycles
0,1194300
page_index,time_cycles
0,1316678
page_index,time_cycles
0,1140476
page_index,time_cycles
0,1219020
page_index,time_cycles
0,3798296
page_index,time_cycles
0,1781214
page_index,time_cycles
0,1179056
page_index,time_cycles
0,1479758
page_index,time_cycles
0,1121870
page_index,time_cycles
0,1182272
page_index,time_cycles
0,1127578
page_index,time_cycles
0,1126066
page_index,time_cycles
0,3565158
page_index,time_cycles
0,3494096
page_index,time_cycles
0,3088446
page_index,time_cycles
0,3363772
page_index,time_cycles
0,1220318
page_index,time_cycles
0,1729230
page_index,time_cycles
0,3176512
page_index,time_cycles
0,3170530
page_index,time_cycles
0,3037988
page_index,time_cycles
0,3335732
page_index,time_cycles
0,2162320
page_index,time_cycles
0,1609696
page_index,time_cycles
0,1278990
page_index,time_cycles
0,2243124
page_index,time_cycles
0,1757506
page_index,time_cycles
0,2231322
page_index,time_cycles
0,2027302
page_index,time_cycles
0,1196118
page_index,time_cycles
0,4078606
page_index,time_cycles
0,2350284
page_index,time_cycles
0,1928926
page_index,time_cycles
0,1445556
page_index,time_cycles
0,1303742
page_index,time_cycles
0,1269492
page_index,time_cycles
0,1137534
page_index,time_cycles
0,3533264
page_index,time_cycles
0,1199990
page_index,time_cycles
0,1171080
page_index,time_cycles
0,1456396
page_index,time_cycles
0,1241164
page_index,time_cycles
0,3790706
page_index,time_cycles
0,1220670
page_index,time_cycles
0,3625720
page_index,time_cycles
0,1139668
page_index,time_cycles
0,2887914
page_index,time_cycles
0,3247010
page_index,time_cycles
0,1139518
page_index,time_cycles
0,3031094
page_index,time_cycles
0,2721270
page_index,time_cycles
0,1514222
page_index,time_cycles
0,1608638
page_index,time_cycles
0,1218564
page_index,time_cycles
0,1135324
page_index,time_cycles
0,1410408
page_index,time_cycles
0,1635486
page_index,time_cycles
0,1155026
page_index,time_cycles
0,1861568
page_index,time_cycles
0,4377304
page_index,time_cycles
0,1194510
page_index,time_cycles
0,1482586
page_index,time_cycles
0,1927970
page_index,time_cycles
0,3147288
page_index,time_cycles
0,1525416
page_index,time_cycles
0,2033946
page_index,time_cycles
0,3481014
page_index,time_cycles
0,3962196
page_index,time_cycles
0,3710374
page_index,time_cycles
0,1146998
page_index,time_cycles
0,2689612
page_index,time_cycles
0,2130598
page_index,time_cycles
0,1268828
page_index,time_cycles
0,1148090
page_index,time_cycles
0,1961358
page_index,time_cycles
0,1297502
page_index,time_cycles
0,1144688
page_index,time_cycles
0,1536094
page_index,time_cycles
0,1485132
page_index,time_cycles
0,2909630
page_index,time_cycles
0,1244006
page_index,time_cycles
0,2580428
page_index,time_cycles
0,3535788
page_index,time_cycles
0,1119950
page_index,time_cycles
0,1489800
page_index,time_cycles
0,1355038
page_index,time_cycles
0,4228282
page_index,time_cycles
0,1403672
page_index,time_cycles
0,1215792
page_index,time_cycles
0,1717916
page_index,time_cycles
0,3476500
page_index,time_cycles
0,4113740
page_index,time_cycles
0,1392614
page_index,time_cycles
0,1194258
page_index,time_cycles
0,1157944
page_index,time_cycles
0,1393982
page_index,time_cycles
0,1149248
page_index,time_cycles
0,1685198
page_index,time_cycles
0,1228140
page_index,time_cycles
0,3128402
page_index,time_cycles
0,3575232
page_index,time_cycles
0,1278414
page_index,time_cycles
0,1441404
page_index,time_cycles
0,1416116
page_index,time_cycles
0,1223888
page_index,time_cycles
0,1228058
page_index,time_cycles
0,1561988
page_index,time_cycles
0,3881712
page_index,time_cycles
0,1190368
page_index,time_cycles
0,3553748
page_index,time_cycles
0,1387568
page_index,time_cycles
0,1206906
page_index,time_cycles
0,1345196
page_index,time_cycles
0,1632964
page_index,time_cycles
0,3952650
page_index,time_cycles
0,1210854
page_index,time_cycles
0,1682756
page_index,time_cycles
0,2971728
page_index,time_cycles
0,1411054
page_index,time_cycles
0,1160958
page_index,time_cycles
0,3478760
page_index,time_cycles
0,4133466
page_index,time_cycles
0,2404114
page_index,time_cycles
0,2927848
page_index,time_cycles
0,1149402
page_index,time_cycles
0,1286322
page_index,time_cycles
0,1170298
page_index,time_cycles
0,2315836
page_index,time_cycles
0,3765680
page_index,time_cycles
0,3349986
page_index,time_cycles
0,1245784
page_index,time_cycles
0,1355792
page_index,time_cycles
0,1657134
page_index,time_cycles
0,1605942
page_index,time_cycles
0,1927770
page_index,time_cycles
0,1212372
page_index,time_cycles
0,1740332
page_index,time_cycles
0,1396762
page_index,time_cycles
0,1198760
page_index,time_cycles
0,2042986
page_index,time_cycles
0,1444194
page_index,time_cycles
0,1478556
page_index,time_cycles
0,2129818
page_index,time_cycles
0,1110396
page_index,time_cycles
0,3647474
page_index,time_cycles
0,1248320
page_index,time_cycles
0,1309316
page_index,time_cycles
0,4175352
page_index,time_cycles
0,3389328
page_index,time_cycles
0,1129948
page_index,time_cycles
0,1854568
page_index,time_cycles
0,1413560
page_index,time_cycles
0,1390646
page_index,time_cycles
0,2370048
page_index,time_cycles
0,1228138
page_index,time_cycles
0,1266984
page_index,time_cycles
0,3202898
page_index,time_cycles
0,3306480
page_index,time_cycles
0,3172446
page_index,time_cycles
0,2678580
page_index,time_cycles
0,1158814
page_index,time_cycles
0,1267884
page_index,time_cycles
0,3480634
page_index,time_cycles
0,3235636
page_index,time_cycles
0,1339426
page_index,time_cycles
0,1659116
page_index,time_cycles
0,3324130
page_index,time_cycles
0,1931520
page_index,time_cycles
0,3302984
page_index,time_cycles
0,1168212
page_index,time_cycles
0,3742624
page_index,time_cycles
0,2335108
page_index,time_cycles
0,1124082
page_index,time_cycles
0,2718674
page_index,time_cycles
0,2938858
page_index,time_cycles
0,3034566
page_index,time_cycles
0,1179186
page_index,time_cycles
0,3434666
page_index,time_cycles
0,2269450
page_index,time_cycles
0,3090496
page_index,time_cycles
0,1815862
page_index,time_cycles
0,1893274
page_index,time_cycles
0,1613318
page_index,time_cycles
0,1205096
page_index,time_cycles
0,2359796
page_index,time_cycles
0,2087554
page_index,time_cycles
0,1252776
page_index,time_cycles
0,1521554
page_index,time_cycles
0,1387714
page_index,time_cycles
0,3398294
page_index,time_cycles
0,1144930
page_index,time_cycles
0,1266024
page_index,time_cycles
0,3180336
page_index,time_cycles
0,1927842
page_index,time_cycles
0,3029122
page_index,time_cycles
0,1467778
page_index,time_cycles
0,1259382
page_index,time_cycles
0,3121592
page_index,time_cycles
0,1134774
page_index,time_cycles
0,1349188
page_index,time_cycles
0,1180714
page_index,time_cycles
0,1771724
page_index,time_cycles
0,1326748
page_index,time_cycles
0,1225742
page_index,time_cycles
0,1221388
page_index,time_cycles
0,1524040
page_index,time_cycles
0,1110742
page_index,time_cycles
0,1259112
page_index,time_cycles
0,4263406
page_index,time_cycles
0,1477742
page_index,time_cycles
0,2248008
page_index,time_cycles
0,2997916
page_index,time_cycles
0,1519590
page_index,time_cycles
0,1804218
page_index,time_cycles
0,1150704
page_index,time_cycles
0,1458388
page_index,time_cycles
0,3233570
page_index,time_cycles
0,1290034
page_index,time_cycles
0,1200768
page_index,time_cycles
0,3471456
page_index,time_cycles
0,1415364
page_index,time_cycles
0,1422732
page_index,time_cycles
0,3579770
page_index,time_cycles
0,1179078
page_index,time_cycles
0,1124416
page_index,time_cycles
0,1859910
page_index,time_cycles
0,1126940
page_index,time_cycles
0,1481600
page_index,time_cycles
0,1160620
page_index,time_cycles
0,3421172
page_index,time_cycles
0,1710806
page_index,time_cycles
0,1202554
page_index,time_cycles
0,1363334
page_index,time_cycles
0,3274368
page_index,time_cycles
0,1291080
page_index,time_cycles
0,1204258
page_index,time_cycles
0,1227226
page_index,time_cycles
0,3061806
page_index,time_cycles
0,3376346
page_index,time_cycles
0,1308990
page_index,time_cycles
0,1171640
page_index,time_cycles
0,1496434
page_index,time_cycles
0,1126140
page_index,time_cycles
0,1224090
page_index,time_cycles
0,3710108
page_index,time_cycles
0,1488930
page_index,time_cycles
0,1845678
page_index,time_cycles
0,1171198
page_index,time_cycles
0,1719858
page_index,time_cycles
0,3195252
page_index,time_cycles
0,1805646
page_index,time_cycles
0,1305626
page_index,time_cycles
0,1163086
page_index,time_cycles
0,1152826
page_index,time_cycles
0,2993494
page_index,time_cycles
0,1126582
page_index,time_cycles
0,4147830
page_index,time_cycles
0,3536524
page_index,time_cycles
0,1152438
page_index,time_cycles
0,1128554
page_index,time_cycles
0,1475604
page_index,time_cycles
0,1142474
page_index,time_cycles
0,1257802
page_index,time_cycles
0,3279060
page_index,time_cycles
0,1894056
page_index,time_cycles
0,1164694
page_index,time_cycles
0,3182782
page_index,time_cycles
0,1197548
page_index,time_cycles
0,3394980
page_index,time_cycles
0,1495666
page_index,time_cycles
0,1191624
page_index,time_cycles
0,2224582
page_index,time_cycles
0,1682968
page_index,time_cycles
0,3064774
page_index,time_cycles
0,4107446
page_index,time_cycles
0,1304648
page_index,time_cycles
0,4277366
page_index,time_cycles
0,1473394
page_index,time_cycles
0,2353050
page_index,time_cycles
0,3026236
page_index,time_cycles
0,3604928
page_index,time_cycles
0,1511472
page_index,time_cycles
0,1844018
page_index,time_cycles
0,1165058
page_index,time_cycles
0,2332472
page_index,time_cycles
0,2133450
page_index,time_cycles
0,1658682
page_index,time_cycles
0,1201938
page_index,time_cycles
0,1343732
page_index,time_cycles
0,1901010
page_index,time_cycles
0,1134228
page_index,time_cycles
0,1331674
page_index,time_cycles
0,3721356
page_index,time_cycles
0,1836574
page_index,time_cycles
0,1822730
page_index,time_cycles
0,2118866
page_index,time_cycles
0,2084670
page_index,time_cycles
0,3289370
page_index,time_cycles
0,2147042
page_index,time_cycles
0,2941256
page_index,time_cycles
0,1113940
page_index,time_cycles
0,2350548
page_index,time_cycles
0,1344256
page_index,time_cycles
0,1255636
page_index,time_cycles
0,1273352
page_index,time_cycles
0,2233954
page_index,time_cycles
0,1627090
page_index,time_cycles
0,3298090
page_index,time_cycles
0,1616558
page_index,time_cycles
0,3682120
page_index,time_cycles
0,3627340
page_index,time_cycles
0,4046788
page_index,time_cycles
0,3160180
page_index,time_cycles
0,1175550
page_index,time_cycles
0,1324604
page_index,time_cycles
0,1147084
page_index,time_cycles
0,1138550
page_index,time_cycles
0,1718590
page_index,time_cycles
0,1387164
page_index,time_cycles
0,2290130
page_index,time_cycles
0,1383648
page_index,time_cycles
0,2874358
page_index,time_cycles
0,1252944
page_index,time_cycles
0,1337524
page_index,time_cycles
0,2325780
page_index,time_cycles
0,1089516
page_index,time_cycles
0,1163598
page_index,time_cycles
0,1937242
page_index,time_cycles
0,3199816
page_index,time_cycles
0,1608260
page_index,time_cycles
0,3450808
page_index,time_cycles
0,1193552
page_index,time_cycles
0,1985322
page_index,time_cycles
0,1148492
page_index,time_cycles
0,1416674
page_index,time_cycles
0,1949154
page_index,time_cycles
0,1519466
page_index,time_cycles
0,1954552
page_index,time_cycles
0,1311564
page_index,time_cycles
0,1120270
page_index,time_cycles
0,1119242
page_index,time_cycles
0,2160880
page_index,time_cycles
0,3237758
page_index,time_cycles
0,3555958
page_index,time_cycles
0,1195648
page_index,time_cycles
0,2682454
page_index,time_cycles
0,1539242
page_index,time_cycles
0,2244148
page_index,time_cycles
0,1225412
page_index,time_cycles
0,1613974
page_index,time_cycles
0,3807382
page_index,time_cycles
0,1135688
page_index,time_cycles
0,2789370
page_index,time_cycles
0,1123996
page_index,time_cycles
0,1145344
page_index,time_cycles
0,1548698
page_index,time_cycles
0,1198896
page_index,time_cycles
0,3449770
page_index,time_cycles
0,1311760
page_index,time_cycles
0,1113630
page_index,time_cycles
0,3351074
page_index,time_cycles
0,3449440
page_index,time_cycles
0,1155196
page_index,time_cycles
0,3395120
page_index,time_cycles
0,2442972
page_index,time_cycles
0,2435224
page_index,time_cycles
0,3231132
page_index,time_cycles
0,4231602
page_index,time_cycles
0,2305496
page_index,time_cycles
0,3045984
page_index,time_cycles
0,1672716
page_index,time_cycles
0,3770880
page_index,time_cycles
0,1904994
page_index,time_cycles
0,2599766
page_index,time_cycles
0,1299164
page_index,time_cycles
0,1139906
page_index,time_cycles
0,3410050
page_index,time_cycles
0,1810092
page_index,time_cycles
0,1229888
page_index,time_cycles
0,1934706
page_index,time_cycles
0,2315292
page_index,time_cycles
0,1796184
page_index,time_cycles
0,1437392
page_index,time_cycles
0,3385846
page_index,time_cycles
0,3598420
page_index,time_cycles
0,1302972
page_index,time_cycles
0,1130696
page_index,time_cycles
0,1219388
page_index,time_cycles
0,2252824
page_index,time_cycles
0,3616040
page_index,time_cycles
0,1971678
page_index,time_cycles
0,1257370
page_index,time_cycles
0,1243970
page_index,time_cycles
0,3520438
page_index,time_cycles
0,3066876
page_index,time_cycles
0,1117154
page_index,time_cycles
0,2880694
page_index,time_cycles
0,1204994
page_index,time_cycles
0,1220500
page_index,time_cycles
0,3446394
page_index,time_cycles
0,3356596
page_index,time_cycles
0,1802568
page_index,time_cycles
0,3336896
page_index,time_cycles
0,1209574
page_index,time_cycles
0,3707408
page_index,time_cycles
0,2707376
page_index,time_cycles
0,3215290
page_index,time_cycles
0,3179146
page_index,time_cycles
0,3397248
page_index,time_cycles
0,1159782
page_index,time_cycles
0,2953696
page_index,time_cycles
0,1252966
page_index,time_cycles
0,1316428
page_index,time_cycles
0,1129428
page_index,time_cycles
0,1302868
page_index,time_cycles
0,1959520
page_index,time_cycles
0,1434278
page_index,time_cycles
0,3285962
page_index,time_cycles
0,1629326
page_index,time_cycles
0,3672080
page_index,time_cycles
0,1564046
page_index,time_cycles
0,1275190
page_index,time_cycles
0,1160868
page_index,time_cycles
0,1737934
page_index,time_cycles
0,1155198
page_index,time_cycles
0,1800644
page_index,time_cycles
0,1427840
page_index,time_cycles
0,1189622
page_index,time_cycles
0,3024512
page_index,time_cycles
0,1438174
page_index,time_cycles
0,1144790
page_index,time_cycles
0,2020690
page_index,time_cycles
0,3378134
page_index,time_cycles
0,3013586
page_index,time_cycles
0,2089290
page_index,time_cycles
0,1226746
page_index,time_cycles
0,2776012
page_index,time_cycles
0,3978220
page_index,time_cycles
0,1232252
page_index,time_cycles
0,3425960
page_index,time_cycles
0,1296776
page_index,time_cycles
0,1278436
page_index,time_cycles
0,1217682
page_index,time_cycles
0,1811390
page_index,time_cycles
0,2589746
page_index,time_cycles
0,1126600
page_index,time_cycles
0,3293844
page_index,time_cycles
0,3371156
page_index,time_cycles
0,1402688
page_index,time_cycles
0,1632404
page_index,time_cycles
0,1168078
page_index,time_cycles
0,1224834
page_index,time_cycles
0,1268736
page_index,time_cycles
0,1238364
page_index,time_cycles
0,2122082
page_index,time_cycles
0,1822372
page_index,time_cycles
0,2366642
page_index,time_cycles
0,1786568
page_index,time_cycles
0,2346010
page_index,time_cycles
0,1892612
page_index,time_cycles
0,3465272
page_index,time_cycles
0,3145792
page_index,time_cycles
0,3177930
page_index,time_cycles
0,1561266
page_index,time_cycles
0,1211136
page_index,time_cycles
0,1287458
page_index,time_cycles
0,2176992
page_index,time_cycles
0,3198356
page_index,time_cycles
0,3565178
page_index,time_cycles
0,1520996
page_index,time_cycles
0,2194622
page_index,time_cycles
0,1177494
page_index,time_cycles
0,1177584
page_index,time_cycles
0,2109678
page_index,time_cycles
0,1149094
page_index,time_cycles
0,3313718
page_index,time_cycles
0,3285080
page_index,time_cycles
0,2849024
page_index,time_cycles
0,2928068
page_index,time_cycles
0,1372684
page_index,time_cycles
0,3290468
page_index,time_cycles
0,1169066
page_index,time_cycles
0,1207142
page_index,time_cycles
0,1551376
page_index,time_cycles
0,1658736
page_index,time_cycles
0,2296998
page_index,time_cycles
0,1402664
page_index,time_cycles
0,1142328
page_index,time_cycles
0,1210564
page_index,time_cycles
0,1430782
page_index,time_cycles
0,1507882
page_index,time_cycles
0,1654702
page_index,time_cycles
0,3890552
page_index,time_cycles
0,1129300
page_index,time_cycles
0,2904596
page_index,time_cycles
0,1450802
page_index,time_cycles
0,2765844
page_index,time_cycles
0,1357418
page_index,time_cycles
0,4641582
page_index,time_cycles
0,1416376
page_index,time_cycles
0,1169238
page_index,time_cycles
0,2867176
page_index,time_cycles
0,1612206
page_index,time_cycles
0,1215088
page_index,time_cycles
0,1475868
page_index,time_cycles
0,3208050
page_index,time_cycles
0,2492550
page_index,time_cycles
0,1162716
page_index,time_cycles
0,1633762
page_index,time_cycles
0,1321404
page_index,time_cycles
0,1203978
page_index,time_cycles
0,1196500
page_index,time_cycles
0,2800736
page_index,time_cycles
0,1289648
page_index,time_cycles
0,1181282
page_index,time_cycles
0,1158172
page_index,time_cycles
0,3476672
page_index,time_cycles
0,1984348
page_index,time_cycles
0,1668662
page_index,time_cycles
0,1725234
page_index,time_cycles
0,1825292
page_index,time_cycles
0,3385856
page_index,time_cycles
0,1106784
page_index,time_cycles
0,3682912
page_index,time_cycles
0,1518020
page_index,time_cycles
0,1663954
page_index,time_cycles
0,3772380
page_index,time_cycles
0,2998924
page_index,time_cycles
0,1161322
page_index,time_cycles
0,3337718
page_index,time_cycles
0,1194360
page_index,time_cycles
0,1132940
page_index,time_cycles
0,1120748
page_index,time_cycles
0,3215646
page_index,time_cycles
0,1425040
page_index,time_cycles
0,3206474
page_index,time_cycles
0,1151956
page_index,time_cycles
0,4074310
page_index,time_cycles
0,1132760
page_index,time_cycles
0,3076196
page_index,time_cycles
0,1683040
page_index,time_cycles
0,3346738
page_index,time_cycles
0,1142370
page_index,time_cycles
0,1356974
page_index,time_cycles
0,2667970
page_index,time_cycles
0,1247646
page_index,time_cycles
0,1178166
page_index,time_cycles
0,1227130
page_index,time_cycles
0,1286650
page_index,time_cycles
0,1217876
page_index,time_cycles
0,1369598
page_index,time_cycles
0,1329446
page_index,time_cycles
0,3387030
page_index,time_cycles
0,1121888
page_index,time_cycles
0,2740250
page_index,time_cycles
0,2142550
page_index,time_cycles
0,1744978
page_index,time_cycles
0,2558830
page_index,time_cycles
0,2990076
page_index,time_cycles
0,1249492
page_index,time_cycles
0,2409784
page_index,time_cycles
0,2380218
page_index,time_cycles
0,1473878
page_index,time_cycles
0,2042802
page_index,time_cycles
0,1132536
page_index,time_cycles
0,1318762
page_index,time_cycles
0,1617700
page_index,time_cycles
0,1167456
page_index,time_cycles
0,1696972
page_index,time_cycles
0,3579472
page_index,time_cycles
0,1189464
page_index,time_cycles
0,1376940
page_index,time_cycles
0,1213360
page_index,time_cycles
0,1145766
page_index,time_cycles
0,1175540
page_index,time_cycles
0,1822190
page_index,time_cycles
0,2211232
page_index,time_cycles
0,1652340
page_index,time_cycles
0,1208372
page_index,time_cycles
0,5004936
page_index,time_cycles
0,1120734
page_index,time_cycles
0,3619522
page_index,time_cycles
0,1246876
page_index,time_cycles
0,1235332
page_index,time_cycles
0,1331548
page_index,time_cycles
0,1174536
page_index,time_cycles
0,2923940
page_index,time_cycles
0,2714778
page_index,time_cycles
0,1609270
page_index,time_cycles
0,1857670
page_index,time_cycles
0,1376022
page_index,time_cycles
0,1168344
page_index,time_cycles
0,1616748
page_index,time_cycles
0,1210286
page_index,time_cycles
0,1139656
page_index,time_cycles
0,3499624
page_index,time_cycles
0,1340414
page_index,time_cycles
0,1222208
page_index,time_cycles
0,2248342
page_index,time_cycles
0,1160544
page_index,time_cycles
0,1191976
page_index,time_cycles
0,1303328
page_index,time_cycles
0,2980502
page_index,time_cycles
0,1487554
page_index,time_cycles
0,1461016
page_index,time_cycles
0,1833012
page_index,time_cycles
0,1228474
page_index,time_cycles
0,3129668
page_index,time_cycles
0,1485764
page_index,time_cycles
0,1162948
page_index,time_cycles
0,2806732
page_index,time_cycles
0,3251608
page_index,time_cycles
0,1181368
page_index,time_cycles
0,1734440
page_index,time_cycles
0,1220984
page_index,time_cycles
0,2091084
page_index,time_cycles
0,1394396
page_index,time_cycles
0,1328574
page_index,time_cycles
0,1202058
page_index,time_cycles
0,1279648
page_index,time_cycles
0,2753872
page_index,time_cycles
0,1335608
page_index,time_cycles
0,1323496
page_index,time_cycles
0,3344308
page_index,time_cycles
0,3218468
page_index,time_cycles
0,1191556
page_index,time_cycles
0,1217946
page_index,time_cycles
0,3376368
page_index,time_cycles
0,1614486
page_index,time_cycles
0,3454790
page_index,time_cycles
0,1380670
page_index,time_cycles
0,3185980
page_index,time_cycles
0,3736260
page_index,time_cycles
0,1395680
page_index,time_cycles
0,4105298
page_index,time_cycles
0,3274326
page_index,time_cycles
0,3435324
page_index,time_cycles
0,2508150
page_index,time_cycles
0,1179832
page_index,time_cycles
0,1516738
page_index,time_cycles
0,1180496
page_index,time_cycles
0,1241992
page_index,time_cycles
0,1143100
page_index,time_cycles
0,1133896
page_index,time_cycles
0,1190306
page_index,time_cycles
0,1747770
page_index,time_cycles
0,1439998
page_index,time_cycles
0,1127804
page_index,time_cycles
0,1449206
page_index,time_cycles
0,3008038
page_index,time_cycles
0,1351130
page_index,time_cycles
0,2201138
page_index,time_cycles
0,1893116
page_index,time_cycles
0,3256620
page_index,time_cycles
0,2879500
page_index,time_cycles
0,1183534
page_index,time_cycles
0,2329942
page_index,time_cycles
0,3491408
page_index,time_cycles
0,1128818
page_index,time_cycles
0,3227764
page_index,time_cycles
0,1136652
page_index,time_cycles
0,3351648
page_index,time_cycles
0,1329236
page_index,time_cycles
0,3687522
page_index,time_cycles
0,1217906
page_index,time_cycles
0,1563942
page_index,time_cycles
0,1462654
page_index,time_cycles
0,2693482
page_index,time_cycles
0,1390902
page_index,time_cycles
0,1191666
page_index,time_cycles
0,3027586
page_index,time_cycles
0,1174026
page_index,time_cycles
0,2138684
page_index,time_cycles
0,1173244
page_index,time_cycles
0,1327894
page_index,time_cycles
0,1301580
page_index,time_cycles
0,2388462
page_index,time_cycles
0,1126244
page_index,time_cycles
0,1508200
page_index,time_cycles
0,1257300
page_index,time_cycles
0,1246754
page_index,time_cycles
0,1268488
page_index,time_cycles
0,1449670
page_index,time_cycles
0,1617500
page_index,time_cycles
0,3122338
page_index,time_cycles
0,1143876
page_index,time_cycles
0,1925064
page_index,time_cycles
0,1326312
page_index,time_cycles
0,1122234
page_index,time_cycles
0,1204762
page_index,time_cycles
0,1298256
page_index,time_cycles
0,1176578
page_index,time_cycles
0,2508226
page_index,time_cycles
0,1362502
page_index,time_cycles
0,1432048
page_index,time_cycles
0,1656024
page_index,time_cycles
0,1196614
page_index,time_cycles
0,2913590
page_index,time_cycles
0,1120352
page_index,time_cycles
0,1373898
page_index,time_cycles
0,1098904
page_index,time_cycles
0,3231866
page_index,time_cycles
0,3200200
page_index,time_cycles
0,1160586
page_index,time_cycles
0,1886918
page_index,time_cycles
0,1220374
page_index,time_cycles
0,2142052
page_index,time_cycles
0,1409048
page_index,time_cycles
0,1485722
page_index,time_cycles
0,1624592
page_index,time_cycles
0,1131158
page_index,time_cycles
0,3139432
page_index,time_cycles
0,1192794
page_index,time_cycles
0,3896108
page_index,time_cycles
0,2120374
page_index,time_cycles
0,3943882
page_index,time_cycles
0,1152136
page_index,time_cycles
0,1483804
page_index,time_cycles
0,1146058
page_index,time_cycles
0,1409308
page_index,time_cycles
0,1229694
page_index,time_cycles
0,1140574
page_index,time_cycles
0,2664790
page_index,time_cycles
0,3460772
page_index,time_cycles
0,1549618
page_index,time_cycles
0,2755366
page_index,time_cycles
0,2085974
page_index,time_cycles
0,1185750
page_index,time_cycles
0,1205992
page_index,time_cycles
0,1167872
page_index,time_cycles
0,2648630
page_index,time_cycles
0,1592044
page_index,time_cycles
0,2578282
page_index,time_cycles
0,3351810
page_index,time_cycles
0,1231114
page_index,time_cycles
0,1430538
page_index,time_cycles
0,3099110
page_index,time_cycles
0,1161016
page_index,time_cycles
0,1327720
page_index,time_cycles
0,1270604
page_index,time_cycles
0,1586474
page_index,time_cycles
0,3846446
page_index,time_cycles
0,1652540
page_index,time_cycles
0,1619902
page_index,time_cycles
0,1134696
page_index,time_cycles
0,1967268
page_index,time_cycles
0,1319114
page_index,time_cycles
0,2643390
page_index,time_cycles
0,1194302
page_index,time_cycles
0,1281076
page_index,time_cycles
0,1631728
page_index,time_cycles
0,1307124
page_index,time_cycles
0,1413890
page_index,time_cycles
0,2881128
page_index,time_cycles
0,1156794
page_index,time_cycles
0,1320634
page_index,time_cycles
0,1131620
page_index,time_cycles
0,3351758
page_index,time_cycles
0,1726622
page_index,time_cycles
0,1260778
page_index,time_cycles
0,1847592
page_index,time_cycles
0,2240764
page_index,time_cycles
0,1409020
page_index,time_cycles
0,1159976
page_index,time_cycles
0,1605308
page_index,time_cycles
0,1514260
page_index,time_cycles
0,2414134
page_index,time_cycles
0,1418898
page_index,time_cycles
0,2901236
page_index,time_cycles
0,3020448
page_index,time_cycles
0,1169762
page_index,time_cycles
0,1218000
page_index,time_cycles
0,1592736
page_index,time_cycles
0,1973564
page_index,time_cycles
0,3183220
page_index,time_cycles
0,1191752
page_index,time_cycles
0,4110252
page_index,time_cycles
0,3729996
page_index,time_cycles
0,2925074
page_index,time_cycles
0,1161968
page_index,time_cycles
0,1150146
page_index,time_cycles
0,1477984
page_index,time_cycles
0,1695196
page_index,time_cycles
0,1321808
page_index,time_cycles
0,1872096
page_index,time_cycles
0,1135780
page_index,time_cycles
0,1230824
page_index,time_cycles
0,1982208
page_index,time_cycles
0,3942088
page_index,time_cycles
0,1215572
page_index,time_cycles
0,1432244
page_index,time_cycles
0,1171832
page_index,time_cycles
0,1258826
page_index,time_cycles
0,1552084
page_index,time_cycles
0,1295136
page_index,time_cycles
0,1462588
page_index,time_cycles
0,1148228
page_index,time_cycles
0,1239208
page_index,time_cycles
0,1269914
page_index,time_cycles
0,1133976
page_index,time_cycles
0,1135826
page_index,time_cycles
0,1164620
page_index,time_cycles
0,3475008
page_index,time_cycles
0,1154152
page_index,time_cycles
0,1203944
page_index,time_cycles
0,1334898
page_index,time_cycles
0,1333442
page_index,time_cycles
0,1157684
page_index,time_cycles
0,1131500
page_index,time_cycles
0,1792716
page_index,time_cycles
0,1465206
page_index,time_cycles
0,1234768
page_index,time_cycles
0,1164250
page_index,time_cycles
0,1194642
page_index,time_cycles
0,1763426
page_index,time_cycles
0,1358284
page_index,time_cycles
0,1136012
page_index,time_cycles
0,1122586
page_index,time_cycles
0,1128586
page_index,time_cycles
0,1835252
page_index,time_cycles
0,2571452
page_index,time_cycles
0,3093538
page_index,time_cycles
0,1297606
page_index,time_cycles
0,1169582
page_index,time_cycles
0,1236838
page_index,time_cycles
0,1340704
page_index,time_cycles
0,1746812
page_index,time_cycles
0,1942006
page_index,time_cycles
0,1145426
page_index,time_cycles
0,3390756
page_index,time_cycles
0,1227008
page_index,time_cycles
0,1146794
page_index,time_cycles
0,1414248
page_index,time_cycles
0,1298272
page_index,time_cycles
0,2872256
page_index,time_cycles
0,1427560
page_index,time_cycles
0,1232390
page_index,time_cycles
0,1191158
page_index,time_cycles
0,1393932
page_index,time_cycles
0,1178036
page_index,time_cycles
0,1889444
page_index,time_cycles
0,3161994
page_index,time_cycles
0,1857504
page_index,time_cycles
0,1253812
page_index,time_cycles
0,2989010
page_index,time_cycles
0,3185580
page_index,time_cycles
0,2856894
page_index,time_cycles
0,1171558
page_index,time_cycles
0,1261416
page_index,time_cycles
0,1210224
page_index,time_cycles
0,1525220
page_index,time_cycles
0,1310528
page_index,time_cycles
0,2453160
page_index,time_cycles
0,1135850
page_index,time_cycles
0,1605554
page_index,time_cycles
0,1148924
page_index,time_cycles
0,3937448
page_index,time_cycles
0,1926402
page_index,time_cycles
0,1203394
page_index,time_cycles
0,3286590
page_index,time_cycles
0,1188710
page_index,time_cycles
0,1168422
page_index,time_cycles
0,1215340
page_index,time_cycles
0,3485350
page_index,time_cycles
0,3331230
page_index,time_cycles
0,1311198
page_index,time_cycles
0,1507448
page_index,time_cycles
0,1344422
page_index,time_cycles
0,3287778
page_index,time_cycles
0,1147268
page_index,time_cycles
0,2675568
page_index,time_cycles
0,3199192
page_index,time_cycles
0,1353728
page_index,time_cycles
0,1253376
page_index,time_cycles
0,2329990
page_index,time_cycles
0,1239292
page_index,time_cycles
0,1391666
page_index,time_cycles
0,1258024
page_index,time_cycles
0,1674318
page_index,time_cycles
0,1825278
page_index,time_cycles
0,1173226
page_index,time_cycles
0,1117154
page_index,time_cycles
0,3277986
page_index,time_cycles
0,1151728
page_index,time_cycles
0,4009140
page_index,time_cycles
0,1207850
page_index,time_cycles
0,1192900
page_index,time_cycles
0,1837686
page_index,time_cycles
0,1174050
page_index,time_cycles
0,2744544
page_index,time_cycles
0,1519384
page_index,time_cycles
0,1161882
page_index,time_cycles
0,1436092
page_index,time_cycles
0,3593646
page_index,time_cycles
0,1377598
page_index,time_cycles
0,3589604
page_index,time_cycles
0,1261374
page_index,time_cycles
0,3507384
page_index,time_cycles
0,1754452
page_index,time_cycles
0,1709864
page_index,time_cycles
0,2326852
page_index,time_cycles
0,3874626
page_index,time_cycles
0,1419060
page_index,time_cycles
0,1296128
page_index,time_cycles
0,1540062
page_index,time_cycles
0,1193052
page_index,time_cycles
0,2177174
page_index,time_cycles
0,2298620
page_index,time_cycles
0,1331912
page_index,time_cycles
0,2166016
page_index,time_cycles
0,1516370
page_index,time_cycles
0,1456742
page_index,time_cycles
0,3902704
page_index,time_cycles
0,1210280
page_index,time_cycles
0,1128736
page_index,time_cycles
0,1810868
page_index,time_cycles
0,1510758
page_index,time_cycles
0,2013298
page_index,time_cycles
0,3508354
page_index,time_cycles
0,3470772
page_index,time_cycles
0,3125518
page_index,time_cycles
0,1497746
page_index,time_cycles
0,1201824
page_index,time_cycles
0,3166108
page_index,time_cycles
0,3638678
page_index,time_cycles
0,1334534
page_index,time_cycles
0,1261240
page_index,time_cycles
0,3525040
page_index,time_cycles
0,1484556
page_index,time_cycles
0,1192188
page_index,time_cycles
0,3849456
page_index,time_cycles
0,1235982
page_index,time_cycles
0,2136164
page_index,time_cycles
0,3103038
page_index,time_cycles
0,1320958
page_index,time_cycles
0,1696064
page_index,time_cycles
0,1462238
page_index,time_cycles
0,4134778
page_index,time_cycles
0,1331858
page_index,time_cycles
0,1203258
page_index,time_cycles
0,1259986
page_index,time_cycles
0,1372960
page_index,time_cycles
0,1129018
page_index,time_cycles
0,1258756
page_index,time_cycles
0,1131748
page_index,time_cycles
0,1616992
page_index,time_cycles
0,1306350
page_index,time_cycles
0,1904112
page_index,time_cycles
0,1109440
page_index,time_cycles
0,1719120
page_index,time_cycles
0,3249296
page_index,time_cycles
0,3168460
page_index,time_cycles
0,1208972
page_index,time_cycles
0,1324378
page_index,time_cycles
0,1620256
page_index,time_cycles
0,1348948
page_index,time_cycles
0,1304710
page_index,time_cycles
0,2794510
page_index,time_cycles
0,1106418
page_index,time_cycles
0,1302476
page_index,time_cycles
0,3435288
page_index,time_cycles
0,2062162
page_index,time_cycles
0,2228012
page_index,time_cycles
0,2030124
page_index,time_cycles
0,1258992
page_index,time_cycles
0,2473160
page_index,time_cycles
0,1773662
page_index,time_cycles
0,3637112
page_index,time_cycles
0,3121574
page_index,time_cycles
0,1131976
page_index,time_cycles
0,1312646
page_index,time_cycles
0,3400532
page_index,time_cycles
0,4173672
page_index,time_cycles
0,4564318
page_index,time_cycles
0,1124502
page_index,time_cycles
0,2879544
page_index,time_cycles
0,2776342
page_index,time_cycles
0,2039256
page_index,time_cycles
0,1427374
page_index,time_cycles
0,1719242
page_index,time_cycles
0,1225144
page_index,time_cycles
0,2451736
page_index,time_cycles
0,1431322
page_index,time_cycles
0,3778178
page_index,time_cycles
0,3396056
page_index,time_cycles
0,1300694
page_index,time_cycles
0,3264458
page_index,time_cycles
0,1461046
page_index,time_cycles
0,1141570
page_index,time_cycles
0,1614108
page_index,time_cycles
0,3721346
page_index,time_cycles
0,1536548
page_index,time_cycles
0,1181100
page_index,time_cycles
0,3120976
page_index,time_cycles
0,1218978
page_index,time_cycles
0,3139334
page_index,time_cycles
0,1564230
page_index,time_cycles
0,1215164
page_index,time_cycles
0,1116274
page_index,time_cycles
0,1233778
page_index,time_cycles
0,4185120
page_index,time_cycles
0,3216634
page_index,time_cycles
0,1098644
page_index,time_cycles
0,1873874
page_index,time_cycles
0,1124312
page_index,time_cycles
0,3071748
page_index,time_cycles
0,3300212
page_index,time_cycles
0,1791186
page_index,time_cycles
0,1322318
page_index,time_cycles
0,2263970
page_index,time_cycles
0,3747316
page_index,time_cycles
0,3387790
page_index,time_cycles
0,1185670
page_index,time_cycles
0,1146360
page_index,time_cycles
0,1476014
page_index,time_cycles
0,3552960
page_index,time_cycles
0,1207582
page_index,time_cycles
0,1746934
page_index,time_cycles
0,1169326
page_index,time_cycles
0,1245682
page_index,time_cycles
0,2194446
page_index,time_cycles
0,3332938
page_index,time_cycles
0,2993254
page_index,time_cycles
0,3341750
page_index,time_cycles
0,3149646
page_index,time_cycles
0,1243536
page_index,time_cycles
0,1558610
page_index,time_cycles
0,2254936
page_index,time_cycles
0,1749342
page_index,time_cycles
0,1321012
page_index,time_cycles
0,1402576
page_index,time_cycles
0,1287628
page_index,time_cycles
0,1592464
page_index,time_cycles
0,1277288
page_index,time_cycles
0,1375708
page_index,time_cycles
0,1126334
page_index,time_cycles
0,2244940
page_index,time_cycles
0,1311494
page_index,time_cycles
0,2944852
page_index,time_cycles
0,1129962
page_index,time_cycles
0,1719312
page_index,time_cycles
0,1669588
page_index,time_cycles
0,2003850
page_index,time_cycles
0,1164798
page_index,time_cycles
0,1172934
page_index,time_cycles
0,1237378
page_index,time_cycles
0,1142464
page_index,time_cycles
0,1134674
page_index,time_cycles
0,1858750
page_index,time_cycles
0,1893612
page_index,time_cycles
0,2789828
page_index,time_cycles
0,1964662
page_index,time_cycles
0,1769052
page_index,time_cycles
0,1457664
page_index,time_cycles
0,1876768
page_index,time_cycles
0,2996958
page_index,time_cycles
0,1143950
page_index,time_cycles
0,1151400
page_index,time_cycles
0,1708338
page_index,time_cycles
0,1587524
page_index,time_cycles
0,1177176
page_index,time_cycles
0,3305396
page_index,time_cycles
0,1226170
page_index,time_cycles
0,1207516
page_index,time_cycles
0,1164906
page_index,time_cycles
0,1090906
page_index,time_cycles
0,1128694
page_index,time_cycles
0,1323170
page_index,time_cycles
0,1343970
page_index,time_cycles
0,1351176
page_index,time_cycles
0,3287468
page_index,time_cycles
0,4328532
page_index,time_cycles
0,1319264
page_index,time_cycles
0,3116148
page_index,time_cycles
0,3112536
page_index,time_cycles
0,1288356
page_index,time_cycles
0,1166128
page_index,time_cycles
0,1200614
page_index,time_cycles
0,3843378
page_index,time_cycles
0,3143016
page_index,time_cycles
0,1279488
page_index,time_cycles
0,1953420
page_index,time_cycles
0,1158376
page_index,time_cycles
0,1311206
page_index,time_cycles
0,1503952
page_index,time_cycles
0,1444050
page_index,time_cycles
0,1144544
page_index,time_cycles
0,3297292
page_index,time_cycles
0,1124140
page_index,time_cycles
0,1453496
page_index,time_cycles
0,1152318
page_index,time_cycles
0,1301762
page_index,time_cycles
0,1165860
page_index,time_cycles
0,2693692
page_index,time_cycles
0,1210438
page_index,time_cycles
0,3742262
page_index,time_cycles
0,1168540
page_index,time_cycles
0,2403164
page_index,time_cycles
0,1517130
page_index,time_cycles
0,3681632
page_index,time_cycles
0,1412506
page_index,time_cycles
0,1897402
page_index,time_cycles
0,1127776
page_index,time_cycles
0,4271992
page_index,time_cycles
0,2983944
page_index,time_cycles
0,1909664
page_index,time_cycles
0,1953188
page_index,time_cycles
0,1236236
page_index,time_cycles
0,1184408
page_index,time_cycles
0,1190982
page_index,time_cycles
0,1427666
page_index,time_cycles
0,1180696
page_index,time_cycles
0,1334644
page_index,time_cycles
0,1361890
page_index,time_cycles
0,3683812
page_index,time_cycles
0,1466200
page_index,time_cycles
0,1135724
page_index,time_cycles
0,2549110
page_index,time_cycles
0,1314450
page_index,time_cycles
0,1151104
page_index,time_cycles
0,1400030
page_index,time_cycles
0,1366262
page_index,time_cycles
0,1276270
page_index,time_cycles
0,1170928
page_index,time_cycles
0,3439964
page_index,time_cycles
0,1649922
page_index,time_cycles
0,1107832
page_index,time_cycles
0,1211286
page_index,time_cycles
0,3377828
page_index,time_cycles
0,3323034
page_index,time_cycles
0,3393298
page_index,time_cycles
0,1227596
page_index,time_cycles
0,1993756
page_index,time_cycles
0,2598826
page_index,time_cycles
0,1381342
page_index,time_cycles
0,1146796
page_index,time_cycles
0,3641928
page_index,time_cycles
0,3649000
page_index,time_cycles
0,5951456
page_index,time_cycles
0,3142272
page_index,time_cycles
0,1125052
page_index,time_cycles
0,3795830
page_index,time_cycles
0,1237954
page_index,time_cycles
0,1492422
page_index,time_cycles
0,1309010
page_index,time_cycles
0,1289428
page_index,time_cycles
0,1615090
page_index,time_cycles
0,3478456
page_index,time_cycles
0,1117278
page_index,time_cycles
0,1150292
page_index,time_cycles
0,3712640
page_index,time_cycles
0,1279898
page_index,time_cycles
0,3399224
page_index,time_cycles
0,1178402
page_index,time_cycles
0,1201258
page_index,time_cycles
0,3970264
page_index,time_cycles
0,2065024
page_index,time_cycles
0,1342092
page_index,time_cycles
0,1940704
page_index,time_cycles
0,1335428
page_index,time_cycles
0,1299916
page_index,time_cycles
0,1209122
page_index,time_cycles
0,1211074
page_index,time_cycles
0,3428982
page_index,time_cycles
0,1267078
page_index,time_cycles
0,1199024
page_index,time_cycles
0,1331352
page_index,time_cycles
0,1339420
page_index,time_cycles
0,1260170
page_index,time_cycles
0,1171046
page_index,time_cycles
0,3750614
page_index,time_cycles
0,1175372
page_index,time_cycles
0,3774870
page_index,time_cycles
0,2813868
page_index,time_cycles
0,1213764
page_index,time_cycles
0,1170904
page_index,time_cycles
0,1214760
page_index,time_cycles
0,3422204
page_index,time_cycles
0,3290596
page_index,time_cycles
0,1156278
page_index,time_cycles
0,1151808
page_index,time_cycles
0,2276952
page_index,time_cycles
0,1225994
page_index,time_cycles
0,1154210
page_index,time_cycles
0,3414346
page_index,time_cycles
0,1604832
page_index,time_cycles
0,1490594
page_index,time_cycles
0,3257456
page_index,time_cycles
0,3340446
page_index,time_cycles
0,1138438
page_index,time_cycles
0,3847904
page_index,time_cycles
0,1127260
page_index,time_cycles
0,3329758
page_index,time_cycles
0,3355700
page_index,time_cycles
0,3224036
page_index,time_cycles
0,1344584
page_index,time_cycles
0,1131646
page_index,time_cycles
0,3429498
page_index,time_cycles
0,1357592
page_index,time_cycles
0,1328464
page_index,time_cycles
0,1158648
page_index,time_cycles
0,1417078
page_index,time_cycles
0,1145904
page_index,time_cycles
0,1154886
page_index,time_cycles
0,2373200
page_index,time_cycles
0,1249056
page_index,time_cycles
0,1176192
page_index,time_cycles
0,2966178
page_index,time_cycles
0,1156064
page_index,time_cycles
0,3274068
page_index,time_cycles
0,1444914
page_index,time_cycles
0,1621672
page_index,time_cycles
0,2373400
page_index,time_cycles
0,1275714
page_index,time_cycles
0,1771194
page_index,time_cycles
0,1245126
page_index,time_cycles
0,2458586
page_index,time_cycles
0,1185606
page_index,time_cycles
0,1202790
page_index,time_cycles
0,2388192
page_index,time_cycles
0,1140554
page_index,time_cycles
0,1165968
page_index,time_cycles
0,1367174
page_index,time_cycles
0,1222036
page_index,time_cycles
0,1142182
page_index,time_cycles
0,2963170
page_index,time_cycles
0,1803530
page_index,time_cycles
0,1144850
page_index,time_cycles
0,1155730
page_index,time_cycles
0,1640906
page_index,time_cycles
0,1224950
page_index,time_cycles
0,1144454
page_index,time_cycles
0,1119332
page_index,time_cycles
0,1218230
page_index,time_cycles
0,1206400
page_index,time_cycles
0,1429142
page_index,time_cycles
0,1345508
page_index,time_cycles
0,1487016
page_index,time_cycles
0,1320690
page_index,time_cycles
0,1499356
page_index,time_cycles
0,2966718
page_index,time_cycles
0,1186972
page_index,time_cycles
0,1293792
page_index,time_cycles
0,2753056
page_index,time_cycles
0,1135204
page_index,time_cycles
0,1329820
page_index,time_cycles
0,1200566
page_index,time_cycles
0,1230956
page_index,time_cycles
0,1455934
page_index,time_cycles
0,3206572
page_index,time_cycles
0,3562238
page_index,time_cycles
0,1326228
page_index,time_cycles
0,1240282
page_index,time_cycles
0,1399472
page_index,time_cycles
0,1145094
page_index,time_cycles
0,1212490
page_index,time_cycles
0,1210220
page_index,time_cycles
0,1116308
page_index,time_cycles
0,2728154
page_index,time_cycles
0,1177746
page_index,time_cycles
0,3201944
page_index,time_cycles
0,1456332
page_index,time_cycles
0,3355238
page_index,time_cycles
0,1411436
page_index,time_cycles
0,1357010
page_index,time_cycles
0,3209096
page_index,time_cycles
0,1185602
page_index,time_cycles
0,1175188
page_index,time_cycles
0,1184024
page_index,time_cycles
0,1646236
page_index,time_cycles
0,1237220
page_index,time_cycles
0,1288292
page_index,time_cycles
0,1128696
page_index,time_cycles
0,1158270
page_index,time_cycles
0,3257726
page_index,time_cycles
0,1146266
page_index,time_cycles
0,2239142
page_index,time_cycles
0,3328714
page_index,time_cycles
0,2337680
page_index,time_cycles
0,3176700
page_index,time_cycles
0,1305552
page_index,time_cycles
0,1596992
page_index,time_cycles
0,3064704
page_index,time_cycles
0,2530418
page_index,time_cycles
0,1214416
page_index,time_cycles
0,1137840
page_index,time_cycles
0,1362550
page_index,time_cycles
0,2072106
page_index,time_cycles
0,1219044
page_index,time_cycles
0,4341446
page_index,time_cycles
0,3799434
page_index,time_cycles
0,1139306
page_index,time_cycles
0,2141764
page_index,time_cycles
0,3873548
page_index,time_cycles
0,1527932
page_index,time_cycles
0,1304230
page_index,time_cycles
0,1203488
page_index,time_cycles
0,1586902
page_index,time_cycles
0,2256654
page_index,time_cycles
0,1216610
page_index,time_cycles
0,2851870
page_index,time_cycles
0,1238224
page_index,time_cycles
0,1181608
page_index,time_cycles
0,1447758
page_index,time_cycles
0,3312582
page_index,time_cycles
0,1161800
page_index,time_cycles
0,1268282
page_index,time_cycles
0,1207548
page_index,time_cycles
0,3587982
page_index,time_cycles
0,1361522
page_index,time_cycles
0,4081294
page_index,time_cycles
0,1196608
page_index,time_cycles
0,3944994
page_index,time_cycles
0,1147284
page_index,time_cycles
0,1377708
page_index,time_cycles
0,3159984
page_index,time_cycles
0,3171962
page_index,time_cycles
0,1430238
page_index,time_cycles
0,3575608
page_index,time_cycles
0,1316206
page_index,time_cycles
0,1603974
page_index,time_cycles
0,2796194
page_index,time_cycles
0,1238800
page_index,time_cycles
0,2013380
page_index,time_cycles
0,1155028
page_index,time_cycles
0,1265492
page_index,time_cycles
0,1161200
page_index,time_cycles
0,3949804
page_index,time_cycles
0,1673638
page_index,time_cycles
0,3405388
page_index,time_cycles
0,3447084
page_index,time_cycles
0,1479432
page_index,time_cycles
0,1181762
page_index,time_cycles
0,2213000
page_index,time_cycles
0,1192706
page_index,time_cycles
0,1141150
page_index,time_cycles
0,2007688
page_index,time_cycles
0,1301256
page_index,time_cycles
0,1423868
page_index,time_cycles
0,1280970
page_index,time_cycles
0,3773384
page_index,time_cycles
0,1158126
page_index,time_cycles
0,3013840
page_index,time_cycles
0,1192326
page_index,time_cycles
0,1931200
page_index,time_cycles
0,3460328
page_index,time_cycles
0,1456348
page_index,time_cycles
0,1549108
page_index,time_cycles
0,1149214
page_index,time_cycles
0,3150656
page_index,time_cycles
0,1154214
page_index,time_cycles
0,1171404
page_index,time_cycles
0,1142392
page_index,time_cycles
0,1204274
page_index,time_cycles
0,3039110
page_index,time_cycles
0,1118528
page_index,time_cycles
0,1182530
page_index,time_cycles
0,2827968
page_index,time_cycles
0,1148752
page_index,time_cycles
0,1447148
page_index,time_cycles
0,2914834
page_index,time_cycles
0,2217444
page_index,time_cycles
0,3746178
page_index,time_cycles
0,2627220
page_index,time_cycles
0,2357146
page_index,time_cycles
0,3461384
page_index,time_cycles
0,1199264
page_index,time_cycles
0,1172452
page_index,time_cycles
0,1852556
page_index,time_cycles
0,1182562
page_index,time_cycles
0,1339000
page_index,time_cycles
0,3475862
page_index,time_cycles
0,1112918
page_index,time_cycles
0,3343642
page_index,time_cycles
0,1465542
page_index,time_cycles
0,1173864
page_index,time_cycles
0,1361934
page_index,time_cycles
0,1441912
page_index,time_cycles
0,1168290
page_index,time_cycles
0,1363740
page_index,time_cycles
0,2256472
page_index,time_cycles
0,3017946
page_index,time_cycles
0,2101784
page_index,time_cycles
0,1562522
page_index,time_cycles
0,1157574
page_index,time_cycles
0,1359280
page_index,time_cycles
0,3734178
page_index,time_cycles
0,3186452
page_index,time_cycles
0,2170828
page_index,time_cycles
0,1149960
page_index,time_cycles
0,1241094
page_index,time_cycles
0,1157230
page_index,time_cycles
0,2724624
page_index,time_cycles
0,3550648
page_index,time_cycles
0,1573796
page_index,time_cycles
0,3136642
page_index,time_cycles
0,1574574
page_index,time_cycles
0,1116306
page_index,time_cycles
0,1217830
page_index,time_cycles
0,1698980
page_index,time_cycles
0,3152144
page_index,time_cycles
0,1345744
page_index,time_cycles
0,1447336
page_index,time_cycles
0,1202960
page_index,time_cycles
0,3386056
page_index,time_cycles
0,1321636
page_index,time_cycles
0,1418552
page_index,time_cycles
0,1842222
page_index,time_cycles
0,1169796
page_index,time_cycles
0,1132530
page_index,time_cycles
0,3444470
page_index,time_cycles
0,1505332
page_index,time_cycles
0,3082314
page_index,time_cycles
0,1242184
page_index,time_cycles
0,1140314
page_index,time_cycles
0,1152012
page_index,time_cycles
0,1200672
page_index,time_cycles
0,1238398
page_index,time_cycles
0,1168832
page_index,time_cycles
0,1190650
page_index,time_cycles
0,1890262
page_index,time_cycles
0,1620406
page_index,time_cycles
0,1150130
page_index,time_cycles
0,3214414
page_index,time_cycles
0,1130852
page_index,time_cycles
0,3570166
page_index,time_cycles
0,1637176
page_index,time_cycles
0,3097002
page_index,time_cycles
0,1267976
page_index,time_cycles
0,1289302
page_index,time_cycles
0,2800918
page_index,time_cycles
0,1333314
page_index,time_cycles
0,1294404
page_index,time_cycles
0,2267748
page_index,time_cycles
0,1178044
page_index,time_cycles
0,1411334
page_index,time_cycles
0,1115518
page_index,time_cycles
0,3293648
page_index,time_cycles
0,1243390
page_index,time_cycles
0,3444356
page_index,time_cycles
0,3293230
page_index,time_cycles
0,1637680
page_index,time_cycles
0,1226168
page_index,time_cycles
0,1413924
page_index,time_cycles
0,2017532
page_index,time_cycles
0,1160214
page_index,time_cycles
0,1233552
page_index,time_cycles
0,1157254
page_index,time_cycles
0,1290306
page_index,time_cycles
0,1155086
page_index,time_cycles
0,1157460
page_index,time_cycles
0,1728046
page_index,time_cycles
0,1237368
page_index,time_cycles
0,3462902
page_index,time_cycles
0,1974280
page_index,time_cycles
0,1236988
page_index,time_cycles
0,2986056
page_index,time_cycles
0,2833034
page_index,time_cycles
0,2964444
page_index,time_cycles
0,1182546
page_index,time_cycles
0,3582962
page_index,time_cycles
0,1550184
page_index,time_cycles
0,1973296
page_index,time_cycles
0,3033876
page_index,time_cycles
0,1228124
page_index,time_cycles
0,1163894
page_index,time_cycles
0,3087104
page_index,time_cycles
0,1141370
page_index,time_cycles
0,1268350
page_index,time_cycles
0,2728556
page_index,time_cycles
0,2258284
page_index,time_cycles
0,1187382
page_index,time_cycles
0,1872176
page_index,time_cycles
0,1136348
page_index,time_cycles
0,1265112
page_index,time_cycles
0,1191062
page_index,time_cycles
0,1236742
page_index,time_cycles
0,3156056
page_index,time_cycles
0,1421412
page_index,time_cycles
0,3165370
page_index,time_cycles
0,1677126
page_index,time_cycles
0,3383330
page_index,time_cycles
0,3899454
page_index,time_cycles
0,1284702
page_index,time_cycles
0,2281228
page_index,time_cycles
0,1211674
page_index,time_cycles
0,1156452
page_index,time_cycles
0,1148124
page_index,time_cycles
0,1547082
page_index,time_cycles
0,1232576
page_index,time_cycles
0,1133960
page_index,time_cycles
0,1555416
page_index,time_cycles
0,3145304
page_index,time_cycles
0,3464546
page_index,time_cycles
0,2288436
page_index,time_cycles
0,3364348
page_index,time_cycles
0,1429400
page_index,time_cycles
0,1116348
page_index,time_cycles
0,4097136
page_index,time_cycles
0,1594908
page_index,time_cycles
0,1872478
page_index,time_cycles
0,1536176
page_index,time_cycles
0,2981770
page_index,time_cycles
0,5182968
page_index,time_cycles
0,1152534
page_index,time_cycles
0,1198034
page_index,time_cycles
0,4468964
page_index,time_cycles
0,1139186
page_index,time_cycles
0,3135860
page_index,time_cycles
0,1350318
page_index,time_cycles
0,3708594
page_index,time_cycles
0,1230172
page_index,time_cycles
0,1142726
page_index,time_cycles
0,1703568
page_index,time_cycles
0,3570652
page_index,time_cycles
0,1608292
page_index,time_cycles
0,1123420
page_index,time_cycles
0,1719868
page_index,time_cycles
0,1183082
page_index,time_cycles
0,3136612
page_index,time_cycles
0,1144866
page_index,time_cycles
0,3814222
page_index,time_cycles
0,1194404
page_index,time_cycles
0,1466460
page_index,time_cycles
0,1933630
page_index,time_cycles
0,1664866
page_index,time_cycles
0,1148994
page_index,time_cycles
0,1514638
page_index,time_cycles
0,3207794
page_index,time_cycles
0,3142936
page_index,time_cycles
0,1348934
page_index,time_cycles
0,1777322
page_index,time_cycles
0,1228150
page_index,time_cycles
0,1651708
page_index,time_cycles
0,1122794
page_index,time_cycles
0,1158366
page_index,time_cycles
0,1491778
page_index,time_cycles
0,3328724
page_index,time_cycles
0,2191508
page_index,time_cycles
0,2357970
page_index,time_cycles
0,3010656
page_index,time_cycles
0,1215294
page_index,time_cycles
0,3453376
page_index,time_cycles
0,1190194
page_index,time_cycles
0,2715466
page_index,time_cycles
0,2387378
page_index,time_cycles
0,1231076
page_index,time_cycles
0,1160146
page_index,time_cycles
0,3383358
page_index,time_cycles
0,1203916
page_index,time_cycles
0,1125056
page_index,time_cycles
0,1217048
page_index,time_cycles
0,1219000
page_index,time_cycles
0,1746056
page_index,time_cycles
0,1232652
page_index,time_cycles
0,1380030
page_index,time_cycles
0,1399854
page_index,time_cycles
0,1269566
page_index,time_cycles
0,1243988
page_index,time_cycles
0,1960596
page_index,time_cycles
0,1380028
page_index,time_cycles
0,1189458
page_index,time_cycles
0,1274990
page_index,time_cycles
0,1970746
page_index,time_cycles
0,3118144
page_index,time_cycles
0,3358522
page_index,time_cycles
0,4141436
page_index,time_cycles
0,1269246
page_index,time_cycles
0,3375292
page_index,time_cycles
0,2875082
page_index,time_cycles
0,1167986
page_index,time_cycles
0,2485136
page_index,time_cycles
0,1587276
page_index,time_cycles
0,2863010
page_index,time_cycles
0,1344366
page_index,time_cycles
0,3149776
page_index,time_cycles
0,2183340
page_index,time_cycles
0,1189864
page_index,time_cycles
0,2055884
page_index,time_cycles
0,1154708
page_index,time_cycles
0,1188280
page_index,time_cycles
0,1979272
page_index,time_cycles
0,1241768
page_index,time_cycles
0,1443624
page_index,time_cycles
0,1130236
page_index,time_cycles
0,1513352
page_index,time_cycles
0,3435182
page_index,time_cycles
0,3764224
page_index,time_cycles
0,1166868
page_index,time_cycles
0,1155858
page_index,time_cycles
0,1276290
page_index,time_cycles
0,3093374
page_index,time_cycles
0,1241150
page_index,time_cycles
0,2366212
page_index,time_cycles
0,1173988
page_index,time_cycles
0,3383280
page_index,time_cycles
0,1336156
page_index,time_cycles
0,1184490
page_index,time_cycles
0,1161506
page_index,time_cycles
0,1412410
page_index,time_cycles
0,1730990
page_index,time_cycles
0,1133976
page_index,time_cycles
0,1886964
page_index,time_cycles
0,1139724
page_index,time_cycles
0,3141398
page_index,time_cycles
0,2290878
page_index,time_cycles
0,3658764
page_index,time_cycles
0,3591292
page_index,time_cycles
0,1200954
page_index,time_cycles
0,1127582
page_index,time_cycles
0,1487590
page_index,time_cycles
0,1120512
page_index,time_cycles
0,1134192
page_index,time_cycles
0,1461472
page_index,time_cycles
0,1292944
page_index,time_cycles
0,3714856
page_index,time_cycles
0,1207386
page_index,time_cycles
0,3078462
page_index,time_cycles
0,1164850
page_index,time_cycles
0,3118910
page_index,time_cycles
0,1401236
page_index,time_cycles
0,1719108
page_index,time_cycles
0,1329880
page_index,time_cycles
0,2256002
page_index,time_cycles
0,1375626
page_index,time_cycles
0,3455500
page_index,time_cycles
0,1144810
page_index,time_cycles
0,1518592
page_index,time_cycles
0,1129868
page_index,time_cycles
0,1994726
page_index,time_cycles
0,1596388
page_index,time_cycles
0,1337582
page_index,time_cycles
0,2843064
page_index,time_cycles
0,1753802
page_index,time_cycles
0,1762100
page_index,time_cycles
0,1698572
page_index,time_cycles
0,1764022
page_index,time_cycles
0,1135846
page_index,time_cycles
0,1191786
page_index,time_cycles
0,1212368
page_index,time_cycles
0,1119930
page_index,time_cycles
0,1274248
page_index,time_cycles
0,3461878
page_index,time_cycles
0,1243328
page_index,time_cycles
0,1787504
page_index,time_cycles
0,1098892
page_index,time_cycles
0,3393684
page_index,time_cycles
0,1476606
page_index,time_cycles
0,3357090
page_index,time_cycles
0,1174902
page_index,time_cycles
0,2909906
page_index,time_cycles
0,1771920
page_index,time_cycles
0,4080930
page_index,time_cycles
0,1772972
page_index,time_cycles
0,3338402
page_index,time_cycles
0,1564362
page_index,time_cycles
0,3333182
page_index,time_cycles
0,1594092
page_index,time_cycles
0,3439594
page_index,time_cycles
0,1237194
page_index,time_cycles
0,1648818
page_index,time_cycles
0,1563888
page_index,time_cycles
0,1141236
page_index,time_cycles
0,1148060
page_index,time_cycles
0,1149624
page_index,time_cycles
0,1660198
page_index,time_cycles
0,1152054
page_index,time_cycles
0,1327100
page_index,time_cycles
0,3431458
page_index,time_cycles
0,1196056
page_index,time_cycles
0,3155860
page_index,time_cycles
0,1230502
page_index,time_cycles
0,1226980
page_index,time_cycles
0,3149236
page_index,time_cycles
0,1294714
page_index,time_cycles
0,1135958
page_index,time_cycles
0,1155608
page_index,time_cycles
0,4030746
page_index,time_cycles
0,1209564
page_index,time_cycles
0,1384690
page_index,time_cycles
0,4045718
page_index,time_cycles
0,2138190
page_index,time_cycles
0,1247310
page_index,time_cycles
0,3595008
page_index,time_cycles
0,1806344
page_index,time_cycles
0,1170210
page_index,time_cycles
0,2522212
page_index,time_cycles
0,1260156
page_index,time_cycles
0,1327154
page_index,time_cycles
0,1177962
page_index,time_cycles
0,1691292
page_index,time_cycles
0,3535816
page_index,time_cycles
0,1586632
page_index,time_cycles
0,1211020
page_index,time_cycles
0,1144982
page_index,time_cycles
0,3914422
page_index,time_cycles
0,3402900
page_index,time_cycles
0,1202546
page_index,time_cycles
0,3323378
page_index,time_cycles
0,2869402
page_index,time_cycles
0,1963946
page_index,time_cycles
0,3724024
page_index,time_cycles
0,1340030
page_index,time_cycles
0,1861492
page_index,time_cycles
0,1268934
page_index,time_cycles
0,1175078
page_index,time_cycles
0,1362706
page_index,time_cycles
0,1415898
page_index,time_cycles
0,1182462
page_index,time_cycles
0,1943254
page_index,time_cycles
0,1143688
page_index,time_cycles
0,2025074
page_index,time_cycles
0,1318962
page_index,time_cycles
0,1303340
page_index,time_cycles
0,3356210
page_index,time_cycles
0,3724598
page_index,time_cycles
0,1828870
page_index,time_cycles
0,1836222
page_index,time_cycles
0,1824074
page_index,time_cycles
0,1160198
page_index,time_cycles
0,1172094
page_index,time_cycles
0,1195796
page_index,time_cycles
0,1242974
page_index,time_cycles
0,1298644
page_index,time_cycles
0,3335730
page_index,time_cycles
0,2207714
page_index,time_cycles
0,2700864
page_index,time_cycles
0,1506462
page_index,time_cycles
0,1463524
page_index,time_cycles
0,1324682
page_index,time_cycles
0,1165156
page_index,time_cycles
0,4487088
page_index,time_cycles
0,3237152
page_index,time_cycles
0,1125086
page_index,time_cycles
0,2214882
page_index,time_cycles
0,3399652
page_index,time_cycles
0,3274340
page_index,time_cycles
0,1132704
page_index,time_cycles
0,1149174
page_index,time_cycles
0,3472274
page_index,time_cycles
0,1642676
page_index,time_cycles
0,1551556
page_index,time_cycles
0,2330138
page_index,time_cycles
0,1121804
page_index,time_cycles
0,1370288
page_index,time_cycles
0,1667786
page_index,time_cycles
0,1136156
page_index,time_cycles
0,1280692
page_index,time_cycles
0,1651624
page_index,time_cycles
0,1617888
page_index,time_cycles
0,1639162
page_index,time_cycles
0,1406280
page_index,time_cycles
0,1157006
page_index,time_cycles
0,1149840
page_index,time_cycles
0,1192920
page_index,time_cycles
0,1247172
page_index,time_cycles
0,1784360
page_index,time_cycles
0,3542286
page_index,time_cycles
0,1178262
page_index,time_cycles
0,3152658
page_index,time_cycles
0,1144772
page_index,time_cycles
0,1359458
page_index,time_cycles
0,1450726
page_index,time_cycles
0,1130528
page_index,time_cycles
0,3680216
page_index,time_cycles
0,1327486
page_index,time_cycles
0,1812044
page_index,time_cycles
0,2746646
page_index,time_cycles
0,1156722
page_index,time_cycles
0,2124852
page_index,time_cycles
0,1249642
page_index,time_cycles
0,1418872
page_index,time_cycles
0,3383608
page_index,time_cycles
0,3223584
page_index,time_cycles
0,3346060
page_index,time_cycles
0,3011954
page_index,time_cycles
0,3199744
page_index,time_cycles
0,2808192
page_index,time_cycles
0,1398524
page_index,time_cycles
0,1137746
page_index,time_cycles
0,2402396
page_index,time_cycles
0,3091064
page_index,time_cycles
0,1248362
page_index,time_cycles
0,2116018
page_index,time_cycles
0,1356718
page_index,time_cycles
0,1189846
page_index,time_cycles
0,3286040
page_index,time_cycles
0,2459858
page_index,time_cycles
0,3076962
page_index,time_cycles
0,1312754
page_index,time_cycles
0,3428612
page_index,time_cycles
0,2207172
page_index,time_cycles
0,1176192
page_index,time_cycles
0,2967406
page_index,time_cycles
0,1272260
page_index,time_cycles
0,3714756
page_index,time_cycles
0,1139104
page_index,time_cycles
0,1533564
page_index,time_cycles
0,1761018
page_index,time_cycles
0,3351398
page_index,time_cycles
0,1797870
page_index,time_cycles
0,1419484
page_index,time_cycles
0,1221158
page_index,time_cycles
0,1280672
page_index,time_cycles
0,1439536
page_index,time_cycles
0,1569058
page_index,time_cycles
0,3522998
page_index,time_cycles
0,2586210
page_index,time_cycles
0,3545118
page_index,time_cycles
0,3713820
page_index,time_cycles
0,1140776
page_index,time_cycles
0,1156736
page_index,time_cycles
0,2374688
page_index,time_cycles
0,2842912
page_index,time_cycles
0,1268162
page_index,time_cycles
0,3803020
page_index,time_cycles
0,1251028
page_index,time_cycles
0,3262954
page_index,time_cycles
0,1958036
page_index,time_cycles
0,1731344
page_index,time_cycles
0,1247392
page_index,time_cycles
0,3208858
page_index,time_cycles
0,3040868
page_index,time_cycles
0,1735160
page_index,time_cycles
0,2727670
page_index,time_cycles
0,3074140
page_index,time_cycles
0,1740258
page_index,time_cycles
0,3985664
page_index,time_cycles
0,1231604
page_index,time_cycles
0,3508698
page_index,time_cycles
0,1449240
page_index,time_cycles
0,3292406
page_index,time_cycles
0,3280484
page_index,time_cycles
0,1815544
page_index,time_cycles
0,1394688
page_index,time_cycles
0,1117782
page_index,time_cycles
0,3460602
page_index,time_cycles
0,1496992
page_index,time_cycles
0,1168812
page_index,time_cycles
0,3126318
page_index,time_cycles
0,1185654
page_index,time_cycles
0,1146252
page_index,time_cycles
0,1179178
page_index,time_cycles
0,2942332
page_index,time_cycles
0,1882830
page_index,time_cycles
0,1293188
page_index,time_cycles
0,3684718
page_index,time_cycles
0,1165392
page_index,time_cycles
0,1167788
page_index,time_cycles
0,3682106
page_index,time_cycles
0,1565538
page_index,time_cycles
0,1320476
page_index,time_cycles
0,1388564
page_index,time_cycles
0,2437654
page_index,time_cycles
0,1152898
page_index,time_cycles
0,1130078
page_index,time_cycles
0,3877302
page_index,time_cycles
0,3482978
page_index,time_cycles
0,1213956
page_index,time_cycles
0,3730042
page_index,time_cycles
0,3177426
page_index,time_cycles
0,3563184
page_index,time_cycles
0,3254074
page_index,time_cycles
0,3497446
page_index,time_cycles
0,1446474
page_index,time_cycles
0,3160384
page_index,time_cycles
0,1112522
page_index,time_cycles
0,1244396
page_index,time_cycles
0,1975286
page_index,time_cycles
0,1717510
page_index,time_cycles
0,1344358
page_index,time_cycles
0,3367936
page_index,time_cycles
0,2269614
page_index,time_cycles
0,3233004
page_index,time_cycles
0,1570538
page_index,time_cycles
0,2614148
page_index,time_cycles
0,1733076
page_index,time_cycles
0,1163878
page_index,time_cycles
0,1207438
page_index,time_cycles
0,3172204
page_index,time_cycles
0,1168990
page_index,time_cycles
0,1917462
page_index,time_cycles
0,2306646
page_index,time_cycles
0,1164980
page_index,time_cycles
0,1194590
page_index,time_cycles
0,1146780
page_index,time_cycles
0,3099426
page_index,time_cycles
0,1291456
page_index,time_cycles
0,1153916
page_index,time_cycles
0,3506312
page_index,time_cycles
0,1516288
page_index,time_cycles
0,2963360
page_index,time_cycles
0,1123512
page_index,time_cycles
0,1872296
page_index,time_cycles
0,3422834
page_index,time_cycles
0,1180264
page_index,time_cycles
0,1559600
page_index,time_cycles
0,1135844
page_index,time_cycles
0,3580040
page_index,time_cycles
0,1678076
page_index,time_cycles
0,3260032
page_index,time_cycles
0,2187374
page_index,time_cycles
0,1460340
page_index,time_cycles
0,1236404
page_index,time_cycles
0,3113354
page_index,time_cycles
0,1778920
page_index,time_cycles
0,1484992
page_index,time_cycles
0,2248026
page_index,time_cycles
0,1149080
page_index,time_cycles
0,3635306
page_index,time_cycles
0,1131422
page_index,time_cycles
0,1139956
page_index,time_cycles
0,1713778
page_index,time_cycles
0,3437028
page_index,time_cycles
0,1137692
page_index,time_cycles
0,1589466
page_index,time_cycles
0,1689952
page_index,time_cycles
0,1179012
page_index,time_cycles
0,1279238
page_index,time_cycles
0,2129960
page_index,time_cycles
0,1401442
page_index,time_cycles
0,1154570
page_index,time_cycles
0,2003658
page_index,time_cycles
0,2165232
page_index,time_cycles
0,1150492
page_index,time_cycles
0,3273750
page_index,time_cycles
0,1582534
page_index,time_cycles
0,1510204
page_index,time_cycles
0,3351316
page_index,time_cycles
0,1307736
page_index,time_cycles
0,3310790
page_index,time_cycles
0,2056646
page_index,time_cycles
0,1924938
page_index,time_cycles
0,1157156
page_index,time_cycles
0,1794670
page_index,time_cycles
0,2801388
page_index,time_cycles
0,1375316
page_index,time_cycles
0,1235008
page_index,time_cycles
0,3051956
page_index,time_cycles
0,2674444
page_index,time_cycles
0,3164846
page_index,time_cycles
0,3060292
page_index,time_cycles
0,1113242
page_index,time_cycles
0,2972738
page_index,time_cycles
0,1268324
page_index,time_cycles
0,1774910
page_index,time_cycles
0,3399856
page_index,time_cycles
0,3165480
page_index,time_cycles
0,3140060
page_index,time_cycles
0,3376166
page_index,time_cycles
0,3630674
page_index,time_cycles
0,1683458
page_index,time_cycles
0,3433746
page_index,time_cycles
0,4376706
page_index,time_cycles
0,3756960
page_index,time_cycles
0,1158842
page_index,time_cycles
0,1314586
page_index,time_cycles
0,3909982
page_index,time_cycles
0,2521330
page_index,time_cycles
0,1236850
page_index,time_cycles
0,1149814
page_index,time_cycles
0,3122774
page_index,time_cycles
0,1213604
page_index,time_cycles
0,3729670
page_index,time_cycles
0,3336394
page_index,time_cycles
0,1660060
page_index,time_cycles
0,1815564
page_index,time_cycles
0,1214702
page_index,time_cycles
0,3104398
page_index,time_cycles
0,1254186
page_index,time_cycles
0,1139232
page_index,time_cycles
0,3329386
page_index,time_cycles
0,1129478
page_index,time_cycles
0,1914076
page_index,time_cycles
0,1225804
page_index,time_cycles
0,3578832
page_index,time_cycles
0,3051996
page_index,time_cycles
0,2259644
page_index,time_cycles
0,1360126
page_index,time_cycles
0,3044704
page_index,time_cycles
0,1694642
page_index,time_cycles
0,2767062
page_index,time_cycles
0,1463636
page_index,time_cycles
0,3301170
page_index,time_cycles
0,1439058
page_index,time_cycles
0,3659444
page_index,time_cycles
0,1315946
page_index,time_cycles
0,3478060
page_index,time_cycles
0,1174332
page_index,time_cycles
0,3308788
page_index,time_cycles
0,1342448
page_index,time_cycles
0,3181892
page_index,time_cycles
0,2995534
page_index,time_cycles
0,2746514
page_index,time_cycles
0,1526542
page_index,time_cycles
0,1143902
page_index,time_cycles
0,3386780
page_index,time_cycles
0,1217190
page_index,time_cycles
0,3117450
page_index,time_cycles
0,1260410
page_index,time_cycles
0,1919410
page_index,time_cycles
0,1442850
page_index,time_cycles
0,2958086
page_index,time_cycles
0,1258836
page_index,time_cycles
0,3150816
page_index,time_cycles
0,1790562
page_index,time_cycles
0,1558024
page_index,time_cycles
0,1782462
page_index,time_cycles
0,1354086
page_index,time_cycles
0,3855942
page_index,time_cycles
0,1433524
page_index,time_cycles
0,3361634
page_index,time_cycles
0,3314740
page_index,time_cycles
0,1901256
page_index,time_cycles
0,3140826
page_index,time_cycles
0,1158294
page_index,time_cycles
0,1610940
page_index,time_cycles
0,1519542
page_index,time_cycles
0,3112814
page_index,time_cycles
0,2162356
page_index,time_cycles
0,1750598
page_index,time_cycles
0,1515460
page_index,time_cycles
0,3494656
page_index,time_cycles
0,1141312
page_index,time_cycles
0,1241162
page_index,time_cycles
0,1534584
page_index,time_cycles
0,1341942
page_index,time_cycles
0,1345402
page_index,time_cycles
0,3963700
page_index,time_cycles
0,3477090
page_index,time_cycles
0,2298830
page_index,time_cycles
0,1209786
page_index,time_cycles
0,3032450
page_index,time_cycles
0,2279498
page_index,time_cycles
0,1593392
page_index,time_cycles
0,1137190
page_index,time_cycles
0,1291204
page_index,time_cycles
0,1241094
page_index,time_cycles
0,1149694
page_index,time_cycles
0,3384032
page_index,time_cycles
0,1297674
page_index,time_cycles
0,1130312
page_index,time_cycles
0,1493236
page_index,time_cycles
0,1386492
page_index,time_cycles
0,1109694
page_index,time_cycles
0,1571666
page_index,time_cycles
0,1138720
page_index,time_cycles
0,1167774
page_index,time_cycles
0,1298814
page_index,time_cycles
0,1170090
page_index,time_cycles
0,1242378
page_index,time_cycles
0,1752982
page_index,time_cycles
0,3559534
page_index,time_cycles
0,1236536
page_index,time_cycles
0,1300658
page_index,time_cycles
0,1131258
page_index,time_cycles
0,1554356
page_index,time_cycles
0,1548922
page_index,time_cycles
0,2306582
page_index,time_cycles
0,1190480
page_index,time_cycles
0,1111206
page_index,time_cycles
0,3328918
page_index,time_cycles
0,3590312
page_index,time_cycles
0,1199716
page_index,time_cycles
0,1542010
page_index,time_cycles
0,1753666
page_index,time_cycles
0,1411436
page_index,time_cycles
0,1144534
page_index,time_cycles
0,3772376
page_index,time_cycles
0,1453202
page_index,time_cycles
0,1203026
page_index,time_cycles
0,2636836
page_index,time_cycles
0,1206680
page_index,time_cycles
0,3125758
page_index,time_cycles
0,2994120
page_index,time_cycles
0,1157592
page_index,time_cycles
0,1351558
page_index,time_cycles
0,3601352
page_index,time_cycles
0,1885514
page_index,time_cycles
0,3611506
page_index,time_cycles
0,1723844
page_index,time_cycles
0,1156418
page_index,time_cycles
0,2119454
page_index,time_cycles
0,1527924
page_index,time_cycles
0,1176170
page_index,time_cycles
0,1634258
page_index,time_cycles
0,4446710
page_index,time_cycles
0,1141310
page_index,time_cycles
0,1732610
page_index,time_cycles
0,1102992
page_index,time_cycles
0,1696562
page_index,time_cycles
0,1115994
page_index,time_cycles
0,1271238
page_index,time_cycles
0,4753334
page_index,time_cycles
0,1240608
page_index,time_cycles
0,1428890
page_index,time_cycles
0,3440548
page_index,time_cycles
0,1503372
page_index,time_cycles
0,1929176
page_index,time_cycles
0,1549066
page_index,time_cycles
0,2176622
page_index,time_cycles
0,2803800
page_index,time_cycles
0,1182874
page_index,time_cycles
0,3396310
page_index,time_cycles
0,3182266
page_index,time_cycles
0,1376004
page_index,time_cycles
0,4098306
page_index,time_cycles
0,1234242
page_index,time_cycles
0,1280388
page_index,time_cycles
0,3094370
page_index,time_cycles
0,1699462
page_index,time_cycles
0,3675472
page_index,time_cycles
0,2589540
page_index,time_cycles
0,2619056
page_index,time_cycles
0,1180942
page_index,time_cycles
0,1276504
page_index,time_cycles
0,1394544
page_index,time_cycles
0,1156962
page_index,time_cycles
0,1374226
page_index,time_cycles
0,1211274
page_index,time_cycles
0,3181552
page_index,time_cycles
0,1437736
page_index,time_cycles
0,3776298
page_index,time_cycles
0,1173538
page_index,time_cycles
0,4039330
page_index,time_cycles
0,1463572
page_index,time_cycles
0,1158092
page_index,time_cycles
0,2799392
page_index,time_cycles
0,1400538
page_index,time_cycles
0,1276128
page_index,time_cycles
0,2119026
page_index,time_cycles
0,1144044
page_index,time_cycles
0,1096764
page_index,time_cycles
0,3349056
page_index,time_cycles
0,1151222
page_index,time_cycles
0,1109660
page_index,time_cycles
0,1165810
page_index,time_cycles
0,1351958
page_index,time_cycles
0,1167912
page_index,time_cycles
0,1167518
page_index,time_cycles
0,1568666
page_index,time_cycles
0,1168968
page_index,time_cycles
0,1178388
page_index,time_cycles
0,1451824
page_index,time_cycles
0,3092160
page_index,time_cycles
0,1350522
page_index,time_cycles
0,3592770
page_index,time_cycles
0,1248798
page_index,time_cycles
0,1166082
page_index,time_cycles
0,1769042
page_index,time_cycles
0,3503254
page_index,time_cycles
0,3009478
page_index,time_cycles
0,1316096
page_index,time_cycles
0,1201796
page_index,time_cycles
0,1113946
page_index,time_cycles
0,1173198
page_index,time_cycles
0,1196342
page_index,time_cycles
0,1151688
page_index,time_cycles
0,1247404
page_index,time_cycles
0,3517408
page_index,time_cycles
0,1168896
page_index,time_cycles
0,3323904
page_index,time_cycles
0,1149742
page_index,time_cycles
0,1667342
page_index,time_cycles
0,1424786
page_index,time_cycles
0,2951126
page_index,time_cycles
0,1996620
page_index,time_cycles
0,1128962
page_index,time_cycles
0,3073524
page_index,time_cycles
0,2194496
page_index,time_cycles
0,2049996
page_index,time_cycles
0,3296470
page_index,time_cycles
0,3426400
page_index,time_cycles
0,1163594
page_index,time_cycles
0,1306388
page_index,time_cycles
0,1164604
page_index,time_cycles
0,2063992
page_index,time_cycles
0,2502646
page_index,time_cycles
0,1148904
page_index,time_cycles
0,1536412
page_index,time_cycles
0,3335090
page_index,time_cycles
0,1716470
page_index,time_cycles
0,1163278
page_index,time_cycles
0,3246060
page_index,time_cycles
0,3321312
page_index,time_cycles
0,3252348
page_index,time_cycles
0,1243882
page_index,time_cycles
0,1265042
page_index,time_cycles
0,3108358
page_index,time_cycles
0,3628832
page_index,time_cycles
0,1888366
page_index,time_cycles
0,2592502
page_index,time_cycles
0,1399594
page_index,time_cycles
0,1372892
page_index,time_cycles
0,1155728
page_index,time_cycles
0,1280014
page_index,time_cycles
0,1151054
page_index,time_cycles
0,1293554
page_index,time_cycles
0,2900782
page_index,time_cycles
0,1261428
page_index,time_cycles
0,3495226
page_index,time_cycles
0,2168638
page_index,time_cycles
0,1507540
page_index,time_cycles
0,1368266
page_index,time_cycles
0,1237674
page_index,time_cycles
0,1162136
page_index,time_cycles
0,1467818
page_index,time_cycles
0,1145052
page_index,time_cycles
0,3054540
page_index,time_cycles
0,3305300
page_index,time_cycles
0,3128092
page_index,time_cycles
0,2259100
page_index,time_cycles
0,1262650
page_index,time_cycles
0,3231042
page_index,time_cycles
0,2410986
page_index,time_cycles
0,1338364
page_index,time_cycles
0,1140510
page_index,time_cycles
0,1206264
page_index,time_cycles
0,3613420
page_index,time_cycles
0,1280498
page_index,time_cycles
0,2369766
page_index,time_cycles
0,3421472
page_index,time_cycles
0,3753616
page_index,time_cycles
0,1411324
page_index,time_cycles
0,1271430
page_index,time_cycles
0,1193588
page_index,time_cycles
0,1221506
page_index,time_cycles
0,1662020
page_index,time_cycles
0,1131138
page_index,time_cycles
0,1174388
page_index,time_cycles
0,1147244
page_index,time_cycles
0,2761568
page_index,time_cycles
0,3238692
page_index,time_cycles
0,1151634
page_index,time_cycles
0,1850166
page_index,time_cycles
0,2034758
page_index,time_cycles
0,1246076
page_index,time_cycles
0,1456598
page_index,time_cycles
0,2320432
page_index,time_cycles
0,1848050
page_index,time_cycles
0,1206498
page_index,time_cycles
0,1395194
page_index,time_cycles
0,3671304
page_index,time_cycles
0,1249098
page_index,time_cycles
0,1164278
page_index,time_cycles
0,1306746
page_index,time_cycles
0,2274770
page_index,time_cycles
0,3351754
page_index,time_cycles
0,1225980
page_index,time_cycles
0,3552818
page_index,time_cycles
0,2945782
page_index,time_cycles
0,3141478
page_index,time_cycles
0,2077482
page_index,time_cycles
0,1144358
page_index,time_cycles
0,3695202
page_index,time_cycles
0,1183670
page_index,time_cycles
0,2903856
page_index,time_cycles
0,2264218
page_index,time_cycles
0,2129574
page_index,time_cycles
0,1206860
page_index,time_cycles
0,1329922
page_index,time_cycles
0,1156892
page_index,time_cycles
0,1910192
page_index,time_cycles
0,4259248
page_index,time_cycles
0,1154930
page_index,time_cycles
0,1134318
page_index,time_cycles
0,1615516
page_index,time_cycles
0,3341772
page_index,time_cycles
0,1155344
page_index,time_cycles
0,1295446
page_index,time_cycles
0,1406260
page_index,time_cycles
0,1591494
page_index,time_cycles
0,1818626
page_index,time_cycles
0,2835688
page_index,time_cycles
0,1353950
page_index,time_cycles
0,4153162
page_index,time_cycles
0,3210740
page_index,time_cycles
0,1692188
page_index,time_cycles
0,2137132
page_index,time_cycles
0,1158522
page_index,time_cycles
0,1386832
page_index,time_cycles
0,2933170
page_index,time_cycles
0,1147608
page_index,time_cycles
0,1170954
page_index,time_cycles
0,1164624
page_index,time_cycles
0,3567176
page_index,time_cycles
0,1882634
page_index,time_cycles
0,2642916
page_index,time_cycles
0,1144224
page_index,time_cycles
0,2644326
page_index,time_cycles
0,1152262
page_index,time_cycles
0,3062094
page_index,time_cycles
0,1250862
page_index,time_cycles
0,3176306
page_index,time_cycles
0,3904900
page_index,time_cycles
0,1149752
page_index,time_cycles
0,1102898
page_index,time_cycles
0,1300044
page_index,time_cycles
0,1196588
page_index,time_cycles
0,1277342
page_index,time_cycles
0,3757682
page_index,time_cycles
0,1440246
page_index,time_cycles
0,3179960
page_index,time_cycles
0,1299570
page_index,time_cycles
0,1150668
page_index,time_cycles
0,1246768
page_index,time_cycles
0,1142462
page_index,time_cycles
0,1591456
page_index,time_cycles
0,2946212
page_index,time_cycles
0,1592774
page_index,time_cycles
0,2105118
page_index,time_cycles
0,2503760
page_index,time_cycles
0,2982772
page_index,time_cycles
0,1332158
page_index,time_cycles
0,1397126
page_index,time_cycles
0,1471436
page_index,time_cycles
0,2111422
page_index,time_cycles
0,1164084
page_index,time_cycles
0,1303578
page_index,time_cycles
0,1786850
page_index,time_cycles
0,1529070
page_index,time_cycles
0,3289584
page_index,time_cycles
0,3330014
page_index,time_cycles
0,3358554
page_index,time_cycles
0,1328470
page_index,time_cycles
0,3636318
page_index,time_cycles
0,3406884
page_index,time_cycles
0,1116862
page_index,time_cycles
0,1193298
page_index,time_cycles
0,1957500
page_index,time_cycles
0,1534298
page_index,time_cycles
0,1334440
page_index,time_cycles
0,3149436
page_index,time_cycles
0,1976544
page_index,time_cycles
0,1454604
page_index,time_cycles
0,1167008
page_index,time_cycles
0,1131588
page_index,time_cycles
0,3434034
page_index,time_cycles
0,1406416
page_index,time_cycles
0,1363786
page_index,time_cycles
0,1964590
page_index,time_cycles
0,3437924
page_index,time_cycles
0,1315500
page_index,time_cycles
0,1229012
page_index,time_cycles
0,1245160
page_index,time_cycles
0,1457870
page_index,time_cycles
0,1966800
page_index,time_cycles
0,1359688
page_index,time_cycles
0,2072094
page_index,time_cycles
0,3487658
page_index,time_cycles
0,1933832
page_index,time_cycles
0,1197552
page_index,time_cycles
0,2691084
page_index,time_cycles
0,2896330
page_index,time_cycles
0,2881004
page_index,time_cycles
0,1128194
page_index,time_cycles
0,1117742
page_index,time_cycles
0,4192908
page_index,time_cycles
0,1124422
page_index,time_cycles
0,1245296
page_index,time_cycles
0,1723430
page_index,time_cycles
0,1215754
page_index,time_cycles
0,1189102
page_index,time_cycles
0,1283594
page_index,time_cycles
0,1135938
page_index,time_cycles
0,2388724
page_index,time_cycles
0,3250608
page_index,time_cycles
0,3892204
page_index,time_cycles
0,2047472
page_index,time_cycles
0,1597392
page_index,time_cycles
0,1396448
page_index,time_cycles
0,2379902
page_index,time_cycles
0,1207266
page_index,time_cycles
0,3694598
page_index,time_cycles
0,1491598
page_index,time_cycles
0,1273106
page_index,time_cycles
0,1163054
page_index,time_cycles
0,2850004
page_index,time_cycles
0,1599552
page_index,time_cycles
0,1327190
page_index,time_cycles
0,1159198
page_index,time_cycles
0,1169560
page_index,time_cycles
0,1173396
page_index,time_cycles
0,1479638
page_index,time_cycles
0,3427560
page_index,time_cycles
0,1370674
page_index,time_cycles
0,1117138
page_index,time_cycles
0,2723744
page_index,time_cycles
0,1159406
page_index,time_cycles
0,3547210
page_index,time_cycles
0,2131244
page_index,time_cycles
0,2075598
page_index,time_cycles
0,1311380
page_index,time_cycles
0,1156350
page_index,time_cycles
0,1902468
page_index,time_cycles
0,1337400
page_index,time_cycles
0,1959044
page_index,time_cycles
0,1768078
page_index,time_cycles
0,2181188
page_index,time_cycles
0,1152270
page_index,time_cycles
0,3527504
page_index,time_cycles
0,1924656
page_index,time_cycles
0,1265590
page_index,time_cycles
0,3155086
page_index,time_cycles
0,3816736
page_index,time_cycles
0,1179922
page_index,time_cycles
0,3836788
page_index,time_cycles
0,3264288
page_index,time_cycles
0,1196578
page_index,time_cycles
0,1354954
page_index,time_cycles
0,1180042
page_index,time_cycles
0,1229486
page_index,time_cycles
0,1244396
page_index,time_cycles
0,3289480
page_index,time_cycles
0,1222012
page_index,time_cycles
0,1149480
page_index,time_cycles
0,1767996
page_index,time_cycles
0,3575234
page_index,time_cycles
0,2896576
page_index,time_cycles
0,1360272
page_index,time_cycles
0,1723638
page_index,time_cycles
0,3633032
page_index,time_cycles
0,3246270
page_index,time_cycles
0,1149532
page_index,time_cycles
0,1186660
page_index,time_cycles
0,1763668
page_index,time_cycles
0,2747796
page_index,time_cycles
0,3250504
page_index,time_cycles
0,3594294
page_index,time_cycles
0,1320390
page_index,time_cycles
0,2105174
page_index,time_cycles
0,1141576
page_index,time_cycles
0,3282184
page_index,time_cycles
0,1326156
page_index,time_cycles
0,1172616
page_index,time_cycles
0,3387678
page_index,time_cycles
0,2934538
page_index,time_cycles
0,1213978
page_index,time_cycles
0,1264736
page_index,time_cycles
0,2650202
page_index,time_cycles
0,3576694
page_index,time_cycles
0,3230598
page_index,time_cycles
0,1468274
page_index,time_cycles
0,1330166
page_index,time_cycles
0,2019324
page_index,time_cycles
0,2683418
page_index,time_cycles
0,1481178
page_index,time_cycles
0,3582898
page_index,time_cycles
0,1283040
page_index,time_cycles
0,1306856
page_index,time_cycles
0,3131464
page_index,time_cycles
0,1178936
page_index,time_cycles
0,1486270
page_index,time_cycles
0,1214830
page_index,time_cycles
0,1292246
page_index,time_cycles
0,3056916
page_index,time_cycles
0,1830230
page_index,time_cycles
0,1589290
page_index,time_cycles
0,1164940
page_index,time_cycles
0,1144352
page_index,time_cycles
0,2018774
page_index,time_cycles
0,3309174
page_index,time_cycles
0,4453392
page_index,time_cycles
0,1865518
page_index,time_cycles
0,1750000
page_index,time_cycles
0,3398220
page_index,time_cycles
0,1932098
page_index,time_cycles
0,3518976
page_index,time_cycles
0,2129752
page_index,time_cycles
0,3340716
page_index,time_cycles
0,1599658
page_index,time_cycles
0,1204044
page_index,time_cycles
0,3233548
page_index,time_cycles
0,1759114
page_index,time_cycles
0,1133138
page_index,time_cycles
0,2056298
page_index,time_cycles
0,4153988
page_index,time_cycles
0,1305376
page_index,time_cycles
0,3286934
page_index,time_cycles
0,1725068
page_index,time_cycles
0,2495242
page_index,time_cycles
0,1162028
page_index,time_cycles
0,1203330
page_index,time_cycles
0,3047256
page_index,time_cycles
0,3272062
page_index,time_cycles
0,3328628
page_index,time_cycles
0,3605794
page_index,time_cycles
0,1234690
page_index,time_cycles
0,2473982
page_index,time_cycles
0,3237024
page_index,time_cycles
0,1200106
page_index,time_cycles
0,1274700
page_index,time_cycles
0,3343636
page_index,time_cycles
0,1587898
page_index,time_cycles
0,1379992
page_index,time_cycles
0,1184142
page_index,time_cycles
0,3434248
page_index,time_cycles
0,1697052
page_index,time_cycles
0,3538288
page_index,time_cycles
0,3253132
page_index,time_cycles
0,1161408
page_index,time_cycles
0,1329364
page_index,time_cycles
0,1840434
page_index,time_cycles
0,1362302
page_index,time_cycles
0,1173446
page_index,time_cycles
0,1202782
page_index,time_cycles
0,2004780
page_index,time_cycles
0,1165036
page_index,time_cycles
0,1248632
page_index,time_cycles
0,1422174
page_index,time_cycles
0,2288906
page_index,time_cycles
0,2961520
page_index,time_cycles
0,2197818
page_index,time_cycles
0,3206320
page_index,time_cycles
0,1486940
page_index,time_cycles
0,1160018
page_index,time_cycles
0,1176454
page_index,time_cycles
0,1148460
page_index,time_cycles
0,1359972
page_index,time_cycles
0,1255790
page_index,time_cycles
0,1217660
page_index,time_cycles
0,2180726
page_index,time_cycles
0,3113376
page_index,time_cycles
0,2147608
page_index,time_cycles
0,1601814
page_index,time_cycles
0,1180788
page_index,time_cycles
0,3567164
page_index,time_cycles
0,2212196
page_index,time_cycles
0,3359928
page_index,time_cycles
0,3203960
page_index,time_cycles
0,2918824
page_index,time_cycles
0,1814896
page_index,time_cycles
0,1185832
page_index,time_cycles
0,2802996
page_index,time_cycles
0,1419716
page_index,time_cycles
0,1742862
page_index,time_cycles
0,1943380
page_index,time_cycles
0,1528750
page_index,time_cycles
0,1247610
page_index,time_cycles
0,1584930
page_index,time_cycles
0,3595854
page_index,time_cycles
0,2397658
page_index,time_cycles
0,2723036
page_index,time_cycles
0,1346104
page_index,time_cycles
0,1895016
page_index,time_cycles
0,3202770
page_index,time_cycles
0,3092786
page_index,time_cycles
0,1231926
page_index,time_cycles
0,1162048
page_index,time_cycles
0,2011688
page_index,time_cycles
0,2422868
page_index,time_cycles
0,1557322
page_index,time_cycles
0,3383538
page_index,time_cycles
0,3767518
page_index,time_cycles
0,1181916
page_index,time_cycles
0,3253536
page_index,time_cycles
0,1435280
page_index,time_cycles
0,1798444
page_index,time_cycles
0,2527142
page_index,time_cycles
0,1568138
page_index,time_cycles
0,1299006
page_index,time_cycles
0,2187182
page_index,time_cycles
0,1260964
page_index,time_cycles
0,1147980
page_index,time_cycles
0,1236418
page_index,time_cycles
0,2424272
page_index,time_cycles
0,1114094
page_index,time_cycles
0,2096116
page_index,time_cycles
0,1568432
page_index,time_cycles
0,1161516
page_index,time_cycles
0,1777736
page_index,time_cycles
0,1419588
page_index,time_cycles
0,2883128
page_index,time_cycles
0,1817366
page_index,time_cycles
0,1370526
page_index,time_cycles
0,1338824
page_index,time_cycles
0,1584470
page_index,time_cycles
0,1180822
page_index,time_cycles
0,3130448
page_index,time_cycles
0,1155790
page_index,time_cycles
0,1128270
page_index,time_cycles
0,1859282
page_index,time_cycles
0,3191490
page_index,time_cycles
0,1185008
page_index,time_cycles
0,3630144
page_index,time_cycles
0,1153386
page_index,time_cycles
0,3266754
page_index,time_cycles
0,3976244
page_index,time_cycles
0,1225086
page_index,time_cycles
0,1163706
page_index,time_cycles
0,1978252
page_index,time_cycles
0,1687922
page_index,time_cycles
0,1219520
page_index,time_cycles
0,2552798
page_index,time_cycles
0,1120088
page_index,time_cycles
0,2039454
page_index,time_cycles
0,1446354
page_index,time_cycles
0,1684028
page_index,time_cycles
0,1169214
page_index,time_cycles
0,1635692
page_index,time_cycles
0,2052496
page_index,time_cycles
0,1274228
page_index,time_cycles
0,1385900
page_index,time_cycles
0,1224446
page_index,time_cycles
0,1158872
page_index,time_cycles
0,1249626
page_index,time_cycles
0,1402280
page_index,time_cycles
0,1762414
page_index,time_cycles
0,1113796
page_index,time_cycles
0,1160956
page_index,time_cycles
0,1119054
page_index,time_cycles
0,1271200
page_index,time_cycles
0,1173114
page_index,time_cycles
0,2314284
page_index,time_cycles
0,3330712
page_index,time_cycles
0,2781496
page_index,time_cycles
0,2248900
page_index,time_cycles
0,2143176
page_index,time_cycles
0,1566098
page_index,time_cycles
0,1532662
page_index,time_cycles
0,3555410
page_index,time_cycles
0,2829228
page_index,time_cycles
0,1150300
page_index,time_cycles
0,1154262
page_index,time_cycles
0,1820866
page_index,time_cycles
0,3208474
page_index,time_cycles
0,3267340
page_index,time_cycles
0,1669530
page_index,time_cycles
0,2102362
page_index,time_cycles
0,2297734
page_index,time_cycles
0,1150878
page_index,time_cycles
0,1384316
page_index,time_cycles
0,1230138
page_index,time_cycles
0,3016944
page_index,time_cycles
0,1226696
page_index,time_cycles
0,1812706
page_index,time_cycles
0,2780214
page_index,time_cycles
0,1274356
page_index,time_cycles
0,1081336
page_index,time_cycles
0,3434544
page_index,time_cycles
0,3761626
page_index,time_cycles
0,1269376
page_index,time_cycles
0,1534082
page_index,time_cycles
0,1236538
page_index,time_cycles
0,1147544
page_index,time_cycles
0,1184070
page_index,time_cycles
0,1562458
page_index,time_cycles
0,1691930
page_index,time_cycles
0,2101582
page_index,time_cycles
0,3300060
page_index,time_cycles
0,1262958
page_index,time_cycles
0,3572786
page_index,time_cycles
0,1213618
page_index,time_cycles
0,1161830
page_index,time_cycles
0,3235738
page_index,time_cycles
0,2465210
page_index,time_cycles
0,1266132
page_index,time_cycles
0,1470552
page_index,time_cycles
0,1336652
page_index,time_cycles
0,1601812
page_index,time_cycles
0,3302532
page_index,time_cycles
0,1106186
page_index,time_cycles
0,2510556
page_index,time_cycles
0,1343058
page_index,time_cycles
0,3661386
page_index,time_cycles
0,3195716
page_index,time_cycles
0,1340246
page_index,time_cycles
0,1354560
page_index,time_cycles
0,1178096
page_index,time_cycles
0,2186554
page_index,time_cycles
0,1844142
page_index,time_cycles
0,1264992
page_index,time_cycles
0,3553880
page_index,time_cycles
0,1140738
page_index,time_cycles
0,1984354
page_index,time_cycles
0,1293632
page_index,time_cycles
0,1301656
page_index,time_cycles
0,1484782
page_index,time_cycles
0,1121956
page_index,time_cycles
0,1332244
page_index,time_cycles
0,1247966
page_index,time_cycles
0,1656192
page_index,time_cycles
0,1421438
page_index,time_cycles
0,1164932
page_index,time_cycles
0,1512422
page_index,time_cycles
0,1427736
page_index,time_cycles
0,1336502
page_index,time_cycles
0,3287762
page_index,time_cycles
0,3796012
page_index,time_cycles
0,1134638
page_index,time_cycles
0,1146668
page_index,time_cycles
0,1621806
page_index,time_cycles
0,3525476
page_index,time_cycles
0,3821838
page_index,time_cycles
0,1137788
page_index,time_cycles
0,1200432
page_index,time_cycles
0,1130818
page_index,time_cycles
0,1107132
page_index,time_cycles
0,1148538
page_index,time_cycles
0,2214190
page_index,time_cycles
0,1857760
page_index,time_cycles
0,1345336
page_index,time_cycles
0,1572348
page_index,time_cycles
0,1267796
page_index,time_cycles
0,1385026
page_index,time_cycles
0,2537910
page_index,time_cycles
0,1339084
page_index,time_cycles
0,1134560
page_index,time_cycles
0,1390396
page_index,time_cycles
0,1922510
page_index,time_cycles
0,1126634
page_index,time_cycles
0,1603804
page_index,time_cycles
0,2230070
page_index,time_cycles
0,1547616
page_index,time_cycles
0,3067654
page_index,time_cycles
0,3153996
page_index,time_cycles
0,1161530
page_index,time_cycles
0,1642316
page_index,time_cycles
0,1579224
page_index,time_cycles
0,2289076
page_index,time_cycles
0,1180204
page_index,time_cycles
0,2290344
page_index,time_cycles
0,2993784
page_index,time_cycles
0,1330404
page_index,time_cycles
0,1128242
page_index,time_cycles
0,1210126
page_index,time_cycles
0,1254854
page_index,time_cycles
0,3814292
page_index,time_cycles
0,3114878
page_index,time_cycles
0,1175810
page_index,time_cycles
0,1975810
page_index,time_cycles
0,1155282
page_index,time_cycles
0,1276258
page_index,time_cycles
0,2199238
page_index,time_cycles
0,1225642
page_index,time_cycles
0,1588918
page_index,time_cycles
0,1275444
page_index,time_cycles
0,1338964
page_index,time_cycles
0,1359658
page_index,time_cycles
0,1157278
page_index,time_cycles
0,1246144
page_index,time_cycles
0,2778298
page_index,time_cycles
0,1176288
page_index,time_cycles
0,1908094
page_index,time_cycles
0,3916174
page_index,time_cycles
0,1350262
page_index,time_cycles
0,2733136
page_index,time_cycles
0,1370724
page_index,time_cycles
0,1216276
page_index,time_cycles
0,1110788
page_index,time_cycles
0,1226138
page_index,time_cycles
0,1825064
page_index,time_cycles
0,2314630
page_index,time_cycles
0,1175260
page_index,time_cycles
0,3883674
page_index,time_cycles
0,2927626
page_index,time_cycles
0,1355216
page_index,time_cycles
0,1979674
page_index,time_cycles
0,1129644
page_index,time_cycles
0,1420348
page_index,time_cycles
0,1184232
page_index,time_cycles
0,1133340
page_index,time_cycles
0,1792950
page_index,time_cycles
0,3625642
page_index,time_cycles
0,2846474
page_index,time_cycles
0,1161910
page_index,time_cycles
0,3864952
page_index,time_cycles
0,1123430
page_index,time_cycles
0,1210548
page_index,time_cycles
0,1181032
page_index,time_cycles
0,1144388
page_index,time_cycles
0,1187782
page_index,time_cycles
0,3371586
page_index,time_cycles
0,4095484
page_index,time_cycles
0,1926234
page_index,time_cycles
0,4001040
page_index,time_cycles
0,1362594
page_index,time_cycles
0,3602960
page_index,time_cycles
0,1149280
page_index,time_cycles
0,2109288
page_index,time_cycles
0,3364648
page_index,time_cycles
0,1188382
page_index,time_cycles
0,1359954
page_index,time_cycles
0,1156474
page_index,time_cycles
0,1129960
page_index,time_cycles
0,2848616
page_index,time_cycles
0,1977968
page_index,time_cycles
0,1178226
page_index,time_cycles
0,1118302
page_index,time_cycles
0,1325126
page_index,time_cycles
0,3770384
page_index,time_cycles
0,1286220
page_index,time_cycles
0,1190688
page_index,time_cycles
0,3487680
page_index,time_cycles
0,1246392
page_index,time_cycles
0,1385688
page_index,time_cycles
0,3568036
page_index,time_cycles
0,1989948
page_index,time_cycles
0,1140052
page_index,time_cycles
0,1582032
page_index,time_cycles
0,1695142
page_index,time_cycles
0,3301364
page_index,time_cycles
0,1700088
page_index,time_cycles
0,1620500
page_index,time_cycles
0,1227434
page_index,time_cycles
0,2117108
page_index,time_cycles
0,3215314
page_index,time_cycles
0,3690884
page_index,time_cycles
0,2381212
page_index,time_cycles
0,2988282
page_index,time_cycles
0,1150358
page_index,time_cycles
0,1277528
page_index,time_cycles
0,1152070
page_index,time_cycles
0,3063286
page_index,time_cycles
0,3284492
page_index,time_cycles
0,3374228
page_index,time_cycles
0,2012768
page_index,time_cycles
0,1162404
page_index,time_cycles
0,3199200
page_index,time_cycles
0,2829526
page_index,time_cycles
0,2147136
page_index,time_cycles
0,1236838
page_index,time_cycles
0,2034844
page_index,time_cycles
0,1166078
page_index,time_cycles
0,1206278
page_index,time_cycles
0,1776228
page_index,time_cycles
0,1360870
page_index,time_cycles
0,2250834
page_index,time_cycles
0,2328698
page_index,time_cycles
0,3583200
page_index,time_cycles
0,3205776
page_index,time_cycles
0,1149878
page_index,time_cycles
0,1216388
page_index,time_cycles
0,3015868
page_index,time_cycles
0,1131564
page_index,time_cycles
0,1140696
page_index,time_cycles
0,1114806
page_index,time_cycles
0,1153066
page_index,time_cycles
0,1479696
page_index,time_cycles
0,1146814
page_index,time_cycles
0,2602436
page_index,time_cycles
0,3437428
page_index,time_cycles
0,3723646
page_index,time_cycles
0,1328470
page_index,time_cycles
0,1160756
page_index,time_cycles
0,1142612
page_index,time_cycles
0,1758958
page_index,time_cycles
0,1203818
page_index,time_cycles
0,1978302
page_index,time_cycles
0,2857362
page_index,time_cycles
0,1860180
page_index,time_cycles
0,2761472
page_index,time_cycles
0,1506278
page_index,time_cycles
0,1153020
page_index,time_cycles
0,3272374
page_index,time_cycles
0,1676270
page_index,time_cycles
0,2121162
page_index,time_cycles
0,1328978
page_index,time_cycles
0,1165584
page_index,time_cycles
0,1588018
page_index,time_cycles
0,1811286
page_index,time_cycles
0,1152900
page_index,time_cycles
0,1168614
page_index,time_cycles
0,3432568
page_index,time_cycles
0,3421460
page_index,time_cycles
0,1128260
page_index,time_cycles
0,1446012
page_index,time_cycles
0,2116450
page_index,time_cycles
0,1867196
page_index,time_cycles
0,1167490
page_index,time_cycles
0,1316876
page_index,time_cycles
0,1265426
page_index,time_cycles
0,1229390
page_index,time_cycles
0,1840772
page_index,time_cycles
0,3190356
page_index,time_cycles
0,1442612
page_index,time_cycles
0,2854080
page_index,time_cycles
0,1335544
page_index,time_cycles
0,1195130
page_index,time_cycles
0,3265920
page_index,time_cycles
0,1345948
page_index,time_cycles
0,3338930
page_index,time_cycles
0,1430164
page_index,time_cycles
0,1294534
page_index,time_cycles
0,1317442
page_index,time_cycles
0,1446096
page_index,time_cycles
0,1449978
page_index,time_cycles
0,2029992
page_index,time_cycles
0,1399456
page_index,time_cycles
0,3086382
page_index,time_cycles
0,1309648
page_index,time_cycles
0,3133024
page_index,time_cycles
0,2770728
page_index,time_cycles
0,1648174
page_index,time_cycles
0,1373418
page_index,time_cycles
0,1188160
page_index,time_cycles
0,3415578
page_index,time_cycles
0,3520300
page_index,time_cycles
0,1137498
page_index,time_cycles
0,1176086
page_index,time_cycles
0,4139744
page_index,time_cycles
0,1635766
page_index,time_cycles
0,3329492
page_index,time_cycles
0,1183138
page_index,time_cycles
0,1109324
page_index,time_cycles
0,1382964
page_index,time_cycles
0,1934076
page_index,time_cycles
0,3590360
page_index,time_cycles
0,3711084
page_index,time_cycles
0,1126346
page_index,time_cycles
0,3142826
page_index,time_cycles
0,3293120
page_index,time_cycles
0,1805478
page_index,time_cycles
0,3171418
page_index,time_cycles
0,3339936
page_index,time_cycles
0,3140946
page_index,time_cycles
0,3845620
page_index,time_cycles
0,1352848
page_index,time_cycles
0,1339278
page_index,time_cycles
0,1231616
page_index,time_cycles
0,1245030
page_index,time_cycles
0,1208888
page_index,time_cycles
0,1285612
page_index,time_cycles
0,1491166
page_index,time_cycles
0,1159408
page_index,time_cycles
0,3235634
page_index,time_cycles
0,3965110
page_index,time_cycles
0,1227570
page_index,time_cycles
0,1678814
page_index,time_cycles
0,3043476
page_index,time_cycles
0,1554346
page_index,time_cycles
0,3169428
page_index,time_cycles
0,2072302
page_index,time_cycles
0,2751886
page_index,time_cycles
0,1485294
page_index,time_cycles
0,1215852
page_index,time_cycles
0,1155646
page_index,time_cycles
0,3903638
page_index,time_cycles
0,3134456
page_index,time_cycles
0,2991718
page_index,time_cycles
0,1459134
page_index,time_cycles
0,2164004
page_index,time_cycles
0,1309430
page_index,time_cycles
0,1235602
page_index,time_cycles
0,1804950
page_index,time_cycles
0,1171382
page_index,time_cycles
0,1181834
page_index,time_cycles
0,1145208
page_index,time_cycles
0,2089680
page_index,time_cycles
0,1342874
page_index,time_cycles
0,1267022
page_index,time_cycles
0,1254780
page_index,time_cycles
0,1366684
page_index,time_cycles
0,2365128
page_index,time_cycles
0,1125670
page_index,time_cycles
0,1529918
page_index,time_cycles
0,1962486
page_index,time_cycles
0,1128700
page_index,time_cycles
0,1149614
page_index,time_cycles
0,3417050
page_index,time_cycles
0,1240390
page_index,time_cycles
0,1382056
page_index,time_cycles
0,3911848
page_index,time_cycles
0,2666162
page_index,time_cycles
0,1235388
page_index,time_cycles
0,2092624
page_index,time_cycles
0,1098890
page_index,time_cycles
0,1719840
page_index,time_cycles
0,1144436
page_index,time_cycles
0,3207530
page_index,time_cycles
0,1322776
page_index,time_cycles
0,3257686
page_index,time_cycles
0,1846998
page_index,time_cycles
0,1137288
page_index,time_cycles
0,1328212
page_index,time_cycles
0,2519160
page_index,time_cycles
0,1614056
page_index,time_cycles
0,1754000
page_index,time_cycles
0,1512138
page_index,time_cycles
0,1173430
page_index,time_cycles
0,1988276
page_index,time_cycles
0,1746854
page_index,time_cycles
0,3469708
page_index,time_cycles
0,3103020
page_index,time_cycles
0,1775456
page_index,time_cycles
0,1173224
page_index,time_cycles
0,2235456
page_index,time_cycles
0,1148478
page_index,time_cycles
0,1246806
page_index,time_cycles
0,1125902
page_index,time_cycles
0,1819604
page_index,time_cycles
0,1155022
page_index,time_cycles
0,1382434
page_index,time_cycles
0,1461696
page_index,time_cycles
0,1135762
page_index,time_cycles
0,1226794
page_index,time_cycles
0,1189476
page_index,time_cycles
0,2344020
page_index,time_cycles
0,1302320
page_index,time_cycles
0,3773902
page_index,time_cycles
0,1745778
page_index,time_cycles
0,3407058
page_index,time_cycles
0,1563602
page_index,time_cycles
0,3091932
page_index,time_cycles
0,1164000
page_index,time_cycles
0,2175982
page_index,time_cycles
0,1224128
page_index,time_cycles
0,1179760
page_index,time_cycles
0,1292822
page_index,time_cycles
0,1271226
page_index,time_cycles
0,1143538
page_index,time_cycles
0,1356304
page_index,time_cycles
0,1661412
page_index,time_cycles
0,1336766
page_index,time_cycles
0,2940310
page_index,time_cycles
0,3176670
page_index,time_cycles
0,3441104
page_index,time_cycles
0,2068874
page_index,time_cycles
0,1167962
page_index,time_cycles
0,1289406
page_index,time_cycles
0,1152516
page_index,time_cycles
0,1898210
page_index,time_cycles
0,1193134
page_index,time_cycles
0,1263860
page_index,time_cycles
0,2767546
page_index,time_cycles
0,1129120
page_index,time_cycles
0,1150366
page_index,time_cycles
0,1389318
page_index,time_cycles
0,2912068
page_index,time_cycles
0,1219480
page_index,time_cycles
0,1174734
page_index,time_cycles
0,1233154
page_index,time_cycles
0,3262048
page_index,time_cycles
0,3366864
page_index,time_cycles
0,1167436
page_index,time_cycles
0,1283490
page_index,time_cycles
0,1420040
page_index,time_cycles
0,1331568
page_index,time_cycles
0,2341002
page_index,time_cycles
0,1152960
page_index,time_cycles
0,1313426
page_index,time_cycles
0,3804248
page_index,time_cycles
0,3275182
page_index,time_cycles
0,2233340
page_index,time_cycles
0,1202526
page_index,time_cycles
0,2854506
page_index,time_cycles
0,1230142
page_index,time_cycles
0,1195506
page_index,time_cycles
0,1124552
page_index,time_cycles
0,2515178
page_index,time_cycles
0,3347796
page_index,time_cycles
0,1267550
page_index,time_cycles
0,1472486
page_index,time_cycles
0,1576714
page_index,time_cycles
0,3089520
page_index,time_cycles
0,3020600
page_index,time_cycles
0,2400514
page_index,time_cycles
0,3176512
page_index,time_cycles
0,1986092
page_index,time_cycles
0,1230094
page_index,time_cycles
0,1290510
page_index,time_cycles
0,1581186
page_index,time_cycles
0,3572664
page_index,time_cycles
0,1216172
page_index,time_cycles
0,3290736
page_index,time_cycles
0,3175576
page_index,time_cycles
0,3393216
page_index,time_cycles
0,1824226
page_index,time_cycles
0,3885074
page_index,time_cycles
0,1597420
page_index,time_cycles
0,3228522
page_index,time_cycles
0,2563180
page_index,time_cycles
0,1223398
page_index,time_cycles
0,1519290
page_index,time_cycles
0,1381202
page_index,time_cycles
0,1145756
page_index,time_cycles
0,1335048
page_index,time_cycles
0,1206494
page_index,time_cycles
0,1188452
page_index,time_cycles
0,1131336
page_index,time_cycles
0,3253774
page_index,time_cycles
0,1240712
page_index,time_cycles
0,1350246
page_index,time_cycles
0,3192326
page_index,time_cycles
0,1490854
page_index,time_cycles
0,1193676
page_index,time_cycles
0,1211916
page_index,time_cycles
0,1974812
page_index,time_cycles
0,1234652
page_index,time_cycles
0,3343136
page_index,time_cycles
0,2134578
page_index,time_cycles
0,3513998
page_index,time_cycles
0,1190586
page_index,time_cycles
0,3245598
page_index,time_cycles
0,1132230
page_index,time_cycles
0,1229114
page_index,time_cycles
0,3087360
page_index,time_cycles
0,1231636
page_index,time_cycles
0,1961628
page_index,time_cycles
0,1172434
page_index,time_cycles
0,1167632
page_index,time_cycles
0,1226094
page_index,time_cycles
0,2910800
page_index,time_cycles
0,1218678
page_index,time_cycles
0,1789280
page_index,time_cycles
0,1195440
page_index,time_cycles
0,3034676
page_index,time_cycles
0,2987146
page_index,time_cycles
0,1403484
page_index,time_cycles
0,1236478
page_index,time_cycles
0,3315886
page_index,time_cycles
0,1369902
page_index,time_cycles
0,1251484
page_index,time_cycles
0,1508236
page_index,time_cycles
0,1238898
page_index,time_cycles
0,1182936
page_index,time_cycles
0,3572772
page_index,time_cycles
0,1159436
page_index,time_cycles
0,1183272
page_index,time_cycles
0,1493440
page_index,time_cycles
0,1935446
page_index,time_cycles
0,1122574
page_index,time_cycles
0,1769902
page_index,time_cycles
0,3249732
page_index,time_cycles
0,1535534
page_index,time_cycles
0,1111160
page_index,time_cycles
0,1115810
page_index,time_cycles
0,1185106
page_index,time_cycles
0,1164554
page_index,time_cycles
0,1427152
page_index,time_cycles
0,1705048
page_index,time_cycles
0,1254380
page_index,time_cycles
0,2925006
page_index,time_cycles
0,2102178
page_index,time_cycles
0,1265710
page_index,time_cycles
0,2371430
page_index,time_cycles
0,1130726
page_index,time_cycles
0,2220412
page_index,time_cycles
0,2609348
page_index,time_cycles
0,1153806
page_index,time_cycles
0,1918020
page_index,time_cycles
0,1211608
page_index,time_cycles
0,1229050
page_index,time_cycles
0,3248878
page_index,time_cycles
0,3562148
page_index,time_cycles
0,1532294
page_index,time_cycles
0,1612800
page_index,time_cycles
0,1294136
page_index,time_cycles
0,1241842
page_index,time_cycles
0,1797618
page_index,time_cycles
0,1196764
page_index,time_cycles
0,1295946
page_index,time_cycles
0,1223494
page_index,time_cycles
0,4677358
page_index,time_cycles
0,1435244
page_index,time_cycles
0,2454798
page_index,time_cycles
0,1678910
page_index,time_cycles
0,1182730
page_index,time_cycles
0,1273480
page_index,time_cycles
0,1455608
page_index,time_cycles
0,1120338
page_index,time_cycles
0,1495148
page_index,time_cycles
0,1252656
page_index,time_cycles
0,1194306
page_index,time_cycles
0,1128956
page_index,time_cycles
0,3308116
page_index,time_cycles
0,3071098
page_index,time_cycles
0,1360742
page_index,time_cycles
0,1275362
page_index,time_cycles
0,1277808
page_index,time_cycles
0,3445268
page_index,time_cycles
0,2079384
page_index,time_cycles
0,1759012
page_index,time_cycles
0,1508994
page_index,time_cycles
0,1176178
page_index,time_cycles
0,1202618
page_index,time_cycles
0,1306256
page_index,time_cycles
0,2124426
page_index,time_cycles
0,3218872
page_index,time_cycles
0,1373538
page_index,time_cycles
0,2956810
page_index,time_cycles
0,1206544
page_index,time_cycles
0,1369924
page_index,time_cycles
0,1285536
page_index,time_cycles
0,1155310
page_index,time_cycles
0,1153780
page_index,time_cycles
0,2910206
page_index,time_cycles
0,1192818
page_index,time_cycles
0,1130610
page_index,time_cycles
0,2115500
page_index,time_cycles
0,1192546
page_index,time_cycles
0,2121944
page_index,time_cycles
0,1141938
page_index,time_cycles
0,1204430
page_index,time_cycles
0,1221294
page_index,time_cycles
0,1209082
page_index,time_cycles
0,2248826
page_index,time_cycles
0,1238036
page_index,time_cycles
0,1170580
page_index,time_cycles
0,3951458
page_index,time_cycles
0,1364046
page_index,time_cycles
0,1504046
page_index,time_cycles
0,1182756
page_index,time_cycles
0,1862534
page_index,time_cycles
0,1851482
page_index,time_cycles
0,1861408
page_index,time_cycles
0,1437658
page_index,time_cycles
0,3516586
page_index,time_cycles
0,3554084
page_index,time_cycles
0,1230386
page_index,time_cycles
0,1425354
page_index,time_cycles
0,2125692
page_index,time_cycles
0,1233320
page_index,time_cycles
0,1125644
page_index,time_cycles
0,2291186
page_index,time_cycles
0,3609478
page_index,time_cycles
0,2508514
page_index,time_cycles
0,1397482
page_index,time_cycles
0,1855738
page_index,time_cycles
0,1171574
page_index,time_cycles
0,1163552
page_index,time_cycles
0,1407052
page_index,time_cycles
0,3726444
page_index,time_cycles
0,1562980
page_index,time_cycles
0,1287972
page_index,time_cycles
0,3083346
page_index,time_cycles
0,1451646
page_index,time_cycles
0,1107156
page_index,time_cycles
0,1161900
page_index,time_cycles
0,1497728
page_index,time_cycles
0,1252238
page_index,time_cycles
0,1504416
page_index,time_cycles
0,1426494
page_index,time_cycles
0,2478166
page_index,time_cycles
0,1211304
page_index,time_cycles
0,1300708
page_index,time_cycles
0,1304036
page_index,time_cycles
0,4237206
page_index,time_cycles
0,3486010
page_index,time_cycles
0,1134688
page_index,time_cycles
0,3135916
page_index,time_cycles
0,2212226
page_index,time_cycles
0,1537318
page_index,time_cycles
0,1327134
page_index,time_cycles
0,2949916
page_index,time_cycles
0,1140858
page_index,time_cycles
0,1541710
page_index,time_cycles
0,3217728
page_index,time_cycles
0,1979284
page_index,time_cycles
0,3163116
page_index,time_cycles
0,1720218
page_index,time_cycles
0,3612888
page_index,time_cycles
0,3160460
page_index,time_cycles
0,3626710
page_index,time_cycles
0,1639850
page_index,time_cycles
0,1621992
page_index,time_cycles
0,1187166
page_index,time_cycles
0,1123528
page_index,time_cycles
0,2493316
page_index,time_cycles
0,1650094
page_index,time_cycles
0,1212168
page_index,time_cycles
0,1428818
page_index,time_cycles
0,3250086
page_index,time_cycles
0,1145984
page_index,time_cycles
0,3049304
page_index,time_cycles
0,2117476
page_index,time_cycles
0,3119270
page_index,time_cycles
0,1140646
page_index,time_cycles
0,1158856
page_index,time_cycles
0,1160098
page_index,time_cycles
0,3617840
page_index,time_cycles
0,3730168
page_index,time_cycles
0,1661272
page_index,time_cycles
0,1154426
page_index,time_cycles
0,3236660
page_index,time_cycles
0,1815860
page_index,time_cycles
0,3910064
page_index,time_cycles
0,2076236
page_index,time_cycles
0,3102102
page_index,time_cycles
0,3472680
page_index,time_cycles
0,1158882
page_index,time_cycles
0,1163294
page_index,time_cycles
0,1107872
page_index,time_cycles
0,1599820
page_index,time_cycles
0,1162528
page_index,time_cycles
0,1442702
page_index,time_cycles
0,3512504
page_index,time_cycles
0,1546212
page_index,time_cycles
0,3682482
page_index,time_cycles
0,3355272
page_index,time_cycles
0,1994540
page_index,time_cycles
0,1289814
page_index,time_cycles
0,3137134
page_index,time_cycles
0,1682060
page_index,time_cycles
0,2322372
page_index,time_cycles
0,1209246
page_index,time_cycles
0,1129718
page_index,time_cycles
0,1249772
page_index,time_cycles
0,1244340
page_index,time_cycles
0,3754372
page_index,time_cycles
0,3201486
page_index,time_cycles
0,1224642
page_index,time_cycles
0,1616046
page_index,time_cycles
0,3874944
page_index,time_cycles
0,1612418
page_index,time_cycles
0,2207684
page_index,time_cycles
0,3859010
page_index,time_cycles
0,2535240
page_index,time_cycles
0,1424954
page_index,time_cycles
0,1162216
page_index,time_cycles
0,1751528
page_index,time_cycles
0,1171156
page_index,time_cycles
0,3324182
page_index,time_cycles
0,1429984
page_index,time_cycles
0,1453988
page_index,time_cycles
0,1385764
page_index,time_cycles
0,1170908
page_index,time_cycles
0,1616050
page_index,time_cycles
0,1203818
page_index,time_cycles
0,1300396
page_index,time_cycles
0,1246716
page_index,time_cycles
0,1230602
page_index,time_cycles
0,1692378
page_index,time_cycles
0,1259128
page_index,time_cycles
0,1300266
page_index,time_cycles
0,1773612
page_index,time_cycles
0,1148772
page_index,time_cycles
0,3183952
page_index,time_cycles
0,1182632
page_index,time_cycles
0,1191924
page_index,time_cycles
0,1958100
page_index,time_cycles
0,3559466
page_index,time_cycles
0,2191444
page_index,time_cycles
0,1201210
page_index,time_cycles
0,2577252
page_index,time_cycles
0,3084374
page_index,time_cycles
0,2999990
page_index,time_cycles
0,1124644
page_index,time_cycles
0,1165612
page_index,time_cycles
0,1160474
page_index,time_cycles
0,1133122
page_index,time_cycles
0,2886250
page_index,time_cycles
0,1374600
page_index,time_cycles
0,1731344
page_index,time_cycles
0,1224294
page_index,time_cycles
0,1139762
page_index,time_cycles
0,1270606
page_index,time_cycles
0,3785396
page_index,time_cycles
0,1191600
page_index,time_cycles
0,2809582
page_index,time_cycles
0,1430176
page_index,time_cycles
0,3569412
page_index,time_cycles
0,3718656
page_index,time_cycles
0,1788434
page_index,time_cycles
0,1670192
page_index,time_cycles
0,1139044
page_index,time_cycles
0,1166736
page_index,time_cycles
0,1143934
page_index,time_cycles
0,2653736
page_index,time_cycles
0,3998258
page_index,time_cycles
0,1490310
page_index,time_cycles
0,3448750
page_index,time_cycles
0,1561624
page_index,time_cycles
0,2815748
page_index,time_cycles
0,1635614
page_index,time_cycles
0,1664214
page_index,time_cycles
0,1211584
page_index,time_cycles
0,1546270
page_index,time_cycles
0,1217980
page_index,time_cycles
0,1373988
page_index,time_cycles
0,1309062
page_index,time_cycles
0,3460460
page_index,time_cycles
0,1680066
page_index,time_cycles
0,2535210
page_index,time_cycles
0,1564458
page_index,time_cycles
0,1296482
page_index,time_cycles
0,1450982
page_index,time_cycles
0,3373366
page_index,time_cycles
0,3525216
page_index,time_cycles
0,1565806
page_index,time_cycles
0,3280544
page_index,time_cycles
0,2553570
page_index,time_cycles
0,1475456
page_index,time_cycles
0,1136176
page_index,time_cycles
0,1117558
page_index,time_cycles
0,1322926
page_index,time_cycles
0,1512528
page_index,time_cycles
0,1382534
page_index,time_cycles
0,2647660
page_index,time_cycles
0,1152752
page_index,time_cycles
0,1546258
page_index,time_cycles
0,2820568
page_index,time_cycles
0,1295788
page_index,time_cycles
0,2684282
page_index,time_cycles
0,1230910
page_index,time_cycles
0,1589522
page_index,time_cycles
0,1193310
page_index,time_cycles
0,1295848
page_index,time_cycles
0,1144048
page_index,time_cycles
0,1439944
page_index,time_cycles
0,1190182
page_index,time_cycles
0,3470270
page_index,time_cycles
0,2817792
page_index,time_cycles
0,1273698
page_index,time_cycles
0,3167624
page_index,time_cycles
0,1202662
page_index,time_cycles
0,3642126
page_index,time_cycles
0,1241996
page_index,time_cycles
0,1277400
page_index,time_cycles
0,1172542
page_index,time_cycles
0,3217270
page_index,time_cycles
0,1124846
page_index,time_cycles
0,1369570
page_index,time_cycles
0,1155222
page_index,time_cycles
0,1858232
page_index,time_cycles
0,3510392
page_index,time_cycles
0,3357784
page_index,time_cycles
0,1116836
page_index,time_cycles
0,1258102
page_index,time_cycles
0,1238500
page_index,time_cycles
0,1593888
page_index,time_cycles
0,1199336
page_index,time_cycles
0,3670088
page_index,time_cycles
0,1425936
page_index,time_cycles
0,1279718
page_index,time_cycles
0,1273770
page_index,time_cycles
0,1464398
page_index,time_cycles
0,1360286
page_index,time_cycles
0,2592914
page_index,time_cycles
0,1497438
page_index,time_cycles
0,3327708
page_index,time_cycles
0,3438194
page_index,time_cycles
0,3627366
page_index,time_cycles
0,1800136
page_index,time_cycles
0,1192998
page_index,time_cycles
0,1284598
page_index,time_cycles
0,1345104
page_index,time_cycles
0,3262696
page_index,time_cycles
0,1332952
page_index,time_cycles
0,3490268
page_index,time_cycles
0,1641644
page_index,time_cycles
0,1364308
page_index,time_cycles
0,3268490
page_index,time_cycles
0,1158468
page_index,time_cycles
0,2832324
page_index,time_cycles
0,3304722
page_index,time_cycles
0,2091502
page_index,time_cycles
0,1474428
page_index,time_cycles
0,1139796
page_index,time_cycles
0,2580594
page_index,time_cycles
0,3301290
page_index,time_cycles
0,3082032
page_index,time_cycles
0,3101952
page_index,time_cycles
0,1157366
page_index,time_cycles
0,1102414
page_index,time_cycles
0,3229136
page_index,time_cycles
0,1917036
page_index,time_cycles
0,3500254
page_index,time_cycles
0,1205080
page_index,time_cycles
0,1229650
page_index,time_cycles
0,2236612
page_index,time_cycles
0,1196456
page_index,time_cycles
0,3257642
page_index,time_cycles
0,2774616
page_index,time_cycles
0,1241292
page_index,time_cycles
0,1141562
page_index,time_cycles
0,1364374
page_index,time_cycles
0,3421658
page_index,time_cycles
0,1248420
page_index,time_cycles
0,2432626
page_index,time_cycles
0,1755898
page_index,time_cycles
0,1741316
page_index,time_cycles
0,2838546
page_index,time_cycles
0,3077454
page_index,time_cycles
0,1108660
page_index,time_cycles
0,2018836
page_index,time_cycles
0,3682224
page_index,time_cycles
0,1122838
page_index,time_cycles
0,1148202
page_index,time_cycles
0,1500404
page_index,time_cycles
0,1123966
page_index,time_cycles
0,3791480
page_index,time_cycles
0,1166346
page_index,time_cycles
0,1467760
page_index,time_cycles
0,3218538
page_index,time_cycles
0,1186150
page_index,time_cycles
0,1675758
page_index,time_cycles
0,1220948
page_index,time_cycles
0,1211712
page_index,time_cycles
0,1258016
page_index,time_cycles
0,3306378
page_index,time_cycles
0,1820294
page_index,time_cycles
0,1585050
page_index,time_cycles
0,1281896
page_index,time_cycles
0,1156736
page_index,time_cycles
0,1336992
page_index,time_cycles
0,3415326
page_index,time_cycles
0,1209114
page_index,time_cycles
0,2102134
page_index,time_cycles
0,2046846
page_index,time_cycles
0,3268280
page_index,time_cycles
0,1787090
page_index,time_cycles
0,1162546
page_index,time_cycles
0,3568678
page_index,time_cycles
0,1165362
page_index,time_cycles
0,1284244
page_index,time_cycles
0,2430942
page_index,time_cycles
0,1223500
page_index,time_cycles
0,1148292
page_index,time_cycles
0,1963646
page_index,time_cycles
0,2238558
page_index,time_cycles
0,2922838
page_index,time_cycles
0,1197852
page_index,time_cycles
0,1168270
page_index,time_cycles
0,1145424
page_index,time_cycles
0,2548176
page_index,time_cycles
0,1147944
page_index,time_cycles
0,3363678
page_index,time_cycles
0,1113356
page_index,time_cycles
0,3521226
page_index,time_cycles
0,1184384
page_index,time_cycles
0,1265022
page_index,time_cycles
0,3331958
page_index,time_cycles
0,1254646
page_index,time_cycles
0,1325990
page_index,time_cycles
0,3416082
page_index,time_cycles
0,2120058
page_index,time_cycles
0,1126150
page_index,time_cycles
0,1486484
page_index,time_cycles
0,3480598
page_index,time_cycles
0,1148742
page_index,time_cycles
0,1579792
page_index,time_cycles
0,1489498
page_index,time_cycles
0,1168716
page_index,time_cycles
0,3283704
page_index,time_cycles
0,2601274
page_index,time_cycles
0,1122742
page_index,time_cycles
0,1130432
page_index,time_cycles
0,1284728
page_index,time_cycles
0,1700770
page_index,time_cycles
0,1139274
page_index,time_cycles
0,1781922
page_index,time_cycles
0,1128618
page_index,time_cycles
0,3543128
page_index,time_cycles
0,2875500
page_index,time_cycles
0,1234132
page_index,time_cycles
0,1315106
page_index,time_cycles
0,1180324
page_index,time_cycles
0,1255196
page_index,time_cycles
0,3408286
page_index,time_cycles
0,1264122
page_index,time_cycles
0,1245486
page_index,time_cycles
0,3549808
page_index,time_cycles
0,1183712
page_index,time_cycles
0,2991488
page_index,time_cycles
0,3559946
page_index,time_cycles
0,1182752
page_index,time_cycles
0,1427642
page_index,time_cycles
0,1287908
page_index,time_cycles
0,1286250
page_index,time_cycles
0,1228930
page_index,time_cycles
0,3469124
page_index,time_cycles
0,2098938
page_index,time_cycles
0,1175090
page_index,time_cycles
0,3185334
page_index,time_cycles
0,3609932
page_index,time_cycles
0,1404342
page_index,time_cycles
0,1230000
page_index,time_cycles
0,1208116
page_index,time_cycles
0,2419922
page_index,time_cycles
0,1376204
page_index,time_cycles
0,1395090
page_index,time_cycles
0,1976254
page_index,time_cycles
0,3086612
page_index,time_cycles
0,1444018
page_index,time_cycles
0,1091124
page_index,time_cycles
0,1728178
page_index,time_cycles
0,1355164
page_index,time_cycles
0,3325994
page_index,time_cycles
0,4250994
page_index,time_cycles
0,1131070
page_index,time_cycles
0,1088210
page_index,time_cycles
0,1134354
page_index,time_cycles
0,1708184
page_index,time_cycles
0,2446956
page_index,time_cycles
0,3332012
page_index,time_cycles
0,1194020
page_index,time_cycles
0,1319542
page_index,time_cycles
0,1372446
page_index,time_cycles
0,3607968
page_index,time_cycles
0,1187806
page_index,time_cycles
0,1842644
page_index,time_cycles
0,1143658
page_index,time_cycles
0,3464982
page_index,time_cycles
0,1159664
page_index,time_cycles
0,1195180
page_index,time_cycles
0,1318024
page_index,time_cycles
0,3302704
page_index,time_cycles
0,3399944
page_index,time_cycles
0,1333094
page_index,time_cycles
0,2229350
page_index,time_cycles
0,3227150
page_index,time_cycles
0,1274038
page_index,time_cycles
0,1669092
page_index,time_cycles
0,1323420
page_index,time_cycles
0,3259380
page_index,time_cycles
0,1243484
page_index,time_cycles
0,1774636
page_index,time_cycles
0,1277450
page_index,time_cycles
0,1125732
page_index,time_cycles
0,1138682
page_index,time_cycles
0,1396368
page_index,time_cycles
0,3072036
page_index,time_cycles
0,1109306
page_index,time_cycles
0,1495674
page_index,time_cycles
0,1175932
page_index,time_cycles
0,1229428
page_index,time_cycles
0,1124836
page_index,time_cycles
0,1393432
page_index,time_cycles
0,3976714
page_index,time_cycles
0,1913500
page_index,time_cycles
0,1420372
page_index,time_cycles
0,3094062
page_index,time_cycles
0,1336334
page_index,time_cycles
0,3111764
page_index,time_cycles
0,1163482
page_index,time_cycles
0,1490060
page_index,time_cycles
0,1172178
page_index,time_cycles
0,1103708
page_index,time_cycles
0,1349698
page_index,time_cycles
0,1319566
page_index,time_cycles
0,1156548
page_index,time_cycles
0,1362536
page_index,time_cycles
0,1156852
page_index,time_cycles
0,2801120
page_index,time_cycles
0,1386122
page_index,time_cycles
0,2972822
page_index,time_cycles
0,2285558
page_index,time_cycles
0,1104526
page_index,time_cycles
0,1507810
page_index,time_cycles
0,1115498
page_index,time_cycles
0,1149120
page_index,time_cycles
0,1174972
page_index,time_cycles
0,2883004
page_index,time_cycles
0,2078846
page_index,time_cycles
0,2145252
page_index,time_cycles
0,1154386
page_index,time_cycles
0,1114862
page_index,time_cycles
0,1134894
page_index,time_cycles
0,1235770
page_index,time_cycles
0,1525120
page_index,time_cycles
0,1175454
page_index,time_cycles
0,3315474
page_index,time_cycles
0,1239014
page_index,time_cycles
0,1296754
page_index,time_cycles
0,1133156
page_index,time_cycles
0,1224402
page_index,time_cycles
0,1696252
page_index,time_cycles
0,1171500
page_index,time_cycles
0,3706352
page_index,time_cycles
0,1352098
page_index,time_cycles
0,1876230
page_index,time_cycles
0,2057632
page_index,time_cycles
0,1302136
page_index,time_cycles
0,1602502
page_index,time_cycles
0,2900368
page_index,time_cycles
0,4447220
page_index,time_cycles
0,1153248
page_index,time_cycles
0,1130810
page_index,time_cycles
0,3035344
page_index,time_cycles
0,1286266
page_index,time_cycles
0,1610470
page_index,time_cycles
0,3533344
page_index,time_cycles
0,1299786
page_index,time_cycles
0,1702486
page_index,time_cycles
0,1564392
page_index,time_cycles
0,1583596
page_index,time_cycles
0,3020164
page_index,time_cycles
0,1355518
page_index,time_cycles
0,1589590
page_index,time_cycles
0,3004432
page_index,time_cycles
0,3276324
page_index,time_cycles
0,1250008
page_index,time_cycles
0,1312164
page_index,time_cycles
0,2447074
page_index,time_cycles
0,1911822
page_index,time_cycles
0,3018294
page_index,time_cycles
0,1224340
page_index,time_cycles
0,3140770
page_index,time_cycles
0,1471258
page_index,time_cycles
0,1333996
page_index,time_cycles
0,1180950
page_index,time_cycles
0,1303414
page_index,time_cycles
0,1485378
page_index,time_cycles
0,2856940
page_index,time_cycles
0,1129386
page_index,time_cycles
0,1244190
page_index,time_cycles
0,3097128
page_index,time_cycles
0,1784166
page_index,time_cycles
0,2581932
page_index,time_cycles
0,3334730
page_index,time_cycles
0,1207932
page_index,time_cycles
0,1394244
page_index,time_cycles
0,1155030
page_index,time_cycles
0,3293418
page_index,time_cycles
0,4122792
page_index,time_cycles
0,1192462
page_index,time_cycles
0,2742224
page_index,time_cycles
0,2012072
page_index,time_cycles
0,1283536
page_index,time_cycles
0,1811378
page_index,time_cycles
0,3539508
page_index,time_cycles
0,3286882
page_index,time_cycles
0,2107154
page_index,time_cycles
0,3368270
page_index,time_cycles
0,1273360
page_index,time_cycles
0,3354898
page_index,time_cycles
0,1232880
page_index,time_cycles
0,1140142
page_index,time_cycles
0,1283422
page_index,time_cycles
0,3122286
page_index,time_cycles
0,1214822
page_index,time_cycles
0,3374940
page_index,time_cycles
0,3048336
page_index,time_cycles
0,1153750
page_index,time_cycles
0,1749354
page_index,time_cycles
0,1227310
page_index,time_cycles
0,1870890
page_index,time_cycles
0,1965000
page_index,time_cycles
0,1367308
page_index,time_cycles
0,3602036
page_index,time_cycles
0,1520748
page_index,time_cycles
0,3041114
page_index,time_cycles
0,1706732
page_index,time_cycles
0,3654334
page_index,time_cycles
0,1319214
page_index,time_cycles
0,2358532
page_index,time_cycles
0,1761110
page_index,time_cycles
0,2757428
page_index,time_cycles
0,3416052
page_index,time_cycles
0,1470346
page_index,time_cycles
0,1792860
page_index,time_cycles
0,1127434
page_index,time_cycles
0,1203524
page_index,time_cycles
0,1620840
page_index,time_cycles
0,3373490
SUMMARY,COUNT=10000,MEAN=1939846.02,STD=898671.17
