page_index,time_cycles
0,479428
page_index,time_cycles
0,424656
page_index,time_cycles
0,484394
page_index,time_cycles
0,489018
page_index,time_cycles
0,493394
page_index,time_cycles
0,508820
page_index,time_cycles
0,486538
page_index,time_cycles
0,503566
page_index,time_cycles
0,431604
page_index,time_cycles
0,481112
page_index,time_cycles
0,500790
page_index,time_cycles
0,471086
page_index,time_cycles
0,420190
page_index,time_cycles
0,566504
page_index,time_cycles
0,564576
page_index,time_cycles
0,421308
page_index,time_cycles
0,457540
page_index,time_cycles
0,549426
page_index,time_cycles
0,550176
page_index,time_cycles
0,459026
page_index,time_cycles
0,481418
page_index,time_cycles
0,569126
page_index,time_cycles
0,490744
page_index,time_cycles
0,543120
page_index,time_cycles
0,476632
page_index,time_cycles
0,477750
page_index,time_cycles
0,485468
page_index,time_cycles
0,446238
page_index,time_cycles
0,556268
page_index,time_cycles
0,487942
page_index,time_cycles
0,488922
page_index,time_cycles
0,469580
page_index,time_cycles
0,450544
page_index,time_cycles
0,479786
page_index,time_cycles
0,473844
page_index,time_cycles
0,477394
page_index,time_cycles
0,485996
page_index,time_cycles
0,506500
page_index,time_cycles
0,474586
page_index,time_cycles
0,484992
page_index,time_cycles
0,496304
page_index,time_cycles
0,473928
page_index,time_cycles
0,545892
page_index,time_cycles
0,437218
page_index,time_cycles
0,496784
page_index,time_cycles
0,420908
page_index,time_cycles
0,483608
page_index,time_cycles
0,441370
page_index,time_cycles
0,485132
page_index,time_cycles
0,480388
page_index,time_cycles
0,474696
page_index,time_cycles
0,495758
page_index,time_cycles
0,419196
page_index,time_cycles
0,571582
page_index,time_cycles
0,426426
page_index,time_cycles
0,504462
page_index,time_cycles
0,485706
page_index,time_cycles
0,445620
page_index,time_cycles
0,481536
page_index,time_cycles
0,481752
page_index,time_cycles
0,568716
page_index,time_cycles
0,476760
page_index,time_cycles
0,474714
page_index,time_cycles
0,457556
page_index,time_cycles
0,508646
page_index,time_cycles
0,461608
page_index,time_cycles
0,500628
page_index,time_cycles
0,488524
page_index,time_cycles
0,448520
page_index,time_cycles
0,472080
page_index,time_cycles
0,474448
page_index,time_cycles
0,482502
page_index,time_cycles
0,492732
page_index,time_cycles
0,521126
page_index,time_cycles
0,487100
page_index,time_cycles
0,461784
page_index,time_cycles
0,538554
page_index,time_cycles
0,540862
page_index,time_cycles
0,502960
page_index,time_cycles
0,481468
page_index,time_cycles
0,452132
page_index,time_cycles
0,494204
page_index,time_cycles
0,434620
page_index,time_cycles
0,484876
page_index,time_cycles
0,595988
page_index,time_cycles
0,496728
page_index,time_cycles
0,473054
page_index,time_cycles
0,461700
page_index,time_cycles
0,482040
page_index,time_cycles
0,500680
page_index,time_cycles
0,425812
page_index,time_cycles
0,491364
page_index,time_cycles
0,422736
page_index,time_cycles
0,413898
page_index,time_cycles
0,546342
page_index,time_cycles
0,487834
page_index,time_cycles
0,491104
page_index,time_cycles
0,454110
page_index,time_cycles
0,481108
page_index,time_cycles
0,444014
page_index,time_cycles
0,574020
page_index,time_cycles
0,496802
page_index,time_cycles
0,483738
page_index,time_cycles
0,499682
page_index,time_cycles
0,433730
page_index,time_cycles
0,492282
page_index,time_cycles
0,473978
page_index,time_cycles
0,515578
page_index,time_cycles
0,519022
page_index,time_cycles
0,509324
page_index,time_cycles
0,485416
page_index,time_cycles
0,488696
page_index,time_cycles
0,483330
page_index,time_cycles
0,463310
page_index,time_cycles
0,414454
page_index,time_cycles
0,424430
page_index,time_cycles
0,510426
page_index,time_cycles
0,424298
page_index,time_cycles
0,489148
page_index,time_cycles
0,463702
page_index,time_cycles
0,490122
page_index,time_cycles
0,505828
page_index,time_cycles
0,470236
page_index,time_cycles
0,502068
page_index,time_cycles
0,486220
page_index,time_cycles
0,518618
page_index,time_cycles
0,519530
page_index,time_cycles
0,422540
page_index,time_cycles
0,429416
page_index,time_cycles
0,479950
page_index,time_cycles
0,434100
page_index,time_cycles
0,507248
page_index,time_cycles
0,646744
page_index,time_cycles
0,474298
page_index,time_cycles
0,460070
page_index,time_cycles
0,469186
page_index,time_cycles
0,425892
page_index,time_cycles
0,493878
page_index,time_cycles
0,464114
page_index,time_cycles
0,519864
page_index,time_cycles
0,509858
page_index,time_cycles
0,472748
page_index,time_cycles
0,479112
page_index,time_cycles
0,428776
page_index,time_cycles
0,439000
page_index,time_cycles
0,507388
page_index,time_cycles
0,496796
page_index,time_cycles
0,572292
page_index,time_cycles
0,493476
page_index,time_cycles
0,492554
page_index,time_cycles
0,448294
page_index,time_cycles
0,454972
page_index,time_cycles
0,476238
page_index,time_cycles
0,456064
page_index,time_cycles
0,461174
page_index,time_cycles
0,492904
page_index,time_cycles
0,494312
page_index,time_cycles
0,519868
page_index,time_cycles
0,485034
page_index,time_cycles
0,520824
page_index,time_cycles
0,475238
page_index,time_cycles
0,459748
page_index,time_cycles
0,561654
page_index,time_cycles
0,426092
page_index,time_cycles
0,496710
page_index,time_cycles
0,434480
page_index,time_cycles
0,485722
page_index,time_cycles
0,491050
page_index,time_cycles
0,476352
page_index,time_cycles
0,448922
page_index,time_cycles
0,455764
page_index,time_cycles
0,565634
page_index,time_cycles
0,497124
page_index,time_cycles
0,498838
page_index,time_cycles
0,478294
page_index,time_cycles
0,482290
page_index,time_cycles
0,446436
page_index,time_cycles
0,434410
page_index,time_cycles
0,464810
page_index,time_cycles
0,501454
page_index,time_cycles
0,605562
page_index,time_cycles
0,432926
page_index,time_cycles
0,492894
page_index,time_cycles
0,434180
page_index,time_cycles
0,470260
page_index,time_cycles
0,488170
page_index,time_cycles
0,488046
page_index,time_cycles
0,460558
page_index,time_cycles
0,467204
page_index,time_cycles
0,485980
page_index,time_cycles
0,419406
page_index,time_cycles
0,482478
page_index,time_cycles
0,493838
page_index,time_cycles
0,496446
page_index,time_cycles
0,473484
page_index,time_cycles
0,520110
page_index,time_cycles
0,523194
page_index,time_cycles
0,469868
page_index,time_cycles
0,564638
page_index,time_cycles
0,425082
page_index,time_cycles
0,476168
page_index,time_cycles
0,427236
page_index,time_cycles
0,422128
page_index,time_cycles
0,485750
page_index,time_cycles
0,494074
page_index,time_cycles
0,476048
page_index,time_cycles
0,543580
page_index,time_cycles
0,421768
page_index,time_cycles
0,471284
page_index,time_cycles
0,536850
page_index,time_cycles
0,484940
page_index,time_cycles
0,471764
page_index,time_cycles
0,485798
page_index,time_cycles
0,486036
page_index,time_cycles
0,494538
page_index,time_cycles
0,416110
page_index,time_cycles
0,485606
page_index,time_cycles
0,478084
page_index,time_cycles
0,437826
page_index,time_cycles
0,450728
page_index,time_cycles
0,494642
page_index,time_cycles
0,481722
page_index,time_cycles
0,440328
page_index,time_cycles
0,428272
page_index,time_cycles
0,459580
page_index,time_cycles
0,444782
page_index,time_cycles
0,480084
page_index,time_cycles
0,425582
page_index,time_cycles
0,483364
page_index,time_cycles
0,469972
page_index,time_cycles
0,459058
page_index,time_cycles
0,438238
page_index,time_cycles
0,433406
page_index,time_cycles
0,432188
page_index,time_cycles
0,494710
page_index,time_cycles
0,442376
page_index,time_cycles
0,476924
page_index,time_cycles
0,487764
page_index,time_cycles
0,465858
page_index,time_cycles
0,442754
page_index,time_cycles
0,495974
page_index,time_cycles
0,465108
page_index,time_cycles
0,439548
page_index,time_cycles
0,510378
page_index,time_cycles
0,493012
page_index,time_cycles
0,466384
page_index,time_cycles
0,494352
page_index,time_cycles
0,497030
page_index,time_cycles
0,433438
page_index,time_cycles
0,434748
page_index,time_cycles
0,508804
page_index,time_cycles
0,490810
page_index,time_cycles
0,501372
page_index,time_cycles
0,488824
page_index,time_cycles
0,464984
page_index,time_cycles
0,613096
page_index,time_cycles
0,487912
page_index,time_cycles
0,479926
page_index,time_cycles
0,489638
page_index,time_cycles
0,482442
page_index,time_cycles
0,438688
page_index,time_cycles
0,491042
page_index,time_cycles
0,477530
page_index,time_cycles
0,486416
page_index,time_cycles
0,499728
page_index,time_cycles
0,461292
page_index,time_cycles
0,487314
page_index,time_cycles
0,429046
page_index,time_cycles
0,544744
page_index,time_cycles
0,531820
page_index,time_cycles
0,439098
page_index,time_cycles
0,506784
page_index,time_cycles
0,503700
page_index,time_cycles
0,500940
page_index,time_cycles
0,491222
page_index,time_cycles
0,495546
page_index,time_cycles
0,431960
page_index,time_cycles
0,479286
page_index,time_cycles
0,429784
page_index,time_cycles
0,435876
page_index,time_cycles
0,568588
page_index,time_cycles
0,490194
page_index,time_cycles
0,535360
page_index,time_cycles
0,564488
page_index,time_cycles
0,519904
page_index,time_cycles
0,440230
page_index,time_cycles
0,425602
page_index,time_cycles
0,466484
page_index,time_cycles
0,444794
page_index,time_cycles
0,436628
page_index,time_cycles
0,471876
page_index,time_cycles
0,503190
page_index,time_cycles
0,486466
page_index,time_cycles
0,490442
page_index,time_cycles
0,558282
page_index,time_cycles
0,504562
page_index,time_cycles
0,483442
page_index,time_cycles
0,472346
page_index,time_cycles
0,470588
page_index,time_cycles
0,461744
page_index,time_cycles
0,456256
page_index,time_cycles
0,446928
page_index,time_cycles
0,440864
page_index,time_cycles
0,510328
page_index,time_cycles
0,478558
page_index,time_cycles
0,471592
page_index,time_cycles
0,450894
page_index,time_cycles
0,462306
page_index,time_cycles
0,483478
page_index,time_cycles
0,478106
page_index,time_cycles
0,426450
page_index,time_cycles
0,490396
page_index,time_cycles
0,481672
page_index,time_cycles
0,489924
page_index,time_cycles
0,471060
page_index,time_cycles
0,428870
page_index,time_cycles
0,442970
page_index,time_cycles
0,423774
page_index,time_cycles
0,422142
page_index,time_cycles
0,493982
page_index,time_cycles
0,482332
page_index,time_cycles
0,410408
page_index,time_cycles
0,421060
page_index,time_cycles
0,599912
page_index,time_cycles
0,478936
page_index,time_cycles
0,470838
page_index,time_cycles
0,429284
page_index,time_cycles
0,439790
page_index,time_cycles
0,484628
page_index,time_cycles
0,434166
page_index,time_cycles
0,480200
page_index,time_cycles
0,462404
page_index,time_cycles
0,439098
page_index,time_cycles
0,484010
page_index,time_cycles
0,629340
page_index,time_cycles
0,418496
page_index,time_cycles
0,487238
page_index,time_cycles
0,497562
page_index,time_cycles
0,511472
page_index,time_cycles
0,480260
page_index,time_cycles
0,475296
page_index,time_cycles
0,479754
page_index,time_cycles
0,427282
page_index,time_cycles
0,499270
page_index,time_cycles
0,503232
page_index,time_cycles
0,508974
page_index,time_cycles
0,481404
page_index,time_cycles
0,419720
page_index,time_cycles
0,441658
page_index,time_cycles
0,504350
page_index,time_cycles
0,485254
page_index,time_cycles
0,515952
page_index,time_cycles
0,492214
page_index,time_cycles
0,523448
page_index,time_cycles
0,470290
page_index,time_cycles
0,419940
page_index,time_cycles
0,451518
page_index,time_cycles
0,458060
page_index,time_cycles
0,479348
page_index,time_cycles
0,463118
page_index,time_cycles
0,486394
page_index,time_cycles
0,477082
page_index,time_cycles
0,497360
page_index,time_cycles
0,493188
page_index,time_cycles
0,502518
page_index,time_cycles
0,455338
page_index,time_cycles
0,482132
page_index,time_cycles
0,517746
page_index,time_cycles
0,430596
page_index,time_cycles
0,480728
page_index,time_cycles
0,499212
page_index,time_cycles
0,466040
page_index,time_cycles
0,485916
page_index,time_cycles
0,445818
page_index,time_cycles
0,455602
page_index,time_cycles
0,464776
page_index,time_cycles
0,473816
page_index,time_cycles
0,494654
page_index,time_cycles
0,480298
page_index,time_cycles
0,466884
page_index,time_cycles
0,458860
page_index,time_cycles
0,478082
page_index,time_cycles
0,501804
page_index,time_cycles
0,490560
page_index,time_cycles
0,497436
page_index,time_cycles
0,476886
page_index,time_cycles
0,476820
page_index,time_cycles
0,434426
page_index,time_cycles
0,471630
page_index,time_cycles
0,425778
page_index,time_cycles
0,554784
page_index,time_cycles
0,475906
page_index,time_cycles
0,499326
page_index,time_cycles
0,468662
page_index,time_cycles
0,427162
page_index,time_cycles
0,477264
page_index,time_cycles
0,480954
page_index,time_cycles
0,422842
page_index,time_cycles
0,650062
page_index,time_cycles
0,495998
page_index,time_cycles
0,505874
page_index,time_cycles
0,477700
page_index,time_cycles
0,493454
page_index,time_cycles
0,542538
page_index,time_cycles
0,491922
page_index,time_cycles
0,579632
page_index,time_cycles
0,488442
page_index,time_cycles
0,450188
page_index,time_cycles
0,424256
page_index,time_cycles
0,472206
page_index,time_cycles
0,600274
page_index,time_cycles
0,542194
page_index,time_cycles
0,558646
page_index,time_cycles
0,487342
page_index,time_cycles
0,448070
page_index,time_cycles
0,476518
page_index,time_cycles
0,495954
page_index,time_cycles
0,470032
page_index,time_cycles
0,472008
page_index,time_cycles
0,434470
page_index,time_cycles
0,493426
page_index,time_cycles
0,466346
page_index,time_cycles
0,450924
page_index,time_cycles
0,486824
page_index,time_cycles
0,471986
page_index,time_cycles
0,431718
page_index,time_cycles
0,490408
page_index,time_cycles
0,488116
page_index,time_cycles
0,515012
page_index,time_cycles
0,435626
page_index,time_cycles
0,438284
page_index,time_cycles
0,433196
page_index,time_cycles
0,489906
page_index,time_cycles
0,501556
page_index,time_cycles
0,491074
page_index,time_cycles
0,461378
page_index,time_cycles
0,475628
page_index,time_cycles
0,444030
page_index,time_cycles
0,473968
page_index,time_cycles
0,486928
page_index,time_cycles
0,438056
page_index,time_cycles
0,442862
page_index,time_cycles
0,466366
page_index,time_cycles
0,419376
page_index,time_cycles
0,510070
page_index,time_cycles
0,451154
page_index,time_cycles
0,452598
page_index,time_cycles
0,478766
page_index,time_cycles
0,486784
page_index,time_cycles
0,551094
page_index,time_cycles
0,467702
page_index,time_cycles
0,421238
page_index,time_cycles
0,470946
page_index,time_cycles
0,486430
page_index,time_cycles
0,554600
page_index,time_cycles
0,538768
page_index,time_cycles
0,462466
page_index,time_cycles
0,472022
page_index,time_cycles
0,435936
page_index,time_cycles
0,516228
page_index,time_cycles
0,471166
page_index,time_cycles
0,592964
page_index,time_cycles
0,479622
page_index,time_cycles
0,453914
page_index,time_cycles
0,514876
page_index,time_cycles
0,486312
page_index,time_cycles
0,472870
page_index,time_cycles
0,477134
page_index,time_cycles
0,456704
page_index,time_cycles
0,458510
page_index,time_cycles
0,424602
page_index,time_cycles
0,504482
page_index,time_cycles
0,419106
page_index,time_cycles
0,481926
page_index,time_cycles
0,527424
page_index,time_cycles
0,494112
page_index,time_cycles
0,474088
page_index,time_cycles
0,540402
page_index,time_cycles
0,477220
page_index,time_cycles
0,477368
page_index,time_cycles
0,473354
page_index,time_cycles
0,485204
page_index,time_cycles
0,423082
page_index,time_cycles
0,484744
page_index,time_cycles
0,471680
page_index,time_cycles
0,486070
page_index,time_cycles
0,427688
page_index,time_cycles
0,492514
page_index,time_cycles
0,459616
page_index,time_cycles
0,419086
page_index,time_cycles
0,417338
page_index,time_cycles
0,453194
page_index,time_cycles
0,477724
page_index,time_cycles
0,480192
page_index,time_cycles
0,473284
page_index,time_cycles
0,486656
page_index,time_cycles
0,477084
page_index,time_cycles
0,482222
page_index,time_cycles
0,442232
page_index,time_cycles
0,453708
page_index,time_cycles
0,572418
page_index,time_cycles
0,483414
page_index,time_cycles
0,470690
page_index,time_cycles
0,479162
page_index,time_cycles
0,458540
page_index,time_cycles
0,558570
page_index,time_cycles
0,525602
page_index,time_cycles
0,433316
page_index,time_cycles
0,424904
page_index,time_cycles
0,448416
page_index,time_cycles
0,578618
page_index,time_cycles
0,487620
page_index,time_cycles
0,480376
page_index,time_cycles
0,548878
page_index,time_cycles
0,501498
page_index,time_cycles
0,431714
page_index,time_cycles
0,501820
page_index,time_cycles
0,498336
page_index,time_cycles
0,525802
page_index,time_cycles
0,498018
page_index,time_cycles
0,627688
page_index,time_cycles
0,463546
page_index,time_cycles
0,482132
page_index,time_cycles
0,426616
page_index,time_cycles
0,509326
page_index,time_cycles
0,456244
page_index,time_cycles
0,483378
page_index,time_cycles
0,432132
page_index,time_cycles
0,467978
page_index,time_cycles
0,438258
page_index,time_cycles
0,479204
page_index,time_cycles
0,503958
page_index,time_cycles
0,438038
page_index,time_cycles
0,433274
page_index,time_cycles
0,479930
page_index,time_cycles
0,427566
page_index,time_cycles
0,533400
page_index,time_cycles
0,520218
page_index,time_cycles
0,584070
page_index,time_cycles
0,425670
page_index,time_cycles
0,486796
page_index,time_cycles
0,432380
page_index,time_cycles
0,466336
page_index,time_cycles
0,509878
page_index,time_cycles
0,420884
page_index,time_cycles
0,566858
page_index,time_cycles
0,500636
page_index,time_cycles
0,447514
page_index,time_cycles
0,485814
page_index,time_cycles
0,437738
page_index,time_cycles
0,427224
page_index,time_cycles
0,488440
page_index,time_cycles
0,470802
page_index,time_cycles
0,434454
page_index,time_cycles
0,481278
page_index,time_cycles
0,496528
page_index,time_cycles
0,497892
page_index,time_cycles
0,503168
page_index,time_cycles
0,451554
page_index,time_cycles
0,437786
page_index,time_cycles
0,470224
page_index,time_cycles
0,432762
page_index,time_cycles
0,490376
page_index,time_cycles
0,461866
page_index,time_cycles
0,506092
page_index,time_cycles
0,459136
page_index,time_cycles
0,467286
page_index,time_cycles
0,513474
page_index,time_cycles
0,593652
page_index,time_cycles
0,577702
page_index,time_cycles
0,433718
page_index,time_cycles
0,560184
page_index,time_cycles
0,484450
page_index,time_cycles
0,447938
page_index,time_cycles
0,424430
page_index,time_cycles
0,568970
page_index,time_cycles
0,531368
page_index,time_cycles
0,421388
page_index,time_cycles
0,484264
page_index,time_cycles
0,478370
page_index,time_cycles
0,606988
page_index,time_cycles
0,477368
page_index,time_cycles
0,543438
page_index,time_cycles
0,487816
page_index,time_cycles
0,515606
page_index,time_cycles
0,476048
page_index,time_cycles
0,482526
page_index,time_cycles
0,479424
page_index,time_cycles
0,430268
page_index,time_cycles
0,426810
page_index,time_cycles
0,440466
page_index,time_cycles
0,479158
page_index,time_cycles
0,443836
page_index,time_cycles
0,528062
page_index,time_cycles
0,473328
page_index,time_cycles
0,475346
page_index,time_cycles
0,472942
page_index,time_cycles
0,485864
page_index,time_cycles
0,501082
page_index,time_cycles
0,538498
page_index,time_cycles
0,442078
page_index,time_cycles
0,426134
page_index,time_cycles
0,473364
page_index,time_cycles
0,447540
page_index,time_cycles
0,455172
page_index,time_cycles
0,488176
page_index,time_cycles
0,476908
page_index,time_cycles
0,541762
page_index,time_cycles
0,472710
page_index,time_cycles
0,469874
page_index,time_cycles
0,422904
page_index,time_cycles
0,452966
page_index,time_cycles
0,514282
page_index,time_cycles
0,420440
page_index,time_cycles
0,454788
page_index,time_cycles
0,486258
page_index,time_cycles
0,472900
page_index,time_cycles
0,477668
page_index,time_cycles
0,459782
page_index,time_cycles
0,510346
page_index,time_cycles
0,469470
page_index,time_cycles
0,514690
page_index,time_cycles
0,435160
page_index,time_cycles
0,449906
page_index,time_cycles
0,458256
page_index,time_cycles
0,473338
page_index,time_cycles
0,522994
page_index,time_cycles
0,477548
page_index,time_cycles
0,484058
page_index,time_cycles
0,477680
page_index,time_cycles
0,450246
page_index,time_cycles
0,453678
page_index,time_cycles
0,483766
page_index,time_cycles
0,500112
page_index,time_cycles
0,533098
page_index,time_cycles
0,481904
page_index,time_cycles
0,484174
page_index,time_cycles
0,447344
page_index,time_cycles
0,509306
page_index,time_cycles
0,466784
page_index,time_cycles
0,627270
page_index,time_cycles
0,485432
page_index,time_cycles
0,507200
page_index,time_cycles
0,444902
page_index,time_cycles
0,497278
page_index,time_cycles
0,486130
page_index,time_cycles
0,481606
page_index,time_cycles
0,433520
page_index,time_cycles
0,504922
page_index,time_cycles
0,565250
page_index,time_cycles
0,488318
page_index,time_cycles
0,557974
page_index,time_cycles
0,482466
page_index,time_cycles
0,486032
page_index,time_cycles
0,469218
page_index,time_cycles
0,591984
page_index,time_cycles
0,421678
page_index,time_cycles
0,468198
page_index,time_cycles
0,436216
page_index,time_cycles
0,537014
page_index,time_cycles
0,441054
page_index,time_cycles
0,495170
page_index,time_cycles
0,575342
page_index,time_cycles
0,492994
page_index,time_cycles
0,513354
page_index,time_cycles
0,490964
page_index,time_cycles
0,483308
page_index,time_cycles
0,481060
page_index,time_cycles
0,485310
page_index,time_cycles
0,558238
page_index,time_cycles
0,489586
page_index,time_cycles
0,558020
page_index,time_cycles
0,434680
page_index,time_cycles
0,441520
page_index,time_cycles
0,495692
page_index,time_cycles
0,502638
page_index,time_cycles
0,491116
page_index,time_cycles
0,421184
page_index,time_cycles
0,495840
page_index,time_cycles
0,437426
page_index,time_cycles
0,488514
page_index,time_cycles
0,460574
page_index,time_cycles
0,511444
page_index,time_cycles
0,471026
page_index,time_cycles
0,487256
page_index,time_cycles
0,488836
page_index,time_cycles
0,488562
page_index,time_cycles
0,674064
page_index,time_cycles
0,634642
page_index,time_cycles
0,435884
page_index,time_cycles
0,480048
page_index,time_cycles
0,492834
page_index,time_cycles
0,487002
page_index,time_cycles
0,517566
page_index,time_cycles
0,466036
page_index,time_cycles
0,435796
page_index,time_cycles
0,485390
page_index,time_cycles
0,526526
page_index,time_cycles
0,421948
page_index,time_cycles
0,463278
page_index,time_cycles
0,601442
page_index,time_cycles
0,471538
page_index,time_cycles
0,435108
page_index,time_cycles
0,477214
page_index,time_cycles
0,550138
page_index,time_cycles
0,432700
page_index,time_cycles
0,486848
page_index,time_cycles
0,467144
page_index,time_cycles
0,516000
page_index,time_cycles
0,485922
page_index,time_cycles
0,492066
page_index,time_cycles
0,442532
page_index,time_cycles
0,426762
page_index,time_cycles
0,585262
page_index,time_cycles
0,448716
page_index,time_cycles
0,422700
page_index,time_cycles
0,448358
page_index,time_cycles
0,573014
page_index,time_cycles
0,484602
page_index,time_cycles
0,489604
page_index,time_cycles
0,417512
page_index,time_cycles
0,437202
page_index,time_cycles
0,558066
page_index,time_cycles
0,488960
page_index,time_cycles
0,481114
page_index,time_cycles
0,517434
page_index,time_cycles
0,487726
page_index,time_cycles
0,431148
page_index,time_cycles
0,469360
page_index,time_cycles
0,477336
page_index,time_cycles
0,473024
page_index,time_cycles
0,487118
page_index,time_cycles
0,505924
page_index,time_cycles
0,499114
page_index,time_cycles
0,478906
page_index,time_cycles
0,475638
page_index,time_cycles
0,425414
page_index,time_cycles
0,503760
page_index,time_cycles
0,482228
page_index,time_cycles
0,504972
page_index,time_cycles
0,499876
page_index,time_cycles
0,436782
page_index,time_cycles
0,435486
page_index,time_cycles
0,493056
page_index,time_cycles
0,476226
page_index,time_cycles
0,509426
page_index,time_cycles
0,488530
page_index,time_cycles
0,440624
page_index,time_cycles
0,500164
page_index,time_cycles
0,456426
page_index,time_cycles
0,543432
page_index,time_cycles
0,429306
page_index,time_cycles
0,507806
page_index,time_cycles
0,430818
page_index,time_cycles
0,432776
page_index,time_cycles
0,484228
page_index,time_cycles
0,552808
page_index,time_cycles
0,483438
page_index,time_cycles
0,435598
page_index,time_cycles
0,490446
page_index,time_cycles
0,426230
page_index,time_cycles
0,499168
page_index,time_cycles
0,483964
page_index,time_cycles
0,571058
page_index,time_cycles
0,501580
page_index,time_cycles
0,512946
page_index,time_cycles
0,479588
page_index,time_cycles
0,659034
page_index,time_cycles
0,472584
page_index,time_cycles
0,494380
page_index,time_cycles
0,433032
page_index,time_cycles
0,462168
page_index,time_cycles
0,475460
page_index,time_cycles
0,492244
page_index,time_cycles
0,453336
page_index,time_cycles
0,444598
page_index,time_cycles
0,493852
page_index,time_cycles
0,475660
page_index,time_cycles
0,525798
page_index,time_cycles
0,425620
page_index,time_cycles
0,443170
page_index,time_cycles
0,487786
page_index,time_cycles
0,444128
page_index,time_cycles
0,480746
page_index,time_cycles
0,567854
page_index,time_cycles
0,550798
page_index,time_cycles
0,515140
page_index,time_cycles
0,473648
page_index,time_cycles
0,493926
page_index,time_cycles
0,427404
page_index,time_cycles
0,526292
page_index,time_cycles
0,514880
page_index,time_cycles
0,432428
page_index,time_cycles
0,469786
page_index,time_cycles
0,481062
page_index,time_cycles
0,425640
page_index,time_cycles
0,504752
page_index,time_cycles
0,555746
page_index,time_cycles
0,448748
page_index,time_cycles
0,501292
page_index,time_cycles
0,435372
page_index,time_cycles
0,506416
page_index,time_cycles
0,477122
page_index,time_cycles
0,423866
page_index,time_cycles
0,472994
page_index,time_cycles
0,423318
page_index,time_cycles
0,480976
page_index,time_cycles
0,457308
page_index,time_cycles
0,548436
page_index,time_cycles
0,459298
page_index,time_cycles
0,484718
page_index,time_cycles
0,494666
page_index,time_cycles
0,438108
page_index,time_cycles
0,476812
page_index,time_cycles
0,503478
page_index,time_cycles
0,464674
page_index,time_cycles
0,487618
page_index,time_cycles
0,512988
page_index,time_cycles
0,433576
page_index,time_cycles
0,471150
page_index,time_cycles
0,439698
page_index,time_cycles
0,484636
page_index,time_cycles
0,569446
page_index,time_cycles
0,505094
page_index,time_cycles
0,445042
page_index,time_cycles
0,443672
page_index,time_cycles
0,455248
page_index,time_cycles
0,427412
page_index,time_cycles
0,435404
page_index,time_cycles
0,492258
page_index,time_cycles
0,485556
page_index,time_cycles
0,485762
page_index,time_cycles
0,570178
page_index,time_cycles
0,470800
page_index,time_cycles
0,462522
page_index,time_cycles
0,486238
page_index,time_cycles
0,439960
page_index,time_cycles
0,486376
page_index,time_cycles
0,433872
page_index,time_cycles
0,440432
page_index,time_cycles
0,532616
page_index,time_cycles
0,446676
page_index,time_cycles
0,446678
page_index,time_cycles
0,477932
page_index,time_cycles
0,484600
page_index,time_cycles
0,432404
page_index,time_cycles
0,434076
page_index,time_cycles
0,435884
page_index,time_cycles
0,492772
page_index,time_cycles
0,564206
page_index,time_cycles
0,484758
page_index,time_cycles
0,497664
page_index,time_cycles
0,446970
page_index,time_cycles
0,491286
page_index,time_cycles
0,459518
page_index,time_cycles
0,717276
page_index,time_cycles
0,481000
page_index,time_cycles
0,487328
page_index,time_cycles
0,555528
page_index,time_cycles
0,587650
page_index,time_cycles
0,460024
page_index,time_cycles
0,469972
page_index,time_cycles
0,456954
page_index,time_cycles
0,483702
page_index,time_cycles
0,449052
page_index,time_cycles
0,513566
page_index,time_cycles
0,544810
page_index,time_cycles
0,493332
page_index,time_cycles
0,417606
page_index,time_cycles
0,488378
page_index,time_cycles
0,470738
page_index,time_cycles
0,429380
page_index,time_cycles
0,478198
page_index,time_cycles
0,464260
page_index,time_cycles
0,610590
page_index,time_cycles
0,500720
page_index,time_cycles
0,497700
page_index,time_cycles
0,480720
page_index,time_cycles
0,488544
page_index,time_cycles
0,459256
page_index,time_cycles
0,484742
page_index,time_cycles
0,486350
page_index,time_cycles
0,497270
page_index,time_cycles
0,466974
page_index,time_cycles
0,423302
page_index,time_cycles
0,444268
page_index,time_cycles
0,420714
page_index,time_cycles
0,548316
page_index,time_cycles
0,420238
page_index,time_cycles
0,457966
page_index,time_cycles
0,494156
page_index,time_cycles
0,552772
page_index,time_cycles
0,517182
page_index,time_cycles
0,440434
page_index,time_cycles
0,485822
page_index,time_cycles
0,465086
page_index,time_cycles
0,494092
page_index,time_cycles
0,495482
page_index,time_cycles
0,484326
page_index,time_cycles
0,509508
page_index,time_cycles
0,503980
page_index,time_cycles
0,492070
page_index,time_cycles
0,419718
page_index,time_cycles
0,487348
page_index,time_cycles
0,455632
page_index,time_cycles
0,469846
page_index,time_cycles
0,476746
page_index,time_cycles
0,565552
page_index,time_cycles
0,467308
page_index,time_cycles
0,516696
page_index,time_cycles
0,494382
page_index,time_cycles
0,472892
page_index,time_cycles
0,491576
page_index,time_cycles
0,500020
page_index,time_cycles
0,425806
page_index,time_cycles
0,472388
page_index,time_cycles
0,469334
page_index,time_cycles
0,423986
page_index,time_cycles
0,492338
page_index,time_cycles
0,443266
page_index,time_cycles
0,568822
page_index,time_cycles
0,471408
page_index,time_cycles
0,495054
page_index,time_cycles
0,495872
page_index,time_cycles
0,493486
page_index,time_cycles
0,501030
page_index,time_cycles
0,485254
page_index,time_cycles
0,547722
page_index,time_cycles
0,458830
page_index,time_cycles
0,434850
page_index,time_cycles
0,490016
page_index,time_cycles
0,483342
page_index,time_cycles
0,419082
page_index,time_cycles
0,421886
page_index,time_cycles
0,473700
page_index,time_cycles
0,519458
page_index,time_cycles
0,423782
page_index,time_cycles
0,480804
page_index,time_cycles
0,418872
page_index,time_cycles
0,487878
page_index,time_cycles
0,476022
page_index,time_cycles
0,481506
page_index,time_cycles
0,475296
page_index,time_cycles
0,485888
page_index,time_cycles
0,422836
page_index,time_cycles
0,529740
page_index,time_cycles
0,460502
page_index,time_cycles
0,525534
page_index,time_cycles
0,447218
page_index,time_cycles
0,492252
page_index,time_cycles
0,504824
page_index,time_cycles
0,501600
page_index,time_cycles
0,486006
page_index,time_cycles
0,435728
page_index,time_cycles
0,467484
page_index,time_cycles
0,475376
page_index,time_cycles
0,486228
page_index,time_cycles
0,436898
page_index,time_cycles
0,439332
page_index,time_cycles
0,433816
page_index,time_cycles
0,476216
page_index,time_cycles
0,426174
page_index,time_cycles
0,599260
page_index,time_cycles
0,485366
page_index,time_cycles
0,495176
page_index,time_cycles
0,429512
page_index,time_cycles
0,425454
page_index,time_cycles
0,443756
page_index,time_cycles
0,489782
page_index,time_cycles
0,458978
page_index,time_cycles
0,480222
page_index,time_cycles
0,513458
page_index,time_cycles
0,517464
page_index,time_cycles
0,425582
page_index,time_cycles
0,495714
page_index,time_cycles
0,480802
page_index,time_cycles
0,480900
page_index,time_cycles
0,484654
page_index,time_cycles
0,418630
page_index,time_cycles
0,481116
page_index,time_cycles
0,429534
page_index,time_cycles
0,418654
page_index,time_cycles
0,457410
page_index,time_cycles
0,491394
page_index,time_cycles
0,498324
page_index,time_cycles
0,451026
page_index,time_cycles
0,482866
page_index,time_cycles
0,487762
page_index,time_cycles
0,462098
page_index,time_cycles
0,575934
page_index,time_cycles
0,501642
page_index,time_cycles
0,460798
page_index,time_cycles
0,516934
page_index,time_cycles
0,473668
page_index,time_cycles
0,454208
page_index,time_cycles
0,447980
page_index,time_cycles
0,570602
page_index,time_cycles
0,444968
page_index,time_cycles
0,486880
page_index,time_cycles
0,485714
page_index,time_cycles
0,460134
page_index,time_cycles
0,488442
page_index,time_cycles
0,440800
page_index,time_cycles
0,437462
page_index,time_cycles
0,535738
page_index,time_cycles
0,454624
page_index,time_cycles
0,420894
page_index,time_cycles
0,433228
page_index,time_cycles
0,466520
page_index,time_cycles
0,475364
page_index,time_cycles
0,560062
page_index,time_cycles
0,485370
page_index,time_cycles
0,455850
page_index,time_cycles
0,425434
page_index,time_cycles
0,480410
page_index,time_cycles
0,478782
page_index,time_cycles
0,485864
page_index,time_cycles
0,476454
page_index,time_cycles
0,425220
page_index,time_cycles
0,414388
page_index,time_cycles
0,470708
page_index,time_cycles
0,498802
page_index,time_cycles
0,477082
page_index,time_cycles
0,486182
page_index,time_cycles
0,476500
page_index,time_cycles
0,487066
page_index,time_cycles
0,477738
page_index,time_cycles
0,486704
page_index,time_cycles
0,477374
page_index,time_cycles
0,483746
page_index,time_cycles
0,501860
page_index,time_cycles
0,436234
page_index,time_cycles
0,480770
page_index,time_cycles
0,464132
page_index,time_cycles
0,471258
page_index,time_cycles
0,472950
page_index,time_cycles
0,529222
page_index,time_cycles
0,501938
page_index,time_cycles
0,487710
page_index,time_cycles
0,508214
page_index,time_cycles
0,496426
page_index,time_cycles
0,424646
page_index,time_cycles
0,447636
page_index,time_cycles
0,440910
page_index,time_cycles
0,607236
page_index,time_cycles
0,473026
page_index,time_cycles
0,464698
page_index,time_cycles
0,435276
page_index,time_cycles
0,438384
page_index,time_cycles
0,426328
page_index,time_cycles
0,621998
page_index,time_cycles
0,435410
page_index,time_cycles
0,481724
page_index,time_cycles
0,520696
page_index,time_cycles
0,565404
page_index,time_cycles
0,467136
page_index,time_cycles
0,418788
page_index,time_cycles
0,494540
page_index,time_cycles
0,457280
page_index,time_cycles
0,474080
page_index,time_cycles
0,503164
page_index,time_cycles
0,469366
page_index,time_cycles
0,479720
page_index,time_cycles
0,531484
page_index,time_cycles
0,552166
page_index,time_cycles
0,498976
page_index,time_cycles
0,491280
page_index,time_cycles
0,421498
page_index,time_cycles
0,491344
page_index,time_cycles
0,619226
page_index,time_cycles
0,464152
page_index,time_cycles
0,475730
page_index,time_cycles
0,481268
page_index,time_cycles
0,479866
page_index,time_cycles
0,492878
page_index,time_cycles
0,465958
page_index,time_cycles
0,553232
page_index,time_cycles
0,449806
page_index,time_cycles
0,477512
page_index,time_cycles
0,438770
page_index,time_cycles
0,476656
page_index,time_cycles
0,488752
page_index,time_cycles
0,525546
page_index,time_cycles
0,436702
page_index,time_cycles
0,717112
page_index,time_cycles
0,519690
page_index,time_cycles
0,463730
page_index,time_cycles
0,520496
page_index,time_cycles
0,486006
page_index,time_cycles
0,486688
page_index,time_cycles
0,473936
page_index,time_cycles
0,489544
page_index,time_cycles
0,481258
page_index,time_cycles
0,507594
page_index,time_cycles
0,441390
page_index,time_cycles
0,565886
page_index,time_cycles
0,435300
page_index,time_cycles
0,475876
page_index,time_cycles
0,454524
page_index,time_cycles
0,472932
page_index,time_cycles
0,575914
page_index,time_cycles
0,433984
page_index,time_cycles
0,434328
page_index,time_cycles
0,494110
page_index,time_cycles
0,510206
page_index,time_cycles
0,468394
page_index,time_cycles
0,479920
page_index,time_cycles
0,487128
page_index,time_cycles
0,632898
page_index,time_cycles
0,423372
page_index,time_cycles
0,558308
page_index,time_cycles
0,443776
page_index,time_cycles
0,448276
page_index,time_cycles
0,440342
page_index,time_cycles
0,464360
page_index,time_cycles
0,566438
page_index,time_cycles
0,487236
page_index,time_cycles
0,555544
page_index,time_cycles
0,464666
page_index,time_cycles
0,475402
page_index,time_cycles
0,432234
page_index,time_cycles
0,465196
page_index,time_cycles
0,606230
page_index,time_cycles
0,481008
page_index,time_cycles
0,442962
page_index,time_cycles
0,428354
page_index,time_cycles
0,474448
page_index,time_cycles
0,440258
page_index,time_cycles
0,472382
page_index,time_cycles
0,483452
page_index,time_cycles
0,479682
page_index,time_cycles
0,454450
page_index,time_cycles
0,498338
page_index,time_cycles
0,489758
page_index,time_cycles
0,421656
page_index,time_cycles
0,445660
page_index,time_cycles
0,436526
page_index,time_cycles
0,487712
page_index,time_cycles
0,539186
page_index,time_cycles
0,479890
page_index,time_cycles
0,473356
page_index,time_cycles
0,510674
page_index,time_cycles
0,476944
page_index,time_cycles
0,472108
page_index,time_cycles
0,493738
page_index,time_cycles
0,419692
page_index,time_cycles
0,478954
page_index,time_cycles
0,506890
page_index,time_cycles
0,510560
page_index,time_cycles
0,488882
page_index,time_cycles
0,432642
page_index,time_cycles
0,434578
page_index,time_cycles
0,485126
page_index,time_cycles
0,558728
page_index,time_cycles
0,489034
page_index,time_cycles
0,450434
page_index,time_cycles
0,449066
page_index,time_cycles
0,498750
page_index,time_cycles
0,520508
page_index,time_cycles
0,589718
page_index,time_cycles
0,417962
page_index,time_cycles
0,478402
page_index,time_cycles
0,430948
page_index,time_cycles
0,441164
page_index,time_cycles
0,477548
page_index,time_cycles
0,449658
page_index,time_cycles
0,494934
page_index,time_cycles
0,478808
page_index,time_cycles
0,554308
page_index,time_cycles
0,489190
page_index,time_cycles
0,500248
page_index,time_cycles
0,423282
page_index,time_cycles
0,435362
page_index,time_cycles
0,485762
page_index,time_cycles
0,482096
page_index,time_cycles
0,443306
page_index,time_cycles
0,507626
page_index,time_cycles
0,489384
page_index,time_cycles
0,417676
page_index,time_cycles
0,505666
page_index,time_cycles
0,437604
page_index,time_cycles
0,434800
page_index,time_cycles
0,424634
page_index,time_cycles
0,490526
page_index,time_cycles
0,471142
page_index,time_cycles
0,600106
page_index,time_cycles
0,474710
page_index,time_cycles
0,488606
page_index,time_cycles
0,482756
page_index,time_cycles
0,463680
page_index,time_cycles
0,471982
page_index,time_cycles
0,462152
page_index,time_cycles
0,592406
page_index,time_cycles
0,488374
page_index,time_cycles
0,458320
page_index,time_cycles
0,473458
page_index,time_cycles
0,533902
page_index,time_cycles
0,435454
page_index,time_cycles
0,460042
page_index,time_cycles
0,493494
page_index,time_cycles
0,453338
page_index,time_cycles
0,437360
page_index,time_cycles
0,470476
page_index,time_cycles
0,437112
page_index,time_cycles
0,460490
page_index,time_cycles
0,452526
page_index,time_cycles
0,439574
page_index,time_cycles
0,428658
page_index,time_cycles
0,527726
page_index,time_cycles
0,549068
page_index,time_cycles
0,488432
page_index,time_cycles
0,501254
page_index,time_cycles
0,481346
page_index,time_cycles
0,490260
page_index,time_cycles
0,535024
page_index,time_cycles
0,536260
page_index,time_cycles
0,561322
page_index,time_cycles
0,422616
page_index,time_cycles
0,500480
page_index,time_cycles
0,521854
page_index,time_cycles
0,929182
page_index,time_cycles
0,496802
page_index,time_cycles
0,461688
page_index,time_cycles
0,467276
page_index,time_cycles
0,464956
page_index,time_cycles
0,478326
page_index,time_cycles
0,443670
page_index,time_cycles
0,567328
page_index,time_cycles
0,437068
page_index,time_cycles
0,489784
page_index,time_cycles
0,456202
page_index,time_cycles
0,461420
page_index,time_cycles
0,471510
page_index,time_cycles
0,517162
page_index,time_cycles
0,521430
page_index,time_cycles
0,432512
page_index,time_cycles
0,454962
page_index,time_cycles
0,569590
page_index,time_cycles
0,475888
page_index,time_cycles
0,480556
page_index,time_cycles
0,492270
page_index,time_cycles
0,436892
page_index,time_cycles
0,438352
page_index,time_cycles
0,461460
page_index,time_cycles
0,460066
page_index,time_cycles
0,481884
page_index,time_cycles
0,601560
page_index,time_cycles
0,443436
page_index,time_cycles
0,480980
page_index,time_cycles
0,468934
page_index,time_cycles
0,426250
page_index,time_cycles
0,479942
page_index,time_cycles
0,493878
page_index,time_cycles
0,498994
page_index,time_cycles
0,441852
page_index,time_cycles
0,432428
page_index,time_cycles
0,454512
page_index,time_cycles
0,484114
page_index,time_cycles
0,444792
page_index,time_cycles
0,434086
page_index,time_cycles
0,480520
page_index,time_cycles
0,430842
page_index,time_cycles
0,480886
page_index,time_cycles
0,485124
page_index,time_cycles
0,487276
page_index,time_cycles
0,543532
page_index,time_cycles
0,489138
page_index,time_cycles
0,645402
page_index,time_cycles
0,537088
page_index,time_cycles
0,432558
page_index,time_cycles
0,498470
page_index,time_cycles
0,477722
page_index,time_cycles
0,492964
page_index,time_cycles
0,476636
page_index,time_cycles
0,475216
page_index,time_cycles
0,455844
page_index,time_cycles
0,549638
page_index,time_cycles
0,478414
page_index,time_cycles
0,560512
page_index,time_cycles
0,443062
page_index,time_cycles
0,638746
page_index,time_cycles
0,432000
page_index,time_cycles
0,451640
page_index,time_cycles
0,474496
page_index,time_cycles
0,455490
page_index,time_cycles
0,465764
page_index,time_cycles
0,469464
page_index,time_cycles
0,494592
page_index,time_cycles
0,423830
page_index,time_cycles
0,473656
page_index,time_cycles
0,580612
page_index,time_cycles
0,516954
page_index,time_cycles
0,555972
page_index,time_cycles
0,451624
page_index,time_cycles
0,471608
page_index,time_cycles
0,498216
page_index,time_cycles
0,484230
page_index,time_cycles
0,432140
page_index,time_cycles
0,434866
page_index,time_cycles
0,506106
page_index,time_cycles
0,459204
page_index,time_cycles
0,426818
page_index,time_cycles
0,452118
page_index,time_cycles
0,423816
page_index,time_cycles
0,483462
page_index,time_cycles
0,422056
page_index,time_cycles
0,487800
page_index,time_cycles
0,489148
page_index,time_cycles
0,489732
page_index,time_cycles
0,485330
page_index,time_cycles
0,482850
page_index,time_cycles
0,476046
page_index,time_cycles
0,494204
page_index,time_cycles
0,467606
page_index,time_cycles
0,429698
page_index,time_cycles
0,462206
page_index,time_cycles
0,419352
page_index,time_cycles
0,511014
page_index,time_cycles
0,549988
page_index,time_cycles
0,461456
page_index,time_cycles
0,495230
page_index,time_cycles
0,501512
page_index,time_cycles
0,447798
page_index,time_cycles
0,572776
page_index,time_cycles
0,448348
page_index,time_cycles
0,492294
page_index,time_cycles
0,477926
page_index,time_cycles
0,429510
page_index,time_cycles
0,599726
page_index,time_cycles
0,529718
page_index,time_cycles
0,439712
page_index,time_cycles
0,484108
page_index,time_cycles
0,477814
page_index,time_cycles
0,427930
page_index,time_cycles
0,541344
page_index,time_cycles
0,538992
page_index,time_cycles
0,472352
page_index,time_cycles
0,488880
page_index,time_cycles
0,424378
page_index,time_cycles
0,483040
page_index,time_cycles
0,486414
page_index,time_cycles
0,423302
page_index,time_cycles
0,476224
page_index,time_cycles
0,450728
page_index,time_cycles
0,430366
page_index,time_cycles
0,463780
page_index,time_cycles
0,553540
page_index,time_cycles
0,443206
page_index,time_cycles
0,443412
page_index,time_cycles
0,504100
page_index,time_cycles
0,461344
page_index,time_cycles
0,466850
page_index,time_cycles
0,490342
page_index,time_cycles
0,502082
page_index,time_cycles
0,464768
page_index,time_cycles
0,443812
page_index,time_cycles
0,609406
page_index,time_cycles
0,500118
page_index,time_cycles
0,480246
page_index,time_cycles
0,455288
page_index,time_cycles
0,455398
page_index,time_cycles
0,435342
page_index,time_cycles
0,549216
page_index,time_cycles
0,516556
page_index,time_cycles
0,421212
page_index,time_cycles
0,536702
page_index,time_cycles
0,429480
page_index,time_cycles
0,451466
page_index,time_cycles
0,441310
page_index,time_cycles
0,489066
page_index,time_cycles
0,456194
page_index,time_cycles
0,469110
page_index,time_cycles
0,500082
page_index,time_cycles
0,471182
page_index,time_cycles
0,438714
page_index,time_cycles
0,440360
page_index,time_cycles
0,423816
page_index,time_cycles
0,480524
page_index,time_cycles
0,515072
page_index,time_cycles
0,484264
page_index,time_cycles
0,606874
page_index,time_cycles
0,487502
page_index,time_cycles
0,450396
page_index,time_cycles
0,504088
page_index,time_cycles
0,419612
page_index,time_cycles
0,470408
page_index,time_cycles
0,484642
page_index,time_cycles
0,475022
page_index,time_cycles
0,484392
page_index,time_cycles
0,495580
page_index,time_cycles
0,557652
page_index,time_cycles
0,439342
page_index,time_cycles
0,491740
page_index,time_cycles
0,470910
page_index,time_cycles
0,444178
page_index,time_cycles
0,500876
page_index,time_cycles
0,468464
page_index,time_cycles
0,483880
page_index,time_cycles
0,550600
page_index,time_cycles
0,438482
page_index,time_cycles
0,480026
page_index,time_cycles
0,462008
page_index,time_cycles
0,475124
page_index,time_cycles
0,475616
page_index,time_cycles
0,485072
page_index,time_cycles
0,495626
page_index,time_cycles
0,470446
page_index,time_cycles
0,455220
page_index,time_cycles
0,510392
page_index,time_cycles
0,426016
page_index,time_cycles
0,475212
page_index,time_cycles
0,484760
page_index,time_cycles
0,484198
page_index,time_cycles
0,471852
page_index,time_cycles
0,427038
page_index,time_cycles
0,485762
page_index,time_cycles
0,462026
page_index,time_cycles
0,480584
page_index,time_cycles
0,468584
page_index,time_cycles
0,469526
page_index,time_cycles
0,433140
page_index,time_cycles
0,473592
page_index,time_cycles
0,516162
page_index,time_cycles
0,421056
page_index,time_cycles
0,424380
page_index,time_cycles
0,665142
page_index,time_cycles
0,454210
page_index,time_cycles
0,446510
page_index,time_cycles
0,536500
page_index,time_cycles
0,482600
page_index,time_cycles
0,466768
page_index,time_cycles
0,428642
page_index,time_cycles
0,423618
page_index,time_cycles
0,520658
page_index,time_cycles
0,486116
page_index,time_cycles
0,470250
page_index,time_cycles
0,490250
page_index,time_cycles
0,471294
page_index,time_cycles
0,505356
page_index,time_cycles
0,571144
page_index,time_cycles
0,496068
page_index,time_cycles
0,430134
page_index,time_cycles
0,453352
page_index,time_cycles
0,486974
page_index,time_cycles
0,490928
page_index,time_cycles
0,428046
page_index,time_cycles
0,486612
page_index,time_cycles
0,427406
page_index,time_cycles
0,422792
page_index,time_cycles
0,550564
page_index,time_cycles
0,472080
page_index,time_cycles
0,539324
page_index,time_cycles
0,551634
page_index,time_cycles
0,479068
page_index,time_cycles
0,485520
page_index,time_cycles
0,560848
page_index,time_cycles
0,473830
page_index,time_cycles
0,489320
page_index,time_cycles
0,486368
page_index,time_cycles
0,567344
page_index,time_cycles
0,483208
page_index,time_cycles
0,459772
page_index,time_cycles
0,444166
page_index,time_cycles
0,443182
page_index,time_cycles
0,471008
page_index,time_cycles
0,475570
page_index,time_cycles
0,505242
page_index,time_cycles
0,422466
page_index,time_cycles
0,445762
page_index,time_cycles
0,484430
page_index,time_cycles
0,460490
page_index,time_cycles
0,488050
page_index,time_cycles
0,588148
page_index,time_cycles
0,487596
page_index,time_cycles
0,554216
page_index,time_cycles
0,430920
page_index,time_cycles
0,436190
page_index,time_cycles
0,587524
page_index,time_cycles
0,476430
page_index,time_cycles
0,476574
page_index,time_cycles
0,437368
page_index,time_cycles
0,461562
page_index,time_cycles
0,437664
page_index,time_cycles
0,417996
page_index,time_cycles
0,624014
page_index,time_cycles
0,577552
page_index,time_cycles
0,499252
page_index,time_cycles
0,476092
page_index,time_cycles
0,475004
page_index,time_cycles
0,476898
page_index,time_cycles
0,473106
page_index,time_cycles
0,473524
page_index,time_cycles
0,466496
page_index,time_cycles
0,416584
page_index,time_cycles
0,473602
page_index,time_cycles
0,3535158
page_index,time_cycles
0,473898
page_index,time_cycles
0,569920
page_index,time_cycles
0,475096
page_index,time_cycles
0,500660
page_index,time_cycles
0,500022
page_index,time_cycles
0,463096
page_index,time_cycles
0,453750
page_index,time_cycles
0,509806
page_index,time_cycles
0,485482
page_index,time_cycles
0,525992
page_index,time_cycles
0,550566
page_index,time_cycles
0,465626
page_index,time_cycles
0,502312
page_index,time_cycles
0,481304
page_index,time_cycles
0,471028
page_index,time_cycles
0,428144
page_index,time_cycles
0,535304
page_index,time_cycles
0,493360
page_index,time_cycles
0,423360
page_index,time_cycles
0,575286
page_index,time_cycles
0,569280
page_index,time_cycles
0,420816
page_index,time_cycles
0,488836
page_index,time_cycles
0,448826
page_index,time_cycles
0,472170
page_index,time_cycles
0,455158
page_index,time_cycles
0,464572
page_index,time_cycles
0,442008
page_index,time_cycles
0,489838
page_index,time_cycles
0,569018
page_index,time_cycles
0,435590
page_index,time_cycles
0,456304
page_index,time_cycles
0,707620
page_index,time_cycles
0,453364
page_index,time_cycles
0,499060
page_index,time_cycles
0,425998
page_index,time_cycles
0,519324
page_index,time_cycles
0,476456
page_index,time_cycles
0,459208
page_index,time_cycles
0,575922
page_index,time_cycles
0,504438
page_index,time_cycles
0,469018
page_index,time_cycles
0,436944
page_index,time_cycles
0,498252
page_index,time_cycles
0,504224
page_index,time_cycles
0,563530
page_index,time_cycles
0,473246
page_index,time_cycles
0,426784
page_index,time_cycles
0,433320
page_index,time_cycles
0,439586
page_index,time_cycles
0,511198
page_index,time_cycles
0,569066
page_index,time_cycles
0,424510
page_index,time_cycles
0,501026
page_index,time_cycles
0,525984
page_index,time_cycles
0,417960
page_index,time_cycles
0,434790
page_index,time_cycles
0,502212
page_index,time_cycles
0,489010
page_index,time_cycles
0,489250
page_index,time_cycles
0,495554
page_index,time_cycles
0,481140
page_index,time_cycles
0,469458
page_index,time_cycles
0,488114
page_index,time_cycles
0,447292
page_index,time_cycles
0,484816
page_index,time_cycles
0,464828
page_index,time_cycles
0,467068
page_index,time_cycles
0,451338
page_index,time_cycles
0,480530
page_index,time_cycles
0,465556
page_index,time_cycles
0,440262
page_index,time_cycles
0,475792
page_index,time_cycles
0,496484
page_index,time_cycles
0,451602
page_index,time_cycles
0,488982
page_index,time_cycles
0,468564
page_index,time_cycles
0,477736
page_index,time_cycles
0,437016
page_index,time_cycles
0,427446
page_index,time_cycles
0,422300
page_index,time_cycles
0,448036
page_index,time_cycles
0,437232
page_index,time_cycles
0,573556
page_index,time_cycles
0,612240
page_index,time_cycles
0,420018
page_index,time_cycles
0,448148
page_index,time_cycles
0,482644
page_index,time_cycles
0,436582
page_index,time_cycles
0,453880
page_index,time_cycles
0,479044
page_index,time_cycles
0,462608
page_index,time_cycles
0,491764
page_index,time_cycles
0,548340
page_index,time_cycles
0,430342
page_index,time_cycles
0,460936
page_index,time_cycles
0,496092
page_index,time_cycles
0,479848
page_index,time_cycles
0,503074
page_index,time_cycles
0,484706
page_index,time_cycles
0,496926
page_index,time_cycles
0,525092
page_index,time_cycles
0,615310
page_index,time_cycles
0,549238
page_index,time_cycles
0,491782
page_index,time_cycles
0,479920
page_index,time_cycles
0,500894
page_index,time_cycles
0,480828
page_index,time_cycles
0,477674
page_index,time_cycles
0,453550
page_index,time_cycles
0,574096
page_index,time_cycles
0,437136
page_index,time_cycles
0,486534
page_index,time_cycles
0,520990
page_index,time_cycles
0,472960
page_index,time_cycles
0,463716
page_index,time_cycles
0,441266
page_index,time_cycles
0,486066
page_index,time_cycles
0,443932
page_index,time_cycles
0,457758
page_index,time_cycles
0,442696
page_index,time_cycles
0,493926
page_index,time_cycles
0,501192
page_index,time_cycles
0,426716
page_index,time_cycles
0,492520
page_index,time_cycles
0,574104
page_index,time_cycles
0,462860
page_index,time_cycles
0,427310
page_index,time_cycles
0,501038
page_index,time_cycles
0,509298
page_index,time_cycles
0,475422
page_index,time_cycles
0,498848
page_index,time_cycles
0,475406
page_index,time_cycles
0,470372
page_index,time_cycles
0,422940
page_index,time_cycles
0,593838
page_index,time_cycles
0,461926
page_index,time_cycles
0,556968
page_index,time_cycles
0,485310
page_index,time_cycles
0,485300
page_index,time_cycles
0,459004
page_index,time_cycles
0,456944
page_index,time_cycles
0,454504
page_index,time_cycles
0,467702
page_index,time_cycles
0,425734
page_index,time_cycles
0,458942
page_index,time_cycles
0,470258
page_index,time_cycles
0,458356
page_index,time_cycles
0,483908
page_index,time_cycles
0,488438
page_index,time_cycles
0,435776
page_index,time_cycles
0,457002
page_index,time_cycles
0,421436
page_index,time_cycles
0,465002
page_index,time_cycles
0,436420
page_index,time_cycles
0,491112
page_index,time_cycles
0,483384
page_index,time_cycles
0,496994
page_index,time_cycles
0,470816
page_index,time_cycles
0,492180
page_index,time_cycles
0,489938
page_index,time_cycles
0,480892
page_index,time_cycles
0,438494
page_index,time_cycles
0,477368
page_index,time_cycles
0,435214
page_index,time_cycles
0,674604
page_index,time_cycles
0,479824
page_index,time_cycles
0,440948
page_index,time_cycles
0,476638
page_index,time_cycles
0,464460
page_index,time_cycles
0,487078
page_index,time_cycles
0,550428
page_index,time_cycles
0,455526
page_index,time_cycles
0,491298
page_index,time_cycles
0,492700
page_index,time_cycles
0,472706
page_index,time_cycles
0,553178
page_index,time_cycles
0,491420
page_index,time_cycles
0,512334
page_index,time_cycles
0,570038
page_index,time_cycles
0,572888
page_index,time_cycles
0,527094
page_index,time_cycles
0,492120
page_index,time_cycles
0,469540
page_index,time_cycles
0,545916
page_index,time_cycles
0,421978
page_index,time_cycles
0,439698
page_index,time_cycles
0,483168
page_index,time_cycles
0,512852
page_index,time_cycles
0,573410
page_index,time_cycles
0,489126
page_index,time_cycles
0,489936
page_index,time_cycles
0,459064
page_index,time_cycles
0,474416
page_index,time_cycles
0,437880
page_index,time_cycles
0,515034
page_index,time_cycles
0,475852
page_index,time_cycles
0,506210
page_index,time_cycles
0,460828
page_index,time_cycles
0,486220
page_index,time_cycles
0,468320
page_index,time_cycles
0,478618
page_index,time_cycles
0,475852
page_index,time_cycles
0,492306
page_index,time_cycles
0,434138
page_index,time_cycles
0,517104
page_index,time_cycles
0,472128
page_index,time_cycles
0,490426
page_index,time_cycles
0,470148
page_index,time_cycles
0,433956
page_index,time_cycles
0,442214
page_index,time_cycles
0,454256
page_index,time_cycles
0,485558
page_index,time_cycles
0,507028
page_index,time_cycles
0,507724
page_index,time_cycles
0,471552
page_index,time_cycles
0,477800
page_index,time_cycles
0,490284
page_index,time_cycles
0,434120
page_index,time_cycles
0,470294
page_index,time_cycles
0,472640
page_index,time_cycles
0,480400
page_index,time_cycles
0,480308
page_index,time_cycles
0,450170
page_index,time_cycles
0,437868
page_index,time_cycles
0,418688
page_index,time_cycles
0,566076
page_index,time_cycles
0,472820
page_index,time_cycles
0,474502
page_index,time_cycles
0,487696
page_index,time_cycles
0,493714
page_index,time_cycles
0,471862
page_index,time_cycles
0,443588
page_index,time_cycles
0,517012
page_index,time_cycles
0,502006
page_index,time_cycles
0,445308
page_index,time_cycles
0,733958
page_index,time_cycles
0,483968
page_index,time_cycles
0,486216
page_index,time_cycles
0,431324
page_index,time_cycles
0,478308
page_index,time_cycles
0,452410
page_index,time_cycles
0,483984
page_index,time_cycles
0,462760
page_index,time_cycles
0,434638
page_index,time_cycles
0,425872
page_index,time_cycles
0,471696
page_index,time_cycles
0,440364
page_index,time_cycles
0,475176
page_index,time_cycles
0,432498
page_index,time_cycles
0,441202
page_index,time_cycles
0,421282
page_index,time_cycles
0,482574
page_index,time_cycles
0,466016
page_index,time_cycles
0,436632
page_index,time_cycles
0,511026
page_index,time_cycles
0,548458
page_index,time_cycles
0,492736
page_index,time_cycles
0,462480
page_index,time_cycles
0,423160
page_index,time_cycles
0,430072
page_index,time_cycles
0,508702
page_index,time_cycles
0,472254
page_index,time_cycles
0,537404
page_index,time_cycles
0,535150
page_index,time_cycles
0,458612
page_index,time_cycles
0,474244
page_index,time_cycles
0,443470
page_index,time_cycles
0,487862
page_index,time_cycles
0,486298
page_index,time_cycles
0,502706
page_index,time_cycles
0,431824
page_index,time_cycles
0,482308
page_index,time_cycles
0,489394
page_index,time_cycles
0,472654
page_index,time_cycles
0,510298
page_index,time_cycles
0,490120
page_index,time_cycles
0,480226
page_index,time_cycles
0,482162
page_index,time_cycles
0,509418
page_index,time_cycles
0,442914
page_index,time_cycles
0,428262
page_index,time_cycles
0,482642
page_index,time_cycles
0,444822
page_index,time_cycles
0,492228
page_index,time_cycles
0,477550
page_index,time_cycles
0,464022
page_index,time_cycles
0,421870
page_index,time_cycles
0,457340
page_index,time_cycles
0,421696
page_index,time_cycles
0,422126
page_index,time_cycles
0,489582
page_index,time_cycles
0,487314
page_index,time_cycles
0,529236
page_index,time_cycles
0,486394
page_index,time_cycles
0,491746
page_index,time_cycles
0,498372
page_index,time_cycles
0,501894
page_index,time_cycles
0,578570
page_index,time_cycles
0,427126
page_index,time_cycles
0,604494
page_index,time_cycles
0,550900
page_index,time_cycles
0,439156
page_index,time_cycles
0,526026
page_index,time_cycles
0,498172
page_index,time_cycles
0,490754
page_index,time_cycles
0,446568
page_index,time_cycles
0,475770
page_index,time_cycles
0,486924
page_index,time_cycles
0,469642
page_index,time_cycles
0,492202
page_index,time_cycles
0,451998
page_index,time_cycles
0,475160
page_index,time_cycles
0,489908
page_index,time_cycles
0,484260
page_index,time_cycles
0,456828
page_index,time_cycles
0,501502
page_index,time_cycles
0,512458
page_index,time_cycles
0,464796
page_index,time_cycles
0,488066
page_index,time_cycles
0,555390
page_index,time_cycles
0,480314
page_index,time_cycles
0,492080
page_index,time_cycles
0,426852
page_index,time_cycles
0,431702
page_index,time_cycles
0,432866
page_index,time_cycles
0,427740
page_index,time_cycles
0,526656
page_index,time_cycles
0,488714
page_index,time_cycles
0,490900
page_index,time_cycles
0,483630
page_index,time_cycles
0,487860
page_index,time_cycles
0,472582
page_index,time_cycles
0,462096
page_index,time_cycles
0,463368
page_index,time_cycles
0,424106
page_index,time_cycles
0,448574
page_index,time_cycles
0,455864
page_index,time_cycles
0,457358
page_index,time_cycles
0,422744
page_index,time_cycles
0,505612
page_index,time_cycles
0,498280
page_index,time_cycles
0,482712
page_index,time_cycles
0,461320
page_index,time_cycles
0,467296
page_index,time_cycles
0,499206
page_index,time_cycles
0,473712
page_index,time_cycles
0,505452
page_index,time_cycles
0,2487638
page_index,time_cycles
0,427956
page_index,time_cycles
0,505902
page_index,time_cycles
0,455906
page_index,time_cycles
0,483650
page_index,time_cycles
0,449902
page_index,time_cycles
0,490214
page_index,time_cycles
0,487974
page_index,time_cycles
0,488906
page_index,time_cycles
0,489264
page_index,time_cycles
0,456464
page_index,time_cycles
0,547532
page_index,time_cycles
0,588790
page_index,time_cycles
0,487628
page_index,time_cycles
0,457358
page_index,time_cycles
0,454320
page_index,time_cycles
0,488496
page_index,time_cycles
0,453606
page_index,time_cycles
0,483248
page_index,time_cycles
0,422826
page_index,time_cycles
0,468130
page_index,time_cycles
0,465810
page_index,time_cycles
0,422970
page_index,time_cycles
0,560092
page_index,time_cycles
0,429424
page_index,time_cycles
0,490696
page_index,time_cycles
0,430614
page_index,time_cycles
0,478930
page_index,time_cycles
0,471632
page_index,time_cycles
0,446812
page_index,time_cycles
0,478280
page_index,time_cycles
0,479782
page_index,time_cycles
0,496204
page_index,time_cycles
0,442306
page_index,time_cycles
0,524032
page_index,time_cycles
0,469002
page_index,time_cycles
0,485808
page_index,time_cycles
0,459900
page_index,time_cycles
0,482602
page_index,time_cycles
0,483202
page_index,time_cycles
0,485598
page_index,time_cycles
0,445024
page_index,time_cycles
0,435744
page_index,time_cycles
0,450782
page_index,time_cycles
0,449674
page_index,time_cycles
0,492024
page_index,time_cycles
0,497622
page_index,time_cycles
0,419894
page_index,time_cycles
0,493002
page_index,time_cycles
0,430358
page_index,time_cycles
0,482806
page_index,time_cycles
0,474968
page_index,time_cycles
0,511558
page_index,time_cycles
0,519082
page_index,time_cycles
0,491610
page_index,time_cycles
0,468310
page_index,time_cycles
0,477828
page_index,time_cycles
0,488166
page_index,time_cycles
0,484984
page_index,time_cycles
0,481476
page_index,time_cycles
0,476254
page_index,time_cycles
0,423452
page_index,time_cycles
0,498094
page_index,time_cycles
0,490582
page_index,time_cycles
0,434242
page_index,time_cycles
0,469072
page_index,time_cycles
0,440552
page_index,time_cycles
0,509040
page_index,time_cycles
0,420814
page_index,time_cycles
0,442258
page_index,time_cycles
0,418994
page_index,time_cycles
0,419532
page_index,time_cycles
0,474888
page_index,time_cycles
0,440180
page_index,time_cycles
0,468030
page_index,time_cycles
0,466306
page_index,time_cycles
0,437780
page_index,time_cycles
0,472778
page_index,time_cycles
0,572294
page_index,time_cycles
0,467780
page_index,time_cycles
0,554774
page_index,time_cycles
0,431644
page_index,time_cycles
0,493030
page_index,time_cycles
0,447018
page_index,time_cycles
0,420384
page_index,time_cycles
0,588880
page_index,time_cycles
0,484382
page_index,time_cycles
0,436066
page_index,time_cycles
0,552036
page_index,time_cycles
0,472516
page_index,time_cycles
0,541776
page_index,time_cycles
0,487434
page_index,time_cycles
0,488404
page_index,time_cycles
0,451862
page_index,time_cycles
0,466786
page_index,time_cycles
0,480322
page_index,time_cycles
0,485016
page_index,time_cycles
0,419624
page_index,time_cycles
0,486498
page_index,time_cycles
0,418066
page_index,time_cycles
0,481320
page_index,time_cycles
0,485906
page_index,time_cycles
0,515478
page_index,time_cycles
0,421186
page_index,time_cycles
0,479068
page_index,time_cycles
0,493660
page_index,time_cycles
0,450804
page_index,time_cycles
0,622926
page_index,time_cycles
0,492518
page_index,time_cycles
0,447502
page_index,time_cycles
0,585830
page_index,time_cycles
0,426718
page_index,time_cycles
0,482136
page_index,time_cycles
0,478234
page_index,time_cycles
0,497734
page_index,time_cycles
0,432888
page_index,time_cycles
0,498404
page_index,time_cycles
0,487034
page_index,time_cycles
0,417912
page_index,time_cycles
0,518466
page_index,time_cycles
0,461834
page_index,time_cycles
0,429378
page_index,time_cycles
0,567646
page_index,time_cycles
0,470268
page_index,time_cycles
0,419366
page_index,time_cycles
0,460518
page_index,time_cycles
0,477862
page_index,time_cycles
0,481536
page_index,time_cycles
0,476506
page_index,time_cycles
0,482432
page_index,time_cycles
0,417140
page_index,time_cycles
0,564598
page_index,time_cycles
0,513582
page_index,time_cycles
0,491102
page_index,time_cycles
0,542410
page_index,time_cycles
0,460920
page_index,time_cycles
0,421082
page_index,time_cycles
0,463064
page_index,time_cycles
0,424478
page_index,time_cycles
0,439196
page_index,time_cycles
0,589858
page_index,time_cycles
0,496716
page_index,time_cycles
0,452184
page_index,time_cycles
0,421152
page_index,time_cycles
0,477204
page_index,time_cycles
0,443966
page_index,time_cycles
0,418406
page_index,time_cycles
0,447132
page_index,time_cycles
0,482406
page_index,time_cycles
0,441780
page_index,time_cycles
0,424130
page_index,time_cycles
0,489670
page_index,time_cycles
0,497528
page_index,time_cycles
0,479188
page_index,time_cycles
0,479712
page_index,time_cycles
0,513778
page_index,time_cycles
0,448314
page_index,time_cycles
0,459086
page_index,time_cycles
0,489696
page_index,time_cycles
0,445252
page_index,time_cycles
0,487180
page_index,time_cycles
0,479616
page_index,time_cycles
0,500106
page_index,time_cycles
0,480032
page_index,time_cycles
0,486766
page_index,time_cycles
0,454336
page_index,time_cycles
0,420630
page_index,time_cycles
0,488374
page_index,time_cycles
0,440880
page_index,time_cycles
0,446140
page_index,time_cycles
0,460652
page_index,time_cycles
0,471674
page_index,time_cycles
0,483402
page_index,time_cycles
0,423126
page_index,time_cycles
0,484618
page_index,time_cycles
0,483748
page_index,time_cycles
0,483672
page_index,time_cycles
0,456006
page_index,time_cycles
0,484440
page_index,time_cycles
0,457502
page_index,time_cycles
0,499258
page_index,time_cycles
0,456352
page_index,time_cycles
0,502174
page_index,time_cycles
0,464676
page_index,time_cycles
0,475202
page_index,time_cycles
0,478908
page_index,time_cycles
0,481436
page_index,time_cycles
0,459166
page_index,time_cycles
0,457682
page_index,time_cycles
0,475172
page_index,time_cycles
0,424456
page_index,time_cycles
0,504762
page_index,time_cycles
0,581576
page_index,time_cycles
0,486286
page_index,time_cycles
0,414970
page_index,time_cycles
0,421916
page_index,time_cycles
0,471852
page_index,time_cycles
0,478790
page_index,time_cycles
0,463502
page_index,time_cycles
0,505204
page_index,time_cycles
0,429246
page_index,time_cycles
0,459256
page_index,time_cycles
0,498696
page_index,time_cycles
0,469092
page_index,time_cycles
0,443384
page_index,time_cycles
0,479172
page_index,time_cycles
0,427000
page_index,time_cycles
0,457974
page_index,time_cycles
0,471622
page_index,time_cycles
0,461878
page_index,time_cycles
0,486020
page_index,time_cycles
0,449458
page_index,time_cycles
0,476906
page_index,time_cycles
0,425204
page_index,time_cycles
0,639134
page_index,time_cycles
0,454828
page_index,time_cycles
0,410970
page_index,time_cycles
0,560212
page_index,time_cycles
0,547384
page_index,time_cycles
0,485936
page_index,time_cycles
0,430040
page_index,time_cycles
0,451606
page_index,time_cycles
0,493834
page_index,time_cycles
0,589724
page_index,time_cycles
0,457918
page_index,time_cycles
0,457704
page_index,time_cycles
0,431224
page_index,time_cycles
0,478782
page_index,time_cycles
0,434744
page_index,time_cycles
0,419958
page_index,time_cycles
0,455822
page_index,time_cycles
0,455612
page_index,time_cycles
0,442114
page_index,time_cycles
0,508148
page_index,time_cycles
0,612352
page_index,time_cycles
0,494700
page_index,time_cycles
0,480514
page_index,time_cycles
0,510974
page_index,time_cycles
0,425166
page_index,time_cycles
0,497558
page_index,time_cycles
0,446436
page_index,time_cycles
0,456480
page_index,time_cycles
0,488358
page_index,time_cycles
0,549176
page_index,time_cycles
0,486418
page_index,time_cycles
0,476004
page_index,time_cycles
0,437450
page_index,time_cycles
0,548062
page_index,time_cycles
0,488800
page_index,time_cycles
0,448856
page_index,time_cycles
0,447822
page_index,time_cycles
0,422768
page_index,time_cycles
0,481854
page_index,time_cycles
0,535946
page_index,time_cycles
0,423870
page_index,time_cycles
0,487294
page_index,time_cycles
0,517548
page_index,time_cycles
0,420458
page_index,time_cycles
0,470352
page_index,time_cycles
0,429140
page_index,time_cycles
0,489130
page_index,time_cycles
0,439774
page_index,time_cycles
0,528924
page_index,time_cycles
0,478538
page_index,time_cycles
0,505350
page_index,time_cycles
0,476372
page_index,time_cycles
0,494192
page_index,time_cycles
0,455594
page_index,time_cycles
0,512696
page_index,time_cycles
0,447832
page_index,time_cycles
0,543612
page_index,time_cycles
0,476440
page_index,time_cycles
0,472874
page_index,time_cycles
0,435130
page_index,time_cycles
0,443770
page_index,time_cycles
0,435568
page_index,time_cycles
0,427764
page_index,time_cycles
0,438060
page_index,time_cycles
0,433702
page_index,time_cycles
0,482404
page_index,time_cycles
0,460464
page_index,time_cycles
0,508872
page_index,time_cycles
0,471428
page_index,time_cycles
0,468592
page_index,time_cycles
0,429914
page_index,time_cycles
0,473722
page_index,time_cycles
0,427940
page_index,time_cycles
0,559252
page_index,time_cycles
0,416052
page_index,time_cycles
0,476852
page_index,time_cycles
0,423734
page_index,time_cycles
0,599906
page_index,time_cycles
0,462658
page_index,time_cycles
0,472122
page_index,time_cycles
0,465058
page_index,time_cycles
0,427254
page_index,time_cycles
0,490572
page_index,time_cycles
0,435108
page_index,time_cycles
0,418680
page_index,time_cycles
0,556274
page_index,time_cycles
0,488086
page_index,time_cycles
0,487678
page_index,time_cycles
0,442490
page_index,time_cycles
0,468774
page_index,time_cycles
0,481938
page_index,time_cycles
0,487708
page_index,time_cycles
0,549940
page_index,time_cycles
0,491530
page_index,time_cycles
0,439208
page_index,time_cycles
0,479014
page_index,time_cycles
0,437560
page_index,time_cycles
0,479680
page_index,time_cycles
0,488740
page_index,time_cycles
0,557130
page_index,time_cycles
0,459318
page_index,time_cycles
0,485942
page_index,time_cycles
0,491414
page_index,time_cycles
0,487112
page_index,time_cycles
0,483832
page_index,time_cycles
0,423448
page_index,time_cycles
0,466030
page_index,time_cycles
0,432352
page_index,time_cycles
0,486196
page_index,time_cycles
0,457438
page_index,time_cycles
0,487654
page_index,time_cycles
0,491408
page_index,time_cycles
0,454086
page_index,time_cycles
0,450644
page_index,time_cycles
0,473170
page_index,time_cycles
0,447486
page_index,time_cycles
0,421478
page_index,time_cycles
0,442160
page_index,time_cycles
0,440848
page_index,time_cycles
0,424698
page_index,time_cycles
0,563264
page_index,time_cycles
0,489374
page_index,time_cycles
0,498602
page_index,time_cycles
0,487500
page_index,time_cycles
0,450596
page_index,time_cycles
0,468868
page_index,time_cycles
0,492980
page_index,time_cycles
0,420544
page_index,time_cycles
0,429932
page_index,time_cycles
0,464292
page_index,time_cycles
0,419498
page_index,time_cycles
0,496720
page_index,time_cycles
0,478006
page_index,time_cycles
0,476442
page_index,time_cycles
0,572524
page_index,time_cycles
0,490302
page_index,time_cycles
0,425756
page_index,time_cycles
0,488954
page_index,time_cycles
0,535566
page_index,time_cycles
0,426930
page_index,time_cycles
0,427436
page_index,time_cycles
0,523466
page_index,time_cycles
0,491590
page_index,time_cycles
0,514668
page_index,time_cycles
0,481234
page_index,time_cycles
0,489714
page_index,time_cycles
0,422332
page_index,time_cycles
0,458236
page_index,time_cycles
0,435742
page_index,time_cycles
0,455974
page_index,time_cycles
0,441980
page_index,time_cycles
0,487960
page_index,time_cycles
0,461328
page_index,time_cycles
0,430840
page_index,time_cycles
0,527572
page_index,time_cycles
0,467650
page_index,time_cycles
0,426074
page_index,time_cycles
0,451872
page_index,time_cycles
0,500152
page_index,time_cycles
0,426618
page_index,time_cycles
0,454958
page_index,time_cycles
0,454858
page_index,time_cycles
0,507992
page_index,time_cycles
0,493288
page_index,time_cycles
0,486460
page_index,time_cycles
0,426020
page_index,time_cycles
0,587916
page_index,time_cycles
0,492286
page_index,time_cycles
0,469394
page_index,time_cycles
0,598588
page_index,time_cycles
0,459424
page_index,time_cycles
0,568042
page_index,time_cycles
0,481156
page_index,time_cycles
0,502558
page_index,time_cycles
0,435714
page_index,time_cycles
0,489120
page_index,time_cycles
0,580906
page_index,time_cycles
0,463472
page_index,time_cycles
0,460434
page_index,time_cycles
0,451610
page_index,time_cycles
0,492516
page_index,time_cycles
0,442086
page_index,time_cycles
0,487942
page_index,time_cycles
0,474610
page_index,time_cycles
0,496484
page_index,time_cycles
0,543844
page_index,time_cycles
0,564636
page_index,time_cycles
0,520248
page_index,time_cycles
0,480936
page_index,time_cycles
0,419834
page_index,time_cycles
0,477490
page_index,time_cycles
0,444272
page_index,time_cycles
0,491566
page_index,time_cycles
0,439586
page_index,time_cycles
0,498780
page_index,time_cycles
0,488886
page_index,time_cycles
0,474650
page_index,time_cycles
0,478714
page_index,time_cycles
0,536618
page_index,time_cycles
0,484084
page_index,time_cycles
0,580096
page_index,time_cycles
0,477956
page_index,time_cycles
0,483100
page_index,time_cycles
0,485628
page_index,time_cycles
0,565996
page_index,time_cycles
0,423074
page_index,time_cycles
0,465900
page_index,time_cycles
0,471326
page_index,time_cycles
0,429612
page_index,time_cycles
0,432778
page_index,time_cycles
0,456702
page_index,time_cycles
0,486358
page_index,time_cycles
0,471164
page_index,time_cycles
0,484130
page_index,time_cycles
0,442850
page_index,time_cycles
0,453546
page_index,time_cycles
0,423584
page_index,time_cycles
0,481866
page_index,time_cycles
0,515482
page_index,time_cycles
0,488494
page_index,time_cycles
0,469664
page_index,time_cycles
0,501522
page_index,time_cycles
0,561022
page_index,time_cycles
0,499026
page_index,time_cycles
0,546590
page_index,time_cycles
0,487620
page_index,time_cycles
0,421284
page_index,time_cycles
0,415940
page_index,time_cycles
0,485418
page_index,time_cycles
0,498208
page_index,time_cycles
0,485404
page_index,time_cycles
0,476576
page_index,time_cycles
0,482002
page_index,time_cycles
0,489746
page_index,time_cycles
0,555644
page_index,time_cycles
0,431394
page_index,time_cycles
0,484536
page_index,time_cycles
0,457050
page_index,time_cycles
0,427622
page_index,time_cycles
0,567550
page_index,time_cycles
0,422630
page_index,time_cycles
0,474300
page_index,time_cycles
0,488730
page_index,time_cycles
0,528610
page_index,time_cycles
0,478528
page_index,time_cycles
0,541018
page_index,time_cycles
0,491824
page_index,time_cycles
0,487246
page_index,time_cycles
0,494176
page_index,time_cycles
0,480828
page_index,time_cycles
0,491424
page_index,time_cycles
0,439976
page_index,time_cycles
0,564988
page_index,time_cycles
0,618298
page_index,time_cycles
0,472730
page_index,time_cycles
0,475530
page_index,time_cycles
0,418720
page_index,time_cycles
0,525822
page_index,time_cycles
0,441010
page_index,time_cycles
0,451636
page_index,time_cycles
0,446702
page_index,time_cycles
0,464300
page_index,time_cycles
0,431370
page_index,time_cycles
0,435008
page_index,time_cycles
0,459408
page_index,time_cycles
0,567238
page_index,time_cycles
0,446680
page_index,time_cycles
0,477784
page_index,time_cycles
0,499966
page_index,time_cycles
0,530232
page_index,time_cycles
0,561838
page_index,time_cycles
0,497874
page_index,time_cycles
0,420178
page_index,time_cycles
0,515448
page_index,time_cycles
0,483236
page_index,time_cycles
0,465074
page_index,time_cycles
0,466500
page_index,time_cycles
0,449740
page_index,time_cycles
0,508020
page_index,time_cycles
0,484836
page_index,time_cycles
0,480892
page_index,time_cycles
0,482768
page_index,time_cycles
0,483146
page_index,time_cycles
0,436072
page_index,time_cycles
0,507478
page_index,time_cycles
0,469198
page_index,time_cycles
0,479626
page_index,time_cycles
0,454938
page_index,time_cycles
0,452802
page_index,time_cycles
0,440242
page_index,time_cycles
0,418248
page_index,time_cycles
0,644138
page_index,time_cycles
0,582874
page_index,time_cycles
0,433216
page_index,time_cycles
0,501444
page_index,time_cycles
0,438104
page_index,time_cycles
0,494776
page_index,time_cycles
0,491728
page_index,time_cycles
0,472094
page_index,time_cycles
0,435974
page_index,time_cycles
0,435980
page_index,time_cycles
0,512838
page_index,time_cycles
0,464344
page_index,time_cycles
0,512538
page_index,time_cycles
0,565092
page_index,time_cycles
0,470306
page_index,time_cycles
0,479426
page_index,time_cycles
0,556042
page_index,time_cycles
0,489152
page_index,time_cycles
0,587390
page_index,time_cycles
0,429276
page_index,time_cycles
0,586236
page_index,time_cycles
0,453614
page_index,time_cycles
0,430860
page_index,time_cycles
0,465412
page_index,time_cycles
0,556326
page_index,time_cycles
0,485308
page_index,time_cycles
0,437770
page_index,time_cycles
0,462310
page_index,time_cycles
0,480114
page_index,time_cycles
0,490748
page_index,time_cycles
0,439222
page_index,time_cycles
0,472022
page_index,time_cycles
0,459836
page_index,time_cycles
0,465626
page_index,time_cycles
0,621550
page_index,time_cycles
0,491486
page_index,time_cycles
0,437632
page_index,time_cycles
0,473204
page_index,time_cycles
0,474564
page_index,time_cycles
0,602596
page_index,time_cycles
0,442158
page_index,time_cycles
0,578128
page_index,time_cycles
0,488474
page_index,time_cycles
0,462976
page_index,time_cycles
0,455226
page_index,time_cycles
0,502702
page_index,time_cycles
0,492260
page_index,time_cycles
0,443282
page_index,time_cycles
0,517408
page_index,time_cycles
0,451520
page_index,time_cycles
0,453282
page_index,time_cycles
0,487990
page_index,time_cycles
0,456306
page_index,time_cycles
0,450972
page_index,time_cycles
0,473018
page_index,time_cycles
0,470560
page_index,time_cycles
0,487230
page_index,time_cycles
0,463356
page_index,time_cycles
0,495776
page_index,time_cycles
0,484464
page_index,time_cycles
0,476242
page_index,time_cycles
0,454446
page_index,time_cycles
0,441084
page_index,time_cycles
0,485758
page_index,time_cycles
0,489402
page_index,time_cycles
0,483890
page_index,time_cycles
0,438514
page_index,time_cycles
0,498992
page_index,time_cycles
0,431382
page_index,time_cycles
0,470936
page_index,time_cycles
0,484786
page_index,time_cycles
0,479426
page_index,time_cycles
0,522472
page_index,time_cycles
0,498360
page_index,time_cycles
0,487008
page_index,time_cycles
0,474150
page_index,time_cycles
0,498600
page_index,time_cycles
0,482006
page_index,time_cycles
0,515900
page_index,time_cycles
0,484132
page_index,time_cycles
0,463992
page_index,time_cycles
0,432698
page_index,time_cycles
0,437516
page_index,time_cycles
0,493814
page_index,time_cycles
0,471636
page_index,time_cycles
0,431390
page_index,time_cycles
0,479248
page_index,time_cycles
0,495244
page_index,time_cycles
0,544480
page_index,time_cycles
0,471460
page_index,time_cycles
0,417996
page_index,time_cycles
0,420072
page_index,time_cycles
0,439720
page_index,time_cycles
0,534744
page_index,time_cycles
0,450590
page_index,time_cycles
0,544056
page_index,time_cycles
0,488810
page_index,time_cycles
0,481764
page_index,time_cycles
0,532536
page_index,time_cycles
0,563510
page_index,time_cycles
0,434870
page_index,time_cycles
0,470626
page_index,time_cycles
0,501426
page_index,time_cycles
0,476192
page_index,time_cycles
0,438138
page_index,time_cycles
0,467072
page_index,time_cycles
0,422138
page_index,time_cycles
0,547856
page_index,time_cycles
0,428226
page_index,time_cycles
0,571800
page_index,time_cycles
0,485360
page_index,time_cycles
0,439198
page_index,time_cycles
0,434570
page_index,time_cycles
0,483752
page_index,time_cycles
0,472500
page_index,time_cycles
0,427324
page_index,time_cycles
0,490392
page_index,time_cycles
0,452398
page_index,time_cycles
0,457178
page_index,time_cycles
0,431294
page_index,time_cycles
0,444992
page_index,time_cycles
0,573758
page_index,time_cycles
0,694084
page_index,time_cycles
0,524362
page_index,time_cycles
0,459792
page_index,time_cycles
0,487814
page_index,time_cycles
0,484118
page_index,time_cycles
0,425038
page_index,time_cycles
0,451470
page_index,time_cycles
0,448342
page_index,time_cycles
0,479154
page_index,time_cycles
0,470494
page_index,time_cycles
0,456872
page_index,time_cycles
0,583836
page_index,time_cycles
0,598638
page_index,time_cycles
0,490608
page_index,time_cycles
0,492810
page_index,time_cycles
0,568238
page_index,time_cycles
0,499998
page_index,time_cycles
0,606390
page_index,time_cycles
0,494330
page_index,time_cycles
0,540272
page_index,time_cycles
0,442668
page_index,time_cycles
0,514966
page_index,time_cycles
0,500964
page_index,time_cycles
0,525494
page_index,time_cycles
0,500514
page_index,time_cycles
0,552432
page_index,time_cycles
0,419076
page_index,time_cycles
0,470726
page_index,time_cycles
0,493332
page_index,time_cycles
0,497760
page_index,time_cycles
0,469426
page_index,time_cycles
0,563668
page_index,time_cycles
0,468428
page_index,time_cycles
0,480466
page_index,time_cycles
0,456016
page_index,time_cycles
0,449876
page_index,time_cycles
0,431678
page_index,time_cycles
0,630368
page_index,time_cycles
0,428902
page_index,time_cycles
0,542482
page_index,time_cycles
0,490296
page_index,time_cycles
0,480652
page_index,time_cycles
0,478110
page_index,time_cycles
0,461068
page_index,time_cycles
0,479292
page_index,time_cycles
0,540080
page_index,time_cycles
0,486682
page_index,time_cycles
0,512520
page_index,time_cycles
0,426898
page_index,time_cycles
0,486304
page_index,time_cycles
0,505572
page_index,time_cycles
0,435492
page_index,time_cycles
0,424948
page_index,time_cycles
0,527160
page_index,time_cycles
0,488172
page_index,time_cycles
0,440560
page_index,time_cycles
0,495164
page_index,time_cycles
0,476298
page_index,time_cycles
0,481528
page_index,time_cycles
0,477642
page_index,time_cycles
0,430008
page_index,time_cycles
0,449114
page_index,time_cycles
0,491170
page_index,time_cycles
0,492240
page_index,time_cycles
0,536238
page_index,time_cycles
0,414722
page_index,time_cycles
0,451828
page_index,time_cycles
0,494870
page_index,time_cycles
0,491848
page_index,time_cycles
0,468094
page_index,time_cycles
0,434346
page_index,time_cycles
0,430298
page_index,time_cycles
0,429182
page_index,time_cycles
0,471894
page_index,time_cycles
0,495390
page_index,time_cycles
0,571270
page_index,time_cycles
0,450136
page_index,time_cycles
0,438810
page_index,time_cycles
0,436192
page_index,time_cycles
0,480450
page_index,time_cycles
0,461082
page_index,time_cycles
0,500648
page_index,time_cycles
0,479298
page_index,time_cycles
0,425474
page_index,time_cycles
0,419668
page_index,time_cycles
0,453622
page_index,time_cycles
0,442396
page_index,time_cycles
0,423812
page_index,time_cycles
0,479420
page_index,time_cycles
0,482526
page_index,time_cycles
0,433884
page_index,time_cycles
0,480170
page_index,time_cycles
0,429510
page_index,time_cycles
0,496816
page_index,time_cycles
0,530388
page_index,time_cycles
0,496666
page_index,time_cycles
0,476486
page_index,time_cycles
0,485526
page_index,time_cycles
0,485924
page_index,time_cycles
0,469998
page_index,time_cycles
0,420552
page_index,time_cycles
0,573264
page_index,time_cycles
0,472314
page_index,time_cycles
0,430634
page_index,time_cycles
0,466196
page_index,time_cycles
0,725492
page_index,time_cycles
0,481770
page_index,time_cycles
0,452612
page_index,time_cycles
0,425586
page_index,time_cycles
0,524476
page_index,time_cycles
0,471670
page_index,time_cycles
0,444578
page_index,time_cycles
0,472860
page_index,time_cycles
0,441626
page_index,time_cycles
0,449250
page_index,time_cycles
0,487024
page_index,time_cycles
0,490506
page_index,time_cycles
0,452430
page_index,time_cycles
0,427884
page_index,time_cycles
0,516870
page_index,time_cycles
0,495972
page_index,time_cycles
0,497378
page_index,time_cycles
0,491166
page_index,time_cycles
0,470012
page_index,time_cycles
0,588194
page_index,time_cycles
0,430250
page_index,time_cycles
0,483340
page_index,time_cycles
0,472762
page_index,time_cycles
0,477008
page_index,time_cycles
0,507306
page_index,time_cycles
0,423962
page_index,time_cycles
0,469616
page_index,time_cycles
0,468422
page_index,time_cycles
0,484502
page_index,time_cycles
0,471188
page_index,time_cycles
0,527080
page_index,time_cycles
0,435128
page_index,time_cycles
0,458204
page_index,time_cycles
0,529372
page_index,time_cycles
0,446688
page_index,time_cycles
0,486550
page_index,time_cycles
0,504786
page_index,time_cycles
0,497704
page_index,time_cycles
0,480094
page_index,time_cycles
0,505498
page_index,time_cycles
0,490824
page_index,time_cycles
0,489268
page_index,time_cycles
0,473992
page_index,time_cycles
0,480398
page_index,time_cycles
0,548600
page_index,time_cycles
0,440088
page_index,time_cycles
0,425140
page_index,time_cycles
0,552622
page_index,time_cycles
0,424780
page_index,time_cycles
0,445918
page_index,time_cycles
0,559464
page_index,time_cycles
0,486428
page_index,time_cycles
0,472168
page_index,time_cycles
0,477944
page_index,time_cycles
0,547618
page_index,time_cycles
0,568796
page_index,time_cycles
0,497828
page_index,time_cycles
0,474824
page_index,time_cycles
0,420758
page_index,time_cycles
0,446890
page_index,time_cycles
0,488396
page_index,time_cycles
0,470536
page_index,time_cycles
0,441512
page_index,time_cycles
0,451506
page_index,time_cycles
0,580468
page_index,time_cycles
0,549258
page_index,time_cycles
0,449374
page_index,time_cycles
0,468074
page_index,time_cycles
0,530182
page_index,time_cycles
0,429012
page_index,time_cycles
0,437678
page_index,time_cycles
0,500042
page_index,time_cycles
0,573412
page_index,time_cycles
0,521966
page_index,time_cycles
0,490096
page_index,time_cycles
0,462806
page_index,time_cycles
0,583292
page_index,time_cycles
0,438638
page_index,time_cycles
0,647782
page_index,time_cycles
0,546982
page_index,time_cycles
0,1289438
page_index,time_cycles
0,499702
page_index,time_cycles
0,472376
page_index,time_cycles
0,418514
page_index,time_cycles
0,576786
page_index,time_cycles
0,438978
page_index,time_cycles
0,468756
page_index,time_cycles
0,477936
page_index,time_cycles
0,456846
page_index,time_cycles
0,472834
page_index,time_cycles
0,435618
page_index,time_cycles
0,472788
page_index,time_cycles
0,485144
page_index,time_cycles
0,466500
page_index,time_cycles
0,458946
page_index,time_cycles
0,492008
page_index,time_cycles
0,431892
page_index,time_cycles
0,468016
page_index,time_cycles
0,437964
page_index,time_cycles
0,479648
page_index,time_cycles
0,483726
page_index,time_cycles
0,431978
page_index,time_cycles
0,456112
page_index,time_cycles
0,487342
page_index,time_cycles
0,447966
page_index,time_cycles
0,463034
page_index,time_cycles
0,486328
page_index,time_cycles
0,470576
page_index,time_cycles
0,428686
page_index,time_cycles
0,425946
page_index,time_cycles
0,422030
page_index,time_cycles
0,417762
page_index,time_cycles
0,432756
page_index,time_cycles
0,498996
page_index,time_cycles
0,487406
page_index,time_cycles
0,467656
page_index,time_cycles
0,499158
page_index,time_cycles
0,501764
page_index,time_cycles
0,584578
page_index,time_cycles
0,480984
page_index,time_cycles
0,592140
page_index,time_cycles
0,438066
page_index,time_cycles
0,460212
page_index,time_cycles
0,488850
page_index,time_cycles
0,505092
page_index,time_cycles
0,505620
page_index,time_cycles
0,516042
page_index,time_cycles
0,500282
page_index,time_cycles
0,477740
page_index,time_cycles
0,448718
page_index,time_cycles
0,484124
page_index,time_cycles
0,445036
page_index,time_cycles
0,437900
page_index,time_cycles
0,468524
page_index,time_cycles
0,423904
page_index,time_cycles
0,487094
page_index,time_cycles
0,549086
page_index,time_cycles
0,459966
page_index,time_cycles
0,468284
page_index,time_cycles
0,493248
page_index,time_cycles
0,471022
page_index,time_cycles
0,465248
page_index,time_cycles
0,480628
page_index,time_cycles
0,460974
page_index,time_cycles
0,534214
page_index,time_cycles
0,451838
page_index,time_cycles
0,486110
page_index,time_cycles
0,481304
page_index,time_cycles
0,488244
page_index,time_cycles
0,486780
page_index,time_cycles
0,480374
page_index,time_cycles
0,490594
page_index,time_cycles
0,449078
page_index,time_cycles
0,447612
page_index,time_cycles
0,565684
page_index,time_cycles
0,481312
page_index,time_cycles
0,456014
page_index,time_cycles
0,733466
page_index,time_cycles
0,419678
page_index,time_cycles
0,491212
page_index,time_cycles
0,486032
page_index,time_cycles
0,507728
page_index,time_cycles
0,521448
page_index,time_cycles
0,481872
page_index,time_cycles
0,464180
page_index,time_cycles
0,572252
page_index,time_cycles
0,477808
page_index,time_cycles
0,526220
page_index,time_cycles
0,501716
page_index,time_cycles
0,439256
page_index,time_cycles
0,470834
page_index,time_cycles
0,449270
page_index,time_cycles
0,436868
page_index,time_cycles
0,422594
page_index,time_cycles
0,629158
page_index,time_cycles
0,490844
page_index,time_cycles
0,423828
page_index,time_cycles
0,439758
page_index,time_cycles
0,481906
page_index,time_cycles
0,488214
page_index,time_cycles
0,481380
page_index,time_cycles
0,483716
page_index,time_cycles
0,465120
page_index,time_cycles
0,437340
page_index,time_cycles
0,445010
page_index,time_cycles
0,481190
page_index,time_cycles
0,515248
page_index,time_cycles
0,458750
page_index,time_cycles
0,430242
page_index,time_cycles
0,447582
page_index,time_cycles
0,516286
page_index,time_cycles
0,472208
page_index,time_cycles
0,473746
page_index,time_cycles
0,463566
page_index,time_cycles
0,421204
page_index,time_cycles
0,554922
page_index,time_cycles
0,460156
page_index,time_cycles
0,502812
page_index,time_cycles
0,421760
page_index,time_cycles
0,428824
page_index,time_cycles
0,483568
page_index,time_cycles
0,503236
page_index,time_cycles
0,543366
page_index,time_cycles
0,463052
page_index,time_cycles
0,524582
page_index,time_cycles
0,479702
page_index,time_cycles
0,421058
page_index,time_cycles
0,491814
page_index,time_cycles
0,475606
page_index,time_cycles
0,466620
page_index,time_cycles
0,438732
page_index,time_cycles
0,482882
page_index,time_cycles
0,483078
page_index,time_cycles
0,429012
page_index,time_cycles
0,507806
page_index,time_cycles
0,452522
page_index,time_cycles
0,473268
page_index,time_cycles
0,437640
page_index,time_cycles
0,431766
page_index,time_cycles
0,448424
page_index,time_cycles
0,510124
page_index,time_cycles
0,435276
page_index,time_cycles
0,485428
page_index,time_cycles
0,477634
page_index,time_cycles
0,479254
page_index,time_cycles
0,526616
page_index,time_cycles
0,474766
page_index,time_cycles
0,469736
page_index,time_cycles
0,487104
page_index,time_cycles
0,503302
page_index,time_cycles
0,523586
page_index,time_cycles
0,472054
page_index,time_cycles
0,493056
page_index,time_cycles
0,436826
page_index,time_cycles
0,500878
page_index,time_cycles
0,480528
page_index,time_cycles
0,486476
page_index,time_cycles
0,466036
page_index,time_cycles
0,481926
page_index,time_cycles
0,611146
page_index,time_cycles
0,490658
page_index,time_cycles
0,418418
page_index,time_cycles
0,466920
page_index,time_cycles
0,485098
page_index,time_cycles
0,484956
page_index,time_cycles
0,515902
page_index,time_cycles
0,486780
page_index,time_cycles
0,459082
page_index,time_cycles
0,488504
page_index,time_cycles
0,473760
page_index,time_cycles
0,466766
page_index,time_cycles
0,446278
page_index,time_cycles
0,435988
page_index,time_cycles
0,517200
page_index,time_cycles
0,509944
page_index,time_cycles
0,613162
page_index,time_cycles
0,470506
page_index,time_cycles
0,426764
page_index,time_cycles
0,472538
page_index,time_cycles
0,477178
page_index,time_cycles
0,431776
page_index,time_cycles
0,494994
page_index,time_cycles
0,581098
page_index,time_cycles
0,488456
page_index,time_cycles
0,440064
page_index,time_cycles
0,441116
page_index,time_cycles
0,549204
page_index,time_cycles
0,578970
page_index,time_cycles
0,453020
page_index,time_cycles
0,445620
page_index,time_cycles
0,504346
page_index,time_cycles
0,476698
page_index,time_cycles
0,467020
page_index,time_cycles
0,480070
page_index,time_cycles
0,478602
page_index,time_cycles
0,554472
page_index,time_cycles
0,488462
page_index,time_cycles
0,474796
page_index,time_cycles
0,416786
page_index,time_cycles
0,422996
page_index,time_cycles
0,434582
page_index,time_cycles
0,426096
page_index,time_cycles
0,469172
page_index,time_cycles
0,497916
page_index,time_cycles
0,430812
page_index,time_cycles
0,425904
page_index,time_cycles
0,458096
page_index,time_cycles
0,456028
page_index,time_cycles
0,469008
page_index,time_cycles
0,443510
page_index,time_cycles
0,437836
page_index,time_cycles
0,487816
page_index,time_cycles
0,524246
page_index,time_cycles
0,444060
page_index,time_cycles
0,545414
page_index,time_cycles
0,452928
page_index,time_cycles
0,486148
page_index,time_cycles
0,471760
page_index,time_cycles
0,483806
page_index,time_cycles
0,493140
page_index,time_cycles
0,415344
page_index,time_cycles
0,472226
page_index,time_cycles
0,582956
page_index,time_cycles
0,501718
page_index,time_cycles
0,513676
page_index,time_cycles
0,483446
page_index,time_cycles
0,431614
page_index,time_cycles
0,477214
page_index,time_cycles
0,432976
page_index,time_cycles
0,434802
page_index,time_cycles
0,477700
page_index,time_cycles
0,485818
page_index,time_cycles
0,464968
page_index,time_cycles
0,433904
page_index,time_cycles
0,473046
page_index,time_cycles
0,424572
page_index,time_cycles
0,491418
page_index,time_cycles
0,450550
page_index,time_cycles
0,495298
page_index,time_cycles
0,481424
page_index,time_cycles
0,464824
page_index,time_cycles
0,504048
page_index,time_cycles
0,476912
page_index,time_cycles
0,544040
page_index,time_cycles
0,422996
page_index,time_cycles
0,492572
page_index,time_cycles
0,421974
page_index,time_cycles
0,491996
page_index,time_cycles
0,488330
page_index,time_cycles
0,493464
page_index,time_cycles
0,718868
page_index,time_cycles
0,451112
page_index,time_cycles
0,427476
page_index,time_cycles
0,486198
page_index,time_cycles
0,510898
page_index,time_cycles
0,546406
page_index,time_cycles
0,593334
page_index,time_cycles
0,474164
page_index,time_cycles
0,421176
page_index,time_cycles
0,454362
page_index,time_cycles
0,442616
page_index,time_cycles
0,434062
page_index,time_cycles
0,584052
page_index,time_cycles
0,462552
page_index,time_cycles
0,470446
page_index,time_cycles
0,426642
page_index,time_cycles
0,543754
page_index,time_cycles
0,461952
page_index,time_cycles
0,567564
page_index,time_cycles
0,481504
page_index,time_cycles
0,421798
page_index,time_cycles
0,492294
page_index,time_cycles
0,495310
page_index,time_cycles
0,482230
page_index,time_cycles
0,472956
page_index,time_cycles
0,598782
page_index,time_cycles
0,505482
page_index,time_cycles
0,458812
page_index,time_cycles
0,490136
page_index,time_cycles
0,435944
page_index,time_cycles
0,449182
page_index,time_cycles
0,602288
page_index,time_cycles
0,433884
page_index,time_cycles
0,494716
page_index,time_cycles
0,460966
page_index,time_cycles
0,503416
page_index,time_cycles
0,532964
page_index,time_cycles
0,475280
page_index,time_cycles
0,467634
page_index,time_cycles
0,468472
page_index,time_cycles
0,446402
page_index,time_cycles
0,486600
page_index,time_cycles
0,504054
page_index,time_cycles
0,506056
page_index,time_cycles
0,482774
page_index,time_cycles
0,480274
page_index,time_cycles
0,429370
page_index,time_cycles
0,520576
page_index,time_cycles
0,486224
page_index,time_cycles
0,465072
page_index,time_cycles
0,476642
page_index,time_cycles
0,479616
page_index,time_cycles
0,456386
page_index,time_cycles
0,553522
page_index,time_cycles
0,498172
page_index,time_cycles
0,478320
page_index,time_cycles
0,465320
page_index,time_cycles
0,426174
page_index,time_cycles
0,433842
page_index,time_cycles
0,548616
page_index,time_cycles
0,420638
page_index,time_cycles
0,538080
page_index,time_cycles
0,627176
page_index,time_cycles
0,555950
page_index,time_cycles
0,440408
page_index,time_cycles
0,451828
page_index,time_cycles
0,428700
page_index,time_cycles
0,448870
page_index,time_cycles
0,496920
page_index,time_cycles
0,488694
page_index,time_cycles
0,488296
page_index,time_cycles
0,459616
page_index,time_cycles
0,436542
page_index,time_cycles
0,434404
page_index,time_cycles
0,498566
page_index,time_cycles
0,496536
page_index,time_cycles
0,487398
page_index,time_cycles
0,445442
page_index,time_cycles
0,499044
page_index,time_cycles
0,441072
page_index,time_cycles
0,689608
page_index,time_cycles
0,506080
page_index,time_cycles
0,421556
page_index,time_cycles
0,456642
page_index,time_cycles
0,426586
page_index,time_cycles
0,463598
page_index,time_cycles
0,449804
page_index,time_cycles
0,452462
page_index,time_cycles
0,439320
page_index,time_cycles
0,420526
page_index,time_cycles
0,463314
page_index,time_cycles
0,445606
page_index,time_cycles
0,488626
page_index,time_cycles
0,475986
page_index,time_cycles
0,498732
page_index,time_cycles
0,484210
page_index,time_cycles
0,487964
page_index,time_cycles
0,514282
page_index,time_cycles
0,421230
page_index,time_cycles
0,456138
page_index,time_cycles
0,448854
page_index,time_cycles
0,490248
page_index,time_cycles
0,478396
page_index,time_cycles
0,455404
page_index,time_cycles
0,434662
page_index,time_cycles
0,475240
page_index,time_cycles
0,487436
page_index,time_cycles
0,437078
page_index,time_cycles
0,475456
page_index,time_cycles
0,471996
page_index,time_cycles
0,485928
page_index,time_cycles
0,460178
page_index,time_cycles
0,513406
page_index,time_cycles
0,429756
page_index,time_cycles
0,476676
page_index,time_cycles
0,420892
page_index,time_cycles
0,483930
page_index,time_cycles
0,494182
page_index,time_cycles
0,476982
page_index,time_cycles
0,491364
page_index,time_cycles
0,487908
page_index,time_cycles
0,469810
page_index,time_cycles
0,485354
page_index,time_cycles
0,487992
page_index,time_cycles
0,557976
page_index,time_cycles
0,493806
page_index,time_cycles
0,483050
page_index,time_cycles
0,435040
page_index,time_cycles
0,482224
page_index,time_cycles
0,422698
page_index,time_cycles
0,464644
page_index,time_cycles
0,495444
page_index,time_cycles
0,636764
page_index,time_cycles
0,437038
page_index,time_cycles
0,488166
page_index,time_cycles
0,457856
page_index,time_cycles
0,460938
page_index,time_cycles
0,486744
page_index,time_cycles
0,445312
page_index,time_cycles
0,508340
page_index,time_cycles
0,435794
page_index,time_cycles
0,468102
page_index,time_cycles
0,550978
page_index,time_cycles
0,419998
page_index,time_cycles
0,550148
page_index,time_cycles
0,496354
page_index,time_cycles
0,474608
page_index,time_cycles
0,503062
page_index,time_cycles
0,438106
page_index,time_cycles
0,434208
page_index,time_cycles
0,451214
page_index,time_cycles
0,420674
page_index,time_cycles
0,489188
page_index,time_cycles
0,490054
page_index,time_cycles
0,489082
page_index,time_cycles
0,424536
page_index,time_cycles
0,439758
page_index,time_cycles
0,435604
page_index,time_cycles
0,572386
page_index,time_cycles
0,442980
page_index,time_cycles
0,492986
page_index,time_cycles
0,484074
page_index,time_cycles
0,487006
page_index,time_cycles
0,491120
page_index,time_cycles
0,417594
page_index,time_cycles
0,474240
page_index,time_cycles
0,501436
page_index,time_cycles
0,478250
page_index,time_cycles
0,463728
page_index,time_cycles
0,548748
page_index,time_cycles
0,509742
page_index,time_cycles
0,486216
page_index,time_cycles
0,481732
page_index,time_cycles
0,473022
page_index,time_cycles
0,477684
page_index,time_cycles
0,426926
page_index,time_cycles
0,440820
page_index,time_cycles
0,564372
page_index,time_cycles
0,433242
page_index,time_cycles
0,420232
page_index,time_cycles
0,435384
page_index,time_cycles
0,430848
page_index,time_cycles
0,520850
page_index,time_cycles
0,577932
page_index,time_cycles
0,469244
page_index,time_cycles
0,477756
page_index,time_cycles
0,490124
page_index,time_cycles
0,525312
page_index,time_cycles
0,449030
page_index,time_cycles
0,428840
page_index,time_cycles
0,513268
page_index,time_cycles
0,468918
page_index,time_cycles
0,426686
page_index,time_cycles
0,484564
page_index,time_cycles
0,524778
page_index,time_cycles
0,459070
page_index,time_cycles
0,494046
page_index,time_cycles
0,444590
page_index,time_cycles
0,452136
page_index,time_cycles
0,459722
page_index,time_cycles
0,476542
page_index,time_cycles
0,460162
page_index,time_cycles
0,496082
page_index,time_cycles
0,493370
page_index,time_cycles
0,493488
page_index,time_cycles
0,474022
page_index,time_cycles
0,468902
page_index,time_cycles
0,420190
page_index,time_cycles
0,472710
page_index,time_cycles
0,461122
page_index,time_cycles
0,421224
page_index,time_cycles
0,433460
page_index,time_cycles
0,446280
page_index,time_cycles
0,467456
page_index,time_cycles
0,619816
page_index,time_cycles
0,561436
page_index,time_cycles
0,453592
page_index,time_cycles
0,465086
page_index,time_cycles
0,487658
page_index,time_cycles
0,469948
page_index,time_cycles
0,461786
page_index,time_cycles
0,571770
page_index,time_cycles
0,427160
page_index,time_cycles
0,472606
page_index,time_cycles
0,434122
page_index,time_cycles
0,508312
page_index,time_cycles
0,451974
page_index,time_cycles
0,427800
page_index,time_cycles
0,447606
page_index,time_cycles
0,484178
page_index,time_cycles
0,474084
page_index,time_cycles
0,474472
page_index,time_cycles
0,468036
page_index,time_cycles
0,489206
page_index,time_cycles
0,481804
page_index,time_cycles
0,419120
page_index,time_cycles
0,498962
page_index,time_cycles
0,572760
page_index,time_cycles
0,488150
page_index,time_cycles
0,483024
page_index,time_cycles
0,469366
page_index,time_cycles
0,433476
page_index,time_cycles
0,432594
page_index,time_cycles
0,470746
page_index,time_cycles
0,475472
page_index,time_cycles
0,456734
page_index,time_cycles
0,475818
page_index,time_cycles
0,425380
page_index,time_cycles
0,442948
page_index,time_cycles
0,424128
page_index,time_cycles
0,487592
page_index,time_cycles
0,460806
page_index,time_cycles
0,452012
page_index,time_cycles
0,461022
page_index,time_cycles
0,488144
page_index,time_cycles
0,426738
page_index,time_cycles
0,435938
page_index,time_cycles
0,421604
page_index,time_cycles
0,522002
page_index,time_cycles
0,482346
page_index,time_cycles
0,552634
page_index,time_cycles
0,439940
page_index,time_cycles
0,503186
page_index,time_cycles
0,507700
page_index,time_cycles
0,495294
page_index,time_cycles
0,480892
page_index,time_cycles
0,472172
page_index,time_cycles
0,479332
page_index,time_cycles
0,434842
page_index,time_cycles
0,472686
page_index,time_cycles
0,475786
page_index,time_cycles
0,479086
page_index,time_cycles
0,433568
page_index,time_cycles
0,444400
page_index,time_cycles
0,459938
page_index,time_cycles
0,420440
page_index,time_cycles
0,430714
page_index,time_cycles
0,466404
page_index,time_cycles
0,433080
page_index,time_cycles
0,451460
page_index,time_cycles
0,521472
page_index,time_cycles
0,459258
page_index,time_cycles
0,486072
page_index,time_cycles
0,519044
page_index,time_cycles
0,466978
page_index,time_cycles
0,457466
page_index,time_cycles
0,429050
page_index,time_cycles
0,457528
page_index,time_cycles
0,470820
page_index,time_cycles
0,416908
page_index,time_cycles
0,520990
page_index,time_cycles
0,496208
page_index,time_cycles
0,509706
page_index,time_cycles
0,474348
page_index,time_cycles
0,459098
page_index,time_cycles
0,475704
page_index,time_cycles
0,455332
page_index,time_cycles
0,503186
page_index,time_cycles
0,482338
page_index,time_cycles
0,452728
page_index,time_cycles
0,489266
page_index,time_cycles
0,494208
page_index,time_cycles
0,522692
page_index,time_cycles
0,431602
page_index,time_cycles
0,497988
page_index,time_cycles
0,469642
page_index,time_cycles
0,459860
page_index,time_cycles
0,500918
page_index,time_cycles
0,495920
page_index,time_cycles
0,498206
page_index,time_cycles
0,508950
page_index,time_cycles
0,433950
page_index,time_cycles
0,423326
page_index,time_cycles
0,421914
page_index,time_cycles
0,561016
page_index,time_cycles
0,474484
page_index,time_cycles
0,482822
page_index,time_cycles
0,468636
page_index,time_cycles
0,479538
page_index,time_cycles
0,435414
page_index,time_cycles
0,521714
page_index,time_cycles
0,440230
page_index,time_cycles
0,566038
page_index,time_cycles
0,472290
page_index,time_cycles
0,490662
page_index,time_cycles
0,474584
page_index,time_cycles
0,439924
page_index,time_cycles
0,464166
page_index,time_cycles
0,443590
page_index,time_cycles
0,548896
page_index,time_cycles
0,482474
page_index,time_cycles
0,503518
page_index,time_cycles
0,477646
page_index,time_cycles
0,439466
page_index,time_cycles
0,504870
page_index,time_cycles
0,496102
page_index,time_cycles
0,467964
page_index,time_cycles
0,478592
page_index,time_cycles
0,493130
page_index,time_cycles
0,457028
page_index,time_cycles
0,486240
page_index,time_cycles
0,574504
page_index,time_cycles
0,437214
page_index,time_cycles
0,451768
page_index,time_cycles
0,480188
page_index,time_cycles
0,488722
page_index,time_cycles
0,464884
page_index,time_cycles
0,452332
page_index,time_cycles
0,560292
page_index,time_cycles
0,425534
page_index,time_cycles
0,591436
page_index,time_cycles
0,492042
page_index,time_cycles
0,429676
page_index,time_cycles
0,415734
page_index,time_cycles
0,438450
page_index,time_cycles
0,416652
page_index,time_cycles
0,450096
page_index,time_cycles
0,489468
page_index,time_cycles
0,471924
page_index,time_cycles
0,482438
page_index,time_cycles
0,540846
page_index,time_cycles
0,469590
page_index,time_cycles
0,462866
page_index,time_cycles
0,479572
page_index,time_cycles
0,449054
page_index,time_cycles
0,474460
page_index,time_cycles
0,452276
page_index,time_cycles
0,481836
page_index,time_cycles
0,478312
page_index,time_cycles
0,484056
page_index,time_cycles
0,478878
page_index,time_cycles
0,446432
page_index,time_cycles
0,425314
page_index,time_cycles
0,474304
page_index,time_cycles
0,494250
page_index,time_cycles
0,472202
page_index,time_cycles
0,446232
page_index,time_cycles
0,482396
page_index,time_cycles
0,606360
page_index,time_cycles
0,493124
page_index,time_cycles
0,505228
page_index,time_cycles
0,453564
page_index,time_cycles
0,436672
page_index,time_cycles
0,529934
page_index,time_cycles
0,461742
page_index,time_cycles
0,480116
page_index,time_cycles
0,484408
page_index,time_cycles
0,456604
page_index,time_cycles
0,434710
page_index,time_cycles
0,425974
page_index,time_cycles
0,526360
page_index,time_cycles
0,492062
page_index,time_cycles
0,457790
page_index,time_cycles
0,503978
page_index,time_cycles
0,467866
page_index,time_cycles
0,479022
page_index,time_cycles
0,419260
page_index,time_cycles
0,472328
page_index,time_cycles
0,491996
page_index,time_cycles
0,496006
page_index,time_cycles
0,457958
page_index,time_cycles
0,549964
page_index,time_cycles
0,495372
page_index,time_cycles
0,464426
page_index,time_cycles
0,532288
page_index,time_cycles
0,515834
page_index,time_cycles
0,424230
page_index,time_cycles
0,478646
page_index,time_cycles
0,485802
page_index,time_cycles
0,443242
page_index,time_cycles
0,528828
page_index,time_cycles
0,535624
page_index,time_cycles
0,468154
page_index,time_cycles
0,420720
page_index,time_cycles
0,495086
page_index,time_cycles
0,430814
page_index,time_cycles
0,480142
page_index,time_cycles
0,467434
page_index,time_cycles
0,487884
page_index,time_cycles
0,476800
page_index,time_cycles
0,480880
page_index,time_cycles
0,482120
page_index,time_cycles
0,462538
page_index,time_cycles
0,459944
page_index,time_cycles
0,525090
page_index,time_cycles
0,470206
page_index,time_cycles
0,564618
page_index,time_cycles
0,488542
page_index,time_cycles
0,474094
page_index,time_cycles
0,437006
page_index,time_cycles
0,489450
page_index,time_cycles
0,446954
page_index,time_cycles
0,497402
page_index,time_cycles
0,428380
page_index,time_cycles
0,439862
page_index,time_cycles
0,493598
page_index,time_cycles
0,608154
page_index,time_cycles
0,473720
page_index,time_cycles
0,452458
page_index,time_cycles
0,419060
page_index,time_cycles
0,560446
page_index,time_cycles
0,559678
page_index,time_cycles
0,519106
page_index,time_cycles
0,447774
page_index,time_cycles
0,487252
page_index,time_cycles
0,473406
page_index,time_cycles
0,490286
page_index,time_cycles
0,579644
page_index,time_cycles
0,420990
page_index,time_cycles
0,468976
page_index,time_cycles
0,482022
page_index,time_cycles
0,463812
page_index,time_cycles
0,508574
page_index,time_cycles
0,472694
page_index,time_cycles
0,469624
page_index,time_cycles
0,446730
page_index,time_cycles
0,553190
page_index,time_cycles
0,498258
page_index,time_cycles
0,487076
page_index,time_cycles
0,479212
page_index,time_cycles
0,495528
page_index,time_cycles
0,476130
page_index,time_cycles
0,550702
page_index,time_cycles
0,486922
page_index,time_cycles
0,485250
page_index,time_cycles
0,482888
page_index,time_cycles
0,446248
page_index,time_cycles
0,449844
page_index,time_cycles
0,492228
page_index,time_cycles
0,434196
page_index,time_cycles
0,488680
page_index,time_cycles
0,476730
page_index,time_cycles
0,469488
page_index,time_cycles
0,490972
page_index,time_cycles
0,479884
page_index,time_cycles
0,469628
page_index,time_cycles
0,435758
page_index,time_cycles
0,455940
page_index,time_cycles
0,441094
page_index,time_cycles
0,459534
page_index,time_cycles
0,512470
page_index,time_cycles
0,430252
page_index,time_cycles
0,527872
page_index,time_cycles
0,502998
page_index,time_cycles
0,539460
page_index,time_cycles
0,487186
page_index,time_cycles
0,519572
page_index,time_cycles
0,555018
page_index,time_cycles
0,485280
page_index,time_cycles
0,471418
page_index,time_cycles
0,421946
page_index,time_cycles
0,486338
page_index,time_cycles
0,497870
page_index,time_cycles
0,519446
page_index,time_cycles
0,500004
page_index,time_cycles
0,478510
page_index,time_cycles
0,554836
page_index,time_cycles
0,502400
page_index,time_cycles
0,437434
page_index,time_cycles
0,489038
page_index,time_cycles
0,567824
page_index,time_cycles
0,479008
page_index,time_cycles
0,433268
page_index,time_cycles
0,479682
page_index,time_cycles
0,430294
page_index,time_cycles
0,462414
page_index,time_cycles
0,447122
page_index,time_cycles
0,432450
page_index,time_cycles
0,505484
page_index,time_cycles
0,459810
page_index,time_cycles
0,463724
page_index,time_cycles
0,499948
page_index,time_cycles
0,495864
page_index,time_cycles
0,450438
page_index,time_cycles
0,485228
page_index,time_cycles
0,487598
page_index,time_cycles
0,458476
page_index,time_cycles
0,586150
page_index,time_cycles
0,417040
page_index,time_cycles
0,472228
page_index,time_cycles
0,484034
page_index,time_cycles
0,555408
page_index,time_cycles
0,525314
page_index,time_cycles
0,437432
page_index,time_cycles
0,443802
page_index,time_cycles
0,487880
page_index,time_cycles
0,641860
page_index,time_cycles
0,491512
page_index,time_cycles
0,484216
page_index,time_cycles
0,554260
page_index,time_cycles
0,429528
page_index,time_cycles
0,438278
page_index,time_cycles
0,478474
page_index,time_cycles
0,465242
page_index,time_cycles
0,504190
page_index,time_cycles
0,490426
page_index,time_cycles
0,474582
page_index,time_cycles
0,414914
page_index,time_cycles
0,485278
page_index,time_cycles
0,542814
page_index,time_cycles
0,499714
page_index,time_cycles
0,448322
page_index,time_cycles
0,684770
page_index,time_cycles
0,422526
page_index,time_cycles
0,423388
page_index,time_cycles
0,443014
page_index,time_cycles
0,462372
page_index,time_cycles
0,427876
page_index,time_cycles
0,467494
page_index,time_cycles
0,489852
page_index,time_cycles
0,483302
page_index,time_cycles
0,485666
page_index,time_cycles
0,468672
page_index,time_cycles
0,481720
page_index,time_cycles
0,496526
page_index,time_cycles
0,496256
page_index,time_cycles
0,450154
page_index,time_cycles
0,426872
page_index,time_cycles
0,560722
page_index,time_cycles
0,480340
page_index,time_cycles
0,493760
page_index,time_cycles
0,502294
page_index,time_cycles
0,487542
page_index,time_cycles
0,480252
page_index,time_cycles
0,500836
page_index,time_cycles
0,489206
page_index,time_cycles
0,470466
page_index,time_cycles
0,468452
page_index,time_cycles
0,457322
page_index,time_cycles
0,492324
page_index,time_cycles
0,470522
page_index,time_cycles
0,472560
page_index,time_cycles
0,466590
page_index,time_cycles
0,458568
page_index,time_cycles
0,476494
page_index,time_cycles
0,552484
page_index,time_cycles
0,493072
page_index,time_cycles
0,440146
page_index,time_cycles
0,553262
page_index,time_cycles
0,487728
page_index,time_cycles
0,419040
page_index,time_cycles
0,489976
page_index,time_cycles
0,470746
page_index,time_cycles
0,494850
page_index,time_cycles
0,445206
page_index,time_cycles
0,464594
page_index,time_cycles
0,469530
page_index,time_cycles
0,420166
page_index,time_cycles
0,479420
page_index,time_cycles
0,460838
page_index,time_cycles
0,499726
page_index,time_cycles
0,458984
page_index,time_cycles
0,483984
page_index,time_cycles
0,434158
page_index,time_cycles
0,432490
page_index,time_cycles
0,493546
page_index,time_cycles
0,431928
page_index,time_cycles
0,420792
page_index,time_cycles
0,488678
page_index,time_cycles
0,424916
page_index,time_cycles
0,473164
page_index,time_cycles
0,500136
page_index,time_cycles
0,421256
page_index,time_cycles
0,493190
page_index,time_cycles
0,505380
page_index,time_cycles
0,500204
page_index,time_cycles
0,494778
page_index,time_cycles
0,521004
page_index,time_cycles
0,457018
page_index,time_cycles
0,486106
page_index,time_cycles
0,494298
page_index,time_cycles
0,520124
page_index,time_cycles
0,477006
page_index,time_cycles
0,501864
page_index,time_cycles
0,452030
page_index,time_cycles
0,485850
page_index,time_cycles
0,458784
page_index,time_cycles
0,475452
page_index,time_cycles
0,497726
page_index,time_cycles
0,472012
page_index,time_cycles
0,556630
page_index,time_cycles
0,483232
page_index,time_cycles
0,491160
page_index,time_cycles
0,495882
page_index,time_cycles
0,482472
page_index,time_cycles
0,443132
page_index,time_cycles
0,478886
page_index,time_cycles
0,509256
page_index,time_cycles
0,604512
page_index,time_cycles
0,468928
page_index,time_cycles
0,517572
page_index,time_cycles
0,503362
page_index,time_cycles
0,506650
page_index,time_cycles
0,488158
page_index,time_cycles
0,484890
page_index,time_cycles
0,478010
page_index,time_cycles
0,621724
page_index,time_cycles
0,468334
page_index,time_cycles
0,532680
page_index,time_cycles
0,462440
page_index,time_cycles
0,445080
page_index,time_cycles
0,459640
page_index,time_cycles
0,575924
page_index,time_cycles
0,459128
page_index,time_cycles
0,452480
page_index,time_cycles
0,421232
page_index,time_cycles
0,494496
page_index,time_cycles
0,504854
page_index,time_cycles
0,493724
page_index,time_cycles
0,463060
page_index,time_cycles
0,439314
page_index,time_cycles
0,440374
page_index,time_cycles
0,459208
page_index,time_cycles
0,533164
page_index,time_cycles
0,475552
page_index,time_cycles
0,439822
page_index,time_cycles
0,502360
page_index,time_cycles
0,481626
page_index,time_cycles
0,498456
page_index,time_cycles
0,440918
page_index,time_cycles
0,422372
page_index,time_cycles
0,479042
page_index,time_cycles
0,496860
page_index,time_cycles
0,493514
page_index,time_cycles
0,506566
page_index,time_cycles
0,486168
page_index,time_cycles
0,463324
page_index,time_cycles
0,681778
page_index,time_cycles
0,424662
page_index,time_cycles
0,486936
page_index,time_cycles
0,435932
page_index,time_cycles
0,488310
page_index,time_cycles
0,456350
page_index,time_cycles
0,504692
page_index,time_cycles
0,492260
page_index,time_cycles
0,462928
page_index,time_cycles
0,485128
page_index,time_cycles
0,437438
page_index,time_cycles
0,463362
page_index,time_cycles
0,491564
page_index,time_cycles
0,486690
page_index,time_cycles
0,505122
page_index,time_cycles
0,419350
page_index,time_cycles
0,477998
page_index,time_cycles
0,498258
page_index,time_cycles
0,501806
page_index,time_cycles
0,488886
page_index,time_cycles
0,575138
page_index,time_cycles
0,430350
page_index,time_cycles
0,443472
page_index,time_cycles
0,449598
page_index,time_cycles
0,464476
page_index,time_cycles
0,466126
page_index,time_cycles
0,477796
page_index,time_cycles
0,501508
page_index,time_cycles
0,432446
page_index,time_cycles
0,421204
page_index,time_cycles
0,465250
page_index,time_cycles
0,489162
page_index,time_cycles
0,439722
page_index,time_cycles
0,423772
page_index,time_cycles
0,471068
page_index,time_cycles
0,475134
page_index,time_cycles
0,496500
page_index,time_cycles
0,486118
page_index,time_cycles
0,493088
page_index,time_cycles
0,429738
page_index,time_cycles
0,481422
page_index,time_cycles
0,426898
page_index,time_cycles
0,548402
page_index,time_cycles
0,469566
page_index,time_cycles
0,462170
page_index,time_cycles
0,468452
page_index,time_cycles
0,425956
page_index,time_cycles
0,503312
page_index,time_cycles
0,484154
page_index,time_cycles
0,485334
page_index,time_cycles
0,452922
page_index,time_cycles
0,477338
page_index,time_cycles
0,469106
page_index,time_cycles
0,467680
page_index,time_cycles
0,433294
page_index,time_cycles
0,468884
page_index,time_cycles
0,473092
page_index,time_cycles
0,517092
page_index,time_cycles
0,424620
page_index,time_cycles
0,428634
page_index,time_cycles
0,443302
page_index,time_cycles
0,491822
page_index,time_cycles
0,435970
page_index,time_cycles
0,499470
page_index,time_cycles
0,482654
page_index,time_cycles
0,474704
page_index,time_cycles
0,415738
page_index,time_cycles
0,493228
page_index,time_cycles
0,466052
page_index,time_cycles
0,476982
page_index,time_cycles
0,422780
page_index,time_cycles
0,472042
page_index,time_cycles
0,461854
page_index,time_cycles
0,472654
page_index,time_cycles
0,488150
page_index,time_cycles
0,506188
page_index,time_cycles
0,484996
page_index,time_cycles
0,423682
page_index,time_cycles
0,431268
page_index,time_cycles
0,453480
page_index,time_cycles
0,435338
page_index,time_cycles
0,431934
page_index,time_cycles
0,499662
page_index,time_cycles
0,472328
page_index,time_cycles
0,497564
page_index,time_cycles
0,587156
page_index,time_cycles
0,477198
page_index,time_cycles
0,438894
page_index,time_cycles
0,428484
page_index,time_cycles
0,437604
page_index,time_cycles
0,440564
page_index,time_cycles
0,464764
page_index,time_cycles
0,486386
page_index,time_cycles
0,510742
page_index,time_cycles
0,486900
page_index,time_cycles
0,485004
page_index,time_cycles
0,490496
page_index,time_cycles
0,421520
page_index,time_cycles
0,438174
page_index,time_cycles
0,419416
page_index,time_cycles
0,485114
page_index,time_cycles
0,486710
page_index,time_cycles
0,488552
page_index,time_cycles
0,475452
page_index,time_cycles
0,460532
page_index,time_cycles
0,437282
page_index,time_cycles
0,489548
page_index,time_cycles
0,466794
page_index,time_cycles
0,564120
page_index,time_cycles
0,471670
page_index,time_cycles
0,474340
page_index,time_cycles
0,479018
page_index,time_cycles
0,451686
page_index,time_cycles
0,494316
page_index,time_cycles
0,473376
page_index,time_cycles
0,460690
page_index,time_cycles
0,480106
page_index,time_cycles
0,491098
page_index,time_cycles
0,490102
page_index,time_cycles
0,489284
page_index,time_cycles
0,495856
page_index,time_cycles
0,469096
page_index,time_cycles
0,484074
page_index,time_cycles
0,494628
page_index,time_cycles
0,470726
page_index,time_cycles
0,481984
page_index,time_cycles
0,495626
page_index,time_cycles
0,492024
page_index,time_cycles
0,539490
page_index,time_cycles
0,452958
page_index,time_cycles
0,438316
page_index,time_cycles
0,520358
page_index,time_cycles
0,483362
page_index,time_cycles
0,565460
page_index,time_cycles
0,576384
page_index,time_cycles
0,566064
page_index,time_cycles
0,545848
page_index,time_cycles
0,486894
page_index,time_cycles
0,475316
page_index,time_cycles
0,481920
page_index,time_cycles
0,426860
page_index,time_cycles
0,439288
page_index,time_cycles
0,483214
page_index,time_cycles
0,473760
page_index,time_cycles
0,436372
page_index,time_cycles
0,579504
page_index,time_cycles
0,455516
page_index,time_cycles
0,480210
page_index,time_cycles
0,488480
page_index,time_cycles
0,438926
page_index,time_cycles
0,476176
page_index,time_cycles
0,417590
page_index,time_cycles
0,440214
page_index,time_cycles
0,551192
page_index,time_cycles
0,488662
page_index,time_cycles
0,422294
page_index,time_cycles
0,469802
page_index,time_cycles
0,524254
page_index,time_cycles
0,433920
page_index,time_cycles
0,483156
page_index,time_cycles
0,500256
page_index,time_cycles
0,470214
page_index,time_cycles
0,543440
page_index,time_cycles
0,427498
page_index,time_cycles
0,445510
page_index,time_cycles
0,456578
page_index,time_cycles
0,483946
page_index,time_cycles
0,471116
page_index,time_cycles
0,419308
page_index,time_cycles
0,491878
page_index,time_cycles
0,472570
page_index,time_cycles
0,487608
page_index,time_cycles
0,433300
page_index,time_cycles
0,503972
page_index,time_cycles
0,475590
page_index,time_cycles
0,437290
page_index,time_cycles
0,477812
page_index,time_cycles
0,513068
page_index,time_cycles
0,439446
page_index,time_cycles
0,482370
page_index,time_cycles
0,424316
page_index,time_cycles
0,504144
page_index,time_cycles
0,458272
page_index,time_cycles
0,478646
page_index,time_cycles
0,468142
page_index,time_cycles
0,426940
page_index,time_cycles
0,453712
page_index,time_cycles
0,458846
page_index,time_cycles
0,471090
page_index,time_cycles
0,519230
page_index,time_cycles
0,421110
page_index,time_cycles
0,489674
page_index,time_cycles
0,550094
page_index,time_cycles
0,422612
page_index,time_cycles
0,525670
page_index,time_cycles
0,455480
page_index,time_cycles
0,489940
page_index,time_cycles
0,449998
page_index,time_cycles
0,479212
page_index,time_cycles
0,479496
page_index,time_cycles
0,485452
page_index,time_cycles
0,421720
page_index,time_cycles
0,451284
page_index,time_cycles
0,482918
page_index,time_cycles
0,442454
page_index,time_cycles
0,477916
page_index,time_cycles
0,471284
page_index,time_cycles
0,642070
page_index,time_cycles
0,459408
page_index,time_cycles
0,452036
page_index,time_cycles
0,465168
page_index,time_cycles
0,449290
page_index,time_cycles
0,452758
page_index,time_cycles
0,480220
page_index,time_cycles
0,430882
page_index,time_cycles
0,472884
page_index,time_cycles
0,486504
page_index,time_cycles
0,476910
page_index,time_cycles
0,457780
page_index,time_cycles
0,492642
page_index,time_cycles
0,478698
page_index,time_cycles
0,424400
page_index,time_cycles
0,488160
page_index,time_cycles
0,509920
page_index,time_cycles
0,538030
page_index,time_cycles
0,419782
page_index,time_cycles
0,487892
page_index,time_cycles
0,570960
page_index,time_cycles
0,520078
page_index,time_cycles
0,435196
page_index,time_cycles
0,508154
page_index,time_cycles
0,541560
page_index,time_cycles
0,433174
page_index,time_cycles
0,567790
page_index,time_cycles
0,501318
page_index,time_cycles
0,532160
page_index,time_cycles
0,501184
page_index,time_cycles
0,449536
page_index,time_cycles
0,425708
page_index,time_cycles
0,486502
page_index,time_cycles
0,452362
page_index,time_cycles
0,474666
page_index,time_cycles
0,557978
page_index,time_cycles
0,505966
page_index,time_cycles
0,457008
page_index,time_cycles
0,482828
page_index,time_cycles
0,463980
page_index,time_cycles
0,478764
page_index,time_cycles
0,470716
page_index,time_cycles
0,420232
page_index,time_cycles
0,482500
page_index,time_cycles
0,443702
page_index,time_cycles
0,492598
page_index,time_cycles
0,467056
page_index,time_cycles
0,430908
page_index,time_cycles
0,481886
page_index,time_cycles
0,475030
page_index,time_cycles
0,431526
page_index,time_cycles
0,523998
page_index,time_cycles
0,494828
page_index,time_cycles
0,479010
page_index,time_cycles
0,453306
page_index,time_cycles
0,453384
page_index,time_cycles
0,473956
page_index,time_cycles
0,494952
page_index,time_cycles
0,447650
page_index,time_cycles
0,478740
page_index,time_cycles
0,512896
page_index,time_cycles
0,438484
page_index,time_cycles
0,448302
page_index,time_cycles
0,530380
page_index,time_cycles
0,497892
page_index,time_cycles
0,521868
page_index,time_cycles
0,488982
page_index,time_cycles
0,456534
page_index,time_cycles
0,453250
page_index,time_cycles
0,485272
page_index,time_cycles
0,479256
page_index,time_cycles
0,426022
page_index,time_cycles
0,456354
page_index,time_cycles
0,463460
page_index,time_cycles
0,433030
page_index,time_cycles
0,479328
page_index,time_cycles
0,466286
page_index,time_cycles
0,468994
page_index,time_cycles
0,435098
page_index,time_cycles
0,478622
page_index,time_cycles
0,471614
page_index,time_cycles
0,471152
page_index,time_cycles
0,483972
page_index,time_cycles
0,582856
page_index,time_cycles
0,481238
page_index,time_cycles
0,503328
page_index,time_cycles
0,431826
page_index,time_cycles
0,469066
page_index,time_cycles
0,508192
page_index,time_cycles
0,468656
page_index,time_cycles
0,538762
page_index,time_cycles
0,452018
page_index,time_cycles
0,451242
page_index,time_cycles
0,432782
page_index,time_cycles
0,538788
page_index,time_cycles
0,439232
page_index,time_cycles
0,482120
page_index,time_cycles
0,479724
page_index,time_cycles
0,421504
page_index,time_cycles
0,441688
page_index,time_cycles
0,475134
page_index,time_cycles
0,477838
page_index,time_cycles
0,573058
page_index,time_cycles
0,495866
page_index,time_cycles
0,439660
page_index,time_cycles
0,442788
page_index,time_cycles
0,494096
page_index,time_cycles
0,458604
page_index,time_cycles
0,477860
page_index,time_cycles
0,455182
page_index,time_cycles
0,459622
page_index,time_cycles
0,482954
page_index,time_cycles
0,434618
page_index,time_cycles
0,472228
page_index,time_cycles
0,454316
page_index,time_cycles
0,495222
page_index,time_cycles
0,434676
page_index,time_cycles
0,541434
page_index,time_cycles
0,504036
page_index,time_cycles
0,485282
page_index,time_cycles
0,462236
page_index,time_cycles
0,417502
page_index,time_cycles
0,493502
page_index,time_cycles
0,474764
page_index,time_cycles
0,476642
page_index,time_cycles
0,468296
page_index,time_cycles
0,433446
page_index,time_cycles
0,455576
page_index,time_cycles
0,496338
page_index,time_cycles
0,498036
page_index,time_cycles
0,493616
page_index,time_cycles
0,474346
page_index,time_cycles
0,463206
page_index,time_cycles
0,485978
page_index,time_cycles
0,470370
page_index,time_cycles
0,457738
page_index,time_cycles
0,423074
page_index,time_cycles
0,457488
page_index,time_cycles
0,464824
page_index,time_cycles
0,432138
page_index,time_cycles
0,481552
page_index,time_cycles
0,499660
page_index,time_cycles
0,485668
page_index,time_cycles
0,498246
page_index,time_cycles
0,443306
page_index,time_cycles
0,488308
page_index,time_cycles
0,505952
page_index,time_cycles
0,425534
page_index,time_cycles
0,493920
page_index,time_cycles
0,427038
page_index,time_cycles
0,514322
page_index,time_cycles
0,446548
page_index,time_cycles
0,463194
page_index,time_cycles
0,529870
page_index,time_cycles
0,458252
page_index,time_cycles
0,575912
page_index,time_cycles
0,445626
page_index,time_cycles
0,451828
page_index,time_cycles
0,542828
page_index,time_cycles
0,424664
page_index,time_cycles
0,427496
page_index,time_cycles
0,505574
page_index,time_cycles
0,490388
page_index,time_cycles
0,420984
page_index,time_cycles
0,485026
page_index,time_cycles
0,472734
page_index,time_cycles
0,441894
page_index,time_cycles
0,497580
page_index,time_cycles
0,469572
page_index,time_cycles
0,468244
page_index,time_cycles
0,612980
page_index,time_cycles
0,451426
page_index,time_cycles
0,601878
page_index,time_cycles
0,437398
page_index,time_cycles
0,609772
page_index,time_cycles
0,474752
page_index,time_cycles
0,422108
page_index,time_cycles
0,439272
page_index,time_cycles
0,484994
page_index,time_cycles
0,567990
page_index,time_cycles
0,469962
page_index,time_cycles
0,505310
page_index,time_cycles
0,462538
page_index,time_cycles
0,486902
page_index,time_cycles
0,524030
page_index,time_cycles
0,485710
page_index,time_cycles
0,553990
page_index,time_cycles
0,443932
page_index,time_cycles
0,455220
page_index,time_cycles
0,467296
page_index,time_cycles
0,484164
page_index,time_cycles
0,468510
page_index,time_cycles
0,446358
page_index,time_cycles
0,424954
page_index,time_cycles
0,463192
page_index,time_cycles
0,496596
page_index,time_cycles
0,413886
page_index,time_cycles
0,462538
page_index,time_cycles
0,553296
page_index,time_cycles
0,479700
page_index,time_cycles
0,494350
page_index,time_cycles
0,476724
page_index,time_cycles
0,453858
page_index,time_cycles
0,418858
page_index,time_cycles
0,556436
page_index,time_cycles
0,474120
page_index,time_cycles
0,561064
page_index,time_cycles
0,428280
page_index,time_cycles
0,486700
page_index,time_cycles
0,426254
page_index,time_cycles
0,551612
page_index,time_cycles
0,481996
page_index,time_cycles
0,476314
page_index,time_cycles
0,560834
page_index,time_cycles
0,483716
page_index,time_cycles
0,487192
page_index,time_cycles
0,451816
page_index,time_cycles
0,481962
page_index,time_cycles
0,416966
page_index,time_cycles
0,493936
page_index,time_cycles
0,423302
page_index,time_cycles
0,605620
page_index,time_cycles
0,469206
page_index,time_cycles
0,499812
page_index,time_cycles
0,488568
page_index,time_cycles
0,446700
page_index,time_cycles
0,477810
page_index,time_cycles
0,431328
page_index,time_cycles
0,544378
page_index,time_cycles
0,582622
page_index,time_cycles
0,471510
page_index,time_cycles
0,483318
page_index,time_cycles
0,490928
page_index,time_cycles
0,472734
page_index,time_cycles
0,500016
page_index,time_cycles
0,428366
page_index,time_cycles
0,434112
page_index,time_cycles
0,430140
page_index,time_cycles
0,475062
page_index,time_cycles
0,483772
page_index,time_cycles
0,487150
page_index,time_cycles
0,438020
page_index,time_cycles
0,434980
page_index,time_cycles
0,466582
page_index,time_cycles
0,423948
page_index,time_cycles
0,476730
page_index,time_cycles
0,496722
page_index,time_cycles
0,515364
page_index,time_cycles
0,519294
page_index,time_cycles
0,481716
page_index,time_cycles
0,471496
page_index,time_cycles
0,443512
page_index,time_cycles
0,424752
page_index,time_cycles
0,431450
page_index,time_cycles
0,469144
page_index,time_cycles
0,428722
page_index,time_cycles
0,444354
page_index,time_cycles
0,421382
page_index,time_cycles
0,483702
page_index,time_cycles
0,440336
page_index,time_cycles
0,485078
page_index,time_cycles
0,479748
page_index,time_cycles
0,447044
page_index,time_cycles
0,498046
page_index,time_cycles
0,597580
page_index,time_cycles
0,478908
page_index,time_cycles
0,481978
page_index,time_cycles
0,445926
page_index,time_cycles
0,497266
page_index,time_cycles
0,477986
page_index,time_cycles
0,480220
page_index,time_cycles
0,550566
page_index,time_cycles
0,535324
page_index,time_cycles
0,537876
page_index,time_cycles
0,437946
page_index,time_cycles
0,487954
page_index,time_cycles
0,418092
page_index,time_cycles
0,419654
page_index,time_cycles
0,479984
page_index,time_cycles
0,588852
page_index,time_cycles
0,456920
page_index,time_cycles
0,420566
page_index,time_cycles
0,636720
page_index,time_cycles
0,475860
page_index,time_cycles
0,479948
page_index,time_cycles
0,482280
page_index,time_cycles
0,464610
page_index,time_cycles
0,486762
page_index,time_cycles
0,444266
page_index,time_cycles
0,451364
page_index,time_cycles
0,482250
page_index,time_cycles
0,488940
page_index,time_cycles
0,467566
page_index,time_cycles
0,507716
page_index,time_cycles
0,571982
page_index,time_cycles
0,476096
page_index,time_cycles
0,484894
page_index,time_cycles
0,479716
page_index,time_cycles
0,446142
page_index,time_cycles
0,458574
page_index,time_cycles
0,451464
page_index,time_cycles
0,460120
page_index,time_cycles
0,480258
page_index,time_cycles
0,464216
page_index,time_cycles
0,426518
page_index,time_cycles
0,492296
page_index,time_cycles
0,486272
page_index,time_cycles
0,496102
page_index,time_cycles
0,542068
page_index,time_cycles
0,528114
page_index,time_cycles
0,419038
page_index,time_cycles
0,482196
page_index,time_cycles
0,487744
page_index,time_cycles
0,440146
page_index,time_cycles
0,422548
page_index,time_cycles
0,471566
page_index,time_cycles
0,472534
page_index,time_cycles
0,443284
page_index,time_cycles
0,524696
page_index,time_cycles
0,490250
page_index,time_cycles
0,431272
page_index,time_cycles
0,421758
page_index,time_cycles
0,482756
page_index,time_cycles
0,427800
page_index,time_cycles
0,434660
page_index,time_cycles
0,422900
page_index,time_cycles
0,476026
page_index,time_cycles
0,424328
page_index,time_cycles
0,483962
page_index,time_cycles
0,417734
page_index,time_cycles
0,447146
page_index,time_cycles
0,422990
page_index,time_cycles
0,447648
page_index,time_cycles
0,477076
page_index,time_cycles
0,490076
page_index,time_cycles
0,435802
page_index,time_cycles
0,486316
page_index,time_cycles
0,437776
page_index,time_cycles
0,465200
page_index,time_cycles
0,422182
page_index,time_cycles
0,563576
page_index,time_cycles
0,438618
page_index,time_cycles
0,445682
page_index,time_cycles
0,547624
page_index,time_cycles
0,601394
page_index,time_cycles
0,491562
page_index,time_cycles
0,489786
page_index,time_cycles
0,560204
page_index,time_cycles
0,522198
page_index,time_cycles
0,439816
page_index,time_cycles
0,531610
page_index,time_cycles
0,507396
page_index,time_cycles
0,445530
page_index,time_cycles
0,560222
page_index,time_cycles
0,472150
page_index,time_cycles
0,478928
page_index,time_cycles
0,443982
page_index,time_cycles
0,538500
page_index,time_cycles
0,421484
page_index,time_cycles
0,447038
page_index,time_cycles
0,471862
page_index,time_cycles
0,419116
page_index,time_cycles
0,416026
page_index,time_cycles
0,526694
page_index,time_cycles
0,426156
page_index,time_cycles
0,514396
page_index,time_cycles
0,461796
page_index,time_cycles
0,507374
page_index,time_cycles
0,421130
page_index,time_cycles
0,499400
page_index,time_cycles
0,470298
page_index,time_cycles
0,515660
page_index,time_cycles
0,571516
page_index,time_cycles
0,463422
page_index,time_cycles
0,502816
page_index,time_cycles
0,426154
page_index,time_cycles
0,474580
page_index,time_cycles
0,523766
page_index,time_cycles
0,513914
page_index,time_cycles
0,563188
page_index,time_cycles
0,471832
page_index,time_cycles
0,546052
page_index,time_cycles
0,418650
page_index,time_cycles
0,465136
page_index,time_cycles
0,474914
page_index,time_cycles
0,471612
page_index,time_cycles
0,441070
page_index,time_cycles
0,419972
page_index,time_cycles
0,467286
page_index,time_cycles
0,476644
page_index,time_cycles
0,485724
page_index,time_cycles
0,561580
page_index,time_cycles
0,420062
page_index,time_cycles
0,479764
page_index,time_cycles
0,435874
page_index,time_cycles
0,489762
page_index,time_cycles
0,426762
page_index,time_cycles
0,515798
page_index,time_cycles
0,480582
page_index,time_cycles
0,453822
page_index,time_cycles
0,501478
page_index,time_cycles
0,463044
page_index,time_cycles
0,515808
page_index,time_cycles
0,453114
page_index,time_cycles
0,470410
page_index,time_cycles
0,422542
page_index,time_cycles
0,528100
page_index,time_cycles
0,431628
page_index,time_cycles
0,426720
page_index,time_cycles
0,436336
page_index,time_cycles
0,468676
page_index,time_cycles
0,491136
page_index,time_cycles
0,422350
page_index,time_cycles
0,437386
page_index,time_cycles
0,497058
page_index,time_cycles
0,448306
page_index,time_cycles
0,438590
page_index,time_cycles
0,432448
page_index,time_cycles
0,498056
page_index,time_cycles
0,417912
page_index,time_cycles
0,501734
page_index,time_cycles
0,435150
page_index,time_cycles
0,568580
page_index,time_cycles
0,476138
page_index,time_cycles
0,476144
page_index,time_cycles
0,505640
page_index,time_cycles
0,537604
page_index,time_cycles
0,422124
page_index,time_cycles
0,422378
page_index,time_cycles
0,476788
page_index,time_cycles
0,492026
page_index,time_cycles
0,473352
page_index,time_cycles
0,473502
page_index,time_cycles
0,451284
page_index,time_cycles
0,487608
page_index,time_cycles
0,420422
page_index,time_cycles
0,529364
page_index,time_cycles
0,488130
page_index,time_cycles
0,497598
page_index,time_cycles
0,504624
page_index,time_cycles
0,476650
page_index,time_cycles
0,455504
page_index,time_cycles
0,447282
page_index,time_cycles
0,453070
page_index,time_cycles
0,489192
page_index,time_cycles
0,490070
page_index,time_cycles
0,423294
page_index,time_cycles
0,427692
page_index,time_cycles
0,488824
page_index,time_cycles
0,472282
page_index,time_cycles
0,542700
page_index,time_cycles
0,542470
page_index,time_cycles
0,425118
page_index,time_cycles
0,486310
page_index,time_cycles
0,462014
page_index,time_cycles
0,476060
page_index,time_cycles
0,468714
page_index,time_cycles
0,491558
page_index,time_cycles
0,564620
page_index,time_cycles
0,483932
page_index,time_cycles
0,487218
page_index,time_cycles
0,443022
page_index,time_cycles
0,509382
page_index,time_cycles
0,442000
page_index,time_cycles
0,421182
page_index,time_cycles
0,488454
page_index,time_cycles
0,475716
page_index,time_cycles
0,466118
page_index,time_cycles
0,484486
page_index,time_cycles
0,432718
page_index,time_cycles
0,486682
page_index,time_cycles
0,598502
page_index,time_cycles
0,458818
page_index,time_cycles
0,493216
page_index,time_cycles
0,587482
page_index,time_cycles
0,423320
page_index,time_cycles
0,454354
page_index,time_cycles
0,465474
page_index,time_cycles
0,456134
page_index,time_cycles
0,444064
page_index,time_cycles
0,512034
page_index,time_cycles
0,467830
page_index,time_cycles
0,500204
page_index,time_cycles
0,426390
page_index,time_cycles
0,425776
page_index,time_cycles
0,482742
page_index,time_cycles
0,482800
page_index,time_cycles
0,518704
page_index,time_cycles
0,438630
page_index,time_cycles
0,517910
page_index,time_cycles
0,483542
page_index,time_cycles
0,513026
page_index,time_cycles
0,475026
page_index,time_cycles
0,431224
page_index,time_cycles
0,482300
page_index,time_cycles
0,464480
page_index,time_cycles
0,477404
page_index,time_cycles
0,478196
page_index,time_cycles
0,501272
page_index,time_cycles
0,481066
page_index,time_cycles
0,431358
page_index,time_cycles
0,488190
page_index,time_cycles
0,503612
page_index,time_cycles
0,508480
page_index,time_cycles
0,491488
page_index,time_cycles
0,464396
page_index,time_cycles
0,458974
page_index,time_cycles
0,490210
page_index,time_cycles
0,504558
page_index,time_cycles
0,502076
page_index,time_cycles
0,498086
page_index,time_cycles
0,468490
page_index,time_cycles
0,495682
page_index,time_cycles
0,459092
page_index,time_cycles
0,495858
page_index,time_cycles
0,444516
page_index,time_cycles
0,517382
page_index,time_cycles
0,497564
page_index,time_cycles
0,477110
page_index,time_cycles
0,476474
page_index,time_cycles
0,482710
page_index,time_cycles
0,420512
page_index,time_cycles
0,488082
page_index,time_cycles
0,469758
page_index,time_cycles
0,445638
page_index,time_cycles
0,460080
page_index,time_cycles
0,515058
page_index,time_cycles
0,484502
page_index,time_cycles
0,434242
page_index,time_cycles
0,498244
page_index,time_cycles
0,452846
page_index,time_cycles
0,478282
page_index,time_cycles
0,497514
page_index,time_cycles
0,538214
page_index,time_cycles
0,497464
page_index,time_cycles
0,499034
page_index,time_cycles
0,496152
page_index,time_cycles
0,467892
page_index,time_cycles
0,592644
page_index,time_cycles
0,479496
page_index,time_cycles
0,513826
page_index,time_cycles
0,465596
page_index,time_cycles
0,578368
page_index,time_cycles
0,481730
page_index,time_cycles
0,496798
page_index,time_cycles
0,428916
page_index,time_cycles
0,555846
page_index,time_cycles
0,479832
page_index,time_cycles
0,489628
page_index,time_cycles
0,495212
page_index,time_cycles
0,458670
page_index,time_cycles
0,459628
page_index,time_cycles
0,499842
page_index,time_cycles
0,437638
page_index,time_cycles
0,479474
page_index,time_cycles
0,419304
page_index,time_cycles
0,482040
page_index,time_cycles
0,566148
page_index,time_cycles
0,480066
page_index,time_cycles
0,451824
page_index,time_cycles
0,574792
page_index,time_cycles
0,558094
page_index,time_cycles
0,589210
page_index,time_cycles
0,483850
page_index,time_cycles
0,482454
page_index,time_cycles
0,477904
page_index,time_cycles
0,634770
page_index,time_cycles
0,533398
page_index,time_cycles
0,482958
page_index,time_cycles
0,553560
page_index,time_cycles
0,554550
page_index,time_cycles
0,656034
page_index,time_cycles
0,444838
page_index,time_cycles
0,492052
page_index,time_cycles
0,571972
page_index,time_cycles
0,476478
page_index,time_cycles
0,479106
page_index,time_cycles
0,605142
page_index,time_cycles
0,512622
page_index,time_cycles
0,458612
page_index,time_cycles
0,546428
page_index,time_cycles
0,469546
page_index,time_cycles
0,539868
page_index,time_cycles
0,498222
page_index,time_cycles
0,598792
page_index,time_cycles
0,423866
page_index,time_cycles
0,476108
page_index,time_cycles
0,445724
page_index,time_cycles
0,438658
page_index,time_cycles
0,465964
page_index,time_cycles
0,506032
page_index,time_cycles
0,432916
page_index,time_cycles
0,472100
page_index,time_cycles
0,420476
page_index,time_cycles
0,557182
page_index,time_cycles
0,424600
page_index,time_cycles
0,426912
page_index,time_cycles
0,475304
page_index,time_cycles
0,527858
page_index,time_cycles
0,517152
page_index,time_cycles
0,435506
page_index,time_cycles
0,431484
page_index,time_cycles
0,495480
page_index,time_cycles
0,492390
page_index,time_cycles
0,477060
page_index,time_cycles
0,430834
page_index,time_cycles
0,459294
page_index,time_cycles
0,490174
page_index,time_cycles
0,445852
page_index,time_cycles
0,437894
page_index,time_cycles
0,491358
page_index,time_cycles
0,546346
page_index,time_cycles
0,537612
page_index,time_cycles
0,487074
page_index,time_cycles
0,472858
page_index,time_cycles
0,484992
page_index,time_cycles
0,453554
page_index,time_cycles
0,462098
page_index,time_cycles
0,487722
page_index,time_cycles
0,723874
page_index,time_cycles
0,486200
page_index,time_cycles
0,467000
page_index,time_cycles
0,489884
page_index,time_cycles
0,463360
page_index,time_cycles
0,445778
page_index,time_cycles
0,467738
page_index,time_cycles
0,491504
page_index,time_cycles
0,458744
page_index,time_cycles
0,463380
page_index,time_cycles
0,451556
page_index,time_cycles
0,421828
page_index,time_cycles
0,480494
page_index,time_cycles
0,480372
page_index,time_cycles
0,441916
page_index,time_cycles
0,494392
page_index,time_cycles
0,484728
page_index,time_cycles
0,450868
page_index,time_cycles
0,447836
page_index,time_cycles
0,448424
page_index,time_cycles
0,485036
page_index,time_cycles
0,471158
page_index,time_cycles
0,538286
page_index,time_cycles
0,473032
page_index,time_cycles
0,480264
page_index,time_cycles
0,520868
page_index,time_cycles
0,432118
page_index,time_cycles
0,428028
page_index,time_cycles
0,472502
page_index,time_cycles
0,489080
page_index,time_cycles
0,536422
page_index,time_cycles
0,503868
page_index,time_cycles
0,492486
page_index,time_cycles
0,499724
page_index,time_cycles
0,455550
page_index,time_cycles
0,565486
page_index,time_cycles
0,428812
page_index,time_cycles
0,477128
page_index,time_cycles
0,475926
page_index,time_cycles
0,516974
page_index,time_cycles
0,451046
page_index,time_cycles
0,480864
page_index,time_cycles
0,505234
page_index,time_cycles
0,478904
page_index,time_cycles
0,533494
page_index,time_cycles
0,423322
page_index,time_cycles
0,457502
page_index,time_cycles
0,460178
page_index,time_cycles
0,494436
page_index,time_cycles
0,419896
page_index,time_cycles
0,610258
page_index,time_cycles
0,516740
page_index,time_cycles
0,618068
page_index,time_cycles
0,472540
page_index,time_cycles
0,568112
page_index,time_cycles
0,491620
page_index,time_cycles
0,496738
page_index,time_cycles
0,515882
page_index,time_cycles
0,456382
page_index,time_cycles
0,432822
page_index,time_cycles
0,485860
page_index,time_cycles
0,472064
page_index,time_cycles
0,582512
page_index,time_cycles
0,537086
page_index,time_cycles
0,436322
page_index,time_cycles
0,436358
page_index,time_cycles
0,454254
page_index,time_cycles
0,460636
page_index,time_cycles
0,521762
page_index,time_cycles
0,498750
page_index,time_cycles
0,486526
page_index,time_cycles
0,484982
page_index,time_cycles
0,491238
page_index,time_cycles
0,635136
page_index,time_cycles
0,505822
page_index,time_cycles
0,429676
page_index,time_cycles
0,465120
page_index,time_cycles
0,417176
page_index,time_cycles
0,436178
page_index,time_cycles
0,435408
page_index,time_cycles
0,484612
page_index,time_cycles
0,557182
page_index,time_cycles
0,507850
page_index,time_cycles
0,593254
page_index,time_cycles
0,465902
page_index,time_cycles
0,521702
page_index,time_cycles
0,480056
page_index,time_cycles
0,547754
page_index,time_cycles
0,484454
page_index,time_cycles
0,527696
page_index,time_cycles
0,468300
page_index,time_cycles
0,443574
page_index,time_cycles
0,437506
page_index,time_cycles
0,474878
page_index,time_cycles
0,504168
page_index,time_cycles
0,493158
page_index,time_cycles
0,440990
page_index,time_cycles
0,494874
page_index,time_cycles
0,461978
page_index,time_cycles
0,492036
page_index,time_cycles
0,456852
page_index,time_cycles
0,483506
page_index,time_cycles
0,502208
page_index,time_cycles
0,423234
page_index,time_cycles
0,489554
page_index,time_cycles
0,464692
page_index,time_cycles
0,492702
page_index,time_cycles
0,497084
page_index,time_cycles
0,576662
page_index,time_cycles
0,464428
page_index,time_cycles
0,627536
page_index,time_cycles
0,436886
page_index,time_cycles
0,420736
page_index,time_cycles
0,494946
page_index,time_cycles
0,559126
page_index,time_cycles
0,564222
page_index,time_cycles
0,483206
page_index,time_cycles
0,473182
page_index,time_cycles
0,425920
page_index,time_cycles
0,492510
page_index,time_cycles
0,474628
page_index,time_cycles
0,423570
page_index,time_cycles
0,462958
page_index,time_cycles
0,450266
page_index,time_cycles
0,492176
page_index,time_cycles
0,587160
page_index,time_cycles
0,457802
page_index,time_cycles
0,522196
page_index,time_cycles
0,520772
page_index,time_cycles
0,478118
page_index,time_cycles
0,510148
page_index,time_cycles
0,560636
page_index,time_cycles
0,435012
page_index,time_cycles
0,419158
page_index,time_cycles
0,417240
page_index,time_cycles
0,513370
page_index,time_cycles
0,486062
page_index,time_cycles
0,445898
page_index,time_cycles
0,483730
page_index,time_cycles
0,492268
page_index,time_cycles
0,464290
page_index,time_cycles
0,488566
page_index,time_cycles
0,485918
page_index,time_cycles
0,458412
page_index,time_cycles
0,490846
page_index,time_cycles
0,423642
page_index,time_cycles
0,522206
page_index,time_cycles
0,490406
page_index,time_cycles
0,431078
page_index,time_cycles
0,472060
page_index,time_cycles
0,552074
page_index,time_cycles
0,499960
page_index,time_cycles
0,626808
page_index,time_cycles
0,436488
page_index,time_cycles
0,436580
page_index,time_cycles
0,463226
page_index,time_cycles
0,491476
page_index,time_cycles
0,476052
page_index,time_cycles
0,478800
page_index,time_cycles
0,429276
page_index,time_cycles
0,429228
page_index,time_cycles
0,503052
page_index,time_cycles
0,468042
page_index,time_cycles
0,490054
page_index,time_cycles
0,448716
page_index,time_cycles
0,419020
page_index,time_cycles
0,434782
page_index,time_cycles
0,483894
page_index,time_cycles
0,480510
page_index,time_cycles
0,489974
page_index,time_cycles
0,592626
page_index,time_cycles
0,594802
page_index,time_cycles
0,506826
page_index,time_cycles
0,483688
page_index,time_cycles
0,504822
page_index,time_cycles
0,465306
page_index,time_cycles
0,475606
page_index,time_cycles
0,458312
page_index,time_cycles
0,474922
page_index,time_cycles
0,481800
page_index,time_cycles
0,429728
page_index,time_cycles
0,442980
page_index,time_cycles
0,450178
page_index,time_cycles
0,447678
page_index,time_cycles
0,458384
page_index,time_cycles
0,467050
page_index,time_cycles
0,568750
page_index,time_cycles
0,476648
page_index,time_cycles
0,460646
page_index,time_cycles
0,421682
page_index,time_cycles
0,527568
page_index,time_cycles
0,496582
page_index,time_cycles
0,475752
page_index,time_cycles
0,483404
page_index,time_cycles
0,421000
page_index,time_cycles
0,451688
page_index,time_cycles
0,468294
page_index,time_cycles
0,470664
page_index,time_cycles
0,483582
page_index,time_cycles
0,493826
page_index,time_cycles
0,462732
page_index,time_cycles
0,437874
page_index,time_cycles
0,475288
page_index,time_cycles
0,495888
page_index,time_cycles
0,452102
page_index,time_cycles
0,484198
page_index,time_cycles
0,524798
page_index,time_cycles
0,426626
page_index,time_cycles
0,449576
page_index,time_cycles
0,483484
page_index,time_cycles
0,508698
page_index,time_cycles
0,449358
page_index,time_cycles
0,462234
page_index,time_cycles
0,429040
page_index,time_cycles
0,437548
page_index,time_cycles
0,424940
page_index,time_cycles
0,541184
page_index,time_cycles
0,467746
page_index,time_cycles
0,504606
page_index,time_cycles
0,504112
page_index,time_cycles
0,496708
page_index,time_cycles
0,483312
page_index,time_cycles
0,562928
page_index,time_cycles
0,492858
page_index,time_cycles
0,423158
page_index,time_cycles
0,422356
page_index,time_cycles
0,464574
page_index,time_cycles
0,480970
page_index,time_cycles
0,472574
page_index,time_cycles
0,484514
page_index,time_cycles
0,484514
page_index,time_cycles
0,444048
page_index,time_cycles
0,485204
page_index,time_cycles
0,458522
page_index,time_cycles
0,450574
page_index,time_cycles
0,504490
page_index,time_cycles
0,455068
page_index,time_cycles
0,476960
page_index,time_cycles
0,508936
page_index,time_cycles
0,494058
page_index,time_cycles
0,465558
page_index,time_cycles
0,455884
page_index,time_cycles
0,491980
page_index,time_cycles
0,510912
page_index,time_cycles
0,429384
page_index,time_cycles
0,494894
page_index,time_cycles
0,425472
page_index,time_cycles
0,477702
page_index,time_cycles
0,486510
page_index,time_cycles
0,473030
page_index,time_cycles
0,471480
page_index,time_cycles
0,475470
page_index,time_cycles
0,466200
page_index,time_cycles
0,492034
page_index,time_cycles
0,504468
page_index,time_cycles
0,646782
page_index,time_cycles
0,467992
page_index,time_cycles
0,457458
page_index,time_cycles
0,498074
page_index,time_cycles
0,491716
page_index,time_cycles
0,560836
page_index,time_cycles
0,426824
page_index,time_cycles
0,474138
page_index,time_cycles
0,489704
page_index,time_cycles
0,434686
page_index,time_cycles
0,484296
page_index,time_cycles
0,597616
page_index,time_cycles
0,488084
page_index,time_cycles
0,490272
page_index,time_cycles
0,481914
page_index,time_cycles
0,474742
page_index,time_cycles
0,519686
page_index,time_cycles
0,480612
page_index,time_cycles
0,462952
page_index,time_cycles
0,478888
page_index,time_cycles
0,487300
page_index,time_cycles
0,476056
page_index,time_cycles
0,461710
page_index,time_cycles
0,539444
page_index,time_cycles
0,437384
page_index,time_cycles
0,442786
page_index,time_cycles
0,479854
page_index,time_cycles
0,518254
page_index,time_cycles
0,511536
page_index,time_cycles
0,499616
page_index,time_cycles
0,485410
page_index,time_cycles
0,469802
page_index,time_cycles
0,434780
page_index,time_cycles
0,523898
page_index,time_cycles
0,463840
page_index,time_cycles
0,488892
page_index,time_cycles
0,435370
page_index,time_cycles
0,533676
page_index,time_cycles
0,470066
page_index,time_cycles
0,478234
page_index,time_cycles
0,480342
page_index,time_cycles
0,498060
page_index,time_cycles
0,434110
page_index,time_cycles
0,493528
page_index,time_cycles
0,503784
page_index,time_cycles
0,644672
page_index,time_cycles
0,489812
page_index,time_cycles
0,429042
page_index,time_cycles
0,459160
page_index,time_cycles
0,475366
page_index,time_cycles
0,468454
page_index,time_cycles
0,429254
page_index,time_cycles
0,491914
page_index,time_cycles
0,478036
page_index,time_cycles
0,445870
page_index,time_cycles
0,464542
page_index,time_cycles
0,505462
page_index,time_cycles
0,436562
page_index,time_cycles
0,431918
page_index,time_cycles
0,478292
page_index,time_cycles
0,446770
page_index,time_cycles
0,436164
page_index,time_cycles
0,473298
page_index,time_cycles
0,434680
page_index,time_cycles
0,476366
page_index,time_cycles
0,485084
page_index,time_cycles
0,419530
page_index,time_cycles
0,491162
page_index,time_cycles
0,493590
page_index,time_cycles
0,594386
page_index,time_cycles
0,546552
page_index,time_cycles
0,418472
page_index,time_cycles
0,507080
page_index,time_cycles
0,485328
page_index,time_cycles
0,465408
page_index,time_cycles
0,467636
page_index,time_cycles
0,453234
page_index,time_cycles
0,487086
page_index,time_cycles
0,588368
page_index,time_cycles
0,549724
page_index,time_cycles
0,429284
page_index,time_cycles
0,561336
page_index,time_cycles
0,443590
page_index,time_cycles
0,469552
page_index,time_cycles
0,486910
page_index,time_cycles
0,510582
page_index,time_cycles
0,491362
page_index,time_cycles
0,428338
page_index,time_cycles
0,503358
page_index,time_cycles
0,485540
page_index,time_cycles
0,491512
page_index,time_cycles
0,575726
page_index,time_cycles
0,489634
page_index,time_cycles
0,443868
page_index,time_cycles
0,495712
page_index,time_cycles
0,424950
page_index,time_cycles
0,448208
page_index,time_cycles
0,517100
page_index,time_cycles
0,484270
page_index,time_cycles
0,437384
page_index,time_cycles
0,459044
page_index,time_cycles
0,433116
page_index,time_cycles
0,478894
page_index,time_cycles
0,441756
page_index,time_cycles
0,493074
page_index,time_cycles
0,522072
page_index,time_cycles
0,506688
page_index,time_cycles
0,447944
page_index,time_cycles
0,665968
page_index,time_cycles
0,466674
page_index,time_cycles
0,487836
page_index,time_cycles
0,554830
page_index,time_cycles
0,452552
page_index,time_cycles
0,468492
page_index,time_cycles
0,416502
page_index,time_cycles
0,471292
page_index,time_cycles
0,470894
page_index,time_cycles
0,522262
page_index,time_cycles
0,488454
page_index,time_cycles
0,468578
page_index,time_cycles
0,437746
page_index,time_cycles
0,572290
page_index,time_cycles
0,488102
page_index,time_cycles
0,493180
page_index,time_cycles
0,482088
page_index,time_cycles
0,437030
page_index,time_cycles
0,490346
page_index,time_cycles
0,478186
page_index,time_cycles
0,479352
page_index,time_cycles
0,484196
page_index,time_cycles
0,467220
page_index,time_cycles
0,451644
page_index,time_cycles
0,485402
page_index,time_cycles
0,493394
page_index,time_cycles
0,430510
page_index,time_cycles
0,422208
page_index,time_cycles
0,451466
page_index,time_cycles
0,474626
page_index,time_cycles
0,488918
page_index,time_cycles
0,432962
page_index,time_cycles
0,437942
page_index,time_cycles
0,465018
page_index,time_cycles
0,554872
page_index,time_cycles
0,421740
page_index,time_cycles
0,455948
page_index,time_cycles
0,435804
page_index,time_cycles
0,503248
page_index,time_cycles
0,516064
page_index,time_cycles
0,468530
page_index,time_cycles
0,451278
page_index,time_cycles
0,489534
page_index,time_cycles
0,548750
page_index,time_cycles
0,424406
page_index,time_cycles
0,427312
page_index,time_cycles
0,469812
page_index,time_cycles
0,478208
page_index,time_cycles
0,477058
page_index,time_cycles
0,540274
page_index,time_cycles
0,434604
page_index,time_cycles
0,484506
page_index,time_cycles
0,487776
page_index,time_cycles
0,501842
page_index,time_cycles
0,419756
page_index,time_cycles
0,484838
page_index,time_cycles
0,437810
page_index,time_cycles
0,472420
page_index,time_cycles
0,447792
page_index,time_cycles
0,496588
page_index,time_cycles
0,529088
page_index,time_cycles
0,473042
page_index,time_cycles
0,617322
page_index,time_cycles
0,500516
page_index,time_cycles
0,490744
page_index,time_cycles
0,488076
page_index,time_cycles
0,451536
page_index,time_cycles
0,485888
page_index,time_cycles
0,623300
page_index,time_cycles
0,503942
page_index,time_cycles
0,519588
page_index,time_cycles
0,419454
page_index,time_cycles
0,437316
page_index,time_cycles
0,464538
page_index,time_cycles
0,492330
page_index,time_cycles
0,493160
page_index,time_cycles
0,510808
page_index,time_cycles
0,514954
page_index,time_cycles
0,435146
page_index,time_cycles
0,547294
page_index,time_cycles
0,498580
page_index,time_cycles
0,479242
page_index,time_cycles
0,466832
page_index,time_cycles
0,487956
page_index,time_cycles
0,487702
page_index,time_cycles
0,1126172
page_index,time_cycles
0,474034
page_index,time_cycles
0,514148
page_index,time_cycles
0,468800
page_index,time_cycles
0,457368
page_index,time_cycles
0,451942
page_index,time_cycles
0,489290
page_index,time_cycles
0,485048
page_index,time_cycles
0,482646
page_index,time_cycles
0,496024
page_index,time_cycles
0,429944
page_index,time_cycles
0,442622
page_index,time_cycles
0,415144
page_index,time_cycles
0,421218
page_index,time_cycles
0,529248
page_index,time_cycles
0,484666
page_index,time_cycles
0,482664
page_index,time_cycles
0,490760
page_index,time_cycles
0,461740
page_index,time_cycles
0,468764
page_index,time_cycles
0,490808
page_index,time_cycles
0,430758
page_index,time_cycles
0,468134
page_index,time_cycles
0,479294
page_index,time_cycles
0,503318
page_index,time_cycles
0,430824
page_index,time_cycles
0,463452
page_index,time_cycles
0,524488
page_index,time_cycles
0,459728
page_index,time_cycles
0,455714
page_index,time_cycles
0,520042
page_index,time_cycles
0,444744
page_index,time_cycles
0,580132
page_index,time_cycles
0,480624
page_index,time_cycles
0,502564
page_index,time_cycles
0,485108
page_index,time_cycles
0,677674
page_index,time_cycles
0,480664
page_index,time_cycles
0,622536
page_index,time_cycles
0,483556
page_index,time_cycles
0,485528
page_index,time_cycles
0,477906
page_index,time_cycles
0,478232
page_index,time_cycles
0,657602
page_index,time_cycles
0,484648
page_index,time_cycles
0,486266
page_index,time_cycles
0,462968
page_index,time_cycles
0,452100
page_index,time_cycles
0,482396
page_index,time_cycles
0,502358
page_index,time_cycles
0,472354
page_index,time_cycles
0,473170
page_index,time_cycles
0,568188
page_index,time_cycles
0,488324
page_index,time_cycles
0,471990
page_index,time_cycles
0,621578
page_index,time_cycles
0,438164
page_index,time_cycles
0,485140
page_index,time_cycles
0,418996
page_index,time_cycles
0,455256
page_index,time_cycles
0,534676
page_index,time_cycles
0,462208
page_index,time_cycles
0,492984
page_index,time_cycles
0,458430
page_index,time_cycles
0,443906
page_index,time_cycles
0,426988
page_index,time_cycles
0,479372
page_index,time_cycles
0,450794
page_index,time_cycles
0,477590
page_index,time_cycles
0,436936
page_index,time_cycles
0,496786
page_index,time_cycles
0,489858
page_index,time_cycles
0,492906
page_index,time_cycles
0,521538
page_index,time_cycles
0,579076
page_index,time_cycles
0,432816
page_index,time_cycles
0,454576
page_index,time_cycles
0,534196
page_index,time_cycles
0,500904
page_index,time_cycles
0,472812
page_index,time_cycles
0,421586
page_index,time_cycles
0,450022
page_index,time_cycles
0,498494
page_index,time_cycles
0,433456
page_index,time_cycles
0,481262
page_index,time_cycles
0,480602
page_index,time_cycles
0,441334
page_index,time_cycles
0,420408
page_index,time_cycles
0,458910
page_index,time_cycles
0,431578
page_index,time_cycles
0,422334
page_index,time_cycles
0,422242
page_index,time_cycles
0,489188
page_index,time_cycles
0,475652
page_index,time_cycles
0,485472
page_index,time_cycles
0,435312
page_index,time_cycles
0,496474
page_index,time_cycles
0,546062
page_index,time_cycles
0,482554
page_index,time_cycles
0,476828
page_index,time_cycles
0,513270
page_index,time_cycles
0,482318
page_index,time_cycles
0,619468
page_index,time_cycles
0,495892
page_index,time_cycles
0,450438
page_index,time_cycles
0,485884
page_index,time_cycles
0,492878
page_index,time_cycles
0,416604
page_index,time_cycles
0,490226
page_index,time_cycles
0,487766
page_index,time_cycles
0,444342
page_index,time_cycles
0,498010
page_index,time_cycles
0,480490
page_index,time_cycles
0,488908
page_index,time_cycles
0,461230
page_index,time_cycles
0,450070
page_index,time_cycles
0,553550
page_index,time_cycles
0,453082
page_index,time_cycles
0,520340
page_index,time_cycles
0,436006
page_index,time_cycles
0,501258
page_index,time_cycles
0,527470
page_index,time_cycles
0,437704
page_index,time_cycles
0,453892
page_index,time_cycles
0,422042
page_index,time_cycles
0,502266
page_index,time_cycles
0,434682
page_index,time_cycles
0,431076
page_index,time_cycles
0,430440
page_index,time_cycles
0,587204
page_index,time_cycles
0,490874
page_index,time_cycles
0,499100
page_index,time_cycles
0,484970
page_index,time_cycles
0,498490
page_index,time_cycles
0,550516
page_index,time_cycles
0,481420
page_index,time_cycles
0,431142
page_index,time_cycles
0,505542
page_index,time_cycles
0,480240
page_index,time_cycles
0,484512
page_index,time_cycles
0,478704
page_index,time_cycles
0,471358
page_index,time_cycles
0,511740
page_index,time_cycles
0,505352
page_index,time_cycles
0,482394
page_index,time_cycles
0,437448
page_index,time_cycles
0,562404
page_index,time_cycles
0,567996
page_index,time_cycles
0,478712
page_index,time_cycles
0,463936
page_index,time_cycles
0,430988
page_index,time_cycles
0,487856
page_index,time_cycles
0,477424
page_index,time_cycles
0,437108
page_index,time_cycles
0,434658
page_index,time_cycles
0,444520
page_index,time_cycles
0,450106
page_index,time_cycles
0,466360
page_index,time_cycles
0,472654
page_index,time_cycles
0,492206
page_index,time_cycles
0,438836
page_index,time_cycles
0,483618
page_index,time_cycles
0,443708
page_index,time_cycles
0,421740
page_index,time_cycles
0,489106
page_index,time_cycles
0,421828
page_index,time_cycles
0,470580
page_index,time_cycles
0,431492
page_index,time_cycles
0,519944
page_index,time_cycles
0,491548
page_index,time_cycles
0,459410
page_index,time_cycles
0,433248
page_index,time_cycles
0,590168
page_index,time_cycles
0,490886
page_index,time_cycles
0,453004
page_index,time_cycles
0,475916
page_index,time_cycles
0,514914
page_index,time_cycles
0,428216
page_index,time_cycles
0,503114
page_index,time_cycles
0,455612
page_index,time_cycles
0,483802
page_index,time_cycles
0,416976
page_index,time_cycles
0,495402
page_index,time_cycles
0,430328
page_index,time_cycles
0,458998
page_index,time_cycles
0,418990
page_index,time_cycles
0,485622
page_index,time_cycles
0,496434
page_index,time_cycles
0,462550
page_index,time_cycles
0,565410
page_index,time_cycles
0,438194
page_index,time_cycles
0,445236
page_index,time_cycles
0,472664
page_index,time_cycles
0,490308
page_index,time_cycles
0,510134
page_index,time_cycles
0,454068
page_index,time_cycles
0,440448
page_index,time_cycles
0,550546
page_index,time_cycles
0,504964
page_index,time_cycles
0,478100
page_index,time_cycles
0,484200
page_index,time_cycles
0,463772
page_index,time_cycles
0,519848
page_index,time_cycles
0,427164
page_index,time_cycles
0,442838
page_index,time_cycles
0,563470
page_index,time_cycles
0,483762
page_index,time_cycles
0,468406
page_index,time_cycles
0,446114
page_index,time_cycles
0,475230
page_index,time_cycles
0,492152
page_index,time_cycles
0,433242
page_index,time_cycles
0,424518
page_index,time_cycles
0,425410
page_index,time_cycles
0,425710
page_index,time_cycles
0,442618
page_index,time_cycles
0,492634
page_index,time_cycles
0,486846
page_index,time_cycles
0,505686
page_index,time_cycles
0,471666
page_index,time_cycles
0,605866
page_index,time_cycles
0,515762
page_index,time_cycles
0,451478
page_index,time_cycles
0,494604
page_index,time_cycles
0,486100
page_index,time_cycles
0,427998
page_index,time_cycles
0,423774
page_index,time_cycles
0,425740
page_index,time_cycles
0,443374
page_index,time_cycles
0,450210
page_index,time_cycles
0,455922
page_index,time_cycles
0,499886
page_index,time_cycles
0,475386
page_index,time_cycles
0,786202
page_index,time_cycles
0,475598
page_index,time_cycles
0,419828
page_index,time_cycles
0,485498
page_index,time_cycles
0,486404
page_index,time_cycles
0,485086
page_index,time_cycles
0,493286
page_index,time_cycles
0,441242
page_index,time_cycles
0,459654
page_index,time_cycles
0,549880
page_index,time_cycles
0,482338
page_index,time_cycles
0,445764
page_index,time_cycles
0,492036
page_index,time_cycles
0,433782
page_index,time_cycles
0,491440
page_index,time_cycles
0,423496
page_index,time_cycles
0,482762
page_index,time_cycles
0,554854
page_index,time_cycles
0,482218
page_index,time_cycles
0,466120
page_index,time_cycles
0,508442
page_index,time_cycles
0,464738
page_index,time_cycles
0,448682
page_index,time_cycles
0,423592
page_index,time_cycles
0,504928
page_index,time_cycles
0,415512
page_index,time_cycles
0,497998
page_index,time_cycles
0,493570
page_index,time_cycles
0,563476
page_index,time_cycles
0,499544
page_index,time_cycles
0,505470
page_index,time_cycles
0,536668
page_index,time_cycles
0,424458
page_index,time_cycles
0,502848
page_index,time_cycles
0,560024
page_index,time_cycles
0,419408
page_index,time_cycles
0,502332
page_index,time_cycles
0,458926
page_index,time_cycles
0,444720
page_index,time_cycles
0,514466
page_index,time_cycles
0,492412
page_index,time_cycles
0,546168
page_index,time_cycles
0,496268
page_index,time_cycles
0,467788
page_index,time_cycles
0,488382
page_index,time_cycles
0,466808
page_index,time_cycles
0,445934
page_index,time_cycles
0,464490
page_index,time_cycles
0,479588
page_index,time_cycles
0,489734
page_index,time_cycles
0,465960
page_index,time_cycles
0,573808
page_index,time_cycles
0,472246
page_index,time_cycles
0,430112
page_index,time_cycles
0,484888
page_index,time_cycles
0,480048
page_index,time_cycles
0,476802
page_index,time_cycles
0,500904
page_index,time_cycles
0,463506
page_index,time_cycles
0,493272
page_index,time_cycles
0,450388
page_index,time_cycles
0,438884
page_index,time_cycles
0,586414
page_index,time_cycles
0,479794
page_index,time_cycles
0,484458
page_index,time_cycles
0,424570
page_index,time_cycles
0,481550
page_index,time_cycles
0,511282
page_index,time_cycles
0,549506
page_index,time_cycles
0,470790
page_index,time_cycles
0,438034
page_index,time_cycles
0,466028
page_index,time_cycles
0,487362
page_index,time_cycles
0,497400
page_index,time_cycles
0,471974
page_index,time_cycles
0,469282
page_index,time_cycles
0,453862
page_index,time_cycles
0,446460
page_index,time_cycles
0,560700
page_index,time_cycles
0,472528
page_index,time_cycles
0,477234
page_index,time_cycles
0,476510
page_index,time_cycles
0,585960
page_index,time_cycles
0,445580
page_index,time_cycles
0,444960
page_index,time_cycles
0,461902
page_index,time_cycles
0,479822
page_index,time_cycles
0,451002
page_index,time_cycles
0,493938
page_index,time_cycles
0,477768
page_index,time_cycles
0,569722
page_index,time_cycles
0,501860
page_index,time_cycles
0,573942
page_index,time_cycles
0,482724
page_index,time_cycles
0,571794
page_index,time_cycles
0,485574
page_index,time_cycles
0,530522
page_index,time_cycles
0,488466
page_index,time_cycles
0,470588
page_index,time_cycles
0,491848
page_index,time_cycles
0,474910
page_index,time_cycles
0,456922
page_index,time_cycles
0,529702
page_index,time_cycles
0,503906
page_index,time_cycles
0,469514
page_index,time_cycles
0,433296
page_index,time_cycles
0,447996
page_index,time_cycles
0,481790
page_index,time_cycles
0,454864
page_index,time_cycles
0,515976
page_index,time_cycles
0,501836
page_index,time_cycles
0,509108
page_index,time_cycles
0,499542
page_index,time_cycles
0,422122
page_index,time_cycles
0,475482
page_index,time_cycles
0,491484
page_index,time_cycles
0,422828
page_index,time_cycles
0,526170
page_index,time_cycles
0,477872
page_index,time_cycles
0,423646
page_index,time_cycles
0,475760
page_index,time_cycles
0,426124
page_index,time_cycles
0,478196
page_index,time_cycles
0,547532
page_index,time_cycles
0,479122
page_index,time_cycles
0,470550
page_index,time_cycles
0,545470
page_index,time_cycles
0,431378
page_index,time_cycles
0,487252
page_index,time_cycles
0,520718
page_index,time_cycles
0,475078
page_index,time_cycles
0,421310
page_index,time_cycles
0,432050
page_index,time_cycles
0,471290
page_index,time_cycles
0,429924
page_index,time_cycles
0,484660
page_index,time_cycles
0,498876
page_index,time_cycles
0,527346
page_index,time_cycles
0,481392
page_index,time_cycles
0,492152
page_index,time_cycles
0,481148
page_index,time_cycles
0,485388
page_index,time_cycles
0,476032
page_index,time_cycles
0,548898
page_index,time_cycles
0,476474
page_index,time_cycles
0,416082
page_index,time_cycles
0,474866
page_index,time_cycles
0,437148
page_index,time_cycles
0,540636
page_index,time_cycles
0,528902
page_index,time_cycles
0,474468
page_index,time_cycles
0,501242
page_index,time_cycles
0,475814
page_index,time_cycles
0,525770
page_index,time_cycles
0,478366
page_index,time_cycles
0,509494
page_index,time_cycles
0,416106
page_index,time_cycles
0,465950
page_index,time_cycles
0,490710
page_index,time_cycles
0,486936
page_index,time_cycles
0,488048
page_index,time_cycles
0,430364
page_index,time_cycles
0,436282
page_index,time_cycles
0,483204
page_index,time_cycles
0,473664
page_index,time_cycles
0,448976
page_index,time_cycles
0,500120
page_index,time_cycles
0,441518
page_index,time_cycles
0,486236
page_index,time_cycles
0,494980
page_index,time_cycles
0,434286
page_index,time_cycles
0,468692
page_index,time_cycles
0,489526
page_index,time_cycles
0,470992
page_index,time_cycles
0,441142
page_index,time_cycles
0,479466
page_index,time_cycles
0,520316
page_index,time_cycles
0,440344
page_index,time_cycles
0,422044
page_index,time_cycles
0,422934
page_index,time_cycles
0,456982
page_index,time_cycles
0,453882
page_index,time_cycles
0,482296
page_index,time_cycles
0,424228
page_index,time_cycles
0,421008
page_index,time_cycles
0,444644
page_index,time_cycles
0,476762
page_index,time_cycles
0,421548
page_index,time_cycles
0,463106
page_index,time_cycles
0,420744
page_index,time_cycles
0,500626
page_index,time_cycles
0,468188
page_index,time_cycles
0,504400
page_index,time_cycles
0,494198
page_index,time_cycles
0,537236
page_index,time_cycles
0,485406
page_index,time_cycles
0,488294
page_index,time_cycles
0,491100
page_index,time_cycles
0,461718
page_index,time_cycles
0,438476
page_index,time_cycles
0,598864
page_index,time_cycles
0,474690
page_index,time_cycles
0,530736
page_index,time_cycles
0,460674
page_index,time_cycles
0,434706
page_index,time_cycles
0,472236
page_index,time_cycles
0,476506
page_index,time_cycles
0,479404
page_index,time_cycles
0,487224
page_index,time_cycles
0,430702
page_index,time_cycles
0,578958
page_index,time_cycles
0,470158
page_index,time_cycles
0,485040
page_index,time_cycles
0,485260
page_index,time_cycles
0,492466
page_index,time_cycles
0,558112
page_index,time_cycles
0,488100
page_index,time_cycles
0,466442
page_index,time_cycles
0,454358
page_index,time_cycles
0,579830
page_index,time_cycles
0,478874
page_index,time_cycles
0,467338
page_index,time_cycles
0,496704
page_index,time_cycles
0,565322
page_index,time_cycles
0,494016
page_index,time_cycles
0,457624
page_index,time_cycles
0,445890
page_index,time_cycles
0,423534
page_index,time_cycles
0,439848
page_index,time_cycles
0,542936
page_index,time_cycles
0,489240
page_index,time_cycles
0,494322
page_index,time_cycles
0,488566
page_index,time_cycles
0,489696
page_index,time_cycles
0,554346
page_index,time_cycles
0,501756
page_index,time_cycles
0,548666
page_index,time_cycles
0,415976
page_index,time_cycles
0,612116
page_index,time_cycles
0,436208
page_index,time_cycles
0,491590
page_index,time_cycles
0,455966
page_index,time_cycles
0,481370
page_index,time_cycles
0,575790
page_index,time_cycles
0,495690
page_index,time_cycles
0,425152
page_index,time_cycles
0,445740
page_index,time_cycles
0,489328
page_index,time_cycles
0,494270
page_index,time_cycles
0,560610
page_index,time_cycles
0,488746
page_index,time_cycles
0,432860
page_index,time_cycles
0,427264
page_index,time_cycles
0,487178
page_index,time_cycles
0,553530
page_index,time_cycles
0,453240
page_index,time_cycles
0,467384
page_index,time_cycles
0,494498
page_index,time_cycles
0,499798
page_index,time_cycles
0,441438
page_index,time_cycles
0,475940
page_index,time_cycles
0,561926
page_index,time_cycles
0,433554
page_index,time_cycles
0,492140
page_index,time_cycles
0,474106
page_index,time_cycles
0,517252
page_index,time_cycles
0,427454
page_index,time_cycles
0,483848
page_index,time_cycles
0,488688
page_index,time_cycles
0,517626
page_index,time_cycles
0,490426
page_index,time_cycles
0,489476
page_index,time_cycles
0,450246
page_index,time_cycles
0,464046
page_index,time_cycles
0,494390
page_index,time_cycles
0,521526
page_index,time_cycles
0,475914
page_index,time_cycles
0,489718
page_index,time_cycles
0,489542
page_index,time_cycles
0,422138
page_index,time_cycles
0,434086
page_index,time_cycles
0,525748
page_index,time_cycles
0,454040
page_index,time_cycles
0,445060
page_index,time_cycles
0,478272
page_index,time_cycles
0,470696
page_index,time_cycles
0,497468
page_index,time_cycles
0,438846
page_index,time_cycles
0,457954
page_index,time_cycles
0,485900
page_index,time_cycles
0,435086
page_index,time_cycles
0,520612
page_index,time_cycles
0,462164
page_index,time_cycles
0,479118
page_index,time_cycles
0,453588
page_index,time_cycles
0,431348
page_index,time_cycles
0,514824
page_index,time_cycles
0,442100
page_index,time_cycles
0,517742
page_index,time_cycles
0,465718
page_index,time_cycles
0,553962
page_index,time_cycles
0,471002
page_index,time_cycles
0,465636
page_index,time_cycles
0,482058
page_index,time_cycles
0,463188
page_index,time_cycles
0,483988
page_index,time_cycles
0,522444
page_index,time_cycles
0,460568
page_index,time_cycles
0,438998
page_index,time_cycles
0,479864
page_index,time_cycles
0,494792
page_index,time_cycles
0,437154
page_index,time_cycles
0,455378
page_index,time_cycles
0,450014
page_index,time_cycles
0,480226
page_index,time_cycles
0,488698
page_index,time_cycles
0,479290
page_index,time_cycles
0,446698
page_index,time_cycles
0,497584
page_index,time_cycles
0,481532
page_index,time_cycles
0,510036
page_index,time_cycles
0,503156
page_index,time_cycles
0,484254
page_index,time_cycles
0,472686
page_index,time_cycles
0,484208
page_index,time_cycles
0,433516
page_index,time_cycles
0,630956
page_index,time_cycles
0,477300
page_index,time_cycles
0,496300
page_index,time_cycles
0,579662
page_index,time_cycles
0,505730
page_index,time_cycles
0,459834
page_index,time_cycles
0,482834
page_index,time_cycles
0,447906
page_index,time_cycles
0,549924
page_index,time_cycles
0,487460
page_index,time_cycles
0,449698
page_index,time_cycles
0,552680
page_index,time_cycles
0,499094
page_index,time_cycles
0,582994
page_index,time_cycles
0,440304
page_index,time_cycles
0,426316
page_index,time_cycles
0,464890
page_index,time_cycles
0,472490
page_index,time_cycles
0,486976
page_index,time_cycles
0,499728
page_index,time_cycles
0,627404
page_index,time_cycles
0,421904
page_index,time_cycles
0,422402
page_index,time_cycles
0,473204
page_index,time_cycles
0,422190
page_index,time_cycles
0,486960
page_index,time_cycles
0,496884
page_index,time_cycles
0,455680
page_index,time_cycles
0,488864
page_index,time_cycles
0,463748
page_index,time_cycles
0,567152
page_index,time_cycles
0,496604
page_index,time_cycles
0,444204
page_index,time_cycles
0,443672
page_index,time_cycles
0,454748
page_index,time_cycles
0,446700
page_index,time_cycles
0,447376
page_index,time_cycles
0,441316
page_index,time_cycles
0,458252
page_index,time_cycles
0,574316
page_index,time_cycles
0,446482
page_index,time_cycles
0,419294
page_index,time_cycles
0,433490
page_index,time_cycles
0,462322
page_index,time_cycles
0,482194
page_index,time_cycles
0,455814
page_index,time_cycles
0,433040
page_index,time_cycles
0,443288
page_index,time_cycles
0,480708
page_index,time_cycles
0,481542
page_index,time_cycles
0,474432
page_index,time_cycles
0,512184
page_index,time_cycles
0,489816
page_index,time_cycles
0,468132
page_index,time_cycles
0,478698
page_index,time_cycles
0,420480
page_index,time_cycles
0,495524
page_index,time_cycles
0,472160
page_index,time_cycles
0,496530
page_index,time_cycles
0,420998
page_index,time_cycles
0,467126
page_index,time_cycles
0,454186
page_index,time_cycles
0,498852
page_index,time_cycles
0,431074
page_index,time_cycles
0,619526
page_index,time_cycles
0,523504
page_index,time_cycles
0,492012
page_index,time_cycles
0,494590
page_index,time_cycles
0,481372
page_index,time_cycles
0,468024
page_index,time_cycles
0,419726
page_index,time_cycles
0,466742
page_index,time_cycles
0,491272
page_index,time_cycles
0,461378
page_index,time_cycles
0,546322
page_index,time_cycles
0,580580
page_index,time_cycles
0,471490
page_index,time_cycles
0,519174
page_index,time_cycles
0,420282
page_index,time_cycles
0,471366
page_index,time_cycles
0,426228
page_index,time_cycles
0,481458
page_index,time_cycles
0,461050
page_index,time_cycles
0,489894
page_index,time_cycles
0,447412
page_index,time_cycles
0,431228
page_index,time_cycles
0,488038
page_index,time_cycles
0,482760
page_index,time_cycles
0,439052
page_index,time_cycles
0,424414
page_index,time_cycles
0,452022
page_index,time_cycles
0,495086
page_index,time_cycles
0,471786
page_index,time_cycles
0,469586
page_index,time_cycles
0,562440
page_index,time_cycles
0,442968
page_index,time_cycles
0,488510
page_index,time_cycles
0,438024
page_index,time_cycles
0,522002
page_index,time_cycles
0,473208
page_index,time_cycles
0,579388
page_index,time_cycles
0,490298
page_index,time_cycles
0,440970
page_index,time_cycles
0,476644
page_index,time_cycles
0,427130
page_index,time_cycles
0,486446
page_index,time_cycles
0,486472
page_index,time_cycles
0,434264
page_index,time_cycles
0,486942
page_index,time_cycles
0,431552
page_index,time_cycles
0,445120
page_index,time_cycles
0,452392
page_index,time_cycles
0,491840
page_index,time_cycles
0,477736
page_index,time_cycles
0,457228
page_index,time_cycles
0,489398
page_index,time_cycles
0,498118
page_index,time_cycles
0,483384
page_index,time_cycles
0,558728
page_index,time_cycles
0,498758
page_index,time_cycles
0,437740
page_index,time_cycles
0,484004
page_index,time_cycles
0,473020
page_index,time_cycles
0,488872
page_index,time_cycles
0,613962
page_index,time_cycles
0,478378
page_index,time_cycles
0,537452
page_index,time_cycles
0,492076
page_index,time_cycles
0,503140
page_index,time_cycles
0,432670
page_index,time_cycles
0,449378
page_index,time_cycles
0,458564
page_index,time_cycles
0,521390
page_index,time_cycles
0,471492
page_index,time_cycles
0,475924
page_index,time_cycles
0,427774
page_index,time_cycles
0,472972
page_index,time_cycles
0,558716
page_index,time_cycles
0,485762
page_index,time_cycles
0,442040
page_index,time_cycles
0,436826
page_index,time_cycles
0,434172
page_index,time_cycles
0,441308
page_index,time_cycles
0,488950
page_index,time_cycles
0,619208
page_index,time_cycles
0,491562
page_index,time_cycles
0,558120
page_index,time_cycles
0,524818
page_index,time_cycles
0,469910
page_index,time_cycles
0,541380
page_index,time_cycles
0,483986
page_index,time_cycles
0,485128
page_index,time_cycles
0,467582
page_index,time_cycles
0,483560
page_index,time_cycles
0,417812
page_index,time_cycles
0,561000
page_index,time_cycles
0,492244
page_index,time_cycles
0,530060
page_index,time_cycles
0,568522
page_index,time_cycles
0,573612
page_index,time_cycles
0,506170
page_index,time_cycles
0,474398
page_index,time_cycles
0,444564
page_index,time_cycles
0,597254
page_index,time_cycles
0,482650
page_index,time_cycles
0,426922
page_index,time_cycles
0,439412
page_index,time_cycles
0,487282
page_index,time_cycles
0,541046
page_index,time_cycles
0,524322
page_index,time_cycles
0,503476
page_index,time_cycles
0,489998
page_index,time_cycles
0,460196
page_index,time_cycles
0,497300
page_index,time_cycles
0,474368
page_index,time_cycles
0,492566
page_index,time_cycles
0,429954
page_index,time_cycles
0,511606
page_index,time_cycles
0,430400
page_index,time_cycles
0,534538
page_index,time_cycles
0,485162
page_index,time_cycles
0,471794
page_index,time_cycles
0,469314
page_index,time_cycles
0,488378
page_index,time_cycles
0,466700
page_index,time_cycles
0,457324
page_index,time_cycles
0,438546
page_index,time_cycles
0,522592
page_index,time_cycles
0,568508
page_index,time_cycles
0,477490
page_index,time_cycles
0,472346
page_index,time_cycles
0,484420
page_index,time_cycles
0,440642
page_index,time_cycles
0,450414
page_index,time_cycles
0,490246
page_index,time_cycles
0,441434
page_index,time_cycles
0,479870
page_index,time_cycles
0,425742
page_index,time_cycles
0,507310
page_index,time_cycles
0,508160
page_index,time_cycles
0,491966
page_index,time_cycles
0,465912
page_index,time_cycles
0,470714
page_index,time_cycles
0,583584
page_index,time_cycles
0,566358
page_index,time_cycles
0,438314
page_index,time_cycles
0,482140
page_index,time_cycles
0,419716
page_index,time_cycles
0,497988
page_index,time_cycles
0,563564
page_index,time_cycles
0,502364
page_index,time_cycles
0,551418
page_index,time_cycles
0,556026
page_index,time_cycles
0,589296
page_index,time_cycles
0,465378
page_index,time_cycles
0,557720
page_index,time_cycles
0,433500
page_index,time_cycles
0,550340
page_index,time_cycles
0,486844
page_index,time_cycles
0,487936
page_index,time_cycles
0,571436
page_index,time_cycles
0,483862
page_index,time_cycles
0,446958
page_index,time_cycles
0,529248
page_index,time_cycles
0,542384
page_index,time_cycles
0,451478
page_index,time_cycles
0,460316
page_index,time_cycles
0,512754
page_index,time_cycles
0,531310
page_index,time_cycles
0,473418
page_index,time_cycles
0,488850
page_index,time_cycles
0,424310
page_index,time_cycles
0,430002
page_index,time_cycles
0,505398
page_index,time_cycles
0,501956
page_index,time_cycles
0,479824
page_index,time_cycles
0,507550
page_index,time_cycles
0,473078
page_index,time_cycles
0,422030
page_index,time_cycles
0,458552
page_index,time_cycles
0,437310
page_index,time_cycles
0,576022
page_index,time_cycles
0,506842
page_index,time_cycles
0,638874
page_index,time_cycles
0,491518
page_index,time_cycles
0,436224
page_index,time_cycles
0,483072
page_index,time_cycles
0,501746
page_index,time_cycles
0,453020
page_index,time_cycles
0,506230
page_index,time_cycles
0,476346
page_index,time_cycles
0,495018
page_index,time_cycles
0,490536
page_index,time_cycles
0,515800
page_index,time_cycles
0,507042
page_index,time_cycles
0,542330
page_index,time_cycles
0,471236
page_index,time_cycles
0,433510
page_index,time_cycles
0,448708
page_index,time_cycles
0,474728
page_index,time_cycles
0,438646
page_index,time_cycles
0,419892
page_index,time_cycles
0,442778
page_index,time_cycles
0,474974
page_index,time_cycles
0,457984
page_index,time_cycles
0,474564
page_index,time_cycles
0,491192
page_index,time_cycles
0,436406
page_index,time_cycles
0,481212
page_index,time_cycles
0,453518
page_index,time_cycles
0,452672
page_index,time_cycles
0,441182
page_index,time_cycles
0,433026
page_index,time_cycles
0,476158
page_index,time_cycles
0,504790
page_index,time_cycles
0,480892
page_index,time_cycles
0,475856
page_index,time_cycles
0,530126
page_index,time_cycles
0,501896
page_index,time_cycles
0,464348
page_index,time_cycles
0,491356
page_index,time_cycles
0,478152
page_index,time_cycles
0,496062
page_index,time_cycles
0,594568
page_index,time_cycles
0,441536
page_index,time_cycles
0,455114
page_index,time_cycles
0,455456
page_index,time_cycles
0,467900
page_index,time_cycles
0,470744
page_index,time_cycles
0,545024
page_index,time_cycles
0,494462
page_index,time_cycles
0,453764
page_index,time_cycles
0,563212
page_index,time_cycles
0,485206
page_index,time_cycles
0,444848
page_index,time_cycles
0,459818
page_index,time_cycles
0,488694
page_index,time_cycles
0,487674
page_index,time_cycles
0,581228
page_index,time_cycles
0,463636
page_index,time_cycles
0,431944
page_index,time_cycles
0,436398
page_index,time_cycles
0,573050
page_index,time_cycles
0,458948
page_index,time_cycles
0,483382
page_index,time_cycles
0,433144
page_index,time_cycles
0,471806
page_index,time_cycles
0,526370
page_index,time_cycles
0,455086
page_index,time_cycles
0,513840
page_index,time_cycles
0,455662
page_index,time_cycles
0,487150
page_index,time_cycles
0,447914
page_index,time_cycles
0,495860
page_index,time_cycles
0,471050
page_index,time_cycles
0,490092
page_index,time_cycles
0,493456
page_index,time_cycles
0,424820
page_index,time_cycles
0,459624
page_index,time_cycles
0,467218
page_index,time_cycles
0,452386
page_index,time_cycles
0,445970
page_index,time_cycles
0,468090
page_index,time_cycles
0,427134
page_index,time_cycles
0,445860
page_index,time_cycles
0,486496
page_index,time_cycles
0,451592
page_index,time_cycles
0,692720
page_index,time_cycles
0,530990
page_index,time_cycles
0,437132
page_index,time_cycles
0,447284
page_index,time_cycles
0,512292
page_index,time_cycles
0,531560
page_index,time_cycles
0,514262
page_index,time_cycles
0,490796
page_index,time_cycles
0,552332
page_index,time_cycles
0,473486
page_index,time_cycles
0,459072
page_index,time_cycles
0,473350
page_index,time_cycles
0,546568
page_index,time_cycles
0,477186
page_index,time_cycles
0,437306
page_index,time_cycles
0,583704
page_index,time_cycles
0,437740
page_index,time_cycles
0,437120
page_index,time_cycles
0,486338
page_index,time_cycles
0,620948
page_index,time_cycles
0,454318
page_index,time_cycles
0,431504
page_index,time_cycles
0,481190
page_index,time_cycles
0,430786
page_index,time_cycles
0,494226
page_index,time_cycles
0,489158
page_index,time_cycles
0,606248
page_index,time_cycles
0,419192
page_index,time_cycles
0,430860
page_index,time_cycles
0,478676
page_index,time_cycles
0,434736
page_index,time_cycles
0,491094
page_index,time_cycles
0,469082
page_index,time_cycles
0,494046
page_index,time_cycles
0,475192
page_index,time_cycles
0,422006
page_index,time_cycles
0,450602
page_index,time_cycles
0,495544
page_index,time_cycles
0,483706
page_index,time_cycles
0,488216
page_index,time_cycles
0,435434
page_index,time_cycles
0,436564
page_index,time_cycles
0,510432
page_index,time_cycles
0,491898
page_index,time_cycles
0,452154
page_index,time_cycles
0,549026
page_index,time_cycles
0,552528
page_index,time_cycles
0,570186
page_index,time_cycles
0,424060
page_index,time_cycles
0,505194
page_index,time_cycles
0,470124
page_index,time_cycles
0,486928
page_index,time_cycles
0,481462
page_index,time_cycles
0,477094
page_index,time_cycles
0,552970
page_index,time_cycles
0,563506
page_index,time_cycles
0,486722
page_index,time_cycles
0,524240
page_index,time_cycles
0,436758
page_index,time_cycles
0,473526
page_index,time_cycles
0,491778
page_index,time_cycles
0,592916
page_index,time_cycles
0,499390
page_index,time_cycles
0,490648
page_index,time_cycles
0,501418
page_index,time_cycles
0,510520
page_index,time_cycles
0,456814
page_index,time_cycles
0,476344
page_index,time_cycles
0,429006
page_index,time_cycles
0,557452
page_index,time_cycles
0,482272
page_index,time_cycles
0,434224
page_index,time_cycles
0,445186
page_index,time_cycles
0,439624
page_index,time_cycles
0,465366
page_index,time_cycles
0,488046
page_index,time_cycles
0,560272
page_index,time_cycles
0,457668
page_index,time_cycles
0,487548
page_index,time_cycles
0,446166
page_index,time_cycles
0,433732
page_index,time_cycles
0,419206
page_index,time_cycles
0,502110
page_index,time_cycles
0,435016
page_index,time_cycles
0,476416
page_index,time_cycles
0,437780
page_index,time_cycles
0,542294
page_index,time_cycles
0,464592
page_index,time_cycles
0,418654
page_index,time_cycles
0,556652
page_index,time_cycles
0,491614
page_index,time_cycles
0,589364
page_index,time_cycles
0,515618
page_index,time_cycles
0,463824
page_index,time_cycles
0,510012
page_index,time_cycles
0,601172
page_index,time_cycles
0,523840
page_index,time_cycles
0,523222
page_index,time_cycles
0,500450
page_index,time_cycles
0,433932
page_index,time_cycles
0,447874
page_index,time_cycles
0,486008
page_index,time_cycles
0,443150
page_index,time_cycles
0,494726
page_index,time_cycles
0,503754
page_index,time_cycles
0,448260
page_index,time_cycles
0,490426
page_index,time_cycles
0,509184
page_index,time_cycles
0,507866
page_index,time_cycles
0,449928
page_index,time_cycles
0,492608
page_index,time_cycles
0,502548
page_index,time_cycles
0,490610
page_index,time_cycles
0,424966
page_index,time_cycles
0,427168
page_index,time_cycles
0,595602
page_index,time_cycles
0,424128
page_index,time_cycles
0,563458
page_index,time_cycles
0,476920
page_index,time_cycles
0,492026
page_index,time_cycles
0,548046
page_index,time_cycles
0,470264
page_index,time_cycles
0,435244
page_index,time_cycles
0,480430
page_index,time_cycles
0,472472
page_index,time_cycles
0,482748
page_index,time_cycles
0,428948
page_index,time_cycles
0,417876
page_index,time_cycles
0,418868
page_index,time_cycles
0,472048
page_index,time_cycles
0,470154
page_index,time_cycles
0,478684
page_index,time_cycles
0,441488
page_index,time_cycles
0,460090
page_index,time_cycles
0,457428
page_index,time_cycles
0,430794
page_index,time_cycles
0,420964
page_index,time_cycles
0,502828
page_index,time_cycles
0,451002
page_index,time_cycles
0,467936
page_index,time_cycles
0,492944
page_index,time_cycles
0,471396
page_index,time_cycles
0,601360
page_index,time_cycles
0,479732
page_index,time_cycles
0,492602
page_index,time_cycles
0,493404
page_index,time_cycles
0,508810
page_index,time_cycles
0,432372
page_index,time_cycles
0,563606
page_index,time_cycles
0,469446
page_index,time_cycles
0,455052
page_index,time_cycles
0,489616
page_index,time_cycles
0,443946
page_index,time_cycles
0,448396
page_index,time_cycles
0,456684
page_index,time_cycles
0,422652
page_index,time_cycles
0,482640
page_index,time_cycles
0,532692
page_index,time_cycles
0,489936
page_index,time_cycles
0,419414
page_index,time_cycles
0,493448
page_index,time_cycles
0,487474
page_index,time_cycles
0,434246
page_index,time_cycles
0,525722
page_index,time_cycles
0,420186
page_index,time_cycles
0,457938
page_index,time_cycles
0,479860
page_index,time_cycles
0,437866
page_index,time_cycles
0,591484
page_index,time_cycles
0,463950
page_index,time_cycles
0,436910
page_index,time_cycles
0,421308
page_index,time_cycles
0,467512
page_index,time_cycles
0,471492
page_index,time_cycles
0,454002
page_index,time_cycles
0,425014
page_index,time_cycles
0,538400
page_index,time_cycles
0,511318
page_index,time_cycles
0,452248
page_index,time_cycles
0,452114
page_index,time_cycles
0,446176
page_index,time_cycles
0,506760
page_index,time_cycles
0,431970
page_index,time_cycles
0,539124
page_index,time_cycles
0,496904
page_index,time_cycles
0,459510
page_index,time_cycles
0,469468
page_index,time_cycles
0,440066
page_index,time_cycles
0,435622
page_index,time_cycles
0,459028
page_index,time_cycles
0,491580
page_index,time_cycles
0,490858
page_index,time_cycles
0,485020
page_index,time_cycles
0,484608
page_index,time_cycles
0,489520
page_index,time_cycles
0,500054
page_index,time_cycles
0,423790
page_index,time_cycles
0,528188
page_index,time_cycles
0,420740
page_index,time_cycles
0,484890
page_index,time_cycles
0,474786
page_index,time_cycles
0,475212
page_index,time_cycles
0,548504
page_index,time_cycles
0,421604
page_index,time_cycles
0,563802
page_index,time_cycles
0,472038
page_index,time_cycles
0,476016
page_index,time_cycles
0,497586
page_index,time_cycles
0,444212
page_index,time_cycles
0,459976
page_index,time_cycles
0,481950
page_index,time_cycles
0,427666
page_index,time_cycles
0,489130
page_index,time_cycles
0,454506
page_index,time_cycles
0,468452
page_index,time_cycles
0,485688
page_index,time_cycles
0,587588
page_index,time_cycles
0,500266
page_index,time_cycles
0,507690
page_index,time_cycles
0,472078
page_index,time_cycles
0,466908
page_index,time_cycles
0,464656
page_index,time_cycles
0,474388
page_index,time_cycles
0,470128
page_index,time_cycles
0,485522
page_index,time_cycles
0,576776
page_index,time_cycles
0,441606
page_index,time_cycles
0,479360
page_index,time_cycles
0,481046
page_index,time_cycles
0,573196
page_index,time_cycles
0,468480
page_index,time_cycles
0,437634
page_index,time_cycles
0,514336
page_index,time_cycles
0,436652
page_index,time_cycles
0,493572
page_index,time_cycles
0,455170
page_index,time_cycles
0,483038
page_index,time_cycles
0,442904
page_index,time_cycles
0,486770
page_index,time_cycles
0,581992
page_index,time_cycles
0,465850
page_index,time_cycles
0,476176
page_index,time_cycles
0,516130
page_index,time_cycles
0,432446
page_index,time_cycles
0,483092
page_index,time_cycles
0,486122
page_index,time_cycles
0,453500
page_index,time_cycles
0,428312
page_index,time_cycles
0,473394
page_index,time_cycles
0,458450
page_index,time_cycles
0,478638
page_index,time_cycles
0,438096
page_index,time_cycles
0,531342
page_index,time_cycles
0,479128
page_index,time_cycles
0,485942
page_index,time_cycles
0,439550
page_index,time_cycles
0,555670
page_index,time_cycles
0,445838
page_index,time_cycles
0,485922
page_index,time_cycles
0,452914
page_index,time_cycles
0,448060
page_index,time_cycles
0,496740
page_index,time_cycles
0,452444
page_index,time_cycles
0,471394
page_index,time_cycles
0,430828
page_index,time_cycles
0,454388
page_index,time_cycles
0,415346
page_index,time_cycles
0,437876
page_index,time_cycles
0,417150
page_index,time_cycles
0,473324
page_index,time_cycles
0,483184
page_index,time_cycles
0,479872
page_index,time_cycles
0,597232
page_index,time_cycles
0,496618
page_index,time_cycles
0,508798
page_index,time_cycles
0,481022
page_index,time_cycles
0,590224
page_index,time_cycles
0,462944
page_index,time_cycles
0,473688
page_index,time_cycles
0,465468
page_index,time_cycles
0,459730
page_index,time_cycles
0,503498
page_index,time_cycles
0,425980
page_index,time_cycles
0,507320
page_index,time_cycles
0,496582
page_index,time_cycles
0,417928
page_index,time_cycles
0,433002
page_index,time_cycles
0,519522
page_index,time_cycles
0,467578
page_index,time_cycles
0,442886
page_index,time_cycles
0,463902
page_index,time_cycles
0,556354
page_index,time_cycles
0,491622
page_index,time_cycles
0,498286
page_index,time_cycles
0,485004
page_index,time_cycles
0,444988
page_index,time_cycles
0,479566
page_index,time_cycles
0,490318
page_index,time_cycles
0,478520
page_index,time_cycles
0,438016
page_index,time_cycles
0,445582
page_index,time_cycles
0,500436
page_index,time_cycles
0,452578
page_index,time_cycles
0,481092
page_index,time_cycles
0,481766
page_index,time_cycles
0,427522
page_index,time_cycles
0,481134
page_index,time_cycles
0,459214
page_index,time_cycles
0,532008
page_index,time_cycles
0,481714
page_index,time_cycles
0,485372
page_index,time_cycles
0,430796
page_index,time_cycles
0,472496
page_index,time_cycles
0,508802
page_index,time_cycles
0,458468
page_index,time_cycles
0,524968
page_index,time_cycles
0,466298
page_index,time_cycles
0,492758
page_index,time_cycles
0,593428
page_index,time_cycles
0,421122
page_index,time_cycles
0,482638
page_index,time_cycles
0,421808
page_index,time_cycles
0,421224
page_index,time_cycles
0,492980
page_index,time_cycles
0,523466
page_index,time_cycles
0,441408
page_index,time_cycles
0,417672
page_index,time_cycles
0,560930
page_index,time_cycles
0,473474
page_index,time_cycles
0,576010
page_index,time_cycles
0,428138
page_index,time_cycles
0,450184
page_index,time_cycles
0,421044
page_index,time_cycles
0,421526
page_index,time_cycles
0,490704
page_index,time_cycles
0,440306
page_index,time_cycles
0,496274
page_index,time_cycles
0,426208
page_index,time_cycles
0,450408
page_index,time_cycles
0,437948
page_index,time_cycles
0,423560
page_index,time_cycles
0,418414
page_index,time_cycles
0,429656
page_index,time_cycles
0,477076
page_index,time_cycles
0,453796
page_index,time_cycles
0,485318
page_index,time_cycles
0,432910
page_index,time_cycles
0,474202
page_index,time_cycles
0,435914
page_index,time_cycles
0,521680
page_index,time_cycles
0,471344
page_index,time_cycles
0,499890
page_index,time_cycles
0,440302
page_index,time_cycles
0,424432
page_index,time_cycles
0,418782
page_index,time_cycles
0,482486
page_index,time_cycles
0,510268
page_index,time_cycles
0,421358
page_index,time_cycles
0,474318
page_index,time_cycles
0,510948
page_index,time_cycles
0,461202
page_index,time_cycles
0,498838
page_index,time_cycles
0,441360
page_index,time_cycles
0,474322
page_index,time_cycles
0,473686
page_index,time_cycles
0,485188
page_index,time_cycles
0,501818
page_index,time_cycles
0,495260
page_index,time_cycles
0,420354
page_index,time_cycles
0,470216
page_index,time_cycles
0,561944
page_index,time_cycles
0,496796
page_index,time_cycles
0,480492
page_index,time_cycles
0,442818
page_index,time_cycles
0,477026
page_index,time_cycles
0,456032
page_index,time_cycles
0,473548
page_index,time_cycles
0,573596
page_index,time_cycles
0,455230
page_index,time_cycles
0,468526
page_index,time_cycles
0,666056
page_index,time_cycles
0,435170
page_index,time_cycles
0,472362
page_index,time_cycles
0,441394
page_index,time_cycles
0,486176
page_index,time_cycles
0,460524
page_index,time_cycles
0,604996
page_index,time_cycles
0,564030
page_index,time_cycles
0,505712
page_index,time_cycles
0,639778
page_index,time_cycles
0,484774
page_index,time_cycles
0,574922
page_index,time_cycles
0,468060
page_index,time_cycles
0,453074
page_index,time_cycles
0,478834
page_index,time_cycles
0,503426
page_index,time_cycles
0,439404
page_index,time_cycles
0,435584
page_index,time_cycles
0,473266
page_index,time_cycles
0,549050
page_index,time_cycles
0,553358
page_index,time_cycles
0,485524
page_index,time_cycles
0,446472
page_index,time_cycles
0,590766
page_index,time_cycles
0,501190
page_index,time_cycles
0,492356
page_index,time_cycles
0,430222
page_index,time_cycles
0,469506
page_index,time_cycles
0,483368
page_index,time_cycles
0,472194
page_index,time_cycles
0,487602
page_index,time_cycles
0,468054
page_index,time_cycles
0,422132
page_index,time_cycles
0,482604
page_index,time_cycles
0,560444
page_index,time_cycles
0,470082
page_index,time_cycles
0,479222
page_index,time_cycles
0,478544
page_index,time_cycles
0,499270
page_index,time_cycles
0,486096
page_index,time_cycles
0,429618
page_index,time_cycles
0,471962
page_index,time_cycles
0,431980
page_index,time_cycles
0,583498
page_index,time_cycles
0,463600
page_index,time_cycles
0,419200
page_index,time_cycles
0,435756
page_index,time_cycles
0,488574
page_index,time_cycles
0,467652
page_index,time_cycles
0,465528
page_index,time_cycles
0,456858
page_index,time_cycles
0,478418
page_index,time_cycles
0,432882
page_index,time_cycles
0,593330
page_index,time_cycles
0,469960
page_index,time_cycles
0,425296
page_index,time_cycles
0,465122
page_index,time_cycles
0,442878
page_index,time_cycles
0,476232
page_index,time_cycles
0,549384
page_index,time_cycles
0,453918
page_index,time_cycles
0,483394
page_index,time_cycles
0,583158
page_index,time_cycles
0,481792
page_index,time_cycles
0,601998
page_index,time_cycles
0,476634
page_index,time_cycles
0,489080
page_index,time_cycles
0,514522
page_index,time_cycles
0,424786
page_index,time_cycles
0,498134
page_index,time_cycles
0,459210
page_index,time_cycles
0,513364
page_index,time_cycles
0,460752
page_index,time_cycles
0,636616
page_index,time_cycles
0,558728
page_index,time_cycles
0,504466
page_index,time_cycles
0,466664
page_index,time_cycles
0,478428
page_index,time_cycles
0,461398
page_index,time_cycles
0,506258
page_index,time_cycles
0,433216
page_index,time_cycles
0,488304
page_index,time_cycles
0,466370
page_index,time_cycles
0,533592
page_index,time_cycles
0,494956
page_index,time_cycles
0,491456
page_index,time_cycles
0,476936
page_index,time_cycles
0,480192
page_index,time_cycles
0,455484
page_index,time_cycles
0,584988
page_index,time_cycles
0,488464
page_index,time_cycles
0,419736
page_index,time_cycles
0,529552
page_index,time_cycles
0,543080
page_index,time_cycles
0,472070
page_index,time_cycles
0,463974
page_index,time_cycles
0,489308
page_index,time_cycles
0,438978
page_index,time_cycles
0,427800
page_index,time_cycles
0,476198
page_index,time_cycles
0,473146
page_index,time_cycles
0,501418
page_index,time_cycles
0,556758
page_index,time_cycles
0,554718
page_index,time_cycles
0,486160
page_index,time_cycles
0,485402
page_index,time_cycles
0,492838
page_index,time_cycles
0,482998
page_index,time_cycles
0,463994
page_index,time_cycles
0,490170
page_index,time_cycles
0,512708
page_index,time_cycles
0,465476
page_index,time_cycles
0,458778
page_index,time_cycles
0,431334
page_index,time_cycles
0,482420
page_index,time_cycles
0,455334
page_index,time_cycles
0,503116
page_index,time_cycles
0,486242
page_index,time_cycles
0,479206
page_index,time_cycles
0,595256
page_index,time_cycles
0,473106
page_index,time_cycles
0,517104
page_index,time_cycles
0,487898
page_index,time_cycles
0,435386
page_index,time_cycles
0,427834
page_index,time_cycles
0,434634
page_index,time_cycles
0,440456
page_index,time_cycles
0,449180
page_index,time_cycles
0,440436
page_index,time_cycles
0,518888
page_index,time_cycles
0,432480
page_index,time_cycles
0,446318
page_index,time_cycles
0,422172
page_index,time_cycles
0,433746
page_index,time_cycles
0,491564
page_index,time_cycles
0,423140
page_index,time_cycles
0,452566
page_index,time_cycles
0,494114
page_index,time_cycles
0,550026
page_index,time_cycles
0,441094
page_index,time_cycles
0,512376
page_index,time_cycles
0,462246
page_index,time_cycles
0,565424
page_index,time_cycles
0,466234
page_index,time_cycles
0,483938
page_index,time_cycles
0,463254
page_index,time_cycles
0,451576
page_index,time_cycles
0,485052
page_index,time_cycles
0,432634
page_index,time_cycles
0,513630
page_index,time_cycles
0,489224
page_index,time_cycles
0,493916
page_index,time_cycles
0,426278
page_index,time_cycles
0,478414
page_index,time_cycles
0,427828
page_index,time_cycles
0,473368
page_index,time_cycles
0,481782
page_index,time_cycles
0,494966
page_index,time_cycles
0,446466
page_index,time_cycles
0,595060
page_index,time_cycles
0,606832
page_index,time_cycles
0,447520
page_index,time_cycles
0,453658
page_index,time_cycles
0,480978
page_index,time_cycles
0,494734
page_index,time_cycles
0,479528
page_index,time_cycles
0,459338
page_index,time_cycles
0,462148
page_index,time_cycles
0,480950
page_index,time_cycles
0,454532
page_index,time_cycles
0,481050
page_index,time_cycles
0,494918
page_index,time_cycles
0,447508
page_index,time_cycles
0,448746
page_index,time_cycles
0,445804
page_index,time_cycles
0,495118
page_index,time_cycles
0,438398
page_index,time_cycles
0,504900
page_index,time_cycles
0,518856
page_index,time_cycles
0,468298
page_index,time_cycles
0,539312
page_index,time_cycles
0,474890
page_index,time_cycles
0,488640
page_index,time_cycles
0,491062
page_index,time_cycles
0,502312
page_index,time_cycles
0,487752
page_index,time_cycles
0,433766
page_index,time_cycles
0,497646
page_index,time_cycles
0,431890
page_index,time_cycles
0,473110
page_index,time_cycles
0,494428
page_index,time_cycles
0,458050
page_index,time_cycles
0,478312
page_index,time_cycles
0,479564
page_index,time_cycles
0,464942
page_index,time_cycles
0,435758
page_index,time_cycles
0,514612
page_index,time_cycles
0,488022
page_index,time_cycles
0,468346
page_index,time_cycles
0,473036
page_index,time_cycles
0,451796
page_index,time_cycles
0,461508
page_index,time_cycles
0,707994
page_index,time_cycles
0,495954
page_index,time_cycles
0,444606
page_index,time_cycles
0,481254
page_index,time_cycles
0,481966
page_index,time_cycles
0,442438
page_index,time_cycles
0,461380
page_index,time_cycles
0,490664
page_index,time_cycles
0,440652
page_index,time_cycles
0,478780
page_index,time_cycles
0,421956
page_index,time_cycles
0,433372
page_index,time_cycles
0,454790
page_index,time_cycles
0,471020
page_index,time_cycles
0,439006
page_index,time_cycles
0,524768
page_index,time_cycles
0,446498
page_index,time_cycles
0,490008
page_index,time_cycles
0,526556
page_index,time_cycles
0,557090
page_index,time_cycles
0,485768
page_index,time_cycles
0,538776
page_index,time_cycles
0,424266
page_index,time_cycles
0,604908
page_index,time_cycles
0,421242
page_index,time_cycles
0,470012
page_index,time_cycles
0,447328
page_index,time_cycles
0,483634
page_index,time_cycles
0,418352
page_index,time_cycles
0,616572
page_index,time_cycles
0,438520
page_index,time_cycles
0,442530
page_index,time_cycles
0,496890
page_index,time_cycles
0,564912
page_index,time_cycles
0,446700
page_index,time_cycles
0,423658
page_index,time_cycles
0,437534
page_index,time_cycles
0,467942
page_index,time_cycles
0,458526
page_index,time_cycles
0,439268
page_index,time_cycles
0,478094
page_index,time_cycles
0,504698
page_index,time_cycles
0,545150
page_index,time_cycles
0,496900
page_index,time_cycles
0,473224
page_index,time_cycles
0,533906
page_index,time_cycles
0,501936
page_index,time_cycles
0,456806
page_index,time_cycles
0,446654
page_index,time_cycles
0,475094
page_index,time_cycles
0,503492
page_index,time_cycles
0,416842
page_index,time_cycles
0,427566
page_index,time_cycles
0,499600
page_index,time_cycles
0,422350
page_index,time_cycles
0,461986
page_index,time_cycles
0,463170
page_index,time_cycles
0,456540
page_index,time_cycles
0,514540
page_index,time_cycles
0,503476
page_index,time_cycles
0,503652
page_index,time_cycles
0,494024
page_index,time_cycles
0,521544
page_index,time_cycles
0,422116
page_index,time_cycles
0,476390
page_index,time_cycles
0,429834
page_index,time_cycles
0,487258
page_index,time_cycles
0,422804
page_index,time_cycles
0,427246
page_index,time_cycles
0,494616
page_index,time_cycles
0,483662
page_index,time_cycles
0,482300
page_index,time_cycles
0,467352
page_index,time_cycles
0,487964
page_index,time_cycles
0,461770
page_index,time_cycles
0,471384
page_index,time_cycles
0,480110
page_index,time_cycles
0,526860
page_index,time_cycles
0,480818
page_index,time_cycles
0,464654
page_index,time_cycles
0,512096
page_index,time_cycles
0,549026
page_index,time_cycles
0,473558
page_index,time_cycles
0,445246
page_index,time_cycles
0,467892
page_index,time_cycles
0,488202
page_index,time_cycles
0,485350
page_index,time_cycles
0,478286
page_index,time_cycles
0,417194
page_index,time_cycles
0,486288
page_index,time_cycles
0,496860
page_index,time_cycles
0,506576
page_index,time_cycles
0,474528
page_index,time_cycles
0,440920
page_index,time_cycles
0,429202
page_index,time_cycles
0,495154
page_index,time_cycles
0,498014
page_index,time_cycles
0,468448
page_index,time_cycles
0,555390
page_index,time_cycles
0,417992
page_index,time_cycles
0,502344
page_index,time_cycles
0,480544
page_index,time_cycles
0,477434
page_index,time_cycles
0,426686
page_index,time_cycles
0,435428
page_index,time_cycles
0,440966
page_index,time_cycles
0,531518
page_index,time_cycles
0,526866
page_index,time_cycles
0,425338
page_index,time_cycles
0,444344
page_index,time_cycles
0,449816
page_index,time_cycles
0,565978
page_index,time_cycles
0,442420
page_index,time_cycles
0,470830
page_index,time_cycles
0,498076
page_index,time_cycles
0,557974
page_index,time_cycles
0,481924
page_index,time_cycles
0,524198
page_index,time_cycles
0,443300
page_index,time_cycles
0,428098
page_index,time_cycles
0,488732
page_index,time_cycles
0,459520
page_index,time_cycles
0,438116
page_index,time_cycles
0,494332
page_index,time_cycles
0,594944
page_index,time_cycles
0,578614
page_index,time_cycles
0,486232
page_index,time_cycles
0,499582
page_index,time_cycles
0,512466
page_index,time_cycles
0,479952
page_index,time_cycles
0,432564
page_index,time_cycles
0,470984
page_index,time_cycles
0,482422
page_index,time_cycles
0,432046
page_index,time_cycles
0,444056
page_index,time_cycles
0,523212
page_index,time_cycles
0,431472
page_index,time_cycles
0,495568
page_index,time_cycles
0,439108
page_index,time_cycles
0,470052
page_index,time_cycles
0,425736
page_index,time_cycles
0,426794
page_index,time_cycles
0,450200
page_index,time_cycles
0,507374
page_index,time_cycles
0,434058
page_index,time_cycles
0,491802
page_index,time_cycles
0,470470
page_index,time_cycles
0,490578
page_index,time_cycles
0,426226
page_index,time_cycles
0,495420
page_index,time_cycles
0,440074
page_index,time_cycles
0,469792
page_index,time_cycles
0,492864
page_index,time_cycles
0,452802
page_index,time_cycles
0,495932
page_index,time_cycles
0,540250
page_index,time_cycles
0,485978
page_index,time_cycles
0,431054
page_index,time_cycles
0,536654
page_index,time_cycles
0,483796
page_index,time_cycles
0,496550
page_index,time_cycles
0,461402
page_index,time_cycles
0,566426
page_index,time_cycles
0,482622
page_index,time_cycles
0,483040
page_index,time_cycles
0,493932
page_index,time_cycles
0,484534
page_index,time_cycles
0,507314
page_index,time_cycles
0,498454
page_index,time_cycles
0,460220
page_index,time_cycles
0,485638
page_index,time_cycles
0,433630
page_index,time_cycles
0,470796
page_index,time_cycles
0,460518
page_index,time_cycles
0,496486
page_index,time_cycles
0,495198
page_index,time_cycles
0,427068
page_index,time_cycles
0,466748
page_index,time_cycles
0,509496
page_index,time_cycles
0,526992
page_index,time_cycles
0,473420
page_index,time_cycles
0,520262
page_index,time_cycles
0,474060
page_index,time_cycles
0,503610
page_index,time_cycles
0,458988
page_index,time_cycles
0,432286
page_index,time_cycles
0,493912
page_index,time_cycles
0,470996
page_index,time_cycles
0,503768
page_index,time_cycles
0,495992
page_index,time_cycles
0,453680
page_index,time_cycles
0,446634
page_index,time_cycles
0,433730
page_index,time_cycles
0,487468
page_index,time_cycles
0,475008
page_index,time_cycles
0,548944
page_index,time_cycles
0,503188
page_index,time_cycles
0,485246
page_index,time_cycles
0,614936
page_index,time_cycles
0,489868
page_index,time_cycles
0,458068
page_index,time_cycles
0,425774
page_index,time_cycles
0,509622
page_index,time_cycles
0,480340
page_index,time_cycles
0,426738
page_index,time_cycles
0,506970
page_index,time_cycles
0,499270
page_index,time_cycles
0,519264
page_index,time_cycles
0,485956
page_index,time_cycles
0,471684
page_index,time_cycles
0,479526
page_index,time_cycles
0,495886
page_index,time_cycles
0,496670
page_index,time_cycles
0,474988
page_index,time_cycles
0,478054
page_index,time_cycles
0,427336
page_index,time_cycles
0,427420
page_index,time_cycles
0,478188
page_index,time_cycles
0,429402
page_index,time_cycles
0,433046
page_index,time_cycles
0,424874
page_index,time_cycles
0,545806
page_index,time_cycles
0,464860
page_index,time_cycles
0,558164
page_index,time_cycles
0,447076
page_index,time_cycles
0,483574
page_index,time_cycles
0,488662
page_index,time_cycles
0,424684
page_index,time_cycles
0,420526
page_index,time_cycles
0,427510
page_index,time_cycles
0,421800
page_index,time_cycles
0,491184
page_index,time_cycles
0,485588
page_index,time_cycles
0,550768
page_index,time_cycles
0,477460
page_index,time_cycles
0,534564
page_index,time_cycles
0,542758
page_index,time_cycles
0,503170
page_index,time_cycles
0,593998
page_index,time_cycles
0,460408
page_index,time_cycles
0,419228
page_index,time_cycles
0,439406
page_index,time_cycles
0,442468
page_index,time_cycles
0,492454
page_index,time_cycles
0,434034
page_index,time_cycles
0,470034
page_index,time_cycles
0,476498
page_index,time_cycles
0,444614
page_index,time_cycles
0,432338
page_index,time_cycles
0,425020
page_index,time_cycles
0,486490
page_index,time_cycles
0,441142
page_index,time_cycles
0,467778
page_index,time_cycles
0,565380
page_index,time_cycles
0,476786
page_index,time_cycles
0,429412
page_index,time_cycles
0,467050
page_index,time_cycles
0,440088
page_index,time_cycles
0,492380
page_index,time_cycles
0,484378
page_index,time_cycles
0,580892
page_index,time_cycles
0,481820
page_index,time_cycles
0,465152
page_index,time_cycles
0,493642
page_index,time_cycles
0,451360
page_index,time_cycles
0,439232
page_index,time_cycles
0,469172
page_index,time_cycles
0,483584
page_index,time_cycles
0,502514
page_index,time_cycles
0,429300
page_index,time_cycles
0,493204
page_index,time_cycles
0,521500
page_index,time_cycles
0,3628256
page_index,time_cycles
0,455194
page_index,time_cycles
0,486530
page_index,time_cycles
0,431434
page_index,time_cycles
0,472970
page_index,time_cycles
0,481696
page_index,time_cycles
0,474392
page_index,time_cycles
0,430794
page_index,time_cycles
0,423596
page_index,time_cycles
0,474914
page_index,time_cycles
0,476292
page_index,time_cycles
0,428810
page_index,time_cycles
0,444582
page_index,time_cycles
0,466866
page_index,time_cycles
0,486322
page_index,time_cycles
0,482602
page_index,time_cycles
0,484806
page_index,time_cycles
0,505906
page_index,time_cycles
0,492310
page_index,time_cycles
0,496810
page_index,time_cycles
0,509382
page_index,time_cycles
0,506292
page_index,time_cycles
0,507538
page_index,time_cycles
0,424700
page_index,time_cycles
0,508610
page_index,time_cycles
0,453768
page_index,time_cycles
0,463068
page_index,time_cycles
0,500622
page_index,time_cycles
0,483352
page_index,time_cycles
0,471028
page_index,time_cycles
0,431324
page_index,time_cycles
0,480068
page_index,time_cycles
0,496468
page_index,time_cycles
0,555452
page_index,time_cycles
0,485534
page_index,time_cycles
0,478526
page_index,time_cycles
0,476238
page_index,time_cycles
0,449124
page_index,time_cycles
0,462708
page_index,time_cycles
0,506414
page_index,time_cycles
0,551194
page_index,time_cycles
0,456192
page_index,time_cycles
0,489290
page_index,time_cycles
0,432526
page_index,time_cycles
0,422170
page_index,time_cycles
0,476864
page_index,time_cycles
0,450406
page_index,time_cycles
0,577220
page_index,time_cycles
0,480364
page_index,time_cycles
0,419906
page_index,time_cycles
0,486652
page_index,time_cycles
0,430172
page_index,time_cycles
0,484366
page_index,time_cycles
0,496936
page_index,time_cycles
0,483858
page_index,time_cycles
0,484162
page_index,time_cycles
0,437914
page_index,time_cycles
0,462634
page_index,time_cycles
0,419880
page_index,time_cycles
0,500006
page_index,time_cycles
0,481894
page_index,time_cycles
0,461814
page_index,time_cycles
0,440062
page_index,time_cycles
0,503214
page_index,time_cycles
0,438112
page_index,time_cycles
0,486392
page_index,time_cycles
0,489866
page_index,time_cycles
0,516540
page_index,time_cycles
0,432880
page_index,time_cycles
0,461562
page_index,time_cycles
0,453722
page_index,time_cycles
0,505438
page_index,time_cycles
0,511732
page_index,time_cycles
0,479938
page_index,time_cycles
0,476756
page_index,time_cycles
0,472526
page_index,time_cycles
0,428540
page_index,time_cycles
0,450448
page_index,time_cycles
0,488470
page_index,time_cycles
0,468470
page_index,time_cycles
0,441536
page_index,time_cycles
0,449658
page_index,time_cycles
0,576664
page_index,time_cycles
0,461012
page_index,time_cycles
0,478962
page_index,time_cycles
0,505384
page_index,time_cycles
0,560954
page_index,time_cycles
0,479074
page_index,time_cycles
0,462058
page_index,time_cycles
0,477342
page_index,time_cycles
0,442284
page_index,time_cycles
0,434450
page_index,time_cycles
0,486998
page_index,time_cycles
0,500422
page_index,time_cycles
0,435348
page_index,time_cycles
0,490472
page_index,time_cycles
0,447400
page_index,time_cycles
0,467806
page_index,time_cycles
0,491258
page_index,time_cycles
0,493382
page_index,time_cycles
0,487764
page_index,time_cycles
0,430192
page_index,time_cycles
0,504028
page_index,time_cycles
0,476700
page_index,time_cycles
0,463576
page_index,time_cycles
0,443290
page_index,time_cycles
0,488788
page_index,time_cycles
0,443710
page_index,time_cycles
0,469860
page_index,time_cycles
0,587612
page_index,time_cycles
0,464882
page_index,time_cycles
0,461564
page_index,time_cycles
0,460892
page_index,time_cycles
0,503450
page_index,time_cycles
0,472216
page_index,time_cycles
0,500496
page_index,time_cycles
0,414734
page_index,time_cycles
0,435006
page_index,time_cycles
0,467288
page_index,time_cycles
0,539550
page_index,time_cycles
0,429084
page_index,time_cycles
0,484720
page_index,time_cycles
0,487322
page_index,time_cycles
0,440618
page_index,time_cycles
0,535164
page_index,time_cycles
0,440324
page_index,time_cycles
0,490484
page_index,time_cycles
0,481340
page_index,time_cycles
0,558276
page_index,time_cycles
0,514614
page_index,time_cycles
0,482550
page_index,time_cycles
0,489910
page_index,time_cycles
0,487718
page_index,time_cycles
0,603868
page_index,time_cycles
0,465982
page_index,time_cycles
0,524156
page_index,time_cycles
0,495076
page_index,time_cycles
0,416808
page_index,time_cycles
0,441690
page_index,time_cycles
0,552216
page_index,time_cycles
0,665658
page_index,time_cycles
0,490162
page_index,time_cycles
0,704598
page_index,time_cycles
0,560636
page_index,time_cycles
0,454788
page_index,time_cycles
0,430078
page_index,time_cycles
0,473676
page_index,time_cycles
0,482060
page_index,time_cycles
0,497722
page_index,time_cycles
0,442218
page_index,time_cycles
0,509308
page_index,time_cycles
0,468864
page_index,time_cycles
0,437182
page_index,time_cycles
0,467808
page_index,time_cycles
0,435412
page_index,time_cycles
0,507196
page_index,time_cycles
0,498670
page_index,time_cycles
0,422932
page_index,time_cycles
0,598166
page_index,time_cycles
0,425430
page_index,time_cycles
0,558726
page_index,time_cycles
0,492888
page_index,time_cycles
0,532590
page_index,time_cycles
0,493730
page_index,time_cycles
0,573284
page_index,time_cycles
0,456472
page_index,time_cycles
0,603726
page_index,time_cycles
0,431254
page_index,time_cycles
0,475684
page_index,time_cycles
0,425566
page_index,time_cycles
0,498774
page_index,time_cycles
0,493254
page_index,time_cycles
0,458384
page_index,time_cycles
0,505290
page_index,time_cycles
0,455558
page_index,time_cycles
0,518674
page_index,time_cycles
0,515400
page_index,time_cycles
0,469644
page_index,time_cycles
0,486872
page_index,time_cycles
0,472726
page_index,time_cycles
0,459770
page_index,time_cycles
0,485008
page_index,time_cycles
0,480720
page_index,time_cycles
0,437928
page_index,time_cycles
0,565292
page_index,time_cycles
0,454406
page_index,time_cycles
0,474148
page_index,time_cycles
0,537280
page_index,time_cycles
0,465390
page_index,time_cycles
0,488342
page_index,time_cycles
0,425630
page_index,time_cycles
0,487290
page_index,time_cycles
0,493914
page_index,time_cycles
0,546284
page_index,time_cycles
0,491470
page_index,time_cycles
0,599804
page_index,time_cycles
0,579980
page_index,time_cycles
0,551440
page_index,time_cycles
0,429714
page_index,time_cycles
0,493938
page_index,time_cycles
0,419620
page_index,time_cycles
0,507828
page_index,time_cycles
0,500636
page_index,time_cycles
0,483118
page_index,time_cycles
0,431136
page_index,time_cycles
0,524980
page_index,time_cycles
0,431430
page_index,time_cycles
0,464086
page_index,time_cycles
0,480134
page_index,time_cycles
0,585182
page_index,time_cycles
0,448172
page_index,time_cycles
0,462954
page_index,time_cycles
0,492780
page_index,time_cycles
0,496274
page_index,time_cycles
0,421768
page_index,time_cycles
0,479006
page_index,time_cycles
0,492674
page_index,time_cycles
0,460952
page_index,time_cycles
0,439444
page_index,time_cycles
0,479202
page_index,time_cycles
0,435968
page_index,time_cycles
0,460938
page_index,time_cycles
0,579082
page_index,time_cycles
0,479550
page_index,time_cycles
0,426740
page_index,time_cycles
0,492666
page_index,time_cycles
0,598864
page_index,time_cycles
0,461986
page_index,time_cycles
0,485100
page_index,time_cycles
0,511698
page_index,time_cycles
0,423164
page_index,time_cycles
0,442236
page_index,time_cycles
0,468804
page_index,time_cycles
0,480654
page_index,time_cycles
0,439850
page_index,time_cycles
0,451830
page_index,time_cycles
0,522298
page_index,time_cycles
0,510776
page_index,time_cycles
0,426624
page_index,time_cycles
0,485140
page_index,time_cycles
0,561442
page_index,time_cycles
0,452400
page_index,time_cycles
0,554432
page_index,time_cycles
0,487084
page_index,time_cycles
0,454246
page_index,time_cycles
0,500140
page_index,time_cycles
0,473432
page_index,time_cycles
0,425228
page_index,time_cycles
0,480626
page_index,time_cycles
0,422188
page_index,time_cycles
0,481736
page_index,time_cycles
0,446408
page_index,time_cycles
0,563480
page_index,time_cycles
0,449486
page_index,time_cycles
0,486878
page_index,time_cycles
0,497182
page_index,time_cycles
0,492566
page_index,time_cycles
0,442860
page_index,time_cycles
0,523254
page_index,time_cycles
0,505082
page_index,time_cycles
0,481350
page_index,time_cycles
0,613140
page_index,time_cycles
0,509242
page_index,time_cycles
0,485090
page_index,time_cycles
0,461706
page_index,time_cycles
0,482154
page_index,time_cycles
0,468522
page_index,time_cycles
0,437396
page_index,time_cycles
0,475296
page_index,time_cycles
0,483918
page_index,time_cycles
0,483940
page_index,time_cycles
0,484404
page_index,time_cycles
0,483476
page_index,time_cycles
0,491676
page_index,time_cycles
0,456252
page_index,time_cycles
0,498946
page_index,time_cycles
0,463880
page_index,time_cycles
0,488454
page_index,time_cycles
0,497156
page_index,time_cycles
0,421748
page_index,time_cycles
0,464708
page_index,time_cycles
0,493842
page_index,time_cycles
0,470350
page_index,time_cycles
0,519926
page_index,time_cycles
0,488838
page_index,time_cycles
0,529302
page_index,time_cycles
0,449774
page_index,time_cycles
0,432474
page_index,time_cycles
0,427470
page_index,time_cycles
0,521436
page_index,time_cycles
0,470712
page_index,time_cycles
0,423052
page_index,time_cycles
0,496920
page_index,time_cycles
0,474568
page_index,time_cycles
0,485974
page_index,time_cycles
0,483178
page_index,time_cycles
0,486808
page_index,time_cycles
0,521060
page_index,time_cycles
0,469784
page_index,time_cycles
0,452806
page_index,time_cycles
0,478562
page_index,time_cycles
0,462674
page_index,time_cycles
0,539524
page_index,time_cycles
0,500026
page_index,time_cycles
0,469144
page_index,time_cycles
0,597880
page_index,time_cycles
0,475488
page_index,time_cycles
0,489598
page_index,time_cycles
0,426038
page_index,time_cycles
0,423262
page_index,time_cycles
0,452404
page_index,time_cycles
0,471082
page_index,time_cycles
0,476048
page_index,time_cycles
0,484916
page_index,time_cycles
0,555564
page_index,time_cycles
0,428300
page_index,time_cycles
0,473816
page_index,time_cycles
0,442908
page_index,time_cycles
0,510666
page_index,time_cycles
0,428482
page_index,time_cycles
0,467044
page_index,time_cycles
0,456012
page_index,time_cycles
0,563748
page_index,time_cycles
0,474828
page_index,time_cycles
0,423526
page_index,time_cycles
0,497396
page_index,time_cycles
0,495662
page_index,time_cycles
0,496712
page_index,time_cycles
0,477892
page_index,time_cycles
0,477854
page_index,time_cycles
0,422498
page_index,time_cycles
0,423312
page_index,time_cycles
0,457616
page_index,time_cycles
0,459864
page_index,time_cycles
0,567922
page_index,time_cycles
0,473424
page_index,time_cycles
0,467274
page_index,time_cycles
0,486836
page_index,time_cycles
0,464112
page_index,time_cycles
0,482588
page_index,time_cycles
0,490376
page_index,time_cycles
0,558772
page_index,time_cycles
0,467198
page_index,time_cycles
0,480130
page_index,time_cycles
0,483538
page_index,time_cycles
0,483064
page_index,time_cycles
0,498234
page_index,time_cycles
0,501942
page_index,time_cycles
0,419048
page_index,time_cycles
0,504612
page_index,time_cycles
0,557566
page_index,time_cycles
0,536318
page_index,time_cycles
0,519576
page_index,time_cycles
0,469580
page_index,time_cycles
0,507304
page_index,time_cycles
0,513248
page_index,time_cycles
0,482844
page_index,time_cycles
0,577770
page_index,time_cycles
0,527362
page_index,time_cycles
0,444110
page_index,time_cycles
0,497598
page_index,time_cycles
0,495324
page_index,time_cycles
0,479688
page_index,time_cycles
0,488946
page_index,time_cycles
0,488826
page_index,time_cycles
0,433788
page_index,time_cycles
0,495618
page_index,time_cycles
0,446698
page_index,time_cycles
0,486410
page_index,time_cycles
0,479090
page_index,time_cycles
0,424774
page_index,time_cycles
0,477878
page_index,time_cycles
0,486462
page_index,time_cycles
0,446348
page_index,time_cycles
0,485872
page_index,time_cycles
0,470694
page_index,time_cycles
0,470842
page_index,time_cycles
0,484818
page_index,time_cycles
0,484766
page_index,time_cycles
0,492372
page_index,time_cycles
0,425184
page_index,time_cycles
0,504666
page_index,time_cycles
0,456512
page_index,time_cycles
0,458402
page_index,time_cycles
0,483724
page_index,time_cycles
0,472634
page_index,time_cycles
0,489686
page_index,time_cycles
0,482790
page_index,time_cycles
0,440096
page_index,time_cycles
0,465210
page_index,time_cycles
0,455788
page_index,time_cycles
0,574546
page_index,time_cycles
0,429126
page_index,time_cycles
0,457876
page_index,time_cycles
0,434780
page_index,time_cycles
0,483124
page_index,time_cycles
0,518226
page_index,time_cycles
0,422074
page_index,time_cycles
0,474954
page_index,time_cycles
0,484496
page_index,time_cycles
0,493622
page_index,time_cycles
0,514136
page_index,time_cycles
0,461836
page_index,time_cycles
0,487182
page_index,time_cycles
0,591200
page_index,time_cycles
0,466880
page_index,time_cycles
0,564990
page_index,time_cycles
0,447730
page_index,time_cycles
0,489786
page_index,time_cycles
0,472406
page_index,time_cycles
0,470728
page_index,time_cycles
0,464876
page_index,time_cycles
0,485430
page_index,time_cycles
0,469316
page_index,time_cycles
0,440480
page_index,time_cycles
0,450866
page_index,time_cycles
0,424004
page_index,time_cycles
0,537210
page_index,time_cycles
0,439864
page_index,time_cycles
0,501832
page_index,time_cycles
0,471652
page_index,time_cycles
0,469364
page_index,time_cycles
0,438324
page_index,time_cycles
0,421380
page_index,time_cycles
0,424042
page_index,time_cycles
0,479024
page_index,time_cycles
0,498852
page_index,time_cycles
0,425172
page_index,time_cycles
0,514840
page_index,time_cycles
0,435038
page_index,time_cycles
0,457246
page_index,time_cycles
0,495656
page_index,time_cycles
0,493454
page_index,time_cycles
0,482816
page_index,time_cycles
0,441958
page_index,time_cycles
0,454912
page_index,time_cycles
0,473528
page_index,time_cycles
0,438130
page_index,time_cycles
0,483480
page_index,time_cycles
0,423792
page_index,time_cycles
0,563574
page_index,time_cycles
0,477696
page_index,time_cycles
0,488110
page_index,time_cycles
0,418966
page_index,time_cycles
0,509658
page_index,time_cycles
0,448956
page_index,time_cycles
0,495550
page_index,time_cycles
0,500420
page_index,time_cycles
0,570482
page_index,time_cycles
0,482902
page_index,time_cycles
0,472332
page_index,time_cycles
0,553434
page_index,time_cycles
0,476684
page_index,time_cycles
0,449238
page_index,time_cycles
0,448028
page_index,time_cycles
0,530522
page_index,time_cycles
0,516440
page_index,time_cycles
0,520040
page_index,time_cycles
0,651988
page_index,time_cycles
0,494760
page_index,time_cycles
0,465966
page_index,time_cycles
0,429222
page_index,time_cycles
0,480282
page_index,time_cycles
0,491636
page_index,time_cycles
0,483932
page_index,time_cycles
0,505902
page_index,time_cycles
0,547512
page_index,time_cycles
0,484350
page_index,time_cycles
0,492726
page_index,time_cycles
0,493086
page_index,time_cycles
0,423082
page_index,time_cycles
0,426522
page_index,time_cycles
0,573666
page_index,time_cycles
0,483762
page_index,time_cycles
0,474280
page_index,time_cycles
0,424856
page_index,time_cycles
0,425874
page_index,time_cycles
0,458892
page_index,time_cycles
0,679534
page_index,time_cycles
0,482596
page_index,time_cycles
0,436320
page_index,time_cycles
0,439036
page_index,time_cycles
0,464200
page_index,time_cycles
0,534832
page_index,time_cycles
0,455954
page_index,time_cycles
0,469336
page_index,time_cycles
0,436554
page_index,time_cycles
0,474184
page_index,time_cycles
0,491666
page_index,time_cycles
0,515364
page_index,time_cycles
0,581144
page_index,time_cycles
0,425612
page_index,time_cycles
0,487804
page_index,time_cycles
0,433114
page_index,time_cycles
0,484366
page_index,time_cycles
0,478760
page_index,time_cycles
0,436684
page_index,time_cycles
0,508774
page_index,time_cycles
0,459972
page_index,time_cycles
0,434852
page_index,time_cycles
0,474368
page_index,time_cycles
0,568990
page_index,time_cycles
0,497146
page_index,time_cycles
0,485312
page_index,time_cycles
0,434912
page_index,time_cycles
0,469626
page_index,time_cycles
0,460964
page_index,time_cycles
0,474818
page_index,time_cycles
0,441342
page_index,time_cycles
0,446036
page_index,time_cycles
0,479270
page_index,time_cycles
0,436214
page_index,time_cycles
0,492904
page_index,time_cycles
0,543370
page_index,time_cycles
0,458654
page_index,time_cycles
0,476786
page_index,time_cycles
0,483706
page_index,time_cycles
0,513464
page_index,time_cycles
0,480672
page_index,time_cycles
0,572336
page_index,time_cycles
0,494174
page_index,time_cycles
0,566762
page_index,time_cycles
0,440164
page_index,time_cycles
0,429112
page_index,time_cycles
0,486270
page_index,time_cycles
0,480032
page_index,time_cycles
0,507590
page_index,time_cycles
0,459560
page_index,time_cycles
0,448088
page_index,time_cycles
0,485238
page_index,time_cycles
0,480860
page_index,time_cycles
0,466996
page_index,time_cycles
0,505560
page_index,time_cycles
0,573816
page_index,time_cycles
0,454380
page_index,time_cycles
0,510726
page_index,time_cycles
0,458570
page_index,time_cycles
0,472964
page_index,time_cycles
0,517502
page_index,time_cycles
0,417862
page_index,time_cycles
0,616536
page_index,time_cycles
0,433372
page_index,time_cycles
0,662870
page_index,time_cycles
0,472118
page_index,time_cycles
0,528698
page_index,time_cycles
0,459492
page_index,time_cycles
0,487568
page_index,time_cycles
0,415280
page_index,time_cycles
0,420414
page_index,time_cycles
0,451422
page_index,time_cycles
0,487782
page_index,time_cycles
0,466790
page_index,time_cycles
0,506148
page_index,time_cycles
0,474914
page_index,time_cycles
0,480862
page_index,time_cycles
0,420260
page_index,time_cycles
0,514930
page_index,time_cycles
0,490488
page_index,time_cycles
0,476246
page_index,time_cycles
0,484564
page_index,time_cycles
0,437926
page_index,time_cycles
0,533734
page_index,time_cycles
0,486008
page_index,time_cycles
0,493612
page_index,time_cycles
0,482184
page_index,time_cycles
0,436262
page_index,time_cycles
0,466054
page_index,time_cycles
0,467904
page_index,time_cycles
0,507086
page_index,time_cycles
0,439006
page_index,time_cycles
0,471974
page_index,time_cycles
0,573898
page_index,time_cycles
0,450036
page_index,time_cycles
0,453136
page_index,time_cycles
0,552110
page_index,time_cycles
0,498926
page_index,time_cycles
0,466222
page_index,time_cycles
0,479608
page_index,time_cycles
0,430560
page_index,time_cycles
0,491524
page_index,time_cycles
0,466990
page_index,time_cycles
0,485488
page_index,time_cycles
0,478730
page_index,time_cycles
0,480802
page_index,time_cycles
0,528938
page_index,time_cycles
0,510998
page_index,time_cycles
0,484776
page_index,time_cycles
0,449432
page_index,time_cycles
0,516466
page_index,time_cycles
0,425310
page_index,time_cycles
0,434300
page_index,time_cycles
0,433800
page_index,time_cycles
0,472654
page_index,time_cycles
0,587602
page_index,time_cycles
0,479416
page_index,time_cycles
0,478082
page_index,time_cycles
0,467758
page_index,time_cycles
0,493122
page_index,time_cycles
0,496452
page_index,time_cycles
0,469356
page_index,time_cycles
0,610804
page_index,time_cycles
0,456028
page_index,time_cycles
0,508910
page_index,time_cycles
0,481500
page_index,time_cycles
0,480612
page_index,time_cycles
0,493464
page_index,time_cycles
0,472766
page_index,time_cycles
0,426806
page_index,time_cycles
0,468834
page_index,time_cycles
0,432348
page_index,time_cycles
0,491434
page_index,time_cycles
0,482882
page_index,time_cycles
0,486652
page_index,time_cycles
0,461940
page_index,time_cycles
0,499470
page_index,time_cycles
0,471458
page_index,time_cycles
0,588084
page_index,time_cycles
0,552074
page_index,time_cycles
0,450790
page_index,time_cycles
0,449436
page_index,time_cycles
0,495028
page_index,time_cycles
0,426914
page_index,time_cycles
0,450022
page_index,time_cycles
0,437966
page_index,time_cycles
0,480048
page_index,time_cycles
0,490614
page_index,time_cycles
0,451988
page_index,time_cycles
0,484866
page_index,time_cycles
0,421596
page_index,time_cycles
0,423166
page_index,time_cycles
0,474770
page_index,time_cycles
0,480838
page_index,time_cycles
0,550930
page_index,time_cycles
0,431476
page_index,time_cycles
0,467640
page_index,time_cycles
0,478252
page_index,time_cycles
0,471490
page_index,time_cycles
0,526330
page_index,time_cycles
0,426556
page_index,time_cycles
0,487438
page_index,time_cycles
0,570076
page_index,time_cycles
0,446208
page_index,time_cycles
0,492946
page_index,time_cycles
0,478156
page_index,time_cycles
0,473432
page_index,time_cycles
0,495394
page_index,time_cycles
0,460742
page_index,time_cycles
0,427196
page_index,time_cycles
0,463838
page_index,time_cycles
0,571546
page_index,time_cycles
0,511278
page_index,time_cycles
0,483696
page_index,time_cycles
0,484554
page_index,time_cycles
0,508456
page_index,time_cycles
0,500332
page_index,time_cycles
0,466392
page_index,time_cycles
0,483950
page_index,time_cycles
0,624916
page_index,time_cycles
0,491032
page_index,time_cycles
0,495560
page_index,time_cycles
0,499506
page_index,time_cycles
0,484668
page_index,time_cycles
0,437326
page_index,time_cycles
0,651204
page_index,time_cycles
0,501304
page_index,time_cycles
0,482420
page_index,time_cycles
0,437236
page_index,time_cycles
0,528408
page_index,time_cycles
0,577924
page_index,time_cycles
0,478460
page_index,time_cycles
0,567230
page_index,time_cycles
0,426496
page_index,time_cycles
0,470164
page_index,time_cycles
0,434882
page_index,time_cycles
0,460458
page_index,time_cycles
0,464610
page_index,time_cycles
0,437150
page_index,time_cycles
0,422536
page_index,time_cycles
0,603784
page_index,time_cycles
0,463876
page_index,time_cycles
0,500398
page_index,time_cycles
0,494728
page_index,time_cycles
0,443304
page_index,time_cycles
0,448260
page_index,time_cycles
0,455114
page_index,time_cycles
0,481014
page_index,time_cycles
0,429928
page_index,time_cycles
0,447114
page_index,time_cycles
0,487410
page_index,time_cycles
0,520954
page_index,time_cycles
0,458530
page_index,time_cycles
0,433718
page_index,time_cycles
0,459440
page_index,time_cycles
0,490056
page_index,time_cycles
0,455518
page_index,time_cycles
0,524702
page_index,time_cycles
0,490662
page_index,time_cycles
0,470412
page_index,time_cycles
0,423046
page_index,time_cycles
0,471840
page_index,time_cycles
0,561240
page_index,time_cycles
0,533460
page_index,time_cycles
0,419480
page_index,time_cycles
0,463542
page_index,time_cycles
0,465590
page_index,time_cycles
0,471728
page_index,time_cycles
0,488870
page_index,time_cycles
0,452086
page_index,time_cycles
0,432732
page_index,time_cycles
0,469344
page_index,time_cycles
0,615214
page_index,time_cycles
0,483844
page_index,time_cycles
0,502684
page_index,time_cycles
0,474552
page_index,time_cycles
0,478682
page_index,time_cycles
0,424468
page_index,time_cycles
0,521000
page_index,time_cycles
0,432532
page_index,time_cycles
0,469224
page_index,time_cycles
0,562876
page_index,time_cycles
0,494770
page_index,time_cycles
0,449846
page_index,time_cycles
0,598194
page_index,time_cycles
0,486964
page_index,time_cycles
0,491536
page_index,time_cycles
0,461716
page_index,time_cycles
0,584978
page_index,time_cycles
0,473494
page_index,time_cycles
0,474466
page_index,time_cycles
0,496368
page_index,time_cycles
0,437946
page_index,time_cycles
0,488654
page_index,time_cycles
0,452474
page_index,time_cycles
0,472340
page_index,time_cycles
0,478046
page_index,time_cycles
0,483840
page_index,time_cycles
0,418476
page_index,time_cycles
0,483160
page_index,time_cycles
0,417126
page_index,time_cycles
0,505850
page_index,time_cycles
0,471368
page_index,time_cycles
0,470982
page_index,time_cycles
0,422726
page_index,time_cycles
0,574116
page_index,time_cycles
0,466666
page_index,time_cycles
0,641274
page_index,time_cycles
0,435844
page_index,time_cycles
0,432170
page_index,time_cycles
0,469696
page_index,time_cycles
0,534512
page_index,time_cycles
0,463334
page_index,time_cycles
0,488014
page_index,time_cycles
0,447812
page_index,time_cycles
0,563296
page_index,time_cycles
0,430324
page_index,time_cycles
0,471624
page_index,time_cycles
0,493526
page_index,time_cycles
0,488212
page_index,time_cycles
0,485000
page_index,time_cycles
0,453956
page_index,time_cycles
0,551892
page_index,time_cycles
0,487052
page_index,time_cycles
0,503720
page_index,time_cycles
0,483388
page_index,time_cycles
0,484122
page_index,time_cycles
0,536664
page_index,time_cycles
0,482362
page_index,time_cycles
0,479662
page_index,time_cycles
0,457640
page_index,time_cycles
0,600472
page_index,time_cycles
0,468018
page_index,time_cycles
0,464092
page_index,time_cycles
0,486890
page_index,time_cycles
0,484776
page_index,time_cycles
0,497966
page_index,time_cycles
0,432046
page_index,time_cycles
0,482270
page_index,time_cycles
0,489192
page_index,time_cycles
0,419258
page_index,time_cycles
0,573990
page_index,time_cycles
0,480446
page_index,time_cycles
0,501916
page_index,time_cycles
0,518006
page_index,time_cycles
0,500078
page_index,time_cycles
0,481780
page_index,time_cycles
0,472004
page_index,time_cycles
0,479638
page_index,time_cycles
0,540022
page_index,time_cycles
0,508546
page_index,time_cycles
0,450358
page_index,time_cycles
0,492812
page_index,time_cycles
0,472102
page_index,time_cycles
0,477384
page_index,time_cycles
0,463116
page_index,time_cycles
0,478250
page_index,time_cycles
0,537556
page_index,time_cycles
0,450412
page_index,time_cycles
0,496966
page_index,time_cycles
0,477298
page_index,time_cycles
0,441296
page_index,time_cycles
0,436862
page_index,time_cycles
0,465062
page_index,time_cycles
0,517918
page_index,time_cycles
0,486994
page_index,time_cycles
0,429278
page_index,time_cycles
0,489154
page_index,time_cycles
0,485958
page_index,time_cycles
0,517400
page_index,time_cycles
0,499736
page_index,time_cycles
0,439054
page_index,time_cycles
0,432610
page_index,time_cycles
0,433156
page_index,time_cycles
0,423158
page_index,time_cycles
0,424654
page_index,time_cycles
0,451866
page_index,time_cycles
0,457946
page_index,time_cycles
0,449088
page_index,time_cycles
0,456932
page_index,time_cycles
0,433196
page_index,time_cycles
0,532724
page_index,time_cycles
0,476308
page_index,time_cycles
0,455782
page_index,time_cycles
0,459816
page_index,time_cycles
0,467376
page_index,time_cycles
0,435192
page_index,time_cycles
0,534838
page_index,time_cycles
0,419592
page_index,time_cycles
0,433340
page_index,time_cycles
0,470534
page_index,time_cycles
0,490796
page_index,time_cycles
0,493066
page_index,time_cycles
0,523052
page_index,time_cycles
0,463084
page_index,time_cycles
0,491964
page_index,time_cycles
0,478054
page_index,time_cycles
0,474242
page_index,time_cycles
0,460832
page_index,time_cycles
0,449372
page_index,time_cycles
0,457106
page_index,time_cycles
0,581894
page_index,time_cycles
0,436756
page_index,time_cycles
0,493638
page_index,time_cycles
0,427604
page_index,time_cycles
0,495148
page_index,time_cycles
0,482416
page_index,time_cycles
0,526018
page_index,time_cycles
0,482852
page_index,time_cycles
0,455816
page_index,time_cycles
0,482614
page_index,time_cycles
0,477122
page_index,time_cycles
0,472662
page_index,time_cycles
0,500070
page_index,time_cycles
0,480754
page_index,time_cycles
0,431592
page_index,time_cycles
0,468868
page_index,time_cycles
0,481950
page_index,time_cycles
0,473322
page_index,time_cycles
0,470452
page_index,time_cycles
0,489884
page_index,time_cycles
0,487156
page_index,time_cycles
0,489434
page_index,time_cycles
0,464154
page_index,time_cycles
0,454912
page_index,time_cycles
0,488670
page_index,time_cycles
0,487878
page_index,time_cycles
0,428732
page_index,time_cycles
0,496586
page_index,time_cycles
0,485034
page_index,time_cycles
0,543590
page_index,time_cycles
0,484956
page_index,time_cycles
0,563634
page_index,time_cycles
0,484522
page_index,time_cycles
0,517724
page_index,time_cycles
0,483140
page_index,time_cycles
0,430712
page_index,time_cycles
0,489354
page_index,time_cycles
0,463450
page_index,time_cycles
0,441208
page_index,time_cycles
0,483672
page_index,time_cycles
0,481754
page_index,time_cycles
0,523182
page_index,time_cycles
0,490918
page_index,time_cycles
0,442718
page_index,time_cycles
0,511488
page_index,time_cycles
0,439976
page_index,time_cycles
0,473666
page_index,time_cycles
0,429614
page_index,time_cycles
0,478444
page_index,time_cycles
0,495290
page_index,time_cycles
0,492302
page_index,time_cycles
0,448564
page_index,time_cycles
0,495792
page_index,time_cycles
0,507584
page_index,time_cycles
0,505792
page_index,time_cycles
0,497926
page_index,time_cycles
0,487408
page_index,time_cycles
0,473516
page_index,time_cycles
0,454764
page_index,time_cycles
0,474220
page_index,time_cycles
0,437054
page_index,time_cycles
0,504758
page_index,time_cycles
0,500926
page_index,time_cycles
0,453146
page_index,time_cycles
0,462638
page_index,time_cycles
0,482380
page_index,time_cycles
0,482626
page_index,time_cycles
0,483476
page_index,time_cycles
0,424752
page_index,time_cycles
0,485112
page_index,time_cycles
0,530980
page_index,time_cycles
0,440150
page_index,time_cycles
0,438980
page_index,time_cycles
0,426706
page_index,time_cycles
0,474386
page_index,time_cycles
0,477550
page_index,time_cycles
0,456170
page_index,time_cycles
0,478072
page_index,time_cycles
0,459794
page_index,time_cycles
0,485048
page_index,time_cycles
0,436754
page_index,time_cycles
0,458368
page_index,time_cycles
0,475516
page_index,time_cycles
0,500646
page_index,time_cycles
0,474852
page_index,time_cycles
0,570066
page_index,time_cycles
0,418982
page_index,time_cycles
0,444820
page_index,time_cycles
0,418898
page_index,time_cycles
0,500110
page_index,time_cycles
0,420010
page_index,time_cycles
0,501328
page_index,time_cycles
0,544294
page_index,time_cycles
0,496324
page_index,time_cycles
0,488814
page_index,time_cycles
0,435024
page_index,time_cycles
0,466174
page_index,time_cycles
0,497736
page_index,time_cycles
0,480952
page_index,time_cycles
0,461694
page_index,time_cycles
0,478836
page_index,time_cycles
0,457392
page_index,time_cycles
0,487438
page_index,time_cycles
0,425022
page_index,time_cycles
0,474254
page_index,time_cycles
0,424694
page_index,time_cycles
0,494912
page_index,time_cycles
0,478588
page_index,time_cycles
0,521258
page_index,time_cycles
0,425424
page_index,time_cycles
0,548850
page_index,time_cycles
0,426880
page_index,time_cycles
0,474508
page_index,time_cycles
0,435064
page_index,time_cycles
0,488454
page_index,time_cycles
0,491234
page_index,time_cycles
0,497048
page_index,time_cycles
0,508966
page_index,time_cycles
0,454900
page_index,time_cycles
0,481916
page_index,time_cycles
0,443256
page_index,time_cycles
0,739000
page_index,time_cycles
0,476176
page_index,time_cycles
0,486494
page_index,time_cycles
0,421758
page_index,time_cycles
0,477242
page_index,time_cycles
0,456496
page_index,time_cycles
0,512624
page_index,time_cycles
0,497574
page_index,time_cycles
0,490212
page_index,time_cycles
0,461570
page_index,time_cycles
0,487602
page_index,time_cycles
0,490656
page_index,time_cycles
0,496974
page_index,time_cycles
0,571078
page_index,time_cycles
0,438436
page_index,time_cycles
0,472224
page_index,time_cycles
0,571710
page_index,time_cycles
0,518550
page_index,time_cycles
0,457242
page_index,time_cycles
0,579508
page_index,time_cycles
0,482112
page_index,time_cycles
0,423370
page_index,time_cycles
0,704510
page_index,time_cycles
0,478304
page_index,time_cycles
0,561622
page_index,time_cycles
0,432596
page_index,time_cycles
0,434602
page_index,time_cycles
0,441916
page_index,time_cycles
0,489006
page_index,time_cycles
0,470878
page_index,time_cycles
0,525944
page_index,time_cycles
0,473932
page_index,time_cycles
0,487144
page_index,time_cycles
0,485108
page_index,time_cycles
0,567636
page_index,time_cycles
0,587890
page_index,time_cycles
0,506628
page_index,time_cycles
0,421346
page_index,time_cycles
0,435000
page_index,time_cycles
0,649820
page_index,time_cycles
0,488020
page_index,time_cycles
0,473714
page_index,time_cycles
0,478272
page_index,time_cycles
0,484584
page_index,time_cycles
0,455364
page_index,time_cycles
0,420096
page_index,time_cycles
0,492566
page_index,time_cycles
0,504972
page_index,time_cycles
0,566300
page_index,time_cycles
0,461768
page_index,time_cycles
0,448254
page_index,time_cycles
0,491528
page_index,time_cycles
0,580006
page_index,time_cycles
0,423916
page_index,time_cycles
0,471914
page_index,time_cycles
0,431000
page_index,time_cycles
0,430948
page_index,time_cycles
0,438774
page_index,time_cycles
0,608012
page_index,time_cycles
0,478490
page_index,time_cycles
0,488802
page_index,time_cycles
0,451580
page_index,time_cycles
0,453164
page_index,time_cycles
0,433820
page_index,time_cycles
0,463776
page_index,time_cycles
0,493406
page_index,time_cycles
0,458480
page_index,time_cycles
0,589042
page_index,time_cycles
0,417560
page_index,time_cycles
0,471384
page_index,time_cycles
0,456982
page_index,time_cycles
0,473204
page_index,time_cycles
0,427956
page_index,time_cycles
0,490360
page_index,time_cycles
0,504878
page_index,time_cycles
0,436888
page_index,time_cycles
0,489032
page_index,time_cycles
0,483452
page_index,time_cycles
0,464322
page_index,time_cycles
0,574744
page_index,time_cycles
0,511862
page_index,time_cycles
0,450774
page_index,time_cycles
0,484112
page_index,time_cycles
0,555940
page_index,time_cycles
0,491232
page_index,time_cycles
0,488976
page_index,time_cycles
0,505414
page_index,time_cycles
0,499584
page_index,time_cycles
0,614846
page_index,time_cycles
0,500040
page_index,time_cycles
0,429454
page_index,time_cycles
0,485496
page_index,time_cycles
0,492926
page_index,time_cycles
0,467490
page_index,time_cycles
0,465456
page_index,time_cycles
0,479310
page_index,time_cycles
0,427768
page_index,time_cycles
0,455548
page_index,time_cycles
0,570588
page_index,time_cycles
0,512260
page_index,time_cycles
0,434972
page_index,time_cycles
0,487212
page_index,time_cycles
0,425516
page_index,time_cycles
0,487378
page_index,time_cycles
0,455840
page_index,time_cycles
0,492676
page_index,time_cycles
0,472370
page_index,time_cycles
0,507448
page_index,time_cycles
0,484908
page_index,time_cycles
0,507808
page_index,time_cycles
0,507072
page_index,time_cycles
0,551312
page_index,time_cycles
0,432908
page_index,time_cycles
0,418912
page_index,time_cycles
0,469730
page_index,time_cycles
0,582872
page_index,time_cycles
0,483752
page_index,time_cycles
0,418612
page_index,time_cycles
0,492862
page_index,time_cycles
0,487118
page_index,time_cycles
0,461446
page_index,time_cycles
0,459108
page_index,time_cycles
0,430250
page_index,time_cycles
0,433414
page_index,time_cycles
0,457200
page_index,time_cycles
0,500152
page_index,time_cycles
0,471284
page_index,time_cycles
0,479208
page_index,time_cycles
0,491436
page_index,time_cycles
0,446684
page_index,time_cycles
0,426380
page_index,time_cycles
0,492398
page_index,time_cycles
0,442024
page_index,time_cycles
0,434850
page_index,time_cycles
0,488598
page_index,time_cycles
0,471372
page_index,time_cycles
0,483612
page_index,time_cycles
0,485664
page_index,time_cycles
0,457066
page_index,time_cycles
0,597112
page_index,time_cycles
0,491072
page_index,time_cycles
0,486790
page_index,time_cycles
0,447194
page_index,time_cycles
0,589412
page_index,time_cycles
0,480144
page_index,time_cycles
0,583178
page_index,time_cycles
0,438942
page_index,time_cycles
0,482354
page_index,time_cycles
0,496902
page_index,time_cycles
0,466096
page_index,time_cycles
0,536960
page_index,time_cycles
0,468666
page_index,time_cycles
0,439676
page_index,time_cycles
0,484782
page_index,time_cycles
0,457994
page_index,time_cycles
0,573702
page_index,time_cycles
0,516034
page_index,time_cycles
0,423132
page_index,time_cycles
0,454612
page_index,time_cycles
0,530402
page_index,time_cycles
0,491280
page_index,time_cycles
0,494328
page_index,time_cycles
0,509170
page_index,time_cycles
0,507868
page_index,time_cycles
0,502634
page_index,time_cycles
0,475666
page_index,time_cycles
0,488666
page_index,time_cycles
0,423876
page_index,time_cycles
0,471352
page_index,time_cycles
0,586518
page_index,time_cycles
0,491484
page_index,time_cycles
0,492012
page_index,time_cycles
0,547144
page_index,time_cycles
0,464036
page_index,time_cycles
0,608750
page_index,time_cycles
0,569872
page_index,time_cycles
0,486916
page_index,time_cycles
0,556750
page_index,time_cycles
0,438724
page_index,time_cycles
0,420178
page_index,time_cycles
0,429134
page_index,time_cycles
0,479700
page_index,time_cycles
0,435304
page_index,time_cycles
0,460214
page_index,time_cycles
0,432980
page_index,time_cycles
0,525902
page_index,time_cycles
0,494586
page_index,time_cycles
0,474686
page_index,time_cycles
0,517070
page_index,time_cycles
0,529808
page_index,time_cycles
0,423800
page_index,time_cycles
0,419836
page_index,time_cycles
0,429482
page_index,time_cycles
0,496610
page_index,time_cycles
0,465072
page_index,time_cycles
0,441318
page_index,time_cycles
0,453528
page_index,time_cycles
0,464750
page_index,time_cycles
0,547154
page_index,time_cycles
0,481612
page_index,time_cycles
0,485104
page_index,time_cycles
0,456572
page_index,time_cycles
0,709054
page_index,time_cycles
0,424006
page_index,time_cycles
0,465830
page_index,time_cycles
0,479628
page_index,time_cycles
0,461622
page_index,time_cycles
0,420436
page_index,time_cycles
0,467306
page_index,time_cycles
0,478040
page_index,time_cycles
0,482338
page_index,time_cycles
0,434938
page_index,time_cycles
0,481388
page_index,time_cycles
0,494366
page_index,time_cycles
0,440738
page_index,time_cycles
0,479094
page_index,time_cycles
0,587108
page_index,time_cycles
0,480736
page_index,time_cycles
0,469284
page_index,time_cycles
0,471310
page_index,time_cycles
0,486588
page_index,time_cycles
0,439882
page_index,time_cycles
0,438946
page_index,time_cycles
0,481396
page_index,time_cycles
0,464806
page_index,time_cycles
0,485324
page_index,time_cycles
0,474950
page_index,time_cycles
0,547888
page_index,time_cycles
0,439618
page_index,time_cycles
0,471986
page_index,time_cycles
0,432882
page_index,time_cycles
0,464686
page_index,time_cycles
0,456534
page_index,time_cycles
0,486580
page_index,time_cycles
0,602296
page_index,time_cycles
0,464524
page_index,time_cycles
0,506134
page_index,time_cycles
0,423518
page_index,time_cycles
0,500336
page_index,time_cycles
0,486132
page_index,time_cycles
0,494852
page_index,time_cycles
0,489864
page_index,time_cycles
0,520992
page_index,time_cycles
0,420486
page_index,time_cycles
0,481126
page_index,time_cycles
0,504850
page_index,time_cycles
0,492074
page_index,time_cycles
0,495104
page_index,time_cycles
0,479006
page_index,time_cycles
0,572880
page_index,time_cycles
0,504920
page_index,time_cycles
0,509538
page_index,time_cycles
0,463810
page_index,time_cycles
0,424758
page_index,time_cycles
0,424918
page_index,time_cycles
0,479480
page_index,time_cycles
0,519650
page_index,time_cycles
0,424278
page_index,time_cycles
0,514542
page_index,time_cycles
0,431530
page_index,time_cycles
0,450106
page_index,time_cycles
0,421912
page_index,time_cycles
0,487450
page_index,time_cycles
0,504320
page_index,time_cycles
0,552184
page_index,time_cycles
0,460938
page_index,time_cycles
0,473376
page_index,time_cycles
0,474100
page_index,time_cycles
0,500426
page_index,time_cycles
0,432318
page_index,time_cycles
0,435528
page_index,time_cycles
0,464066
page_index,time_cycles
0,489652
page_index,time_cycles
0,438224
page_index,time_cycles
0,476070
page_index,time_cycles
0,488148
page_index,time_cycles
0,433944
page_index,time_cycles
0,470888
page_index,time_cycles
0,482704
page_index,time_cycles
0,450178
page_index,time_cycles
0,507430
page_index,time_cycles
0,486036
page_index,time_cycles
0,553254
page_index,time_cycles
0,527444
page_index,time_cycles
0,448314
page_index,time_cycles
0,553672
page_index,time_cycles
0,425184
page_index,time_cycles
0,430472
page_index,time_cycles
0,482206
page_index,time_cycles
0,474940
page_index,time_cycles
0,504350
page_index,time_cycles
0,446522
page_index,time_cycles
0,475358
page_index,time_cycles
0,434944
page_index,time_cycles
0,470842
page_index,time_cycles
0,488478
page_index,time_cycles
0,446950
page_index,time_cycles
0,502162
page_index,time_cycles
0,439050
page_index,time_cycles
0,462766
page_index,time_cycles
0,430892
page_index,time_cycles
0,480062
page_index,time_cycles
0,474586
page_index,time_cycles
0,483732
page_index,time_cycles
0,486074
page_index,time_cycles
0,424270
page_index,time_cycles
0,427828
page_index,time_cycles
0,449638
page_index,time_cycles
0,448816
page_index,time_cycles
0,439646
page_index,time_cycles
0,458110
page_index,time_cycles
0,489234
page_index,time_cycles
0,546154
page_index,time_cycles
0,489178
page_index,time_cycles
0,551768
page_index,time_cycles
0,509118
page_index,time_cycles
0,441566
page_index,time_cycles
0,488606
page_index,time_cycles
0,494620
page_index,time_cycles
0,516822
page_index,time_cycles
0,515482
page_index,time_cycles
0,519796
page_index,time_cycles
0,625652
page_index,time_cycles
0,510474
page_index,time_cycles
0,453694
page_index,time_cycles
0,489424
page_index,time_cycles
0,463782
page_index,time_cycles
0,468782
page_index,time_cycles
0,486822
page_index,time_cycles
0,469994
page_index,time_cycles
0,479714
page_index,time_cycles
0,559496
page_index,time_cycles
0,456980
page_index,time_cycles
0,435024
page_index,time_cycles
0,460288
page_index,time_cycles
0,501972
page_index,time_cycles
0,490474
page_index,time_cycles
0,474040
page_index,time_cycles
0,490866
page_index,time_cycles
0,640406
page_index,time_cycles
0,513850
page_index,time_cycles
0,515244
page_index,time_cycles
0,459234
page_index,time_cycles
0,518822
page_index,time_cycles
0,463560
page_index,time_cycles
0,433226
page_index,time_cycles
0,505644
page_index,time_cycles
0,479520
page_index,time_cycles
0,447598
page_index,time_cycles
0,612036
page_index,time_cycles
0,469476
page_index,time_cycles
0,483058
page_index,time_cycles
0,479712
page_index,time_cycles
0,486140
page_index,time_cycles
0,501726
page_index,time_cycles
0,473094
page_index,time_cycles
0,428172
page_index,time_cycles
0,670996
page_index,time_cycles
0,480890
page_index,time_cycles
0,476340
page_index,time_cycles
0,434562
page_index,time_cycles
0,448086
page_index,time_cycles
0,507148
page_index,time_cycles
0,426200
page_index,time_cycles
0,472882
page_index,time_cycles
0,455470
page_index,time_cycles
0,498124
page_index,time_cycles
0,463454
page_index,time_cycles
0,452200
page_index,time_cycles
0,482422
page_index,time_cycles
0,490904
page_index,time_cycles
0,474790
page_index,time_cycles
0,514248
page_index,time_cycles
0,492700
page_index,time_cycles
0,497774
page_index,time_cycles
0,510578
page_index,time_cycles
0,574994
page_index,time_cycles
0,483040
page_index,time_cycles
0,417206
page_index,time_cycles
0,483812
page_index,time_cycles
0,469828
page_index,time_cycles
0,520912
page_index,time_cycles
0,487614
page_index,time_cycles
0,586138
page_index,time_cycles
0,495012
page_index,time_cycles
0,421432
page_index,time_cycles
0,424018
page_index,time_cycles
0,488862
page_index,time_cycles
0,434318
page_index,time_cycles
0,418442
page_index,time_cycles
0,448348
page_index,time_cycles
0,525612
page_index,time_cycles
0,504586
page_index,time_cycles
0,475620
page_index,time_cycles
0,503750
page_index,time_cycles
0,483558
page_index,time_cycles
0,479698
page_index,time_cycles
0,434260
page_index,time_cycles
0,493758
page_index,time_cycles
0,482878
page_index,time_cycles
0,484418
page_index,time_cycles
0,434178
page_index,time_cycles
0,438768
page_index,time_cycles
0,419682
page_index,time_cycles
0,522152
page_index,time_cycles
0,421662
page_index,time_cycles
0,430872
page_index,time_cycles
0,460776
page_index,time_cycles
0,478234
page_index,time_cycles
0,549018
page_index,time_cycles
0,493300
page_index,time_cycles
0,434260
page_index,time_cycles
0,430766
page_index,time_cycles
0,487954
page_index,time_cycles
0,484558
page_index,time_cycles
0,465564
page_index,time_cycles
0,467574
page_index,time_cycles
0,495678
page_index,time_cycles
0,499124
page_index,time_cycles
0,438296
page_index,time_cycles
0,417848
page_index,time_cycles
0,489736
page_index,time_cycles
0,471210
page_index,time_cycles
0,472848
page_index,time_cycles
0,497232
page_index,time_cycles
0,546076
page_index,time_cycles
0,590442
page_index,time_cycles
0,504510
page_index,time_cycles
0,486394
page_index,time_cycles
0,429074
page_index,time_cycles
0,468588
page_index,time_cycles
0,493604
page_index,time_cycles
0,496330
page_index,time_cycles
0,439434
page_index,time_cycles
0,489324
page_index,time_cycles
0,483252
page_index,time_cycles
0,507690
page_index,time_cycles
0,420898
page_index,time_cycles
0,482666
page_index,time_cycles
0,428584
page_index,time_cycles
0,621576
page_index,time_cycles
0,503702
page_index,time_cycles
0,454416
page_index,time_cycles
0,521956
page_index,time_cycles
0,503880
page_index,time_cycles
0,499484
page_index,time_cycles
0,663740
page_index,time_cycles
0,486948
page_index,time_cycles
0,421310
page_index,time_cycles
0,566330
page_index,time_cycles
0,434694
page_index,time_cycles
0,457756
page_index,time_cycles
0,497594
page_index,time_cycles
0,491016
page_index,time_cycles
0,484520
page_index,time_cycles
0,474590
page_index,time_cycles
0,461910
page_index,time_cycles
0,423690
page_index,time_cycles
0,496036
page_index,time_cycles
0,423880
page_index,time_cycles
0,547866
page_index,time_cycles
0,590924
page_index,time_cycles
0,472128
page_index,time_cycles
0,465390
page_index,time_cycles
0,493346
page_index,time_cycles
0,478276
page_index,time_cycles
0,462734
page_index,time_cycles
0,470184
page_index,time_cycles
0,482990
page_index,time_cycles
0,439326
page_index,time_cycles
0,548854
page_index,time_cycles
0,428512
page_index,time_cycles
0,497752
page_index,time_cycles
0,495264
page_index,time_cycles
0,613412
page_index,time_cycles
0,471444
page_index,time_cycles
0,468374
page_index,time_cycles
0,658512
page_index,time_cycles
0,454112
page_index,time_cycles
0,516806
page_index,time_cycles
0,429152
page_index,time_cycles
0,490494
page_index,time_cycles
0,481768
page_index,time_cycles
0,523182
page_index,time_cycles
0,458620
page_index,time_cycles
0,472914
page_index,time_cycles
0,473424
page_index,time_cycles
0,499620
page_index,time_cycles
0,474948
page_index,time_cycles
0,435708
page_index,time_cycles
0,462476
page_index,time_cycles
0,489128
page_index,time_cycles
0,461810
page_index,time_cycles
0,533818
page_index,time_cycles
0,550856
page_index,time_cycles
0,448900
page_index,time_cycles
0,572826
page_index,time_cycles
0,580182
page_index,time_cycles
0,503312
page_index,time_cycles
0,541030
page_index,time_cycles
0,502922
page_index,time_cycles
0,479632
page_index,time_cycles
0,433122
page_index,time_cycles
0,492580
page_index,time_cycles
0,425196
page_index,time_cycles
0,478350
page_index,time_cycles
0,553118
page_index,time_cycles
0,491238
page_index,time_cycles
0,460346
page_index,time_cycles
0,421634
page_index,time_cycles
0,447794
page_index,time_cycles
0,476676
page_index,time_cycles
0,487050
page_index,time_cycles
0,498842
page_index,time_cycles
0,471794
page_index,time_cycles
0,437856
page_index,time_cycles
0,481034
page_index,time_cycles
0,482022
page_index,time_cycles
0,430854
page_index,time_cycles
0,566184
page_index,time_cycles
0,477378
page_index,time_cycles
0,448364
page_index,time_cycles
0,483176
page_index,time_cycles
0,545968
page_index,time_cycles
0,437348
page_index,time_cycles
0,480216
page_index,time_cycles
0,561410
page_index,time_cycles
0,556878
page_index,time_cycles
0,419576
page_index,time_cycles
0,445088
page_index,time_cycles
0,450374
page_index,time_cycles
0,510298
page_index,time_cycles
0,453560
page_index,time_cycles
0,468950
page_index,time_cycles
0,443950
page_index,time_cycles
0,471624
page_index,time_cycles
0,419300
page_index,time_cycles
0,434390
page_index,time_cycles
0,446238
page_index,time_cycles
0,480520
page_index,time_cycles
0,463626
page_index,time_cycles
0,544106
page_index,time_cycles
0,478220
page_index,time_cycles
0,487936
page_index,time_cycles
0,518648
page_index,time_cycles
0,525908
page_index,time_cycles
0,477592
page_index,time_cycles
0,488504
page_index,time_cycles
0,432710
page_index,time_cycles
0,441782
page_index,time_cycles
0,477842
page_index,time_cycles
0,586632
page_index,time_cycles
0,426922
page_index,time_cycles
0,434446
page_index,time_cycles
0,442328
page_index,time_cycles
0,607386
page_index,time_cycles
0,492592
page_index,time_cycles
0,422006
page_index,time_cycles
0,492052
page_index,time_cycles
0,467788
page_index,time_cycles
0,482506
page_index,time_cycles
0,431772
page_index,time_cycles
0,470926
page_index,time_cycles
0,494268
page_index,time_cycles
0,494506
page_index,time_cycles
0,457658
page_index,time_cycles
0,493022
page_index,time_cycles
0,489604
page_index,time_cycles
0,445852
page_index,time_cycles
0,443136
page_index,time_cycles
0,512276
page_index,time_cycles
0,486340
page_index,time_cycles
0,485482
page_index,time_cycles
0,594584
page_index,time_cycles
0,463834
page_index,time_cycles
0,442560
page_index,time_cycles
0,479962
page_index,time_cycles
0,498088
page_index,time_cycles
0,464572
page_index,time_cycles
0,440738
page_index,time_cycles
0,482368
page_index,time_cycles
0,560858
page_index,time_cycles
0,487140
page_index,time_cycles
0,417062
page_index,time_cycles
0,513648
page_index,time_cycles
0,575124
page_index,time_cycles
0,424382
page_index,time_cycles
0,472398
page_index,time_cycles
0,470088
page_index,time_cycles
0,433624
page_index,time_cycles
0,485760
page_index,time_cycles
0,438780
page_index,time_cycles
0,469142
page_index,time_cycles
0,433258
page_index,time_cycles
0,455930
page_index,time_cycles
0,423388
page_index,time_cycles
0,491106
page_index,time_cycles
0,497374
page_index,time_cycles
0,436616
page_index,time_cycles
0,451032
page_index,time_cycles
0,449944
page_index,time_cycles
0,540658
page_index,time_cycles
0,524460
page_index,time_cycles
0,468224
page_index,time_cycles
0,425342
page_index,time_cycles
0,458240
page_index,time_cycles
0,489428
page_index,time_cycles
0,533926
page_index,time_cycles
0,489390
page_index,time_cycles
0,471232
page_index,time_cycles
0,417874
page_index,time_cycles
0,428700
page_index,time_cycles
0,486420
page_index,time_cycles
0,480198
page_index,time_cycles
0,505422
page_index,time_cycles
0,425716
page_index,time_cycles
0,431302
page_index,time_cycles
0,488270
page_index,time_cycles
0,484748
page_index,time_cycles
0,420446
page_index,time_cycles
0,482608
page_index,time_cycles
0,445134
page_index,time_cycles
0,508678
page_index,time_cycles
0,423612
page_index,time_cycles
0,516290
page_index,time_cycles
0,563370
page_index,time_cycles
0,470402
page_index,time_cycles
0,434832
page_index,time_cycles
0,415876
page_index,time_cycles
0,465810
page_index,time_cycles
0,497798
page_index,time_cycles
0,480386
page_index,time_cycles
0,443588
page_index,time_cycles
0,441522
page_index,time_cycles
0,554842
page_index,time_cycles
0,472506
page_index,time_cycles
0,477774
page_index,time_cycles
0,444440
page_index,time_cycles
0,478336
page_index,time_cycles
0,520114
page_index,time_cycles
0,460842
page_index,time_cycles
0,430892
page_index,time_cycles
0,715952
page_index,time_cycles
0,574272
page_index,time_cycles
0,491406
page_index,time_cycles
0,514918
page_index,time_cycles
0,437914
page_index,time_cycles
0,440614
page_index,time_cycles
0,562354
page_index,time_cycles
0,485114
page_index,time_cycles
0,484650
page_index,time_cycles
0,420998
page_index,time_cycles
0,447530
page_index,time_cycles
0,436016
page_index,time_cycles
0,464028
page_index,time_cycles
0,426394
page_index,time_cycles
0,618838
page_index,time_cycles
0,514050
page_index,time_cycles
0,474576
page_index,time_cycles
0,489800
page_index,time_cycles
0,515028
page_index,time_cycles
0,490070
page_index,time_cycles
0,474678
page_index,time_cycles
0,421224
page_index,time_cycles
0,446670
page_index,time_cycles
0,545034
page_index,time_cycles
0,486318
page_index,time_cycles
0,471678
page_index,time_cycles
0,593048
page_index,time_cycles
0,427758
page_index,time_cycles
0,482792
page_index,time_cycles
0,538782
page_index,time_cycles
0,506166
page_index,time_cycles
0,475162
page_index,time_cycles
0,492708
page_index,time_cycles
0,494150
page_index,time_cycles
0,567474
page_index,time_cycles
0,434292
page_index,time_cycles
0,484244
page_index,time_cycles
0,553406
page_index,time_cycles
0,571726
page_index,time_cycles
0,469852
page_index,time_cycles
0,529396
page_index,time_cycles
0,479518
page_index,time_cycles
0,481318
page_index,time_cycles
0,456414
page_index,time_cycles
0,480390
page_index,time_cycles
0,429210
page_index,time_cycles
0,454844
page_index,time_cycles
0,497202
page_index,time_cycles
0,635034
page_index,time_cycles
0,570850
page_index,time_cycles
0,476248
page_index,time_cycles
0,428636
page_index,time_cycles
0,436758
page_index,time_cycles
0,439762
page_index,time_cycles
0,484100
page_index,time_cycles
0,494644
page_index,time_cycles
0,424256
page_index,time_cycles
0,502374
page_index,time_cycles
0,439690
page_index,time_cycles
0,476460
page_index,time_cycles
0,505220
page_index,time_cycles
0,448338
page_index,time_cycles
0,426188
page_index,time_cycles
0,490404
page_index,time_cycles
0,548530
page_index,time_cycles
0,444134
page_index,time_cycles
0,524594
page_index,time_cycles
0,495756
page_index,time_cycles
0,484408
page_index,time_cycles
0,497326
page_index,time_cycles
0,475256
page_index,time_cycles
0,473912
page_index,time_cycles
0,489264
page_index,time_cycles
0,470688
page_index,time_cycles
0,484872
page_index,time_cycles
0,428298
page_index,time_cycles
0,534898
page_index,time_cycles
0,518332
page_index,time_cycles
0,483122
page_index,time_cycles
0,483794
page_index,time_cycles
0,493698
page_index,time_cycles
0,476386
page_index,time_cycles
0,480032
page_index,time_cycles
0,448254
page_index,time_cycles
0,457522
page_index,time_cycles
0,453014
page_index,time_cycles
0,434048
page_index,time_cycles
0,499084
page_index,time_cycles
0,455866
page_index,time_cycles
0,421688
page_index,time_cycles
0,546450
page_index,time_cycles
0,481460
page_index,time_cycles
0,470648
page_index,time_cycles
0,484918
page_index,time_cycles
0,471554
page_index,time_cycles
0,479462
page_index,time_cycles
0,580182
page_index,time_cycles
0,469914
page_index,time_cycles
0,500264
page_index,time_cycles
0,494682
page_index,time_cycles
0,526988
page_index,time_cycles
0,636296
page_index,time_cycles
0,487346
page_index,time_cycles
0,470836
page_index,time_cycles
0,474044
page_index,time_cycles
0,446788
page_index,time_cycles
0,493658
page_index,time_cycles
0,421654
page_index,time_cycles
0,484680
page_index,time_cycles
0,504172
page_index,time_cycles
0,420182
page_index,time_cycles
0,449648
page_index,time_cycles
0,457708
page_index,time_cycles
0,439328
page_index,time_cycles
0,462492
page_index,time_cycles
0,478382
page_index,time_cycles
0,426452
page_index,time_cycles
0,503646
page_index,time_cycles
0,451478
page_index,time_cycles
0,546634
page_index,time_cycles
0,449534
page_index,time_cycles
0,463034
page_index,time_cycles
0,461534
page_index,time_cycles
0,478062
page_index,time_cycles
0,490912
page_index,time_cycles
0,423082
page_index,time_cycles
0,466258
page_index,time_cycles
0,416760
page_index,time_cycles
0,525230
page_index,time_cycles
0,464004
page_index,time_cycles
0,494686
page_index,time_cycles
0,523794
page_index,time_cycles
0,511468
page_index,time_cycles
0,507776
page_index,time_cycles
0,587326
page_index,time_cycles
0,566172
page_index,time_cycles
0,486892
page_index,time_cycles
0,422824
page_index,time_cycles
0,427558
page_index,time_cycles
0,496160
page_index,time_cycles
0,489666
page_index,time_cycles
0,423122
page_index,time_cycles
0,442422
page_index,time_cycles
0,516466
page_index,time_cycles
0,489028
page_index,time_cycles
0,425826
page_index,time_cycles
0,517736
page_index,time_cycles
0,428624
page_index,time_cycles
0,451116
page_index,time_cycles
0,526640
page_index,time_cycles
0,432978
page_index,time_cycles
0,582596
page_index,time_cycles
0,611134
page_index,time_cycles
0,429316
page_index,time_cycles
0,487696
page_index,time_cycles
0,486154
page_index,time_cycles
0,488620
page_index,time_cycles
0,487120
page_index,time_cycles
0,517596
page_index,time_cycles
0,564912
page_index,time_cycles
0,447176
page_index,time_cycles
0,476092
page_index,time_cycles
0,505372
page_index,time_cycles
0,485982
page_index,time_cycles
0,556108
page_index,time_cycles
0,474276
page_index,time_cycles
0,491808
page_index,time_cycles
0,444158
page_index,time_cycles
0,506988
page_index,time_cycles
0,427334
page_index,time_cycles
0,421324
page_index,time_cycles
0,472940
page_index,time_cycles
0,483070
page_index,time_cycles
0,449850
page_index,time_cycles
0,429450
page_index,time_cycles
0,470626
page_index,time_cycles
0,481552
page_index,time_cycles
0,510584
page_index,time_cycles
0,490600
page_index,time_cycles
0,630074
page_index,time_cycles
0,422652
page_index,time_cycles
0,450028
page_index,time_cycles
0,437452
page_index,time_cycles
0,448070
page_index,time_cycles
0,508378
page_index,time_cycles
0,436894
page_index,time_cycles
0,501588
page_index,time_cycles
0,462054
page_index,time_cycles
0,471178
page_index,time_cycles
0,431212
page_index,time_cycles
0,468486
page_index,time_cycles
0,589798
page_index,time_cycles
0,434080
page_index,time_cycles
0,442442
page_index,time_cycles
0,472138
page_index,time_cycles
0,418628
page_index,time_cycles
0,492942
page_index,time_cycles
0,425430
page_index,time_cycles
0,431036
page_index,time_cycles
0,433502
page_index,time_cycles
0,554430
page_index,time_cycles
0,490562
page_index,time_cycles
0,440522
page_index,time_cycles
0,424032
page_index,time_cycles
0,502814
page_index,time_cycles
0,493004
page_index,time_cycles
0,532812
page_index,time_cycles
0,446202
page_index,time_cycles
0,521696
page_index,time_cycles
0,494948
page_index,time_cycles
0,457374
page_index,time_cycles
0,485302
page_index,time_cycles
0,488114
page_index,time_cycles
0,433682
page_index,time_cycles
0,423616
page_index,time_cycles
0,528102
page_index,time_cycles
0,430896
page_index,time_cycles
0,566748
page_index,time_cycles
0,573710
page_index,time_cycles
0,485506
page_index,time_cycles
0,503314
page_index,time_cycles
0,508044
page_index,time_cycles
0,516424
page_index,time_cycles
0,486100
page_index,time_cycles
0,455400
page_index,time_cycles
0,520098
page_index,time_cycles
0,478666
page_index,time_cycles
0,615832
page_index,time_cycles
0,472486
page_index,time_cycles
0,424812
page_index,time_cycles
0,488028
page_index,time_cycles
0,441422
page_index,time_cycles
0,481628
page_index,time_cycles
0,614300
page_index,time_cycles
0,436306
page_index,time_cycles
0,495192
page_index,time_cycles
0,508774
page_index,time_cycles
0,484942
page_index,time_cycles
0,472306
page_index,time_cycles
0,509080
page_index,time_cycles
0,520334
page_index,time_cycles
0,425812
page_index,time_cycles
0,489196
page_index,time_cycles
0,467728
page_index,time_cycles
0,444286
page_index,time_cycles
0,489978
page_index,time_cycles
0,440862
page_index,time_cycles
0,590408
page_index,time_cycles
0,482320
page_index,time_cycles
0,438786
page_index,time_cycles
0,416706
page_index,time_cycles
0,520010
page_index,time_cycles
0,486612
page_index,time_cycles
0,482782
page_index,time_cycles
0,493644
page_index,time_cycles
0,459850
page_index,time_cycles
0,486822
page_index,time_cycles
0,444006
page_index,time_cycles
0,496174
page_index,time_cycles
0,489250
page_index,time_cycles
0,479944
page_index,time_cycles
0,476322
page_index,time_cycles
0,464850
page_index,time_cycles
0,485302
page_index,time_cycles
0,422204
page_index,time_cycles
0,446228
page_index,time_cycles
0,455068
page_index,time_cycles
0,498468
page_index,time_cycles
0,488362
page_index,time_cycles
0,496850
page_index,time_cycles
0,436080
page_index,time_cycles
0,449510
page_index,time_cycles
0,425512
page_index,time_cycles
0,484528
page_index,time_cycles
0,423176
page_index,time_cycles
0,601142
page_index,time_cycles
0,547770
page_index,time_cycles
0,643438
page_index,time_cycles
0,474310
page_index,time_cycles
0,486194
page_index,time_cycles
0,443536
page_index,time_cycles
0,496640
page_index,time_cycles
0,480568
page_index,time_cycles
0,487062
page_index,time_cycles
0,487754
page_index,time_cycles
0,546488
page_index,time_cycles
0,436392
page_index,time_cycles
0,591114
page_index,time_cycles
0,452616
page_index,time_cycles
0,435488
page_index,time_cycles
0,434370
page_index,time_cycles
0,421728
page_index,time_cycles
0,477354
page_index,time_cycles
0,505136
page_index,time_cycles
0,506302
page_index,time_cycles
0,457532
page_index,time_cycles
0,447120
page_index,time_cycles
0,552384
page_index,time_cycles
0,489490
page_index,time_cycles
0,472684
page_index,time_cycles
0,483022
page_index,time_cycles
0,465326
page_index,time_cycles
0,431356
page_index,time_cycles
0,514682
page_index,time_cycles
0,537000
page_index,time_cycles
0,451116
page_index,time_cycles
0,669614
page_index,time_cycles
0,493370
page_index,time_cycles
0,539390
page_index,time_cycles
0,465832
page_index,time_cycles
0,426824
page_index,time_cycles
0,570464
page_index,time_cycles
0,476802
page_index,time_cycles
0,467176
page_index,time_cycles
0,492794
page_index,time_cycles
0,562786
page_index,time_cycles
0,470928
page_index,time_cycles
0,469760
page_index,time_cycles
0,486846
page_index,time_cycles
0,552286
page_index,time_cycles
0,436762
page_index,time_cycles
0,562352
page_index,time_cycles
0,503180
page_index,time_cycles
0,507182
page_index,time_cycles
0,442062
page_index,time_cycles
0,469118
page_index,time_cycles
0,517100
page_index,time_cycles
0,529534
page_index,time_cycles
0,598996
page_index,time_cycles
0,491000
page_index,time_cycles
0,419338
page_index,time_cycles
0,481504
page_index,time_cycles
0,482546
page_index,time_cycles
0,491130
page_index,time_cycles
0,437590
page_index,time_cycles
0,592870
page_index,time_cycles
0,436066
page_index,time_cycles
0,486096
page_index,time_cycles
0,426612
page_index,time_cycles
0,491312
page_index,time_cycles
0,488316
page_index,time_cycles
0,481102
page_index,time_cycles
0,473568
page_index,time_cycles
0,449160
page_index,time_cycles
0,486384
page_index,time_cycles
0,538522
page_index,time_cycles
0,424516
page_index,time_cycles
0,460700
page_index,time_cycles
0,1971846
page_index,time_cycles
0,484096
page_index,time_cycles
0,472330
page_index,time_cycles
0,497234
page_index,time_cycles
0,551286
page_index,time_cycles
0,482066
page_index,time_cycles
0,490458
page_index,time_cycles
0,488552
page_index,time_cycles
0,573608
page_index,time_cycles
0,424330
page_index,time_cycles
0,472322
page_index,time_cycles
0,485188
page_index,time_cycles
0,469486
page_index,time_cycles
0,450934
page_index,time_cycles
0,490054
page_index,time_cycles
0,545706
page_index,time_cycles
0,427274
page_index,time_cycles
0,488474
page_index,time_cycles
0,533038
page_index,time_cycles
0,481946
page_index,time_cycles
0,575734
page_index,time_cycles
0,414386
page_index,time_cycles
0,481528
page_index,time_cycles
0,500992
page_index,time_cycles
0,558372
page_index,time_cycles
0,503350
page_index,time_cycles
0,511088
page_index,time_cycles
0,471278
page_index,time_cycles
0,491850
page_index,time_cycles
0,492492
page_index,time_cycles
0,474600
page_index,time_cycles
0,482384
page_index,time_cycles
0,424920
page_index,time_cycles
0,485050
page_index,time_cycles
0,426982
page_index,time_cycles
0,473624
page_index,time_cycles
0,454772
page_index,time_cycles
0,489588
page_index,time_cycles
0,419720
page_index,time_cycles
0,497598
page_index,time_cycles
0,437828
page_index,time_cycles
0,531716
page_index,time_cycles
0,461734
page_index,time_cycles
0,448078
page_index,time_cycles
0,434802
page_index,time_cycles
0,500682
page_index,time_cycles
0,494168
page_index,time_cycles
0,499110
page_index,time_cycles
0,429708
page_index,time_cycles
0,448570
page_index,time_cycles
0,488500
page_index,time_cycles
0,482052
page_index,time_cycles
0,421010
page_index,time_cycles
0,495454
page_index,time_cycles
0,485544
page_index,time_cycles
0,458042
page_index,time_cycles
0,491802
page_index,time_cycles
0,584958
page_index,time_cycles
0,495738
page_index,time_cycles
0,430164
page_index,time_cycles
0,486700
page_index,time_cycles
0,541680
page_index,time_cycles
0,457656
page_index,time_cycles
0,486834
page_index,time_cycles
0,476340
page_index,time_cycles
0,437692
page_index,time_cycles
0,483804
page_index,time_cycles
0,417838
page_index,time_cycles
0,574994
page_index,time_cycles
0,472202
page_index,time_cycles
0,525478
page_index,time_cycles
0,437058
page_index,time_cycles
0,429744
page_index,time_cycles
0,452464
page_index,time_cycles
0,470838
page_index,time_cycles
0,458968
page_index,time_cycles
0,522342
page_index,time_cycles
0,456696
page_index,time_cycles
0,470158
page_index,time_cycles
0,458224
page_index,time_cycles
0,427086
page_index,time_cycles
0,547776
page_index,time_cycles
0,487484
page_index,time_cycles
0,568866
page_index,time_cycles
0,464382
page_index,time_cycles
0,480998
page_index,time_cycles
0,509026
page_index,time_cycles
0,489300
page_index,time_cycles
0,417324
page_index,time_cycles
0,484638
page_index,time_cycles
0,482812
page_index,time_cycles
0,498794
page_index,time_cycles
0,562476
page_index,time_cycles
0,488728
page_index,time_cycles
0,432386
page_index,time_cycles
0,576890
page_index,time_cycles
0,494750
page_index,time_cycles
0,476456
page_index,time_cycles
0,478552
page_index,time_cycles
0,555928
page_index,time_cycles
0,483022
page_index,time_cycles
0,500312
page_index,time_cycles
0,573652
page_index,time_cycles
0,429080
page_index,time_cycles
0,438768
page_index,time_cycles
0,460364
page_index,time_cycles
0,441722
page_index,time_cycles
0,431358
page_index,time_cycles
0,434674
page_index,time_cycles
0,482430
page_index,time_cycles
0,450320
page_index,time_cycles
0,477434
page_index,time_cycles
0,550622
page_index,time_cycles
0,496636
page_index,time_cycles
0,475066
page_index,time_cycles
0,493494
page_index,time_cycles
0,519378
page_index,time_cycles
0,563532
page_index,time_cycles
0,564352
page_index,time_cycles
0,456088
page_index,time_cycles
0,512752
page_index,time_cycles
0,527050
page_index,time_cycles
0,462996
page_index,time_cycles
0,436032
page_index,time_cycles
0,478956
page_index,time_cycles
0,489726
page_index,time_cycles
0,480602
page_index,time_cycles
0,483714
page_index,time_cycles
0,740362
page_index,time_cycles
0,489292
page_index,time_cycles
0,424154
page_index,time_cycles
0,477412
page_index,time_cycles
0,486760
page_index,time_cycles
0,481970
page_index,time_cycles
0,467374
page_index,time_cycles
0,498580
page_index,time_cycles
0,424026
page_index,time_cycles
0,418404
page_index,time_cycles
0,458164
page_index,time_cycles
0,505104
page_index,time_cycles
0,464050
page_index,time_cycles
0,543398
page_index,time_cycles
0,509856
page_index,time_cycles
0,539526
page_index,time_cycles
0,481004
page_index,time_cycles
0,469930
page_index,time_cycles
0,484214
page_index,time_cycles
0,486340
page_index,time_cycles
0,441340
page_index,time_cycles
0,619018
page_index,time_cycles
0,510510
page_index,time_cycles
0,503866
page_index,time_cycles
0,482488
page_index,time_cycles
0,488380
page_index,time_cycles
0,540950
page_index,time_cycles
0,479334
page_index,time_cycles
0,461152
page_index,time_cycles
0,544480
page_index,time_cycles
0,488978
page_index,time_cycles
0,485414
page_index,time_cycles
0,513556
page_index,time_cycles
0,549722
page_index,time_cycles
0,440452
page_index,time_cycles
0,484602
page_index,time_cycles
0,474444
page_index,time_cycles
0,438032
page_index,time_cycles
0,558100
page_index,time_cycles
0,422880
page_index,time_cycles
0,453526
page_index,time_cycles
0,425904
page_index,time_cycles
0,499508
page_index,time_cycles
0,476798
page_index,time_cycles
0,466010
page_index,time_cycles
0,494560
page_index,time_cycles
0,470624
page_index,time_cycles
0,426790
page_index,time_cycles
0,458354
page_index,time_cycles
0,476742
page_index,time_cycles
0,480764
page_index,time_cycles
0,422560
page_index,time_cycles
0,476568
page_index,time_cycles
0,445272
page_index,time_cycles
0,462360
page_index,time_cycles
0,475206
page_index,time_cycles
0,480688
page_index,time_cycles
0,435334
page_index,time_cycles
0,491916
page_index,time_cycles
0,445966
page_index,time_cycles
0,443074
page_index,time_cycles
0,493824
page_index,time_cycles
0,505240
page_index,time_cycles
0,484800
page_index,time_cycles
0,477370
page_index,time_cycles
0,464362
page_index,time_cycles
0,483858
page_index,time_cycles
0,439838
page_index,time_cycles
0,467444
page_index,time_cycles
0,419332
page_index,time_cycles
0,487128
page_index,time_cycles
0,503846
page_index,time_cycles
0,594612
page_index,time_cycles
0,489404
page_index,time_cycles
0,448056
page_index,time_cycles
0,483412
page_index,time_cycles
0,459412
page_index,time_cycles
0,434532
page_index,time_cycles
0,466090
page_index,time_cycles
0,460370
page_index,time_cycles
0,496412
page_index,time_cycles
0,433594
page_index,time_cycles
0,471432
page_index,time_cycles
0,485442
page_index,time_cycles
0,442680
page_index,time_cycles
0,489586
page_index,time_cycles
0,472976
page_index,time_cycles
0,480102
page_index,time_cycles
0,508870
page_index,time_cycles
0,510616
page_index,time_cycles
0,491820
page_index,time_cycles
0,525392
page_index,time_cycles
0,429138
page_index,time_cycles
0,432848
page_index,time_cycles
0,435984
page_index,time_cycles
0,499262
page_index,time_cycles
0,544576
page_index,time_cycles
0,555688
page_index,time_cycles
0,591136
page_index,time_cycles
0,513932
page_index,time_cycles
0,503442
page_index,time_cycles
0,428790
page_index,time_cycles
0,483132
page_index,time_cycles
0,529542
page_index,time_cycles
0,459598
page_index,time_cycles
0,636314
page_index,time_cycles
0,486726
page_index,time_cycles
0,537410
page_index,time_cycles
0,490232
page_index,time_cycles
0,496972
page_index,time_cycles
0,517772
page_index,time_cycles
0,477520
page_index,time_cycles
0,418274
page_index,time_cycles
0,504504
page_index,time_cycles
0,539290
page_index,time_cycles
0,431100
page_index,time_cycles
0,515808
page_index,time_cycles
0,494046
page_index,time_cycles
0,472296
page_index,time_cycles
0,508318
page_index,time_cycles
0,470814
page_index,time_cycles
0,477106
page_index,time_cycles
0,452820
page_index,time_cycles
0,491802
page_index,time_cycles
0,460226
page_index,time_cycles
0,426604
page_index,time_cycles
0,438944
page_index,time_cycles
0,475972
page_index,time_cycles
0,477980
page_index,time_cycles
0,482294
page_index,time_cycles
0,479716
page_index,time_cycles
0,546064
page_index,time_cycles
0,484816
page_index,time_cycles
0,493460
page_index,time_cycles
0,580596
page_index,time_cycles
0,496526
page_index,time_cycles
0,600340
page_index,time_cycles
0,505244
page_index,time_cycles
0,426770
page_index,time_cycles
0,486546
page_index,time_cycles
0,419034
page_index,time_cycles
0,480536
page_index,time_cycles
0,424136
page_index,time_cycles
0,439554
page_index,time_cycles
0,498628
page_index,time_cycles
0,493412
page_index,time_cycles
0,459876
page_index,time_cycles
0,491644
page_index,time_cycles
0,488444
page_index,time_cycles
0,486276
page_index,time_cycles
0,441758
page_index,time_cycles
0,533578
page_index,time_cycles
0,556252
page_index,time_cycles
0,491832
page_index,time_cycles
0,425216
page_index,time_cycles
0,486818
page_index,time_cycles
0,548002
page_index,time_cycles
0,471822
page_index,time_cycles
0,461996
page_index,time_cycles
0,482198
page_index,time_cycles
0,490270
page_index,time_cycles
0,478010
page_index,time_cycles
0,478864
page_index,time_cycles
0,463242
page_index,time_cycles
0,473916
page_index,time_cycles
0,454288
page_index,time_cycles
0,564032
page_index,time_cycles
0,443150
page_index,time_cycles
0,470266
page_index,time_cycles
0,477550
page_index,time_cycles
0,526970
page_index,time_cycles
0,423190
page_index,time_cycles
0,480822
page_index,time_cycles
0,506456
page_index,time_cycles
0,504522
page_index,time_cycles
0,482916
page_index,time_cycles
0,460228
page_index,time_cycles
0,497422
page_index,time_cycles
0,443610
page_index,time_cycles
0,631982
page_index,time_cycles
0,436938
page_index,time_cycles
0,535408
page_index,time_cycles
0,461898
page_index,time_cycles
0,427462
page_index,time_cycles
0,445018
page_index,time_cycles
0,501520
page_index,time_cycles
0,561244
page_index,time_cycles
0,505156
page_index,time_cycles
0,495206
page_index,time_cycles
0,515522
page_index,time_cycles
0,455908
page_index,time_cycles
0,467426
page_index,time_cycles
0,524700
page_index,time_cycles
0,443148
page_index,time_cycles
0,486724
page_index,time_cycles
0,487686
page_index,time_cycles
0,428820
page_index,time_cycles
0,553548
page_index,time_cycles
0,467826
page_index,time_cycles
0,555916
page_index,time_cycles
0,489600
page_index,time_cycles
0,509516
page_index,time_cycles
0,460254
page_index,time_cycles
0,482216
page_index,time_cycles
0,438450
page_index,time_cycles
0,473712
page_index,time_cycles
0,437352
page_index,time_cycles
0,478184
page_index,time_cycles
0,482056
page_index,time_cycles
0,475004
page_index,time_cycles
0,505662
page_index,time_cycles
0,462018
page_index,time_cycles
0,474558
page_index,time_cycles
0,455740
page_index,time_cycles
0,533100
page_index,time_cycles
0,476944
page_index,time_cycles
0,478232
page_index,time_cycles
0,438888
page_index,time_cycles
0,440558
page_index,time_cycles
0,541508
page_index,time_cycles
0,492768
page_index,time_cycles
0,471020
page_index,time_cycles
0,480124
page_index,time_cycles
0,505666
page_index,time_cycles
0,473274
page_index,time_cycles
0,491778
page_index,time_cycles
0,442196
page_index,time_cycles
0,473816
page_index,time_cycles
0,481340
page_index,time_cycles
0,426782
page_index,time_cycles
0,429962
page_index,time_cycles
0,484562
page_index,time_cycles
0,556818
page_index,time_cycles
0,448624
page_index,time_cycles
0,482688
page_index,time_cycles
0,433974
page_index,time_cycles
0,499852
page_index,time_cycles
0,551924
page_index,time_cycles
0,469146
page_index,time_cycles
0,563124
page_index,time_cycles
0,442604
page_index,time_cycles
0,506464
page_index,time_cycles
0,479724
page_index,time_cycles
0,450978
page_index,time_cycles
0,446608
page_index,time_cycles
0,438352
page_index,time_cycles
0,630332
page_index,time_cycles
0,462490
page_index,time_cycles
0,471184
page_index,time_cycles
0,457094
page_index,time_cycles
0,488664
page_index,time_cycles
0,573732
page_index,time_cycles
0,498276
page_index,time_cycles
0,425166
page_index,time_cycles
0,453788
page_index,time_cycles
0,542070
page_index,time_cycles
0,511616
page_index,time_cycles
0,488788
page_index,time_cycles
0,496006
page_index,time_cycles
0,495942
page_index,time_cycles
0,476896
page_index,time_cycles
0,477484
page_index,time_cycles
0,429558
page_index,time_cycles
0,469566
page_index,time_cycles
0,472874
page_index,time_cycles
0,465358
page_index,time_cycles
0,518308
page_index,time_cycles
0,474518
page_index,time_cycles
0,563118
page_index,time_cycles
0,493726
page_index,time_cycles
0,459074
page_index,time_cycles
0,527316
page_index,time_cycles
0,470012
page_index,time_cycles
0,476666
page_index,time_cycles
0,483064
page_index,time_cycles
0,491158
page_index,time_cycles
0,482770
page_index,time_cycles
0,479336
page_index,time_cycles
0,489048
page_index,time_cycles
0,424432
page_index,time_cycles
0,439396
page_index,time_cycles
0,422808
page_index,time_cycles
0,470172
page_index,time_cycles
0,469060
page_index,time_cycles
0,482072
page_index,time_cycles
0,441794
page_index,time_cycles
0,531926
page_index,time_cycles
0,438668
page_index,time_cycles
0,475088
page_index,time_cycles
0,446526
page_index,time_cycles
0,457470
page_index,time_cycles
0,450420
page_index,time_cycles
0,494824
page_index,time_cycles
0,441302
page_index,time_cycles
0,483258
page_index,time_cycles
0,489654
page_index,time_cycles
0,493442
page_index,time_cycles
0,496824
page_index,time_cycles
0,465632
page_index,time_cycles
0,484922
page_index,time_cycles
0,475160
page_index,time_cycles
0,481168
page_index,time_cycles
0,418356
page_index,time_cycles
0,478546
page_index,time_cycles
0,428478
page_index,time_cycles
0,437128
page_index,time_cycles
0,479358
page_index,time_cycles
0,443434
page_index,time_cycles
0,472540
page_index,time_cycles
0,423390
page_index,time_cycles
0,488232
page_index,time_cycles
0,438628
page_index,time_cycles
0,573906
page_index,time_cycles
0,483336
page_index,time_cycles
0,454382
page_index,time_cycles
0,424524
page_index,time_cycles
0,444688
page_index,time_cycles
0,447790
page_index,time_cycles
0,467556
page_index,time_cycles
0,484534
page_index,time_cycles
0,509990
page_index,time_cycles
0,476284
page_index,time_cycles
0,474124
page_index,time_cycles
0,493762
page_index,time_cycles
0,579372
page_index,time_cycles
0,474818
page_index,time_cycles
0,476244
page_index,time_cycles
0,591564
page_index,time_cycles
0,419768
page_index,time_cycles
0,427446
page_index,time_cycles
0,433312
page_index,time_cycles
0,484546
page_index,time_cycles
0,500250
page_index,time_cycles
0,424424
page_index,time_cycles
0,446934
page_index,time_cycles
0,569338
page_index,time_cycles
0,430516
page_index,time_cycles
0,482940
page_index,time_cycles
0,572648
page_index,time_cycles
0,511928
page_index,time_cycles
0,475230
page_index,time_cycles
0,454786
page_index,time_cycles
0,633306
page_index,time_cycles
0,499540
page_index,time_cycles
0,475728
page_index,time_cycles
0,420914
page_index,time_cycles
0,523802
page_index,time_cycles
0,444948
page_index,time_cycles
0,487750
page_index,time_cycles
0,483694
page_index,time_cycles
0,439944
page_index,time_cycles
0,431138
page_index,time_cycles
0,426972
page_index,time_cycles
0,439364
page_index,time_cycles
0,470036
page_index,time_cycles
0,436808
page_index,time_cycles
0,510652
page_index,time_cycles
0,446572
page_index,time_cycles
0,483120
page_index,time_cycles
0,487086
page_index,time_cycles
0,436500
page_index,time_cycles
0,506064
page_index,time_cycles
0,446426
page_index,time_cycles
0,431480
page_index,time_cycles
0,434754
page_index,time_cycles
0,459238
page_index,time_cycles
0,452690
page_index,time_cycles
0,455626
page_index,time_cycles
0,470572
page_index,time_cycles
0,645102
page_index,time_cycles
0,469654
page_index,time_cycles
0,444622
page_index,time_cycles
0,427802
page_index,time_cycles
0,503724
page_index,time_cycles
0,585510
page_index,time_cycles
0,427594
page_index,time_cycles
0,478156
page_index,time_cycles
0,507860
page_index,time_cycles
0,492432
page_index,time_cycles
0,467442
page_index,time_cycles
0,485220
page_index,time_cycles
0,507482
page_index,time_cycles
0,464786
page_index,time_cycles
0,588720
page_index,time_cycles
0,489868
page_index,time_cycles
0,495270
page_index,time_cycles
0,582270
page_index,time_cycles
0,426498
page_index,time_cycles
0,440808
page_index,time_cycles
0,435336
page_index,time_cycles
0,507472
page_index,time_cycles
0,460184
page_index,time_cycles
0,419698
page_index,time_cycles
0,445152
page_index,time_cycles
0,430986
page_index,time_cycles
0,629332
page_index,time_cycles
0,432204
page_index,time_cycles
0,489094
page_index,time_cycles
0,509164
page_index,time_cycles
0,440692
page_index,time_cycles
0,460398
page_index,time_cycles
0,441260
page_index,time_cycles
0,599180
page_index,time_cycles
0,478108
page_index,time_cycles
0,472342
page_index,time_cycles
0,514068
page_index,time_cycles
0,480902
page_index,time_cycles
0,442444
page_index,time_cycles
0,553386
page_index,time_cycles
0,492646
page_index,time_cycles
0,468178
page_index,time_cycles
0,443056
page_index,time_cycles
0,455340
page_index,time_cycles
0,560234
page_index,time_cycles
0,491716
page_index,time_cycles
0,495088
page_index,time_cycles
0,441784
page_index,time_cycles
0,488460
page_index,time_cycles
0,430668
page_index,time_cycles
0,435130
page_index,time_cycles
0,473958
page_index,time_cycles
0,438128
page_index,time_cycles
0,476592
page_index,time_cycles
0,525220
page_index,time_cycles
0,566192
page_index,time_cycles
0,487232
page_index,time_cycles
0,452262
page_index,time_cycles
0,477142
page_index,time_cycles
0,493794
page_index,time_cycles
0,441660
page_index,time_cycles
0,480514
page_index,time_cycles
0,474374
page_index,time_cycles
0,470206
page_index,time_cycles
0,457796
page_index,time_cycles
0,490698
page_index,time_cycles
0,448984
page_index,time_cycles
0,561642
page_index,time_cycles
0,586154
page_index,time_cycles
0,487900
page_index,time_cycles
0,484290
page_index,time_cycles
0,543018
page_index,time_cycles
0,494756
page_index,time_cycles
0,492334
page_index,time_cycles
0,479058
page_index,time_cycles
0,455014
page_index,time_cycles
0,476184
page_index,time_cycles
0,423686
page_index,time_cycles
0,448090
page_index,time_cycles
0,437070
page_index,time_cycles
0,650030
page_index,time_cycles
0,437180
page_index,time_cycles
0,497190
page_index,time_cycles
0,424510
page_index,time_cycles
0,684738
page_index,time_cycles
0,485200
page_index,time_cycles
0,538936
page_index,time_cycles
0,488840
page_index,time_cycles
0,451382
page_index,time_cycles
0,430870
page_index,time_cycles
0,441734
page_index,time_cycles
0,483922
page_index,time_cycles
0,441826
page_index,time_cycles
0,491118
page_index,time_cycles
0,443830
page_index,time_cycles
0,484392
page_index,time_cycles
0,477202
page_index,time_cycles
0,518000
page_index,time_cycles
0,429202
page_index,time_cycles
0,431066
page_index,time_cycles
0,545636
page_index,time_cycles
0,422762
page_index,time_cycles
0,488424
page_index,time_cycles
0,515302
page_index,time_cycles
0,487924
page_index,time_cycles
0,589880
page_index,time_cycles
0,483702
page_index,time_cycles
0,493710
page_index,time_cycles
0,478594
page_index,time_cycles
0,466206
page_index,time_cycles
0,477136
page_index,time_cycles
0,484812
page_index,time_cycles
0,482454
page_index,time_cycles
0,419194
page_index,time_cycles
0,576884
page_index,time_cycles
0,482682
page_index,time_cycles
0,463334
page_index,time_cycles
0,483150
page_index,time_cycles
0,487294
page_index,time_cycles
0,508070
page_index,time_cycles
0,490376
page_index,time_cycles
0,481884
page_index,time_cycles
0,469828
page_index,time_cycles
0,487674
page_index,time_cycles
0,424354
page_index,time_cycles
0,470844
page_index,time_cycles
0,441178
page_index,time_cycles
0,422916
page_index,time_cycles
0,495642
page_index,time_cycles
0,482446
page_index,time_cycles
0,541768
page_index,time_cycles
0,449982
page_index,time_cycles
0,489886
page_index,time_cycles
0,503090
page_index,time_cycles
0,481536
page_index,time_cycles
0,471968
page_index,time_cycles
0,564602
page_index,time_cycles
0,435014
page_index,time_cycles
0,421972
page_index,time_cycles
0,483566
page_index,time_cycles
0,682230
page_index,time_cycles
0,478570
page_index,time_cycles
0,481992
page_index,time_cycles
0,466680
page_index,time_cycles
0,482546
page_index,time_cycles
0,486310
page_index,time_cycles
0,533774
page_index,time_cycles
0,490514
page_index,time_cycles
0,538486
page_index,time_cycles
0,425014
page_index,time_cycles
0,470648
page_index,time_cycles
0,489278
page_index,time_cycles
0,424620
page_index,time_cycles
0,450874
page_index,time_cycles
0,427220
page_index,time_cycles
0,498252
page_index,time_cycles
0,656464
page_index,time_cycles
0,498536
page_index,time_cycles
0,460302
page_index,time_cycles
0,494236
page_index,time_cycles
0,421796
page_index,time_cycles
0,461626
page_index,time_cycles
0,469486
page_index,time_cycles
0,424268
page_index,time_cycles
0,481926
page_index,time_cycles
0,472342
page_index,time_cycles
0,492498
page_index,time_cycles
0,595874
page_index,time_cycles
0,478532
page_index,time_cycles
0,464790
page_index,time_cycles
0,737838
page_index,time_cycles
0,600022
page_index,time_cycles
0,484306
page_index,time_cycles
0,491786
page_index,time_cycles
0,427554
page_index,time_cycles
0,483034
page_index,time_cycles
0,482876
page_index,time_cycles
0,461532
page_index,time_cycles
0,483694
page_index,time_cycles
0,510788
page_index,time_cycles
0,563474
page_index,time_cycles
0,459312
page_index,time_cycles
0,483454
page_index,time_cycles
0,473850
page_index,time_cycles
0,418212
page_index,time_cycles
0,495170
page_index,time_cycles
0,567342
page_index,time_cycles
0,497192
page_index,time_cycles
0,637328
page_index,time_cycles
0,459546
page_index,time_cycles
0,481036
page_index,time_cycles
0,487220
page_index,time_cycles
0,470890
page_index,time_cycles
0,439124
page_index,time_cycles
0,461982
page_index,time_cycles
0,650542
page_index,time_cycles
0,495756
page_index,time_cycles
0,559150
page_index,time_cycles
0,466214
page_index,time_cycles
0,485344
page_index,time_cycles
0,464270
page_index,time_cycles
0,483802
page_index,time_cycles
0,435898
page_index,time_cycles
0,519744
page_index,time_cycles
0,480402
page_index,time_cycles
0,474690
page_index,time_cycles
0,440538
page_index,time_cycles
0,491880
page_index,time_cycles
0,471292
page_index,time_cycles
0,490914
page_index,time_cycles
0,471118
page_index,time_cycles
0,479396
page_index,time_cycles
0,485478
page_index,time_cycles
0,547722
page_index,time_cycles
0,461950
page_index,time_cycles
0,463862
page_index,time_cycles
0,478764
page_index,time_cycles
0,487072
page_index,time_cycles
0,555166
page_index,time_cycles
0,460288
page_index,time_cycles
0,548684
page_index,time_cycles
0,484572
page_index,time_cycles
0,549008
page_index,time_cycles
0,476700
page_index,time_cycles
0,424590
page_index,time_cycles
0,461514
page_index,time_cycles
0,578900
page_index,time_cycles
0,463782
page_index,time_cycles
0,463418
page_index,time_cycles
0,774486
page_index,time_cycles
0,479602
page_index,time_cycles
0,490764
page_index,time_cycles
0,480336
page_index,time_cycles
0,549046
page_index,time_cycles
0,492900
page_index,time_cycles
0,441878
page_index,time_cycles
0,455280
page_index,time_cycles
0,434290
page_index,time_cycles
0,471514
page_index,time_cycles
0,564828
page_index,time_cycles
0,424886
page_index,time_cycles
0,431620
page_index,time_cycles
0,534758
page_index,time_cycles
0,529038
page_index,time_cycles
0,467052
page_index,time_cycles
0,424836
page_index,time_cycles
0,470054
page_index,time_cycles
0,552270
page_index,time_cycles
0,422430
page_index,time_cycles
0,421376
page_index,time_cycles
0,463126
page_index,time_cycles
0,475762
page_index,time_cycles
0,468920
page_index,time_cycles
0,468964
page_index,time_cycles
0,588030
page_index,time_cycles
0,482106
page_index,time_cycles
0,442466
page_index,time_cycles
0,437528
page_index,time_cycles
0,559230
page_index,time_cycles
0,473476
page_index,time_cycles
0,448948
page_index,time_cycles
0,419094
page_index,time_cycles
0,457962
page_index,time_cycles
0,490996
page_index,time_cycles
0,558292
page_index,time_cycles
0,459854
page_index,time_cycles
0,481952
page_index,time_cycles
0,466738
page_index,time_cycles
0,498956
page_index,time_cycles
0,482858
page_index,time_cycles
0,493516
page_index,time_cycles
0,456418
page_index,time_cycles
0,428218
page_index,time_cycles
0,544334
page_index,time_cycles
0,487872
page_index,time_cycles
0,423674
page_index,time_cycles
0,431756
page_index,time_cycles
0,504314
page_index,time_cycles
0,555534
page_index,time_cycles
0,482032
page_index,time_cycles
0,489244
page_index,time_cycles
0,436442
page_index,time_cycles
0,454280
page_index,time_cycles
0,443020
page_index,time_cycles
0,498416
page_index,time_cycles
0,429744
page_index,time_cycles
0,561030
page_index,time_cycles
0,419580
page_index,time_cycles
0,461960
page_index,time_cycles
0,491636
page_index,time_cycles
0,497908
page_index,time_cycles
0,494610
page_index,time_cycles
0,501494
page_index,time_cycles
0,498716
page_index,time_cycles
0,484568
page_index,time_cycles
0,440158
page_index,time_cycles
0,506630
page_index,time_cycles
0,436588
page_index,time_cycles
0,483206
page_index,time_cycles
0,420564
page_index,time_cycles
0,488100
page_index,time_cycles
0,594434
page_index,time_cycles
0,540158
page_index,time_cycles
0,451094
page_index,time_cycles
0,499182
page_index,time_cycles
0,542790
page_index,time_cycles
0,459804
page_index,time_cycles
0,476274
page_index,time_cycles
0,429720
page_index,time_cycles
0,500692
page_index,time_cycles
0,485076
page_index,time_cycles
0,497306
page_index,time_cycles
0,433690
page_index,time_cycles
0,466374
page_index,time_cycles
0,500024
page_index,time_cycles
0,499788
page_index,time_cycles
0,494886
page_index,time_cycles
0,580024
page_index,time_cycles
0,432582
page_index,time_cycles
0,448158
page_index,time_cycles
0,500478
page_index,time_cycles
0,488820
page_index,time_cycles
0,492822
page_index,time_cycles
0,487596
page_index,time_cycles
0,477766
page_index,time_cycles
0,474298
page_index,time_cycles
0,550920
page_index,time_cycles
0,463358
page_index,time_cycles
0,471140
page_index,time_cycles
0,472708
page_index,time_cycles
0,497448
page_index,time_cycles
0,505256
page_index,time_cycles
0,593996
page_index,time_cycles
0,478226
page_index,time_cycles
0,559822
page_index,time_cycles
0,472170
page_index,time_cycles
0,494550
page_index,time_cycles
0,422398
page_index,time_cycles
0,489196
page_index,time_cycles
0,426736
page_index,time_cycles
0,496746
page_index,time_cycles
0,467774
page_index,time_cycles
0,490652
page_index,time_cycles
0,482394
page_index,time_cycles
0,498052
page_index,time_cycles
0,480902
page_index,time_cycles
0,511986
page_index,time_cycles
0,473166
page_index,time_cycles
0,496358
page_index,time_cycles
0,477476
page_index,time_cycles
0,496938
page_index,time_cycles
0,498794
page_index,time_cycles
0,454886
page_index,time_cycles
0,483794
page_index,time_cycles
0,419376
page_index,time_cycles
0,481664
page_index,time_cycles
0,483148
page_index,time_cycles
0,440380
page_index,time_cycles
0,456434
page_index,time_cycles
0,471180
page_index,time_cycles
0,475590
page_index,time_cycles
0,459972
page_index,time_cycles
0,435316
page_index,time_cycles
0,488750
page_index,time_cycles
0,486472
page_index,time_cycles
0,497768
page_index,time_cycles
0,426096
page_index,time_cycles
0,436166
page_index,time_cycles
0,566784
page_index,time_cycles
0,495066
page_index,time_cycles
0,468996
page_index,time_cycles
0,468166
page_index,time_cycles
0,480308
page_index,time_cycles
0,432390
page_index,time_cycles
0,474504
page_index,time_cycles
0,452868
page_index,time_cycles
0,491274
page_index,time_cycles
0,474172
page_index,time_cycles
0,469040
page_index,time_cycles
0,466948
page_index,time_cycles
0,596970
page_index,time_cycles
0,517738
page_index,time_cycles
0,477786
page_index,time_cycles
0,509348
page_index,time_cycles
0,428968
page_index,time_cycles
0,496212
page_index,time_cycles
0,420816
page_index,time_cycles
0,517798
page_index,time_cycles
0,483770
page_index,time_cycles
0,470916
page_index,time_cycles
0,482292
page_index,time_cycles
0,488962
page_index,time_cycles
0,500160
page_index,time_cycles
0,454924
page_index,time_cycles
0,467928
page_index,time_cycles
0,503390
page_index,time_cycles
0,557338
page_index,time_cycles
0,417478
page_index,time_cycles
0,495534
page_index,time_cycles
0,532052
page_index,time_cycles
0,434358
page_index,time_cycles
0,492456
page_index,time_cycles
0,465580
page_index,time_cycles
0,472536
page_index,time_cycles
0,437878
page_index,time_cycles
0,477188
page_index,time_cycles
0,482402
page_index,time_cycles
0,476968
page_index,time_cycles
0,493232
page_index,time_cycles
0,452482
page_index,time_cycles
0,525434
page_index,time_cycles
0,421780
page_index,time_cycles
0,497728
page_index,time_cycles
0,430060
page_index,time_cycles
0,521088
page_index,time_cycles
0,449590
page_index,time_cycles
0,463188
page_index,time_cycles
0,590862
page_index,time_cycles
0,425708
page_index,time_cycles
0,582708
page_index,time_cycles
0,490986
page_index,time_cycles
0,423600
page_index,time_cycles
0,421682
page_index,time_cycles
0,488342
page_index,time_cycles
0,503520
page_index,time_cycles
0,487740
page_index,time_cycles
0,490408
page_index,time_cycles
0,487218
page_index,time_cycles
0,470336
page_index,time_cycles
0,473040
page_index,time_cycles
0,553518
page_index,time_cycles
0,497770
page_index,time_cycles
0,428924
page_index,time_cycles
0,476688
page_index,time_cycles
0,429796
page_index,time_cycles
0,425390
page_index,time_cycles
0,493138
page_index,time_cycles
0,466940
page_index,time_cycles
0,497794
page_index,time_cycles
0,488014
page_index,time_cycles
0,556420
page_index,time_cycles
0,497624
page_index,time_cycles
0,482506
page_index,time_cycles
0,420806
page_index,time_cycles
0,467510
page_index,time_cycles
0,503040
page_index,time_cycles
0,459648
page_index,time_cycles
0,490732
page_index,time_cycles
0,472574
page_index,time_cycles
0,499032
page_index,time_cycles
0,469084
page_index,time_cycles
0,447536
page_index,time_cycles
0,420632
page_index,time_cycles
0,475448
page_index,time_cycles
0,488054
page_index,time_cycles
0,450476
page_index,time_cycles
0,417390
page_index,time_cycles
0,424918
page_index,time_cycles
0,468716
page_index,time_cycles
0,472218
page_index,time_cycles
0,430206
page_index,time_cycles
0,465248
page_index,time_cycles
0,434552
page_index,time_cycles
0,435824
page_index,time_cycles
0,468586
page_index,time_cycles
0,444052
page_index,time_cycles
0,465766
page_index,time_cycles
0,420738
page_index,time_cycles
0,495952
page_index,time_cycles
0,503062
page_index,time_cycles
0,460622
page_index,time_cycles
0,426936
page_index,time_cycles
0,479730
page_index,time_cycles
0,585484
page_index,time_cycles
0,539332
page_index,time_cycles
0,520486
page_index,time_cycles
0,491948
page_index,time_cycles
0,468620
page_index,time_cycles
0,457832
page_index,time_cycles
0,490328
page_index,time_cycles
0,674762
page_index,time_cycles
0,463286
page_index,time_cycles
0,431510
page_index,time_cycles
0,516146
page_index,time_cycles
0,496262
page_index,time_cycles
0,539702
page_index,time_cycles
0,485994
page_index,time_cycles
0,812436
page_index,time_cycles
0,487734
page_index,time_cycles
0,413752
page_index,time_cycles
0,432320
page_index,time_cycles
0,481474
page_index,time_cycles
0,519062
page_index,time_cycles
0,488100
page_index,time_cycles
0,434620
page_index,time_cycles
0,467404
page_index,time_cycles
0,491458
page_index,time_cycles
0,506178
page_index,time_cycles
0,487314
page_index,time_cycles
0,505430
page_index,time_cycles
0,482892
page_index,time_cycles
0,541166
page_index,time_cycles
0,479146
page_index,time_cycles
0,481266
page_index,time_cycles
0,570870
page_index,time_cycles
0,458308
page_index,time_cycles
0,502262
page_index,time_cycles
0,539688
page_index,time_cycles
0,426554
page_index,time_cycles
0,469536
page_index,time_cycles
0,426002
page_index,time_cycles
0,461760
page_index,time_cycles
0,559364
page_index,time_cycles
0,479936
page_index,time_cycles
0,498392
page_index,time_cycles
0,492718
page_index,time_cycles
0,505044
page_index,time_cycles
0,440334
page_index,time_cycles
0,432192
page_index,time_cycles
0,486860
page_index,time_cycles
0,443082
page_index,time_cycles
0,426668
page_index,time_cycles
0,438792
page_index,time_cycles
0,455004
page_index,time_cycles
0,469764
page_index,time_cycles
0,453864
page_index,time_cycles
0,440552
page_index,time_cycles
0,451702
page_index,time_cycles
0,472118
page_index,time_cycles
0,462500
page_index,time_cycles
0,484746
page_index,time_cycles
0,456014
page_index,time_cycles
0,520696
page_index,time_cycles
0,421060
page_index,time_cycles
0,429512
page_index,time_cycles
0,487626
page_index,time_cycles
0,422720
page_index,time_cycles
0,492482
page_index,time_cycles
0,482184
page_index,time_cycles
0,519164
page_index,time_cycles
0,428980
page_index,time_cycles
0,506214
page_index,time_cycles
0,436996
page_index,time_cycles
0,469538
page_index,time_cycles
0,490766
page_index,time_cycles
0,517326
page_index,time_cycles
0,468790
page_index,time_cycles
0,507326
page_index,time_cycles
0,449802
page_index,time_cycles
0,473176
page_index,time_cycles
0,490986
page_index,time_cycles
0,466868
page_index,time_cycles
0,433692
page_index,time_cycles
0,434676
page_index,time_cycles
0,519162
page_index,time_cycles
0,453406
page_index,time_cycles
0,472550
page_index,time_cycles
0,494012
page_index,time_cycles
0,436150
page_index,time_cycles
0,446162
page_index,time_cycles
0,483946
page_index,time_cycles
0,553518
page_index,time_cycles
0,492486
page_index,time_cycles
0,467054
page_index,time_cycles
0,494672
page_index,time_cycles
0,498764
page_index,time_cycles
0,436276
page_index,time_cycles
0,419830
page_index,time_cycles
0,507292
page_index,time_cycles
0,432250
page_index,time_cycles
0,487408
page_index,time_cycles
0,453658
page_index,time_cycles
0,502250
page_index,time_cycles
0,476836
page_index,time_cycles
0,495142
page_index,time_cycles
0,516762
page_index,time_cycles
0,432774
page_index,time_cycles
0,540330
page_index,time_cycles
0,500224
page_index,time_cycles
0,569130
page_index,time_cycles
0,490298
page_index,time_cycles
0,490334
page_index,time_cycles
0,465040
page_index,time_cycles
0,467566
page_index,time_cycles
0,455334
page_index,time_cycles
0,491980
page_index,time_cycles
0,472660
page_index,time_cycles
0,519596
page_index,time_cycles
0,422744
page_index,time_cycles
0,455320
page_index,time_cycles
0,461478
page_index,time_cycles
0,533272
page_index,time_cycles
0,421726
page_index,time_cycles
0,605608
page_index,time_cycles
0,488918
page_index,time_cycles
0,521182
page_index,time_cycles
0,494928
page_index,time_cycles
0,493732
page_index,time_cycles
0,479836
page_index,time_cycles
0,421998
page_index,time_cycles
0,425366
page_index,time_cycles
0,508238
page_index,time_cycles
0,519178
page_index,time_cycles
0,453792
page_index,time_cycles
0,468772
page_index,time_cycles
0,452486
page_index,time_cycles
0,544512
page_index,time_cycles
0,485790
page_index,time_cycles
0,506206
page_index,time_cycles
0,566584
page_index,time_cycles
0,445102
page_index,time_cycles
0,478724
page_index,time_cycles
0,553118
page_index,time_cycles
0,454536
page_index,time_cycles
0,461342
page_index,time_cycles
0,421338
page_index,time_cycles
0,540932
page_index,time_cycles
0,441040
page_index,time_cycles
0,486550
page_index,time_cycles
0,453614
page_index,time_cycles
0,2472754
page_index,time_cycles
0,491558
page_index,time_cycles
0,510892
page_index,time_cycles
0,488338
page_index,time_cycles
0,511472
page_index,time_cycles
0,458562
page_index,time_cycles
0,471430
page_index,time_cycles
0,474534
page_index,time_cycles
0,481438
page_index,time_cycles
0,423154
page_index,time_cycles
0,493828
page_index,time_cycles
0,505582
page_index,time_cycles
0,570034
page_index,time_cycles
0,471046
page_index,time_cycles
0,631452
page_index,time_cycles
0,451246
page_index,time_cycles
0,452532
page_index,time_cycles
0,430200
page_index,time_cycles
0,542884
page_index,time_cycles
0,496440
page_index,time_cycles
0,578748
page_index,time_cycles
0,534418
page_index,time_cycles
0,441874
page_index,time_cycles
0,501628
page_index,time_cycles
0,423712
page_index,time_cycles
0,419258
page_index,time_cycles
0,551308
page_index,time_cycles
0,515796
page_index,time_cycles
0,444748
page_index,time_cycles
0,477234
page_index,time_cycles
0,416336
page_index,time_cycles
0,498970
page_index,time_cycles
0,571116
page_index,time_cycles
0,539232
page_index,time_cycles
0,458400
page_index,time_cycles
0,448804
page_index,time_cycles
0,468936
page_index,time_cycles
0,556804
page_index,time_cycles
0,495844
page_index,time_cycles
0,441412
page_index,time_cycles
0,478430
page_index,time_cycles
0,422734
page_index,time_cycles
0,453268
page_index,time_cycles
0,455218
page_index,time_cycles
0,508752
page_index,time_cycles
0,449142
page_index,time_cycles
0,456922
page_index,time_cycles
0,470586
page_index,time_cycles
0,460438
page_index,time_cycles
0,416852
page_index,time_cycles
0,418752
page_index,time_cycles
0,456086
page_index,time_cycles
0,480794
page_index,time_cycles
0,486850
page_index,time_cycles
0,469128
page_index,time_cycles
0,460678
page_index,time_cycles
0,508168
page_index,time_cycles
0,488318
page_index,time_cycles
0,478354
page_index,time_cycles
0,479692
page_index,time_cycles
0,469244
page_index,time_cycles
0,489446
page_index,time_cycles
0,466560
page_index,time_cycles
0,421214
page_index,time_cycles
0,498978
page_index,time_cycles
0,436810
page_index,time_cycles
0,419992
page_index,time_cycles
0,491514
page_index,time_cycles
0,486906
page_index,time_cycles
0,529274
page_index,time_cycles
0,456936
page_index,time_cycles
0,443640
page_index,time_cycles
0,428474
page_index,time_cycles
0,468570
page_index,time_cycles
0,455110
page_index,time_cycles
0,652978
page_index,time_cycles
0,432220
page_index,time_cycles
0,500222
page_index,time_cycles
0,515586
page_index,time_cycles
0,440590
page_index,time_cycles
0,430540
page_index,time_cycles
0,444172
page_index,time_cycles
0,438936
page_index,time_cycles
0,483398
page_index,time_cycles
0,488344
page_index,time_cycles
0,417340
page_index,time_cycles
0,549780
page_index,time_cycles
0,562042
page_index,time_cycles
0,433294
page_index,time_cycles
0,429806
page_index,time_cycles
0,490214
page_index,time_cycles
0,484028
page_index,time_cycles
0,421570
page_index,time_cycles
0,635950
page_index,time_cycles
0,535368
page_index,time_cycles
0,506234
page_index,time_cycles
0,515526
page_index,time_cycles
0,425294
page_index,time_cycles
0,449216
page_index,time_cycles
0,475496
page_index,time_cycles
0,432372
page_index,time_cycles
0,496120
page_index,time_cycles
0,574062
page_index,time_cycles
0,513184
page_index,time_cycles
0,435714
page_index,time_cycles
0,464410
page_index,time_cycles
0,480704
page_index,time_cycles
0,476754
page_index,time_cycles
0,465012
page_index,time_cycles
0,484340
page_index,time_cycles
0,434680
page_index,time_cycles
0,482638
page_index,time_cycles
0,490086
page_index,time_cycles
0,432512
page_index,time_cycles
0,481114
page_index,time_cycles
0,557720
page_index,time_cycles
0,486546
page_index,time_cycles
0,433274
page_index,time_cycles
0,498438
page_index,time_cycles
0,480684
page_index,time_cycles
0,491054
page_index,time_cycles
0,567892
page_index,time_cycles
0,489696
page_index,time_cycles
0,550424
page_index,time_cycles
0,442262
page_index,time_cycles
0,527254
page_index,time_cycles
0,459868
page_index,time_cycles
0,495158
page_index,time_cycles
0,488978
page_index,time_cycles
0,495854
page_index,time_cycles
0,492360
page_index,time_cycles
0,539444
page_index,time_cycles
0,472220
page_index,time_cycles
0,444626
page_index,time_cycles
0,515330
page_index,time_cycles
0,551638
page_index,time_cycles
0,456522
page_index,time_cycles
0,483868
page_index,time_cycles
0,481980
page_index,time_cycles
0,472094
page_index,time_cycles
0,453286
page_index,time_cycles
0,465426
page_index,time_cycles
0,517804
page_index,time_cycles
0,479634
page_index,time_cycles
0,476274
page_index,time_cycles
0,500484
page_index,time_cycles
0,489378
page_index,time_cycles
0,457528
page_index,time_cycles
0,612934
page_index,time_cycles
0,706962
page_index,time_cycles
0,491862
page_index,time_cycles
0,433954
page_index,time_cycles
0,508462
page_index,time_cycles
0,479962
page_index,time_cycles
0,468928
page_index,time_cycles
0,514696
page_index,time_cycles
0,443200
page_index,time_cycles
0,483158
page_index,time_cycles
0,503704
page_index,time_cycles
0,426340
page_index,time_cycles
0,437274
page_index,time_cycles
0,484754
page_index,time_cycles
0,487090
page_index,time_cycles
0,466702
page_index,time_cycles
0,490042
page_index,time_cycles
0,589496
page_index,time_cycles
0,474932
page_index,time_cycles
0,440754
page_index,time_cycles
0,421152
page_index,time_cycles
0,498730
page_index,time_cycles
0,455700
page_index,time_cycles
0,558860
page_index,time_cycles
0,544858
page_index,time_cycles
0,471894
page_index,time_cycles
0,485806
page_index,time_cycles
0,491074
page_index,time_cycles
0,488944
page_index,time_cycles
0,491456
page_index,time_cycles
0,505326
page_index,time_cycles
0,485922
page_index,time_cycles
0,474018
page_index,time_cycles
0,649640
page_index,time_cycles
0,488340
page_index,time_cycles
0,471692
page_index,time_cycles
0,449482
page_index,time_cycles
0,422722
page_index,time_cycles
0,490470
page_index,time_cycles
0,452380
page_index,time_cycles
0,486692
page_index,time_cycles
0,516480
page_index,time_cycles
0,483882
page_index,time_cycles
0,451500
page_index,time_cycles
0,487248
page_index,time_cycles
0,503034
page_index,time_cycles
0,649112
page_index,time_cycles
0,466212
page_index,time_cycles
0,461554
page_index,time_cycles
0,537974
page_index,time_cycles
0,513318
page_index,time_cycles
0,492934
page_index,time_cycles
0,519140
page_index,time_cycles
0,418890
page_index,time_cycles
0,574784
page_index,time_cycles
0,475702
page_index,time_cycles
0,504762
page_index,time_cycles
0,564462
page_index,time_cycles
0,446940
page_index,time_cycles
0,482444
page_index,time_cycles
0,421682
page_index,time_cycles
0,498676
page_index,time_cycles
0,418824
page_index,time_cycles
0,493066
page_index,time_cycles
0,481468
page_index,time_cycles
0,469264
page_index,time_cycles
0,488148
page_index,time_cycles
0,568082
page_index,time_cycles
0,498574
page_index,time_cycles
0,465124
page_index,time_cycles
0,590938
page_index,time_cycles
0,511646
page_index,time_cycles
0,475782
page_index,time_cycles
0,447490
page_index,time_cycles
0,476198
page_index,time_cycles
0,461512
page_index,time_cycles
0,432216
page_index,time_cycles
0,441820
page_index,time_cycles
0,481444
page_index,time_cycles
0,579108
page_index,time_cycles
0,479264
page_index,time_cycles
0,486280
page_index,time_cycles
0,468180
page_index,time_cycles
0,446742
page_index,time_cycles
0,527288
page_index,time_cycles
0,466864
page_index,time_cycles
0,484000
page_index,time_cycles
0,471340
page_index,time_cycles
0,462456
page_index,time_cycles
0,493578
page_index,time_cycles
0,416196
page_index,time_cycles
0,464634
page_index,time_cycles
0,431274
page_index,time_cycles
0,421212
page_index,time_cycles
0,494812
page_index,time_cycles
0,419722
page_index,time_cycles
0,514320
page_index,time_cycles
0,487372
page_index,time_cycles
0,497146
page_index,time_cycles
0,567394
page_index,time_cycles
0,417596
page_index,time_cycles
0,622262
page_index,time_cycles
0,560014
page_index,time_cycles
0,476652
page_index,time_cycles
0,540986
page_index,time_cycles
0,469410
page_index,time_cycles
0,489932
page_index,time_cycles
0,481942
page_index,time_cycles
0,469296
page_index,time_cycles
0,425982
page_index,time_cycles
0,466280
page_index,time_cycles
0,435218
page_index,time_cycles
0,479052
page_index,time_cycles
0,485650
page_index,time_cycles
0,606302
page_index,time_cycles
0,555898
page_index,time_cycles
0,475770
page_index,time_cycles
0,488458
page_index,time_cycles
0,436290
page_index,time_cycles
0,469080
page_index,time_cycles
0,533594
page_index,time_cycles
0,432702
page_index,time_cycles
0,519488
page_index,time_cycles
0,496432
page_index,time_cycles
0,444296
page_index,time_cycles
0,476228
page_index,time_cycles
0,608454
page_index,time_cycles
0,447170
page_index,time_cycles
0,450572
page_index,time_cycles
0,543360
page_index,time_cycles
0,490064
page_index,time_cycles
0,472126
page_index,time_cycles
0,445490
page_index,time_cycles
0,487716
page_index,time_cycles
0,492492
page_index,time_cycles
0,608648
page_index,time_cycles
0,580548
page_index,time_cycles
0,477312
page_index,time_cycles
0,556376
page_index,time_cycles
0,489642
page_index,time_cycles
0,609660
page_index,time_cycles
0,589568
page_index,time_cycles
0,460980
page_index,time_cycles
0,421428
page_index,time_cycles
0,463036
page_index,time_cycles
0,488152
page_index,time_cycles
0,485526
page_index,time_cycles
0,469882
page_index,time_cycles
0,489520
page_index,time_cycles
0,496756
page_index,time_cycles
0,488154
page_index,time_cycles
0,475730
page_index,time_cycles
0,428674
page_index,time_cycles
0,417890
page_index,time_cycles
0,432620
page_index,time_cycles
0,638938
page_index,time_cycles
0,573694
page_index,time_cycles
0,498892
page_index,time_cycles
0,462474
page_index,time_cycles
0,507330
page_index,time_cycles
0,436540
page_index,time_cycles
0,495114
page_index,time_cycles
0,438742
page_index,time_cycles
0,432686
page_index,time_cycles
0,499984
page_index,time_cycles
0,431056
page_index,time_cycles
0,486748
page_index,time_cycles
0,506958
page_index,time_cycles
0,486948
page_index,time_cycles
0,522778
page_index,time_cycles
0,463910
page_index,time_cycles
0,473476
page_index,time_cycles
0,478148
page_index,time_cycles
0,488392
page_index,time_cycles
0,491606
page_index,time_cycles
0,430182
page_index,time_cycles
0,500710
page_index,time_cycles
0,641212
page_index,time_cycles
0,492462
page_index,time_cycles
0,486922
page_index,time_cycles
0,467182
page_index,time_cycles
0,474670
page_index,time_cycles
0,423956
page_index,time_cycles
0,463576
page_index,time_cycles
0,474142
page_index,time_cycles
0,510046
page_index,time_cycles
0,512480
page_index,time_cycles
0,584306
page_index,time_cycles
0,494894
page_index,time_cycles
0,478712
page_index,time_cycles
0,483208
page_index,time_cycles
0,487740
page_index,time_cycles
0,525864
page_index,time_cycles
0,578278
page_index,time_cycles
0,492354
page_index,time_cycles
0,547332
page_index,time_cycles
0,444472
page_index,time_cycles
0,486408
SUMMARY,COUNT=10000,MEAN=482739.95,STD=70726.75
