page_index,time_cycles
0,132130
page_index,time_cycles
0,138956
page_index,time_cycles
0,235610
page_index,time_cycles
0,148548
page_index,time_cycles
0,85628
page_index,time_cycles
0,107664
page_index,time_cycles
0,80368
page_index,time_cycles
0,127586
page_index,time_cycles
0,130336
page_index,time_cycles
0,79606
page_index,time_cycles
0,168854
page_index,time_cycles
0,127066
page_index,time_cycles
0,133596
page_index,time_cycles
0,151238
page_index,time_cycles
0,135646
page_index,time_cycles
0,106284
page_index,time_cycles
0,113844
page_index,time_cycles
0,186118
page_index,time_cycles
0,157766
page_index,time_cycles
0,86982
page_index,time_cycles
0,129826
page_index,time_cycles
0,136236
page_index,time_cycles
0,159176
page_index,time_cycles
0,114086
page_index,time_cycles
0,130674
page_index,time_cycles
0,80066
page_index,time_cycles
0,119574
page_index,time_cycles
0,109340
page_index,time_cycles
0,84078
page_index,time_cycles
0,177892
page_index,time_cycles
0,79660
page_index,time_cycles
0,134646
page_index,time_cycles
0,131734
page_index,time_cycles
0,143258
page_index,time_cycles
0,183484
page_index,time_cycles
0,153842
page_index,time_cycles
0,155530
page_index,time_cycles
0,80036
page_index,time_cycles
0,94736
page_index,time_cycles
0,79578
page_index,time_cycles
0,115000
page_index,time_cycles
0,148522
page_index,time_cycles
0,131054
page_index,time_cycles
0,118256
page_index,time_cycles
0,142620
page_index,time_cycles
0,104594
page_index,time_cycles
0,132304
page_index,time_cycles
0,89908
page_index,time_cycles
0,140206
page_index,time_cycles
0,80470
page_index,time_cycles
0,79422
page_index,time_cycles
0,164936
page_index,time_cycles
0,84706
page_index,time_cycles
0,77744
page_index,time_cycles
0,103320
page_index,time_cycles
0,142768
page_index,time_cycles
0,91800
page_index,time_cycles
0,130582
page_index,time_cycles
0,112886
page_index,time_cycles
0,149072
page_index,time_cycles
0,138086
page_index,time_cycles
0,204358
page_index,time_cycles
0,138390
page_index,time_cycles
0,140692
page_index,time_cycles
0,144378
page_index,time_cycles
0,88256
page_index,time_cycles
0,109134
page_index,time_cycles
0,119978
page_index,time_cycles
0,86480
page_index,time_cycles
0,80278
page_index,time_cycles
0,131618
page_index,time_cycles
0,154034
page_index,time_cycles
0,133570
page_index,time_cycles
0,82810
page_index,time_cycles
0,134472
page_index,time_cycles
0,166166
page_index,time_cycles
0,75078
page_index,time_cycles
0,88250
page_index,time_cycles
0,137736
page_index,time_cycles
0,130052
page_index,time_cycles
0,91058
page_index,time_cycles
0,97852
page_index,time_cycles
0,82928
page_index,time_cycles
0,79592
page_index,time_cycles
0,113840
page_index,time_cycles
0,86004
page_index,time_cycles
0,143392
page_index,time_cycles
0,127938
page_index,time_cycles
0,102372
page_index,time_cycles
0,144278
page_index,time_cycles
0,141116
page_index,time_cycles
0,232148
page_index,time_cycles
0,77760
page_index,time_cycles
0,133524
page_index,time_cycles
0,95798
page_index,time_cycles
0,83012
page_index,time_cycles
0,162014
page_index,time_cycles
0,80620
page_index,time_cycles
0,140888
page_index,time_cycles
0,82814
page_index,time_cycles
0,179622
page_index,time_cycles
0,131520
page_index,time_cycles
0,79504
page_index,time_cycles
0,157926
page_index,time_cycles
0,88182
page_index,time_cycles
0,106080
page_index,time_cycles
0,157496
page_index,time_cycles
0,127602
page_index,time_cycles
0,131480
page_index,time_cycles
0,143052
page_index,time_cycles
0,124854
page_index,time_cycles
0,88762
page_index,time_cycles
0,130880
page_index,time_cycles
0,139772
page_index,time_cycles
0,145292
page_index,time_cycles
0,138156
page_index,time_cycles
0,83576
page_index,time_cycles
0,133482
page_index,time_cycles
0,146318
page_index,time_cycles
0,112366
page_index,time_cycles
0,173592
page_index,time_cycles
0,226414
page_index,time_cycles
0,86018
page_index,time_cycles
0,142192
page_index,time_cycles
0,143486
page_index,time_cycles
0,129660
page_index,time_cycles
0,128044
page_index,time_cycles
0,142658
page_index,time_cycles
0,129566
page_index,time_cycles
0,132084
page_index,time_cycles
0,297214
page_index,time_cycles
0,112080
page_index,time_cycles
0,152406
page_index,time_cycles
0,147448
page_index,time_cycles
0,131578
page_index,time_cycles
0,102610
page_index,time_cycles
0,137290
page_index,time_cycles
0,84546
page_index,time_cycles
0,97924
page_index,time_cycles
0,82744
page_index,time_cycles
0,202540
page_index,time_cycles
0,158632
page_index,time_cycles
0,165070
page_index,time_cycles
0,93286
page_index,time_cycles
0,114660
page_index,time_cycles
0,146068
page_index,time_cycles
0,97622
page_index,time_cycles
0,144628
page_index,time_cycles
0,118780
page_index,time_cycles
0,143602
page_index,time_cycles
0,80502
page_index,time_cycles
0,129612
page_index,time_cycles
0,114900
page_index,time_cycles
0,138982
page_index,time_cycles
0,142810
page_index,time_cycles
0,81464
page_index,time_cycles
0,110098
page_index,time_cycles
0,129838
page_index,time_cycles
0,86592
page_index,time_cycles
0,142494
page_index,time_cycles
0,144370
page_index,time_cycles
0,145554
page_index,time_cycles
0,80790
page_index,time_cycles
0,81654
page_index,time_cycles
0,133352
page_index,time_cycles
0,130344
page_index,time_cycles
0,118256
page_index,time_cycles
0,114060
page_index,time_cycles
0,144630
page_index,time_cycles
0,78918
page_index,time_cycles
0,113974
page_index,time_cycles
0,135474
page_index,time_cycles
0,93194
page_index,time_cycles
0,93720
page_index,time_cycles
0,78286
page_index,time_cycles
0,79356
page_index,time_cycles
0,115948
page_index,time_cycles
0,132962
page_index,time_cycles
0,136658
page_index,time_cycles
0,136820
page_index,time_cycles
0,132792
page_index,time_cycles
0,138880
page_index,time_cycles
0,116164
page_index,time_cycles
0,115322
page_index,time_cycles
0,146164
page_index,time_cycles
0,131596
page_index,time_cycles
0,77800
page_index,time_cycles
0,128898
page_index,time_cycles
0,115388
page_index,time_cycles
0,86318
page_index,time_cycles
0,188640
page_index,time_cycles
0,213116
page_index,time_cycles
0,170720
page_index,time_cycles
0,145570
page_index,time_cycles
0,110942
page_index,time_cycles
0,126850
page_index,time_cycles
0,153308
page_index,time_cycles
0,129896
page_index,time_cycles
0,80532
page_index,time_cycles
0,137490
page_index,time_cycles
0,143660
page_index,time_cycles
0,158028
page_index,time_cycles
0,148776
page_index,time_cycles
0,77272
page_index,time_cycles
0,320010
page_index,time_cycles
0,128788
page_index,time_cycles
0,139112
page_index,time_cycles
0,114520
page_index,time_cycles
0,144154
page_index,time_cycles
0,112374
page_index,time_cycles
0,98654
page_index,time_cycles
0,149986
page_index,time_cycles
0,113610
page_index,time_cycles
0,120024
page_index,time_cycles
0,100486
page_index,time_cycles
0,145700
page_index,time_cycles
0,127782
page_index,time_cycles
0,141726
page_index,time_cycles
0,99640
page_index,time_cycles
0,118012
page_index,time_cycles
0,75928
page_index,time_cycles
0,109616
page_index,time_cycles
0,210672
page_index,time_cycles
0,116968
page_index,time_cycles
0,149052
page_index,time_cycles
0,80970
page_index,time_cycles
0,148336
page_index,time_cycles
0,78676
page_index,time_cycles
0,156726
page_index,time_cycles
0,107466
page_index,time_cycles
0,123956
page_index,time_cycles
0,129792
page_index,time_cycles
0,82066
page_index,time_cycles
0,104434
page_index,time_cycles
0,81420
page_index,time_cycles
0,84966
page_index,time_cycles
0,112840
page_index,time_cycles
0,119630
page_index,time_cycles
0,123978
page_index,time_cycles
0,229534
page_index,time_cycles
0,120892
page_index,time_cycles
0,78142
page_index,time_cycles
0,135736
page_index,time_cycles
0,130056
page_index,time_cycles
0,139116
page_index,time_cycles
0,77748
page_index,time_cycles
0,172402
page_index,time_cycles
0,131328
page_index,time_cycles
0,109688
page_index,time_cycles
0,189772
page_index,time_cycles
0,137484
page_index,time_cycles
0,119364
page_index,time_cycles
0,107780
page_index,time_cycles
0,166204
page_index,time_cycles
0,157178
page_index,time_cycles
0,132496
page_index,time_cycles
0,180544
page_index,time_cycles
0,158530
page_index,time_cycles
0,108404
page_index,time_cycles
0,82232
page_index,time_cycles
0,129828
page_index,time_cycles
0,84034
page_index,time_cycles
0,84094
page_index,time_cycles
0,140610
page_index,time_cycles
0,84266
page_index,time_cycles
0,126092
page_index,time_cycles
0,134412
page_index,time_cycles
0,142476
page_index,time_cycles
0,146446
page_index,time_cycles
0,227444
page_index,time_cycles
0,149422
page_index,time_cycles
0,131374
page_index,time_cycles
0,101558
page_index,time_cycles
0,179120
page_index,time_cycles
0,79058
page_index,time_cycles
0,78518
page_index,time_cycles
0,131684
page_index,time_cycles
0,115120
page_index,time_cycles
0,79720
page_index,time_cycles
0,164694
page_index,time_cycles
0,115774
page_index,time_cycles
0,119594
page_index,time_cycles
0,95986
page_index,time_cycles
0,114508
page_index,time_cycles
0,85420
page_index,time_cycles
0,144442
page_index,time_cycles
0,107708
page_index,time_cycles
0,123516
page_index,time_cycles
0,89090
page_index,time_cycles
0,86228
page_index,time_cycles
0,105786
page_index,time_cycles
0,146852
page_index,time_cycles
0,127332
page_index,time_cycles
0,155136
page_index,time_cycles
0,154240
page_index,time_cycles
0,125826
page_index,time_cycles
0,142376
page_index,time_cycles
0,85312
page_index,time_cycles
0,145280
page_index,time_cycles
0,89828
page_index,time_cycles
0,126220
page_index,time_cycles
0,139988
page_index,time_cycles
0,79842
page_index,time_cycles
0,95968
page_index,time_cycles
0,85470
page_index,time_cycles
0,123266
page_index,time_cycles
0,88682
page_index,time_cycles
0,139576
page_index,time_cycles
0,84836
page_index,time_cycles
0,160426
page_index,time_cycles
0,139374
page_index,time_cycles
0,82752
page_index,time_cycles
0,102016
page_index,time_cycles
0,137734
page_index,time_cycles
0,141886
page_index,time_cycles
0,130756
page_index,time_cycles
0,110962
page_index,time_cycles
0,83892
page_index,time_cycles
0,127924
page_index,time_cycles
0,139072
page_index,time_cycles
0,192954
page_index,time_cycles
0,163860
page_index,time_cycles
0,127730
page_index,time_cycles
0,129586
page_index,time_cycles
0,128516
page_index,time_cycles
0,183890
page_index,time_cycles
0,105476
page_index,time_cycles
0,128106
page_index,time_cycles
0,86920
page_index,time_cycles
0,85118
page_index,time_cycles
0,101828
page_index,time_cycles
0,188216
page_index,time_cycles
0,79252
page_index,time_cycles
0,89468
page_index,time_cycles
0,84810
page_index,time_cycles
0,150030
page_index,time_cycles
0,103088
page_index,time_cycles
0,140942
page_index,time_cycles
0,157504
page_index,time_cycles
0,152968
page_index,time_cycles
0,130146
page_index,time_cycles
0,133508
page_index,time_cycles
0,122514
page_index,time_cycles
0,134854
page_index,time_cycles
0,79566
page_index,time_cycles
0,173262
page_index,time_cycles
0,153864
page_index,time_cycles
0,123996
page_index,time_cycles
0,118588
page_index,time_cycles
0,147524
page_index,time_cycles
0,183680
page_index,time_cycles
0,108494
page_index,time_cycles
0,98776
page_index,time_cycles
0,149782
page_index,time_cycles
0,140748
page_index,time_cycles
0,139584
page_index,time_cycles
0,140482
page_index,time_cycles
0,136348
page_index,time_cycles
0,184032
page_index,time_cycles
0,111974
page_index,time_cycles
0,84970
page_index,time_cycles
0,80600
page_index,time_cycles
0,131292
page_index,time_cycles
0,140186
page_index,time_cycles
0,112882
page_index,time_cycles
0,133654
page_index,time_cycles
0,148198
page_index,time_cycles
0,179438
page_index,time_cycles
0,141902
page_index,time_cycles
0,123080
page_index,time_cycles
0,133758
page_index,time_cycles
0,138102
page_index,time_cycles
0,136478
page_index,time_cycles
0,95850
page_index,time_cycles
0,141990
page_index,time_cycles
0,127384
page_index,time_cycles
0,108876
page_index,time_cycles
0,127040
page_index,time_cycles
0,157400
page_index,time_cycles
0,128744
page_index,time_cycles
0,127468
page_index,time_cycles
0,114790
page_index,time_cycles
0,81186
page_index,time_cycles
0,144784
page_index,time_cycles
0,80368
page_index,time_cycles
0,85640
page_index,time_cycles
0,131368
page_index,time_cycles
0,136948
page_index,time_cycles
0,98438
page_index,time_cycles
0,170504
page_index,time_cycles
0,84004
page_index,time_cycles
0,119264
page_index,time_cycles
0,81578
page_index,time_cycles
0,116724
page_index,time_cycles
0,155336
page_index,time_cycles
0,116880
page_index,time_cycles
0,130034
page_index,time_cycles
0,119588
page_index,time_cycles
0,96712
page_index,time_cycles
0,139762
page_index,time_cycles
0,96426
page_index,time_cycles
0,80902
page_index,time_cycles
0,82330
page_index,time_cycles
0,81336
page_index,time_cycles
0,190566
page_index,time_cycles
0,147776
page_index,time_cycles
0,126102
page_index,time_cycles
0,133296
page_index,time_cycles
0,110486
page_index,time_cycles
0,142486
page_index,time_cycles
0,141194
page_index,time_cycles
0,77964
page_index,time_cycles
0,147582
page_index,time_cycles
0,126132
page_index,time_cycles
0,142698
page_index,time_cycles
0,83010
page_index,time_cycles
0,184358
page_index,time_cycles
0,88978
page_index,time_cycles
0,87906
page_index,time_cycles
0,144192
page_index,time_cycles
0,137504
page_index,time_cycles
0,134026
page_index,time_cycles
0,133954
page_index,time_cycles
0,107726
page_index,time_cycles
0,188958
page_index,time_cycles
0,186590
page_index,time_cycles
0,155206
page_index,time_cycles
0,91528
page_index,time_cycles
0,127456
page_index,time_cycles
0,144730
page_index,time_cycles
0,93124
page_index,time_cycles
0,154388
page_index,time_cycles
0,141704
page_index,time_cycles
0,122180
page_index,time_cycles
0,117656
page_index,time_cycles
0,159864
page_index,time_cycles
0,85314
page_index,time_cycles
0,159462
page_index,time_cycles
0,77996
page_index,time_cycles
0,222726
page_index,time_cycles
0,149018
page_index,time_cycles
0,218488
page_index,time_cycles
0,97616
page_index,time_cycles
0,122534
page_index,time_cycles
0,79128
page_index,time_cycles
0,135724
page_index,time_cycles
0,146324
page_index,time_cycles
0,146708
page_index,time_cycles
0,134786
page_index,time_cycles
0,131874
page_index,time_cycles
0,84880
page_index,time_cycles
0,82508
page_index,time_cycles
0,89742
page_index,time_cycles
0,121764
page_index,time_cycles
0,161466
page_index,time_cycles
0,141406
page_index,time_cycles
0,150876
page_index,time_cycles
0,132312
page_index,time_cycles
0,133910
page_index,time_cycles
0,230644
page_index,time_cycles
0,82408
page_index,time_cycles
0,160528
page_index,time_cycles
0,113426
page_index,time_cycles
0,128848
page_index,time_cycles
0,144134
page_index,time_cycles
0,213978
page_index,time_cycles
0,77660
page_index,time_cycles
0,84704
page_index,time_cycles
0,113182
page_index,time_cycles
0,93290
page_index,time_cycles
0,124930
page_index,time_cycles
0,82868
page_index,time_cycles
0,145108
page_index,time_cycles
0,104022
page_index,time_cycles
0,137390
page_index,time_cycles
0,111164
page_index,time_cycles
0,135744
page_index,time_cycles
0,115204
page_index,time_cycles
0,132392
page_index,time_cycles
0,146002
page_index,time_cycles
0,126034
page_index,time_cycles
0,191250
page_index,time_cycles
0,87176
page_index,time_cycles
0,123744
page_index,time_cycles
0,165000
page_index,time_cycles
0,75220
page_index,time_cycles
0,80988
page_index,time_cycles
0,119876
page_index,time_cycles
0,91648
page_index,time_cycles
0,194422
page_index,time_cycles
0,123278
page_index,time_cycles
0,101648
page_index,time_cycles
0,82710
page_index,time_cycles
0,144834
page_index,time_cycles
0,150104
page_index,time_cycles
0,83882
page_index,time_cycles
0,139604
page_index,time_cycles
0,140674
page_index,time_cycles
0,134490
page_index,time_cycles
0,125918
page_index,time_cycles
0,128920
page_index,time_cycles
0,144116
page_index,time_cycles
0,96072
page_index,time_cycles
0,94858
page_index,time_cycles
0,138506
page_index,time_cycles
0,109488
page_index,time_cycles
0,132622
page_index,time_cycles
0,79816
page_index,time_cycles
0,141200
page_index,time_cycles
0,76752
page_index,time_cycles
0,102816
page_index,time_cycles
0,148242
page_index,time_cycles
0,87646
page_index,time_cycles
0,80024
page_index,time_cycles
0,124292
page_index,time_cycles
0,133496
page_index,time_cycles
0,180934
page_index,time_cycles
0,179286
page_index,time_cycles
0,136902
page_index,time_cycles
0,101660
page_index,time_cycles
0,79610
page_index,time_cycles
0,115628
page_index,time_cycles
0,116364
page_index,time_cycles
0,105588
page_index,time_cycles
0,144706
page_index,time_cycles
0,152230
page_index,time_cycles
0,79954
page_index,time_cycles
0,96758
page_index,time_cycles
0,157118
page_index,time_cycles
0,151686
page_index,time_cycles
0,110198
page_index,time_cycles
0,158600
page_index,time_cycles
0,240152
page_index,time_cycles
0,138696
page_index,time_cycles
0,95790
page_index,time_cycles
0,147744
page_index,time_cycles
0,231050
page_index,time_cycles
0,148958
page_index,time_cycles
0,118142
page_index,time_cycles
0,129138
page_index,time_cycles
0,117490
page_index,time_cycles
0,83780
page_index,time_cycles
0,171080
page_index,time_cycles
0,132870
page_index,time_cycles
0,162590
page_index,time_cycles
0,125052
page_index,time_cycles
0,81094
page_index,time_cycles
0,115844
page_index,time_cycles
0,115828
page_index,time_cycles
0,210368
page_index,time_cycles
0,123628
page_index,time_cycles
0,153642
page_index,time_cycles
0,130608
page_index,time_cycles
0,143274
page_index,time_cycles
0,146990
page_index,time_cycles
0,104354
page_index,time_cycles
0,140590
page_index,time_cycles
0,128350
page_index,time_cycles
0,90366
page_index,time_cycles
0,140000
page_index,time_cycles
0,176214
page_index,time_cycles
0,144116
page_index,time_cycles
0,118606
page_index,time_cycles
0,80992
page_index,time_cycles
0,142720
page_index,time_cycles
0,151662
page_index,time_cycles
0,159190
page_index,time_cycles
0,149814
page_index,time_cycles
0,118866
page_index,time_cycles
0,90606
page_index,time_cycles
0,93416
page_index,time_cycles
0,203528
page_index,time_cycles
0,105364
page_index,time_cycles
0,89120
page_index,time_cycles
0,155618
page_index,time_cycles
0,140400
page_index,time_cycles
0,134542
page_index,time_cycles
0,122184
page_index,time_cycles
0,175206
page_index,time_cycles
0,80138
page_index,time_cycles
0,102152
page_index,time_cycles
0,140442
page_index,time_cycles
0,99376
page_index,time_cycles
0,131292
page_index,time_cycles
0,136460
page_index,time_cycles
0,134070
page_index,time_cycles
0,132852
page_index,time_cycles
0,174800
page_index,time_cycles
0,87936
page_index,time_cycles
0,121072
page_index,time_cycles
0,97902
page_index,time_cycles
0,130266
page_index,time_cycles
0,120066
page_index,time_cycles
0,138190
page_index,time_cycles
0,79644
page_index,time_cycles
0,151964
page_index,time_cycles
0,82050
page_index,time_cycles
0,165244
page_index,time_cycles
0,80136
page_index,time_cycles
0,81786
page_index,time_cycles
0,148754
page_index,time_cycles
0,77578
page_index,time_cycles
0,250134
page_index,time_cycles
0,107512
page_index,time_cycles
0,172802
page_index,time_cycles
0,132184
page_index,time_cycles
0,115824
page_index,time_cycles
0,83714
page_index,time_cycles
0,82136
page_index,time_cycles
0,125882
page_index,time_cycles
0,145016
page_index,time_cycles
0,90084
page_index,time_cycles
0,155734
page_index,time_cycles
0,99732
page_index,time_cycles
0,80572
page_index,time_cycles
0,140460
page_index,time_cycles
0,181814
page_index,time_cycles
0,129864
page_index,time_cycles
0,82928
page_index,time_cycles
0,98544
page_index,time_cycles
0,82336
page_index,time_cycles
0,127160
page_index,time_cycles
0,79040
page_index,time_cycles
0,268488
page_index,time_cycles
0,109250
page_index,time_cycles
0,102434
page_index,time_cycles
0,141466
page_index,time_cycles
0,143756
page_index,time_cycles
0,139702
page_index,time_cycles
0,140832
page_index,time_cycles
0,121538
page_index,time_cycles
0,106160
page_index,time_cycles
0,74874
page_index,time_cycles
0,119948
page_index,time_cycles
0,120234
page_index,time_cycles
0,142288
page_index,time_cycles
0,132352
page_index,time_cycles
0,132004
page_index,time_cycles
0,123970
page_index,time_cycles
0,129388
page_index,time_cycles
0,84314
page_index,time_cycles
0,152676
page_index,time_cycles
0,152142
page_index,time_cycles
0,132426
page_index,time_cycles
0,120734
page_index,time_cycles
0,174700
page_index,time_cycles
0,165676
page_index,time_cycles
0,138242
page_index,time_cycles
0,96618
page_index,time_cycles
0,102852
page_index,time_cycles
0,90522
page_index,time_cycles
0,150562
page_index,time_cycles
0,116586
page_index,time_cycles
0,158440
page_index,time_cycles
0,148344
page_index,time_cycles
0,90384
page_index,time_cycles
0,119300
page_index,time_cycles
0,135516
page_index,time_cycles
0,99192
page_index,time_cycles
0,80918
page_index,time_cycles
0,80794
page_index,time_cycles
0,75934
page_index,time_cycles
0,81906
page_index,time_cycles
0,94278
page_index,time_cycles
0,130390
page_index,time_cycles
0,192638
page_index,time_cycles
0,120198
page_index,time_cycles
0,131258
page_index,time_cycles
0,124220
page_index,time_cycles
0,82074
page_index,time_cycles
0,108786
page_index,time_cycles
0,132184
page_index,time_cycles
0,128738
page_index,time_cycles
0,135672
page_index,time_cycles
0,173822
page_index,time_cycles
0,135820
page_index,time_cycles
0,153636
page_index,time_cycles
0,139502
page_index,time_cycles
0,145972
page_index,time_cycles
0,112520
page_index,time_cycles
0,133254
page_index,time_cycles
0,86744
page_index,time_cycles
0,143018
page_index,time_cycles
0,137586
page_index,time_cycles
0,182966
page_index,time_cycles
0,208790
page_index,time_cycles
0,81500
page_index,time_cycles
0,192116
page_index,time_cycles
0,139028
page_index,time_cycles
0,131164
page_index,time_cycles
0,114328
page_index,time_cycles
0,85060
page_index,time_cycles
0,149182
page_index,time_cycles
0,138094
page_index,time_cycles
0,145686
page_index,time_cycles
0,148584
page_index,time_cycles
0,132166
page_index,time_cycles
0,77352
page_index,time_cycles
0,93094
page_index,time_cycles
0,146772
page_index,time_cycles
0,147106
page_index,time_cycles
0,99646
page_index,time_cycles
0,219930
page_index,time_cycles
0,108176
page_index,time_cycles
0,133108
page_index,time_cycles
0,137494
page_index,time_cycles
0,117272
page_index,time_cycles
0,221528
page_index,time_cycles
0,82420
page_index,time_cycles
0,140644
page_index,time_cycles
0,97682
page_index,time_cycles
0,94084
page_index,time_cycles
0,184754
page_index,time_cycles
0,106920
page_index,time_cycles
0,115340
page_index,time_cycles
0,125514
page_index,time_cycles
0,163528
page_index,time_cycles
0,130616
page_index,time_cycles
0,181536
page_index,time_cycles
0,130548
page_index,time_cycles
0,115564
page_index,time_cycles
0,148368
page_index,time_cycles
0,166292
page_index,time_cycles
0,137362
page_index,time_cycles
0,148390
page_index,time_cycles
0,91662
page_index,time_cycles
0,176888
page_index,time_cycles
0,121862
page_index,time_cycles
0,134570
page_index,time_cycles
0,117164
page_index,time_cycles
0,120912
page_index,time_cycles
0,127976
page_index,time_cycles
0,145692
page_index,time_cycles
0,173696
page_index,time_cycles
0,143812
page_index,time_cycles
0,152220
page_index,time_cycles
0,81622
page_index,time_cycles
0,117846
page_index,time_cycles
0,134222
page_index,time_cycles
0,120240
page_index,time_cycles
0,128962
page_index,time_cycles
0,101698
page_index,time_cycles
0,128012
page_index,time_cycles
0,121836
page_index,time_cycles
0,80988
page_index,time_cycles
0,131118
page_index,time_cycles
0,151654
page_index,time_cycles
0,86654
page_index,time_cycles
0,227854
page_index,time_cycles
0,148380
page_index,time_cycles
0,130734
page_index,time_cycles
0,88276
page_index,time_cycles
0,155980
page_index,time_cycles
0,116224
page_index,time_cycles
0,87404
page_index,time_cycles
0,78452
page_index,time_cycles
0,81652
page_index,time_cycles
0,132294
page_index,time_cycles
0,181582
page_index,time_cycles
0,130760
page_index,time_cycles
0,146900
page_index,time_cycles
0,79608
page_index,time_cycles
0,77332
page_index,time_cycles
0,122834
page_index,time_cycles
0,78140
page_index,time_cycles
0,135550
page_index,time_cycles
0,113010
page_index,time_cycles
0,145866
page_index,time_cycles
0,167668
page_index,time_cycles
0,99842
page_index,time_cycles
0,77738
page_index,time_cycles
0,132488
page_index,time_cycles
0,149958
page_index,time_cycles
0,132518
page_index,time_cycles
0,129544
page_index,time_cycles
0,86708
page_index,time_cycles
0,113054
page_index,time_cycles
0,140592
page_index,time_cycles
0,194888
page_index,time_cycles
0,135462
page_index,time_cycles
0,111920
page_index,time_cycles
0,136996
page_index,time_cycles
0,160512
page_index,time_cycles
0,127334
page_index,time_cycles
0,180832
page_index,time_cycles
0,176264
page_index,time_cycles
0,142938
page_index,time_cycles
0,133096
page_index,time_cycles
0,77618
page_index,time_cycles
0,130242
page_index,time_cycles
0,139684
page_index,time_cycles
0,147112
page_index,time_cycles
0,135264
page_index,time_cycles
0,96148
page_index,time_cycles
0,146154
page_index,time_cycles
0,111458
page_index,time_cycles
0,109760
page_index,time_cycles
0,78294
page_index,time_cycles
0,111074
page_index,time_cycles
0,140968
page_index,time_cycles
0,144724
page_index,time_cycles
0,78650
page_index,time_cycles
0,148208
page_index,time_cycles
0,147306
page_index,time_cycles
0,233506
page_index,time_cycles
0,81396
page_index,time_cycles
0,149278
page_index,time_cycles
0,124286
page_index,time_cycles
0,79410
page_index,time_cycles
0,137988
page_index,time_cycles
0,142726
page_index,time_cycles
0,134006
page_index,time_cycles
0,145170
page_index,time_cycles
0,131744
page_index,time_cycles
0,76956
page_index,time_cycles
0,144416
page_index,time_cycles
0,116558
page_index,time_cycles
0,193640
page_index,time_cycles
0,78222
page_index,time_cycles
0,82334
page_index,time_cycles
0,140450
page_index,time_cycles
0,134136
page_index,time_cycles
0,83858
page_index,time_cycles
0,115972
page_index,time_cycles
0,351286
page_index,time_cycles
0,121804
page_index,time_cycles
0,119528
page_index,time_cycles
0,155800
page_index,time_cycles
0,81334
page_index,time_cycles
0,79920
page_index,time_cycles
0,81624
page_index,time_cycles
0,231588
page_index,time_cycles
0,141098
page_index,time_cycles
0,182790
page_index,time_cycles
0,97152
page_index,time_cycles
0,124448
page_index,time_cycles
0,172604
page_index,time_cycles
0,98312
page_index,time_cycles
0,81758
page_index,time_cycles
0,95654
page_index,time_cycles
0,145002
page_index,time_cycles
0,137312
page_index,time_cycles
0,116402
page_index,time_cycles
0,125672
page_index,time_cycles
0,137196
page_index,time_cycles
0,118136
page_index,time_cycles
0,122228
page_index,time_cycles
0,139744
page_index,time_cycles
0,87350
page_index,time_cycles
0,82884
page_index,time_cycles
0,103198
page_index,time_cycles
0,118396
page_index,time_cycles
0,84828
page_index,time_cycles
0,82606
page_index,time_cycles
0,81680
page_index,time_cycles
0,155658
page_index,time_cycles
0,164680
page_index,time_cycles
0,144428
page_index,time_cycles
0,83616
page_index,time_cycles
0,97238
page_index,time_cycles
0,243544
page_index,time_cycles
0,75822
page_index,time_cycles
0,81432
page_index,time_cycles
0,78008
page_index,time_cycles
0,120308
page_index,time_cycles
0,146052
page_index,time_cycles
0,132562
page_index,time_cycles
0,156334
page_index,time_cycles
0,141018
page_index,time_cycles
0,75680
page_index,time_cycles
0,166742
page_index,time_cycles
0,128806
page_index,time_cycles
0,120850
page_index,time_cycles
0,84478
page_index,time_cycles
0,219556
page_index,time_cycles
0,131110
page_index,time_cycles
0,115092
page_index,time_cycles
0,159640
page_index,time_cycles
0,93334
page_index,time_cycles
0,138574
page_index,time_cycles
0,120626
page_index,time_cycles
0,125662
page_index,time_cycles
0,110188
page_index,time_cycles
0,136194
page_index,time_cycles
0,80682
page_index,time_cycles
0,119896
page_index,time_cycles
0,229572
page_index,time_cycles
0,139926
page_index,time_cycles
0,274128
page_index,time_cycles
0,100496
page_index,time_cycles
0,83574
page_index,time_cycles
0,98466
page_index,time_cycles
0,115534
page_index,time_cycles
0,97186
page_index,time_cycles
0,115818
page_index,time_cycles
0,141636
page_index,time_cycles
0,136064
page_index,time_cycles
0,138694
page_index,time_cycles
0,141888
page_index,time_cycles
0,140088
page_index,time_cycles
0,168068
page_index,time_cycles
0,182078
page_index,time_cycles
0,182520
page_index,time_cycles
0,123480
page_index,time_cycles
0,81714
page_index,time_cycles
0,132196
page_index,time_cycles
0,121434
page_index,time_cycles
0,200888
page_index,time_cycles
0,161180
page_index,time_cycles
0,115368
page_index,time_cycles
0,170418
page_index,time_cycles
0,109994
page_index,time_cycles
0,80270
page_index,time_cycles
0,146152
page_index,time_cycles
0,116758
page_index,time_cycles
0,138582
page_index,time_cycles
0,124676
page_index,time_cycles
0,86020
page_index,time_cycles
0,141584
page_index,time_cycles
0,198006
page_index,time_cycles
0,142360
page_index,time_cycles
0,141458
page_index,time_cycles
0,91542
page_index,time_cycles
0,102508
page_index,time_cycles
0,148384
page_index,time_cycles
0,113034
page_index,time_cycles
0,77570
page_index,time_cycles
0,115448
page_index,time_cycles
0,88722
page_index,time_cycles
0,86212
page_index,time_cycles
0,158150
page_index,time_cycles
0,80646
page_index,time_cycles
0,134394
page_index,time_cycles
0,81044
page_index,time_cycles
0,99848
page_index,time_cycles
0,129434
page_index,time_cycles
0,125600
page_index,time_cycles
0,199914
page_index,time_cycles
0,140482
page_index,time_cycles
0,93898
page_index,time_cycles
0,126984
page_index,time_cycles
0,80952
page_index,time_cycles
0,82570
page_index,time_cycles
0,78512
page_index,time_cycles
0,117468
page_index,time_cycles
0,76972
page_index,time_cycles
0,95556
page_index,time_cycles
0,111436
page_index,time_cycles
0,130772
page_index,time_cycles
0,93154
page_index,time_cycles
0,186718
page_index,time_cycles
0,80772
page_index,time_cycles
0,124502
page_index,time_cycles
0,131332
page_index,time_cycles
0,86410
page_index,time_cycles
0,106646
page_index,time_cycles
0,153804
page_index,time_cycles
0,141360
page_index,time_cycles
0,148848
page_index,time_cycles
0,91042
page_index,time_cycles
0,132358
page_index,time_cycles
0,126910
page_index,time_cycles
0,132042
page_index,time_cycles
0,79978
page_index,time_cycles
0,142736
page_index,time_cycles
0,78228
page_index,time_cycles
0,132102
page_index,time_cycles
0,107766
page_index,time_cycles
0,84954
page_index,time_cycles
0,130360
page_index,time_cycles
0,141342
page_index,time_cycles
0,126364
page_index,time_cycles
0,252114
page_index,time_cycles
0,146060
page_index,time_cycles
0,121128
page_index,time_cycles
0,93650
page_index,time_cycles
0,149436
page_index,time_cycles
0,146784
page_index,time_cycles
0,156902
page_index,time_cycles
0,113614
page_index,time_cycles
0,127270
page_index,time_cycles
0,140114
page_index,time_cycles
0,146168
page_index,time_cycles
0,165756
page_index,time_cycles
0,143476
page_index,time_cycles
0,146656
page_index,time_cycles
0,114626
page_index,time_cycles
0,161408
page_index,time_cycles
0,120204
page_index,time_cycles
0,140848
page_index,time_cycles
0,93864
page_index,time_cycles
0,130874
page_index,time_cycles
0,102414
page_index,time_cycles
0,149436
page_index,time_cycles
0,140830
page_index,time_cycles
0,128080
page_index,time_cycles
0,82714
page_index,time_cycles
0,188004
page_index,time_cycles
0,205452
page_index,time_cycles
0,183992
page_index,time_cycles
0,143580
page_index,time_cycles
0,97494
page_index,time_cycles
0,167028
page_index,time_cycles
0,133568
page_index,time_cycles
0,124502
page_index,time_cycles
0,80044
page_index,time_cycles
0,161098
page_index,time_cycles
0,191780
page_index,time_cycles
0,150224
page_index,time_cycles
0,140280
page_index,time_cycles
0,120028
page_index,time_cycles
0,122920
page_index,time_cycles
0,113642
page_index,time_cycles
0,139392
page_index,time_cycles
0,118470
page_index,time_cycles
0,212478
page_index,time_cycles
0,159544
page_index,time_cycles
0,127266
page_index,time_cycles
0,136972
page_index,time_cycles
0,76960
page_index,time_cycles
0,130892
page_index,time_cycles
0,167680
page_index,time_cycles
0,83008
page_index,time_cycles
0,129722
page_index,time_cycles
0,262442
page_index,time_cycles
0,146366
page_index,time_cycles
0,158012
page_index,time_cycles
0,133274
page_index,time_cycles
0,171236
page_index,time_cycles
0,120646
page_index,time_cycles
0,215516
page_index,time_cycles
0,77444
page_index,time_cycles
0,136536
page_index,time_cycles
0,111252
page_index,time_cycles
0,83418
page_index,time_cycles
0,111508
page_index,time_cycles
0,143306
page_index,time_cycles
0,151428
page_index,time_cycles
0,141652
page_index,time_cycles
0,112132
page_index,time_cycles
0,77734
page_index,time_cycles
0,139884
page_index,time_cycles
0,145888
page_index,time_cycles
0,121518
page_index,time_cycles
0,104916
page_index,time_cycles
0,156620
page_index,time_cycles
0,102454
page_index,time_cycles
0,135630
page_index,time_cycles
0,118518
page_index,time_cycles
0,166736
page_index,time_cycles
0,87046
page_index,time_cycles
0,125186
page_index,time_cycles
0,161474
page_index,time_cycles
0,106296
page_index,time_cycles
0,130268
page_index,time_cycles
0,108740
page_index,time_cycles
0,142714
page_index,time_cycles
0,153208
page_index,time_cycles
0,138338
page_index,time_cycles
0,137418
page_index,time_cycles
0,85728
page_index,time_cycles
0,121340
page_index,time_cycles
0,207034
page_index,time_cycles
0,146086
page_index,time_cycles
0,152740
page_index,time_cycles
0,110314
page_index,time_cycles
0,87270
page_index,time_cycles
0,81230
page_index,time_cycles
0,102614
page_index,time_cycles
0,138768
page_index,time_cycles
0,77090
page_index,time_cycles
0,124454
page_index,time_cycles
0,83916
page_index,time_cycles
0,147240
page_index,time_cycles
0,137754
page_index,time_cycles
0,116584
page_index,time_cycles
0,193794
page_index,time_cycles
0,122070
page_index,time_cycles
0,90944
page_index,time_cycles
0,76800
page_index,time_cycles
0,155202
page_index,time_cycles
0,143580
page_index,time_cycles
0,122708
page_index,time_cycles
0,179222
page_index,time_cycles
0,88370
page_index,time_cycles
0,83014
page_index,time_cycles
0,129518
page_index,time_cycles
0,131200
page_index,time_cycles
0,85264
page_index,time_cycles
0,80910
page_index,time_cycles
0,251600
page_index,time_cycles
0,83028
page_index,time_cycles
0,115592
page_index,time_cycles
0,80376
page_index,time_cycles
0,201338
page_index,time_cycles
0,105540
page_index,time_cycles
0,100480
page_index,time_cycles
0,84586
page_index,time_cycles
0,88084
page_index,time_cycles
0,148502
page_index,time_cycles
0,135762
page_index,time_cycles
0,155920
page_index,time_cycles
0,112700
page_index,time_cycles
0,154080
page_index,time_cycles
0,95070
page_index,time_cycles
0,102750
page_index,time_cycles
0,144988
page_index,time_cycles
0,146610
page_index,time_cycles
0,158680
page_index,time_cycles
0,150596
page_index,time_cycles
0,85004
page_index,time_cycles
0,104840
page_index,time_cycles
0,149068
page_index,time_cycles
0,131704
page_index,time_cycles
0,77426
page_index,time_cycles
0,160204
page_index,time_cycles
0,109958
page_index,time_cycles
0,81480
page_index,time_cycles
0,89440
page_index,time_cycles
0,130430
page_index,time_cycles
0,154580
page_index,time_cycles
0,295548
page_index,time_cycles
0,157652
page_index,time_cycles
0,128562
page_index,time_cycles
0,80154
page_index,time_cycles
0,83298
page_index,time_cycles
0,101722
page_index,time_cycles
0,77124
page_index,time_cycles
0,132482
page_index,time_cycles
0,141716
page_index,time_cycles
0,157428
page_index,time_cycles
0,151534
page_index,time_cycles
0,163700
page_index,time_cycles
0,91898
page_index,time_cycles
0,124428
page_index,time_cycles
0,128860
page_index,time_cycles
0,150290
page_index,time_cycles
0,132668
page_index,time_cycles
0,134632
page_index,time_cycles
0,135494
page_index,time_cycles
0,140586
page_index,time_cycles
0,149664
page_index,time_cycles
0,81972
page_index,time_cycles
0,117966
page_index,time_cycles
0,111116
page_index,time_cycles
0,143028
page_index,time_cycles
0,120128
page_index,time_cycles
0,139700
page_index,time_cycles
0,244838
page_index,time_cycles
0,130802
page_index,time_cycles
0,82632
page_index,time_cycles
0,81366
page_index,time_cycles
0,149272
page_index,time_cycles
0,82424
page_index,time_cycles
0,150416
page_index,time_cycles
0,84830
page_index,time_cycles
0,190602
page_index,time_cycles
0,120486
page_index,time_cycles
0,154122
page_index,time_cycles
0,166090
page_index,time_cycles
0,145986
page_index,time_cycles
0,134322
page_index,time_cycles
0,211186
page_index,time_cycles
0,130512
page_index,time_cycles
0,144812
page_index,time_cycles
0,92694
page_index,time_cycles
0,91026
page_index,time_cycles
0,81992
page_index,time_cycles
0,140314
page_index,time_cycles
0,140982
page_index,time_cycles
0,116936
page_index,time_cycles
0,145276
page_index,time_cycles
0,79968
page_index,time_cycles
0,184970
page_index,time_cycles
0,112748
page_index,time_cycles
0,272686
page_index,time_cycles
0,137152
page_index,time_cycles
0,150864
page_index,time_cycles
0,347242
page_index,time_cycles
0,81226
page_index,time_cycles
0,127452
page_index,time_cycles
0,129362
page_index,time_cycles
0,151204
page_index,time_cycles
0,135928
page_index,time_cycles
0,135266
page_index,time_cycles
0,84508
page_index,time_cycles
0,165452
page_index,time_cycles
0,78542
page_index,time_cycles
0,136162
page_index,time_cycles
0,147862
page_index,time_cycles
0,123888
page_index,time_cycles
0,119906
page_index,time_cycles
0,128192
page_index,time_cycles
0,132054
page_index,time_cycles
0,117264
page_index,time_cycles
0,140490
page_index,time_cycles
0,115388
page_index,time_cycles
0,153966
page_index,time_cycles
0,133448
page_index,time_cycles
0,80930
page_index,time_cycles
0,127684
page_index,time_cycles
0,90264
page_index,time_cycles
0,96790
page_index,time_cycles
0,88526
page_index,time_cycles
0,82620
page_index,time_cycles
0,142878
page_index,time_cycles
0,116410
page_index,time_cycles
0,199446
page_index,time_cycles
0,130978
page_index,time_cycles
0,198512
page_index,time_cycles
0,108894
page_index,time_cycles
0,81610
page_index,time_cycles
0,150984
page_index,time_cycles
0,99212
page_index,time_cycles
0,142276
page_index,time_cycles
0,94626
page_index,time_cycles
0,139850
page_index,time_cycles
0,141632
page_index,time_cycles
0,310776
page_index,time_cycles
0,83654
page_index,time_cycles
0,129648
page_index,time_cycles
0,127954
page_index,time_cycles
0,113572
page_index,time_cycles
0,89218
page_index,time_cycles
0,146336
page_index,time_cycles
0,144766
page_index,time_cycles
0,85502
page_index,time_cycles
0,114388
page_index,time_cycles
0,128488
page_index,time_cycles
0,141736
page_index,time_cycles
0,135236
page_index,time_cycles
0,147422
page_index,time_cycles
0,127036
page_index,time_cycles
0,205846
page_index,time_cycles
0,104492
page_index,time_cycles
0,140976
page_index,time_cycles
0,294402
page_index,time_cycles
0,106722
page_index,time_cycles
0,132218
page_index,time_cycles
0,107670
page_index,time_cycles
0,117524
page_index,time_cycles
0,146566
page_index,time_cycles
0,150342
page_index,time_cycles
0,150432
page_index,time_cycles
0,134758
page_index,time_cycles
0,139868
page_index,time_cycles
0,132234
page_index,time_cycles
0,138720
page_index,time_cycles
0,224330
page_index,time_cycles
0,124276
page_index,time_cycles
0,135138
page_index,time_cycles
0,86848
page_index,time_cycles
0,127038
page_index,time_cycles
0,123576
page_index,time_cycles
0,78104
page_index,time_cycles
0,117214
page_index,time_cycles
0,152086
page_index,time_cycles
0,134026
page_index,time_cycles
0,110384
page_index,time_cycles
0,119282
page_index,time_cycles
0,132678
page_index,time_cycles
0,103546
page_index,time_cycles
0,142382
page_index,time_cycles
0,80650
page_index,time_cycles
0,81578
page_index,time_cycles
0,160758
page_index,time_cycles
0,134368
page_index,time_cycles
0,145424
page_index,time_cycles
0,121862
page_index,time_cycles
0,95020
page_index,time_cycles
0,83568
page_index,time_cycles
0,140064
page_index,time_cycles
0,82098
page_index,time_cycles
0,78498
page_index,time_cycles
0,154964
page_index,time_cycles
0,133078
page_index,time_cycles
0,135008
page_index,time_cycles
0,219048
page_index,time_cycles
0,117880
page_index,time_cycles
0,145854
page_index,time_cycles
0,96262
page_index,time_cycles
0,143200
page_index,time_cycles
0,136774
page_index,time_cycles
0,95560
page_index,time_cycles
0,130166
page_index,time_cycles
0,128482
page_index,time_cycles
0,215630
page_index,time_cycles
0,78006
page_index,time_cycles
0,104732
page_index,time_cycles
0,96378
page_index,time_cycles
0,110962
page_index,time_cycles
0,147214
page_index,time_cycles
0,143254
page_index,time_cycles
0,114888
page_index,time_cycles
0,89170
page_index,time_cycles
0,164180
page_index,time_cycles
0,82998
page_index,time_cycles
0,100110
page_index,time_cycles
0,118710
page_index,time_cycles
0,134122
page_index,time_cycles
0,143526
page_index,time_cycles
0,125878
page_index,time_cycles
0,134718
page_index,time_cycles
0,144882
page_index,time_cycles
0,129278
page_index,time_cycles
0,145514
page_index,time_cycles
0,167100
page_index,time_cycles
0,93910
page_index,time_cycles
0,130724
page_index,time_cycles
0,106338
page_index,time_cycles
0,140500
page_index,time_cycles
0,96368
page_index,time_cycles
0,153438
page_index,time_cycles
0,107714
page_index,time_cycles
0,137486
page_index,time_cycles
0,142588
page_index,time_cycles
0,211502
page_index,time_cycles
0,137684
page_index,time_cycles
0,158202
page_index,time_cycles
0,88664
page_index,time_cycles
0,184092
page_index,time_cycles
0,79542
page_index,time_cycles
0,145788
page_index,time_cycles
0,135920
page_index,time_cycles
0,93738
page_index,time_cycles
0,132506
page_index,time_cycles
0,153264
page_index,time_cycles
0,153402
page_index,time_cycles
0,208306
page_index,time_cycles
0,132764
page_index,time_cycles
0,128460
page_index,time_cycles
0,122352
page_index,time_cycles
0,82478
page_index,time_cycles
0,151062
page_index,time_cycles
0,170416
page_index,time_cycles
0,148264
page_index,time_cycles
0,84662
page_index,time_cycles
0,109234
page_index,time_cycles
0,111740
page_index,time_cycles
0,235054
page_index,time_cycles
0,124246
page_index,time_cycles
0,140176
page_index,time_cycles
0,121228
page_index,time_cycles
0,146694
page_index,time_cycles
0,77922
page_index,time_cycles
0,127892
page_index,time_cycles
0,81132
page_index,time_cycles
0,120614
page_index,time_cycles
0,141794
page_index,time_cycles
0,114710
page_index,time_cycles
0,108394
page_index,time_cycles
0,77310
page_index,time_cycles
0,116854
page_index,time_cycles
0,131156
page_index,time_cycles
0,132836
page_index,time_cycles
0,83474
page_index,time_cycles
0,122212
page_index,time_cycles
0,88882
page_index,time_cycles
0,77834
page_index,time_cycles
0,128606
page_index,time_cycles
0,79784
page_index,time_cycles
0,140722
page_index,time_cycles
0,146660
page_index,time_cycles
0,137194
page_index,time_cycles
0,163010
page_index,time_cycles
0,150766
page_index,time_cycles
0,131012
page_index,time_cycles
0,81598
page_index,time_cycles
0,171726
page_index,time_cycles
0,132610
page_index,time_cycles
0,112790
page_index,time_cycles
0,156000
page_index,time_cycles
0,103458
page_index,time_cycles
0,90550
page_index,time_cycles
0,124802
page_index,time_cycles
0,138642
page_index,time_cycles
0,180566
page_index,time_cycles
0,77322
page_index,time_cycles
0,123908
page_index,time_cycles
0,216582
page_index,time_cycles
0,143164
page_index,time_cycles
0,212592
page_index,time_cycles
0,97730
page_index,time_cycles
0,131146
page_index,time_cycles
0,89252
page_index,time_cycles
0,80896
page_index,time_cycles
0,80976
page_index,time_cycles
0,80378
page_index,time_cycles
0,120224
page_index,time_cycles
0,148958
page_index,time_cycles
0,142122
page_index,time_cycles
0,86898
page_index,time_cycles
0,115374
page_index,time_cycles
0,136594
page_index,time_cycles
0,132306
page_index,time_cycles
0,129870
page_index,time_cycles
0,101024
page_index,time_cycles
0,130982
page_index,time_cycles
0,114516
page_index,time_cycles
0,126334
page_index,time_cycles
0,135604
page_index,time_cycles
0,136642
page_index,time_cycles
0,182568
page_index,time_cycles
0,86520
page_index,time_cycles
0,123070
page_index,time_cycles
0,132810
page_index,time_cycles
0,82298
page_index,time_cycles
0,109248
page_index,time_cycles
0,135322
page_index,time_cycles
0,144430
page_index,time_cycles
0,139104
page_index,time_cycles
0,132094
page_index,time_cycles
0,79426
page_index,time_cycles
0,90508
page_index,time_cycles
0,81604
page_index,time_cycles
0,179892
page_index,time_cycles
0,76540
page_index,time_cycles
0,120734
page_index,time_cycles
0,166368
page_index,time_cycles
0,136722
page_index,time_cycles
0,83862
page_index,time_cycles
0,182018
page_index,time_cycles
0,134478
page_index,time_cycles
0,111354
page_index,time_cycles
0,111992
page_index,time_cycles
0,191652
page_index,time_cycles
0,120270
page_index,time_cycles
0,142602
page_index,time_cycles
0,117954
page_index,time_cycles
0,175916
page_index,time_cycles
0,142318
page_index,time_cycles
0,130826
page_index,time_cycles
0,112466
page_index,time_cycles
0,81072
page_index,time_cycles
0,84930
page_index,time_cycles
0,149488
page_index,time_cycles
0,134972
page_index,time_cycles
0,79898
page_index,time_cycles
0,80746
page_index,time_cycles
0,111316
page_index,time_cycles
0,150526
page_index,time_cycles
0,149662
page_index,time_cycles
0,78092
page_index,time_cycles
0,122686
page_index,time_cycles
0,137578
page_index,time_cycles
0,147894
page_index,time_cycles
0,190340
page_index,time_cycles
0,129580
page_index,time_cycles
0,148102
page_index,time_cycles
0,120400
page_index,time_cycles
0,118338
page_index,time_cycles
0,169646
page_index,time_cycles
0,105800
page_index,time_cycles
0,132558
page_index,time_cycles
0,122848
page_index,time_cycles
0,206290
page_index,time_cycles
0,151666
page_index,time_cycles
0,111662
page_index,time_cycles
0,85630
page_index,time_cycles
0,135732
page_index,time_cycles
0,145650
page_index,time_cycles
0,75934
page_index,time_cycles
0,144116
page_index,time_cycles
0,100422
page_index,time_cycles
0,98082
page_index,time_cycles
0,132426
page_index,time_cycles
0,161558
page_index,time_cycles
0,127216
page_index,time_cycles
0,81466
page_index,time_cycles
0,146410
page_index,time_cycles
0,125900
page_index,time_cycles
0,112212
page_index,time_cycles
0,144430
page_index,time_cycles
0,79420
page_index,time_cycles
0,89826
page_index,time_cycles
0,136810
page_index,time_cycles
0,136104
page_index,time_cycles
0,107156
page_index,time_cycles
0,192682
page_index,time_cycles
0,175638
page_index,time_cycles
0,83206
page_index,time_cycles
0,180392
page_index,time_cycles
0,117412
page_index,time_cycles
0,181914
page_index,time_cycles
0,137612
page_index,time_cycles
0,256256
page_index,time_cycles
0,182504
page_index,time_cycles
0,207550
page_index,time_cycles
0,80898
page_index,time_cycles
0,89156
page_index,time_cycles
0,121454
page_index,time_cycles
0,151652
page_index,time_cycles
0,83478
page_index,time_cycles
0,159964
page_index,time_cycles
0,148264
page_index,time_cycles
0,129556
page_index,time_cycles
0,125188
page_index,time_cycles
0,168348
page_index,time_cycles
0,140012
page_index,time_cycles
0,145228
page_index,time_cycles
0,138680
page_index,time_cycles
0,142296
page_index,time_cycles
0,83178
page_index,time_cycles
0,108454
page_index,time_cycles
0,137364
page_index,time_cycles
0,168810
page_index,time_cycles
0,128344
page_index,time_cycles
0,97442
page_index,time_cycles
0,115360
page_index,time_cycles
0,97644
page_index,time_cycles
0,142948
page_index,time_cycles
0,112020
page_index,time_cycles
0,92268
page_index,time_cycles
0,99114
page_index,time_cycles
0,83970
page_index,time_cycles
0,80202
page_index,time_cycles
0,174486
page_index,time_cycles
0,80110
page_index,time_cycles
0,85980
page_index,time_cycles
0,98346
page_index,time_cycles
0,75944
page_index,time_cycles
0,167722
page_index,time_cycles
0,152480
page_index,time_cycles
0,157422
page_index,time_cycles
0,82982
page_index,time_cycles
0,88890
page_index,time_cycles
0,114834
page_index,time_cycles
0,136342
page_index,time_cycles
0,107500
page_index,time_cycles
0,136978
page_index,time_cycles
0,87550
page_index,time_cycles
0,135008
page_index,time_cycles
0,136712
page_index,time_cycles
0,288226
page_index,time_cycles
0,101382
page_index,time_cycles
0,135720
page_index,time_cycles
0,151360
page_index,time_cycles
0,158428
page_index,time_cycles
0,126056
page_index,time_cycles
0,170338
page_index,time_cycles
0,113456
page_index,time_cycles
0,77544
page_index,time_cycles
0,112098
page_index,time_cycles
0,153186
page_index,time_cycles
0,99872
page_index,time_cycles
0,81042
page_index,time_cycles
0,91060
page_index,time_cycles
0,128704
page_index,time_cycles
0,256802
page_index,time_cycles
0,83580
page_index,time_cycles
0,148086
page_index,time_cycles
0,165216
page_index,time_cycles
0,151308
page_index,time_cycles
0,82120
page_index,time_cycles
0,116650
page_index,time_cycles
0,146128
page_index,time_cycles
0,110012
page_index,time_cycles
0,104492
page_index,time_cycles
0,129228
page_index,time_cycles
0,140604
page_index,time_cycles
0,119416
page_index,time_cycles
0,78008
page_index,time_cycles
0,103978
page_index,time_cycles
0,124838
page_index,time_cycles
0,80076
page_index,time_cycles
0,139892
page_index,time_cycles
0,165918
page_index,time_cycles
0,92378
page_index,time_cycles
0,147854
page_index,time_cycles
0,153680
page_index,time_cycles
0,113090
page_index,time_cycles
0,153062
page_index,time_cycles
0,86512
page_index,time_cycles
0,136474
page_index,time_cycles
0,142962
page_index,time_cycles
0,169332
page_index,time_cycles
0,138608
page_index,time_cycles
0,140728
page_index,time_cycles
0,132638
page_index,time_cycles
0,116552
page_index,time_cycles
0,191358
page_index,time_cycles
0,122182
page_index,time_cycles
0,91818
page_index,time_cycles
0,92936
page_index,time_cycles
0,138670
page_index,time_cycles
0,147120
page_index,time_cycles
0,139792
page_index,time_cycles
0,111978
page_index,time_cycles
0,147290
page_index,time_cycles
0,120022
page_index,time_cycles
0,192954
page_index,time_cycles
0,151358
page_index,time_cycles
0,146418
page_index,time_cycles
0,137874
page_index,time_cycles
0,136740
page_index,time_cycles
0,143966
page_index,time_cycles
0,110326
page_index,time_cycles
0,104540
page_index,time_cycles
0,142056
page_index,time_cycles
0,146910
page_index,time_cycles
0,161230
page_index,time_cycles
0,153878
page_index,time_cycles
0,176894
page_index,time_cycles
0,125192
page_index,time_cycles
0,96038
page_index,time_cycles
0,90570
page_index,time_cycles
0,98212
page_index,time_cycles
0,134972
page_index,time_cycles
0,151706
page_index,time_cycles
0,143994
page_index,time_cycles
0,103826
page_index,time_cycles
0,134050
page_index,time_cycles
0,129554
page_index,time_cycles
0,131048
page_index,time_cycles
0,135438
page_index,time_cycles
0,136990
page_index,time_cycles
0,137858
page_index,time_cycles
0,117402
page_index,time_cycles
0,131234
page_index,time_cycles
0,138748
page_index,time_cycles
0,112008
page_index,time_cycles
0,97174
page_index,time_cycles
0,141726
page_index,time_cycles
0,88946
page_index,time_cycles
0,164812
page_index,time_cycles
0,81734
page_index,time_cycles
0,135000
page_index,time_cycles
0,140244
page_index,time_cycles
0,122688
page_index,time_cycles
0,109728
page_index,time_cycles
0,118114
page_index,time_cycles
0,152232
page_index,time_cycles
0,156788
page_index,time_cycles
0,95082
page_index,time_cycles
0,80342
page_index,time_cycles
0,89932
page_index,time_cycles
0,173174
page_index,time_cycles
0,227466
page_index,time_cycles
0,133492
page_index,time_cycles
0,128054
page_index,time_cycles
0,117842
page_index,time_cycles
0,192226
page_index,time_cycles
0,153184
page_index,time_cycles
0,145814
page_index,time_cycles
0,146978
page_index,time_cycles
0,139086
page_index,time_cycles
0,104172
page_index,time_cycles
0,133584
page_index,time_cycles
0,81434
page_index,time_cycles
0,80378
page_index,time_cycles
0,145706
page_index,time_cycles
0,145756
page_index,time_cycles
0,80148
page_index,time_cycles
0,118938
page_index,time_cycles
0,98202
page_index,time_cycles
0,95424
page_index,time_cycles
0,175156
page_index,time_cycles
0,188908
page_index,time_cycles
0,151476
page_index,time_cycles
0,127444
page_index,time_cycles
0,147782
page_index,time_cycles
0,135356
page_index,time_cycles
0,143558
page_index,time_cycles
0,166432
page_index,time_cycles
0,166464
page_index,time_cycles
0,145176
page_index,time_cycles
0,80690
page_index,time_cycles
0,116106
page_index,time_cycles
0,152316
page_index,time_cycles
0,94932
page_index,time_cycles
0,128246
page_index,time_cycles
0,119146
page_index,time_cycles
0,79872
page_index,time_cycles
0,130342
page_index,time_cycles
0,134784
page_index,time_cycles
0,117254
page_index,time_cycles
0,104300
page_index,time_cycles
0,80816
page_index,time_cycles
0,118776
page_index,time_cycles
0,136618
page_index,time_cycles
0,77476
page_index,time_cycles
0,153106
page_index,time_cycles
0,86334
page_index,time_cycles
0,111246
page_index,time_cycles
0,94878
page_index,time_cycles
0,154740
page_index,time_cycles
0,81844
page_index,time_cycles
0,85564
page_index,time_cycles
0,84294
page_index,time_cycles
0,106422
page_index,time_cycles
0,131876
page_index,time_cycles
0,97752
page_index,time_cycles
0,81350
page_index,time_cycles
0,74634
page_index,time_cycles
0,110628
page_index,time_cycles
0,140632
page_index,time_cycles
0,168922
page_index,time_cycles
0,125156
page_index,time_cycles
0,140632
page_index,time_cycles
0,134078
page_index,time_cycles
0,141954
page_index,time_cycles
0,80628
page_index,time_cycles
0,119890
page_index,time_cycles
0,124774
page_index,time_cycles
0,88678
page_index,time_cycles
0,78892
page_index,time_cycles
0,149240
page_index,time_cycles
0,150910
page_index,time_cycles
0,77774
page_index,time_cycles
0,131854
page_index,time_cycles
0,151978
page_index,time_cycles
0,83786
page_index,time_cycles
0,143756
page_index,time_cycles
0,144574
page_index,time_cycles
0,144160
page_index,time_cycles
0,266420
page_index,time_cycles
0,147578
page_index,time_cycles
0,79750
page_index,time_cycles
0,134952
page_index,time_cycles
0,112042
page_index,time_cycles
0,119328
page_index,time_cycles
0,99514
page_index,time_cycles
0,81204
page_index,time_cycles
0,134348
page_index,time_cycles
0,163552
page_index,time_cycles
0,187728
page_index,time_cycles
0,185804
page_index,time_cycles
0,128406
page_index,time_cycles
0,148930
page_index,time_cycles
0,89836
page_index,time_cycles
0,219078
page_index,time_cycles
0,137578
page_index,time_cycles
0,131878
page_index,time_cycles
0,92054
page_index,time_cycles
0,78450
page_index,time_cycles
0,130326
page_index,time_cycles
0,86042
page_index,time_cycles
0,145800
page_index,time_cycles
0,210460
page_index,time_cycles
0,124808
page_index,time_cycles
0,125062
page_index,time_cycles
0,126926
page_index,time_cycles
0,155668
page_index,time_cycles
0,138610
page_index,time_cycles
0,83974
page_index,time_cycles
0,82532
page_index,time_cycles
0,118924
page_index,time_cycles
0,93714
page_index,time_cycles
0,149926
page_index,time_cycles
0,84546
page_index,time_cycles
0,323526
page_index,time_cycles
0,238750
page_index,time_cycles
0,123834
page_index,time_cycles
0,124796
page_index,time_cycles
0,157922
page_index,time_cycles
0,195800
page_index,time_cycles
0,170604
page_index,time_cycles
0,113346
page_index,time_cycles
0,144548
page_index,time_cycles
0,84192
page_index,time_cycles
0,115912
page_index,time_cycles
0,104722
page_index,time_cycles
0,133358
page_index,time_cycles
0,166706
page_index,time_cycles
0,79462
page_index,time_cycles
0,165894
page_index,time_cycles
0,193584
page_index,time_cycles
0,114050
page_index,time_cycles
0,88558
page_index,time_cycles
0,131754
page_index,time_cycles
0,130020
page_index,time_cycles
0,164686
page_index,time_cycles
0,80276
page_index,time_cycles
0,80042
page_index,time_cycles
0,98636
page_index,time_cycles
0,92066
page_index,time_cycles
0,122098
page_index,time_cycles
0,130762
page_index,time_cycles
0,98512
page_index,time_cycles
0,148124
page_index,time_cycles
0,141468
page_index,time_cycles
0,117706
page_index,time_cycles
0,173018
page_index,time_cycles
0,135214
page_index,time_cycles
0,130944
page_index,time_cycles
0,137728
page_index,time_cycles
0,117476
page_index,time_cycles
0,83732
page_index,time_cycles
0,79268
page_index,time_cycles
0,180488
page_index,time_cycles
0,136272
page_index,time_cycles
0,78054
page_index,time_cycles
0,129466
page_index,time_cycles
0,120940
page_index,time_cycles
0,139740
page_index,time_cycles
0,159108
page_index,time_cycles
0,119040
page_index,time_cycles
0,141040
page_index,time_cycles
0,206404
page_index,time_cycles
0,79890
page_index,time_cycles
0,138676
page_index,time_cycles
0,109174
page_index,time_cycles
0,133970
page_index,time_cycles
0,118976
page_index,time_cycles
0,122928
page_index,time_cycles
0,139602
page_index,time_cycles
0,164374
page_index,time_cycles
0,127574
page_index,time_cycles
0,122972
page_index,time_cycles
0,81386
page_index,time_cycles
0,130424
page_index,time_cycles
0,124934
page_index,time_cycles
0,125236
page_index,time_cycles
0,126532
page_index,time_cycles
0,75856
page_index,time_cycles
0,88108
page_index,time_cycles
0,177698
page_index,time_cycles
0,135176
page_index,time_cycles
0,180300
page_index,time_cycles
0,114938
page_index,time_cycles
0,130248
page_index,time_cycles
0,81268
page_index,time_cycles
0,85624
page_index,time_cycles
0,83644
page_index,time_cycles
0,160234
page_index,time_cycles
0,145674
page_index,time_cycles
0,106846
page_index,time_cycles
0,136986
page_index,time_cycles
0,148348
page_index,time_cycles
0,190072
page_index,time_cycles
0,110808
page_index,time_cycles
0,106132
page_index,time_cycles
0,96142
page_index,time_cycles
0,138128
page_index,time_cycles
0,122900
page_index,time_cycles
0,129648
page_index,time_cycles
0,98580
page_index,time_cycles
0,135956
page_index,time_cycles
0,138734
page_index,time_cycles
0,142532
page_index,time_cycles
0,77558
page_index,time_cycles
0,146732
page_index,time_cycles
0,158938
page_index,time_cycles
0,144720
page_index,time_cycles
0,130252
page_index,time_cycles
0,102440
page_index,time_cycles
0,79396
page_index,time_cycles
0,208820
page_index,time_cycles
0,80748
page_index,time_cycles
0,162322
page_index,time_cycles
0,117592
page_index,time_cycles
0,80374
page_index,time_cycles
0,84428
page_index,time_cycles
0,129210
page_index,time_cycles
0,131736
page_index,time_cycles
0,80988
page_index,time_cycles
0,102922
page_index,time_cycles
0,98886
page_index,time_cycles
0,138674
page_index,time_cycles
0,132590
page_index,time_cycles
0,103076
page_index,time_cycles
0,79320
page_index,time_cycles
0,82252
page_index,time_cycles
0,89968
page_index,time_cycles
0,89080
page_index,time_cycles
0,91550
page_index,time_cycles
0,77074
page_index,time_cycles
0,160732
page_index,time_cycles
0,91706
page_index,time_cycles
0,112936
page_index,time_cycles
0,138526
page_index,time_cycles
0,145040
page_index,time_cycles
0,137498
page_index,time_cycles
0,149518
page_index,time_cycles
0,176152
page_index,time_cycles
0,122210
page_index,time_cycles
0,114526
page_index,time_cycles
0,111928
page_index,time_cycles
0,132404
page_index,time_cycles
0,98958
page_index,time_cycles
0,131332
page_index,time_cycles
0,152458
page_index,time_cycles
0,203244
page_index,time_cycles
0,94528
page_index,time_cycles
0,128936
page_index,time_cycles
0,78432
page_index,time_cycles
0,120472
page_index,time_cycles
0,137832
page_index,time_cycles
0,146904
page_index,time_cycles
0,78474
page_index,time_cycles
0,115462
page_index,time_cycles
0,80600
page_index,time_cycles
0,196514
page_index,time_cycles
0,132928
page_index,time_cycles
0,143090
page_index,time_cycles
0,80350
page_index,time_cycles
0,116830
page_index,time_cycles
0,104740
page_index,time_cycles
0,184064
page_index,time_cycles
0,138312
page_index,time_cycles
0,82448
page_index,time_cycles
0,152302
page_index,time_cycles
0,156438
page_index,time_cycles
0,111510
page_index,time_cycles
0,127320
page_index,time_cycles
0,112686
page_index,time_cycles
0,86986
page_index,time_cycles
0,100424
page_index,time_cycles
0,144272
page_index,time_cycles
0,198452
page_index,time_cycles
0,120426
page_index,time_cycles
0,140792
page_index,time_cycles
0,143872
page_index,time_cycles
0,86034
page_index,time_cycles
0,149866
page_index,time_cycles
0,144000
page_index,time_cycles
0,138468
page_index,time_cycles
0,137526
page_index,time_cycles
0,133156
page_index,time_cycles
0,146430
page_index,time_cycles
0,93556
page_index,time_cycles
0,108744
page_index,time_cycles
0,102940
page_index,time_cycles
0,141402
page_index,time_cycles
0,131382
page_index,time_cycles
0,123074
page_index,time_cycles
0,178526
page_index,time_cycles
0,132996
page_index,time_cycles
0,119326
page_index,time_cycles
0,177982
page_index,time_cycles
0,124828
page_index,time_cycles
0,138444
page_index,time_cycles
0,133362
page_index,time_cycles
0,116680
page_index,time_cycles
0,87556
page_index,time_cycles
0,194158
page_index,time_cycles
0,157848
page_index,time_cycles
0,124950
page_index,time_cycles
0,160750
page_index,time_cycles
0,137822
page_index,time_cycles
0,151522
page_index,time_cycles
0,142650
page_index,time_cycles
0,135508
page_index,time_cycles
0,87966
page_index,time_cycles
0,168222
page_index,time_cycles
0,79916
page_index,time_cycles
0,195946
page_index,time_cycles
0,139100
page_index,time_cycles
0,151312
page_index,time_cycles
0,81212
page_index,time_cycles
0,134014
page_index,time_cycles
0,77806
page_index,time_cycles
0,142692
page_index,time_cycles
0,79986
page_index,time_cycles
0,110036
page_index,time_cycles
0,103576
page_index,time_cycles
0,124828
page_index,time_cycles
0,143402
page_index,time_cycles
0,138554
page_index,time_cycles
0,180142
page_index,time_cycles
0,87530
page_index,time_cycles
0,128134
page_index,time_cycles
0,114718
page_index,time_cycles
0,129076
page_index,time_cycles
0,93030
page_index,time_cycles
0,100900
page_index,time_cycles
0,207922
page_index,time_cycles
0,88568
page_index,time_cycles
0,111656
page_index,time_cycles
0,104548
page_index,time_cycles
0,133812
page_index,time_cycles
0,164028
page_index,time_cycles
0,86108
page_index,time_cycles
0,148634
page_index,time_cycles
0,91730
page_index,time_cycles
0,133186
page_index,time_cycles
0,142694
page_index,time_cycles
0,193750
page_index,time_cycles
0,85750
page_index,time_cycles
0,135296
page_index,time_cycles
0,100414
page_index,time_cycles
0,171316
page_index,time_cycles
0,132056
page_index,time_cycles
0,168396
page_index,time_cycles
0,187942
page_index,time_cycles
0,156036
page_index,time_cycles
0,120766
page_index,time_cycles
0,117110
page_index,time_cycles
0,146004
page_index,time_cycles
0,212146
page_index,time_cycles
0,108514
page_index,time_cycles
0,179026
page_index,time_cycles
0,121076
page_index,time_cycles
0,146792
page_index,time_cycles
0,141398
page_index,time_cycles
0,100232
page_index,time_cycles
0,134786
page_index,time_cycles
0,80838
page_index,time_cycles
0,85322
page_index,time_cycles
0,199106
page_index,time_cycles
0,96288
page_index,time_cycles
0,126854
page_index,time_cycles
0,138160
page_index,time_cycles
0,103704
page_index,time_cycles
0,107522
page_index,time_cycles
0,163606
page_index,time_cycles
0,135282
page_index,time_cycles
0,142510
page_index,time_cycles
0,101582
page_index,time_cycles
0,129350
page_index,time_cycles
0,78452
page_index,time_cycles
0,125738
page_index,time_cycles
0,122344
page_index,time_cycles
0,173640
page_index,time_cycles
0,131152
page_index,time_cycles
0,95300
page_index,time_cycles
0,109272
page_index,time_cycles
0,133520
page_index,time_cycles
0,108244
page_index,time_cycles
0,209790
page_index,time_cycles
0,137846
page_index,time_cycles
0,96200
page_index,time_cycles
0,166176
page_index,time_cycles
0,196270
page_index,time_cycles
0,111466
page_index,time_cycles
0,83890
page_index,time_cycles
0,102738
page_index,time_cycles
0,116826
page_index,time_cycles
0,181744
page_index,time_cycles
0,76794
page_index,time_cycles
0,140630
page_index,time_cycles
0,108014
page_index,time_cycles
0,139852
page_index,time_cycles
0,127436
page_index,time_cycles
0,147792
page_index,time_cycles
0,97198
page_index,time_cycles
0,124484
page_index,time_cycles
0,85160
page_index,time_cycles
0,138250
page_index,time_cycles
0,130370
page_index,time_cycles
0,90312
page_index,time_cycles
0,133176
page_index,time_cycles
0,86892
page_index,time_cycles
0,78796
page_index,time_cycles
0,129846
page_index,time_cycles
0,137818
page_index,time_cycles
0,147232
page_index,time_cycles
0,128276
page_index,time_cycles
0,105768
page_index,time_cycles
0,198902
page_index,time_cycles
0,86982
page_index,time_cycles
0,111154
page_index,time_cycles
0,227142
page_index,time_cycles
0,153478
page_index,time_cycles
0,129550
page_index,time_cycles
0,118822
page_index,time_cycles
0,116588
page_index,time_cycles
0,147858
page_index,time_cycles
0,114840
page_index,time_cycles
0,148066
page_index,time_cycles
0,102526
page_index,time_cycles
0,105478
page_index,time_cycles
0,111718
page_index,time_cycles
0,90022
page_index,time_cycles
0,88002
page_index,time_cycles
0,147274
page_index,time_cycles
0,79478
page_index,time_cycles
0,178184
page_index,time_cycles
0,83686
page_index,time_cycles
0,163662
page_index,time_cycles
0,168308
page_index,time_cycles
0,84430
page_index,time_cycles
0,104608
page_index,time_cycles
0,84000
page_index,time_cycles
0,127950
page_index,time_cycles
0,145286
page_index,time_cycles
0,82086
page_index,time_cycles
0,118146
page_index,time_cycles
0,79866
page_index,time_cycles
0,111150
page_index,time_cycles
0,137640
page_index,time_cycles
0,242110
page_index,time_cycles
0,132618
page_index,time_cycles
0,87634
page_index,time_cycles
0,113736
page_index,time_cycles
0,141096
page_index,time_cycles
0,126432
page_index,time_cycles
0,131572
page_index,time_cycles
0,115678
page_index,time_cycles
0,120480
page_index,time_cycles
0,138946
page_index,time_cycles
0,139152
page_index,time_cycles
0,124808
page_index,time_cycles
0,130910
page_index,time_cycles
0,94550
page_index,time_cycles
0,122686
page_index,time_cycles
0,88636
page_index,time_cycles
0,126010
page_index,time_cycles
0,133046
page_index,time_cycles
0,112982
page_index,time_cycles
0,139430
page_index,time_cycles
0,136110
page_index,time_cycles
0,154812
page_index,time_cycles
0,133892
page_index,time_cycles
0,130532
page_index,time_cycles
0,186754
page_index,time_cycles
0,77224
page_index,time_cycles
0,105308
page_index,time_cycles
0,117760
page_index,time_cycles
0,113388
page_index,time_cycles
0,126988
page_index,time_cycles
0,126480
page_index,time_cycles
0,118004
page_index,time_cycles
0,83718
page_index,time_cycles
0,134638
page_index,time_cycles
0,133022
page_index,time_cycles
0,127274
page_index,time_cycles
0,138994
page_index,time_cycles
0,108586
page_index,time_cycles
0,130446
page_index,time_cycles
0,86344
page_index,time_cycles
0,78294
page_index,time_cycles
0,106766
page_index,time_cycles
0,91260
page_index,time_cycles
0,139036
page_index,time_cycles
0,163476
page_index,time_cycles
0,132396
page_index,time_cycles
0,134100
page_index,time_cycles
0,118400
page_index,time_cycles
0,171662
page_index,time_cycles
0,163082
page_index,time_cycles
0,80568
page_index,time_cycles
0,107036
page_index,time_cycles
0,145786
page_index,time_cycles
0,85486
page_index,time_cycles
0,78822
page_index,time_cycles
0,120514
page_index,time_cycles
0,133360
page_index,time_cycles
0,126168
page_index,time_cycles
0,140742
page_index,time_cycles
0,121330
page_index,time_cycles
0,107798
page_index,time_cycles
0,135268
page_index,time_cycles
0,141384
page_index,time_cycles
0,159684
page_index,time_cycles
0,141706
page_index,time_cycles
0,130980
page_index,time_cycles
0,116722
page_index,time_cycles
0,168336
page_index,time_cycles
0,137862
page_index,time_cycles
0,102170
page_index,time_cycles
0,132056
page_index,time_cycles
0,136602
page_index,time_cycles
0,148428
page_index,time_cycles
0,151044
page_index,time_cycles
0,80564
page_index,time_cycles
0,134456
page_index,time_cycles
0,162656
page_index,time_cycles
0,150978
page_index,time_cycles
0,160478
page_index,time_cycles
0,145562
page_index,time_cycles
0,142922
page_index,time_cycles
0,254640
page_index,time_cycles
0,78870
page_index,time_cycles
0,162358
page_index,time_cycles
0,135780
page_index,time_cycles
0,128976
page_index,time_cycles
0,129162
page_index,time_cycles
0,153166
page_index,time_cycles
0,158806
page_index,time_cycles
0,144790
page_index,time_cycles
0,110768
page_index,time_cycles
0,131100
page_index,time_cycles
0,112062
page_index,time_cycles
0,91286
page_index,time_cycles
0,132028
page_index,time_cycles
0,100700
page_index,time_cycles
0,109418
page_index,time_cycles
0,81840
page_index,time_cycles
0,146652
page_index,time_cycles
0,153254
page_index,time_cycles
0,87726
page_index,time_cycles
0,81484
page_index,time_cycles
0,82630
page_index,time_cycles
0,95454
page_index,time_cycles
0,138214
page_index,time_cycles
0,139154
page_index,time_cycles
0,104908
page_index,time_cycles
0,193130
page_index,time_cycles
0,149870
page_index,time_cycles
0,190054
page_index,time_cycles
0,82014
page_index,time_cycles
0,97402
page_index,time_cycles
0,121332
page_index,time_cycles
0,100626
page_index,time_cycles
0,124158
page_index,time_cycles
0,82448
page_index,time_cycles
0,109966
page_index,time_cycles
0,100196
page_index,time_cycles
0,92238
page_index,time_cycles
0,139334
page_index,time_cycles
0,122194
page_index,time_cycles
0,145266
page_index,time_cycles
0,83072
page_index,time_cycles
0,82066
page_index,time_cycles
0,157832
page_index,time_cycles
0,136356
page_index,time_cycles
0,162210
page_index,time_cycles
0,160932
page_index,time_cycles
0,81244
page_index,time_cycles
0,143980
page_index,time_cycles
0,131386
page_index,time_cycles
0,161744
page_index,time_cycles
0,129730
page_index,time_cycles
0,139494
page_index,time_cycles
0,134114
page_index,time_cycles
0,181616
page_index,time_cycles
0,117152
page_index,time_cycles
0,92744
page_index,time_cycles
0,143880
page_index,time_cycles
0,99834
page_index,time_cycles
0,90244
page_index,time_cycles
0,157176
page_index,time_cycles
0,107594
page_index,time_cycles
0,112782
page_index,time_cycles
0,90738
page_index,time_cycles
0,124840
page_index,time_cycles
0,116790
page_index,time_cycles
0,160254
page_index,time_cycles
0,130352
page_index,time_cycles
0,154338
page_index,time_cycles
0,119012
page_index,time_cycles
0,106670
page_index,time_cycles
0,146152
page_index,time_cycles
0,84164
page_index,time_cycles
0,138528
page_index,time_cycles
0,82494
page_index,time_cycles
0,79268
page_index,time_cycles
0,127996
page_index,time_cycles
0,161268
page_index,time_cycles
0,234530
page_index,time_cycles
0,117634
page_index,time_cycles
0,81180
page_index,time_cycles
0,91900
page_index,time_cycles
0,132138
page_index,time_cycles
0,78236
page_index,time_cycles
0,130692
page_index,time_cycles
0,97940
page_index,time_cycles
0,132812
page_index,time_cycles
0,139078
page_index,time_cycles
0,80870
page_index,time_cycles
0,88292
page_index,time_cycles
0,128060
page_index,time_cycles
0,82690
page_index,time_cycles
0,134296
page_index,time_cycles
0,76446
page_index,time_cycles
0,77662
page_index,time_cycles
0,130294
page_index,time_cycles
0,152444
page_index,time_cycles
0,134864
page_index,time_cycles
0,221114
page_index,time_cycles
0,81360
page_index,time_cycles
0,84956
page_index,time_cycles
0,86038
page_index,time_cycles
0,122350
page_index,time_cycles
0,104356
page_index,time_cycles
0,142306
page_index,time_cycles
0,81922
page_index,time_cycles
0,224166
page_index,time_cycles
0,117074
page_index,time_cycles
0,79172
page_index,time_cycles
0,130070
page_index,time_cycles
0,202516
page_index,time_cycles
0,129324
page_index,time_cycles
0,146278
page_index,time_cycles
0,119180
page_index,time_cycles
0,165688
page_index,time_cycles
0,123668
page_index,time_cycles
0,134260
page_index,time_cycles
0,140922
page_index,time_cycles
0,131852
page_index,time_cycles
0,127114
page_index,time_cycles
0,142196
page_index,time_cycles
0,82150
page_index,time_cycles
0,146744
page_index,time_cycles
0,204710
page_index,time_cycles
0,82228
page_index,time_cycles
0,97638
page_index,time_cycles
0,169598
page_index,time_cycles
0,143288
page_index,time_cycles
0,114712
page_index,time_cycles
0,118208
page_index,time_cycles
0,149252
page_index,time_cycles
0,127938
page_index,time_cycles
0,151532
page_index,time_cycles
0,141578
page_index,time_cycles
0,123172
page_index,time_cycles
0,90190
page_index,time_cycles
0,129222
page_index,time_cycles
0,132756
page_index,time_cycles
0,120492
page_index,time_cycles
0,144704
page_index,time_cycles
0,146934
page_index,time_cycles
0,172990
page_index,time_cycles
0,203336
page_index,time_cycles
0,134710
page_index,time_cycles
0,127508
page_index,time_cycles
0,80686
page_index,time_cycles
0,136776
page_index,time_cycles
0,147810
page_index,time_cycles
0,143526
page_index,time_cycles
0,129038
page_index,time_cycles
0,133496
page_index,time_cycles
0,121042
page_index,time_cycles
0,131112
page_index,time_cycles
0,89310
page_index,time_cycles
0,90858
page_index,time_cycles
0,163374
page_index,time_cycles
0,111626
page_index,time_cycles
0,93946
page_index,time_cycles
0,137176
page_index,time_cycles
0,101550
page_index,time_cycles
0,144336
page_index,time_cycles
0,142842
page_index,time_cycles
0,92810
page_index,time_cycles
0,136952
page_index,time_cycles
0,154276
page_index,time_cycles
0,120034
page_index,time_cycles
0,108036
page_index,time_cycles
0,91488
page_index,time_cycles
0,162506
page_index,time_cycles
0,130382
page_index,time_cycles
0,94044
page_index,time_cycles
0,146322
page_index,time_cycles
0,113834
page_index,time_cycles
0,128670
page_index,time_cycles
0,136844
page_index,time_cycles
0,110442
page_index,time_cycles
0,102196
page_index,time_cycles
0,118150
page_index,time_cycles
0,78522
page_index,time_cycles
0,111976
page_index,time_cycles
0,86392
page_index,time_cycles
0,128120
page_index,time_cycles
0,140884
page_index,time_cycles
0,157556
page_index,time_cycles
0,147720
page_index,time_cycles
0,82678
page_index,time_cycles
0,116302
page_index,time_cycles
0,93162
page_index,time_cycles
0,97126
page_index,time_cycles
0,169350
page_index,time_cycles
0,98606
page_index,time_cycles
0,97190
page_index,time_cycles
0,206418
page_index,time_cycles
0,136674
page_index,time_cycles
0,135924
page_index,time_cycles
0,86870
page_index,time_cycles
0,145120
page_index,time_cycles
0,88254
page_index,time_cycles
0,118812
page_index,time_cycles
0,184716
page_index,time_cycles
0,137076
page_index,time_cycles
0,79998
page_index,time_cycles
0,201808
page_index,time_cycles
0,106178
page_index,time_cycles
0,140528
page_index,time_cycles
0,114098
page_index,time_cycles
0,131864
page_index,time_cycles
0,128154
page_index,time_cycles
0,136674
page_index,time_cycles
0,112690
page_index,time_cycles
0,159162
page_index,time_cycles
0,158944
page_index,time_cycles
0,141690
page_index,time_cycles
0,121998
page_index,time_cycles
0,137094
page_index,time_cycles
0,114272
page_index,time_cycles
0,162542
page_index,time_cycles
0,130866
page_index,time_cycles
0,102314
page_index,time_cycles
0,131036
page_index,time_cycles
0,149394
page_index,time_cycles
0,119924
page_index,time_cycles
0,119556
page_index,time_cycles
0,86310
page_index,time_cycles
0,116638
page_index,time_cycles
0,144890
page_index,time_cycles
0,135434
page_index,time_cycles
0,93284
page_index,time_cycles
0,133798
page_index,time_cycles
0,135746
page_index,time_cycles
0,191368
page_index,time_cycles
0,114082
page_index,time_cycles
0,93768
page_index,time_cycles
0,176184
page_index,time_cycles
0,109068
page_index,time_cycles
0,104844
page_index,time_cycles
0,116726
page_index,time_cycles
0,147778
page_index,time_cycles
0,106368
page_index,time_cycles
0,115478
page_index,time_cycles
0,142912
page_index,time_cycles
0,120180
page_index,time_cycles
0,152628
page_index,time_cycles
0,83028
page_index,time_cycles
0,165578
page_index,time_cycles
0,134428
page_index,time_cycles
0,105312
page_index,time_cycles
0,121328
page_index,time_cycles
0,134876
page_index,time_cycles
0,135808
page_index,time_cycles
0,215232
page_index,time_cycles
0,224508
page_index,time_cycles
0,135542
page_index,time_cycles
0,154134
page_index,time_cycles
0,133900
page_index,time_cycles
0,128916
page_index,time_cycles
0,141558
page_index,time_cycles
0,140924
page_index,time_cycles
0,84758
page_index,time_cycles
0,85114
page_index,time_cycles
0,130702
page_index,time_cycles
0,221132
page_index,time_cycles
0,84122
page_index,time_cycles
0,145568
page_index,time_cycles
0,125010
page_index,time_cycles
0,198452
page_index,time_cycles
0,134138
page_index,time_cycles
0,102528
page_index,time_cycles
0,147118
page_index,time_cycles
0,123612
page_index,time_cycles
0,128484
page_index,time_cycles
0,121802
page_index,time_cycles
0,147002
page_index,time_cycles
0,123632
page_index,time_cycles
0,135318
page_index,time_cycles
0,132968
page_index,time_cycles
0,82372
page_index,time_cycles
0,87086
page_index,time_cycles
0,129144
page_index,time_cycles
0,148414
page_index,time_cycles
0,89676
page_index,time_cycles
0,129842
page_index,time_cycles
0,104910
page_index,time_cycles
0,153862
page_index,time_cycles
0,155000
page_index,time_cycles
0,119694
page_index,time_cycles
0,128456
page_index,time_cycles
0,148782
page_index,time_cycles
0,151534
page_index,time_cycles
0,122056
page_index,time_cycles
0,151636
page_index,time_cycles
0,162640
page_index,time_cycles
0,122376
page_index,time_cycles
0,129330
page_index,time_cycles
0,148866
page_index,time_cycles
0,94982
page_index,time_cycles
0,112302
page_index,time_cycles
0,136048
page_index,time_cycles
0,136178
page_index,time_cycles
0,85186
page_index,time_cycles
0,85492
page_index,time_cycles
0,138454
page_index,time_cycles
0,136432
page_index,time_cycles
0,143828
page_index,time_cycles
0,79998
page_index,time_cycles
0,84534
page_index,time_cycles
0,143222
page_index,time_cycles
0,147360
page_index,time_cycles
0,245000
page_index,time_cycles
0,282160
page_index,time_cycles
0,133322
page_index,time_cycles
0,107588
page_index,time_cycles
0,128150
page_index,time_cycles
0,142504
page_index,time_cycles
0,199246
page_index,time_cycles
0,225006
page_index,time_cycles
0,142392
page_index,time_cycles
0,140956
page_index,time_cycles
0,139186
page_index,time_cycles
0,79632
page_index,time_cycles
0,85698
page_index,time_cycles
0,78754
page_index,time_cycles
0,122492
page_index,time_cycles
0,125416
page_index,time_cycles
0,133912
page_index,time_cycles
0,156586
page_index,time_cycles
0,145208
page_index,time_cycles
0,100884
page_index,time_cycles
0,84448
page_index,time_cycles
0,147918
page_index,time_cycles
0,134374
page_index,time_cycles
0,142660
page_index,time_cycles
0,133794
page_index,time_cycles
0,85212
page_index,time_cycles
0,229584
page_index,time_cycles
0,118434
page_index,time_cycles
0,132464
page_index,time_cycles
0,88980
page_index,time_cycles
0,147218
page_index,time_cycles
0,134086
page_index,time_cycles
0,124512
page_index,time_cycles
0,155288
page_index,time_cycles
0,84812
page_index,time_cycles
0,82162
page_index,time_cycles
0,114838
page_index,time_cycles
0,122360
page_index,time_cycles
0,140332
page_index,time_cycles
0,116136
page_index,time_cycles
0,137602
page_index,time_cycles
0,82732
page_index,time_cycles
0,89560
page_index,time_cycles
0,130906
page_index,time_cycles
0,192102
page_index,time_cycles
0,108098
page_index,time_cycles
0,88506
page_index,time_cycles
0,139456
page_index,time_cycles
0,81810
page_index,time_cycles
0,131840
page_index,time_cycles
0,82450
page_index,time_cycles
0,116418
page_index,time_cycles
0,171446
page_index,time_cycles
0,186354
page_index,time_cycles
0,137496
page_index,time_cycles
0,108574
page_index,time_cycles
0,83310
page_index,time_cycles
0,114700
page_index,time_cycles
0,108408
page_index,time_cycles
0,104506
page_index,time_cycles
0,142896
page_index,time_cycles
0,151972
page_index,time_cycles
0,108470
page_index,time_cycles
0,79128
page_index,time_cycles
0,191726
page_index,time_cycles
0,93010
page_index,time_cycles
0,127672
page_index,time_cycles
0,141368
page_index,time_cycles
0,141130
page_index,time_cycles
0,136166
page_index,time_cycles
0,93416
page_index,time_cycles
0,133218
page_index,time_cycles
0,89698
page_index,time_cycles
0,95852
page_index,time_cycles
0,145494
page_index,time_cycles
0,124754
page_index,time_cycles
0,87516
page_index,time_cycles
0,118448
page_index,time_cycles
0,135722
page_index,time_cycles
0,179656
page_index,time_cycles
0,132758
page_index,time_cycles
0,130074
page_index,time_cycles
0,135000
page_index,time_cycles
0,148274
page_index,time_cycles
0,134834
page_index,time_cycles
0,118532
page_index,time_cycles
0,162428
page_index,time_cycles
0,129338
page_index,time_cycles
0,84540
page_index,time_cycles
0,125374
page_index,time_cycles
0,85036
page_index,time_cycles
0,91044
page_index,time_cycles
0,132790
page_index,time_cycles
0,128816
page_index,time_cycles
0,124642
page_index,time_cycles
0,156444
page_index,time_cycles
0,92178
page_index,time_cycles
0,76980
page_index,time_cycles
0,118004
page_index,time_cycles
0,237842
page_index,time_cycles
0,117154
page_index,time_cycles
0,80640
page_index,time_cycles
0,129634
page_index,time_cycles
0,143570
page_index,time_cycles
0,140322
page_index,time_cycles
0,107632
page_index,time_cycles
0,136598
page_index,time_cycles
0,144286
page_index,time_cycles
0,124734
page_index,time_cycles
0,122708
page_index,time_cycles
0,145026
page_index,time_cycles
0,136274
page_index,time_cycles
0,131904
page_index,time_cycles
0,140460
page_index,time_cycles
0,124910
page_index,time_cycles
0,137584
page_index,time_cycles
0,103268
page_index,time_cycles
0,126986
page_index,time_cycles
0,136546
page_index,time_cycles
0,146288
page_index,time_cycles
0,140930
page_index,time_cycles
0,119812
page_index,time_cycles
0,136406
page_index,time_cycles
0,134758
page_index,time_cycles
0,150150
page_index,time_cycles
0,131920
page_index,time_cycles
0,114862
page_index,time_cycles
0,154886
page_index,time_cycles
0,134954
page_index,time_cycles
0,209672
page_index,time_cycles
0,124146
page_index,time_cycles
0,126378
page_index,time_cycles
0,117490
page_index,time_cycles
0,131312
page_index,time_cycles
0,161276
page_index,time_cycles
0,146052
page_index,time_cycles
0,142824
page_index,time_cycles
0,117050
page_index,time_cycles
0,121326
page_index,time_cycles
0,96490
page_index,time_cycles
0,133826
page_index,time_cycles
0,91918
page_index,time_cycles
0,79560
page_index,time_cycles
0,143146
page_index,time_cycles
0,150220
page_index,time_cycles
0,80160
page_index,time_cycles
0,143408
page_index,time_cycles
0,167760
page_index,time_cycles
0,78832
page_index,time_cycles
0,115474
page_index,time_cycles
0,144112
page_index,time_cycles
0,99048
page_index,time_cycles
0,117936
page_index,time_cycles
0,137990
page_index,time_cycles
0,147456
page_index,time_cycles
0,138018
page_index,time_cycles
0,133270
page_index,time_cycles
0,135124
page_index,time_cycles
0,93218
page_index,time_cycles
0,146652
page_index,time_cycles
0,209872
page_index,time_cycles
0,146434
page_index,time_cycles
0,136006
page_index,time_cycles
0,82504
page_index,time_cycles
0,131522
page_index,time_cycles
0,136320
page_index,time_cycles
0,137318
page_index,time_cycles
0,114010
page_index,time_cycles
0,113664
page_index,time_cycles
0,136908
page_index,time_cycles
0,151854
page_index,time_cycles
0,108884
page_index,time_cycles
0,135586
page_index,time_cycles
0,138674
page_index,time_cycles
0,84498
page_index,time_cycles
0,154952
page_index,time_cycles
0,141002
page_index,time_cycles
0,131528
page_index,time_cycles
0,138226
page_index,time_cycles
0,102592
page_index,time_cycles
0,88280
page_index,time_cycles
0,130876
page_index,time_cycles
0,82130
page_index,time_cycles
0,92994
page_index,time_cycles
0,115620
page_index,time_cycles
0,134028
page_index,time_cycles
0,77454
page_index,time_cycles
0,134632
page_index,time_cycles
0,159238
page_index,time_cycles
0,147926
page_index,time_cycles
0,116060
page_index,time_cycles
0,135412
page_index,time_cycles
0,112294
page_index,time_cycles
0,180470
page_index,time_cycles
0,122526
page_index,time_cycles
0,85070
page_index,time_cycles
0,178942
page_index,time_cycles
0,147296
page_index,time_cycles
0,129416
page_index,time_cycles
0,119102
page_index,time_cycles
0,117742
page_index,time_cycles
0,141586
page_index,time_cycles
0,130128
page_index,time_cycles
0,86750
page_index,time_cycles
0,133222
page_index,time_cycles
0,273250
page_index,time_cycles
0,83756
page_index,time_cycles
0,87958
page_index,time_cycles
0,78092
page_index,time_cycles
0,79644
page_index,time_cycles
0,99806
page_index,time_cycles
0,123030
page_index,time_cycles
0,136748
page_index,time_cycles
0,129346
page_index,time_cycles
0,135764
page_index,time_cycles
0,139554
page_index,time_cycles
0,157734
page_index,time_cycles
0,126302
page_index,time_cycles
0,80056
page_index,time_cycles
0,163722
page_index,time_cycles
0,114802
page_index,time_cycles
0,116204
page_index,time_cycles
0,79924
page_index,time_cycles
0,204042
page_index,time_cycles
0,147160
page_index,time_cycles
0,90234
page_index,time_cycles
0,135644
page_index,time_cycles
0,170216
page_index,time_cycles
0,77212
page_index,time_cycles
0,125932
page_index,time_cycles
0,111954
page_index,time_cycles
0,103708
page_index,time_cycles
0,136072
page_index,time_cycles
0,144438
page_index,time_cycles
0,130026
page_index,time_cycles
0,83428
page_index,time_cycles
0,151986
page_index,time_cycles
0,136398
page_index,time_cycles
0,78658
page_index,time_cycles
0,108784
page_index,time_cycles
0,133236
page_index,time_cycles
0,126744
page_index,time_cycles
0,140286
page_index,time_cycles
0,89738
page_index,time_cycles
0,173196
page_index,time_cycles
0,151004
page_index,time_cycles
0,131452
page_index,time_cycles
0,132932
page_index,time_cycles
0,143604
page_index,time_cycles
0,138000
page_index,time_cycles
0,117342
page_index,time_cycles
0,135464
page_index,time_cycles
0,100450
page_index,time_cycles
0,116140
page_index,time_cycles
0,142572
page_index,time_cycles
0,147956
page_index,time_cycles
0,146832
page_index,time_cycles
0,126114
page_index,time_cycles
0,109326
page_index,time_cycles
0,79276
page_index,time_cycles
0,104174
page_index,time_cycles
0,142430
page_index,time_cycles
0,198018
page_index,time_cycles
0,78876
page_index,time_cycles
0,147476
page_index,time_cycles
0,85644
page_index,time_cycles
0,145524
page_index,time_cycles
0,97870
page_index,time_cycles
0,125950
page_index,time_cycles
0,154986
page_index,time_cycles
0,133856
page_index,time_cycles
0,240728
page_index,time_cycles
0,128386
page_index,time_cycles
0,88756
page_index,time_cycles
0,139446
page_index,time_cycles
0,135602
page_index,time_cycles
0,124516
page_index,time_cycles
0,143184
page_index,time_cycles
0,79262
page_index,time_cycles
0,132660
page_index,time_cycles
0,80124
page_index,time_cycles
0,243240
page_index,time_cycles
0,123174
page_index,time_cycles
0,158502
page_index,time_cycles
0,147432
page_index,time_cycles
0,124846
page_index,time_cycles
0,119228
page_index,time_cycles
0,84216
page_index,time_cycles
0,117242
page_index,time_cycles
0,124412
page_index,time_cycles
0,79646
page_index,time_cycles
0,147250
page_index,time_cycles
0,132852
page_index,time_cycles
0,205946
page_index,time_cycles
0,163348
page_index,time_cycles
0,164490
page_index,time_cycles
0,117586
page_index,time_cycles
0,152352
page_index,time_cycles
0,132338
page_index,time_cycles
0,116608
page_index,time_cycles
0,134354
page_index,time_cycles
0,179606
page_index,time_cycles
0,142392
page_index,time_cycles
0,126710
page_index,time_cycles
0,80114
page_index,time_cycles
0,262184
page_index,time_cycles
0,147088
page_index,time_cycles
0,148114
page_index,time_cycles
0,106994
page_index,time_cycles
0,151046
page_index,time_cycles
0,135542
page_index,time_cycles
0,126138
page_index,time_cycles
0,126600
page_index,time_cycles
0,91628
page_index,time_cycles
0,133896
page_index,time_cycles
0,128748
page_index,time_cycles
0,82288
page_index,time_cycles
0,119950
page_index,time_cycles
0,184764
page_index,time_cycles
0,148846
page_index,time_cycles
0,88888
page_index,time_cycles
0,128110
page_index,time_cycles
0,137566
page_index,time_cycles
0,179886
page_index,time_cycles
0,78420
page_index,time_cycles
0,149702
page_index,time_cycles
0,177690
page_index,time_cycles
0,94966
page_index,time_cycles
0,125906
page_index,time_cycles
0,111274
page_index,time_cycles
0,145026
page_index,time_cycles
0,162960
page_index,time_cycles
0,210566
page_index,time_cycles
0,98990
page_index,time_cycles
0,131762
page_index,time_cycles
0,82562
page_index,time_cycles
0,96200
page_index,time_cycles
0,132198
page_index,time_cycles
0,140988
page_index,time_cycles
0,134788
page_index,time_cycles
0,129502
page_index,time_cycles
0,96328
page_index,time_cycles
0,130492
page_index,time_cycles
0,93968
page_index,time_cycles
0,80230
page_index,time_cycles
0,93918
page_index,time_cycles
0,119164
page_index,time_cycles
0,154618
page_index,time_cycles
0,157288
page_index,time_cycles
0,155616
page_index,time_cycles
0,146930
page_index,time_cycles
0,82378
page_index,time_cycles
0,75950
page_index,time_cycles
0,144508
page_index,time_cycles
0,170384
page_index,time_cycles
0,80646
page_index,time_cycles
0,132320
page_index,time_cycles
0,116678
page_index,time_cycles
0,189798
page_index,time_cycles
0,134888
page_index,time_cycles
0,130422
page_index,time_cycles
0,165658
page_index,time_cycles
0,89800
page_index,time_cycles
0,109868
page_index,time_cycles
0,79952
page_index,time_cycles
0,140044
page_index,time_cycles
0,210568
page_index,time_cycles
0,165780
page_index,time_cycles
0,83114
page_index,time_cycles
0,119358
page_index,time_cycles
0,184532
page_index,time_cycles
0,89870
page_index,time_cycles
0,94872
page_index,time_cycles
0,127610
page_index,time_cycles
0,118500
page_index,time_cycles
0,121100
page_index,time_cycles
0,115084
page_index,time_cycles
0,146230
page_index,time_cycles
0,128650
page_index,time_cycles
0,171378
page_index,time_cycles
0,81496
page_index,time_cycles
0,82346
page_index,time_cycles
0,151566
page_index,time_cycles
0,121550
page_index,time_cycles
0,101320
page_index,time_cycles
0,90854
page_index,time_cycles
0,79698
page_index,time_cycles
0,136516
page_index,time_cycles
0,140820
page_index,time_cycles
0,148198
page_index,time_cycles
0,106310
page_index,time_cycles
0,113394
page_index,time_cycles
0,138348
page_index,time_cycles
0,145804
page_index,time_cycles
0,119892
page_index,time_cycles
0,115564
page_index,time_cycles
0,82916
page_index,time_cycles
0,96116
page_index,time_cycles
0,128274
page_index,time_cycles
0,149980
page_index,time_cycles
0,97586
page_index,time_cycles
0,126396
page_index,time_cycles
0,112952
page_index,time_cycles
0,141510
page_index,time_cycles
0,144476
page_index,time_cycles
0,155038
page_index,time_cycles
0,79026
page_index,time_cycles
0,143360
page_index,time_cycles
0,108082
page_index,time_cycles
0,112318
page_index,time_cycles
0,82056
page_index,time_cycles
0,112072
page_index,time_cycles
0,146262
page_index,time_cycles
0,141480
page_index,time_cycles
0,90844
page_index,time_cycles
0,152944
page_index,time_cycles
0,86868
page_index,time_cycles
0,154848
page_index,time_cycles
0,124174
page_index,time_cycles
0,90310
page_index,time_cycles
0,128800
page_index,time_cycles
0,137560
page_index,time_cycles
0,81038
page_index,time_cycles
0,254964
page_index,time_cycles
0,131264
page_index,time_cycles
0,184690
page_index,time_cycles
0,140848
page_index,time_cycles
0,113184
page_index,time_cycles
0,86920
page_index,time_cycles
0,127542
page_index,time_cycles
0,135520
page_index,time_cycles
0,142736
page_index,time_cycles
0,93348
page_index,time_cycles
0,134852
page_index,time_cycles
0,121056
page_index,time_cycles
0,96980
page_index,time_cycles
0,146688
page_index,time_cycles
0,111086
page_index,time_cycles
0,78564
page_index,time_cycles
0,82006
page_index,time_cycles
0,103106
page_index,time_cycles
0,151114
page_index,time_cycles
0,107848
page_index,time_cycles
0,192160
page_index,time_cycles
0,142886
page_index,time_cycles
0,78364
page_index,time_cycles
0,136492
page_index,time_cycles
0,99272
page_index,time_cycles
0,130236
page_index,time_cycles
0,147368
page_index,time_cycles
0,138320
page_index,time_cycles
0,146370
page_index,time_cycles
0,146462
page_index,time_cycles
0,129218
page_index,time_cycles
0,228844
page_index,time_cycles
0,111952
page_index,time_cycles
0,81376
page_index,time_cycles
0,124690
page_index,time_cycles
0,120144
page_index,time_cycles
0,89470
page_index,time_cycles
0,187914
page_index,time_cycles
0,147910
page_index,time_cycles
0,132398
page_index,time_cycles
0,144690
page_index,time_cycles
0,132196
page_index,time_cycles
0,88310
page_index,time_cycles
0,89366
page_index,time_cycles
0,136762
page_index,time_cycles
0,141800
page_index,time_cycles
0,78220
page_index,time_cycles
0,97918
page_index,time_cycles
0,77928
page_index,time_cycles
0,185030
page_index,time_cycles
0,142126
page_index,time_cycles
0,141560
page_index,time_cycles
0,140664
page_index,time_cycles
0,172324
page_index,time_cycles
0,83816
page_index,time_cycles
0,132968
page_index,time_cycles
0,136194
page_index,time_cycles
0,132946
page_index,time_cycles
0,118830
page_index,time_cycles
0,123052
page_index,time_cycles
0,163988
page_index,time_cycles
0,111282
page_index,time_cycles
0,268920
page_index,time_cycles
0,147172
page_index,time_cycles
0,139864
page_index,time_cycles
0,116064
page_index,time_cycles
0,93078
page_index,time_cycles
0,87518
page_index,time_cycles
0,131684
page_index,time_cycles
0,134822
page_index,time_cycles
0,81114
page_index,time_cycles
0,145402
page_index,time_cycles
0,131978
page_index,time_cycles
0,142450
page_index,time_cycles
0,117838
page_index,time_cycles
0,101572
page_index,time_cycles
0,86698
page_index,time_cycles
0,79352
page_index,time_cycles
0,79732
page_index,time_cycles
0,93098
page_index,time_cycles
0,147042
page_index,time_cycles
0,129966
page_index,time_cycles
0,129464
page_index,time_cycles
0,118946
page_index,time_cycles
0,256112
page_index,time_cycles
0,91984
page_index,time_cycles
0,80332
page_index,time_cycles
0,161238
page_index,time_cycles
0,79466
page_index,time_cycles
0,78342
page_index,time_cycles
0,131782
page_index,time_cycles
0,91140
page_index,time_cycles
0,139646
page_index,time_cycles
0,80572
page_index,time_cycles
0,135388
page_index,time_cycles
0,130058
page_index,time_cycles
0,143576
page_index,time_cycles
0,94050
page_index,time_cycles
0,76488
page_index,time_cycles
0,84404
page_index,time_cycles
0,100294
page_index,time_cycles
0,148468
page_index,time_cycles
0,118498
page_index,time_cycles
0,82194
page_index,time_cycles
0,125464
page_index,time_cycles
0,179722
page_index,time_cycles
0,124036
page_index,time_cycles
0,177996
page_index,time_cycles
0,154146
page_index,time_cycles
0,246710
page_index,time_cycles
0,154120
page_index,time_cycles
0,127036
page_index,time_cycles
0,153382
page_index,time_cycles
0,81268
page_index,time_cycles
0,78766
page_index,time_cycles
0,102514
page_index,time_cycles
0,130688
page_index,time_cycles
0,79758
page_index,time_cycles
0,133552
page_index,time_cycles
0,85852
page_index,time_cycles
0,142962
page_index,time_cycles
0,130494
page_index,time_cycles
0,79106
page_index,time_cycles
0,178014
page_index,time_cycles
0,181108
page_index,time_cycles
0,127686
page_index,time_cycles
0,131238
page_index,time_cycles
0,172936
page_index,time_cycles
0,81954
page_index,time_cycles
0,142486
page_index,time_cycles
0,121414
page_index,time_cycles
0,103506
page_index,time_cycles
0,163036
page_index,time_cycles
0,151348
page_index,time_cycles
0,208298
page_index,time_cycles
0,146008
page_index,time_cycles
0,129804
page_index,time_cycles
0,147590
page_index,time_cycles
0,110958
page_index,time_cycles
0,131878
page_index,time_cycles
0,142766
page_index,time_cycles
0,108254
page_index,time_cycles
0,133824
page_index,time_cycles
0,164842
page_index,time_cycles
0,116030
page_index,time_cycles
0,162726
page_index,time_cycles
0,129940
page_index,time_cycles
0,134000
page_index,time_cycles
0,135036
page_index,time_cycles
0,144448
page_index,time_cycles
0,123004
page_index,time_cycles
0,115420
page_index,time_cycles
0,123836
page_index,time_cycles
0,149040
page_index,time_cycles
0,137692
page_index,time_cycles
0,146276
page_index,time_cycles
0,87122
page_index,time_cycles
0,130138
page_index,time_cycles
0,134700
page_index,time_cycles
0,87944
page_index,time_cycles
0,147632
page_index,time_cycles
0,193468
page_index,time_cycles
0,81102
page_index,time_cycles
0,155806
page_index,time_cycles
0,106442
page_index,time_cycles
0,130528
page_index,time_cycles
0,82390
page_index,time_cycles
0,82744
page_index,time_cycles
0,133774
page_index,time_cycles
0,179460
page_index,time_cycles
0,95912
page_index,time_cycles
0,87652
page_index,time_cycles
0,119360
page_index,time_cycles
0,153594
page_index,time_cycles
0,161090
page_index,time_cycles
0,123438
page_index,time_cycles
0,127874
page_index,time_cycles
0,199960
page_index,time_cycles
0,133048
page_index,time_cycles
0,84022
page_index,time_cycles
0,132784
page_index,time_cycles
0,143158
page_index,time_cycles
0,76220
page_index,time_cycles
0,105728
page_index,time_cycles
0,126920
page_index,time_cycles
0,155642
page_index,time_cycles
0,130836
page_index,time_cycles
0,91734
page_index,time_cycles
0,160314
page_index,time_cycles
0,132990
page_index,time_cycles
0,130126
page_index,time_cycles
0,99744
page_index,time_cycles
0,87342
page_index,time_cycles
0,78976
page_index,time_cycles
0,104748
page_index,time_cycles
0,81974
page_index,time_cycles
0,138794
page_index,time_cycles
0,104036
page_index,time_cycles
0,124584
page_index,time_cycles
0,117228
page_index,time_cycles
0,78636
page_index,time_cycles
0,115436
page_index,time_cycles
0,106740
page_index,time_cycles
0,134232
page_index,time_cycles
0,84510
page_index,time_cycles
0,150792
page_index,time_cycles
0,88126
page_index,time_cycles
0,148418
page_index,time_cycles
0,126458
page_index,time_cycles
0,104326
page_index,time_cycles
0,100884
page_index,time_cycles
0,121650
page_index,time_cycles
0,84038
page_index,time_cycles
0,117404
page_index,time_cycles
0,80314
page_index,time_cycles
0,137218
page_index,time_cycles
0,130966
page_index,time_cycles
0,130972
page_index,time_cycles
0,98454
page_index,time_cycles
0,134468
page_index,time_cycles
0,90614
page_index,time_cycles
0,158224
page_index,time_cycles
0,78996
page_index,time_cycles
0,98380
page_index,time_cycles
0,93494
page_index,time_cycles
0,112958
page_index,time_cycles
0,127142
page_index,time_cycles
0,130628
page_index,time_cycles
0,92546
page_index,time_cycles
0,122708
page_index,time_cycles
0,77574
page_index,time_cycles
0,201278
page_index,time_cycles
0,85632
page_index,time_cycles
0,130090
page_index,time_cycles
0,95264
page_index,time_cycles
0,138460
page_index,time_cycles
0,144586
page_index,time_cycles
0,81312
page_index,time_cycles
0,76474
page_index,time_cycles
0,94894
page_index,time_cycles
0,114528
page_index,time_cycles
0,140816
page_index,time_cycles
0,114878
page_index,time_cycles
0,190964
page_index,time_cycles
0,152116
page_index,time_cycles
0,156054
page_index,time_cycles
0,143818
page_index,time_cycles
0,166466
page_index,time_cycles
0,117418
page_index,time_cycles
0,158820
page_index,time_cycles
0,124220
page_index,time_cycles
0,126066
page_index,time_cycles
0,171756
page_index,time_cycles
0,124466
page_index,time_cycles
0,89300
page_index,time_cycles
0,143822
page_index,time_cycles
0,148064
page_index,time_cycles
0,141192
page_index,time_cycles
0,92878
page_index,time_cycles
0,142826
page_index,time_cycles
0,80558
page_index,time_cycles
0,128126
page_index,time_cycles
0,95890
page_index,time_cycles
0,135972
page_index,time_cycles
0,80290
page_index,time_cycles
0,256844
page_index,time_cycles
0,146264
page_index,time_cycles
0,126552
page_index,time_cycles
0,135126
page_index,time_cycles
0,118210
page_index,time_cycles
0,138446
page_index,time_cycles
0,148972
page_index,time_cycles
0,116722
page_index,time_cycles
0,139686
page_index,time_cycles
0,90228
page_index,time_cycles
0,128226
page_index,time_cycles
0,134250
page_index,time_cycles
0,100770
page_index,time_cycles
0,147842
page_index,time_cycles
0,99986
page_index,time_cycles
0,105226
page_index,time_cycles
0,150894
page_index,time_cycles
0,96716
page_index,time_cycles
0,148080
page_index,time_cycles
0,128566
page_index,time_cycles
0,108780
page_index,time_cycles
0,78838
page_index,time_cycles
0,91622
page_index,time_cycles
0,91382
page_index,time_cycles
0,147448
page_index,time_cycles
0,146996
page_index,time_cycles
0,79468
page_index,time_cycles
0,148508
page_index,time_cycles
0,142952
page_index,time_cycles
0,150004
page_index,time_cycles
0,82714
page_index,time_cycles
0,95544
page_index,time_cycles
0,163224
page_index,time_cycles
0,89644
page_index,time_cycles
0,83338
page_index,time_cycles
0,183804
page_index,time_cycles
0,137814
page_index,time_cycles
0,129678
page_index,time_cycles
0,169568
page_index,time_cycles
0,208072
page_index,time_cycles
0,129360
page_index,time_cycles
0,82496
page_index,time_cycles
0,130046
page_index,time_cycles
0,115126
page_index,time_cycles
0,133532
page_index,time_cycles
0,184786
page_index,time_cycles
0,112774
page_index,time_cycles
0,135624
page_index,time_cycles
0,80538
page_index,time_cycles
0,132780
page_index,time_cycles
0,84140
page_index,time_cycles
0,85472
page_index,time_cycles
0,111522
page_index,time_cycles
0,90340
page_index,time_cycles
0,164470
page_index,time_cycles
0,81766
page_index,time_cycles
0,88912
page_index,time_cycles
0,153944
page_index,time_cycles
0,135996
page_index,time_cycles
0,125060
page_index,time_cycles
0,119108
page_index,time_cycles
0,79920
page_index,time_cycles
0,125940
page_index,time_cycles
0,168250
page_index,time_cycles
0,142342
page_index,time_cycles
0,152890
page_index,time_cycles
0,132648
page_index,time_cycles
0,145908
page_index,time_cycles
0,86818
page_index,time_cycles
0,82968
page_index,time_cycles
0,265672
page_index,time_cycles
0,133406
page_index,time_cycles
0,137376
page_index,time_cycles
0,103578
page_index,time_cycles
0,130204
page_index,time_cycles
0,80326
page_index,time_cycles
0,211172
page_index,time_cycles
0,78744
page_index,time_cycles
0,148204
page_index,time_cycles
0,172624
page_index,time_cycles
0,134664
page_index,time_cycles
0,106024
page_index,time_cycles
0,86050
page_index,time_cycles
0,212030
page_index,time_cycles
0,144718
page_index,time_cycles
0,112654
page_index,time_cycles
0,139196
page_index,time_cycles
0,84734
page_index,time_cycles
0,143508
page_index,time_cycles
0,265252
page_index,time_cycles
0,110308
page_index,time_cycles
0,88266
page_index,time_cycles
0,119288
page_index,time_cycles
0,110256
page_index,time_cycles
0,85156
page_index,time_cycles
0,113940
page_index,time_cycles
0,179354
page_index,time_cycles
0,107114
page_index,time_cycles
0,79656
page_index,time_cycles
0,106188
page_index,time_cycles
0,128980
page_index,time_cycles
0,147586
page_index,time_cycles
0,120836
page_index,time_cycles
0,125062
page_index,time_cycles
0,125788
page_index,time_cycles
0,147194
page_index,time_cycles
0,120638
page_index,time_cycles
0,86858
page_index,time_cycles
0,179696
page_index,time_cycles
0,145926
page_index,time_cycles
0,115660
page_index,time_cycles
0,119948
page_index,time_cycles
0,79662
page_index,time_cycles
0,118286
page_index,time_cycles
0,82380
page_index,time_cycles
0,92494
page_index,time_cycles
0,156602
page_index,time_cycles
0,138688
page_index,time_cycles
0,155058
page_index,time_cycles
0,144854
page_index,time_cycles
0,128870
page_index,time_cycles
0,90626
page_index,time_cycles
0,127380
page_index,time_cycles
0,142288
page_index,time_cycles
0,141176
page_index,time_cycles
0,122692
page_index,time_cycles
0,132728
page_index,time_cycles
0,143794
page_index,time_cycles
0,84490
page_index,time_cycles
0,136442
page_index,time_cycles
0,112206
page_index,time_cycles
0,140216
page_index,time_cycles
0,137338
page_index,time_cycles
0,149302
page_index,time_cycles
0,142776
page_index,time_cycles
0,137570
page_index,time_cycles
0,115272
page_index,time_cycles
0,132768
page_index,time_cycles
0,89286
page_index,time_cycles
0,129142
page_index,time_cycles
0,134180
page_index,time_cycles
0,80138
page_index,time_cycles
0,128622
page_index,time_cycles
0,140378
page_index,time_cycles
0,136632
page_index,time_cycles
0,184452
page_index,time_cycles
0,137446
page_index,time_cycles
0,78724
page_index,time_cycles
0,147372
page_index,time_cycles
0,128008
page_index,time_cycles
0,134332
page_index,time_cycles
0,141290
page_index,time_cycles
0,82122
page_index,time_cycles
0,144658
page_index,time_cycles
0,128762
page_index,time_cycles
0,129714
page_index,time_cycles
0,116156
page_index,time_cycles
0,167772
page_index,time_cycles
0,132650
page_index,time_cycles
0,83970
page_index,time_cycles
0,115002
page_index,time_cycles
0,86436
page_index,time_cycles
0,87366
page_index,time_cycles
0,677472
page_index,time_cycles
0,166376
page_index,time_cycles
0,148578
page_index,time_cycles
0,78632
page_index,time_cycles
0,107538
page_index,time_cycles
0,202734
page_index,time_cycles
0,81772
page_index,time_cycles
0,128138
page_index,time_cycles
0,141952
page_index,time_cycles
0,140984
page_index,time_cycles
0,132716
page_index,time_cycles
0,78014
page_index,time_cycles
0,150236
page_index,time_cycles
0,134456
page_index,time_cycles
0,107144
page_index,time_cycles
0,150658
page_index,time_cycles
0,141298
page_index,time_cycles
0,129434
page_index,time_cycles
0,85148
page_index,time_cycles
0,133492
page_index,time_cycles
0,144800
page_index,time_cycles
0,126088
page_index,time_cycles
0,163898
page_index,time_cycles
0,87060
page_index,time_cycles
0,142800
page_index,time_cycles
0,126312
page_index,time_cycles
0,155412
page_index,time_cycles
0,85698
page_index,time_cycles
0,137176
page_index,time_cycles
0,99904
page_index,time_cycles
0,154272
page_index,time_cycles
0,225172
page_index,time_cycles
0,139726
page_index,time_cycles
0,146788
page_index,time_cycles
0,141500
page_index,time_cycles
0,113842
page_index,time_cycles
0,80428
page_index,time_cycles
0,91226
page_index,time_cycles
0,148166
page_index,time_cycles
0,148526
page_index,time_cycles
0,126370
page_index,time_cycles
0,147942
page_index,time_cycles
0,90154
page_index,time_cycles
0,127926
page_index,time_cycles
0,137140
page_index,time_cycles
0,112734
page_index,time_cycles
0,184658
page_index,time_cycles
0,137502
page_index,time_cycles
0,145072
page_index,time_cycles
0,80272
page_index,time_cycles
0,178692
page_index,time_cycles
0,79600
page_index,time_cycles
0,146336
page_index,time_cycles
0,188368
page_index,time_cycles
0,80798
page_index,time_cycles
0,143864
page_index,time_cycles
0,151480
page_index,time_cycles
0,90606
page_index,time_cycles
0,138714
page_index,time_cycles
0,80712
page_index,time_cycles
0,89570
page_index,time_cycles
0,180262
page_index,time_cycles
0,160890
page_index,time_cycles
0,141248
page_index,time_cycles
0,75410
page_index,time_cycles
0,148038
page_index,time_cycles
0,126006
page_index,time_cycles
0,137054
page_index,time_cycles
0,133788
page_index,time_cycles
0,77590
page_index,time_cycles
0,202374
page_index,time_cycles
0,83154
page_index,time_cycles
0,195650
page_index,time_cycles
0,117322
page_index,time_cycles
0,121288
page_index,time_cycles
0,116790
page_index,time_cycles
0,83140
page_index,time_cycles
0,82614
page_index,time_cycles
0,109162
page_index,time_cycles
0,82220
page_index,time_cycles
0,161400
page_index,time_cycles
0,115844
page_index,time_cycles
0,132762
page_index,time_cycles
0,152818
page_index,time_cycles
0,102772
page_index,time_cycles
0,82636
page_index,time_cycles
0,131486
page_index,time_cycles
0,183554
page_index,time_cycles
0,81794
page_index,time_cycles
0,156776
page_index,time_cycles
0,145056
page_index,time_cycles
0,145890
page_index,time_cycles
0,78720
page_index,time_cycles
0,118194
page_index,time_cycles
0,118246
page_index,time_cycles
0,81498
page_index,time_cycles
0,163184
page_index,time_cycles
0,89764
page_index,time_cycles
0,140620
page_index,time_cycles
0,228248
page_index,time_cycles
0,78084
page_index,time_cycles
0,141862
page_index,time_cycles
0,77604
page_index,time_cycles
0,138950
page_index,time_cycles
0,79178
page_index,time_cycles
0,90962
page_index,time_cycles
0,91186
page_index,time_cycles
0,149034
page_index,time_cycles
0,80098
page_index,time_cycles
0,154126
page_index,time_cycles
0,87100
page_index,time_cycles
0,209026
page_index,time_cycles
0,79342
page_index,time_cycles
0,78350
page_index,time_cycles
0,227148
page_index,time_cycles
0,93694
page_index,time_cycles
0,175048
page_index,time_cycles
0,86844
page_index,time_cycles
0,155072
page_index,time_cycles
0,183250
page_index,time_cycles
0,105760
page_index,time_cycles
0,84500
page_index,time_cycles
0,171812
page_index,time_cycles
0,140862
page_index,time_cycles
0,136090
page_index,time_cycles
0,93344
page_index,time_cycles
0,123324
page_index,time_cycles
0,133124
page_index,time_cycles
0,143422
page_index,time_cycles
0,127210
page_index,time_cycles
0,140574
page_index,time_cycles
0,142364
page_index,time_cycles
0,126562
page_index,time_cycles
0,142026
page_index,time_cycles
0,117144
page_index,time_cycles
0,82760
page_index,time_cycles
0,123156
page_index,time_cycles
0,131482
page_index,time_cycles
0,135386
page_index,time_cycles
0,163312
page_index,time_cycles
0,76114
page_index,time_cycles
0,135736
page_index,time_cycles
0,225826
page_index,time_cycles
0,147588
page_index,time_cycles
0,144986
page_index,time_cycles
0,132216
page_index,time_cycles
0,140996
page_index,time_cycles
0,140880
page_index,time_cycles
0,186730
page_index,time_cycles
0,172654
page_index,time_cycles
0,158558
page_index,time_cycles
0,118830
page_index,time_cycles
0,144380
page_index,time_cycles
0,82716
page_index,time_cycles
0,135864
page_index,time_cycles
0,119692
page_index,time_cycles
0,87846
page_index,time_cycles
0,157850
page_index,time_cycles
0,119876
page_index,time_cycles
0,146250
page_index,time_cycles
0,77930
page_index,time_cycles
0,81432
page_index,time_cycles
0,83576
page_index,time_cycles
0,77136
page_index,time_cycles
0,140512
page_index,time_cycles
0,132914
page_index,time_cycles
0,109138
page_index,time_cycles
0,166574
page_index,time_cycles
0,131106
page_index,time_cycles
0,133032
page_index,time_cycles
0,83824
page_index,time_cycles
0,136690
page_index,time_cycles
0,85468
page_index,time_cycles
0,80874
page_index,time_cycles
0,133028
page_index,time_cycles
0,135992
page_index,time_cycles
0,86928
page_index,time_cycles
0,128914
page_index,time_cycles
0,76144
page_index,time_cycles
0,193284
page_index,time_cycles
0,126068
page_index,time_cycles
0,139256
page_index,time_cycles
0,213316
page_index,time_cycles
0,138046
page_index,time_cycles
0,76364
page_index,time_cycles
0,90592
page_index,time_cycles
0,90582
page_index,time_cycles
0,141538
page_index,time_cycles
0,136518
page_index,time_cycles
0,110902
page_index,time_cycles
0,145662
page_index,time_cycles
0,77346
page_index,time_cycles
0,94342
page_index,time_cycles
0,81536
page_index,time_cycles
0,141774
page_index,time_cycles
0,82458
page_index,time_cycles
0,101354
page_index,time_cycles
0,184012
page_index,time_cycles
0,106508
page_index,time_cycles
0,80408
page_index,time_cycles
0,79838
page_index,time_cycles
0,90438
page_index,time_cycles
0,114938
page_index,time_cycles
0,142282
page_index,time_cycles
0,123806
page_index,time_cycles
0,129652
page_index,time_cycles
0,137326
page_index,time_cycles
0,106038
page_index,time_cycles
0,75684
page_index,time_cycles
0,134336
page_index,time_cycles
0,82850
page_index,time_cycles
0,117758
page_index,time_cycles
0,84486
page_index,time_cycles
0,181452
page_index,time_cycles
0,86502
page_index,time_cycles
0,91742
page_index,time_cycles
0,149552
page_index,time_cycles
0,107038
page_index,time_cycles
0,84926
page_index,time_cycles
0,145372
page_index,time_cycles
0,172222
page_index,time_cycles
0,125402
page_index,time_cycles
0,114298
page_index,time_cycles
0,160168
page_index,time_cycles
0,135368
page_index,time_cycles
0,113412
page_index,time_cycles
0,115992
page_index,time_cycles
0,134956
page_index,time_cycles
0,158386
page_index,time_cycles
0,82144
page_index,time_cycles
0,117242
page_index,time_cycles
0,136440
page_index,time_cycles
0,347172
page_index,time_cycles
0,85852
page_index,time_cycles
0,151246
page_index,time_cycles
0,91452
page_index,time_cycles
0,156718
page_index,time_cycles
0,78572
page_index,time_cycles
0,208546
page_index,time_cycles
0,84040
page_index,time_cycles
0,103006
page_index,time_cycles
0,136800
page_index,time_cycles
0,154548
page_index,time_cycles
0,77538
page_index,time_cycles
0,87610
page_index,time_cycles
0,125914
page_index,time_cycles
0,80146
page_index,time_cycles
0,114180
page_index,time_cycles
0,133324
page_index,time_cycles
0,110974
page_index,time_cycles
0,112274
page_index,time_cycles
0,217986
page_index,time_cycles
0,139060
page_index,time_cycles
0,238814
page_index,time_cycles
0,126022
page_index,time_cycles
0,224390
page_index,time_cycles
0,139744
page_index,time_cycles
0,77092
page_index,time_cycles
0,165166
page_index,time_cycles
0,129680
page_index,time_cycles
0,132940
page_index,time_cycles
0,157716
page_index,time_cycles
0,120154
page_index,time_cycles
0,88728
page_index,time_cycles
0,149298
page_index,time_cycles
0,91974
page_index,time_cycles
0,117432
page_index,time_cycles
0,81814
page_index,time_cycles
0,134990
page_index,time_cycles
0,149568
page_index,time_cycles
0,120702
page_index,time_cycles
0,78230
page_index,time_cycles
0,177284
page_index,time_cycles
0,78000
page_index,time_cycles
0,160300
page_index,time_cycles
0,112318
page_index,time_cycles
0,86490
page_index,time_cycles
0,82478
page_index,time_cycles
0,134572
page_index,time_cycles
0,112690
page_index,time_cycles
0,108126
page_index,time_cycles
0,81444
page_index,time_cycles
0,149990
page_index,time_cycles
0,142088
page_index,time_cycles
0,147194
page_index,time_cycles
0,103578
page_index,time_cycles
0,132126
page_index,time_cycles
0,81236
page_index,time_cycles
0,79166
page_index,time_cycles
0,124236
page_index,time_cycles
0,128980
page_index,time_cycles
0,108032
page_index,time_cycles
0,185438
page_index,time_cycles
0,154448
page_index,time_cycles
0,129684
page_index,time_cycles
0,133928
page_index,time_cycles
0,115136
page_index,time_cycles
0,144634
page_index,time_cycles
0,138412
page_index,time_cycles
0,129464
page_index,time_cycles
0,80896
page_index,time_cycles
0,82502
page_index,time_cycles
0,80408
page_index,time_cycles
0,154592
page_index,time_cycles
0,137094
page_index,time_cycles
0,94314
page_index,time_cycles
0,138012
page_index,time_cycles
0,417750
page_index,time_cycles
0,92272
page_index,time_cycles
0,108142
page_index,time_cycles
0,173250
page_index,time_cycles
0,162006
page_index,time_cycles
0,123544
page_index,time_cycles
0,77868
page_index,time_cycles
0,114608
page_index,time_cycles
0,144816
page_index,time_cycles
0,143772
page_index,time_cycles
0,87602
page_index,time_cycles
0,195702
page_index,time_cycles
0,93462
page_index,time_cycles
0,130888
page_index,time_cycles
0,154718
page_index,time_cycles
0,80496
page_index,time_cycles
0,77480
page_index,time_cycles
0,132920
page_index,time_cycles
0,111430
page_index,time_cycles
0,142630
page_index,time_cycles
0,142660
page_index,time_cycles
0,132218
page_index,time_cycles
0,125196
page_index,time_cycles
0,129702
page_index,time_cycles
0,89064
page_index,time_cycles
0,131936
page_index,time_cycles
0,80080
page_index,time_cycles
0,140412
page_index,time_cycles
0,138064
page_index,time_cycles
0,101992
page_index,time_cycles
0,131340
page_index,time_cycles
0,111438
page_index,time_cycles
0,82350
page_index,time_cycles
0,128514
page_index,time_cycles
0,153006
page_index,time_cycles
0,123552
page_index,time_cycles
0,128412
page_index,time_cycles
0,144462
page_index,time_cycles
0,132668
page_index,time_cycles
0,140904
page_index,time_cycles
0,176818
page_index,time_cycles
0,88898
page_index,time_cycles
0,192206
page_index,time_cycles
0,200424
page_index,time_cycles
0,119928
page_index,time_cycles
0,141992
page_index,time_cycles
0,170168
page_index,time_cycles
0,138774
page_index,time_cycles
0,125390
page_index,time_cycles
0,99484
page_index,time_cycles
0,109640
page_index,time_cycles
0,171800
page_index,time_cycles
0,147448
page_index,time_cycles
0,137620
page_index,time_cycles
0,82994
page_index,time_cycles
0,83290
page_index,time_cycles
0,149994
page_index,time_cycles
0,119622
page_index,time_cycles
0,167694
page_index,time_cycles
0,158924
page_index,time_cycles
0,127840
page_index,time_cycles
0,203808
page_index,time_cycles
0,194400
page_index,time_cycles
0,170844
page_index,time_cycles
0,116924
page_index,time_cycles
0,80808
page_index,time_cycles
0,144726
page_index,time_cycles
0,84016
page_index,time_cycles
0,86502
page_index,time_cycles
0,82198
page_index,time_cycles
0,88304
page_index,time_cycles
0,159972
page_index,time_cycles
0,105452
page_index,time_cycles
0,151922
page_index,time_cycles
0,121596
page_index,time_cycles
0,142234
page_index,time_cycles
0,90044
page_index,time_cycles
0,141570
page_index,time_cycles
0,115562
page_index,time_cycles
0,133450
page_index,time_cycles
0,136214
page_index,time_cycles
0,133214
page_index,time_cycles
0,190938
page_index,time_cycles
0,113380
page_index,time_cycles
0,152804
page_index,time_cycles
0,110066
page_index,time_cycles
0,135128
page_index,time_cycles
0,111104
page_index,time_cycles
0,84164
page_index,time_cycles
0,95332
page_index,time_cycles
0,136328
page_index,time_cycles
0,84620
page_index,time_cycles
0,79422
page_index,time_cycles
0,132362
page_index,time_cycles
0,221018
page_index,time_cycles
0,93116
page_index,time_cycles
0,112046
page_index,time_cycles
0,134530
page_index,time_cycles
0,243572
page_index,time_cycles
0,144570
page_index,time_cycles
0,133606
page_index,time_cycles
0,95222
page_index,time_cycles
0,158592
page_index,time_cycles
0,123354
page_index,time_cycles
0,153512
page_index,time_cycles
0,140724
page_index,time_cycles
0,124986
page_index,time_cycles
0,151758
page_index,time_cycles
0,118150
page_index,time_cycles
0,174924
page_index,time_cycles
0,86030
page_index,time_cycles
0,112412
page_index,time_cycles
0,174878
page_index,time_cycles
0,131724
page_index,time_cycles
0,148474
page_index,time_cycles
0,97754
page_index,time_cycles
0,104420
page_index,time_cycles
0,128618
page_index,time_cycles
0,116706
page_index,time_cycles
0,167716
page_index,time_cycles
0,117296
page_index,time_cycles
0,138582
page_index,time_cycles
0,127162
page_index,time_cycles
0,150944
page_index,time_cycles
0,140786
page_index,time_cycles
0,273076
page_index,time_cycles
0,120344
page_index,time_cycles
0,79356
page_index,time_cycles
0,107464
page_index,time_cycles
0,135766
page_index,time_cycles
0,80974
page_index,time_cycles
0,79598
page_index,time_cycles
0,141268
page_index,time_cycles
0,122920
page_index,time_cycles
0,126304
page_index,time_cycles
0,80388
page_index,time_cycles
0,140662
page_index,time_cycles
0,77458
page_index,time_cycles
0,220812
page_index,time_cycles
0,143778
page_index,time_cycles
0,189668
page_index,time_cycles
0,140312
page_index,time_cycles
0,200810
page_index,time_cycles
0,137664
page_index,time_cycles
0,129098
page_index,time_cycles
0,144986
page_index,time_cycles
0,126392
page_index,time_cycles
0,103710
page_index,time_cycles
0,110132
page_index,time_cycles
0,142524
page_index,time_cycles
0,143948
page_index,time_cycles
0,104818
page_index,time_cycles
0,135402
page_index,time_cycles
0,183614
page_index,time_cycles
0,181422
page_index,time_cycles
0,80166
page_index,time_cycles
0,133276
page_index,time_cycles
0,132134
page_index,time_cycles
0,81724
page_index,time_cycles
0,89050
page_index,time_cycles
0,81724
page_index,time_cycles
0,80848
page_index,time_cycles
0,87838
page_index,time_cycles
0,198290
page_index,time_cycles
0,130464
page_index,time_cycles
0,103998
page_index,time_cycles
0,129074
page_index,time_cycles
0,141098
page_index,time_cycles
0,100070
page_index,time_cycles
0,199612
page_index,time_cycles
0,139308
page_index,time_cycles
0,166610
page_index,time_cycles
0,81608
page_index,time_cycles
0,143516
page_index,time_cycles
0,144536
page_index,time_cycles
0,176834
page_index,time_cycles
0,168846
page_index,time_cycles
0,115104
page_index,time_cycles
0,151082
page_index,time_cycles
0,111528
page_index,time_cycles
0,161848
page_index,time_cycles
0,135516
page_index,time_cycles
0,149560
page_index,time_cycles
0,111276
page_index,time_cycles
0,130654
page_index,time_cycles
0,201362
page_index,time_cycles
0,126440
page_index,time_cycles
0,95056
page_index,time_cycles
0,142024
page_index,time_cycles
0,132094
page_index,time_cycles
0,86898
page_index,time_cycles
0,82378
page_index,time_cycles
0,114640
page_index,time_cycles
0,115606
page_index,time_cycles
0,124418
page_index,time_cycles
0,110090
page_index,time_cycles
0,162370
page_index,time_cycles
0,145516
page_index,time_cycles
0,128136
page_index,time_cycles
0,139776
page_index,time_cycles
0,131068
page_index,time_cycles
0,136448
page_index,time_cycles
0,81910
page_index,time_cycles
0,153000
page_index,time_cycles
0,153300
page_index,time_cycles
0,81298
page_index,time_cycles
0,99754
page_index,time_cycles
0,108234
page_index,time_cycles
0,98128
page_index,time_cycles
0,133642
page_index,time_cycles
0,170088
page_index,time_cycles
0,127908
page_index,time_cycles
0,181270
page_index,time_cycles
0,163386
page_index,time_cycles
0,106440
page_index,time_cycles
0,127560
page_index,time_cycles
0,131432
page_index,time_cycles
0,174506
page_index,time_cycles
0,78440
page_index,time_cycles
0,89778
page_index,time_cycles
0,123118
page_index,time_cycles
0,125552
page_index,time_cycles
0,151210
page_index,time_cycles
0,125360
page_index,time_cycles
0,134196
page_index,time_cycles
0,147170
page_index,time_cycles
0,221468
page_index,time_cycles
0,106526
page_index,time_cycles
0,96430
page_index,time_cycles
0,143840
page_index,time_cycles
0,149154
page_index,time_cycles
0,82118
page_index,time_cycles
0,143408
page_index,time_cycles
0,154690
page_index,time_cycles
0,166886
page_index,time_cycles
0,289178
page_index,time_cycles
0,179742
page_index,time_cycles
0,84584
page_index,time_cycles
0,189422
page_index,time_cycles
0,127436
page_index,time_cycles
0,109250
page_index,time_cycles
0,187786
page_index,time_cycles
0,81974
page_index,time_cycles
0,148748
page_index,time_cycles
0,100174
page_index,time_cycles
0,127288
page_index,time_cycles
0,150974
page_index,time_cycles
0,137988
page_index,time_cycles
0,102480
page_index,time_cycles
0,128816
page_index,time_cycles
0,223140
page_index,time_cycles
0,118512
page_index,time_cycles
0,99976
page_index,time_cycles
0,119650
page_index,time_cycles
0,148012
page_index,time_cycles
0,146570
page_index,time_cycles
0,81224
page_index,time_cycles
0,136164
page_index,time_cycles
0,114812
page_index,time_cycles
0,116008
page_index,time_cycles
0,80358
page_index,time_cycles
0,114824
page_index,time_cycles
0,88814
page_index,time_cycles
0,121032
page_index,time_cycles
0,130330
page_index,time_cycles
0,88742
page_index,time_cycles
0,82974
page_index,time_cycles
0,114996
page_index,time_cycles
0,82952
page_index,time_cycles
0,123672
page_index,time_cycles
0,127006
page_index,time_cycles
0,137574
page_index,time_cycles
0,97340
page_index,time_cycles
0,110832
page_index,time_cycles
0,134662
page_index,time_cycles
0,109914
page_index,time_cycles
0,139436
page_index,time_cycles
0,131000
page_index,time_cycles
0,83306
page_index,time_cycles
0,145014
page_index,time_cycles
0,85556
page_index,time_cycles
0,82990
page_index,time_cycles
0,123290
page_index,time_cycles
0,86292
page_index,time_cycles
0,82196
page_index,time_cycles
0,136204
page_index,time_cycles
0,158602
page_index,time_cycles
0,142504
page_index,time_cycles
0,149132
page_index,time_cycles
0,157098
page_index,time_cycles
0,92746
page_index,time_cycles
0,123906
page_index,time_cycles
0,143916
page_index,time_cycles
0,145734
page_index,time_cycles
0,143296
page_index,time_cycles
0,119874
page_index,time_cycles
0,82242
page_index,time_cycles
0,113076
page_index,time_cycles
0,140662
page_index,time_cycles
0,96290
page_index,time_cycles
0,151112
page_index,time_cycles
0,87982
page_index,time_cycles
0,142662
page_index,time_cycles
0,114906
page_index,time_cycles
0,106618
page_index,time_cycles
0,134172
page_index,time_cycles
0,186046
page_index,time_cycles
0,117756
page_index,time_cycles
0,124878
page_index,time_cycles
0,76698
page_index,time_cycles
0,138008
page_index,time_cycles
0,123536
page_index,time_cycles
0,91180
page_index,time_cycles
0,131862
page_index,time_cycles
0,103228
page_index,time_cycles
0,133888
page_index,time_cycles
0,181984
page_index,time_cycles
0,121498
page_index,time_cycles
0,173812
page_index,time_cycles
0,134508
page_index,time_cycles
0,80992
page_index,time_cycles
0,143952
page_index,time_cycles
0,133500
page_index,time_cycles
0,130146
page_index,time_cycles
0,132040
page_index,time_cycles
0,149022
page_index,time_cycles
0,119568
page_index,time_cycles
0,127856
page_index,time_cycles
0,149796
page_index,time_cycles
0,170132
page_index,time_cycles
0,131570
page_index,time_cycles
0,84350
page_index,time_cycles
0,158790
page_index,time_cycles
0,141614
page_index,time_cycles
0,131794
page_index,time_cycles
0,110818
page_index,time_cycles
0,120658
page_index,time_cycles
0,88128
page_index,time_cycles
0,157234
page_index,time_cycles
0,118596
page_index,time_cycles
0,140608
page_index,time_cycles
0,90286
page_index,time_cycles
0,120854
page_index,time_cycles
0,129082
page_index,time_cycles
0,161616
page_index,time_cycles
0,124418
page_index,time_cycles
0,97040
page_index,time_cycles
0,112550
page_index,time_cycles
0,135768
page_index,time_cycles
0,81668
page_index,time_cycles
0,196144
page_index,time_cycles
0,136548
page_index,time_cycles
0,92084
page_index,time_cycles
0,96252
page_index,time_cycles
0,135042
page_index,time_cycles
0,140800
page_index,time_cycles
0,102198
page_index,time_cycles
0,113818
page_index,time_cycles
0,148112
page_index,time_cycles
0,128618
page_index,time_cycles
0,155874
page_index,time_cycles
0,130538
page_index,time_cycles
0,121626
page_index,time_cycles
0,78572
page_index,time_cycles
0,135286
page_index,time_cycles
0,80388
page_index,time_cycles
0,174576
page_index,time_cycles
0,89814
page_index,time_cycles
0,97122
page_index,time_cycles
0,94622
page_index,time_cycles
0,145564
page_index,time_cycles
0,188528
page_index,time_cycles
0,122014
page_index,time_cycles
0,112564
page_index,time_cycles
0,149630
page_index,time_cycles
0,131516
page_index,time_cycles
0,141672
page_index,time_cycles
0,183326
page_index,time_cycles
0,218616
page_index,time_cycles
0,118630
page_index,time_cycles
0,120458
page_index,time_cycles
0,169602
page_index,time_cycles
0,78162
page_index,time_cycles
0,141242
page_index,time_cycles
0,89000
page_index,time_cycles
0,150004
page_index,time_cycles
0,112784
page_index,time_cycles
0,126264
page_index,time_cycles
0,95874
page_index,time_cycles
0,141938
page_index,time_cycles
0,83692
page_index,time_cycles
0,149108
page_index,time_cycles
0,89418
page_index,time_cycles
0,123740
page_index,time_cycles
0,124154
page_index,time_cycles
0,128632
page_index,time_cycles
0,84320
page_index,time_cycles
0,135276
page_index,time_cycles
0,125340
page_index,time_cycles
0,169834
page_index,time_cycles
0,91386
page_index,time_cycles
0,80520
page_index,time_cycles
0,133746
page_index,time_cycles
0,141466
page_index,time_cycles
0,93464
page_index,time_cycles
0,114190
page_index,time_cycles
0,126660
page_index,time_cycles
0,93360
page_index,time_cycles
0,110300
page_index,time_cycles
0,110108
page_index,time_cycles
0,113320
page_index,time_cycles
0,89754
page_index,time_cycles
0,153472
page_index,time_cycles
0,160484
page_index,time_cycles
0,91780
page_index,time_cycles
0,181390
page_index,time_cycles
0,129290
page_index,time_cycles
0,223064
page_index,time_cycles
0,119422
page_index,time_cycles
0,128664
page_index,time_cycles
0,110456
page_index,time_cycles
0,160306
page_index,time_cycles
0,178922
page_index,time_cycles
0,94726
page_index,time_cycles
0,142734
page_index,time_cycles
0,78856
page_index,time_cycles
0,216988
page_index,time_cycles
0,137824
page_index,time_cycles
0,206556
page_index,time_cycles
0,79616
page_index,time_cycles
0,144944
page_index,time_cycles
0,148526
page_index,time_cycles
0,95670
page_index,time_cycles
0,86966
page_index,time_cycles
0,126168
page_index,time_cycles
0,120238
page_index,time_cycles
0,202958
page_index,time_cycles
0,142412
page_index,time_cycles
0,137328
page_index,time_cycles
0,137806
page_index,time_cycles
0,156678
page_index,time_cycles
0,146634
page_index,time_cycles
0,138896
page_index,time_cycles
0,132550
page_index,time_cycles
0,101786
page_index,time_cycles
0,216566
page_index,time_cycles
0,83848
page_index,time_cycles
0,226322
page_index,time_cycles
0,86090
page_index,time_cycles
0,240146
page_index,time_cycles
0,187664
page_index,time_cycles
0,156138
page_index,time_cycles
0,125286
page_index,time_cycles
0,141538
page_index,time_cycles
0,83786
page_index,time_cycles
0,92460
page_index,time_cycles
0,175788
page_index,time_cycles
0,130498
page_index,time_cycles
0,187886
page_index,time_cycles
0,187438
page_index,time_cycles
0,145616
page_index,time_cycles
0,117190
page_index,time_cycles
0,181336
page_index,time_cycles
0,227694
page_index,time_cycles
0,175044
page_index,time_cycles
0,141584
page_index,time_cycles
0,131142
page_index,time_cycles
0,153682
page_index,time_cycles
0,134970
page_index,time_cycles
0,136448
page_index,time_cycles
0,129982
page_index,time_cycles
0,84612
page_index,time_cycles
0,84014
page_index,time_cycles
0,132878
page_index,time_cycles
0,137970
page_index,time_cycles
0,89072
page_index,time_cycles
0,112724
page_index,time_cycles
0,147376
page_index,time_cycles
0,119228
page_index,time_cycles
0,116640
page_index,time_cycles
0,134946
page_index,time_cycles
0,113690
page_index,time_cycles
0,145786
page_index,time_cycles
0,133732
page_index,time_cycles
0,138226
page_index,time_cycles
0,102540
page_index,time_cycles
0,134128
page_index,time_cycles
0,109760
page_index,time_cycles
0,160514
page_index,time_cycles
0,134166
page_index,time_cycles
0,122174
page_index,time_cycles
0,141492
page_index,time_cycles
0,160934
page_index,time_cycles
0,99704
page_index,time_cycles
0,125800
page_index,time_cycles
0,101348
page_index,time_cycles
0,88880
page_index,time_cycles
0,112288
page_index,time_cycles
0,140134
page_index,time_cycles
0,127352
page_index,time_cycles
0,109434
page_index,time_cycles
0,95066
page_index,time_cycles
0,130580
page_index,time_cycles
0,90244
page_index,time_cycles
0,81444
page_index,time_cycles
0,137222
page_index,time_cycles
0,114406
page_index,time_cycles
0,102744
page_index,time_cycles
0,181946
page_index,time_cycles
0,142942
page_index,time_cycles
0,107368
page_index,time_cycles
0,118904
page_index,time_cycles
0,83592
page_index,time_cycles
0,142470
page_index,time_cycles
0,84226
page_index,time_cycles
0,135046
page_index,time_cycles
0,81240
page_index,time_cycles
0,138960
page_index,time_cycles
0,87940
page_index,time_cycles
0,136510
page_index,time_cycles
0,143396
page_index,time_cycles
0,81450
page_index,time_cycles
0,89318
page_index,time_cycles
0,147634
page_index,time_cycles
0,174936
page_index,time_cycles
0,78296
page_index,time_cycles
0,151432
page_index,time_cycles
0,151150
page_index,time_cycles
0,93196
page_index,time_cycles
0,128922
page_index,time_cycles
0,105046
page_index,time_cycles
0,145706
page_index,time_cycles
0,128576
page_index,time_cycles
0,104042
page_index,time_cycles
0,115238
page_index,time_cycles
0,138266
page_index,time_cycles
0,142306
page_index,time_cycles
0,120534
page_index,time_cycles
0,79774
page_index,time_cycles
0,99504
page_index,time_cycles
0,88140
page_index,time_cycles
0,240554
page_index,time_cycles
0,100916
page_index,time_cycles
0,202952
page_index,time_cycles
0,126812
page_index,time_cycles
0,78828
page_index,time_cycles
0,83072
page_index,time_cycles
0,131252
page_index,time_cycles
0,261392
page_index,time_cycles
0,107294
page_index,time_cycles
0,169024
page_index,time_cycles
0,105706
page_index,time_cycles
0,84306
page_index,time_cycles
0,96720
page_index,time_cycles
0,83368
page_index,time_cycles
0,73702
page_index,time_cycles
0,81274
page_index,time_cycles
0,82528
page_index,time_cycles
0,139086
page_index,time_cycles
0,121506
page_index,time_cycles
0,87584
page_index,time_cycles
0,137252
page_index,time_cycles
0,131550
page_index,time_cycles
0,145414
page_index,time_cycles
0,146700
page_index,time_cycles
0,113772
page_index,time_cycles
0,94888
page_index,time_cycles
0,130534
page_index,time_cycles
0,133220
page_index,time_cycles
0,83814
page_index,time_cycles
0,136882
page_index,time_cycles
0,117154
page_index,time_cycles
0,152628
page_index,time_cycles
0,152496
page_index,time_cycles
0,134658
page_index,time_cycles
0,200892
page_index,time_cycles
0,136206
page_index,time_cycles
0,138314
page_index,time_cycles
0,120010
page_index,time_cycles
0,127856
page_index,time_cycles
0,94414
page_index,time_cycles
0,161642
page_index,time_cycles
0,165598
page_index,time_cycles
0,133144
page_index,time_cycles
0,228402
page_index,time_cycles
0,106494
page_index,time_cycles
0,149726
page_index,time_cycles
0,92398
page_index,time_cycles
0,80470
page_index,time_cycles
0,155642
page_index,time_cycles
0,132674
page_index,time_cycles
0,146858
page_index,time_cycles
0,125082
page_index,time_cycles
0,144482
page_index,time_cycles
0,139544
page_index,time_cycles
0,178998
page_index,time_cycles
0,135788
page_index,time_cycles
0,144440
page_index,time_cycles
0,124654
page_index,time_cycles
0,157236
page_index,time_cycles
0,98390
page_index,time_cycles
0,79374
page_index,time_cycles
0,116114
page_index,time_cycles
0,99930
page_index,time_cycles
0,83856
page_index,time_cycles
0,163722
page_index,time_cycles
0,78770
page_index,time_cycles
0,104560
page_index,time_cycles
0,190846
page_index,time_cycles
0,137786
page_index,time_cycles
0,137754
page_index,time_cycles
0,84094
page_index,time_cycles
0,79448
page_index,time_cycles
0,148024
page_index,time_cycles
0,79346
page_index,time_cycles
0,86128
page_index,time_cycles
0,84588
page_index,time_cycles
0,94372
page_index,time_cycles
0,193186
page_index,time_cycles
0,171704
page_index,time_cycles
0,80748
page_index,time_cycles
0,135718
page_index,time_cycles
0,114242
page_index,time_cycles
0,85186
page_index,time_cycles
0,145900
page_index,time_cycles
0,77660
page_index,time_cycles
0,111968
page_index,time_cycles
0,83844
page_index,time_cycles
0,108082
page_index,time_cycles
0,153348
page_index,time_cycles
0,118604
page_index,time_cycles
0,148124
page_index,time_cycles
0,82270
page_index,time_cycles
0,126060
page_index,time_cycles
0,150764
page_index,time_cycles
0,84646
page_index,time_cycles
0,104738
page_index,time_cycles
0,91210
page_index,time_cycles
0,203998
page_index,time_cycles
0,110658
page_index,time_cycles
0,163210
page_index,time_cycles
0,118820
page_index,time_cycles
0,89012
page_index,time_cycles
0,133572
page_index,time_cycles
0,145254
page_index,time_cycles
0,191732
page_index,time_cycles
0,117882
page_index,time_cycles
0,103092
page_index,time_cycles
0,136052
page_index,time_cycles
0,134136
page_index,time_cycles
0,146712
page_index,time_cycles
0,100378
page_index,time_cycles
0,136188
page_index,time_cycles
0,115312
page_index,time_cycles
0,158226
page_index,time_cycles
0,133292
page_index,time_cycles
0,151686
page_index,time_cycles
0,255796
page_index,time_cycles
0,79556
page_index,time_cycles
0,101408
page_index,time_cycles
0,118436
page_index,time_cycles
0,85938
page_index,time_cycles
0,146832
page_index,time_cycles
0,145108
page_index,time_cycles
0,110486
page_index,time_cycles
0,120602
page_index,time_cycles
0,125896
page_index,time_cycles
0,81656
page_index,time_cycles
0,119522
page_index,time_cycles
0,130316
page_index,time_cycles
0,112746
page_index,time_cycles
0,116908
page_index,time_cycles
0,116166
page_index,time_cycles
0,86436
page_index,time_cycles
0,83360
page_index,time_cycles
0,185406
page_index,time_cycles
0,153822
page_index,time_cycles
0,102934
page_index,time_cycles
0,179466
page_index,time_cycles
0,124756
page_index,time_cycles
0,144692
page_index,time_cycles
0,81062
page_index,time_cycles
0,78464
page_index,time_cycles
0,138778
page_index,time_cycles
0,182678
page_index,time_cycles
0,140792
page_index,time_cycles
0,79230
page_index,time_cycles
0,185158
page_index,time_cycles
0,141562
page_index,time_cycles
0,143264
page_index,time_cycles
0,157518
page_index,time_cycles
0,146218
page_index,time_cycles
0,142234
page_index,time_cycles
0,84152
page_index,time_cycles
0,102932
page_index,time_cycles
0,131618
page_index,time_cycles
0,85528
page_index,time_cycles
0,144390
page_index,time_cycles
0,137600
page_index,time_cycles
0,147894
page_index,time_cycles
0,139172
page_index,time_cycles
0,134178
page_index,time_cycles
0,128700
page_index,time_cycles
0,100994
page_index,time_cycles
0,79426
page_index,time_cycles
0,119434
page_index,time_cycles
0,136248
page_index,time_cycles
0,118990
page_index,time_cycles
0,78982
page_index,time_cycles
0,134524
page_index,time_cycles
0,102222
page_index,time_cycles
0,151502
page_index,time_cycles
0,130330
page_index,time_cycles
0,80404
page_index,time_cycles
0,146238
page_index,time_cycles
0,82908
page_index,time_cycles
0,118296
page_index,time_cycles
0,140988
page_index,time_cycles
0,130852
page_index,time_cycles
0,143810
page_index,time_cycles
0,147674
page_index,time_cycles
0,148286
page_index,time_cycles
0,162564
page_index,time_cycles
0,145134
page_index,time_cycles
0,114966
page_index,time_cycles
0,152316
page_index,time_cycles
0,136030
page_index,time_cycles
0,147930
page_index,time_cycles
0,132768
page_index,time_cycles
0,127680
page_index,time_cycles
0,156120
page_index,time_cycles
0,91600
page_index,time_cycles
0,77688
page_index,time_cycles
0,144434
page_index,time_cycles
0,145520
page_index,time_cycles
0,115712
page_index,time_cycles
0,120782
page_index,time_cycles
0,134608
page_index,time_cycles
0,135866
page_index,time_cycles
0,89636
page_index,time_cycles
0,193922
page_index,time_cycles
0,79284
page_index,time_cycles
0,106108
page_index,time_cycles
0,85290
page_index,time_cycles
0,128922
page_index,time_cycles
0,144208
page_index,time_cycles
0,170482
page_index,time_cycles
0,129692
page_index,time_cycles
0,75618
page_index,time_cycles
0,127396
page_index,time_cycles
0,131760
page_index,time_cycles
0,111844
page_index,time_cycles
0,122438
page_index,time_cycles
0,100630
page_index,time_cycles
0,154458
page_index,time_cycles
0,78708
page_index,time_cycles
0,126864
page_index,time_cycles
0,253396
page_index,time_cycles
0,110864
page_index,time_cycles
0,129418
page_index,time_cycles
0,130770
page_index,time_cycles
0,144636
page_index,time_cycles
0,103274
page_index,time_cycles
0,80854
page_index,time_cycles
0,116256
page_index,time_cycles
0,83070
page_index,time_cycles
0,89732
page_index,time_cycles
0,132498
page_index,time_cycles
0,106854
page_index,time_cycles
0,82942
page_index,time_cycles
0,88346
page_index,time_cycles
0,129492
page_index,time_cycles
0,139574
page_index,time_cycles
0,145834
page_index,time_cycles
0,118042
page_index,time_cycles
0,126272
page_index,time_cycles
0,119964
page_index,time_cycles
0,148798
page_index,time_cycles
0,90388
page_index,time_cycles
0,212736
page_index,time_cycles
0,157466
page_index,time_cycles
0,138720
page_index,time_cycles
0,115620
page_index,time_cycles
0,119852
page_index,time_cycles
0,223976
page_index,time_cycles
0,161196
page_index,time_cycles
0,130478
page_index,time_cycles
0,99030
page_index,time_cycles
0,197076
page_index,time_cycles
0,144252
page_index,time_cycles
0,100972
page_index,time_cycles
0,296370
page_index,time_cycles
0,102072
page_index,time_cycles
0,112224
page_index,time_cycles
0,91520
page_index,time_cycles
0,109662
page_index,time_cycles
0,167428
page_index,time_cycles
0,119762
page_index,time_cycles
0,86038
page_index,time_cycles
0,98580
page_index,time_cycles
0,140300
page_index,time_cycles
0,142008
page_index,time_cycles
0,166508
page_index,time_cycles
0,148008
page_index,time_cycles
0,81018
page_index,time_cycles
0,138618
page_index,time_cycles
0,165072
page_index,time_cycles
0,83010
page_index,time_cycles
0,111826
page_index,time_cycles
0,84788
page_index,time_cycles
0,121968
page_index,time_cycles
0,108220
page_index,time_cycles
0,91576
page_index,time_cycles
0,80080
page_index,time_cycles
0,82770
page_index,time_cycles
0,133618
page_index,time_cycles
0,80286
page_index,time_cycles
0,126284
page_index,time_cycles
0,120798
page_index,time_cycles
0,147302
page_index,time_cycles
0,190694
page_index,time_cycles
0,108088
page_index,time_cycles
0,198930
page_index,time_cycles
0,103928
page_index,time_cycles
0,147938
page_index,time_cycles
0,121274
page_index,time_cycles
0,160484
page_index,time_cycles
0,157500
page_index,time_cycles
0,216514
page_index,time_cycles
0,141270
page_index,time_cycles
0,159246
page_index,time_cycles
0,90544
page_index,time_cycles
0,130940
page_index,time_cycles
0,131524
page_index,time_cycles
0,79292
page_index,time_cycles
0,146328
page_index,time_cycles
0,81668
page_index,time_cycles
0,95702
page_index,time_cycles
0,140024
page_index,time_cycles
0,94630
page_index,time_cycles
0,228096
page_index,time_cycles
0,128722
page_index,time_cycles
0,143570
page_index,time_cycles
0,120998
page_index,time_cycles
0,129118
page_index,time_cycles
0,160164
page_index,time_cycles
0,142516
page_index,time_cycles
0,135074
page_index,time_cycles
0,97798
page_index,time_cycles
0,173726
page_index,time_cycles
0,136372
page_index,time_cycles
0,142174
page_index,time_cycles
0,118074
page_index,time_cycles
0,99272
page_index,time_cycles
0,124560
page_index,time_cycles
0,144816
page_index,time_cycles
0,316138
page_index,time_cycles
0,198534
page_index,time_cycles
0,235600
page_index,time_cycles
0,130224
page_index,time_cycles
0,172512
page_index,time_cycles
0,92610
page_index,time_cycles
0,131682
page_index,time_cycles
0,175852
page_index,time_cycles
0,168948
page_index,time_cycles
0,136536
page_index,time_cycles
0,148544
page_index,time_cycles
0,194698
page_index,time_cycles
0,135500
page_index,time_cycles
0,82252
page_index,time_cycles
0,121094
page_index,time_cycles
0,102974
page_index,time_cycles
0,137092
page_index,time_cycles
0,144044
page_index,time_cycles
0,95128
page_index,time_cycles
0,137132
page_index,time_cycles
0,83418
page_index,time_cycles
0,124636
page_index,time_cycles
0,137038
page_index,time_cycles
0,120944
page_index,time_cycles
0,129022
page_index,time_cycles
0,126394
page_index,time_cycles
0,83392
page_index,time_cycles
0,137044
page_index,time_cycles
0,137110
page_index,time_cycles
0,144750
page_index,time_cycles
0,130712
page_index,time_cycles
0,152970
page_index,time_cycles
0,112574
page_index,time_cycles
0,115308
page_index,time_cycles
0,105618
page_index,time_cycles
0,115626
page_index,time_cycles
0,110544
page_index,time_cycles
0,145914
page_index,time_cycles
0,135498
page_index,time_cycles
0,142402
page_index,time_cycles
0,216612
page_index,time_cycles
0,156602
page_index,time_cycles
0,139950
page_index,time_cycles
0,104774
page_index,time_cycles
0,137770
page_index,time_cycles
0,133104
page_index,time_cycles
0,128074
page_index,time_cycles
0,138452
page_index,time_cycles
0,97794
page_index,time_cycles
0,117102
page_index,time_cycles
0,79656
page_index,time_cycles
0,202206
page_index,time_cycles
0,195780
page_index,time_cycles
0,87528
page_index,time_cycles
0,139442
page_index,time_cycles
0,176836
page_index,time_cycles
0,139740
page_index,time_cycles
0,147424
page_index,time_cycles
0,136076
page_index,time_cycles
0,130716
page_index,time_cycles
0,91328
page_index,time_cycles
0,186350
page_index,time_cycles
0,115744
page_index,time_cycles
0,163106
page_index,time_cycles
0,87588
page_index,time_cycles
0,79954
page_index,time_cycles
0,95046
page_index,time_cycles
0,87076
page_index,time_cycles
0,146890
page_index,time_cycles
0,138632
page_index,time_cycles
0,79106
page_index,time_cycles
0,126442
page_index,time_cycles
0,142370
page_index,time_cycles
0,141098
page_index,time_cycles
0,156388
page_index,time_cycles
0,139932
page_index,time_cycles
0,146068
page_index,time_cycles
0,151620
page_index,time_cycles
0,89656
page_index,time_cycles
0,111050
page_index,time_cycles
0,84878
page_index,time_cycles
0,119250
page_index,time_cycles
0,118900
page_index,time_cycles
0,154968
page_index,time_cycles
0,132020
page_index,time_cycles
0,150320
page_index,time_cycles
0,117874
page_index,time_cycles
0,139308
page_index,time_cycles
0,94360
page_index,time_cycles
0,136016
page_index,time_cycles
0,149756
page_index,time_cycles
0,172776
page_index,time_cycles
0,76900
page_index,time_cycles
0,126366
page_index,time_cycles
0,130128
page_index,time_cycles
0,112846
page_index,time_cycles
0,128570
page_index,time_cycles
0,117350
page_index,time_cycles
0,77094
page_index,time_cycles
0,84192
page_index,time_cycles
0,126574
page_index,time_cycles
0,121816
page_index,time_cycles
0,145816
page_index,time_cycles
0,166664
page_index,time_cycles
0,90868
page_index,time_cycles
0,87788
page_index,time_cycles
0,134140
page_index,time_cycles
0,184762
page_index,time_cycles
0,151728
page_index,time_cycles
0,115338
page_index,time_cycles
0,138892
page_index,time_cycles
0,129714
page_index,time_cycles
0,120972
page_index,time_cycles
0,129418
page_index,time_cycles
0,134954
page_index,time_cycles
0,162782
page_index,time_cycles
0,142900
page_index,time_cycles
0,130702
page_index,time_cycles
0,130478
page_index,time_cycles
0,232508
page_index,time_cycles
0,130616
page_index,time_cycles
0,118030
page_index,time_cycles
0,133534
page_index,time_cycles
0,135950
page_index,time_cycles
0,82808
page_index,time_cycles
0,118244
page_index,time_cycles
0,81266
page_index,time_cycles
0,137894
page_index,time_cycles
0,131018
page_index,time_cycles
0,94514
page_index,time_cycles
0,134628
page_index,time_cycles
0,134488
page_index,time_cycles
0,141772
page_index,time_cycles
0,163550
page_index,time_cycles
0,91192
page_index,time_cycles
0,129892
page_index,time_cycles
0,79934
page_index,time_cycles
0,85226
page_index,time_cycles
0,131454
page_index,time_cycles
0,91642
page_index,time_cycles
0,90230
page_index,time_cycles
0,140584
page_index,time_cycles
0,78174
page_index,time_cycles
0,160636
page_index,time_cycles
0,135878
page_index,time_cycles
0,135988
page_index,time_cycles
0,98966
page_index,time_cycles
0,101342
page_index,time_cycles
0,109216
page_index,time_cycles
0,111384
page_index,time_cycles
0,141144
page_index,time_cycles
0,119348
page_index,time_cycles
0,120856
page_index,time_cycles
0,144862
page_index,time_cycles
0,138810
page_index,time_cycles
0,178476
page_index,time_cycles
0,111468
page_index,time_cycles
0,97334
page_index,time_cycles
0,98518
page_index,time_cycles
0,80636
page_index,time_cycles
0,131318
page_index,time_cycles
0,81352
page_index,time_cycles
0,103546
page_index,time_cycles
0,92478
page_index,time_cycles
0,127082
page_index,time_cycles
0,125076
page_index,time_cycles
0,131606
page_index,time_cycles
0,163076
page_index,time_cycles
0,131780
page_index,time_cycles
0,127718
page_index,time_cycles
0,138838
page_index,time_cycles
0,228096
page_index,time_cycles
0,175648
page_index,time_cycles
0,134298
page_index,time_cycles
0,124856
page_index,time_cycles
0,84076
page_index,time_cycles
0,135070
page_index,time_cycles
0,125536
page_index,time_cycles
0,146312
page_index,time_cycles
0,80496
page_index,time_cycles
0,133396
page_index,time_cycles
0,118770
page_index,time_cycles
0,126566
page_index,time_cycles
0,134732
page_index,time_cycles
0,108296
page_index,time_cycles
0,134970
page_index,time_cycles
0,104278
page_index,time_cycles
0,131808
page_index,time_cycles
0,116952
page_index,time_cycles
0,110778
page_index,time_cycles
0,185590
page_index,time_cycles
0,127304
page_index,time_cycles
0,133050
page_index,time_cycles
0,144442
page_index,time_cycles
0,169184
page_index,time_cycles
0,81972
page_index,time_cycles
0,94422
page_index,time_cycles
0,114122
page_index,time_cycles
0,131602
page_index,time_cycles
0,179096
page_index,time_cycles
0,128884
page_index,time_cycles
0,141202
page_index,time_cycles
0,111328
page_index,time_cycles
0,94492
page_index,time_cycles
0,134334
page_index,time_cycles
0,116704
page_index,time_cycles
0,80764
page_index,time_cycles
0,131544
page_index,time_cycles
0,141444
page_index,time_cycles
0,95574
page_index,time_cycles
0,126774
page_index,time_cycles
0,107322
page_index,time_cycles
0,134562
page_index,time_cycles
0,127812
page_index,time_cycles
0,155622
page_index,time_cycles
0,137422
page_index,time_cycles
0,137920
page_index,time_cycles
0,120104
page_index,time_cycles
0,88332
page_index,time_cycles
0,214172
page_index,time_cycles
0,141778
page_index,time_cycles
0,151268
page_index,time_cycles
0,116032
page_index,time_cycles
0,150452
page_index,time_cycles
0,145536
page_index,time_cycles
0,145250
page_index,time_cycles
0,97698
page_index,time_cycles
0,82126
page_index,time_cycles
0,137982
page_index,time_cycles
0,75684
page_index,time_cycles
0,162180
page_index,time_cycles
0,130754
page_index,time_cycles
0,140584
page_index,time_cycles
0,79756
page_index,time_cycles
0,119090
page_index,time_cycles
0,132776
page_index,time_cycles
0,186706
page_index,time_cycles
0,80084
page_index,time_cycles
0,88772
page_index,time_cycles
0,80386
page_index,time_cycles
0,78848
page_index,time_cycles
0,80190
page_index,time_cycles
0,78602
page_index,time_cycles
0,139128
page_index,time_cycles
0,133860
page_index,time_cycles
0,120344
page_index,time_cycles
0,82284
page_index,time_cycles
0,123058
page_index,time_cycles
0,168104
page_index,time_cycles
0,116626
page_index,time_cycles
0,96486
page_index,time_cycles
0,114310
page_index,time_cycles
0,124496
page_index,time_cycles
0,81866
page_index,time_cycles
0,99146
page_index,time_cycles
0,82952
page_index,time_cycles
0,142982
page_index,time_cycles
0,78940
page_index,time_cycles
0,152842
page_index,time_cycles
0,195866
page_index,time_cycles
0,93248
page_index,time_cycles
0,103968
page_index,time_cycles
0,115616
page_index,time_cycles
0,117304
page_index,time_cycles
0,97406
page_index,time_cycles
0,161024
page_index,time_cycles
0,138952
page_index,time_cycles
0,148208
page_index,time_cycles
0,81690
page_index,time_cycles
0,134352
page_index,time_cycles
0,89520
page_index,time_cycles
0,94750
page_index,time_cycles
0,132930
page_index,time_cycles
0,147406
page_index,time_cycles
0,116698
page_index,time_cycles
0,101636
page_index,time_cycles
0,131584
page_index,time_cycles
0,97814
page_index,time_cycles
0,132400
page_index,time_cycles
0,80654
page_index,time_cycles
0,202816
page_index,time_cycles
0,88918
page_index,time_cycles
0,151294
page_index,time_cycles
0,81592
page_index,time_cycles
0,131792
page_index,time_cycles
0,88800
page_index,time_cycles
0,139760
page_index,time_cycles
0,152412
page_index,time_cycles
0,79906
page_index,time_cycles
0,233554
page_index,time_cycles
0,83688
page_index,time_cycles
0,156328
page_index,time_cycles
0,135464
page_index,time_cycles
0,79698
page_index,time_cycles
0,84510
page_index,time_cycles
0,148438
page_index,time_cycles
0,100364
page_index,time_cycles
0,106086
page_index,time_cycles
0,78848
page_index,time_cycles
0,106224
page_index,time_cycles
0,130954
page_index,time_cycles
0,102984
page_index,time_cycles
0,148714
page_index,time_cycles
0,161240
page_index,time_cycles
0,113036
page_index,time_cycles
0,127982
page_index,time_cycles
0,94352
page_index,time_cycles
0,226430
page_index,time_cycles
0,174242
page_index,time_cycles
0,94564
page_index,time_cycles
0,95160
page_index,time_cycles
0,118302
page_index,time_cycles
0,146092
page_index,time_cycles
0,132766
page_index,time_cycles
0,80640
page_index,time_cycles
0,131172
page_index,time_cycles
0,129276
page_index,time_cycles
0,124230
page_index,time_cycles
0,139968
page_index,time_cycles
0,133286
page_index,time_cycles
0,161666
page_index,time_cycles
0,92440
page_index,time_cycles
0,178818
page_index,time_cycles
0,244154
page_index,time_cycles
0,187432
page_index,time_cycles
0,85944
page_index,time_cycles
0,133448
page_index,time_cycles
0,85568
page_index,time_cycles
0,86324
page_index,time_cycles
0,136454
page_index,time_cycles
0,101632
page_index,time_cycles
0,144854
page_index,time_cycles
0,141138
page_index,time_cycles
0,185362
page_index,time_cycles
0,80464
page_index,time_cycles
0,138860
page_index,time_cycles
0,119526
page_index,time_cycles
0,112374
page_index,time_cycles
0,131182
page_index,time_cycles
0,131374
page_index,time_cycles
0,183912
page_index,time_cycles
0,79234
page_index,time_cycles
0,191304
page_index,time_cycles
0,174188
page_index,time_cycles
0,110816
page_index,time_cycles
0,192046
page_index,time_cycles
0,84484
page_index,time_cycles
0,86744
page_index,time_cycles
0,123160
page_index,time_cycles
0,119714
page_index,time_cycles
0,143722
page_index,time_cycles
0,139882
page_index,time_cycles
0,132534
page_index,time_cycles
0,149328
page_index,time_cycles
0,113974
page_index,time_cycles
0,140594
page_index,time_cycles
0,77684
page_index,time_cycles
0,165872
page_index,time_cycles
0,135556
page_index,time_cycles
0,81406
page_index,time_cycles
0,132756
page_index,time_cycles
0,86984
page_index,time_cycles
0,148004
page_index,time_cycles
0,145540
page_index,time_cycles
0,181700
page_index,time_cycles
0,78996
page_index,time_cycles
0,86574
page_index,time_cycles
0,145202
page_index,time_cycles
0,144268
page_index,time_cycles
0,136816
page_index,time_cycles
0,154464
page_index,time_cycles
0,136154
page_index,time_cycles
0,163362
page_index,time_cycles
0,142594
page_index,time_cycles
0,122228
page_index,time_cycles
0,106510
page_index,time_cycles
0,105034
page_index,time_cycles
0,149412
page_index,time_cycles
0,145500
page_index,time_cycles
0,81012
page_index,time_cycles
0,153348
page_index,time_cycles
0,104050
page_index,time_cycles
0,142400
page_index,time_cycles
0,84676
page_index,time_cycles
0,114436
page_index,time_cycles
0,130652
page_index,time_cycles
0,148868
page_index,time_cycles
0,95660
page_index,time_cycles
0,89496
page_index,time_cycles
0,94118
page_index,time_cycles
0,198382
page_index,time_cycles
0,186804
page_index,time_cycles
0,215338
page_index,time_cycles
0,85272
page_index,time_cycles
0,203066
page_index,time_cycles
0,122252
page_index,time_cycles
0,111598
page_index,time_cycles
0,120770
page_index,time_cycles
0,129548
page_index,time_cycles
0,119812
page_index,time_cycles
0,109398
page_index,time_cycles
0,118244
page_index,time_cycles
0,145100
page_index,time_cycles
0,230758
page_index,time_cycles
0,81336
page_index,time_cycles
0,126704
page_index,time_cycles
0,178084
page_index,time_cycles
0,89560
page_index,time_cycles
0,153140
page_index,time_cycles
0,117156
page_index,time_cycles
0,173748
page_index,time_cycles
0,81248
page_index,time_cycles
0,175822
page_index,time_cycles
0,174088
page_index,time_cycles
0,120876
page_index,time_cycles
0,145628
page_index,time_cycles
0,115558
page_index,time_cycles
0,128714
page_index,time_cycles
0,155316
page_index,time_cycles
0,147824
page_index,time_cycles
0,112574
page_index,time_cycles
0,79900
page_index,time_cycles
0,108184
page_index,time_cycles
0,79666
page_index,time_cycles
0,129404
page_index,time_cycles
0,145788
page_index,time_cycles
0,82016
page_index,time_cycles
0,179964
page_index,time_cycles
0,140050
page_index,time_cycles
0,136646
page_index,time_cycles
0,181002
page_index,time_cycles
0,129216
page_index,time_cycles
0,133388
page_index,time_cycles
0,140140
page_index,time_cycles
0,131258
page_index,time_cycles
0,104466
page_index,time_cycles
0,147360
page_index,time_cycles
0,130302
page_index,time_cycles
0,78428
page_index,time_cycles
0,81360
page_index,time_cycles
0,80884
page_index,time_cycles
0,121984
page_index,time_cycles
0,106970
page_index,time_cycles
0,137140
page_index,time_cycles
0,136706
page_index,time_cycles
0,107272
page_index,time_cycles
0,115948
page_index,time_cycles
0,109032
page_index,time_cycles
0,102422
page_index,time_cycles
0,107402
page_index,time_cycles
0,108428
page_index,time_cycles
0,194404
page_index,time_cycles
0,151608
page_index,time_cycles
0,151030
page_index,time_cycles
0,134906
page_index,time_cycles
0,78400
page_index,time_cycles
0,187696
page_index,time_cycles
0,87914
page_index,time_cycles
0,103298
page_index,time_cycles
0,198548
page_index,time_cycles
0,115062
page_index,time_cycles
0,141452
page_index,time_cycles
0,126672
page_index,time_cycles
0,142252
page_index,time_cycles
0,107884
page_index,time_cycles
0,132888
page_index,time_cycles
0,105944
page_index,time_cycles
0,94374
page_index,time_cycles
0,83546
page_index,time_cycles
0,168862
page_index,time_cycles
0,150752
page_index,time_cycles
0,131874
page_index,time_cycles
0,102776
page_index,time_cycles
0,135110
page_index,time_cycles
0,88174
page_index,time_cycles
0,125386
page_index,time_cycles
0,86642
page_index,time_cycles
0,170286
page_index,time_cycles
0,157780
page_index,time_cycles
0,91984
page_index,time_cycles
0,114200
page_index,time_cycles
0,124166
page_index,time_cycles
0,121362
page_index,time_cycles
0,128572
page_index,time_cycles
0,145692
page_index,time_cycles
0,136126
page_index,time_cycles
0,146130
page_index,time_cycles
0,101312
page_index,time_cycles
0,161696
page_index,time_cycles
0,81370
page_index,time_cycles
0,174190
page_index,time_cycles
0,139424
page_index,time_cycles
0,80468
page_index,time_cycles
0,118654
page_index,time_cycles
0,136836
page_index,time_cycles
0,135126
page_index,time_cycles
0,239528
page_index,time_cycles
0,130846
page_index,time_cycles
0,116294
page_index,time_cycles
0,124828
page_index,time_cycles
0,101880
page_index,time_cycles
0,133120
page_index,time_cycles
0,139984
page_index,time_cycles
0,81412
page_index,time_cycles
0,131044
page_index,time_cycles
0,117262
page_index,time_cycles
0,81286
page_index,time_cycles
0,179086
page_index,time_cycles
0,92048
page_index,time_cycles
0,144028
page_index,time_cycles
0,147068
page_index,time_cycles
0,156564
page_index,time_cycles
0,122308
page_index,time_cycles
0,130730
page_index,time_cycles
0,166538
page_index,time_cycles
0,145890
page_index,time_cycles
0,126910
page_index,time_cycles
0,181500
page_index,time_cycles
0,136420
page_index,time_cycles
0,134026
page_index,time_cycles
0,91396
page_index,time_cycles
0,144872
page_index,time_cycles
0,88476
page_index,time_cycles
0,141422
page_index,time_cycles
0,132976
page_index,time_cycles
0,143900
page_index,time_cycles
0,122532
page_index,time_cycles
0,118228
page_index,time_cycles
0,140172
page_index,time_cycles
0,147036
page_index,time_cycles
0,114500
page_index,time_cycles
0,144398
page_index,time_cycles
0,144040
page_index,time_cycles
0,85008
page_index,time_cycles
0,113452
page_index,time_cycles
0,166408
page_index,time_cycles
0,139778
page_index,time_cycles
0,180830
page_index,time_cycles
0,104300
page_index,time_cycles
0,143016
page_index,time_cycles
0,129568
page_index,time_cycles
0,127872
page_index,time_cycles
0,146048
page_index,time_cycles
0,123848
page_index,time_cycles
0,120300
page_index,time_cycles
0,75890
page_index,time_cycles
0,89866
page_index,time_cycles
0,160542
page_index,time_cycles
0,133478
page_index,time_cycles
0,160056
page_index,time_cycles
0,155812
page_index,time_cycles
0,145382
page_index,time_cycles
0,142148
page_index,time_cycles
0,134322
page_index,time_cycles
0,125212
page_index,time_cycles
0,271510
page_index,time_cycles
0,133264
page_index,time_cycles
0,78108
page_index,time_cycles
0,128880
page_index,time_cycles
0,114472
page_index,time_cycles
0,179564
page_index,time_cycles
0,133086
page_index,time_cycles
0,115726
page_index,time_cycles
0,100206
page_index,time_cycles
0,168166
page_index,time_cycles
0,130914
page_index,time_cycles
0,114292
page_index,time_cycles
0,114864
page_index,time_cycles
0,162060
page_index,time_cycles
0,123990
page_index,time_cycles
0,152082
page_index,time_cycles
0,135314
page_index,time_cycles
0,85288
page_index,time_cycles
0,201164
page_index,time_cycles
0,109450
page_index,time_cycles
0,88948
page_index,time_cycles
0,128810
page_index,time_cycles
0,163008
page_index,time_cycles
0,143394
page_index,time_cycles
0,244284
page_index,time_cycles
0,84124
page_index,time_cycles
0,184234
page_index,time_cycles
0,94230
page_index,time_cycles
0,123990
page_index,time_cycles
0,107152
page_index,time_cycles
0,154498
page_index,time_cycles
0,78108
page_index,time_cycles
0,178568
page_index,time_cycles
0,133688
page_index,time_cycles
0,147180
page_index,time_cycles
0,157894
page_index,time_cycles
0,124462
page_index,time_cycles
0,158642
page_index,time_cycles
0,111374
page_index,time_cycles
0,158726
page_index,time_cycles
0,167480
page_index,time_cycles
0,83750
page_index,time_cycles
0,153402
page_index,time_cycles
0,133990
page_index,time_cycles
0,121904
page_index,time_cycles
0,123762
page_index,time_cycles
0,199916
page_index,time_cycles
0,82592
page_index,time_cycles
0,146258
page_index,time_cycles
0,81392
page_index,time_cycles
0,90540
page_index,time_cycles
0,148188
page_index,time_cycles
0,152468
page_index,time_cycles
0,149042
page_index,time_cycles
0,130906
page_index,time_cycles
0,159892
page_index,time_cycles
0,114884
page_index,time_cycles
0,112392
page_index,time_cycles
0,166996
page_index,time_cycles
0,147294
page_index,time_cycles
0,76246
page_index,time_cycles
0,144168
page_index,time_cycles
0,179828
page_index,time_cycles
0,140538
page_index,time_cycles
0,87302
page_index,time_cycles
0,78256
page_index,time_cycles
0,87978
page_index,time_cycles
0,119240
page_index,time_cycles
0,181752
page_index,time_cycles
0,134464
page_index,time_cycles
0,135604
page_index,time_cycles
0,134366
page_index,time_cycles
0,190068
page_index,time_cycles
0,131784
page_index,time_cycles
0,85128
page_index,time_cycles
0,147540
page_index,time_cycles
0,144278
page_index,time_cycles
0,172552
page_index,time_cycles
0,159468
page_index,time_cycles
0,83774
page_index,time_cycles
0,82274
page_index,time_cycles
0,143680
page_index,time_cycles
0,155346
page_index,time_cycles
0,139962
page_index,time_cycles
0,90650
page_index,time_cycles
0,86396
page_index,time_cycles
0,157402
page_index,time_cycles
0,221280
page_index,time_cycles
0,162754
page_index,time_cycles
0,130742
page_index,time_cycles
0,91674
page_index,time_cycles
0,109082
page_index,time_cycles
0,84042
page_index,time_cycles
0,137216
page_index,time_cycles
0,81686
page_index,time_cycles
0,78832
page_index,time_cycles
0,136628
page_index,time_cycles
0,124802
page_index,time_cycles
0,176386
page_index,time_cycles
0,77910
page_index,time_cycles
0,184968
page_index,time_cycles
0,130846
page_index,time_cycles
0,140838
page_index,time_cycles
0,141822
page_index,time_cycles
0,105574
page_index,time_cycles
0,100162
page_index,time_cycles
0,132448
page_index,time_cycles
0,116776
page_index,time_cycles
0,167556
page_index,time_cycles
0,107312
page_index,time_cycles
0,121444
page_index,time_cycles
0,158938
page_index,time_cycles
0,128424
page_index,time_cycles
0,121890
page_index,time_cycles
0,142604
page_index,time_cycles
0,81876
page_index,time_cycles
0,134598
page_index,time_cycles
0,85650
page_index,time_cycles
0,143342
page_index,time_cycles
0,191456
page_index,time_cycles
0,114984
page_index,time_cycles
0,88144
page_index,time_cycles
0,152380
page_index,time_cycles
0,117232
page_index,time_cycles
0,134536
page_index,time_cycles
0,100444
page_index,time_cycles
0,96872
page_index,time_cycles
0,258130
page_index,time_cycles
0,117198
page_index,time_cycles
0,83070
page_index,time_cycles
0,79312
page_index,time_cycles
0,241924
page_index,time_cycles
0,133992
page_index,time_cycles
0,132120
page_index,time_cycles
0,125524
page_index,time_cycles
0,78212
page_index,time_cycles
0,92414
page_index,time_cycles
0,136488
page_index,time_cycles
0,86344
page_index,time_cycles
0,77630
page_index,time_cycles
0,223430
page_index,time_cycles
0,105792
page_index,time_cycles
0,79322
page_index,time_cycles
0,97164
page_index,time_cycles
0,138154
page_index,time_cycles
0,79216
page_index,time_cycles
0,113364
page_index,time_cycles
0,125888
page_index,time_cycles
0,81680
page_index,time_cycles
0,131790
page_index,time_cycles
0,183516
page_index,time_cycles
0,204816
page_index,time_cycles
0,97148
page_index,time_cycles
0,122914
page_index,time_cycles
0,140416
page_index,time_cycles
0,80572
page_index,time_cycles
0,188574
page_index,time_cycles
0,110350
page_index,time_cycles
0,92386
page_index,time_cycles
0,140852
page_index,time_cycles
0,89956
page_index,time_cycles
0,128740
page_index,time_cycles
0,128408
page_index,time_cycles
0,143138
page_index,time_cycles
0,134612
page_index,time_cycles
0,131224
page_index,time_cycles
0,91764
page_index,time_cycles
0,77146
page_index,time_cycles
0,140526
page_index,time_cycles
0,107996
page_index,time_cycles
0,125562
page_index,time_cycles
0,75522
page_index,time_cycles
0,113074
page_index,time_cycles
0,129566
page_index,time_cycles
0,82928
page_index,time_cycles
0,144126
page_index,time_cycles
0,150054
page_index,time_cycles
0,135342
page_index,time_cycles
0,140238
page_index,time_cycles
0,136778
page_index,time_cycles
0,154166
page_index,time_cycles
0,150938
page_index,time_cycles
0,109742
page_index,time_cycles
0,119496
page_index,time_cycles
0,187072
page_index,time_cycles
0,120070
page_index,time_cycles
0,77612
page_index,time_cycles
0,122188
page_index,time_cycles
0,198442
page_index,time_cycles
0,134466
page_index,time_cycles
0,134542
page_index,time_cycles
0,202244
page_index,time_cycles
0,129296
page_index,time_cycles
0,172296
page_index,time_cycles
0,141452
page_index,time_cycles
0,139136
page_index,time_cycles
0,141210
page_index,time_cycles
0,171730
page_index,time_cycles
0,111408
page_index,time_cycles
0,138000
page_index,time_cycles
0,143342
page_index,time_cycles
0,131134
page_index,time_cycles
0,184032
page_index,time_cycles
0,141548
page_index,time_cycles
0,213812
page_index,time_cycles
0,90488
page_index,time_cycles
0,105030
page_index,time_cycles
0,85506
page_index,time_cycles
0,143976
page_index,time_cycles
0,79386
page_index,time_cycles
0,136558
page_index,time_cycles
0,152888
page_index,time_cycles
0,127534
page_index,time_cycles
0,261998
page_index,time_cycles
0,139370
page_index,time_cycles
0,79358
page_index,time_cycles
0,80858
page_index,time_cycles
0,124904
page_index,time_cycles
0,117704
page_index,time_cycles
0,84730
page_index,time_cycles
0,127378
page_index,time_cycles
0,129092
page_index,time_cycles
0,194850
page_index,time_cycles
0,136318
page_index,time_cycles
0,79512
page_index,time_cycles
0,111618
page_index,time_cycles
0,145382
page_index,time_cycles
0,91226
page_index,time_cycles
0,142448
page_index,time_cycles
0,82430
page_index,time_cycles
0,132612
page_index,time_cycles
0,152702
page_index,time_cycles
0,89058
page_index,time_cycles
0,108910
page_index,time_cycles
0,210878
page_index,time_cycles
0,143522
page_index,time_cycles
0,149728
page_index,time_cycles
0,178860
page_index,time_cycles
0,101456
page_index,time_cycles
0,85268
page_index,time_cycles
0,116092
page_index,time_cycles
0,78748
page_index,time_cycles
0,177176
page_index,time_cycles
0,136204
page_index,time_cycles
0,129538
page_index,time_cycles
0,115378
page_index,time_cycles
0,138884
page_index,time_cycles
0,131096
page_index,time_cycles
0,134586
page_index,time_cycles
0,82044
page_index,time_cycles
0,79354
page_index,time_cycles
0,279966
page_index,time_cycles
0,142060
page_index,time_cycles
0,139998
page_index,time_cycles
0,131460
page_index,time_cycles
0,131888
page_index,time_cycles
0,193234
page_index,time_cycles
0,150228
page_index,time_cycles
0,102528
page_index,time_cycles
0,130868
page_index,time_cycles
0,135498
page_index,time_cycles
0,107250
page_index,time_cycles
0,133992
page_index,time_cycles
0,125670
page_index,time_cycles
0,115046
page_index,time_cycles
0,78188
page_index,time_cycles
0,147556
page_index,time_cycles
0,185732
page_index,time_cycles
0,134492
page_index,time_cycles
0,135124
page_index,time_cycles
0,184202
page_index,time_cycles
0,241608
page_index,time_cycles
0,213266
page_index,time_cycles
0,96542
page_index,time_cycles
0,126434
page_index,time_cycles
0,90926
page_index,time_cycles
0,201532
page_index,time_cycles
0,255306
page_index,time_cycles
0,80112
page_index,time_cycles
0,154216
page_index,time_cycles
0,128684
page_index,time_cycles
0,164508
page_index,time_cycles
0,78944
page_index,time_cycles
0,147880
page_index,time_cycles
0,175942
page_index,time_cycles
0,138992
page_index,time_cycles
0,80534
page_index,time_cycles
0,120352
page_index,time_cycles
0,80738
page_index,time_cycles
0,132608
page_index,time_cycles
0,118472
page_index,time_cycles
0,134722
page_index,time_cycles
0,143628
page_index,time_cycles
0,183750
page_index,time_cycles
0,82948
page_index,time_cycles
0,139274
page_index,time_cycles
0,268126
page_index,time_cycles
0,85234
page_index,time_cycles
0,138326
page_index,time_cycles
0,112282
page_index,time_cycles
0,80820
page_index,time_cycles
0,196276
page_index,time_cycles
0,180344
page_index,time_cycles
0,132334
page_index,time_cycles
0,82500
page_index,time_cycles
0,90454
page_index,time_cycles
0,92092
page_index,time_cycles
0,120168
page_index,time_cycles
0,141036
page_index,time_cycles
0,96260
page_index,time_cycles
0,114650
page_index,time_cycles
0,136506
page_index,time_cycles
0,130290
page_index,time_cycles
0,112952
page_index,time_cycles
0,119236
page_index,time_cycles
0,117852
page_index,time_cycles
0,172842
page_index,time_cycles
0,157388
page_index,time_cycles
0,80488
page_index,time_cycles
0,140052
page_index,time_cycles
0,203776
page_index,time_cycles
0,117570
page_index,time_cycles
0,121854
page_index,time_cycles
0,80066
page_index,time_cycles
0,84204
page_index,time_cycles
0,145782
page_index,time_cycles
0,147458
page_index,time_cycles
0,143398
page_index,time_cycles
0,103448
page_index,time_cycles
0,122104
page_index,time_cycles
0,76722
page_index,time_cycles
0,151724
page_index,time_cycles
0,122250
page_index,time_cycles
0,148694
page_index,time_cycles
0,94824
page_index,time_cycles
0,104092
page_index,time_cycles
0,125918
page_index,time_cycles
0,77018
page_index,time_cycles
0,180544
page_index,time_cycles
0,114204
page_index,time_cycles
0,142920
page_index,time_cycles
0,142808
page_index,time_cycles
0,168594
page_index,time_cycles
0,130102
page_index,time_cycles
0,78930
page_index,time_cycles
0,111390
page_index,time_cycles
0,132436
page_index,time_cycles
0,108902
page_index,time_cycles
0,102538
page_index,time_cycles
0,134556
page_index,time_cycles
0,193542
page_index,time_cycles
0,133456
page_index,time_cycles
0,154750
page_index,time_cycles
0,141294
page_index,time_cycles
0,80490
page_index,time_cycles
0,132574
page_index,time_cycles
0,111470
page_index,time_cycles
0,183484
page_index,time_cycles
0,82816
page_index,time_cycles
0,112730
page_index,time_cycles
0,128938
page_index,time_cycles
0,115240
page_index,time_cycles
0,161308
page_index,time_cycles
0,94654
page_index,time_cycles
0,148152
page_index,time_cycles
0,104454
page_index,time_cycles
0,179440
page_index,time_cycles
0,128866
page_index,time_cycles
0,101978
page_index,time_cycles
0,79334
page_index,time_cycles
0,87456
page_index,time_cycles
0,142530
page_index,time_cycles
0,141226
page_index,time_cycles
0,85854
page_index,time_cycles
0,153098
page_index,time_cycles
0,133108
page_index,time_cycles
0,113350
page_index,time_cycles
0,152360
page_index,time_cycles
0,80738
page_index,time_cycles
0,111942
page_index,time_cycles
0,147768
page_index,time_cycles
0,114352
page_index,time_cycles
0,131758
page_index,time_cycles
0,119986
page_index,time_cycles
0,78386
page_index,time_cycles
0,187090
page_index,time_cycles
0,142096
page_index,time_cycles
0,163848
page_index,time_cycles
0,148268
page_index,time_cycles
0,82714
page_index,time_cycles
0,133508
page_index,time_cycles
0,134738
page_index,time_cycles
0,121656
page_index,time_cycles
0,133134
page_index,time_cycles
0,79902
page_index,time_cycles
0,143880
page_index,time_cycles
0,136512
page_index,time_cycles
0,82074
page_index,time_cycles
0,109338
page_index,time_cycles
0,110280
page_index,time_cycles
0,133504
page_index,time_cycles
0,140240
page_index,time_cycles
0,224316
page_index,time_cycles
0,97834
page_index,time_cycles
0,134158
page_index,time_cycles
0,147400
page_index,time_cycles
0,146872
page_index,time_cycles
0,135602
page_index,time_cycles
0,81246
page_index,time_cycles
0,119334
page_index,time_cycles
0,170532
page_index,time_cycles
0,95288
page_index,time_cycles
0,107012
page_index,time_cycles
0,140890
page_index,time_cycles
0,92034
page_index,time_cycles
0,141682
page_index,time_cycles
0,115628
page_index,time_cycles
0,124310
page_index,time_cycles
0,122234
page_index,time_cycles
0,149570
page_index,time_cycles
0,80514
page_index,time_cycles
0,118958
page_index,time_cycles
0,137914
page_index,time_cycles
0,75812
page_index,time_cycles
0,134030
page_index,time_cycles
0,133186
page_index,time_cycles
0,137458
page_index,time_cycles
0,146922
page_index,time_cycles
0,184210
page_index,time_cycles
0,114534
page_index,time_cycles
0,103906
page_index,time_cycles
0,103346
page_index,time_cycles
0,129944
page_index,time_cycles
0,83816
page_index,time_cycles
0,142680
page_index,time_cycles
0,95662
page_index,time_cycles
0,116326
page_index,time_cycles
0,120786
page_index,time_cycles
0,143128
page_index,time_cycles
0,135788
page_index,time_cycles
0,179586
page_index,time_cycles
0,80948
page_index,time_cycles
0,118318
page_index,time_cycles
0,89728
page_index,time_cycles
0,155412
page_index,time_cycles
0,159948
page_index,time_cycles
0,82956
page_index,time_cycles
0,144622
page_index,time_cycles
0,152002
page_index,time_cycles
0,155622
page_index,time_cycles
0,123154
page_index,time_cycles
0,85268
page_index,time_cycles
0,79524
page_index,time_cycles
0,132008
page_index,time_cycles
0,83090
page_index,time_cycles
0,90010
page_index,time_cycles
0,130738
page_index,time_cycles
0,145038
page_index,time_cycles
0,137172
page_index,time_cycles
0,142850
page_index,time_cycles
0,79388
page_index,time_cycles
0,128992
page_index,time_cycles
0,130944
page_index,time_cycles
0,144492
page_index,time_cycles
0,144462
page_index,time_cycles
0,143586
page_index,time_cycles
0,124234
page_index,time_cycles
0,112410
page_index,time_cycles
0,84544
page_index,time_cycles
0,130926
page_index,time_cycles
0,137838
page_index,time_cycles
0,79050
page_index,time_cycles
0,152112
page_index,time_cycles
0,172242
page_index,time_cycles
0,93156
page_index,time_cycles
0,79786
page_index,time_cycles
0,213070
page_index,time_cycles
0,127328
page_index,time_cycles
0,132858
page_index,time_cycles
0,224180
page_index,time_cycles
0,83522
page_index,time_cycles
0,80926
page_index,time_cycles
0,106480
page_index,time_cycles
0,116390
page_index,time_cycles
0,149210
page_index,time_cycles
0,205302
page_index,time_cycles
0,136304
page_index,time_cycles
0,118542
page_index,time_cycles
0,137282
page_index,time_cycles
0,114750
page_index,time_cycles
0,214718
page_index,time_cycles
0,81696
page_index,time_cycles
0,133522
page_index,time_cycles
0,149626
page_index,time_cycles
0,83362
page_index,time_cycles
0,129530
page_index,time_cycles
0,137202
page_index,time_cycles
0,137816
page_index,time_cycles
0,187236
page_index,time_cycles
0,147274
page_index,time_cycles
0,129354
page_index,time_cycles
0,79892
page_index,time_cycles
0,133464
page_index,time_cycles
0,78016
page_index,time_cycles
0,129352
page_index,time_cycles
0,80346
page_index,time_cycles
0,86618
page_index,time_cycles
0,79570
page_index,time_cycles
0,128718
page_index,time_cycles
0,134356
page_index,time_cycles
0,82030
page_index,time_cycles
0,163246
page_index,time_cycles
0,144100
page_index,time_cycles
0,143082
page_index,time_cycles
0,139240
page_index,time_cycles
0,116990
page_index,time_cycles
0,94954
page_index,time_cycles
0,113892
page_index,time_cycles
0,82240
page_index,time_cycles
0,132960
page_index,time_cycles
0,124650
page_index,time_cycles
0,102546
page_index,time_cycles
0,86498
page_index,time_cycles
0,80660
page_index,time_cycles
0,127576
page_index,time_cycles
0,144350
page_index,time_cycles
0,93080
page_index,time_cycles
0,94894
page_index,time_cycles
0,131488
page_index,time_cycles
0,96902
page_index,time_cycles
0,79534
page_index,time_cycles
0,85592
page_index,time_cycles
0,128310
page_index,time_cycles
0,83684
page_index,time_cycles
0,79548
page_index,time_cycles
0,81318
page_index,time_cycles
0,81854
page_index,time_cycles
0,155416
page_index,time_cycles
0,115214
page_index,time_cycles
0,184420
page_index,time_cycles
0,147172
page_index,time_cycles
0,79372
page_index,time_cycles
0,143090
page_index,time_cycles
0,83742
page_index,time_cycles
0,79090
page_index,time_cycles
0,134290
page_index,time_cycles
0,185804
page_index,time_cycles
0,132670
page_index,time_cycles
0,148996
page_index,time_cycles
0,116946
page_index,time_cycles
0,117184
page_index,time_cycles
0,78904
page_index,time_cycles
0,114764
page_index,time_cycles
0,194924
page_index,time_cycles
0,77640
page_index,time_cycles
0,124042
page_index,time_cycles
0,80540
page_index,time_cycles
0,176610
page_index,time_cycles
0,83830
page_index,time_cycles
0,87160
page_index,time_cycles
0,113200
page_index,time_cycles
0,89864
page_index,time_cycles
0,89672
page_index,time_cycles
0,154054
page_index,time_cycles
0,177130
page_index,time_cycles
0,113962
page_index,time_cycles
0,85712
page_index,time_cycles
0,133736
page_index,time_cycles
0,128104
page_index,time_cycles
0,130872
page_index,time_cycles
0,111246
page_index,time_cycles
0,102286
page_index,time_cycles
0,144440
page_index,time_cycles
0,152462
page_index,time_cycles
0,109986
page_index,time_cycles
0,141306
page_index,time_cycles
0,84718
page_index,time_cycles
0,77512
page_index,time_cycles
0,136708
page_index,time_cycles
0,101424
page_index,time_cycles
0,97470
page_index,time_cycles
0,175782
page_index,time_cycles
0,128052
page_index,time_cycles
0,135680
page_index,time_cycles
0,139132
page_index,time_cycles
0,92178
page_index,time_cycles
0,93940
page_index,time_cycles
0,80776
page_index,time_cycles
0,85424
page_index,time_cycles
0,129136
page_index,time_cycles
0,150018
page_index,time_cycles
0,131106
page_index,time_cycles
0,106468
page_index,time_cycles
0,87862
page_index,time_cycles
0,139254
page_index,time_cycles
0,86272
page_index,time_cycles
0,121774
page_index,time_cycles
0,81906
page_index,time_cycles
0,130586
page_index,time_cycles
0,185428
page_index,time_cycles
0,93710
page_index,time_cycles
0,145554
page_index,time_cycles
0,148486
page_index,time_cycles
0,139332
page_index,time_cycles
0,133640
page_index,time_cycles
0,118146
page_index,time_cycles
0,128212
page_index,time_cycles
0,135602
page_index,time_cycles
0,117440
page_index,time_cycles
0,149940
page_index,time_cycles
0,85368
page_index,time_cycles
0,119456
page_index,time_cycles
0,80056
page_index,time_cycles
0,79456
page_index,time_cycles
0,83640
page_index,time_cycles
0,182940
page_index,time_cycles
0,133072
page_index,time_cycles
0,129468
page_index,time_cycles
0,79096
page_index,time_cycles
0,105166
page_index,time_cycles
0,133456
page_index,time_cycles
0,77250
page_index,time_cycles
0,80540
page_index,time_cycles
0,99950
page_index,time_cycles
0,81024
page_index,time_cycles
0,122428
page_index,time_cycles
0,80794
page_index,time_cycles
0,157738
page_index,time_cycles
0,144462
page_index,time_cycles
0,137614
page_index,time_cycles
0,141410
page_index,time_cycles
0,94456
page_index,time_cycles
0,79526
page_index,time_cycles
0,154602
page_index,time_cycles
0,175550
page_index,time_cycles
0,175820
page_index,time_cycles
0,144610
page_index,time_cycles
0,108008
page_index,time_cycles
0,78548
page_index,time_cycles
0,89198
page_index,time_cycles
0,155942
page_index,time_cycles
0,135964
page_index,time_cycles
0,201828
page_index,time_cycles
0,122718
page_index,time_cycles
0,133844
page_index,time_cycles
0,121748
page_index,time_cycles
0,83010
page_index,time_cycles
0,141322
page_index,time_cycles
0,113244
page_index,time_cycles
0,91760
page_index,time_cycles
0,116428
page_index,time_cycles
0,83978
page_index,time_cycles
0,135592
page_index,time_cycles
0,115702
page_index,time_cycles
0,172474
page_index,time_cycles
0,86948
page_index,time_cycles
0,92644
page_index,time_cycles
0,146852
page_index,time_cycles
0,198046
page_index,time_cycles
0,137980
page_index,time_cycles
0,148908
page_index,time_cycles
0,102970
page_index,time_cycles
0,143078
page_index,time_cycles
0,134422
page_index,time_cycles
0,123230
page_index,time_cycles
0,119484
page_index,time_cycles
0,145642
page_index,time_cycles
0,155538
page_index,time_cycles
0,131426
page_index,time_cycles
0,79084
page_index,time_cycles
0,204688
page_index,time_cycles
0,109572
page_index,time_cycles
0,146286
page_index,time_cycles
0,118526
page_index,time_cycles
0,113132
page_index,time_cycles
0,141086
page_index,time_cycles
0,132612
page_index,time_cycles
0,125530
page_index,time_cycles
0,129110
page_index,time_cycles
0,85876
page_index,time_cycles
0,177318
page_index,time_cycles
0,93146
page_index,time_cycles
0,137328
page_index,time_cycles
0,79104
page_index,time_cycles
0,173612
page_index,time_cycles
0,112540
page_index,time_cycles
0,142534
page_index,time_cycles
0,139286
page_index,time_cycles
0,150442
page_index,time_cycles
0,172970
page_index,time_cycles
0,169522
page_index,time_cycles
0,82726
page_index,time_cycles
0,80022
page_index,time_cycles
0,152790
page_index,time_cycles
0,146116
page_index,time_cycles
0,129080
page_index,time_cycles
0,154304
page_index,time_cycles
0,88114
page_index,time_cycles
0,144008
page_index,time_cycles
0,96608
page_index,time_cycles
0,152628
page_index,time_cycles
0,243254
page_index,time_cycles
0,143018
page_index,time_cycles
0,132664
page_index,time_cycles
0,148202
page_index,time_cycles
0,156834
page_index,time_cycles
0,110010
page_index,time_cycles
0,145890
page_index,time_cycles
0,147400
page_index,time_cycles
0,80102
page_index,time_cycles
0,137806
page_index,time_cycles
0,130166
page_index,time_cycles
0,86450
page_index,time_cycles
0,137754
page_index,time_cycles
0,85080
page_index,time_cycles
0,119628
page_index,time_cycles
0,114412
page_index,time_cycles
0,166576
page_index,time_cycles
0,136476
page_index,time_cycles
0,144470
page_index,time_cycles
0,145924
page_index,time_cycles
0,112226
page_index,time_cycles
0,80828
page_index,time_cycles
0,143604
page_index,time_cycles
0,80576
page_index,time_cycles
0,149222
page_index,time_cycles
0,136830
page_index,time_cycles
0,142900
page_index,time_cycles
0,140478
page_index,time_cycles
0,82888
page_index,time_cycles
0,172010
page_index,time_cycles
0,134154
page_index,time_cycles
0,85430
page_index,time_cycles
0,143226
page_index,time_cycles
0,137860
page_index,time_cycles
0,148784
page_index,time_cycles
0,131606
page_index,time_cycles
0,85700
page_index,time_cycles
0,106666
page_index,time_cycles
0,85800
page_index,time_cycles
0,145944
page_index,time_cycles
0,108518
page_index,time_cycles
0,80216
page_index,time_cycles
0,81100
page_index,time_cycles
0,164180
page_index,time_cycles
0,109296
page_index,time_cycles
0,131326
page_index,time_cycles
0,81138
page_index,time_cycles
0,129536
page_index,time_cycles
0,126510
page_index,time_cycles
0,132686
page_index,time_cycles
0,117136
page_index,time_cycles
0,154932
page_index,time_cycles
0,145566
page_index,time_cycles
0,288154
page_index,time_cycles
0,172182
page_index,time_cycles
0,95292
page_index,time_cycles
0,169426
page_index,time_cycles
0,143780
page_index,time_cycles
0,175364
page_index,time_cycles
0,107420
page_index,time_cycles
0,114626
page_index,time_cycles
0,133128
page_index,time_cycles
0,96798
page_index,time_cycles
0,178826
page_index,time_cycles
0,83646
page_index,time_cycles
0,82336
page_index,time_cycles
0,189968
page_index,time_cycles
0,87130
page_index,time_cycles
0,154280
page_index,time_cycles
0,81588
page_index,time_cycles
0,100160
page_index,time_cycles
0,144582
page_index,time_cycles
0,89158
page_index,time_cycles
0,129476
page_index,time_cycles
0,145722
page_index,time_cycles
0,117946
page_index,time_cycles
0,88694
page_index,time_cycles
0,128744
page_index,time_cycles
0,112504
page_index,time_cycles
0,128104
page_index,time_cycles
0,122472
page_index,time_cycles
0,181662
page_index,time_cycles
0,102290
page_index,time_cycles
0,142792
page_index,time_cycles
0,172976
page_index,time_cycles
0,80446
page_index,time_cycles
0,137922
page_index,time_cycles
0,130790
page_index,time_cycles
0,380452
page_index,time_cycles
0,143290
page_index,time_cycles
0,197674
page_index,time_cycles
0,92872
page_index,time_cycles
0,105820
page_index,time_cycles
0,284282
page_index,time_cycles
0,126244
page_index,time_cycles
0,79838
page_index,time_cycles
0,116232
page_index,time_cycles
0,80724
page_index,time_cycles
0,220954
page_index,time_cycles
0,86032
page_index,time_cycles
0,142350
page_index,time_cycles
0,149626
page_index,time_cycles
0,115804
page_index,time_cycles
0,129358
page_index,time_cycles
0,199896
page_index,time_cycles
0,132612
page_index,time_cycles
0,118346
page_index,time_cycles
0,197162
page_index,time_cycles
0,83740
page_index,time_cycles
0,160552
page_index,time_cycles
0,125200
page_index,time_cycles
0,131762
page_index,time_cycles
0,200090
page_index,time_cycles
0,138246
page_index,time_cycles
0,132710
page_index,time_cycles
0,115844
page_index,time_cycles
0,145826
page_index,time_cycles
0,174074
page_index,time_cycles
0,80606
page_index,time_cycles
0,113708
page_index,time_cycles
0,167672
page_index,time_cycles
0,158578
page_index,time_cycles
0,157782
page_index,time_cycles
0,297440
page_index,time_cycles
0,100822
page_index,time_cycles
0,91428
page_index,time_cycles
0,154086
page_index,time_cycles
0,79008
page_index,time_cycles
0,131294
page_index,time_cycles
0,180756
page_index,time_cycles
0,144076
page_index,time_cycles
0,200600
page_index,time_cycles
0,142836
page_index,time_cycles
0,114348
page_index,time_cycles
0,114260
page_index,time_cycles
0,154544
page_index,time_cycles
0,121212
page_index,time_cycles
0,84562
page_index,time_cycles
0,82440
page_index,time_cycles
0,87038
page_index,time_cycles
0,108660
page_index,time_cycles
0,89410
page_index,time_cycles
0,154914
page_index,time_cycles
0,128432
page_index,time_cycles
0,83638
page_index,time_cycles
0,152034
page_index,time_cycles
0,105090
page_index,time_cycles
0,81230
page_index,time_cycles
0,142008
page_index,time_cycles
0,114826
page_index,time_cycles
0,124278
page_index,time_cycles
0,180830
page_index,time_cycles
0,114702
page_index,time_cycles
0,95986
page_index,time_cycles
0,80418
page_index,time_cycles
0,120108
page_index,time_cycles
0,140748
page_index,time_cycles
0,102880
page_index,time_cycles
0,107160
page_index,time_cycles
0,114732
page_index,time_cycles
0,101118
page_index,time_cycles
0,86328
page_index,time_cycles
0,81934
page_index,time_cycles
0,176642
page_index,time_cycles
0,113040
page_index,time_cycles
0,147708
page_index,time_cycles
0,119894
page_index,time_cycles
0,100900
page_index,time_cycles
0,157478
page_index,time_cycles
0,203338
page_index,time_cycles
0,139470
page_index,time_cycles
0,139328
page_index,time_cycles
0,88510
page_index,time_cycles
0,140810
page_index,time_cycles
0,148282
page_index,time_cycles
0,103114
page_index,time_cycles
0,83704
page_index,time_cycles
0,157842
page_index,time_cycles
0,130344
page_index,time_cycles
0,132812
page_index,time_cycles
0,99642
page_index,time_cycles
0,133428
page_index,time_cycles
0,108470
page_index,time_cycles
0,113678
page_index,time_cycles
0,185414
page_index,time_cycles
0,88076
page_index,time_cycles
0,171262
page_index,time_cycles
0,189316
page_index,time_cycles
0,82394
page_index,time_cycles
0,108948
page_index,time_cycles
0,133018
page_index,time_cycles
0,128782
page_index,time_cycles
0,119338
page_index,time_cycles
0,138330
page_index,time_cycles
0,128946
page_index,time_cycles
0,90232
page_index,time_cycles
0,117046
page_index,time_cycles
0,175842
page_index,time_cycles
0,89962
page_index,time_cycles
0,133626
page_index,time_cycles
0,93210
page_index,time_cycles
0,114680
page_index,time_cycles
0,162160
page_index,time_cycles
0,117892
page_index,time_cycles
0,124912
page_index,time_cycles
0,77850
page_index,time_cycles
0,103860
page_index,time_cycles
0,87466
page_index,time_cycles
0,107266
page_index,time_cycles
0,141980
page_index,time_cycles
0,120164
page_index,time_cycles
0,80174
page_index,time_cycles
0,111916
page_index,time_cycles
0,78410
page_index,time_cycles
0,162348
page_index,time_cycles
0,130666
page_index,time_cycles
0,233704
page_index,time_cycles
0,119824
page_index,time_cycles
0,126784
page_index,time_cycles
0,106382
page_index,time_cycles
0,83596
page_index,time_cycles
0,161020
page_index,time_cycles
0,137232
page_index,time_cycles
0,158652
page_index,time_cycles
0,83250
page_index,time_cycles
0,118240
page_index,time_cycles
0,132668
page_index,time_cycles
0,77574
page_index,time_cycles
0,108262
page_index,time_cycles
0,143366
page_index,time_cycles
0,164546
page_index,time_cycles
0,108764
page_index,time_cycles
0,80946
page_index,time_cycles
0,114936
page_index,time_cycles
0,81652
page_index,time_cycles
0,140126
page_index,time_cycles
0,128066
page_index,time_cycles
0,131050
page_index,time_cycles
0,81992
page_index,time_cycles
0,130140
page_index,time_cycles
0,137614
page_index,time_cycles
0,81574
page_index,time_cycles
0,143294
page_index,time_cycles
0,139492
page_index,time_cycles
0,146384
page_index,time_cycles
0,85086
page_index,time_cycles
0,124884
page_index,time_cycles
0,81194
page_index,time_cycles
0,113950
page_index,time_cycles
0,219420
page_index,time_cycles
0,154414
page_index,time_cycles
0,94800
page_index,time_cycles
0,78198
page_index,time_cycles
0,84700
page_index,time_cycles
0,126274
page_index,time_cycles
0,140834
page_index,time_cycles
0,130962
page_index,time_cycles
0,154816
page_index,time_cycles
0,146282
page_index,time_cycles
0,153630
page_index,time_cycles
0,126216
page_index,time_cycles
0,145336
page_index,time_cycles
0,134954
page_index,time_cycles
0,151664
page_index,time_cycles
0,113234
page_index,time_cycles
0,86838
page_index,time_cycles
0,116728
page_index,time_cycles
0,124042
page_index,time_cycles
0,92132
page_index,time_cycles
0,145876
page_index,time_cycles
0,146304
page_index,time_cycles
0,146030
page_index,time_cycles
0,131580
page_index,time_cycles
0,77734
page_index,time_cycles
0,99580
page_index,time_cycles
0,173304
page_index,time_cycles
0,128176
page_index,time_cycles
0,134372
page_index,time_cycles
0,143900
page_index,time_cycles
0,181636
page_index,time_cycles
0,128866
page_index,time_cycles
0,146152
page_index,time_cycles
0,81314
page_index,time_cycles
0,127548
page_index,time_cycles
0,104684
page_index,time_cycles
0,85708
page_index,time_cycles
0,81278
page_index,time_cycles
0,146820
page_index,time_cycles
0,182828
page_index,time_cycles
0,137374
page_index,time_cycles
0,234514
page_index,time_cycles
0,124406
page_index,time_cycles
0,159256
page_index,time_cycles
0,82882
page_index,time_cycles
0,199890
page_index,time_cycles
0,128284
page_index,time_cycles
0,138846
page_index,time_cycles
0,81684
page_index,time_cycles
0,151754
page_index,time_cycles
0,155132
page_index,time_cycles
0,184686
page_index,time_cycles
0,144456
page_index,time_cycles
0,118768
page_index,time_cycles
0,126748
page_index,time_cycles
0,119736
page_index,time_cycles
0,147462
page_index,time_cycles
0,121612
page_index,time_cycles
0,113614
page_index,time_cycles
0,130782
page_index,time_cycles
0,191824
page_index,time_cycles
0,182902
page_index,time_cycles
0,136654
page_index,time_cycles
0,153450
page_index,time_cycles
0,80518
page_index,time_cycles
0,148398
page_index,time_cycles
0,95730
page_index,time_cycles
0,110016
page_index,time_cycles
0,140272
page_index,time_cycles
0,184344
page_index,time_cycles
0,141020
page_index,time_cycles
0,177874
page_index,time_cycles
0,82598
page_index,time_cycles
0,81572
page_index,time_cycles
0,145958
page_index,time_cycles
0,148270
page_index,time_cycles
0,142074
page_index,time_cycles
0,118324
page_index,time_cycles
0,92582
page_index,time_cycles
0,134642
page_index,time_cycles
0,143044
page_index,time_cycles
0,134644
page_index,time_cycles
0,114462
page_index,time_cycles
0,152168
page_index,time_cycles
0,171330
page_index,time_cycles
0,143228
page_index,time_cycles
0,159344
page_index,time_cycles
0,118166
page_index,time_cycles
0,203698
page_index,time_cycles
0,134284
page_index,time_cycles
0,129168
page_index,time_cycles
0,209580
page_index,time_cycles
0,163050
page_index,time_cycles
0,83804
page_index,time_cycles
0,89274
page_index,time_cycles
0,135816
page_index,time_cycles
0,156958
page_index,time_cycles
0,131358
page_index,time_cycles
0,89736
page_index,time_cycles
0,82858
page_index,time_cycles
0,122996
page_index,time_cycles
0,79900
page_index,time_cycles
0,137506
page_index,time_cycles
0,140558
page_index,time_cycles
0,128504
page_index,time_cycles
0,130716
page_index,time_cycles
0,176056
page_index,time_cycles
0,116586
page_index,time_cycles
0,92684
page_index,time_cycles
0,83382
page_index,time_cycles
0,96426
page_index,time_cycles
0,151862
page_index,time_cycles
0,112802
page_index,time_cycles
0,140198
page_index,time_cycles
0,80544
page_index,time_cycles
0,132984
page_index,time_cycles
0,81672
page_index,time_cycles
0,289792
page_index,time_cycles
0,131784
page_index,time_cycles
0,138380
page_index,time_cycles
0,88692
page_index,time_cycles
0,149360
page_index,time_cycles
0,81110
page_index,time_cycles
0,134872
page_index,time_cycles
0,91846
page_index,time_cycles
0,119392
page_index,time_cycles
0,207200
page_index,time_cycles
0,130764
page_index,time_cycles
0,142444
page_index,time_cycles
0,133578
page_index,time_cycles
0,140314
page_index,time_cycles
0,204980
page_index,time_cycles
0,139280
page_index,time_cycles
0,130160
page_index,time_cycles
0,145984
page_index,time_cycles
0,149306
page_index,time_cycles
0,114914
page_index,time_cycles
0,148894
page_index,time_cycles
0,93082
page_index,time_cycles
0,110144
page_index,time_cycles
0,104196
page_index,time_cycles
0,107464
page_index,time_cycles
0,150748
page_index,time_cycles
0,198966
page_index,time_cycles
0,101694
page_index,time_cycles
0,82474
page_index,time_cycles
0,172168
page_index,time_cycles
0,154254
page_index,time_cycles
0,164042
page_index,time_cycles
0,86468
page_index,time_cycles
0,114578
page_index,time_cycles
0,121014
page_index,time_cycles
0,112242
page_index,time_cycles
0,105322
page_index,time_cycles
0,140344
page_index,time_cycles
0,79896
page_index,time_cycles
0,120608
page_index,time_cycles
0,150170
page_index,time_cycles
0,189468
page_index,time_cycles
0,117408
page_index,time_cycles
0,81942
page_index,time_cycles
0,78896
page_index,time_cycles
0,79374
page_index,time_cycles
0,144278
page_index,time_cycles
0,167796
page_index,time_cycles
0,155474
page_index,time_cycles
0,130476
page_index,time_cycles
0,153950
page_index,time_cycles
0,78230
page_index,time_cycles
0,194822
page_index,time_cycles
0,112490
page_index,time_cycles
0,168970
page_index,time_cycles
0,123006
page_index,time_cycles
0,131230
page_index,time_cycles
0,136258
page_index,time_cycles
0,104422
page_index,time_cycles
0,130292
page_index,time_cycles
0,146532
page_index,time_cycles
0,107516
page_index,time_cycles
0,144948
page_index,time_cycles
0,82620
page_index,time_cycles
0,87914
page_index,time_cycles
0,119120
page_index,time_cycles
0,144154
page_index,time_cycles
0,173302
page_index,time_cycles
0,146478
page_index,time_cycles
0,124838
page_index,time_cycles
0,99884
page_index,time_cycles
0,149590
page_index,time_cycles
0,128376
page_index,time_cycles
0,77946
page_index,time_cycles
0,80458
page_index,time_cycles
0,128488
page_index,time_cycles
0,89190
page_index,time_cycles
0,152948
page_index,time_cycles
0,116324
page_index,time_cycles
0,108754
page_index,time_cycles
0,142504
page_index,time_cycles
0,208000
page_index,time_cycles
0,107262
page_index,time_cycles
0,80540
page_index,time_cycles
0,89724
page_index,time_cycles
0,130820
page_index,time_cycles
0,155020
page_index,time_cycles
0,334328
page_index,time_cycles
0,147246
page_index,time_cycles
0,281028
page_index,time_cycles
0,117738
page_index,time_cycles
0,142210
page_index,time_cycles
0,131528
page_index,time_cycles
0,134686
page_index,time_cycles
0,190326
page_index,time_cycles
0,84054
page_index,time_cycles
0,118470
page_index,time_cycles
0,145422
page_index,time_cycles
0,159608
page_index,time_cycles
0,135342
page_index,time_cycles
0,93002
page_index,time_cycles
0,131056
page_index,time_cycles
0,172104
page_index,time_cycles
0,84436
page_index,time_cycles
0,121120
page_index,time_cycles
0,220194
page_index,time_cycles
0,76902
page_index,time_cycles
0,184654
page_index,time_cycles
0,164562
page_index,time_cycles
0,172540
page_index,time_cycles
0,128646
page_index,time_cycles
0,144042
page_index,time_cycles
0,187536
page_index,time_cycles
0,85006
page_index,time_cycles
0,137188
page_index,time_cycles
0,141750
page_index,time_cycles
0,148100
page_index,time_cycles
0,184802
page_index,time_cycles
0,98242
page_index,time_cycles
0,129356
page_index,time_cycles
0,138618
page_index,time_cycles
0,200300
page_index,time_cycles
0,128476
page_index,time_cycles
0,129552
page_index,time_cycles
0,152154
page_index,time_cycles
0,137496
page_index,time_cycles
0,131070
page_index,time_cycles
0,129012
page_index,time_cycles
0,134426
page_index,time_cycles
0,139430
page_index,time_cycles
0,149556
page_index,time_cycles
0,154146
page_index,time_cycles
0,155292
page_index,time_cycles
0,110612
page_index,time_cycles
0,114342
page_index,time_cycles
0,133180
page_index,time_cycles
0,143864
page_index,time_cycles
0,142952
page_index,time_cycles
0,148768
page_index,time_cycles
0,180730
page_index,time_cycles
0,96076
page_index,time_cycles
0,79352
page_index,time_cycles
0,135098
page_index,time_cycles
0,110820
page_index,time_cycles
0,153746
page_index,time_cycles
0,196738
page_index,time_cycles
0,117542
page_index,time_cycles
0,131618
page_index,time_cycles
0,139636
page_index,time_cycles
0,81420
page_index,time_cycles
0,76470
page_index,time_cycles
0,226592
page_index,time_cycles
0,128086
page_index,time_cycles
0,100030
page_index,time_cycles
0,123176
page_index,time_cycles
0,178764
page_index,time_cycles
0,93218
page_index,time_cycles
0,144594
page_index,time_cycles
0,99198
page_index,time_cycles
0,83780
page_index,time_cycles
0,138868
page_index,time_cycles
0,133444
page_index,time_cycles
0,187858
page_index,time_cycles
0,121584
page_index,time_cycles
0,122412
page_index,time_cycles
0,92048
page_index,time_cycles
0,179816
page_index,time_cycles
0,92582
page_index,time_cycles
0,148024
page_index,time_cycles
0,80430
page_index,time_cycles
0,85500
page_index,time_cycles
0,152504
page_index,time_cycles
0,222358
page_index,time_cycles
0,166236
page_index,time_cycles
0,129450
page_index,time_cycles
0,139344
page_index,time_cycles
0,79118
page_index,time_cycles
0,140616
page_index,time_cycles
0,148976
page_index,time_cycles
0,128328
page_index,time_cycles
0,154044
page_index,time_cycles
0,122762
page_index,time_cycles
0,85248
page_index,time_cycles
0,121804
page_index,time_cycles
0,100020
page_index,time_cycles
0,128588
page_index,time_cycles
0,79214
page_index,time_cycles
0,130434
page_index,time_cycles
0,136022
page_index,time_cycles
0,131748
page_index,time_cycles
0,129018
page_index,time_cycles
0,161266
page_index,time_cycles
0,124042
page_index,time_cycles
0,156608
page_index,time_cycles
0,107442
page_index,time_cycles
0,81062
page_index,time_cycles
0,136484
page_index,time_cycles
0,146222
page_index,time_cycles
0,80748
page_index,time_cycles
0,119914
page_index,time_cycles
0,86268
page_index,time_cycles
0,142014
page_index,time_cycles
0,120264
page_index,time_cycles
0,80784
page_index,time_cycles
0,96168
page_index,time_cycles
0,116830
page_index,time_cycles
0,137350
page_index,time_cycles
0,130646
page_index,time_cycles
0,114834
page_index,time_cycles
0,151804
page_index,time_cycles
0,140612
page_index,time_cycles
0,135110
page_index,time_cycles
0,134202
page_index,time_cycles
0,132254
page_index,time_cycles
0,114708
page_index,time_cycles
0,130452
page_index,time_cycles
0,148940
page_index,time_cycles
0,167500
page_index,time_cycles
0,86354
page_index,time_cycles
0,133580
page_index,time_cycles
0,127340
page_index,time_cycles
0,158332
page_index,time_cycles
0,130824
page_index,time_cycles
0,113452
page_index,time_cycles
0,149440
page_index,time_cycles
0,139448
page_index,time_cycles
0,123082
page_index,time_cycles
0,148488
page_index,time_cycles
0,89842
page_index,time_cycles
0,132250
page_index,time_cycles
0,114320
page_index,time_cycles
0,148486
page_index,time_cycles
0,128466
page_index,time_cycles
0,122610
page_index,time_cycles
0,167186
page_index,time_cycles
0,153658
page_index,time_cycles
0,113948
page_index,time_cycles
0,114896
page_index,time_cycles
0,133126
page_index,time_cycles
0,177592
page_index,time_cycles
0,80576
page_index,time_cycles
0,108308
page_index,time_cycles
0,93940
page_index,time_cycles
0,136548
page_index,time_cycles
0,101264
page_index,time_cycles
0,82554
page_index,time_cycles
0,96332
page_index,time_cycles
0,146490
page_index,time_cycles
0,150218
page_index,time_cycles
0,193718
page_index,time_cycles
0,158540
page_index,time_cycles
0,142180
page_index,time_cycles
0,138508
page_index,time_cycles
0,93534
page_index,time_cycles
0,83866
page_index,time_cycles
0,193532
page_index,time_cycles
0,134972
page_index,time_cycles
0,79090
page_index,time_cycles
0,118160
page_index,time_cycles
0,98340
page_index,time_cycles
0,139106
page_index,time_cycles
0,141682
page_index,time_cycles
0,111430
page_index,time_cycles
0,90360
page_index,time_cycles
0,79758
page_index,time_cycles
0,122946
page_index,time_cycles
0,130778
page_index,time_cycles
0,206016
page_index,time_cycles
0,146070
page_index,time_cycles
0,142804
page_index,time_cycles
0,181242
page_index,time_cycles
0,81718
page_index,time_cycles
0,121342
page_index,time_cycles
0,132358
page_index,time_cycles
0,77428
page_index,time_cycles
0,117260
page_index,time_cycles
0,130382
page_index,time_cycles
0,136458
page_index,time_cycles
0,90396
page_index,time_cycles
0,114350
page_index,time_cycles
0,133976
page_index,time_cycles
0,138540
page_index,time_cycles
0,88240
page_index,time_cycles
0,81372
page_index,time_cycles
0,119468
page_index,time_cycles
0,105934
page_index,time_cycles
0,127964
page_index,time_cycles
0,175428
page_index,time_cycles
0,114222
page_index,time_cycles
0,121298
page_index,time_cycles
0,102966
page_index,time_cycles
0,252484
page_index,time_cycles
0,209854
page_index,time_cycles
0,88512
page_index,time_cycles
0,141298
page_index,time_cycles
0,123156
page_index,time_cycles
0,77530
page_index,time_cycles
0,142196
page_index,time_cycles
0,142328
page_index,time_cycles
0,84694
page_index,time_cycles
0,121452
page_index,time_cycles
0,123676
page_index,time_cycles
0,144054
page_index,time_cycles
0,161600
page_index,time_cycles
0,131244
page_index,time_cycles
0,130444
page_index,time_cycles
0,94522
page_index,time_cycles
0,229880
page_index,time_cycles
0,82652
page_index,time_cycles
0,103800
page_index,time_cycles
0,111844
page_index,time_cycles
0,136276
page_index,time_cycles
0,82882
page_index,time_cycles
0,179266
page_index,time_cycles
0,136420
page_index,time_cycles
0,128120
page_index,time_cycles
0,131968
page_index,time_cycles
0,137560
page_index,time_cycles
0,118436
page_index,time_cycles
0,162634
page_index,time_cycles
0,108134
page_index,time_cycles
0,200842
page_index,time_cycles
0,103166
page_index,time_cycles
0,159258
page_index,time_cycles
0,142244
page_index,time_cycles
0,77644
page_index,time_cycles
0,82744
page_index,time_cycles
0,82126
page_index,time_cycles
0,134502
page_index,time_cycles
0,174518
page_index,time_cycles
0,115886
page_index,time_cycles
0,99216
page_index,time_cycles
0,93628
page_index,time_cycles
0,150490
page_index,time_cycles
0,141536
page_index,time_cycles
0,134844
page_index,time_cycles
0,135032
page_index,time_cycles
0,145764
page_index,time_cycles
0,102126
page_index,time_cycles
0,215954
page_index,time_cycles
0,75740
page_index,time_cycles
0,78386
page_index,time_cycles
0,128680
page_index,time_cycles
0,101960
page_index,time_cycles
0,150806
page_index,time_cycles
0,114052
page_index,time_cycles
0,83648
page_index,time_cycles
0,114638
page_index,time_cycles
0,80906
page_index,time_cycles
0,118130
page_index,time_cycles
0,101274
page_index,time_cycles
0,134850
page_index,time_cycles
0,126968
page_index,time_cycles
0,148922
page_index,time_cycles
0,132470
page_index,time_cycles
0,133816
page_index,time_cycles
0,90126
page_index,time_cycles
0,77430
page_index,time_cycles
0,129192
page_index,time_cycles
0,77062
page_index,time_cycles
0,101900
page_index,time_cycles
0,106564
page_index,time_cycles
0,129134
page_index,time_cycles
0,132942
page_index,time_cycles
0,86950
page_index,time_cycles
0,82356
page_index,time_cycles
0,93114
page_index,time_cycles
0,179972
page_index,time_cycles
0,117166
page_index,time_cycles
0,137798
page_index,time_cycles
0,158566
page_index,time_cycles
0,136046
page_index,time_cycles
0,140288
page_index,time_cycles
0,121722
page_index,time_cycles
0,120780
page_index,time_cycles
0,136366
page_index,time_cycles
0,131110
page_index,time_cycles
0,138150
page_index,time_cycles
0,134708
page_index,time_cycles
0,136008
page_index,time_cycles
0,185682
page_index,time_cycles
0,124338
page_index,time_cycles
0,83638
page_index,time_cycles
0,118880
page_index,time_cycles
0,102432
page_index,time_cycles
0,189616
page_index,time_cycles
0,126924
page_index,time_cycles
0,77376
page_index,time_cycles
0,106204
page_index,time_cycles
0,109458
page_index,time_cycles
0,131856
page_index,time_cycles
0,83062
page_index,time_cycles
0,130740
page_index,time_cycles
0,105808
page_index,time_cycles
0,221160
page_index,time_cycles
0,158204
page_index,time_cycles
0,152606
page_index,time_cycles
0,120248
page_index,time_cycles
0,131588
page_index,time_cycles
0,137852
page_index,time_cycles
0,114634
page_index,time_cycles
0,132972
page_index,time_cycles
0,128764
page_index,time_cycles
0,187658
page_index,time_cycles
0,101034
page_index,time_cycles
0,140890
page_index,time_cycles
0,81394
page_index,time_cycles
0,180552
page_index,time_cycles
0,135670
page_index,time_cycles
0,96074
page_index,time_cycles
0,145420
page_index,time_cycles
0,92508
page_index,time_cycles
0,134634
page_index,time_cycles
0,124472
page_index,time_cycles
0,83846
page_index,time_cycles
0,144568
page_index,time_cycles
0,81866
page_index,time_cycles
0,135606
page_index,time_cycles
0,236796
page_index,time_cycles
0,139142
page_index,time_cycles
0,92296
page_index,time_cycles
0,188100
page_index,time_cycles
0,123014
page_index,time_cycles
0,144356
page_index,time_cycles
0,78450
page_index,time_cycles
0,149142
page_index,time_cycles
0,127096
page_index,time_cycles
0,131922
page_index,time_cycles
0,91270
page_index,time_cycles
0,138810
page_index,time_cycles
0,111960
page_index,time_cycles
0,83880
page_index,time_cycles
0,87218
page_index,time_cycles
0,84536
page_index,time_cycles
0,138292
page_index,time_cycles
0,187914
page_index,time_cycles
0,121118
page_index,time_cycles
0,128856
page_index,time_cycles
0,192252
page_index,time_cycles
0,112572
page_index,time_cycles
0,134474
page_index,time_cycles
0,92636
page_index,time_cycles
0,107048
page_index,time_cycles
0,80168
page_index,time_cycles
0,176536
page_index,time_cycles
0,80684
page_index,time_cycles
0,136728
page_index,time_cycles
0,111022
page_index,time_cycles
0,126174
page_index,time_cycles
0,153426
page_index,time_cycles
0,135422
page_index,time_cycles
0,193968
page_index,time_cycles
0,191566
page_index,time_cycles
0,96598
page_index,time_cycles
0,135160
page_index,time_cycles
0,136916
page_index,time_cycles
0,128454
page_index,time_cycles
0,101682
page_index,time_cycles
0,167658
page_index,time_cycles
0,125390
page_index,time_cycles
0,315866
page_index,time_cycles
0,80240
page_index,time_cycles
0,79080
page_index,time_cycles
0,214314
page_index,time_cycles
0,142444
page_index,time_cycles
0,153678
page_index,time_cycles
0,91922
page_index,time_cycles
0,209800
page_index,time_cycles
0,150614
page_index,time_cycles
0,119704
page_index,time_cycles
0,83554
page_index,time_cycles
0,146702
page_index,time_cycles
0,131234
page_index,time_cycles
0,153898
page_index,time_cycles
0,144122
page_index,time_cycles
0,79984
page_index,time_cycles
0,80798
page_index,time_cycles
0,138848
page_index,time_cycles
0,170474
page_index,time_cycles
0,91282
page_index,time_cycles
0,118576
page_index,time_cycles
0,119906
page_index,time_cycles
0,138238
page_index,time_cycles
0,114688
page_index,time_cycles
0,111448
page_index,time_cycles
0,79242
page_index,time_cycles
0,120336
page_index,time_cycles
0,228812
page_index,time_cycles
0,137148
page_index,time_cycles
0,83938
page_index,time_cycles
0,84782
page_index,time_cycles
0,131080
page_index,time_cycles
0,104990
page_index,time_cycles
0,110546
page_index,time_cycles
0,160600
page_index,time_cycles
0,76086
page_index,time_cycles
0,130064
page_index,time_cycles
0,85376
page_index,time_cycles
0,79442
page_index,time_cycles
0,102186
page_index,time_cycles
0,143048
page_index,time_cycles
0,82590
page_index,time_cycles
0,143846
page_index,time_cycles
0,197398
page_index,time_cycles
0,154512
page_index,time_cycles
0,139606
page_index,time_cycles
0,115970
page_index,time_cycles
0,144632
page_index,time_cycles
0,140018
page_index,time_cycles
0,138870
page_index,time_cycles
0,139800
page_index,time_cycles
0,107774
page_index,time_cycles
0,77918
page_index,time_cycles
0,135838
page_index,time_cycles
0,98360
page_index,time_cycles
0,115498
page_index,time_cycles
0,131734
page_index,time_cycles
0,113676
page_index,time_cycles
0,105228
page_index,time_cycles
0,91360
page_index,time_cycles
0,78390
page_index,time_cycles
0,150956
page_index,time_cycles
0,124982
page_index,time_cycles
0,145538
page_index,time_cycles
0,82434
page_index,time_cycles
0,152274
page_index,time_cycles
0,140160
page_index,time_cycles
0,127276
page_index,time_cycles
0,129198
page_index,time_cycles
0,134042
page_index,time_cycles
0,197086
page_index,time_cycles
0,144598
page_index,time_cycles
0,235422
page_index,time_cycles
0,119730
page_index,time_cycles
0,170082
page_index,time_cycles
0,130970
page_index,time_cycles
0,108488
page_index,time_cycles
0,134900
page_index,time_cycles
0,141636
page_index,time_cycles
0,137432
page_index,time_cycles
0,105024
page_index,time_cycles
0,107160
page_index,time_cycles
0,82878
page_index,time_cycles
0,181762
page_index,time_cycles
0,145762
page_index,time_cycles
0,79312
page_index,time_cycles
0,128456
page_index,time_cycles
0,145904
page_index,time_cycles
0,133156
page_index,time_cycles
0,80352
page_index,time_cycles
0,78596
page_index,time_cycles
0,84688
page_index,time_cycles
0,156882
page_index,time_cycles
0,136256
page_index,time_cycles
0,89984
page_index,time_cycles
0,79198
page_index,time_cycles
0,128018
page_index,time_cycles
0,143814
page_index,time_cycles
0,131724
page_index,time_cycles
0,204060
page_index,time_cycles
0,134636
page_index,time_cycles
0,83942
page_index,time_cycles
0,80252
page_index,time_cycles
0,131630
page_index,time_cycles
0,135964
page_index,time_cycles
0,237416
page_index,time_cycles
0,142904
page_index,time_cycles
0,123476
page_index,time_cycles
0,114190
page_index,time_cycles
0,115138
page_index,time_cycles
0,106510
page_index,time_cycles
0,153720
page_index,time_cycles
0,101474
page_index,time_cycles
0,77720
page_index,time_cycles
0,89144
page_index,time_cycles
0,81202
page_index,time_cycles
0,78650
page_index,time_cycles
0,136276
page_index,time_cycles
0,142322
page_index,time_cycles
0,148180
page_index,time_cycles
0,92238
page_index,time_cycles
0,117272
page_index,time_cycles
0,95844
page_index,time_cycles
0,201966
page_index,time_cycles
0,164466
page_index,time_cycles
0,118950
page_index,time_cycles
0,126836
page_index,time_cycles
0,103300
page_index,time_cycles
0,82434
page_index,time_cycles
0,136124
page_index,time_cycles
0,120964
page_index,time_cycles
0,109606
page_index,time_cycles
0,134240
page_index,time_cycles
0,142614
page_index,time_cycles
0,91690
page_index,time_cycles
0,159716
page_index,time_cycles
0,131146
page_index,time_cycles
0,135218
page_index,time_cycles
0,136886
page_index,time_cycles
0,131988
page_index,time_cycles
0,156162
page_index,time_cycles
0,128252
page_index,time_cycles
0,118924
page_index,time_cycles
0,126396
page_index,time_cycles
0,87872
page_index,time_cycles
0,155976
page_index,time_cycles
0,111094
page_index,time_cycles
0,100208
page_index,time_cycles
0,204564
page_index,time_cycles
0,143128
page_index,time_cycles
0,95220
page_index,time_cycles
0,82324
page_index,time_cycles
0,114046
page_index,time_cycles
0,133590
page_index,time_cycles
0,186854
page_index,time_cycles
0,80800
page_index,time_cycles
0,190306
page_index,time_cycles
0,182842
page_index,time_cycles
0,82616
page_index,time_cycles
0,140148
page_index,time_cycles
0,134272
page_index,time_cycles
0,104620
page_index,time_cycles
0,149516
page_index,time_cycles
0,112054
page_index,time_cycles
0,134844
page_index,time_cycles
0,125486
page_index,time_cycles
0,102346
page_index,time_cycles
0,218484
page_index,time_cycles
0,146658
page_index,time_cycles
0,128370
page_index,time_cycles
0,138382
page_index,time_cycles
0,128656
page_index,time_cycles
0,104288
page_index,time_cycles
0,1501192
page_index,time_cycles
0,136428
page_index,time_cycles
0,226920
page_index,time_cycles
0,76840
page_index,time_cycles
0,97418
page_index,time_cycles
0,127270
page_index,time_cycles
0,182158
page_index,time_cycles
0,130454
page_index,time_cycles
0,77662
page_index,time_cycles
0,143650
page_index,time_cycles
0,240104
page_index,time_cycles
0,189234
page_index,time_cycles
0,251938
page_index,time_cycles
0,104240
page_index,time_cycles
0,176170
page_index,time_cycles
0,146966
page_index,time_cycles
0,167844
page_index,time_cycles
0,114096
page_index,time_cycles
0,130264
page_index,time_cycles
0,116740
page_index,time_cycles
0,93084
page_index,time_cycles
0,145408
page_index,time_cycles
0,127672
page_index,time_cycles
0,144106
page_index,time_cycles
0,130228
page_index,time_cycles
0,110138
page_index,time_cycles
0,140252
page_index,time_cycles
0,85528
page_index,time_cycles
0,135006
page_index,time_cycles
0,138790
page_index,time_cycles
0,86282
page_index,time_cycles
0,154350
page_index,time_cycles
0,142642
page_index,time_cycles
0,126242
page_index,time_cycles
0,178170
page_index,time_cycles
0,102472
page_index,time_cycles
0,135106
page_index,time_cycles
0,178208
page_index,time_cycles
0,89778
page_index,time_cycles
0,146220
page_index,time_cycles
0,167924
page_index,time_cycles
0,106494
page_index,time_cycles
0,81648
page_index,time_cycles
0,145716
page_index,time_cycles
0,143228
page_index,time_cycles
0,129912
page_index,time_cycles
0,119384
page_index,time_cycles
0,118320
page_index,time_cycles
0,181486
page_index,time_cycles
0,131534
page_index,time_cycles
0,93872
page_index,time_cycles
0,146500
page_index,time_cycles
0,134890
page_index,time_cycles
0,131170
page_index,time_cycles
0,148578
page_index,time_cycles
0,82890
page_index,time_cycles
0,132918
page_index,time_cycles
0,113378
page_index,time_cycles
0,130602
page_index,time_cycles
0,91866
page_index,time_cycles
0,135128
page_index,time_cycles
0,149100
page_index,time_cycles
0,134110
page_index,time_cycles
0,163830
page_index,time_cycles
0,123214
page_index,time_cycles
0,175288
page_index,time_cycles
0,122034
page_index,time_cycles
0,137776
page_index,time_cycles
0,132228
page_index,time_cycles
0,173056
page_index,time_cycles
0,108344
page_index,time_cycles
0,94448
page_index,time_cycles
0,147124
page_index,time_cycles
0,128860
page_index,time_cycles
0,129698
page_index,time_cycles
0,107452
page_index,time_cycles
0,157378
page_index,time_cycles
0,107674
page_index,time_cycles
0,130594
page_index,time_cycles
0,133426
page_index,time_cycles
0,80074
page_index,time_cycles
0,204802
page_index,time_cycles
0,118148
page_index,time_cycles
0,125048
page_index,time_cycles
0,114526
page_index,time_cycles
0,222514
page_index,time_cycles
0,82696
page_index,time_cycles
0,97918
page_index,time_cycles
0,134808
page_index,time_cycles
0,105678
page_index,time_cycles
0,129456
page_index,time_cycles
0,138512
page_index,time_cycles
0,118252
page_index,time_cycles
0,199380
page_index,time_cycles
0,136434
page_index,time_cycles
0,165020
page_index,time_cycles
0,182172
page_index,time_cycles
0,139004
page_index,time_cycles
0,88666
page_index,time_cycles
0,127464
page_index,time_cycles
0,145668
page_index,time_cycles
0,168186
page_index,time_cycles
0,96972
page_index,time_cycles
0,109664
page_index,time_cycles
0,94576
page_index,time_cycles
0,124372
page_index,time_cycles
0,144696
page_index,time_cycles
0,146946
page_index,time_cycles
0,114884
page_index,time_cycles
0,156950
page_index,time_cycles
0,133754
page_index,time_cycles
0,117238
page_index,time_cycles
0,151300
page_index,time_cycles
0,143274
page_index,time_cycles
0,138768
page_index,time_cycles
0,154778
page_index,time_cycles
0,128992
page_index,time_cycles
0,83234
page_index,time_cycles
0,125992
page_index,time_cycles
0,82436
page_index,time_cycles
0,79562
page_index,time_cycles
0,110532
page_index,time_cycles
0,82248
page_index,time_cycles
0,85724
page_index,time_cycles
0,178660
page_index,time_cycles
0,104574
page_index,time_cycles
0,179982
page_index,time_cycles
0,109988
page_index,time_cycles
0,115386
page_index,time_cycles
0,114572
page_index,time_cycles
0,141950
page_index,time_cycles
0,127638
page_index,time_cycles
0,86346
page_index,time_cycles
0,204586
page_index,time_cycles
0,132004
page_index,time_cycles
0,128942
page_index,time_cycles
0,174604
page_index,time_cycles
0,145752
page_index,time_cycles
0,139540
page_index,time_cycles
0,89326
page_index,time_cycles
0,139616
page_index,time_cycles
0,188952
page_index,time_cycles
0,145772
page_index,time_cycles
0,104726
page_index,time_cycles
0,79728
page_index,time_cycles
0,131834
page_index,time_cycles
0,146584
page_index,time_cycles
0,132202
page_index,time_cycles
0,130848
page_index,time_cycles
0,127202
page_index,time_cycles
0,187938
page_index,time_cycles
0,116720
page_index,time_cycles
0,115008
page_index,time_cycles
0,152240
page_index,time_cycles
0,149518
page_index,time_cycles
0,114714
page_index,time_cycles
0,131214
page_index,time_cycles
0,144700
page_index,time_cycles
0,167770
page_index,time_cycles
0,148806
page_index,time_cycles
0,153982
page_index,time_cycles
0,185408
page_index,time_cycles
0,141096
page_index,time_cycles
0,123142
page_index,time_cycles
0,81604
page_index,time_cycles
0,150358
page_index,time_cycles
0,139280
page_index,time_cycles
0,118656
page_index,time_cycles
0,126920
page_index,time_cycles
0,149506
page_index,time_cycles
0,94420
page_index,time_cycles
0,134812
page_index,time_cycles
0,109144
page_index,time_cycles
0,116120
page_index,time_cycles
0,78966
page_index,time_cycles
0,132048
page_index,time_cycles
0,178124
page_index,time_cycles
0,130438
page_index,time_cycles
0,83024
page_index,time_cycles
0,138030
page_index,time_cycles
0,82604
page_index,time_cycles
0,158988
page_index,time_cycles
0,86034
page_index,time_cycles
0,85476
page_index,time_cycles
0,115450
page_index,time_cycles
0,190868
page_index,time_cycles
0,82718
page_index,time_cycles
0,142882
page_index,time_cycles
0,134502
page_index,time_cycles
0,143530
page_index,time_cycles
0,123866
page_index,time_cycles
0,134600
page_index,time_cycles
0,94262
page_index,time_cycles
0,82408
page_index,time_cycles
0,150136
page_index,time_cycles
0,180454
page_index,time_cycles
0,141324
page_index,time_cycles
0,135900
page_index,time_cycles
0,141818
page_index,time_cycles
0,154850
page_index,time_cycles
0,152398
page_index,time_cycles
0,80842
page_index,time_cycles
0,83878
page_index,time_cycles
0,152452
page_index,time_cycles
0,102496
page_index,time_cycles
0,105838
page_index,time_cycles
0,115886
page_index,time_cycles
0,143392
page_index,time_cycles
0,196310
page_index,time_cycles
0,185084
page_index,time_cycles
0,92254
page_index,time_cycles
0,188306
page_index,time_cycles
0,149356
page_index,time_cycles
0,112664
page_index,time_cycles
0,79396
page_index,time_cycles
0,84442
page_index,time_cycles
0,153038
page_index,time_cycles
0,83062
page_index,time_cycles
0,78762
page_index,time_cycles
0,151828
page_index,time_cycles
0,79466
page_index,time_cycles
0,132692
page_index,time_cycles
0,80392
page_index,time_cycles
0,78256
page_index,time_cycles
0,127114
page_index,time_cycles
0,115356
page_index,time_cycles
0,105468
page_index,time_cycles
0,120230
page_index,time_cycles
0,83344
page_index,time_cycles
0,147666
page_index,time_cycles
0,134334
page_index,time_cycles
0,147136
page_index,time_cycles
0,77628
page_index,time_cycles
0,142336
page_index,time_cycles
0,80022
page_index,time_cycles
0,181302
page_index,time_cycles
0,149178
page_index,time_cycles
0,142934
page_index,time_cycles
0,148190
page_index,time_cycles
0,83448
page_index,time_cycles
0,82878
page_index,time_cycles
0,149462
page_index,time_cycles
0,131524
page_index,time_cycles
0,177216
page_index,time_cycles
0,119294
page_index,time_cycles
0,83442
page_index,time_cycles
0,159644
page_index,time_cycles
0,85836
page_index,time_cycles
0,77948
page_index,time_cycles
0,146284
page_index,time_cycles
0,138460
page_index,time_cycles
0,181858
page_index,time_cycles
0,132494
page_index,time_cycles
0,146576
page_index,time_cycles
0,115904
page_index,time_cycles
0,223768
page_index,time_cycles
0,80120
page_index,time_cycles
0,135466
page_index,time_cycles
0,89196
page_index,time_cycles
0,152484
page_index,time_cycles
0,142834
page_index,time_cycles
0,119094
page_index,time_cycles
0,149646
page_index,time_cycles
0,127170
page_index,time_cycles
0,113190
page_index,time_cycles
0,104106
page_index,time_cycles
0,141568
page_index,time_cycles
0,79678
page_index,time_cycles
0,123826
page_index,time_cycles
0,113082
page_index,time_cycles
0,128074
page_index,time_cycles
0,142386
page_index,time_cycles
0,143076
page_index,time_cycles
0,127610
page_index,time_cycles
0,193152
page_index,time_cycles
0,129370
page_index,time_cycles
0,140286
page_index,time_cycles
0,101110
page_index,time_cycles
0,158196
page_index,time_cycles
0,111748
page_index,time_cycles
0,136002
page_index,time_cycles
0,136298
page_index,time_cycles
0,144686
page_index,time_cycles
0,134250
page_index,time_cycles
0,81330
page_index,time_cycles
0,151980
page_index,time_cycles
0,105892
page_index,time_cycles
0,144186
page_index,time_cycles
0,117788
page_index,time_cycles
0,81548
page_index,time_cycles
0,102838
page_index,time_cycles
0,116418
page_index,time_cycles
0,79376
page_index,time_cycles
0,140310
page_index,time_cycles
0,127876
page_index,time_cycles
0,154602
page_index,time_cycles
0,104506
page_index,time_cycles
0,80664
page_index,time_cycles
0,209962
page_index,time_cycles
0,93312
page_index,time_cycles
0,178398
page_index,time_cycles
0,141700
page_index,time_cycles
0,130714
page_index,time_cycles
0,83538
page_index,time_cycles
0,80638
page_index,time_cycles
0,87498
page_index,time_cycles
0,140860
page_index,time_cycles
0,130438
page_index,time_cycles
0,147032
page_index,time_cycles
0,150204
page_index,time_cycles
0,138910
page_index,time_cycles
0,203152
page_index,time_cycles
0,173072
page_index,time_cycles
0,188316
page_index,time_cycles
0,79212
page_index,time_cycles
0,113050
page_index,time_cycles
0,87742
page_index,time_cycles
0,106378
page_index,time_cycles
0,111858
page_index,time_cycles
0,124680
page_index,time_cycles
0,107658
page_index,time_cycles
0,115994
page_index,time_cycles
0,110122
page_index,time_cycles
0,110038
page_index,time_cycles
0,130994
page_index,time_cycles
0,136190
page_index,time_cycles
0,133262
page_index,time_cycles
0,201380
page_index,time_cycles
0,127716
page_index,time_cycles
0,87174
page_index,time_cycles
0,93878
page_index,time_cycles
0,147952
page_index,time_cycles
0,83094
page_index,time_cycles
0,82378
page_index,time_cycles
0,79316
page_index,time_cycles
0,223592
page_index,time_cycles
0,77790
page_index,time_cycles
0,79850
page_index,time_cycles
0,110658
page_index,time_cycles
0,150766
page_index,time_cycles
0,129302
page_index,time_cycles
0,83352
page_index,time_cycles
0,134914
page_index,time_cycles
0,235358
page_index,time_cycles
0,92854
page_index,time_cycles
0,81470
page_index,time_cycles
0,145332
page_index,time_cycles
0,139348
page_index,time_cycles
0,135778
page_index,time_cycles
0,95506
page_index,time_cycles
0,144038
page_index,time_cycles
0,114422
page_index,time_cycles
0,118748
page_index,time_cycles
0,118264
page_index,time_cycles
0,182800
page_index,time_cycles
0,81810
page_index,time_cycles
0,145682
page_index,time_cycles
0,94910
page_index,time_cycles
0,153314
page_index,time_cycles
0,133996
page_index,time_cycles
0,81758
page_index,time_cycles
0,137148
page_index,time_cycles
0,182320
page_index,time_cycles
0,96648
page_index,time_cycles
0,81378
page_index,time_cycles
0,78250
page_index,time_cycles
0,121038
page_index,time_cycles
0,89410
page_index,time_cycles
0,135512
page_index,time_cycles
0,114948
page_index,time_cycles
0,110196
page_index,time_cycles
0,128764
page_index,time_cycles
0,140438
page_index,time_cycles
0,78556
page_index,time_cycles
0,118420
page_index,time_cycles
0,122980
page_index,time_cycles
0,90154
page_index,time_cycles
0,163802
page_index,time_cycles
0,253002
page_index,time_cycles
0,84130
page_index,time_cycles
0,156270
page_index,time_cycles
0,163782
page_index,time_cycles
0,156888
page_index,time_cycles
0,82208
page_index,time_cycles
0,80726
page_index,time_cycles
0,83114
page_index,time_cycles
0,86930
page_index,time_cycles
0,134314
page_index,time_cycles
0,136334
page_index,time_cycles
0,115216
page_index,time_cycles
0,132646
page_index,time_cycles
0,134814
page_index,time_cycles
0,94168
page_index,time_cycles
0,87188
page_index,time_cycles
0,128192
page_index,time_cycles
0,80452
page_index,time_cycles
0,115006
page_index,time_cycles
0,117396
page_index,time_cycles
0,141122
page_index,time_cycles
0,213194
page_index,time_cycles
0,96832
page_index,time_cycles
0,185912
page_index,time_cycles
0,104302
page_index,time_cycles
0,135850
page_index,time_cycles
0,135688
page_index,time_cycles
0,80332
page_index,time_cycles
0,122230
page_index,time_cycles
0,88742
page_index,time_cycles
0,144906
page_index,time_cycles
0,144728
page_index,time_cycles
0,129244
page_index,time_cycles
0,204482
page_index,time_cycles
0,141050
page_index,time_cycles
0,113886
page_index,time_cycles
0,141910
page_index,time_cycles
0,155946
page_index,time_cycles
0,128378
page_index,time_cycles
0,122396
page_index,time_cycles
0,80254
page_index,time_cycles
0,156508
page_index,time_cycles
0,143404
page_index,time_cycles
0,82748
page_index,time_cycles
0,136696
page_index,time_cycles
0,135812
page_index,time_cycles
0,131278
page_index,time_cycles
0,78754
page_index,time_cycles
0,110708
page_index,time_cycles
0,80828
page_index,time_cycles
0,133494
page_index,time_cycles
0,91600
page_index,time_cycles
0,148394
page_index,time_cycles
0,100314
page_index,time_cycles
0,137826
page_index,time_cycles
0,85560
page_index,time_cycles
0,139170
page_index,time_cycles
0,158314
page_index,time_cycles
0,80582
page_index,time_cycles
0,131352
page_index,time_cycles
0,80892
page_index,time_cycles
0,102622
page_index,time_cycles
0,131400
page_index,time_cycles
0,151474
page_index,time_cycles
0,117006
page_index,time_cycles
0,145372
page_index,time_cycles
0,141074
page_index,time_cycles
0,119388
page_index,time_cycles
0,141800
page_index,time_cycles
0,87052
page_index,time_cycles
0,218818
page_index,time_cycles
0,130970
page_index,time_cycles
0,213888
page_index,time_cycles
0,79582
page_index,time_cycles
0,114472
page_index,time_cycles
0,147144
page_index,time_cycles
0,107876
page_index,time_cycles
0,117934
page_index,time_cycles
0,135090
page_index,time_cycles
0,110542
page_index,time_cycles
0,104724
page_index,time_cycles
0,80070
page_index,time_cycles
0,107560
page_index,time_cycles
0,135240
page_index,time_cycles
0,127942
page_index,time_cycles
0,92076
page_index,time_cycles
0,94300
page_index,time_cycles
0,78354
page_index,time_cycles
0,141764
page_index,time_cycles
0,183726
page_index,time_cycles
0,94076
page_index,time_cycles
0,79114
page_index,time_cycles
0,86712
page_index,time_cycles
0,139452
page_index,time_cycles
0,220884
page_index,time_cycles
0,104598
page_index,time_cycles
0,181650
page_index,time_cycles
0,92002
page_index,time_cycles
0,92614
page_index,time_cycles
0,78866
page_index,time_cycles
0,82290
page_index,time_cycles
0,131790
page_index,time_cycles
0,234846
page_index,time_cycles
0,86038
page_index,time_cycles
0,172488
page_index,time_cycles
0,116242
page_index,time_cycles
0,103232
page_index,time_cycles
0,135826
page_index,time_cycles
0,106442
page_index,time_cycles
0,124690
page_index,time_cycles
0,130072
page_index,time_cycles
0,138520
page_index,time_cycles
0,118278
page_index,time_cycles
0,180074
page_index,time_cycles
0,136542
page_index,time_cycles
0,135668
page_index,time_cycles
0,130218
page_index,time_cycles
0,91600
page_index,time_cycles
0,147528
page_index,time_cycles
0,128486
page_index,time_cycles
0,91330
page_index,time_cycles
0,143890
page_index,time_cycles
0,148700
page_index,time_cycles
0,122954
page_index,time_cycles
0,125932
page_index,time_cycles
0,171672
page_index,time_cycles
0,120180
page_index,time_cycles
0,79612
page_index,time_cycles
0,116642
page_index,time_cycles
0,75066
page_index,time_cycles
0,118890
page_index,time_cycles
0,133004
page_index,time_cycles
0,139022
page_index,time_cycles
0,119714
page_index,time_cycles
0,133922
page_index,time_cycles
0,146360
page_index,time_cycles
0,129638
page_index,time_cycles
0,89816
page_index,time_cycles
0,76698
page_index,time_cycles
0,140852
page_index,time_cycles
0,174006
page_index,time_cycles
0,126166
page_index,time_cycles
0,125322
page_index,time_cycles
0,86700
page_index,time_cycles
0,133746
page_index,time_cycles
0,140568
page_index,time_cycles
0,134852
page_index,time_cycles
0,110170
page_index,time_cycles
0,144530
page_index,time_cycles
0,113284
page_index,time_cycles
0,127558
page_index,time_cycles
0,90134
page_index,time_cycles
0,90508
page_index,time_cycles
0,83274
page_index,time_cycles
0,92648
page_index,time_cycles
0,154268
page_index,time_cycles
0,82736
page_index,time_cycles
0,139706
page_index,time_cycles
0,120890
page_index,time_cycles
0,150154
page_index,time_cycles
0,109808
page_index,time_cycles
0,113622
page_index,time_cycles
0,195412
page_index,time_cycles
0,96920
page_index,time_cycles
0,79032
page_index,time_cycles
0,142978
page_index,time_cycles
0,139322
page_index,time_cycles
0,155786
page_index,time_cycles
0,126572
page_index,time_cycles
0,111926
page_index,time_cycles
0,213986
page_index,time_cycles
0,127014
page_index,time_cycles
0,80630
page_index,time_cycles
0,127580
page_index,time_cycles
0,92558
page_index,time_cycles
0,132854
page_index,time_cycles
0,138550
page_index,time_cycles
0,224738
page_index,time_cycles
0,85792
page_index,time_cycles
0,137258
page_index,time_cycles
0,126442
page_index,time_cycles
0,131094
page_index,time_cycles
0,79392
page_index,time_cycles
0,83938
page_index,time_cycles
0,86126
page_index,time_cycles
0,170014
page_index,time_cycles
0,111342
page_index,time_cycles
0,101680
page_index,time_cycles
0,157392
page_index,time_cycles
0,86650
page_index,time_cycles
0,132122
page_index,time_cycles
0,122888
page_index,time_cycles
0,132146
page_index,time_cycles
0,142192
page_index,time_cycles
0,116074
page_index,time_cycles
0,141608
page_index,time_cycles
0,132292
page_index,time_cycles
0,99406
page_index,time_cycles
0,129500
page_index,time_cycles
0,104070
page_index,time_cycles
0,135914
page_index,time_cycles
0,120192
page_index,time_cycles
0,139694
page_index,time_cycles
0,106738
page_index,time_cycles
0,217394
page_index,time_cycles
0,119990
page_index,time_cycles
0,145642
page_index,time_cycles
0,481370
page_index,time_cycles
0,133386
page_index,time_cycles
0,152726
page_index,time_cycles
0,134304
page_index,time_cycles
0,85088
page_index,time_cycles
0,138128
page_index,time_cycles
0,134900
page_index,time_cycles
0,85980
page_index,time_cycles
0,113582
page_index,time_cycles
0,140868
page_index,time_cycles
0,81060
page_index,time_cycles
0,131278
page_index,time_cycles
0,110480
page_index,time_cycles
0,163048
page_index,time_cycles
0,148184
page_index,time_cycles
0,80194
page_index,time_cycles
0,145718
page_index,time_cycles
0,155916
page_index,time_cycles
0,161156
page_index,time_cycles
0,122224
page_index,time_cycles
0,83092
page_index,time_cycles
0,110738
page_index,time_cycles
0,95190
page_index,time_cycles
0,111746
page_index,time_cycles
0,128678
page_index,time_cycles
0,84370
page_index,time_cycles
0,151696
page_index,time_cycles
0,110050
page_index,time_cycles
0,115728
page_index,time_cycles
0,81936
page_index,time_cycles
0,209510
page_index,time_cycles
0,144090
page_index,time_cycles
0,97736
page_index,time_cycles
0,145716
page_index,time_cycles
0,104738
page_index,time_cycles
0,161452
page_index,time_cycles
0,121448
page_index,time_cycles
0,178158
page_index,time_cycles
0,145732
page_index,time_cycles
0,101966
page_index,time_cycles
0,79794
page_index,time_cycles
0,116244
page_index,time_cycles
0,80372
page_index,time_cycles
0,226070
page_index,time_cycles
0,84248
page_index,time_cycles
0,136538
page_index,time_cycles
0,78844
page_index,time_cycles
0,92010
page_index,time_cycles
0,77970
page_index,time_cycles
0,80516
page_index,time_cycles
0,145490
page_index,time_cycles
0,148702
page_index,time_cycles
0,126274
page_index,time_cycles
0,79658
page_index,time_cycles
0,78470
page_index,time_cycles
0,130194
page_index,time_cycles
0,152434
page_index,time_cycles
0,92910
page_index,time_cycles
0,147628
page_index,time_cycles
0,147452
page_index,time_cycles
0,144652
page_index,time_cycles
0,114112
page_index,time_cycles
0,143334
page_index,time_cycles
0,80564
page_index,time_cycles
0,140420
page_index,time_cycles
0,156536
page_index,time_cycles
0,112732
page_index,time_cycles
0,105242
page_index,time_cycles
0,82950
page_index,time_cycles
0,169032
page_index,time_cycles
0,143032
page_index,time_cycles
0,90468
page_index,time_cycles
0,131090
page_index,time_cycles
0,78212
page_index,time_cycles
0,85164
page_index,time_cycles
0,156310
page_index,time_cycles
0,149518
page_index,time_cycles
0,158510
page_index,time_cycles
0,186246
page_index,time_cycles
0,122702
page_index,time_cycles
0,118544
page_index,time_cycles
0,370586
page_index,time_cycles
0,134940
page_index,time_cycles
0,137482
page_index,time_cycles
0,81386
page_index,time_cycles
0,100538
page_index,time_cycles
0,112702
page_index,time_cycles
0,111838
page_index,time_cycles
0,182910
page_index,time_cycles
0,134290
page_index,time_cycles
0,150318
page_index,time_cycles
0,108312
page_index,time_cycles
0,117686
page_index,time_cycles
0,113908
page_index,time_cycles
0,80898
page_index,time_cycles
0,115024
page_index,time_cycles
0,96428
page_index,time_cycles
0,84194
page_index,time_cycles
0,123610
page_index,time_cycles
0,80604
page_index,time_cycles
0,80940
page_index,time_cycles
0,194560
page_index,time_cycles
0,131036
page_index,time_cycles
0,99298
page_index,time_cycles
0,79080
page_index,time_cycles
0,114436
page_index,time_cycles
0,167622
page_index,time_cycles
0,116880
page_index,time_cycles
0,153390
page_index,time_cycles
0,123660
page_index,time_cycles
0,102490
page_index,time_cycles
0,133412
page_index,time_cycles
0,135600
page_index,time_cycles
0,138752
page_index,time_cycles
0,81998
page_index,time_cycles
0,84160
page_index,time_cycles
0,141744
page_index,time_cycles
0,110170
page_index,time_cycles
0,137126
page_index,time_cycles
0,93324
page_index,time_cycles
0,125722
page_index,time_cycles
0,117066
page_index,time_cycles
0,127356
page_index,time_cycles
0,112830
page_index,time_cycles
0,150122
page_index,time_cycles
0,196724
page_index,time_cycles
0,123500
page_index,time_cycles
0,80066
page_index,time_cycles
0,107086
page_index,time_cycles
0,150140
page_index,time_cycles
0,170398
page_index,time_cycles
0,111726
page_index,time_cycles
0,77828
page_index,time_cycles
0,116286
page_index,time_cycles
0,137396
page_index,time_cycles
0,141804
page_index,time_cycles
0,95696
page_index,time_cycles
0,77176
page_index,time_cycles
0,130344
page_index,time_cycles
0,85086
page_index,time_cycles
0,146254
page_index,time_cycles
0,189550
page_index,time_cycles
0,109112
page_index,time_cycles
0,80226
page_index,time_cycles
0,84374
page_index,time_cycles
0,93476
page_index,time_cycles
0,105692
page_index,time_cycles
0,146646
page_index,time_cycles
0,81104
page_index,time_cycles
0,143760
page_index,time_cycles
0,145542
page_index,time_cycles
0,269450
page_index,time_cycles
0,97084
page_index,time_cycles
0,78640
page_index,time_cycles
0,188256
page_index,time_cycles
0,131172
page_index,time_cycles
0,130792
page_index,time_cycles
0,166334
page_index,time_cycles
0,80686
page_index,time_cycles
0,139076
page_index,time_cycles
0,117548
page_index,time_cycles
0,133164
page_index,time_cycles
0,145702
page_index,time_cycles
0,104500
page_index,time_cycles
0,90770
page_index,time_cycles
0,81120
page_index,time_cycles
0,100720
page_index,time_cycles
0,88190
page_index,time_cycles
0,107914
page_index,time_cycles
0,137980
page_index,time_cycles
0,130456
page_index,time_cycles
0,117280
page_index,time_cycles
0,145276
page_index,time_cycles
0,85188
page_index,time_cycles
0,130156
page_index,time_cycles
0,116390
page_index,time_cycles
0,192748
page_index,time_cycles
0,79082
page_index,time_cycles
0,108582
page_index,time_cycles
0,90050
page_index,time_cycles
0,161616
page_index,time_cycles
0,83700
page_index,time_cycles
0,181914
page_index,time_cycles
0,80532
page_index,time_cycles
0,239278
page_index,time_cycles
0,134818
page_index,time_cycles
0,198638
page_index,time_cycles
0,116242
page_index,time_cycles
0,135870
page_index,time_cycles
0,84002
page_index,time_cycles
0,91090
page_index,time_cycles
0,125700
page_index,time_cycles
0,96276
page_index,time_cycles
0,151648
page_index,time_cycles
0,177746
page_index,time_cycles
0,114736
page_index,time_cycles
0,134742
page_index,time_cycles
0,114370
page_index,time_cycles
0,85174
page_index,time_cycles
0,118034
page_index,time_cycles
0,160376
page_index,time_cycles
0,82614
page_index,time_cycles
0,139982
page_index,time_cycles
0,136452
page_index,time_cycles
0,165756
page_index,time_cycles
0,194970
page_index,time_cycles
0,140494
page_index,time_cycles
0,78364
page_index,time_cycles
0,171164
page_index,time_cycles
0,157146
page_index,time_cycles
0,81240
page_index,time_cycles
0,114070
page_index,time_cycles
0,121984
page_index,time_cycles
0,137824
page_index,time_cycles
0,141966
page_index,time_cycles
0,143996
page_index,time_cycles
0,159638
page_index,time_cycles
0,83284
page_index,time_cycles
0,195274
page_index,time_cycles
0,84250
page_index,time_cycles
0,145640
page_index,time_cycles
0,130384
page_index,time_cycles
0,138974
page_index,time_cycles
0,110844
page_index,time_cycles
0,92868
page_index,time_cycles
0,209952
page_index,time_cycles
0,139994
page_index,time_cycles
0,85406
page_index,time_cycles
0,117010
page_index,time_cycles
0,137914
page_index,time_cycles
0,82604
page_index,time_cycles
0,150174
page_index,time_cycles
0,91370
page_index,time_cycles
0,141532
page_index,time_cycles
0,131508
page_index,time_cycles
0,114892
page_index,time_cycles
0,80150
page_index,time_cycles
0,116534
page_index,time_cycles
0,111888
page_index,time_cycles
0,128210
page_index,time_cycles
0,176580
page_index,time_cycles
0,143970
page_index,time_cycles
0,133272
page_index,time_cycles
0,82794
page_index,time_cycles
0,147878
page_index,time_cycles
0,170964
page_index,time_cycles
0,112172
page_index,time_cycles
0,78454
page_index,time_cycles
0,82746
page_index,time_cycles
0,147202
page_index,time_cycles
0,127780
page_index,time_cycles
0,94024
page_index,time_cycles
0,80658
page_index,time_cycles
0,137890
page_index,time_cycles
0,108678
page_index,time_cycles
0,153556
page_index,time_cycles
0,97682
page_index,time_cycles
0,194610
page_index,time_cycles
0,110478
page_index,time_cycles
0,116486
page_index,time_cycles
0,139292
page_index,time_cycles
0,132082
page_index,time_cycles
0,129234
page_index,time_cycles
0,85034
page_index,time_cycles
0,144784
page_index,time_cycles
0,97260
page_index,time_cycles
0,83148
page_index,time_cycles
0,169820
page_index,time_cycles
0,142566
page_index,time_cycles
0,143640
page_index,time_cycles
0,77676
page_index,time_cycles
0,143712
page_index,time_cycles
0,132952
page_index,time_cycles
0,106424
page_index,time_cycles
0,196552
page_index,time_cycles
0,133782
page_index,time_cycles
0,130096
page_index,time_cycles
0,134964
page_index,time_cycles
0,134662
page_index,time_cycles
0,172428
page_index,time_cycles
0,119262
page_index,time_cycles
0,110244
page_index,time_cycles
0,124768
page_index,time_cycles
0,121834
page_index,time_cycles
0,130300
page_index,time_cycles
0,208928
page_index,time_cycles
0,135244
page_index,time_cycles
0,117902
page_index,time_cycles
0,130444
page_index,time_cycles
0,113690
page_index,time_cycles
0,99518
page_index,time_cycles
0,81486
page_index,time_cycles
0,79754
page_index,time_cycles
0,148738
page_index,time_cycles
0,144320
page_index,time_cycles
0,82960
page_index,time_cycles
0,111232
page_index,time_cycles
0,126136
page_index,time_cycles
0,129312
page_index,time_cycles
0,165274
page_index,time_cycles
0,147094
page_index,time_cycles
0,131518
page_index,time_cycles
0,77712
page_index,time_cycles
0,171204
page_index,time_cycles
0,111440
page_index,time_cycles
0,139180
page_index,time_cycles
0,82114
page_index,time_cycles
0,154920
page_index,time_cycles
0,198716
page_index,time_cycles
0,111946
page_index,time_cycles
0,143856
page_index,time_cycles
0,127494
page_index,time_cycles
0,88072
page_index,time_cycles
0,140304
page_index,time_cycles
0,110794
page_index,time_cycles
0,113446
page_index,time_cycles
0,154402
page_index,time_cycles
0,78544
page_index,time_cycles
0,123664
page_index,time_cycles
0,78314
page_index,time_cycles
0,88634
page_index,time_cycles
0,82072
page_index,time_cycles
0,137906
page_index,time_cycles
0,86676
page_index,time_cycles
0,146660
page_index,time_cycles
0,92874
page_index,time_cycles
0,130258
page_index,time_cycles
0,84316
page_index,time_cycles
0,136606
page_index,time_cycles
0,129352
page_index,time_cycles
0,85650
page_index,time_cycles
0,133438
page_index,time_cycles
0,93108
page_index,time_cycles
0,118904
page_index,time_cycles
0,145722
page_index,time_cycles
0,147508
page_index,time_cycles
0,173620
page_index,time_cycles
0,134976
page_index,time_cycles
0,189738
page_index,time_cycles
0,90452
page_index,time_cycles
0,123036
page_index,time_cycles
0,129732
page_index,time_cycles
0,150718
page_index,time_cycles
0,133940
page_index,time_cycles
0,133290
page_index,time_cycles
0,137548
page_index,time_cycles
0,80128
page_index,time_cycles
0,133074
page_index,time_cycles
0,153020
page_index,time_cycles
0,98822
page_index,time_cycles
0,85412
page_index,time_cycles
0,175964
page_index,time_cycles
0,121016
page_index,time_cycles
0,128142
page_index,time_cycles
0,116936
page_index,time_cycles
0,110600
page_index,time_cycles
0,103972
page_index,time_cycles
0,143552
page_index,time_cycles
0,83008
page_index,time_cycles
0,95982
page_index,time_cycles
0,177486
page_index,time_cycles
0,145146
page_index,time_cycles
0,96820
page_index,time_cycles
0,150834
page_index,time_cycles
0,93732
page_index,time_cycles
0,120056
page_index,time_cycles
0,200902
page_index,time_cycles
0,189562
page_index,time_cycles
0,138980
page_index,time_cycles
0,156478
page_index,time_cycles
0,144224
page_index,time_cycles
0,114004
page_index,time_cycles
0,130926
page_index,time_cycles
0,123380
page_index,time_cycles
0,153242
page_index,time_cycles
0,107764
page_index,time_cycles
0,89758
page_index,time_cycles
0,96326
page_index,time_cycles
0,133516
page_index,time_cycles
0,113006
page_index,time_cycles
0,86630
page_index,time_cycles
0,83102
page_index,time_cycles
0,83732
page_index,time_cycles
0,106310
page_index,time_cycles
0,120322
page_index,time_cycles
0,184970
page_index,time_cycles
0,83844
page_index,time_cycles
0,137680
page_index,time_cycles
0,142378
page_index,time_cycles
0,130842
page_index,time_cycles
0,83198
page_index,time_cycles
0,135312
page_index,time_cycles
0,89328
page_index,time_cycles
0,148212
page_index,time_cycles
0,95364
page_index,time_cycles
0,75894
page_index,time_cycles
0,135688
page_index,time_cycles
0,82936
page_index,time_cycles
0,154164
page_index,time_cycles
0,146972
page_index,time_cycles
0,81090
page_index,time_cycles
0,112918
page_index,time_cycles
0,103040
page_index,time_cycles
0,131186
page_index,time_cycles
0,80230
page_index,time_cycles
0,127536
page_index,time_cycles
0,81880
page_index,time_cycles
0,145698
page_index,time_cycles
0,148210
page_index,time_cycles
0,90336
page_index,time_cycles
0,145900
page_index,time_cycles
0,95890
page_index,time_cycles
0,101486
page_index,time_cycles
0,125506
page_index,time_cycles
0,143896
page_index,time_cycles
0,105542
page_index,time_cycles
0,124758
page_index,time_cycles
0,135534
page_index,time_cycles
0,132556
page_index,time_cycles
0,120558
page_index,time_cycles
0,108966
page_index,time_cycles
0,78840
page_index,time_cycles
0,105298
page_index,time_cycles
0,178040
page_index,time_cycles
0,131224
page_index,time_cycles
0,130694
page_index,time_cycles
0,152220
page_index,time_cycles
0,137032
page_index,time_cycles
0,131736
page_index,time_cycles
0,116292
page_index,time_cycles
0,183930
page_index,time_cycles
0,138228
page_index,time_cycles
0,121630
page_index,time_cycles
0,129862
page_index,time_cycles
0,136070
page_index,time_cycles
0,232532
page_index,time_cycles
0,120904
page_index,time_cycles
0,94476
page_index,time_cycles
0,80208
page_index,time_cycles
0,126044
page_index,time_cycles
0,81018
page_index,time_cycles
0,154322
page_index,time_cycles
0,157212
page_index,time_cycles
0,144658
page_index,time_cycles
0,133802
page_index,time_cycles
0,136060
page_index,time_cycles
0,109850
page_index,time_cycles
0,113678
page_index,time_cycles
0,137870
page_index,time_cycles
0,134584
page_index,time_cycles
0,220004
page_index,time_cycles
0,135568
page_index,time_cycles
0,145910
page_index,time_cycles
0,90116
page_index,time_cycles
0,84788
page_index,time_cycles
0,139954
page_index,time_cycles
0,94646
page_index,time_cycles
0,227928
page_index,time_cycles
0,133936
page_index,time_cycles
0,140074
page_index,time_cycles
0,105552
page_index,time_cycles
0,111436
page_index,time_cycles
0,136714
page_index,time_cycles
0,80820
page_index,time_cycles
0,114984
page_index,time_cycles
0,80290
page_index,time_cycles
0,140684
page_index,time_cycles
0,82322
page_index,time_cycles
0,141018
page_index,time_cycles
0,99100
page_index,time_cycles
0,228396
page_index,time_cycles
0,103800
page_index,time_cycles
0,119438
page_index,time_cycles
0,172042
page_index,time_cycles
0,149154
page_index,time_cycles
0,139014
page_index,time_cycles
0,145494
page_index,time_cycles
0,110994
page_index,time_cycles
0,93496
page_index,time_cycles
0,156444
page_index,time_cycles
0,106318
page_index,time_cycles
0,172122
page_index,time_cycles
0,133758
page_index,time_cycles
0,83694
page_index,time_cycles
0,132264
page_index,time_cycles
0,151584
page_index,time_cycles
0,146120
page_index,time_cycles
0,78922
page_index,time_cycles
0,81916
page_index,time_cycles
0,124064
page_index,time_cycles
0,117396
page_index,time_cycles
0,117978
page_index,time_cycles
0,150892
page_index,time_cycles
0,168400
page_index,time_cycles
0,162124
page_index,time_cycles
0,143460
page_index,time_cycles
0,79776
page_index,time_cycles
0,80390
page_index,time_cycles
0,83558
page_index,time_cycles
0,76686
page_index,time_cycles
0,84872
page_index,time_cycles
0,121468
page_index,time_cycles
0,78728
page_index,time_cycles
0,148204
page_index,time_cycles
0,82274
page_index,time_cycles
0,132794
page_index,time_cycles
0,124246
page_index,time_cycles
0,136080
page_index,time_cycles
0,125372
page_index,time_cycles
0,119508
page_index,time_cycles
0,78810
page_index,time_cycles
0,157046
page_index,time_cycles
0,158754
page_index,time_cycles
0,131778
page_index,time_cycles
0,136114
page_index,time_cycles
0,138432
page_index,time_cycles
0,141088
page_index,time_cycles
0,89270
page_index,time_cycles
0,83290
page_index,time_cycles
0,115032
page_index,time_cycles
0,132260
page_index,time_cycles
0,140820
page_index,time_cycles
0,135224
page_index,time_cycles
0,152520
page_index,time_cycles
0,141626
page_index,time_cycles
0,133732
page_index,time_cycles
0,93170
page_index,time_cycles
0,81906
page_index,time_cycles
0,86184
page_index,time_cycles
0,83090
page_index,time_cycles
0,106080
page_index,time_cycles
0,85512
page_index,time_cycles
0,111262
page_index,time_cycles
0,121050
page_index,time_cycles
0,122610
page_index,time_cycles
0,131408
page_index,time_cycles
0,90744
page_index,time_cycles
0,84966
page_index,time_cycles
0,83454
page_index,time_cycles
0,133738
page_index,time_cycles
0,98368
page_index,time_cycles
0,92202
page_index,time_cycles
0,170534
page_index,time_cycles
0,131028
page_index,time_cycles
0,143562
page_index,time_cycles
0,130008
page_index,time_cycles
0,96428
page_index,time_cycles
0,119298
page_index,time_cycles
0,77770
page_index,time_cycles
0,146120
page_index,time_cycles
0,80578
page_index,time_cycles
0,117756
page_index,time_cycles
0,84178
page_index,time_cycles
0,114944
page_index,time_cycles
0,116850
page_index,time_cycles
0,131244
page_index,time_cycles
0,124766
page_index,time_cycles
0,81712
page_index,time_cycles
0,143120
page_index,time_cycles
0,122494
page_index,time_cycles
0,145880
page_index,time_cycles
0,80190
page_index,time_cycles
0,132868
page_index,time_cycles
0,166896
page_index,time_cycles
0,133468
page_index,time_cycles
0,81476
page_index,time_cycles
0,120578
page_index,time_cycles
0,133308
page_index,time_cycles
0,79934
page_index,time_cycles
0,142246
page_index,time_cycles
0,148532
page_index,time_cycles
0,100710
page_index,time_cycles
0,126740
page_index,time_cycles
0,87204
page_index,time_cycles
0,75608
page_index,time_cycles
0,101770
page_index,time_cycles
0,134192
page_index,time_cycles
0,139892
page_index,time_cycles
0,111006
page_index,time_cycles
0,92818
page_index,time_cycles
0,144192
page_index,time_cycles
0,80602
page_index,time_cycles
0,134728
page_index,time_cycles
0,94802
page_index,time_cycles
0,81240
page_index,time_cycles
0,125046
page_index,time_cycles
0,117228
page_index,time_cycles
0,195622
page_index,time_cycles
0,145148
page_index,time_cycles
0,228762
page_index,time_cycles
0,81126
page_index,time_cycles
0,143442
page_index,time_cycles
0,145596
page_index,time_cycles
0,127836
page_index,time_cycles
0,146908
page_index,time_cycles
0,88484
page_index,time_cycles
0,130268
page_index,time_cycles
0,148204
page_index,time_cycles
0,153914
page_index,time_cycles
0,112618
page_index,time_cycles
0,128048
page_index,time_cycles
0,135324
page_index,time_cycles
0,135396
page_index,time_cycles
0,143596
page_index,time_cycles
0,138222
page_index,time_cycles
0,196850
page_index,time_cycles
0,137186
page_index,time_cycles
0,211192
page_index,time_cycles
0,141606
page_index,time_cycles
0,84784
page_index,time_cycles
0,147184
page_index,time_cycles
0,131832
page_index,time_cycles
0,140760
page_index,time_cycles
0,144162
page_index,time_cycles
0,143574
page_index,time_cycles
0,144946
page_index,time_cycles
0,133310
page_index,time_cycles
0,116948
page_index,time_cycles
0,91614
page_index,time_cycles
0,134512
page_index,time_cycles
0,135360
page_index,time_cycles
0,138092
page_index,time_cycles
0,139748
page_index,time_cycles
0,92898
page_index,time_cycles
0,259806
page_index,time_cycles
0,151008
page_index,time_cycles
0,132192
page_index,time_cycles
0,87220
page_index,time_cycles
0,141504
page_index,time_cycles
0,203518
page_index,time_cycles
0,137414
page_index,time_cycles
0,108350
page_index,time_cycles
0,204534
page_index,time_cycles
0,125278
page_index,time_cycles
0,127682
page_index,time_cycles
0,83624
page_index,time_cycles
0,85954
page_index,time_cycles
0,183162
page_index,time_cycles
0,183238
page_index,time_cycles
0,186942
page_index,time_cycles
0,79596
page_index,time_cycles
0,103498
page_index,time_cycles
0,147270
page_index,time_cycles
0,109228
page_index,time_cycles
0,151370
page_index,time_cycles
0,133384
page_index,time_cycles
0,139616
page_index,time_cycles
0,138740
page_index,time_cycles
0,166182
page_index,time_cycles
0,156050
page_index,time_cycles
0,118206
page_index,time_cycles
0,111936
page_index,time_cycles
0,168592
page_index,time_cycles
0,119362
page_index,time_cycles
0,135458
page_index,time_cycles
0,137310
page_index,time_cycles
0,102222
page_index,time_cycles
0,182102
page_index,time_cycles
0,207588
page_index,time_cycles
0,90368
page_index,time_cycles
0,148654
page_index,time_cycles
0,86190
page_index,time_cycles
0,138398
page_index,time_cycles
0,131652
page_index,time_cycles
0,144632
page_index,time_cycles
0,84060
page_index,time_cycles
0,98932
page_index,time_cycles
0,144382
page_index,time_cycles
0,181280
page_index,time_cycles
0,127040
page_index,time_cycles
0,81626
page_index,time_cycles
0,134562
page_index,time_cycles
0,91496
page_index,time_cycles
0,134176
page_index,time_cycles
0,83106
page_index,time_cycles
0,112116
page_index,time_cycles
0,75068
page_index,time_cycles
0,133598
page_index,time_cycles
0,118518
page_index,time_cycles
0,152394
page_index,time_cycles
0,153882
page_index,time_cycles
0,280666
page_index,time_cycles
0,128750
page_index,time_cycles
0,119068
page_index,time_cycles
0,130586
page_index,time_cycles
0,135506
page_index,time_cycles
0,80984
page_index,time_cycles
0,157878
page_index,time_cycles
0,289774
page_index,time_cycles
0,172390
page_index,time_cycles
0,84846
page_index,time_cycles
0,142902
page_index,time_cycles
0,117430
page_index,time_cycles
0,85184
page_index,time_cycles
0,116080
page_index,time_cycles
0,84524
page_index,time_cycles
0,115880
page_index,time_cycles
0,113730
page_index,time_cycles
0,161660
page_index,time_cycles
0,129694
page_index,time_cycles
0,152086
page_index,time_cycles
0,136730
page_index,time_cycles
0,143006
page_index,time_cycles
0,124630
page_index,time_cycles
0,122956
page_index,time_cycles
0,117492
page_index,time_cycles
0,87096
page_index,time_cycles
0,134188
page_index,time_cycles
0,89630
page_index,time_cycles
0,196702
page_index,time_cycles
0,131354
page_index,time_cycles
0,136568
page_index,time_cycles
0,104572
page_index,time_cycles
0,79336
page_index,time_cycles
0,127002
page_index,time_cycles
0,153418
page_index,time_cycles
0,84510
page_index,time_cycles
0,98884
page_index,time_cycles
0,128804
page_index,time_cycles
0,84476
page_index,time_cycles
0,95296
page_index,time_cycles
0,138584
page_index,time_cycles
0,82422
page_index,time_cycles
0,129714
page_index,time_cycles
0,75286
page_index,time_cycles
0,131024
page_index,time_cycles
0,119170
page_index,time_cycles
0,130122
page_index,time_cycles
0,134454
page_index,time_cycles
0,176380
page_index,time_cycles
0,119418
page_index,time_cycles
0,129844
page_index,time_cycles
0,138428
page_index,time_cycles
0,80768
page_index,time_cycles
0,140550
page_index,time_cycles
0,153784
page_index,time_cycles
0,117458
page_index,time_cycles
0,111386
page_index,time_cycles
0,136206
page_index,time_cycles
0,187716
page_index,time_cycles
0,127902
page_index,time_cycles
0,138662
page_index,time_cycles
0,75742
page_index,time_cycles
0,95284
page_index,time_cycles
0,198804
page_index,time_cycles
0,150622
page_index,time_cycles
0,85476
page_index,time_cycles
0,164996
page_index,time_cycles
0,194896
page_index,time_cycles
0,79446
page_index,time_cycles
0,108316
page_index,time_cycles
0,127964
page_index,time_cycles
0,111346
page_index,time_cycles
0,130032
page_index,time_cycles
0,151698
page_index,time_cycles
0,98384
page_index,time_cycles
0,143290
page_index,time_cycles
0,103124
page_index,time_cycles
0,127094
page_index,time_cycles
0,138312
page_index,time_cycles
0,77240
page_index,time_cycles
0,90278
page_index,time_cycles
0,129246
page_index,time_cycles
0,143676
page_index,time_cycles
0,151164
page_index,time_cycles
0,135070
page_index,time_cycles
0,114194
page_index,time_cycles
0,130076
page_index,time_cycles
0,136262
page_index,time_cycles
0,83968
page_index,time_cycles
0,133618
page_index,time_cycles
0,145770
page_index,time_cycles
0,110128
page_index,time_cycles
0,195320
page_index,time_cycles
0,78726
page_index,time_cycles
0,144792
page_index,time_cycles
0,129774
page_index,time_cycles
0,134382
page_index,time_cycles
0,112712
page_index,time_cycles
0,93474
page_index,time_cycles
0,130976
page_index,time_cycles
0,80596
page_index,time_cycles
0,145378
page_index,time_cycles
0,99070
page_index,time_cycles
0,93892
page_index,time_cycles
0,135114
page_index,time_cycles
0,88630
page_index,time_cycles
0,128378
page_index,time_cycles
0,139912
page_index,time_cycles
0,147286
page_index,time_cycles
0,112858
page_index,time_cycles
0,146870
page_index,time_cycles
0,141868
page_index,time_cycles
0,132010
page_index,time_cycles
0,79678
page_index,time_cycles
0,123550
page_index,time_cycles
0,152428
page_index,time_cycles
0,76924
page_index,time_cycles
0,122110
page_index,time_cycles
0,81028
page_index,time_cycles
0,115548
page_index,time_cycles
0,122626
page_index,time_cycles
0,78462
page_index,time_cycles
0,87634
page_index,time_cycles
0,94614
page_index,time_cycles
0,141536
page_index,time_cycles
0,150942
page_index,time_cycles
0,85042
page_index,time_cycles
0,98254
page_index,time_cycles
0,77876
page_index,time_cycles
0,138122
page_index,time_cycles
0,135330
page_index,time_cycles
0,130612
page_index,time_cycles
0,160748
page_index,time_cycles
0,98762
page_index,time_cycles
0,137878
page_index,time_cycles
0,184222
page_index,time_cycles
0,98974
page_index,time_cycles
0,134288
page_index,time_cycles
0,94632
page_index,time_cycles
0,82292
page_index,time_cycles
0,119440
page_index,time_cycles
0,248906
page_index,time_cycles
0,81164
page_index,time_cycles
0,145522
page_index,time_cycles
0,136614
page_index,time_cycles
0,79696
page_index,time_cycles
0,127426
page_index,time_cycles
0,115758
page_index,time_cycles
0,123658
page_index,time_cycles
0,81530
page_index,time_cycles
0,135890
page_index,time_cycles
0,135670
page_index,time_cycles
0,142834
page_index,time_cycles
0,132118
page_index,time_cycles
0,129906
page_index,time_cycles
0,182036
page_index,time_cycles
0,192634
page_index,time_cycles
0,135122
page_index,time_cycles
0,137958
page_index,time_cycles
0,129152
page_index,time_cycles
0,113354
page_index,time_cycles
0,84186
page_index,time_cycles
0,130646
page_index,time_cycles
0,173922
page_index,time_cycles
0,163240
page_index,time_cycles
0,135098
page_index,time_cycles
0,132850
page_index,time_cycles
0,174062
page_index,time_cycles
0,111208
page_index,time_cycles
0,125428
page_index,time_cycles
0,104832
page_index,time_cycles
0,108160
page_index,time_cycles
0,117804
page_index,time_cycles
0,90650
page_index,time_cycles
0,130600
page_index,time_cycles
0,180604
page_index,time_cycles
0,123160
page_index,time_cycles
0,128998
page_index,time_cycles
0,137042
page_index,time_cycles
0,173902
page_index,time_cycles
0,150700
page_index,time_cycles
0,86462
page_index,time_cycles
0,150068
page_index,time_cycles
0,131242
page_index,time_cycles
0,144676
page_index,time_cycles
0,87358
page_index,time_cycles
0,142080
page_index,time_cycles
0,123464
page_index,time_cycles
0,79378
page_index,time_cycles
0,79200
page_index,time_cycles
0,136516
page_index,time_cycles
0,158396
page_index,time_cycles
0,117182
page_index,time_cycles
0,150510
page_index,time_cycles
0,117652
page_index,time_cycles
0,141490
page_index,time_cycles
0,214010
page_index,time_cycles
0,88140
page_index,time_cycles
0,79622
page_index,time_cycles
0,131444
page_index,time_cycles
0,79456
page_index,time_cycles
0,142972
page_index,time_cycles
0,149652
page_index,time_cycles
0,80390
page_index,time_cycles
0,142912
page_index,time_cycles
0,115646
page_index,time_cycles
0,134268
page_index,time_cycles
0,177348
page_index,time_cycles
0,112568
page_index,time_cycles
0,141908
page_index,time_cycles
0,119542
page_index,time_cycles
0,108772
page_index,time_cycles
0,149380
page_index,time_cycles
0,108234
page_index,time_cycles
0,126910
page_index,time_cycles
0,224378
page_index,time_cycles
0,128086
page_index,time_cycles
0,201632
page_index,time_cycles
0,82838
page_index,time_cycles
0,85558
page_index,time_cycles
0,150684
page_index,time_cycles
0,83926
page_index,time_cycles
0,92316
page_index,time_cycles
0,131326
page_index,time_cycles
0,130568
page_index,time_cycles
0,138016
page_index,time_cycles
0,107200
page_index,time_cycles
0,148842
page_index,time_cycles
0,136684
page_index,time_cycles
0,130812
page_index,time_cycles
0,126322
page_index,time_cycles
0,240078
page_index,time_cycles
0,134646
page_index,time_cycles
0,77608
page_index,time_cycles
0,120228
page_index,time_cycles
0,115592
page_index,time_cycles
0,143924
page_index,time_cycles
0,125308
page_index,time_cycles
0,137186
page_index,time_cycles
0,134616
page_index,time_cycles
0,150026
page_index,time_cycles
0,103174
page_index,time_cycles
0,211916
page_index,time_cycles
0,140774
page_index,time_cycles
0,201656
page_index,time_cycles
0,127236
page_index,time_cycles
0,77130
page_index,time_cycles
0,80520
page_index,time_cycles
0,236116
page_index,time_cycles
0,201638
page_index,time_cycles
0,136254
page_index,time_cycles
0,221246
page_index,time_cycles
0,142368
page_index,time_cycles
0,149422
page_index,time_cycles
0,86452
page_index,time_cycles
0,117798
page_index,time_cycles
0,114778
page_index,time_cycles
0,142252
page_index,time_cycles
0,146628
page_index,time_cycles
0,136116
page_index,time_cycles
0,149576
page_index,time_cycles
0,151470
page_index,time_cycles
0,75758
page_index,time_cycles
0,114426
page_index,time_cycles
0,127232
page_index,time_cycles
0,209098
page_index,time_cycles
0,103516
page_index,time_cycles
0,135420
page_index,time_cycles
0,102576
page_index,time_cycles
0,145442
page_index,time_cycles
0,97234
page_index,time_cycles
0,129508
page_index,time_cycles
0,101618
page_index,time_cycles
0,149254
page_index,time_cycles
0,79684
page_index,time_cycles
0,91992
page_index,time_cycles
0,115614
page_index,time_cycles
0,142580
page_index,time_cycles
0,124860
page_index,time_cycles
0,118232
page_index,time_cycles
0,134266
page_index,time_cycles
0,171066
page_index,time_cycles
0,131894
page_index,time_cycles
0,135440
page_index,time_cycles
0,138268
page_index,time_cycles
0,116880
page_index,time_cycles
0,89244
page_index,time_cycles
0,101666
page_index,time_cycles
0,158394
page_index,time_cycles
0,90918
page_index,time_cycles
0,148776
page_index,time_cycles
0,138804
page_index,time_cycles
0,131254
page_index,time_cycles
0,82924
page_index,time_cycles
0,132332
page_index,time_cycles
0,131550
page_index,time_cycles
0,118802
page_index,time_cycles
0,97160
page_index,time_cycles
0,80442
page_index,time_cycles
0,166484
page_index,time_cycles
0,83296
page_index,time_cycles
0,131154
page_index,time_cycles
0,78784
page_index,time_cycles
0,136668
page_index,time_cycles
0,139862
page_index,time_cycles
0,143648
page_index,time_cycles
0,116352
page_index,time_cycles
0,144204
page_index,time_cycles
0,118860
page_index,time_cycles
0,116256
page_index,time_cycles
0,179046
page_index,time_cycles
0,119442
page_index,time_cycles
0,127214
page_index,time_cycles
0,76898
page_index,time_cycles
0,95224
page_index,time_cycles
0,87460
page_index,time_cycles
0,144680
page_index,time_cycles
0,153568
page_index,time_cycles
0,77076
page_index,time_cycles
0,135680
page_index,time_cycles
0,137642
page_index,time_cycles
0,143450
page_index,time_cycles
0,116846
page_index,time_cycles
0,133582
page_index,time_cycles
0,134436
page_index,time_cycles
0,133914
page_index,time_cycles
0,133150
page_index,time_cycles
0,119164
page_index,time_cycles
0,109018
page_index,time_cycles
0,152498
page_index,time_cycles
0,131716
page_index,time_cycles
0,107130
page_index,time_cycles
0,137184
page_index,time_cycles
0,138998
page_index,time_cycles
0,129690
page_index,time_cycles
0,115164
page_index,time_cycles
0,116532
page_index,time_cycles
0,144248
page_index,time_cycles
0,181250
page_index,time_cycles
0,144294
page_index,time_cycles
0,108422
page_index,time_cycles
0,80356
page_index,time_cycles
0,123956
page_index,time_cycles
0,94994
page_index,time_cycles
0,113356
page_index,time_cycles
0,199896
page_index,time_cycles
0,131972
page_index,time_cycles
0,85742
page_index,time_cycles
0,135000
page_index,time_cycles
0,129294
page_index,time_cycles
0,137778
page_index,time_cycles
0,103654
page_index,time_cycles
0,119658
page_index,time_cycles
0,119684
page_index,time_cycles
0,112324
page_index,time_cycles
0,84244
page_index,time_cycles
0,118150
page_index,time_cycles
0,80124
page_index,time_cycles
0,139006
page_index,time_cycles
0,159002
page_index,time_cycles
0,110716
page_index,time_cycles
0,83736
page_index,time_cycles
0,159074
page_index,time_cycles
0,129834
page_index,time_cycles
0,124652
page_index,time_cycles
0,134374
page_index,time_cycles
0,115896
page_index,time_cycles
0,107998
page_index,time_cycles
0,107422
page_index,time_cycles
0,107686
page_index,time_cycles
0,152928
page_index,time_cycles
0,146580
page_index,time_cycles
0,135936
page_index,time_cycles
0,151790
page_index,time_cycles
0,117196
page_index,time_cycles
0,114812
page_index,time_cycles
0,80068
page_index,time_cycles
0,129268
page_index,time_cycles
0,108976
page_index,time_cycles
0,138596
page_index,time_cycles
0,141156
page_index,time_cycles
0,127980
page_index,time_cycles
0,108880
page_index,time_cycles
0,245896
page_index,time_cycles
0,134090
page_index,time_cycles
0,144806
page_index,time_cycles
0,188426
page_index,time_cycles
0,80512
page_index,time_cycles
0,93940
page_index,time_cycles
0,109562
page_index,time_cycles
0,128220
page_index,time_cycles
0,78706
page_index,time_cycles
0,94436
page_index,time_cycles
0,118964
page_index,time_cycles
0,147830
page_index,time_cycles
0,129416
page_index,time_cycles
0,99184
page_index,time_cycles
0,107432
page_index,time_cycles
0,157320
page_index,time_cycles
0,144882
page_index,time_cycles
0,179604
page_index,time_cycles
0,96828
page_index,time_cycles
0,146178
page_index,time_cycles
0,131856
page_index,time_cycles
0,133092
page_index,time_cycles
0,108862
page_index,time_cycles
0,152508
page_index,time_cycles
0,87348
page_index,time_cycles
0,179184
page_index,time_cycles
0,151582
page_index,time_cycles
0,114980
page_index,time_cycles
0,88410
page_index,time_cycles
0,186012
page_index,time_cycles
0,135000
page_index,time_cycles
0,167264
page_index,time_cycles
0,127004
page_index,time_cycles
0,134044
page_index,time_cycles
0,100544
page_index,time_cycles
0,150906
page_index,time_cycles
0,93652
page_index,time_cycles
0,149250
page_index,time_cycles
0,132208
page_index,time_cycles
0,198650
page_index,time_cycles
0,152906
page_index,time_cycles
0,159826
page_index,time_cycles
0,97856
page_index,time_cycles
0,141478
page_index,time_cycles
0,82400
page_index,time_cycles
0,111248
page_index,time_cycles
0,115922
page_index,time_cycles
0,98114
page_index,time_cycles
0,177454
page_index,time_cycles
0,167524
page_index,time_cycles
0,118586
page_index,time_cycles
0,132698
page_index,time_cycles
0,83498
page_index,time_cycles
0,82172
page_index,time_cycles
0,75754
page_index,time_cycles
0,85922
page_index,time_cycles
0,207766
page_index,time_cycles
0,140114
page_index,time_cycles
0,132084
page_index,time_cycles
0,112268
page_index,time_cycles
0,137954
page_index,time_cycles
0,157330
page_index,time_cycles
0,123054
page_index,time_cycles
0,115524
page_index,time_cycles
0,139024
page_index,time_cycles
0,120594
page_index,time_cycles
0,193402
page_index,time_cycles
0,131738
page_index,time_cycles
0,146994
page_index,time_cycles
0,130344
page_index,time_cycles
0,117890
page_index,time_cycles
0,127424
page_index,time_cycles
0,140666
page_index,time_cycles
0,148856
page_index,time_cycles
0,202674
page_index,time_cycles
0,133326
page_index,time_cycles
0,133188
page_index,time_cycles
0,151590
page_index,time_cycles
0,107658
page_index,time_cycles
0,131720
page_index,time_cycles
0,120256
page_index,time_cycles
0,82520
page_index,time_cycles
0,128070
page_index,time_cycles
0,138760
page_index,time_cycles
0,75430
page_index,time_cycles
0,94506
page_index,time_cycles
0,169158
page_index,time_cycles
0,131756
page_index,time_cycles
0,132454
page_index,time_cycles
0,118132
page_index,time_cycles
0,144196
page_index,time_cycles
0,114776
page_index,time_cycles
0,132162
page_index,time_cycles
0,86230
page_index,time_cycles
0,115658
page_index,time_cycles
0,136204
page_index,time_cycles
0,106404
page_index,time_cycles
0,136838
page_index,time_cycles
0,149026
page_index,time_cycles
0,165154
page_index,time_cycles
0,85154
page_index,time_cycles
0,77472
page_index,time_cycles
0,112128
page_index,time_cycles
0,91060
page_index,time_cycles
0,150160
page_index,time_cycles
0,100188
page_index,time_cycles
0,138526
page_index,time_cycles
0,187624
page_index,time_cycles
0,80334
page_index,time_cycles
0,116912
page_index,time_cycles
0,154678
page_index,time_cycles
0,86654
page_index,time_cycles
0,129082
page_index,time_cycles
0,111478
page_index,time_cycles
0,118842
page_index,time_cycles
0,191296
page_index,time_cycles
0,86742
page_index,time_cycles
0,106166
page_index,time_cycles
0,131878
page_index,time_cycles
0,132478
page_index,time_cycles
0,126446
page_index,time_cycles
0,203266
page_index,time_cycles
0,114868
page_index,time_cycles
0,126882
page_index,time_cycles
0,203318
page_index,time_cycles
0,132664
page_index,time_cycles
0,111256
page_index,time_cycles
0,127942
page_index,time_cycles
0,161056
page_index,time_cycles
0,111554
page_index,time_cycles
0,83542
page_index,time_cycles
0,158890
page_index,time_cycles
0,178708
page_index,time_cycles
0,137970
page_index,time_cycles
0,155798
page_index,time_cycles
0,128872
page_index,time_cycles
0,138998
page_index,time_cycles
0,92206
page_index,time_cycles
0,77348
page_index,time_cycles
0,142328
page_index,time_cycles
0,128362
page_index,time_cycles
0,152696
page_index,time_cycles
0,166362
page_index,time_cycles
0,130592
page_index,time_cycles
0,80424
page_index,time_cycles
0,186030
page_index,time_cycles
0,141322
page_index,time_cycles
0,137196
page_index,time_cycles
0,190216
page_index,time_cycles
0,131478
page_index,time_cycles
0,141164
page_index,time_cycles
0,82492
page_index,time_cycles
0,89978
page_index,time_cycles
0,149296
page_index,time_cycles
0,82306
page_index,time_cycles
0,190468
page_index,time_cycles
0,111048
page_index,time_cycles
0,117650
page_index,time_cycles
0,111282
page_index,time_cycles
0,162958
page_index,time_cycles
0,127596
page_index,time_cycles
0,80442
page_index,time_cycles
0,79358
page_index,time_cycles
0,115978
page_index,time_cycles
0,84894
page_index,time_cycles
0,122404
page_index,time_cycles
0,110844
page_index,time_cycles
0,84004
page_index,time_cycles
0,132984
page_index,time_cycles
0,121376
page_index,time_cycles
0,116496
page_index,time_cycles
0,80900
page_index,time_cycles
0,143504
page_index,time_cycles
0,204130
page_index,time_cycles
0,134096
page_index,time_cycles
0,127304
page_index,time_cycles
0,91232
page_index,time_cycles
0,134218
page_index,time_cycles
0,179358
page_index,time_cycles
0,181850
page_index,time_cycles
0,110798
page_index,time_cycles
0,143306
page_index,time_cycles
0,118502
page_index,time_cycles
0,119942
page_index,time_cycles
0,209942
page_index,time_cycles
0,148586
page_index,time_cycles
0,141506
page_index,time_cycles
0,164874
page_index,time_cycles
0,121024
page_index,time_cycles
0,129328
page_index,time_cycles
0,81312
page_index,time_cycles
0,131314
page_index,time_cycles
0,142532
page_index,time_cycles
0,136184
page_index,time_cycles
0,102246
page_index,time_cycles
0,141606
page_index,time_cycles
0,294828
page_index,time_cycles
0,131620
page_index,time_cycles
0,92086
page_index,time_cycles
0,120482
page_index,time_cycles
0,87810
page_index,time_cycles
0,132418
page_index,time_cycles
0,135698
page_index,time_cycles
0,109074
page_index,time_cycles
0,80694
page_index,time_cycles
0,95076
page_index,time_cycles
0,87734
page_index,time_cycles
0,118900
page_index,time_cycles
0,130762
page_index,time_cycles
0,81042
page_index,time_cycles
0,128508
page_index,time_cycles
0,128108
page_index,time_cycles
0,135518
page_index,time_cycles
0,186530
page_index,time_cycles
0,136420
page_index,time_cycles
0,154346
page_index,time_cycles
0,82012
page_index,time_cycles
0,85040
page_index,time_cycles
0,88318
page_index,time_cycles
0,134410
page_index,time_cycles
0,129670
page_index,time_cycles
0,133822
page_index,time_cycles
0,189904
page_index,time_cycles
0,85022
page_index,time_cycles
0,144112
page_index,time_cycles
0,131216
page_index,time_cycles
0,140782
page_index,time_cycles
0,82440
page_index,time_cycles
0,95634
page_index,time_cycles
0,80730
page_index,time_cycles
0,232456
page_index,time_cycles
0,113224
page_index,time_cycles
0,78068
page_index,time_cycles
0,135526
page_index,time_cycles
0,123592
page_index,time_cycles
0,116360
page_index,time_cycles
0,135372
page_index,time_cycles
0,95208
page_index,time_cycles
0,146068
page_index,time_cycles
0,146438
page_index,time_cycles
0,106136
page_index,time_cycles
0,93356
page_index,time_cycles
0,78760
page_index,time_cycles
0,112568
page_index,time_cycles
0,147604
page_index,time_cycles
0,177360
page_index,time_cycles
0,149272
page_index,time_cycles
0,109100
page_index,time_cycles
0,98188
page_index,time_cycles
0,152126
page_index,time_cycles
0,118844
page_index,time_cycles
0,86258
page_index,time_cycles
0,142320
page_index,time_cycles
0,127582
page_index,time_cycles
0,160698
page_index,time_cycles
0,137504
page_index,time_cycles
0,147536
page_index,time_cycles
0,134838
page_index,time_cycles
0,90426
page_index,time_cycles
0,89174
page_index,time_cycles
0,96902
page_index,time_cycles
0,102290
page_index,time_cycles
0,130970
page_index,time_cycles
0,124484
page_index,time_cycles
0,136674
page_index,time_cycles
0,182510
page_index,time_cycles
0,156660
page_index,time_cycles
0,79050
page_index,time_cycles
0,160094
page_index,time_cycles
0,142422
page_index,time_cycles
0,121592
page_index,time_cycles
0,121994
page_index,time_cycles
0,113352
page_index,time_cycles
0,118268
page_index,time_cycles
0,111012
page_index,time_cycles
0,132376
page_index,time_cycles
0,137894
page_index,time_cycles
0,101800
page_index,time_cycles
0,157550
page_index,time_cycles
0,135900
page_index,time_cycles
0,153516
page_index,time_cycles
0,197810
page_index,time_cycles
0,134536
page_index,time_cycles
0,85574
page_index,time_cycles
0,179844
page_index,time_cycles
0,144136
page_index,time_cycles
0,129044
page_index,time_cycles
0,92164
page_index,time_cycles
0,140076
page_index,time_cycles
0,138298
page_index,time_cycles
0,90150
page_index,time_cycles
0,157672
page_index,time_cycles
0,127862
page_index,time_cycles
0,118314
page_index,time_cycles
0,188116
page_index,time_cycles
0,91676
page_index,time_cycles
0,136770
page_index,time_cycles
0,113982
page_index,time_cycles
0,130406
page_index,time_cycles
0,145176
page_index,time_cycles
0,135094
page_index,time_cycles
0,128058
page_index,time_cycles
0,141816
page_index,time_cycles
0,82796
page_index,time_cycles
0,200006
page_index,time_cycles
0,173814
page_index,time_cycles
0,152858
page_index,time_cycles
0,99402
page_index,time_cycles
0,112298
page_index,time_cycles
0,126992
page_index,time_cycles
0,175306
page_index,time_cycles
0,99594
page_index,time_cycles
0,134650
page_index,time_cycles
0,80340
page_index,time_cycles
0,95468
page_index,time_cycles
0,88112
page_index,time_cycles
0,143926
page_index,time_cycles
0,87374
page_index,time_cycles
0,135504
page_index,time_cycles
0,148282
page_index,time_cycles
0,77784
page_index,time_cycles
0,98350
page_index,time_cycles
0,82464
page_index,time_cycles
0,81706
page_index,time_cycles
0,179502
page_index,time_cycles
0,141238
page_index,time_cycles
0,130680
page_index,time_cycles
0,79848
page_index,time_cycles
0,129680
page_index,time_cycles
0,156866
page_index,time_cycles
0,84016
page_index,time_cycles
0,81798
page_index,time_cycles
0,147708
page_index,time_cycles
0,139488
page_index,time_cycles
0,94010
page_index,time_cycles
0,83338
page_index,time_cycles
0,145064
page_index,time_cycles
0,121710
page_index,time_cycles
0,156008
page_index,time_cycles
0,141618
page_index,time_cycles
0,142994
page_index,time_cycles
0,140026
page_index,time_cycles
0,140950
page_index,time_cycles
0,139826
page_index,time_cycles
0,84812
page_index,time_cycles
0,153880
page_index,time_cycles
0,105108
page_index,time_cycles
0,132678
page_index,time_cycles
0,116666
page_index,time_cycles
0,80112
page_index,time_cycles
0,135688
page_index,time_cycles
0,91584
page_index,time_cycles
0,100614
page_index,time_cycles
0,112152
page_index,time_cycles
0,136322
page_index,time_cycles
0,125528
page_index,time_cycles
0,165252
page_index,time_cycles
0,133850
page_index,time_cycles
0,136322
page_index,time_cycles
0,142952
page_index,time_cycles
0,98692
page_index,time_cycles
0,90640
page_index,time_cycles
0,140646
page_index,time_cycles
0,128458
page_index,time_cycles
0,123380
page_index,time_cycles
0,153432
page_index,time_cycles
0,129024
page_index,time_cycles
0,141660
page_index,time_cycles
0,81412
page_index,time_cycles
0,144250
page_index,time_cycles
0,137876
page_index,time_cycles
0,144240
page_index,time_cycles
0,122908
page_index,time_cycles
0,83164
page_index,time_cycles
0,167992
page_index,time_cycles
0,116066
page_index,time_cycles
0,175418
page_index,time_cycles
0,246060
page_index,time_cycles
0,115852
page_index,time_cycles
0,105564
page_index,time_cycles
0,133868
page_index,time_cycles
0,104908
page_index,time_cycles
0,191132
page_index,time_cycles
0,130970
page_index,time_cycles
0,115538
page_index,time_cycles
0,126056
page_index,time_cycles
0,141880
page_index,time_cycles
0,81692
page_index,time_cycles
0,80406
page_index,time_cycles
0,148436
page_index,time_cycles
0,187312
page_index,time_cycles
0,82812
page_index,time_cycles
0,178560
page_index,time_cycles
0,183042
page_index,time_cycles
0,90542
page_index,time_cycles
0,113884
page_index,time_cycles
0,134916
page_index,time_cycles
0,78152
page_index,time_cycles
0,86172
page_index,time_cycles
0,129272
page_index,time_cycles
0,155196
page_index,time_cycles
0,86228
page_index,time_cycles
0,145494
page_index,time_cycles
0,130434
page_index,time_cycles
0,115392
page_index,time_cycles
0,81002
page_index,time_cycles
0,145354
page_index,time_cycles
0,137704
page_index,time_cycles
0,149700
page_index,time_cycles
0,122402
page_index,time_cycles
0,141232
page_index,time_cycles
0,82574
page_index,time_cycles
0,118396
page_index,time_cycles
0,104020
page_index,time_cycles
0,147978
page_index,time_cycles
0,142566
page_index,time_cycles
0,140522
page_index,time_cycles
0,135680
page_index,time_cycles
0,130712
page_index,time_cycles
0,79412
page_index,time_cycles
0,92868
page_index,time_cycles
0,232442
page_index,time_cycles
0,131560
page_index,time_cycles
0,81196
page_index,time_cycles
0,142000
page_index,time_cycles
0,133426
page_index,time_cycles
0,127450
page_index,time_cycles
0,180672
page_index,time_cycles
0,112482
page_index,time_cycles
0,144410
page_index,time_cycles
0,109334
page_index,time_cycles
0,120004
page_index,time_cycles
0,82724
page_index,time_cycles
0,99690
page_index,time_cycles
0,476092
page_index,time_cycles
0,96696
page_index,time_cycles
0,119646
page_index,time_cycles
0,125282
page_index,time_cycles
0,92680
page_index,time_cycles
0,153996
page_index,time_cycles
0,85074
page_index,time_cycles
0,115130
page_index,time_cycles
0,275568
page_index,time_cycles
0,128704
page_index,time_cycles
0,174550
page_index,time_cycles
0,83334
page_index,time_cycles
0,80206
page_index,time_cycles
0,149302
page_index,time_cycles
0,140580
page_index,time_cycles
0,131234
page_index,time_cycles
0,135270
page_index,time_cycles
0,141882
page_index,time_cycles
0,122062
page_index,time_cycles
0,144622
page_index,time_cycles
0,81896
page_index,time_cycles
0,141692
page_index,time_cycles
0,131196
page_index,time_cycles
0,208012
page_index,time_cycles
0,93180
page_index,time_cycles
0,81548
page_index,time_cycles
0,168836
page_index,time_cycles
0,85766
page_index,time_cycles
0,113296
page_index,time_cycles
0,152096
page_index,time_cycles
0,116606
page_index,time_cycles
0,151978
page_index,time_cycles
0,137988
page_index,time_cycles
0,139844
page_index,time_cycles
0,80398
page_index,time_cycles
0,135254
page_index,time_cycles
0,124512
page_index,time_cycles
0,80672
page_index,time_cycles
0,89686
page_index,time_cycles
0,182290
page_index,time_cycles
0,139166
page_index,time_cycles
0,144666
page_index,time_cycles
0,132220
page_index,time_cycles
0,79664
page_index,time_cycles
0,143142
page_index,time_cycles
0,83792
page_index,time_cycles
0,270714
page_index,time_cycles
0,163040
page_index,time_cycles
0,128712
page_index,time_cycles
0,90236
page_index,time_cycles
0,184644
page_index,time_cycles
0,164874
page_index,time_cycles
0,138518
page_index,time_cycles
0,111894
page_index,time_cycles
0,134066
page_index,time_cycles
0,135832
page_index,time_cycles
0,133994
page_index,time_cycles
0,99932
page_index,time_cycles
0,150880
page_index,time_cycles
0,197704
page_index,time_cycles
0,115794
page_index,time_cycles
0,200004
page_index,time_cycles
0,147038
page_index,time_cycles
0,129416
page_index,time_cycles
0,76180
page_index,time_cycles
0,82752
page_index,time_cycles
0,96366
page_index,time_cycles
0,111516
page_index,time_cycles
0,119730
page_index,time_cycles
0,125564
page_index,time_cycles
0,139072
page_index,time_cycles
0,146080
page_index,time_cycles
0,81004
page_index,time_cycles
0,144400
page_index,time_cycles
0,155086
page_index,time_cycles
0,137016
page_index,time_cycles
0,99372
page_index,time_cycles
0,142468
page_index,time_cycles
0,149096
page_index,time_cycles
0,101594
page_index,time_cycles
0,217434
page_index,time_cycles
0,133442
page_index,time_cycles
0,125284
page_index,time_cycles
0,143344
page_index,time_cycles
0,131642
page_index,time_cycles
0,113082
page_index,time_cycles
0,105094
page_index,time_cycles
0,79350
page_index,time_cycles
0,75356
page_index,time_cycles
0,91688
page_index,time_cycles
0,183614
page_index,time_cycles
0,75122
page_index,time_cycles
0,87992
page_index,time_cycles
0,112178
page_index,time_cycles
0,114024
page_index,time_cycles
0,163150
page_index,time_cycles
0,85342
page_index,time_cycles
0,154130
page_index,time_cycles
0,81152
page_index,time_cycles
0,206986
page_index,time_cycles
0,75518
page_index,time_cycles
0,123834
page_index,time_cycles
0,187368
page_index,time_cycles
0,135346
page_index,time_cycles
0,144788
page_index,time_cycles
0,146026
page_index,time_cycles
0,167438
page_index,time_cycles
0,161752
page_index,time_cycles
0,80728
page_index,time_cycles
0,100852
page_index,time_cycles
0,100690
page_index,time_cycles
0,141824
page_index,time_cycles
0,111630
page_index,time_cycles
0,81634
page_index,time_cycles
0,154226
page_index,time_cycles
0,131450
page_index,time_cycles
0,160988
page_index,time_cycles
0,83452
page_index,time_cycles
0,79206
page_index,time_cycles
0,147262
page_index,time_cycles
0,118568
page_index,time_cycles
0,126486
page_index,time_cycles
0,94288
page_index,time_cycles
0,146160
page_index,time_cycles
0,116760
page_index,time_cycles
0,95802
page_index,time_cycles
0,93348
page_index,time_cycles
0,100236
page_index,time_cycles
0,172380
page_index,time_cycles
0,109950
page_index,time_cycles
0,97842
page_index,time_cycles
0,136326
page_index,time_cycles
0,79128
page_index,time_cycles
0,95248
page_index,time_cycles
0,133122
page_index,time_cycles
0,93084
page_index,time_cycles
0,137954
page_index,time_cycles
0,157372
page_index,time_cycles
0,180838
page_index,time_cycles
0,151976
page_index,time_cycles
0,94862
page_index,time_cycles
0,123890
page_index,time_cycles
0,79570
page_index,time_cycles
0,117512
page_index,time_cycles
0,122742
page_index,time_cycles
0,77626
page_index,time_cycles
0,84692
page_index,time_cycles
0,140756
page_index,time_cycles
0,146412
page_index,time_cycles
0,174938
page_index,time_cycles
0,162544
page_index,time_cycles
0,141222
page_index,time_cycles
0,131234
page_index,time_cycles
0,135102
page_index,time_cycles
0,110204
page_index,time_cycles
0,141186
page_index,time_cycles
0,129052
page_index,time_cycles
0,149724
page_index,time_cycles
0,147158
page_index,time_cycles
0,156250
page_index,time_cycles
0,132048
page_index,time_cycles
0,132526
page_index,time_cycles
0,157350
page_index,time_cycles
0,92364
page_index,time_cycles
0,130178
page_index,time_cycles
0,153968
page_index,time_cycles
0,135328
page_index,time_cycles
0,86860
page_index,time_cycles
0,98290
page_index,time_cycles
0,140868
page_index,time_cycles
0,125812
page_index,time_cycles
0,117032
page_index,time_cycles
0,115750
page_index,time_cycles
0,78968
page_index,time_cycles
0,94548
page_index,time_cycles
0,97320
page_index,time_cycles
0,132516
page_index,time_cycles
0,149166
page_index,time_cycles
0,80382
page_index,time_cycles
0,135100
page_index,time_cycles
0,135720
page_index,time_cycles
0,76888
page_index,time_cycles
0,143168
page_index,time_cycles
0,85584
page_index,time_cycles
0,113336
page_index,time_cycles
0,107882
page_index,time_cycles
0,137616
page_index,time_cycles
0,151450
page_index,time_cycles
0,113204
page_index,time_cycles
0,121992
page_index,time_cycles
0,76108
page_index,time_cycles
0,130184
page_index,time_cycles
0,152932
page_index,time_cycles
0,144746
page_index,time_cycles
0,132348
page_index,time_cycles
0,123002
page_index,time_cycles
0,116186
page_index,time_cycles
0,113666
page_index,time_cycles
0,94398
page_index,time_cycles
0,147858
page_index,time_cycles
0,108562
page_index,time_cycles
0,152528
page_index,time_cycles
0,103336
page_index,time_cycles
0,236802
page_index,time_cycles
0,135766
page_index,time_cycles
0,82500
page_index,time_cycles
0,168964
page_index,time_cycles
0,171322
page_index,time_cycles
0,130880
page_index,time_cycles
0,145122
page_index,time_cycles
0,129488
page_index,time_cycles
0,140546
page_index,time_cycles
0,142780
page_index,time_cycles
0,86466
page_index,time_cycles
0,83068
page_index,time_cycles
0,124556
page_index,time_cycles
0,121476
page_index,time_cycles
0,96432
page_index,time_cycles
0,97440
page_index,time_cycles
0,81452
page_index,time_cycles
0,128958
page_index,time_cycles
0,134506
page_index,time_cycles
0,136632
page_index,time_cycles
0,80014
page_index,time_cycles
0,115822
page_index,time_cycles
0,107788
page_index,time_cycles
0,150130
page_index,time_cycles
0,110144
page_index,time_cycles
0,151254
page_index,time_cycles
0,83636
page_index,time_cycles
0,91394
page_index,time_cycles
0,127230
page_index,time_cycles
0,148582
page_index,time_cycles
0,179848
page_index,time_cycles
0,119656
page_index,time_cycles
0,124214
page_index,time_cycles
0,88446
page_index,time_cycles
0,113018
page_index,time_cycles
0,79910
page_index,time_cycles
0,76788
page_index,time_cycles
0,125638
page_index,time_cycles
0,92528
page_index,time_cycles
0,182694
page_index,time_cycles
0,156544
page_index,time_cycles
0,119156
page_index,time_cycles
0,85184
page_index,time_cycles
0,86612
page_index,time_cycles
0,142304
page_index,time_cycles
0,123850
page_index,time_cycles
0,79094
page_index,time_cycles
0,111860
page_index,time_cycles
0,129136
page_index,time_cycles
0,150860
page_index,time_cycles
0,261452
page_index,time_cycles
0,105988
page_index,time_cycles
0,148038
page_index,time_cycles
0,79332
page_index,time_cycles
0,183744
page_index,time_cycles
0,125304
page_index,time_cycles
0,103900
page_index,time_cycles
0,77992
page_index,time_cycles
0,134428
page_index,time_cycles
0,166278
page_index,time_cycles
0,90520
page_index,time_cycles
0,78372
page_index,time_cycles
0,147736
page_index,time_cycles
0,99878
page_index,time_cycles
0,82324
page_index,time_cycles
0,104990
page_index,time_cycles
0,141144
page_index,time_cycles
0,102742
page_index,time_cycles
0,126912
page_index,time_cycles
0,183908
page_index,time_cycles
0,117388
page_index,time_cycles
0,221496
page_index,time_cycles
0,147268
page_index,time_cycles
0,178786
page_index,time_cycles
0,141062
page_index,time_cycles
0,126554
page_index,time_cycles
0,120122
page_index,time_cycles
0,127088
page_index,time_cycles
0,117846
page_index,time_cycles
0,130606
page_index,time_cycles
0,145338
page_index,time_cycles
0,83074
page_index,time_cycles
0,80090
page_index,time_cycles
0,142882
page_index,time_cycles
0,128150
page_index,time_cycles
0,92410
page_index,time_cycles
0,132856
page_index,time_cycles
0,120484
page_index,time_cycles
0,151674
page_index,time_cycles
0,129938
page_index,time_cycles
0,116896
page_index,time_cycles
0,112148
page_index,time_cycles
0,144838
page_index,time_cycles
0,129352
page_index,time_cycles
0,235962
page_index,time_cycles
0,94922
page_index,time_cycles
0,85224
page_index,time_cycles
0,149142
page_index,time_cycles
0,140712
page_index,time_cycles
0,133450
page_index,time_cycles
0,116972
page_index,time_cycles
0,112692
page_index,time_cycles
0,78214
page_index,time_cycles
0,158954
page_index,time_cycles
0,136668
page_index,time_cycles
0,157866
page_index,time_cycles
0,117200
page_index,time_cycles
0,111570
page_index,time_cycles
0,134262
page_index,time_cycles
0,131442
page_index,time_cycles
0,139092
page_index,time_cycles
0,115568
page_index,time_cycles
0,81184
page_index,time_cycles
0,88072
page_index,time_cycles
0,90476
page_index,time_cycles
0,85212
page_index,time_cycles
0,156072
page_index,time_cycles
0,146080
page_index,time_cycles
0,140930
page_index,time_cycles
0,130524
page_index,time_cycles
0,136006
page_index,time_cycles
0,137974
page_index,time_cycles
0,114206
page_index,time_cycles
0,146970
page_index,time_cycles
0,91658
page_index,time_cycles
0,134934
page_index,time_cycles
0,138518
page_index,time_cycles
0,82508
page_index,time_cycles
0,151590
page_index,time_cycles
0,95252
page_index,time_cycles
0,146906
page_index,time_cycles
0,150424
page_index,time_cycles
0,141768
page_index,time_cycles
0,130214
page_index,time_cycles
0,104726
page_index,time_cycles
0,105788
page_index,time_cycles
0,136186
page_index,time_cycles
0,120758
page_index,time_cycles
0,142436
page_index,time_cycles
0,120234
page_index,time_cycles
0,129888
page_index,time_cycles
0,128200
page_index,time_cycles
0,119580
page_index,time_cycles
0,166438
page_index,time_cycles
0,120940
page_index,time_cycles
0,169710
page_index,time_cycles
0,143828
page_index,time_cycles
0,89956
page_index,time_cycles
0,139480
page_index,time_cycles
0,134450
page_index,time_cycles
0,121334
page_index,time_cycles
0,79992
page_index,time_cycles
0,132010
page_index,time_cycles
0,121922
page_index,time_cycles
0,129518
page_index,time_cycles
0,130412
page_index,time_cycles
0,153464
page_index,time_cycles
0,132272
page_index,time_cycles
0,150816
page_index,time_cycles
0,136508
page_index,time_cycles
0,92254
page_index,time_cycles
0,79408
page_index,time_cycles
0,143498
page_index,time_cycles
0,141608
page_index,time_cycles
0,78264
page_index,time_cycles
0,81662
page_index,time_cycles
0,109450
page_index,time_cycles
0,219476
page_index,time_cycles
0,107486
page_index,time_cycles
0,84748
page_index,time_cycles
0,174540
page_index,time_cycles
0,85366
page_index,time_cycles
0,144598
page_index,time_cycles
0,133800
page_index,time_cycles
0,88138
page_index,time_cycles
0,123098
page_index,time_cycles
0,80412
page_index,time_cycles
0,111778
page_index,time_cycles
0,149152
page_index,time_cycles
0,99754
page_index,time_cycles
0,141828
page_index,time_cycles
0,161330
page_index,time_cycles
0,197354
page_index,time_cycles
0,132772
page_index,time_cycles
0,137484
page_index,time_cycles
0,121034
page_index,time_cycles
0,135300
page_index,time_cycles
0,96880
page_index,time_cycles
0,116228
page_index,time_cycles
0,145946
page_index,time_cycles
0,94156
page_index,time_cycles
0,124968
page_index,time_cycles
0,146636
page_index,time_cycles
0,129880
page_index,time_cycles
0,88404
page_index,time_cycles
0,166128
page_index,time_cycles
0,95214
page_index,time_cycles
0,131442
page_index,time_cycles
0,192584
page_index,time_cycles
0,103354
page_index,time_cycles
0,112082
page_index,time_cycles
0,145544
page_index,time_cycles
0,124746
page_index,time_cycles
0,120996
page_index,time_cycles
0,129452
page_index,time_cycles
0,179018
page_index,time_cycles
0,107396
page_index,time_cycles
0,116994
page_index,time_cycles
0,149362
page_index,time_cycles
0,130176
page_index,time_cycles
0,77018
page_index,time_cycles
0,87704
page_index,time_cycles
0,129746
page_index,time_cycles
0,123186
page_index,time_cycles
0,145840
page_index,time_cycles
0,234940
page_index,time_cycles
0,132930
page_index,time_cycles
0,76908
page_index,time_cycles
0,76522
page_index,time_cycles
0,156750
page_index,time_cycles
0,193506
page_index,time_cycles
0,120592
page_index,time_cycles
0,131822
page_index,time_cycles
0,130902
page_index,time_cycles
0,118648
page_index,time_cycles
0,213056
page_index,time_cycles
0,119212
page_index,time_cycles
0,154864
page_index,time_cycles
0,82966
page_index,time_cycles
0,147364
page_index,time_cycles
0,86764
page_index,time_cycles
0,138008
page_index,time_cycles
0,152486
page_index,time_cycles
0,111108
page_index,time_cycles
0,128432
page_index,time_cycles
0,179210
page_index,time_cycles
0,81958
page_index,time_cycles
0,234012
page_index,time_cycles
0,147056
page_index,time_cycles
0,83590
page_index,time_cycles
0,127994
page_index,time_cycles
0,153678
page_index,time_cycles
0,82598
page_index,time_cycles
0,144738
page_index,time_cycles
0,115426
page_index,time_cycles
0,90772
page_index,time_cycles
0,111506
page_index,time_cycles
0,125024
page_index,time_cycles
0,78488
page_index,time_cycles
0,141048
page_index,time_cycles
0,81336
page_index,time_cycles
0,147522
page_index,time_cycles
0,179944
page_index,time_cycles
0,150148
page_index,time_cycles
0,130264
page_index,time_cycles
0,112760
page_index,time_cycles
0,144960
page_index,time_cycles
0,92840
page_index,time_cycles
0,165916
page_index,time_cycles
0,136090
page_index,time_cycles
0,84902
page_index,time_cycles
0,181702
page_index,time_cycles
0,81578
page_index,time_cycles
0,92166
page_index,time_cycles
0,160258
page_index,time_cycles
0,119848
page_index,time_cycles
0,182436
page_index,time_cycles
0,130222
page_index,time_cycles
0,114292
page_index,time_cycles
0,93520
page_index,time_cycles
0,81190
page_index,time_cycles
0,132952
page_index,time_cycles
0,82028
page_index,time_cycles
0,128886
page_index,time_cycles
0,149084
page_index,time_cycles
0,85786
page_index,time_cycles
0,214938
page_index,time_cycles
0,135090
page_index,time_cycles
0,79412
page_index,time_cycles
0,131278
page_index,time_cycles
0,149512
page_index,time_cycles
0,111326
page_index,time_cycles
0,149402
page_index,time_cycles
0,82986
page_index,time_cycles
0,155172
page_index,time_cycles
0,127054
page_index,time_cycles
0,100462
page_index,time_cycles
0,82340
page_index,time_cycles
0,112662
page_index,time_cycles
0,142378
page_index,time_cycles
0,130012
page_index,time_cycles
0,87970
page_index,time_cycles
0,82690
page_index,time_cycles
0,96600
page_index,time_cycles
0,103790
page_index,time_cycles
0,90630
page_index,time_cycles
0,89286
page_index,time_cycles
0,182968
page_index,time_cycles
0,101694
page_index,time_cycles
0,116818
page_index,time_cycles
0,159874
page_index,time_cycles
0,134868
page_index,time_cycles
0,218456
page_index,time_cycles
0,78366
page_index,time_cycles
0,131334
page_index,time_cycles
0,128584
page_index,time_cycles
0,130310
page_index,time_cycles
0,148006
page_index,time_cycles
0,84658
page_index,time_cycles
0,85136
page_index,time_cycles
0,146410
page_index,time_cycles
0,107394
page_index,time_cycles
0,137858
page_index,time_cycles
0,91142
page_index,time_cycles
0,89020
page_index,time_cycles
0,109102
page_index,time_cycles
0,85956
page_index,time_cycles
0,120782
page_index,time_cycles
0,116458
page_index,time_cycles
0,82556
page_index,time_cycles
0,102898
page_index,time_cycles
0,141814
page_index,time_cycles
0,136774
page_index,time_cycles
0,134114
page_index,time_cycles
0,113372
page_index,time_cycles
0,103268
page_index,time_cycles
0,151374
page_index,time_cycles
0,192784
page_index,time_cycles
0,109650
page_index,time_cycles
0,134344
page_index,time_cycles
0,83058
page_index,time_cycles
0,146340
page_index,time_cycles
0,148652
page_index,time_cycles
0,159340
page_index,time_cycles
0,103606
page_index,time_cycles
0,89986
page_index,time_cycles
0,145040
page_index,time_cycles
0,91170
page_index,time_cycles
0,108800
page_index,time_cycles
0,135222
page_index,time_cycles
0,83028
page_index,time_cycles
0,164876
page_index,time_cycles
0,150558
page_index,time_cycles
0,145472
page_index,time_cycles
0,82898
page_index,time_cycles
0,104872
page_index,time_cycles
0,111286
page_index,time_cycles
0,83872
page_index,time_cycles
0,129214
page_index,time_cycles
0,88414
page_index,time_cycles
0,157768
page_index,time_cycles
0,101014
page_index,time_cycles
0,168040
page_index,time_cycles
0,75936
page_index,time_cycles
0,108188
page_index,time_cycles
0,288260
page_index,time_cycles
0,79654
page_index,time_cycles
0,160160
page_index,time_cycles
0,87968
page_index,time_cycles
0,155884
page_index,time_cycles
0,163970
page_index,time_cycles
0,131600
page_index,time_cycles
0,81138
page_index,time_cycles
0,146004
page_index,time_cycles
0,187720
page_index,time_cycles
0,137922
page_index,time_cycles
0,137674
page_index,time_cycles
0,128546
page_index,time_cycles
0,108348
page_index,time_cycles
0,86106
page_index,time_cycles
0,96808
page_index,time_cycles
0,115244
page_index,time_cycles
0,214238
page_index,time_cycles
0,107644
page_index,time_cycles
0,87730
page_index,time_cycles
0,135530
page_index,time_cycles
0,136514
page_index,time_cycles
0,143236
page_index,time_cycles
0,133700
page_index,time_cycles
0,115146
page_index,time_cycles
0,152396
page_index,time_cycles
0,139572
page_index,time_cycles
0,106070
page_index,time_cycles
0,131276
page_index,time_cycles
0,127404
page_index,time_cycles
0,130678
page_index,time_cycles
0,152628
page_index,time_cycles
0,139226
page_index,time_cycles
0,80326
page_index,time_cycles
0,125214
page_index,time_cycles
0,112178
page_index,time_cycles
0,265334
page_index,time_cycles
0,93542
page_index,time_cycles
0,137130
page_index,time_cycles
0,135138
page_index,time_cycles
0,132554
page_index,time_cycles
0,135094
page_index,time_cycles
0,83080
page_index,time_cycles
0,81718
page_index,time_cycles
0,99862
page_index,time_cycles
0,138218
page_index,time_cycles
0,157762
page_index,time_cycles
0,142174
page_index,time_cycles
0,122004
page_index,time_cycles
0,137220
page_index,time_cycles
0,114696
page_index,time_cycles
0,115304
page_index,time_cycles
0,125490
page_index,time_cycles
0,132252
page_index,time_cycles
0,96484
page_index,time_cycles
0,77332
page_index,time_cycles
0,120672
page_index,time_cycles
0,118204
page_index,time_cycles
0,200880
page_index,time_cycles
0,104524
page_index,time_cycles
0,91204
page_index,time_cycles
0,134860
page_index,time_cycles
0,100904
page_index,time_cycles
0,138994
page_index,time_cycles
0,81176
page_index,time_cycles
0,101712
page_index,time_cycles
0,79256
page_index,time_cycles
0,87906
page_index,time_cycles
0,168468
page_index,time_cycles
0,114836
page_index,time_cycles
0,149392
page_index,time_cycles
0,147986
page_index,time_cycles
0,142252
page_index,time_cycles
0,240864
page_index,time_cycles
0,147720
page_index,time_cycles
0,139528
page_index,time_cycles
0,156338
page_index,time_cycles
0,147154
page_index,time_cycles
0,107428
page_index,time_cycles
0,131684
page_index,time_cycles
0,94140
page_index,time_cycles
0,133802
page_index,time_cycles
0,85062
page_index,time_cycles
0,186600
page_index,time_cycles
0,79606
page_index,time_cycles
0,180438
page_index,time_cycles
0,84478
page_index,time_cycles
0,113700
page_index,time_cycles
0,119416
page_index,time_cycles
0,90260
page_index,time_cycles
0,94148
page_index,time_cycles
0,121716
page_index,time_cycles
0,116842
page_index,time_cycles
0,143060
page_index,time_cycles
0,121190
page_index,time_cycles
0,162674
page_index,time_cycles
0,131410
page_index,time_cycles
0,177006
page_index,time_cycles
0,119372
page_index,time_cycles
0,103734
page_index,time_cycles
0,125278
page_index,time_cycles
0,134606
page_index,time_cycles
0,143086
page_index,time_cycles
0,144842
page_index,time_cycles
0,148054
page_index,time_cycles
0,122490
page_index,time_cycles
0,111484
page_index,time_cycles
0,154812
page_index,time_cycles
0,137472
page_index,time_cycles
0,121376
page_index,time_cycles
0,164210
page_index,time_cycles
0,112974
page_index,time_cycles
0,99756
page_index,time_cycles
0,156570
page_index,time_cycles
0,82746
page_index,time_cycles
0,91794
page_index,time_cycles
0,132294
page_index,time_cycles
0,146308
page_index,time_cycles
0,115456
page_index,time_cycles
0,160336
page_index,time_cycles
0,150886
page_index,time_cycles
0,199028
page_index,time_cycles
0,134684
page_index,time_cycles
0,115274
page_index,time_cycles
0,144838
page_index,time_cycles
0,117696
page_index,time_cycles
0,81754
page_index,time_cycles
0,125240
page_index,time_cycles
0,114512
page_index,time_cycles
0,106430
page_index,time_cycles
0,114480
page_index,time_cycles
0,86680
page_index,time_cycles
0,136206
page_index,time_cycles
0,142020
page_index,time_cycles
0,129184
page_index,time_cycles
0,79376
page_index,time_cycles
0,111638
page_index,time_cycles
0,129256
page_index,time_cycles
0,128876
page_index,time_cycles
0,139260
page_index,time_cycles
0,121036
page_index,time_cycles
0,178608
page_index,time_cycles
0,202846
page_index,time_cycles
0,107472
page_index,time_cycles
0,149506
page_index,time_cycles
0,78686
page_index,time_cycles
0,139728
page_index,time_cycles
0,80942
page_index,time_cycles
0,134442
page_index,time_cycles
0,138872
page_index,time_cycles
0,126208
page_index,time_cycles
0,85712
page_index,time_cycles
0,342912
page_index,time_cycles
0,123940
page_index,time_cycles
0,119306
page_index,time_cycles
0,129238
page_index,time_cycles
0,147942
page_index,time_cycles
0,152454
page_index,time_cycles
0,128890
page_index,time_cycles
0,90460
page_index,time_cycles
0,90990
page_index,time_cycles
0,163012
page_index,time_cycles
0,144704
page_index,time_cycles
0,125226
page_index,time_cycles
0,82298
page_index,time_cycles
0,148564
page_index,time_cycles
0,131952
page_index,time_cycles
0,146920
page_index,time_cycles
0,191416
page_index,time_cycles
0,144530
page_index,time_cycles
0,191406
page_index,time_cycles
0,146424
page_index,time_cycles
0,137946
page_index,time_cycles
0,118192
page_index,time_cycles
0,137128
page_index,time_cycles
0,135848
page_index,time_cycles
0,225204
page_index,time_cycles
0,127120
page_index,time_cycles
0,145266
page_index,time_cycles
0,145212
page_index,time_cycles
0,95724
page_index,time_cycles
0,134442
page_index,time_cycles
0,136072
page_index,time_cycles
0,137306
page_index,time_cycles
0,145684
page_index,time_cycles
0,139714
page_index,time_cycles
0,114258
page_index,time_cycles
0,140954
page_index,time_cycles
0,133924
page_index,time_cycles
0,132174
page_index,time_cycles
0,131340
page_index,time_cycles
0,95518
page_index,time_cycles
0,137066
page_index,time_cycles
0,136130
page_index,time_cycles
0,125336
page_index,time_cycles
0,119612
page_index,time_cycles
0,78912
page_index,time_cycles
0,82812
page_index,time_cycles
0,82932
page_index,time_cycles
0,131366
page_index,time_cycles
0,101260
page_index,time_cycles
0,134392
page_index,time_cycles
0,135972
page_index,time_cycles
0,106172
page_index,time_cycles
0,76426
page_index,time_cycles
0,150062
page_index,time_cycles
0,125702
page_index,time_cycles
0,125998
page_index,time_cycles
0,104236
page_index,time_cycles
0,199172
page_index,time_cycles
0,85874
page_index,time_cycles
0,240306
page_index,time_cycles
0,117676
page_index,time_cycles
0,135310
page_index,time_cycles
0,115426
page_index,time_cycles
0,80664
page_index,time_cycles
0,178816
page_index,time_cycles
0,96240
page_index,time_cycles
0,125532
page_index,time_cycles
0,164752
page_index,time_cycles
0,151204
page_index,time_cycles
0,141940
page_index,time_cycles
0,79442
page_index,time_cycles
0,146800
page_index,time_cycles
0,196406
page_index,time_cycles
0,115100
page_index,time_cycles
0,94244
page_index,time_cycles
0,134670
page_index,time_cycles
0,81446
page_index,time_cycles
0,78110
page_index,time_cycles
0,181312
page_index,time_cycles
0,144544
page_index,time_cycles
0,119864
page_index,time_cycles
0,87480
page_index,time_cycles
0,132546
page_index,time_cycles
0,128226
page_index,time_cycles
0,78266
page_index,time_cycles
0,132328
page_index,time_cycles
0,162728
page_index,time_cycles
0,81614
page_index,time_cycles
0,152086
page_index,time_cycles
0,96656
page_index,time_cycles
0,153194
page_index,time_cycles
0,131228
page_index,time_cycles
0,120424
page_index,time_cycles
0,137560
page_index,time_cycles
0,82082
page_index,time_cycles
0,141768
page_index,time_cycles
0,121810
page_index,time_cycles
0,116702
page_index,time_cycles
0,123400
page_index,time_cycles
0,77860
page_index,time_cycles
0,139342
page_index,time_cycles
0,162062
page_index,time_cycles
0,78342
page_index,time_cycles
0,81880
page_index,time_cycles
0,109228
page_index,time_cycles
0,149608
page_index,time_cycles
0,157138
page_index,time_cycles
0,121382
page_index,time_cycles
0,147276
page_index,time_cycles
0,121616
page_index,time_cycles
0,126928
page_index,time_cycles
0,157548
page_index,time_cycles
0,143754
page_index,time_cycles
0,96792
page_index,time_cycles
0,79210
page_index,time_cycles
0,99636
page_index,time_cycles
0,79042
page_index,time_cycles
0,114800
page_index,time_cycles
0,225990
page_index,time_cycles
0,129208
page_index,time_cycles
0,98706
page_index,time_cycles
0,128564
page_index,time_cycles
0,96776
page_index,time_cycles
0,175880
page_index,time_cycles
0,144676
page_index,time_cycles
0,126800
page_index,time_cycles
0,126726
page_index,time_cycles
0,127652
page_index,time_cycles
0,148188
page_index,time_cycles
0,164814
page_index,time_cycles
0,124580
page_index,time_cycles
0,112334
page_index,time_cycles
0,107728
page_index,time_cycles
0,80066
page_index,time_cycles
0,141588
page_index,time_cycles
0,123472
page_index,time_cycles
0,83452
page_index,time_cycles
0,229580
page_index,time_cycles
0,159178
page_index,time_cycles
0,118836
page_index,time_cycles
0,158080
page_index,time_cycles
0,113100
page_index,time_cycles
0,84648
page_index,time_cycles
0,104432
page_index,time_cycles
0,117082
page_index,time_cycles
0,153814
page_index,time_cycles
0,86476
page_index,time_cycles
0,201982
page_index,time_cycles
0,90030
page_index,time_cycles
0,82810
page_index,time_cycles
0,186764
page_index,time_cycles
0,105430
page_index,time_cycles
0,122990
page_index,time_cycles
0,100690
page_index,time_cycles
0,115652
page_index,time_cycles
0,152756
page_index,time_cycles
0,125236
page_index,time_cycles
0,102320
page_index,time_cycles
0,191928
page_index,time_cycles
0,79956
page_index,time_cycles
0,95222
page_index,time_cycles
0,134942
page_index,time_cycles
0,97222
page_index,time_cycles
0,128986
page_index,time_cycles
0,281000
page_index,time_cycles
0,94450
page_index,time_cycles
0,138564
page_index,time_cycles
0,134398
page_index,time_cycles
0,161938
page_index,time_cycles
0,151206
page_index,time_cycles
0,136406
page_index,time_cycles
0,155404
page_index,time_cycles
0,150464
page_index,time_cycles
0,126754
page_index,time_cycles
0,136534
page_index,time_cycles
0,81180
page_index,time_cycles
0,141662
page_index,time_cycles
0,157872
page_index,time_cycles
0,96698
page_index,time_cycles
0,111370
page_index,time_cycles
0,183524
page_index,time_cycles
0,84564
page_index,time_cycles
0,113488
page_index,time_cycles
0,79122
page_index,time_cycles
0,132536
page_index,time_cycles
0,105050
page_index,time_cycles
0,139084
page_index,time_cycles
0,78418
page_index,time_cycles
0,143342
page_index,time_cycles
0,79690
page_index,time_cycles
0,139788
page_index,time_cycles
0,183514
page_index,time_cycles
0,82544
page_index,time_cycles
0,123416
page_index,time_cycles
0,130458
page_index,time_cycles
0,136492
page_index,time_cycles
0,128548
page_index,time_cycles
0,76778
page_index,time_cycles
0,290070
page_index,time_cycles
0,137694
page_index,time_cycles
0,128230
page_index,time_cycles
0,134114
page_index,time_cycles
0,128282
page_index,time_cycles
0,131784
page_index,time_cycles
0,107982
page_index,time_cycles
0,136756
page_index,time_cycles
0,144264
page_index,time_cycles
0,130696
page_index,time_cycles
0,123724
page_index,time_cycles
0,135446
page_index,time_cycles
0,140024
page_index,time_cycles
0,147288
page_index,time_cycles
0,82506
page_index,time_cycles
0,141982
page_index,time_cycles
0,130826
page_index,time_cycles
0,83592
page_index,time_cycles
0,107584
page_index,time_cycles
0,200934
page_index,time_cycles
0,79362
page_index,time_cycles
0,78940
page_index,time_cycles
0,118386
page_index,time_cycles
0,79936
page_index,time_cycles
0,148578
page_index,time_cycles
0,146860
page_index,time_cycles
0,101988
page_index,time_cycles
0,97832
page_index,time_cycles
0,132806
page_index,time_cycles
0,121268
page_index,time_cycles
0,91914
page_index,time_cycles
0,135264
page_index,time_cycles
0,138360
page_index,time_cycles
0,148198
page_index,time_cycles
0,134892
page_index,time_cycles
0,165200
page_index,time_cycles
0,80302
page_index,time_cycles
0,149382
page_index,time_cycles
0,128500
page_index,time_cycles
0,147114
page_index,time_cycles
0,85766
page_index,time_cycles
0,110506
page_index,time_cycles
0,124432
page_index,time_cycles
0,77852
page_index,time_cycles
0,83068
page_index,time_cycles
0,148032
page_index,time_cycles
0,172130
page_index,time_cycles
0,124472
page_index,time_cycles
0,81944
page_index,time_cycles
0,87716
page_index,time_cycles
0,131308
page_index,time_cycles
0,139722
page_index,time_cycles
0,122932
page_index,time_cycles
0,129136
page_index,time_cycles
0,181252
page_index,time_cycles
0,135504
page_index,time_cycles
0,135336
page_index,time_cycles
0,127018
page_index,time_cycles
0,125890
page_index,time_cycles
0,137778
page_index,time_cycles
0,128490
page_index,time_cycles
0,134386
page_index,time_cycles
0,138700
page_index,time_cycles
0,156588
page_index,time_cycles
0,132518
page_index,time_cycles
0,120804
page_index,time_cycles
0,150586
page_index,time_cycles
0,88652
page_index,time_cycles
0,109780
page_index,time_cycles
0,117438
page_index,time_cycles
0,140442
page_index,time_cycles
0,149918
page_index,time_cycles
0,112290
page_index,time_cycles
0,120058
page_index,time_cycles
0,76382
page_index,time_cycles
0,153364
page_index,time_cycles
0,105596
page_index,time_cycles
0,131752
page_index,time_cycles
0,147420
page_index,time_cycles
0,80722
page_index,time_cycles
0,152206
page_index,time_cycles
0,114190
page_index,time_cycles
0,129428
page_index,time_cycles
0,164200
page_index,time_cycles
0,140990
page_index,time_cycles
0,79944
page_index,time_cycles
0,132146
page_index,time_cycles
0,118950
page_index,time_cycles
0,117630
page_index,time_cycles
0,136016
page_index,time_cycles
0,146236
page_index,time_cycles
0,138356
page_index,time_cycles
0,156462
page_index,time_cycles
0,151740
page_index,time_cycles
0,185712
page_index,time_cycles
0,81794
page_index,time_cycles
0,206136
page_index,time_cycles
0,227646
page_index,time_cycles
0,129622
page_index,time_cycles
0,207922
page_index,time_cycles
0,122486
page_index,time_cycles
0,146260
page_index,time_cycles
0,128972
page_index,time_cycles
0,86392
page_index,time_cycles
0,83248
page_index,time_cycles
0,197966
page_index,time_cycles
0,80124
page_index,time_cycles
0,164552
page_index,time_cycles
0,141132
page_index,time_cycles
0,105416
page_index,time_cycles
0,134226
page_index,time_cycles
0,87418
page_index,time_cycles
0,160442
page_index,time_cycles
0,305970
page_index,time_cycles
0,133126
page_index,time_cycles
0,114178
page_index,time_cycles
0,114264
page_index,time_cycles
0,84526
page_index,time_cycles
0,146378
page_index,time_cycles
0,137712
page_index,time_cycles
0,77602
page_index,time_cycles
0,141868
page_index,time_cycles
0,78926
page_index,time_cycles
0,101750
page_index,time_cycles
0,139900
page_index,time_cycles
0,77128
page_index,time_cycles
0,148546
page_index,time_cycles
0,163370
page_index,time_cycles
0,79260
page_index,time_cycles
0,80642
page_index,time_cycles
0,107792
page_index,time_cycles
0,90566
page_index,time_cycles
0,95064
page_index,time_cycles
0,152198
page_index,time_cycles
0,134394
page_index,time_cycles
0,83196
page_index,time_cycles
0,127660
page_index,time_cycles
0,138834
page_index,time_cycles
0,125102
page_index,time_cycles
0,80384
page_index,time_cycles
0,137536
page_index,time_cycles
0,213580
page_index,time_cycles
0,88320
page_index,time_cycles
0,142438
page_index,time_cycles
0,183356
page_index,time_cycles
0,130086
page_index,time_cycles
0,111170
page_index,time_cycles
0,128360
page_index,time_cycles
0,138598
page_index,time_cycles
0,132304
page_index,time_cycles
0,133094
page_index,time_cycles
0,130490
page_index,time_cycles
0,147802
page_index,time_cycles
0,137912
page_index,time_cycles
0,85020
page_index,time_cycles
0,188472
page_index,time_cycles
0,74928
page_index,time_cycles
0,138928
page_index,time_cycles
0,130782
page_index,time_cycles
0,178740
page_index,time_cycles
0,118818
page_index,time_cycles
0,130712
page_index,time_cycles
0,128188
page_index,time_cycles
0,146638
page_index,time_cycles
0,168270
page_index,time_cycles
0,82032
page_index,time_cycles
0,149546
page_index,time_cycles
0,100932
page_index,time_cycles
0,96998
page_index,time_cycles
0,146666
page_index,time_cycles
0,119146
page_index,time_cycles
0,78238
page_index,time_cycles
0,137182
page_index,time_cycles
0,98674
page_index,time_cycles
0,137490
page_index,time_cycles
0,158214
page_index,time_cycles
0,187226
page_index,time_cycles
0,92846
page_index,time_cycles
0,130646
page_index,time_cycles
0,132870
page_index,time_cycles
0,125660
page_index,time_cycles
0,139860
page_index,time_cycles
0,135528
page_index,time_cycles
0,80120
page_index,time_cycles
0,84026
page_index,time_cycles
0,122676
page_index,time_cycles
0,243402
page_index,time_cycles
0,228346
page_index,time_cycles
0,114622
page_index,time_cycles
0,144758
page_index,time_cycles
0,115232
page_index,time_cycles
0,113054
page_index,time_cycles
0,139936
page_index,time_cycles
0,124982
page_index,time_cycles
0,108902
page_index,time_cycles
0,188810
page_index,time_cycles
0,199548
page_index,time_cycles
0,80400
page_index,time_cycles
0,124840
page_index,time_cycles
0,107076
page_index,time_cycles
0,142750
page_index,time_cycles
0,79226
page_index,time_cycles
0,147076
page_index,time_cycles
0,79242
page_index,time_cycles
0,118942
page_index,time_cycles
0,134912
page_index,time_cycles
0,80694
page_index,time_cycles
0,109752
page_index,time_cycles
0,124178
page_index,time_cycles
0,82334
page_index,time_cycles
0,104232
page_index,time_cycles
0,140802
page_index,time_cycles
0,175530
page_index,time_cycles
0,96302
page_index,time_cycles
0,98622
page_index,time_cycles
0,85204
page_index,time_cycles
0,256348
page_index,time_cycles
0,145224
page_index,time_cycles
0,76332
page_index,time_cycles
0,129226
page_index,time_cycles
0,112178
page_index,time_cycles
0,175546
page_index,time_cycles
0,91848
page_index,time_cycles
0,83924
page_index,time_cycles
0,155848
page_index,time_cycles
0,160056
page_index,time_cycles
0,164908
page_index,time_cycles
0,119176
page_index,time_cycles
0,82228
page_index,time_cycles
0,145152
page_index,time_cycles
0,128726
page_index,time_cycles
0,161988
page_index,time_cycles
0,130160
page_index,time_cycles
0,149366
page_index,time_cycles
0,84772
page_index,time_cycles
0,138282
page_index,time_cycles
0,124012
page_index,time_cycles
0,127588
page_index,time_cycles
0,84402
page_index,time_cycles
0,131166
page_index,time_cycles
0,117232
page_index,time_cycles
0,92030
page_index,time_cycles
0,76352
page_index,time_cycles
0,143736
page_index,time_cycles
0,159976
page_index,time_cycles
0,76322
page_index,time_cycles
0,81120
page_index,time_cycles
0,158142
page_index,time_cycles
0,130494
page_index,time_cycles
0,107676
page_index,time_cycles
0,114678
page_index,time_cycles
0,193842
page_index,time_cycles
0,124352
page_index,time_cycles
0,186782
page_index,time_cycles
0,107762
page_index,time_cycles
0,134770
page_index,time_cycles
0,80040
page_index,time_cycles
0,172088
page_index,time_cycles
0,81832
page_index,time_cycles
0,108790
page_index,time_cycles
0,82222
page_index,time_cycles
0,79608
page_index,time_cycles
0,142466
page_index,time_cycles
0,129004
page_index,time_cycles
0,105848
page_index,time_cycles
0,95416
page_index,time_cycles
0,104214
page_index,time_cycles
0,156568
page_index,time_cycles
0,121560
page_index,time_cycles
0,136768
SUMMARY,COUNT=10000,MEAN=127868.18,STD=38367.54
