page_index,time_cycles
0,454448
page_index,time_cycles
0,415468
page_index,time_cycles
0,438530
page_index,time_cycles
0,410796
page_index,time_cycles
0,416806
page_index,time_cycles
0,506360
page_index,time_cycles
0,427064
page_index,time_cycles
0,430420
page_index,time_cycles
0,428086
page_index,time_cycles
0,430616
page_index,time_cycles
0,439562
page_index,time_cycles
0,414590
page_index,time_cycles
0,413164
page_index,time_cycles
0,412578
page_index,time_cycles
0,483752
page_index,time_cycles
0,480064
page_index,time_cycles
0,417180
page_index,time_cycles
0,415942
page_index,time_cycles
0,424020
page_index,time_cycles
0,423106
page_index,time_cycles
0,436396
page_index,time_cycles
0,411834
page_index,time_cycles
0,426410
page_index,time_cycles
0,415114
page_index,time_cycles
0,444080
page_index,time_cycles
0,417100
page_index,time_cycles
0,423200
page_index,time_cycles
0,427204
page_index,time_cycles
0,449490
page_index,time_cycles
0,465548
page_index,time_cycles
0,432556
page_index,time_cycles
0,428344
page_index,time_cycles
0,433546
page_index,time_cycles
0,422846
page_index,time_cycles
0,430218
page_index,time_cycles
0,423996
page_index,time_cycles
0,414620
page_index,time_cycles
0,422172
page_index,time_cycles
0,423404
page_index,time_cycles
0,429762
page_index,time_cycles
0,435570
page_index,time_cycles
0,421532
page_index,time_cycles
0,415370
page_index,time_cycles
0,463852
page_index,time_cycles
0,452548
page_index,time_cycles
0,432022
page_index,time_cycles
0,421220
page_index,time_cycles
0,412878
page_index,time_cycles
0,411750
page_index,time_cycles
0,423186
page_index,time_cycles
0,435558
page_index,time_cycles
0,439988
page_index,time_cycles
0,432956
page_index,time_cycles
0,433322
page_index,time_cycles
0,474442
page_index,time_cycles
0,416392
page_index,time_cycles
0,423420
page_index,time_cycles
0,435014
page_index,time_cycles
0,419092
page_index,time_cycles
0,419160
page_index,time_cycles
0,426312
page_index,time_cycles
0,418052
page_index,time_cycles
0,435286
page_index,time_cycles
0,430846
page_index,time_cycles
0,425344
page_index,time_cycles
0,436744
page_index,time_cycles
0,440308
page_index,time_cycles
0,428272
page_index,time_cycles
0,468974
page_index,time_cycles
0,473386
page_index,time_cycles
0,428338
page_index,time_cycles
0,437744
page_index,time_cycles
0,419998
page_index,time_cycles
0,449178
page_index,time_cycles
0,423026
page_index,time_cycles
0,425184
page_index,time_cycles
0,449926
page_index,time_cycles
0,430210
page_index,time_cycles
0,470326
page_index,time_cycles
0,418020
page_index,time_cycles
0,426204
page_index,time_cycles
0,423660
page_index,time_cycles
0,436672
page_index,time_cycles
0,469636
page_index,time_cycles
0,417752
page_index,time_cycles
0,461572
page_index,time_cycles
0,433998
page_index,time_cycles
0,419788
page_index,time_cycles
0,423788
page_index,time_cycles
0,428300
page_index,time_cycles
0,417344
page_index,time_cycles
0,428774
page_index,time_cycles
0,439078
page_index,time_cycles
0,416222
page_index,time_cycles
0,437076
page_index,time_cycles
0,452238
page_index,time_cycles
0,433784
page_index,time_cycles
0,417566
page_index,time_cycles
0,447900
page_index,time_cycles
0,423444
page_index,time_cycles
0,499966
page_index,time_cycles
0,432902
page_index,time_cycles
0,429646
page_index,time_cycles
0,424280
page_index,time_cycles
0,415990
page_index,time_cycles
0,425548
page_index,time_cycles
0,442390
page_index,time_cycles
0,425200
page_index,time_cycles
0,419922
page_index,time_cycles
0,430168
page_index,time_cycles
0,453200
page_index,time_cycles
0,423912
page_index,time_cycles
0,422772
page_index,time_cycles
0,421886
page_index,time_cycles
0,433366
page_index,time_cycles
0,427408
page_index,time_cycles
0,421780
page_index,time_cycles
0,483140
page_index,time_cycles
0,418106
page_index,time_cycles
0,429000
page_index,time_cycles
0,412588
page_index,time_cycles
0,417404
page_index,time_cycles
0,425480
page_index,time_cycles
0,427960
page_index,time_cycles
0,416738
page_index,time_cycles
0,422230
page_index,time_cycles
0,427374
page_index,time_cycles
0,424076
page_index,time_cycles
0,417372
page_index,time_cycles
0,426334
page_index,time_cycles
0,423480
page_index,time_cycles
0,416762
page_index,time_cycles
0,414836
page_index,time_cycles
0,428028
page_index,time_cycles
0,431572
page_index,time_cycles
0,448472
page_index,time_cycles
0,414852
page_index,time_cycles
0,475444
page_index,time_cycles
0,445752
page_index,time_cycles
0,421402
page_index,time_cycles
0,447738
page_index,time_cycles
0,427288
page_index,time_cycles
0,436108
page_index,time_cycles
0,418666
page_index,time_cycles
0,428778
page_index,time_cycles
0,428718
page_index,time_cycles
0,425224
page_index,time_cycles
0,463222
page_index,time_cycles
0,412540
page_index,time_cycles
0,429850
page_index,time_cycles
0,414570
page_index,time_cycles
0,421334
page_index,time_cycles
0,430054
page_index,time_cycles
0,412828
page_index,time_cycles
0,415368
page_index,time_cycles
0,416048
page_index,time_cycles
0,418946
page_index,time_cycles
0,413152
page_index,time_cycles
0,464138
page_index,time_cycles
0,437976
page_index,time_cycles
0,415160
page_index,time_cycles
0,420026
page_index,time_cycles
0,446506
page_index,time_cycles
0,625944
page_index,time_cycles
0,446728
page_index,time_cycles
0,536740
page_index,time_cycles
0,431074
page_index,time_cycles
0,447652
page_index,time_cycles
0,433604
page_index,time_cycles
0,426022
page_index,time_cycles
0,427450
page_index,time_cycles
0,476978
page_index,time_cycles
0,443854
page_index,time_cycles
0,421400
page_index,time_cycles
0,418456
page_index,time_cycles
0,431228
page_index,time_cycles
0,439928
page_index,time_cycles
0,423334
page_index,time_cycles
0,420046
page_index,time_cycles
0,427562
page_index,time_cycles
0,461472
page_index,time_cycles
0,431082
page_index,time_cycles
0,418618
page_index,time_cycles
0,431082
page_index,time_cycles
0,433450
page_index,time_cycles
0,429910
page_index,time_cycles
0,456174
page_index,time_cycles
0,442966
page_index,time_cycles
0,464956
page_index,time_cycles
0,495210
page_index,time_cycles
0,448012
page_index,time_cycles
0,429064
page_index,time_cycles
0,450382
page_index,time_cycles
0,429242
page_index,time_cycles
0,432746
page_index,time_cycles
0,501984
page_index,time_cycles
0,416638
page_index,time_cycles
0,426364
page_index,time_cycles
0,433656
page_index,time_cycles
0,432782
page_index,time_cycles
0,453942
page_index,time_cycles
0,432988
page_index,time_cycles
0,436262
page_index,time_cycles
0,416620
page_index,time_cycles
0,415514
page_index,time_cycles
0,450122
page_index,time_cycles
0,428434
page_index,time_cycles
0,423534
page_index,time_cycles
0,484064
page_index,time_cycles
0,441352
page_index,time_cycles
0,421448
page_index,time_cycles
0,424686
page_index,time_cycles
0,416196
page_index,time_cycles
0,425154
page_index,time_cycles
0,425996
page_index,time_cycles
0,431690
page_index,time_cycles
0,416370
page_index,time_cycles
0,426552
page_index,time_cycles
0,439360
page_index,time_cycles
0,465470
page_index,time_cycles
0,424880
page_index,time_cycles
0,415960
page_index,time_cycles
0,419510
page_index,time_cycles
0,420850
page_index,time_cycles
0,437102
page_index,time_cycles
0,417762
page_index,time_cycles
0,463910
page_index,time_cycles
0,418610
page_index,time_cycles
0,448300
page_index,time_cycles
0,503270
page_index,time_cycles
0,424140
page_index,time_cycles
0,417444
page_index,time_cycles
0,420056
page_index,time_cycles
0,434482
page_index,time_cycles
0,518580
page_index,time_cycles
0,420614
page_index,time_cycles
0,531180
page_index,time_cycles
0,415386
page_index,time_cycles
0,421118
page_index,time_cycles
0,472368
page_index,time_cycles
0,436488
page_index,time_cycles
0,433246
page_index,time_cycles
0,413562
page_index,time_cycles
0,449516
page_index,time_cycles
0,427048
page_index,time_cycles
0,412862
page_index,time_cycles
0,424536
page_index,time_cycles
0,421502
page_index,time_cycles
0,454670
page_index,time_cycles
0,428142
page_index,time_cycles
0,433430
page_index,time_cycles
0,514492
page_index,time_cycles
0,414828
page_index,time_cycles
0,420180
page_index,time_cycles
0,442128
page_index,time_cycles
0,431488
page_index,time_cycles
0,418462
page_index,time_cycles
0,424178
page_index,time_cycles
0,424952
page_index,time_cycles
0,421036
page_index,time_cycles
0,471440
page_index,time_cycles
0,422710
page_index,time_cycles
0,415218
page_index,time_cycles
0,445206
page_index,time_cycles
0,419700
page_index,time_cycles
0,431600
page_index,time_cycles
0,425764
page_index,time_cycles
0,499960
page_index,time_cycles
0,415000
page_index,time_cycles
0,420260
page_index,time_cycles
0,417576
page_index,time_cycles
0,416632
page_index,time_cycles
0,412498
page_index,time_cycles
0,421670
page_index,time_cycles
0,421506
page_index,time_cycles
0,413570
page_index,time_cycles
0,420602
page_index,time_cycles
0,415836
page_index,time_cycles
0,424572
page_index,time_cycles
0,435092
page_index,time_cycles
0,432898
page_index,time_cycles
0,417370
page_index,time_cycles
0,436626
page_index,time_cycles
0,463278
page_index,time_cycles
0,424606
page_index,time_cycles
0,426234
page_index,time_cycles
0,407686
page_index,time_cycles
0,421592
page_index,time_cycles
0,426824
page_index,time_cycles
0,419246
page_index,time_cycles
0,424904
page_index,time_cycles
0,425378
page_index,time_cycles
0,448472
page_index,time_cycles
0,419168
page_index,time_cycles
0,418178
page_index,time_cycles
0,417262
page_index,time_cycles
0,430022
page_index,time_cycles
0,420196
page_index,time_cycles
0,479126
page_index,time_cycles
0,454254
page_index,time_cycles
0,430726
page_index,time_cycles
0,422276
page_index,time_cycles
0,434348
page_index,time_cycles
0,426540
page_index,time_cycles
0,433528
page_index,time_cycles
0,435316
page_index,time_cycles
0,420722
page_index,time_cycles
0,448348
page_index,time_cycles
0,427640
page_index,time_cycles
0,423750
page_index,time_cycles
0,447860
page_index,time_cycles
0,418242
page_index,time_cycles
0,418522
page_index,time_cycles
0,428614
page_index,time_cycles
0,433278
page_index,time_cycles
0,417260
page_index,time_cycles
0,415224
page_index,time_cycles
0,418458
page_index,time_cycles
0,414916
page_index,time_cycles
0,432072
page_index,time_cycles
0,423844
page_index,time_cycles
0,417580
page_index,time_cycles
0,425544
page_index,time_cycles
0,417078
page_index,time_cycles
0,431052
page_index,time_cycles
0,413982
page_index,time_cycles
0,456334
page_index,time_cycles
0,450346
page_index,time_cycles
0,422108
page_index,time_cycles
0,415002
page_index,time_cycles
0,427110
page_index,time_cycles
0,418968
page_index,time_cycles
0,445230
page_index,time_cycles
0,416656
page_index,time_cycles
0,423938
page_index,time_cycles
0,426044
page_index,time_cycles
0,418338
page_index,time_cycles
0,421774
page_index,time_cycles
0,418506
page_index,time_cycles
0,416250
page_index,time_cycles
0,417024
page_index,time_cycles
0,455538
page_index,time_cycles
0,429072
page_index,time_cycles
0,473188
page_index,time_cycles
0,444040
page_index,time_cycles
0,434522
page_index,time_cycles
0,423618
page_index,time_cycles
0,417432
page_index,time_cycles
0,420186
page_index,time_cycles
0,413152
page_index,time_cycles
0,416388
page_index,time_cycles
0,428138
page_index,time_cycles
0,426524
page_index,time_cycles
0,421068
page_index,time_cycles
0,417454
page_index,time_cycles
0,416626
page_index,time_cycles
0,420472
page_index,time_cycles
0,420126
page_index,time_cycles
0,414978
page_index,time_cycles
0,428456
page_index,time_cycles
0,454232
page_index,time_cycles
0,453488
page_index,time_cycles
0,422138
page_index,time_cycles
0,415778
page_index,time_cycles
0,460304
page_index,time_cycles
0,418404
page_index,time_cycles
0,429082
page_index,time_cycles
0,415780
page_index,time_cycles
0,423998
page_index,time_cycles
0,451882
page_index,time_cycles
0,428738
page_index,time_cycles
0,414984
page_index,time_cycles
0,417202
page_index,time_cycles
0,429634
page_index,time_cycles
0,432186
page_index,time_cycles
0,414532
page_index,time_cycles
0,428040
page_index,time_cycles
0,453208
page_index,time_cycles
0,414918
page_index,time_cycles
0,423146
page_index,time_cycles
0,424722
page_index,time_cycles
0,417940
page_index,time_cycles
0,439856
page_index,time_cycles
0,413066
page_index,time_cycles
0,437166
page_index,time_cycles
0,512952
page_index,time_cycles
0,437312
page_index,time_cycles
0,468008
page_index,time_cycles
0,432054
page_index,time_cycles
0,459818
page_index,time_cycles
0,411080
page_index,time_cycles
0,471926
page_index,time_cycles
0,416510
page_index,time_cycles
0,412160
page_index,time_cycles
0,419396
page_index,time_cycles
0,418896
page_index,time_cycles
0,459872
page_index,time_cycles
0,420238
page_index,time_cycles
0,426830
page_index,time_cycles
0,418798
page_index,time_cycles
0,433432
page_index,time_cycles
0,431888
page_index,time_cycles
0,423352
page_index,time_cycles
0,417792
page_index,time_cycles
0,415384
page_index,time_cycles
0,458014
page_index,time_cycles
0,412358
page_index,time_cycles
0,426604
page_index,time_cycles
0,425234
page_index,time_cycles
0,440656
page_index,time_cycles
0,419358
page_index,time_cycles
0,423076
page_index,time_cycles
0,415838
page_index,time_cycles
0,417268
page_index,time_cycles
0,430432
page_index,time_cycles
0,431212
page_index,time_cycles
0,418852
page_index,time_cycles
0,428670
page_index,time_cycles
0,420046
page_index,time_cycles
0,414214
page_index,time_cycles
0,421684
page_index,time_cycles
0,458200
page_index,time_cycles
0,421326
page_index,time_cycles
0,432566
page_index,time_cycles
0,412410
page_index,time_cycles
0,425618
page_index,time_cycles
0,421440
page_index,time_cycles
0,426458
page_index,time_cycles
0,416706
page_index,time_cycles
0,417852
page_index,time_cycles
0,499594
page_index,time_cycles
0,593764
page_index,time_cycles
0,415844
page_index,time_cycles
0,470018
page_index,time_cycles
0,413352
page_index,time_cycles
0,436070
page_index,time_cycles
0,422620
page_index,time_cycles
0,412984
page_index,time_cycles
0,427826
page_index,time_cycles
0,413316
page_index,time_cycles
0,414826
page_index,time_cycles
0,422046
page_index,time_cycles
0,439948
page_index,time_cycles
0,425438
page_index,time_cycles
0,415426
page_index,time_cycles
0,413698
page_index,time_cycles
0,421278
page_index,time_cycles
0,424290
page_index,time_cycles
0,456394
page_index,time_cycles
0,449688
page_index,time_cycles
0,421532
page_index,time_cycles
0,431744
page_index,time_cycles
0,419018
page_index,time_cycles
0,428032
page_index,time_cycles
0,422092
page_index,time_cycles
0,420484
page_index,time_cycles
0,416286
page_index,time_cycles
0,423594
page_index,time_cycles
0,412900
page_index,time_cycles
0,483190
page_index,time_cycles
0,416930
page_index,time_cycles
0,424966
page_index,time_cycles
0,420196
page_index,time_cycles
0,412500
page_index,time_cycles
0,424136
page_index,time_cycles
0,423402
page_index,time_cycles
0,433418
page_index,time_cycles
0,441006
page_index,time_cycles
0,416322
page_index,time_cycles
0,425338
page_index,time_cycles
0,419950
page_index,time_cycles
0,437182
page_index,time_cycles
0,460164
page_index,time_cycles
0,420308
page_index,time_cycles
0,414406
page_index,time_cycles
0,429870
page_index,time_cycles
0,421876
page_index,time_cycles
0,413304
page_index,time_cycles
0,412570
page_index,time_cycles
0,448346
page_index,time_cycles
0,415568
page_index,time_cycles
0,440042
page_index,time_cycles
0,425070
page_index,time_cycles
0,437216
page_index,time_cycles
0,430310
page_index,time_cycles
0,436378
page_index,time_cycles
0,412826
page_index,time_cycles
0,434544
page_index,time_cycles
0,418828
page_index,time_cycles
0,415866
page_index,time_cycles
0,413430
page_index,time_cycles
0,420626
page_index,time_cycles
0,445530
page_index,time_cycles
0,414012
page_index,time_cycles
0,483530
page_index,time_cycles
0,474072
page_index,time_cycles
0,420558
page_index,time_cycles
0,420806
page_index,time_cycles
0,435532
page_index,time_cycles
0,417578
page_index,time_cycles
0,426396
page_index,time_cycles
0,425504
page_index,time_cycles
0,419382
page_index,time_cycles
0,411088
page_index,time_cycles
0,416292
page_index,time_cycles
0,422454
page_index,time_cycles
0,439634
page_index,time_cycles
0,417980
page_index,time_cycles
0,433966
page_index,time_cycles
0,437160
page_index,time_cycles
0,420402
page_index,time_cycles
0,411760
page_index,time_cycles
0,415268
page_index,time_cycles
0,423192
page_index,time_cycles
0,426994
page_index,time_cycles
0,420430
page_index,time_cycles
0,425306
page_index,time_cycles
0,416584
page_index,time_cycles
0,421518
page_index,time_cycles
0,471698
page_index,time_cycles
0,463526
page_index,time_cycles
0,414834
page_index,time_cycles
0,454812
page_index,time_cycles
0,425784
page_index,time_cycles
0,424774
page_index,time_cycles
0,428520
page_index,time_cycles
0,418408
page_index,time_cycles
0,434780
page_index,time_cycles
0,422892
page_index,time_cycles
0,413932
page_index,time_cycles
0,415978
page_index,time_cycles
0,435124
page_index,time_cycles
0,414308
page_index,time_cycles
0,549656
page_index,time_cycles
0,464412
page_index,time_cycles
0,424000
page_index,time_cycles
0,414802
page_index,time_cycles
0,429290
page_index,time_cycles
0,418552
page_index,time_cycles
0,416552
page_index,time_cycles
0,422406
page_index,time_cycles
0,417598
page_index,time_cycles
0,413038
page_index,time_cycles
0,415416
page_index,time_cycles
0,414688
page_index,time_cycles
0,411256
page_index,time_cycles
0,419742
page_index,time_cycles
0,425764
page_index,time_cycles
0,475722
page_index,time_cycles
0,445356
page_index,time_cycles
0,416996
page_index,time_cycles
0,436460
page_index,time_cycles
0,415046
page_index,time_cycles
0,428702
page_index,time_cycles
0,414932
page_index,time_cycles
0,456228
page_index,time_cycles
0,428054
page_index,time_cycles
0,414398
page_index,time_cycles
0,438772
page_index,time_cycles
0,412692
page_index,time_cycles
0,424782
page_index,time_cycles
0,427106
page_index,time_cycles
0,419746
page_index,time_cycles
0,421482
page_index,time_cycles
0,437428
page_index,time_cycles
0,415350
page_index,time_cycles
0,417664
page_index,time_cycles
0,421024
page_index,time_cycles
0,438770
page_index,time_cycles
0,412864
page_index,time_cycles
0,439124
page_index,time_cycles
0,512394
page_index,time_cycles
0,457256
page_index,time_cycles
0,430882
page_index,time_cycles
0,413914
page_index,time_cycles
0,415566
page_index,time_cycles
0,429512
page_index,time_cycles
0,418026
page_index,time_cycles
0,415314
page_index,time_cycles
0,424504
page_index,time_cycles
0,428342
page_index,time_cycles
0,466910
page_index,time_cycles
0,420726
page_index,time_cycles
0,416836
page_index,time_cycles
0,420252
page_index,time_cycles
0,427054
page_index,time_cycles
0,471494
page_index,time_cycles
0,419776
page_index,time_cycles
0,430122
page_index,time_cycles
0,433960
page_index,time_cycles
0,435196
page_index,time_cycles
0,413572
page_index,time_cycles
0,443004
page_index,time_cycles
0,425592
page_index,time_cycles
0,428754
page_index,time_cycles
0,410352
page_index,time_cycles
0,418718
page_index,time_cycles
0,434104
page_index,time_cycles
0,415258
page_index,time_cycles
0,456660
page_index,time_cycles
0,429124
page_index,time_cycles
0,425706
page_index,time_cycles
0,417884
page_index,time_cycles
0,423292
page_index,time_cycles
0,414282
page_index,time_cycles
0,413582
page_index,time_cycles
0,435672
page_index,time_cycles
0,428916
page_index,time_cycles
0,436760
page_index,time_cycles
0,415878
page_index,time_cycles
0,415366
page_index,time_cycles
0,415606
page_index,time_cycles
0,413700
page_index,time_cycles
0,430112
page_index,time_cycles
0,456076
page_index,time_cycles
0,422308
page_index,time_cycles
0,436138
page_index,time_cycles
0,417026
page_index,time_cycles
0,426510
page_index,time_cycles
0,415344
page_index,time_cycles
0,414992
page_index,time_cycles
0,415516
page_index,time_cycles
0,431124
page_index,time_cycles
0,454052
page_index,time_cycles
0,451834
page_index,time_cycles
0,439042
page_index,time_cycles
0,421596
page_index,time_cycles
0,425568
page_index,time_cycles
0,415526
page_index,time_cycles
0,426260
page_index,time_cycles
0,419878
page_index,time_cycles
0,415668
page_index,time_cycles
0,419010
page_index,time_cycles
0,457204
page_index,time_cycles
0,422218
page_index,time_cycles
0,427936
page_index,time_cycles
0,461154
page_index,time_cycles
0,457468
page_index,time_cycles
0,426966
page_index,time_cycles
0,423330
page_index,time_cycles
0,416472
page_index,time_cycles
0,494332
page_index,time_cycles
0,415612
page_index,time_cycles
0,431808
page_index,time_cycles
0,413674
page_index,time_cycles
0,420300
page_index,time_cycles
0,460300
page_index,time_cycles
0,464340
page_index,time_cycles
0,437358
page_index,time_cycles
0,414354
page_index,time_cycles
0,414198
page_index,time_cycles
0,436772
page_index,time_cycles
0,414944
page_index,time_cycles
0,417362
page_index,time_cycles
0,458016
page_index,time_cycles
0,431276
page_index,time_cycles
0,413858
page_index,time_cycles
0,434264
page_index,time_cycles
0,429266
page_index,time_cycles
0,414378
page_index,time_cycles
0,422104
page_index,time_cycles
0,435972
page_index,time_cycles
0,429406
page_index,time_cycles
0,494934
page_index,time_cycles
0,430560
page_index,time_cycles
0,421058
page_index,time_cycles
0,415444
page_index,time_cycles
0,414332
page_index,time_cycles
0,418012
page_index,time_cycles
0,421676
page_index,time_cycles
0,442958
page_index,time_cycles
0,418296
page_index,time_cycles
0,438108
page_index,time_cycles
0,425394
page_index,time_cycles
0,423430
page_index,time_cycles
0,436248
page_index,time_cycles
0,420430
page_index,time_cycles
0,430186
page_index,time_cycles
0,428236
page_index,time_cycles
0,413288
page_index,time_cycles
0,412922
page_index,time_cycles
0,436004
page_index,time_cycles
0,414118
page_index,time_cycles
0,414358
page_index,time_cycles
0,417530
page_index,time_cycles
0,419926
page_index,time_cycles
0,420464
page_index,time_cycles
0,418104
page_index,time_cycles
0,422284
page_index,time_cycles
0,424192
page_index,time_cycles
0,419768
page_index,time_cycles
0,415398
page_index,time_cycles
0,416426
page_index,time_cycles
0,413024
page_index,time_cycles
0,414068
page_index,time_cycles
0,417374
page_index,time_cycles
0,418004
page_index,time_cycles
0,426206
page_index,time_cycles
0,454136
page_index,time_cycles
0,462328
page_index,time_cycles
0,427316
page_index,time_cycles
0,431016
page_index,time_cycles
0,437542
page_index,time_cycles
0,424242
page_index,time_cycles
0,414216
page_index,time_cycles
0,441928
page_index,time_cycles
0,424580
page_index,time_cycles
0,425564
page_index,time_cycles
0,428282
page_index,time_cycles
0,432842
page_index,time_cycles
0,424896
page_index,time_cycles
0,450852
page_index,time_cycles
0,439146
page_index,time_cycles
0,418556
page_index,time_cycles
0,417968
page_index,time_cycles
0,411536
page_index,time_cycles
0,415428
page_index,time_cycles
0,419778
page_index,time_cycles
0,416874
page_index,time_cycles
0,433346
page_index,time_cycles
0,428742
page_index,time_cycles
0,431722
page_index,time_cycles
0,415542
page_index,time_cycles
0,420648
page_index,time_cycles
0,412636
page_index,time_cycles
0,431562
page_index,time_cycles
0,413420
page_index,time_cycles
0,413782
page_index,time_cycles
0,418152
page_index,time_cycles
0,414846
page_index,time_cycles
0,446224
page_index,time_cycles
0,445896
page_index,time_cycles
0,424546
page_index,time_cycles
0,426950
page_index,time_cycles
0,425952
page_index,time_cycles
0,414476
page_index,time_cycles
0,419198
page_index,time_cycles
0,441292
page_index,time_cycles
0,413212
page_index,time_cycles
0,412644
page_index,time_cycles
0,428920
page_index,time_cycles
0,415166
page_index,time_cycles
0,418840
page_index,time_cycles
0,415386
page_index,time_cycles
0,422166
page_index,time_cycles
0,431574
page_index,time_cycles
0,416348
page_index,time_cycles
0,428392
page_index,time_cycles
0,414768
page_index,time_cycles
0,409722
page_index,time_cycles
0,411730
page_index,time_cycles
0,435008
page_index,time_cycles
0,428582
page_index,time_cycles
0,448740
page_index,time_cycles
0,410902
page_index,time_cycles
0,431194
page_index,time_cycles
0,431648
page_index,time_cycles
0,416566
page_index,time_cycles
0,412390
page_index,time_cycles
0,437128
page_index,time_cycles
0,428196
page_index,time_cycles
0,417816
page_index,time_cycles
0,417992
page_index,time_cycles
0,439034
page_index,time_cycles
0,435512
page_index,time_cycles
0,415512
page_index,time_cycles
0,420694
page_index,time_cycles
0,422736
page_index,time_cycles
0,420696
page_index,time_cycles
0,443720
page_index,time_cycles
0,432548
page_index,time_cycles
0,438232
page_index,time_cycles
0,418656
page_index,time_cycles
0,413298
page_index,time_cycles
0,422572
page_index,time_cycles
0,417156
page_index,time_cycles
0,419502
page_index,time_cycles
0,418336
page_index,time_cycles
0,431496
page_index,time_cycles
0,421326
page_index,time_cycles
0,453762
page_index,time_cycles
0,424136
page_index,time_cycles
0,425290
page_index,time_cycles
0,425740
page_index,time_cycles
0,416258
page_index,time_cycles
0,419186
page_index,time_cycles
0,431506
page_index,time_cycles
0,449846
page_index,time_cycles
0,421416
page_index,time_cycles
0,418526
page_index,time_cycles
0,428278
page_index,time_cycles
0,412402
page_index,time_cycles
0,473518
page_index,time_cycles
0,420948
page_index,time_cycles
0,414114
page_index,time_cycles
0,429922
page_index,time_cycles
0,430888
page_index,time_cycles
0,417198
page_index,time_cycles
0,422064
page_index,time_cycles
0,417088
page_index,time_cycles
0,430664
page_index,time_cycles
0,412930
page_index,time_cycles
0,419316
page_index,time_cycles
0,416390
page_index,time_cycles
0,427050
page_index,time_cycles
0,415982
page_index,time_cycles
0,432458
page_index,time_cycles
0,427608
page_index,time_cycles
0,413256
page_index,time_cycles
0,482766
page_index,time_cycles
0,435166
page_index,time_cycles
0,414752
page_index,time_cycles
0,442004
page_index,time_cycles
0,416644
page_index,time_cycles
0,437512
page_index,time_cycles
0,423658
page_index,time_cycles
0,434272
page_index,time_cycles
0,418346
page_index,time_cycles
0,426140
page_index,time_cycles
0,435828
page_index,time_cycles
0,432532
page_index,time_cycles
0,417750
page_index,time_cycles
0,431260
page_index,time_cycles
0,428620
page_index,time_cycles
0,429166
page_index,time_cycles
0,417748
page_index,time_cycles
0,415770
page_index,time_cycles
0,419044
page_index,time_cycles
0,440890
page_index,time_cycles
0,435606
page_index,time_cycles
0,418428
page_index,time_cycles
0,428658
page_index,time_cycles
0,425650
page_index,time_cycles
0,421246
page_index,time_cycles
0,435944
page_index,time_cycles
0,414004
page_index,time_cycles
0,431200
page_index,time_cycles
0,445994
page_index,time_cycles
0,431060
page_index,time_cycles
0,423314
page_index,time_cycles
0,413890
page_index,time_cycles
0,427052
page_index,time_cycles
0,422216
page_index,time_cycles
0,441906
page_index,time_cycles
0,417744
page_index,time_cycles
0,433676
page_index,time_cycles
0,419926
page_index,time_cycles
0,415702
page_index,time_cycles
0,430134
page_index,time_cycles
0,439338
page_index,time_cycles
0,419088
page_index,time_cycles
0,440884
page_index,time_cycles
0,439120
page_index,time_cycles
0,436784
page_index,time_cycles
0,425390
page_index,time_cycles
0,417426
page_index,time_cycles
0,418744
page_index,time_cycles
0,451000
page_index,time_cycles
0,429898
page_index,time_cycles
0,438016
page_index,time_cycles
0,431902
page_index,time_cycles
0,425216
page_index,time_cycles
0,447104
page_index,time_cycles
0,417030
page_index,time_cycles
0,428558
page_index,time_cycles
0,426940
page_index,time_cycles
0,417818
page_index,time_cycles
0,431232
page_index,time_cycles
0,423442
page_index,time_cycles
0,428222
page_index,time_cycles
0,415436
page_index,time_cycles
0,416812
page_index,time_cycles
0,447178
page_index,time_cycles
0,426942
page_index,time_cycles
0,424576
page_index,time_cycles
0,426566
page_index,time_cycles
0,417090
page_index,time_cycles
0,415238
page_index,time_cycles
0,429414
page_index,time_cycles
0,449356
page_index,time_cycles
0,445188
page_index,time_cycles
0,419766
page_index,time_cycles
0,474078
page_index,time_cycles
0,412398
page_index,time_cycles
0,422870
page_index,time_cycles
0,434748
page_index,time_cycles
0,420984
page_index,time_cycles
0,506040
page_index,time_cycles
0,434318
page_index,time_cycles
0,419194
page_index,time_cycles
0,423544
page_index,time_cycles
0,416742
page_index,time_cycles
0,426522
page_index,time_cycles
0,415438
page_index,time_cycles
0,416500
page_index,time_cycles
0,422674
page_index,time_cycles
0,448948
page_index,time_cycles
0,421850
page_index,time_cycles
0,525056
page_index,time_cycles
0,434532
page_index,time_cycles
0,435358
page_index,time_cycles
0,416608
page_index,time_cycles
0,401590
page_index,time_cycles
0,425648
page_index,time_cycles
0,414758
page_index,time_cycles
0,433434
page_index,time_cycles
0,429348
page_index,time_cycles
0,428316
page_index,time_cycles
0,426752
page_index,time_cycles
0,452256
page_index,time_cycles
0,437708
page_index,time_cycles
0,436892
page_index,time_cycles
0,423972
page_index,time_cycles
0,449750
page_index,time_cycles
0,418744
page_index,time_cycles
0,437296
page_index,time_cycles
0,414138
page_index,time_cycles
0,426554
page_index,time_cycles
0,434004
page_index,time_cycles
0,415468
page_index,time_cycles
0,428154
page_index,time_cycles
0,414874
page_index,time_cycles
0,418992
page_index,time_cycles
0,436110
page_index,time_cycles
0,427170
page_index,time_cycles
0,439270
page_index,time_cycles
0,419498
page_index,time_cycles
0,413980
page_index,time_cycles
0,426200
page_index,time_cycles
0,417880
page_index,time_cycles
0,426900
page_index,time_cycles
0,442696
page_index,time_cycles
0,414022
page_index,time_cycles
0,452492
page_index,time_cycles
0,493224
page_index,time_cycles
0,515370
page_index,time_cycles
0,432728
page_index,time_cycles
0,413624
page_index,time_cycles
0,430196
page_index,time_cycles
0,417324
page_index,time_cycles
0,422276
page_index,time_cycles
0,419550
page_index,time_cycles
0,416496
page_index,time_cycles
0,416464
page_index,time_cycles
0,413544
page_index,time_cycles
0,440382
page_index,time_cycles
0,428052
page_index,time_cycles
0,425882
page_index,time_cycles
0,411750
page_index,time_cycles
0,463412
page_index,time_cycles
0,429228
page_index,time_cycles
0,418822
page_index,time_cycles
0,418794
page_index,time_cycles
0,411324
page_index,time_cycles
0,446018
page_index,time_cycles
0,427620
page_index,time_cycles
0,442978
page_index,time_cycles
0,427154
page_index,time_cycles
0,422374
page_index,time_cycles
0,422830
page_index,time_cycles
0,431610
page_index,time_cycles
0,461200
page_index,time_cycles
0,417280
page_index,time_cycles
0,422764
page_index,time_cycles
0,456720
page_index,time_cycles
0,417642
page_index,time_cycles
0,421138
page_index,time_cycles
0,435174
page_index,time_cycles
0,416328
page_index,time_cycles
0,415652
page_index,time_cycles
0,422168
page_index,time_cycles
0,495728
page_index,time_cycles
0,424172
page_index,time_cycles
0,435446
page_index,time_cycles
0,431536
page_index,time_cycles
0,426302
page_index,time_cycles
0,419596
page_index,time_cycles
0,416288
page_index,time_cycles
0,413086
page_index,time_cycles
0,464582
page_index,time_cycles
0,418434
page_index,time_cycles
0,446290
page_index,time_cycles
0,429296
page_index,time_cycles
0,420746
page_index,time_cycles
0,422662
page_index,time_cycles
0,461768
page_index,time_cycles
0,418482
page_index,time_cycles
0,422458
page_index,time_cycles
0,449430
page_index,time_cycles
0,415422
page_index,time_cycles
0,431382
page_index,time_cycles
0,417306
page_index,time_cycles
0,419778
page_index,time_cycles
0,438094
page_index,time_cycles
0,433962
page_index,time_cycles
0,420582
page_index,time_cycles
0,424788
page_index,time_cycles
0,418538
page_index,time_cycles
0,522510
page_index,time_cycles
0,426630
page_index,time_cycles
0,418300
page_index,time_cycles
0,422132
page_index,time_cycles
0,416094
page_index,time_cycles
0,428618
page_index,time_cycles
0,440618
page_index,time_cycles
0,419874
page_index,time_cycles
0,417122
page_index,time_cycles
0,415012
page_index,time_cycles
0,416224
page_index,time_cycles
0,418582
page_index,time_cycles
0,424698
page_index,time_cycles
0,428268
page_index,time_cycles
0,490866
page_index,time_cycles
0,446806
page_index,time_cycles
0,423740
page_index,time_cycles
0,418196
page_index,time_cycles
0,422210
page_index,time_cycles
0,409770
page_index,time_cycles
0,419510
page_index,time_cycles
0,416248
page_index,time_cycles
0,419872
page_index,time_cycles
0,499890
page_index,time_cycles
0,416434
page_index,time_cycles
0,415350
page_index,time_cycles
0,433290
page_index,time_cycles
0,417682
page_index,time_cycles
0,419174
page_index,time_cycles
0,480298
page_index,time_cycles
0,439278
page_index,time_cycles
0,421832
page_index,time_cycles
0,410162
page_index,time_cycles
0,466382
page_index,time_cycles
0,419752
page_index,time_cycles
0,422004
page_index,time_cycles
0,429482
page_index,time_cycles
0,436850
page_index,time_cycles
0,480070
page_index,time_cycles
0,430798
page_index,time_cycles
0,429864
page_index,time_cycles
0,427600
page_index,time_cycles
0,428462
page_index,time_cycles
0,426086
page_index,time_cycles
0,426314
page_index,time_cycles
0,417376
page_index,time_cycles
0,468300
page_index,time_cycles
0,416892
page_index,time_cycles
0,439430
page_index,time_cycles
0,443098
page_index,time_cycles
0,428596
page_index,time_cycles
0,419478
page_index,time_cycles
0,417630
page_index,time_cycles
0,534060
page_index,time_cycles
0,416094
page_index,time_cycles
0,424742
page_index,time_cycles
0,415758
page_index,time_cycles
0,419870
page_index,time_cycles
0,450342
page_index,time_cycles
0,417596
page_index,time_cycles
0,424226
page_index,time_cycles
0,460950
page_index,time_cycles
0,415184
page_index,time_cycles
0,416612
page_index,time_cycles
0,505120
page_index,time_cycles
0,432726
page_index,time_cycles
0,424008
page_index,time_cycles
0,415198
page_index,time_cycles
0,419242
page_index,time_cycles
0,414774
page_index,time_cycles
0,409670
page_index,time_cycles
0,457120
page_index,time_cycles
0,413720
page_index,time_cycles
0,419220
page_index,time_cycles
0,429248
page_index,time_cycles
0,446552
page_index,time_cycles
0,418486
page_index,time_cycles
0,429352
page_index,time_cycles
0,429698
page_index,time_cycles
0,419694
page_index,time_cycles
0,505486
page_index,time_cycles
0,417142
page_index,time_cycles
0,424456
page_index,time_cycles
0,428124
page_index,time_cycles
0,411472
page_index,time_cycles
0,435186
page_index,time_cycles
0,426086
page_index,time_cycles
0,423982
page_index,time_cycles
0,424412
page_index,time_cycles
0,430684
page_index,time_cycles
0,428100
page_index,time_cycles
0,425756
page_index,time_cycles
0,443524
page_index,time_cycles
0,414766
page_index,time_cycles
0,439034
page_index,time_cycles
0,415442
page_index,time_cycles
0,420788
page_index,time_cycles
0,442426
page_index,time_cycles
0,414650
page_index,time_cycles
0,433066
page_index,time_cycles
0,422408
page_index,time_cycles
0,422148
page_index,time_cycles
0,482140
page_index,time_cycles
0,415690
page_index,time_cycles
0,433004
page_index,time_cycles
0,467292
page_index,time_cycles
0,426210
page_index,time_cycles
0,430394
page_index,time_cycles
0,412772
page_index,time_cycles
0,423274
page_index,time_cycles
0,411582
page_index,time_cycles
0,417412
page_index,time_cycles
0,418588
page_index,time_cycles
0,414302
page_index,time_cycles
0,424400
page_index,time_cycles
0,414006
page_index,time_cycles
0,430444
page_index,time_cycles
0,429562
page_index,time_cycles
0,449184
page_index,time_cycles
0,425764
page_index,time_cycles
0,825678
page_index,time_cycles
0,422828
page_index,time_cycles
0,416382
page_index,time_cycles
0,429066
page_index,time_cycles
0,477098
page_index,time_cycles
0,420582
page_index,time_cycles
0,436928
page_index,time_cycles
0,418524
page_index,time_cycles
0,420540
page_index,time_cycles
0,430308
page_index,time_cycles
0,440202
page_index,time_cycles
0,453772
page_index,time_cycles
0,461556
page_index,time_cycles
0,432864
page_index,time_cycles
0,425578
page_index,time_cycles
0,460514
page_index,time_cycles
0,422878
page_index,time_cycles
0,431368
page_index,time_cycles
0,419724
page_index,time_cycles
0,418968
page_index,time_cycles
0,424708
page_index,time_cycles
0,447924
page_index,time_cycles
0,458470
page_index,time_cycles
0,415970
page_index,time_cycles
0,415882
page_index,time_cycles
0,425830
page_index,time_cycles
0,419988
page_index,time_cycles
0,434538
page_index,time_cycles
0,423284
page_index,time_cycles
0,418622
page_index,time_cycles
0,452802
page_index,time_cycles
0,424618
page_index,time_cycles
0,426646
page_index,time_cycles
0,416076
page_index,time_cycles
0,434364
page_index,time_cycles
0,452222
page_index,time_cycles
0,454584
page_index,time_cycles
0,417564
page_index,time_cycles
0,416358
page_index,time_cycles
0,428576
page_index,time_cycles
0,432880
page_index,time_cycles
0,426962
page_index,time_cycles
0,450330
page_index,time_cycles
0,445804
page_index,time_cycles
0,426960
page_index,time_cycles
0,718376
page_index,time_cycles
0,426436
page_index,time_cycles
0,433208
page_index,time_cycles
0,418054
page_index,time_cycles
0,437806
page_index,time_cycles
0,454364
page_index,time_cycles
0,431094
page_index,time_cycles
0,428034
page_index,time_cycles
0,436840
page_index,time_cycles
0,413786
page_index,time_cycles
0,477638
page_index,time_cycles
0,416796
page_index,time_cycles
0,422322
page_index,time_cycles
0,416012
page_index,time_cycles
0,432922
page_index,time_cycles
0,474178
page_index,time_cycles
0,435874
page_index,time_cycles
0,417962
page_index,time_cycles
0,417324
page_index,time_cycles
0,430386
page_index,time_cycles
0,417506
page_index,time_cycles
0,417032
page_index,time_cycles
0,429102
page_index,time_cycles
0,421308
page_index,time_cycles
0,596054
page_index,time_cycles
0,418534
page_index,time_cycles
0,431878
page_index,time_cycles
0,419674
page_index,time_cycles
0,416828
page_index,time_cycles
0,428688
page_index,time_cycles
0,417244
page_index,time_cycles
0,421280
page_index,time_cycles
0,425892
page_index,time_cycles
0,417558
page_index,time_cycles
0,421850
page_index,time_cycles
0,452934
page_index,time_cycles
0,415912
page_index,time_cycles
0,451692
page_index,time_cycles
0,527628
page_index,time_cycles
0,447206
page_index,time_cycles
0,420248
page_index,time_cycles
0,438860
page_index,time_cycles
0,451280
page_index,time_cycles
0,436790
page_index,time_cycles
0,428072
page_index,time_cycles
0,419190
page_index,time_cycles
0,427808
page_index,time_cycles
0,431814
page_index,time_cycles
0,421182
page_index,time_cycles
0,447294
page_index,time_cycles
0,422548
page_index,time_cycles
0,414238
page_index,time_cycles
0,423460
page_index,time_cycles
0,440684
page_index,time_cycles
0,442122
page_index,time_cycles
0,426570
page_index,time_cycles
0,428946
page_index,time_cycles
0,464956
page_index,time_cycles
0,474634
page_index,time_cycles
0,479228
page_index,time_cycles
0,436466
page_index,time_cycles
0,435844
page_index,time_cycles
0,416024
page_index,time_cycles
0,436034
page_index,time_cycles
0,413416
page_index,time_cycles
0,414270
page_index,time_cycles
0,427060
page_index,time_cycles
0,421112
page_index,time_cycles
0,412326
page_index,time_cycles
0,413172
page_index,time_cycles
0,463500
page_index,time_cycles
0,411580
page_index,time_cycles
0,425312
page_index,time_cycles
0,415140
page_index,time_cycles
0,427686
page_index,time_cycles
0,424622
page_index,time_cycles
0,414526
page_index,time_cycles
0,421248
page_index,time_cycles
0,465694
page_index,time_cycles
0,455584
page_index,time_cycles
0,410010
page_index,time_cycles
0,468606
page_index,time_cycles
0,416410
page_index,time_cycles
0,418402
page_index,time_cycles
0,427774
page_index,time_cycles
0,422756
page_index,time_cycles
0,432878
page_index,time_cycles
0,426562
page_index,time_cycles
0,424926
page_index,time_cycles
0,427284
page_index,time_cycles
0,421186
page_index,time_cycles
0,413790
page_index,time_cycles
0,450712
page_index,time_cycles
0,420532
page_index,time_cycles
0,417590
page_index,time_cycles
0,427538
page_index,time_cycles
0,441578
page_index,time_cycles
0,418296
page_index,time_cycles
0,419474
page_index,time_cycles
0,416242
page_index,time_cycles
0,438830
page_index,time_cycles
0,425632
page_index,time_cycles
0,427852
page_index,time_cycles
0,440684
page_index,time_cycles
0,426200
page_index,time_cycles
0,424160
page_index,time_cycles
0,520286
page_index,time_cycles
0,468704
page_index,time_cycles
0,460024
page_index,time_cycles
0,428968
page_index,time_cycles
0,420376
page_index,time_cycles
0,437990
page_index,time_cycles
0,420620
page_index,time_cycles
0,444362
page_index,time_cycles
0,413332
page_index,time_cycles
0,456332
page_index,time_cycles
0,414104
page_index,time_cycles
0,419424
page_index,time_cycles
0,415262
page_index,time_cycles
0,427004
page_index,time_cycles
0,419040
page_index,time_cycles
0,429504
page_index,time_cycles
0,421260
page_index,time_cycles
0,421542
page_index,time_cycles
0,430016
page_index,time_cycles
0,409558
page_index,time_cycles
0,432476
page_index,time_cycles
0,432802
page_index,time_cycles
0,415988
page_index,time_cycles
0,418658
page_index,time_cycles
0,415340
page_index,time_cycles
0,426976
page_index,time_cycles
0,428872
page_index,time_cycles
0,423916
page_index,time_cycles
0,418948
page_index,time_cycles
0,415672
page_index,time_cycles
0,534708
page_index,time_cycles
0,423690
page_index,time_cycles
0,442954
page_index,time_cycles
0,450362
page_index,time_cycles
0,438478
page_index,time_cycles
0,417390
page_index,time_cycles
0,434750
page_index,time_cycles
0,420498
page_index,time_cycles
0,446494
page_index,time_cycles
0,433376
page_index,time_cycles
0,417236
page_index,time_cycles
0,442080
page_index,time_cycles
0,426266
page_index,time_cycles
0,419958
page_index,time_cycles
0,456430
page_index,time_cycles
0,416762
page_index,time_cycles
0,435304
page_index,time_cycles
0,456086
page_index,time_cycles
0,419982
page_index,time_cycles
0,431060
page_index,time_cycles
0,415990
page_index,time_cycles
0,427066
page_index,time_cycles
0,418534
page_index,time_cycles
0,426382
page_index,time_cycles
0,413154
page_index,time_cycles
0,416550
page_index,time_cycles
0,419412
page_index,time_cycles
0,419376
page_index,time_cycles
0,430814
page_index,time_cycles
0,437254
page_index,time_cycles
0,438232
page_index,time_cycles
0,423274
page_index,time_cycles
0,413676
page_index,time_cycles
0,416014
page_index,time_cycles
0,413572
page_index,time_cycles
0,415038
page_index,time_cycles
0,419528
page_index,time_cycles
0,496644
page_index,time_cycles
0,454010
page_index,time_cycles
0,429904
page_index,time_cycles
0,438572
page_index,time_cycles
0,452226
page_index,time_cycles
0,441518
page_index,time_cycles
0,429678
page_index,time_cycles
0,454280
page_index,time_cycles
0,427620
page_index,time_cycles
0,450518
page_index,time_cycles
0,431962
page_index,time_cycles
0,418688
page_index,time_cycles
0,432010
page_index,time_cycles
0,419414
page_index,time_cycles
0,412308
page_index,time_cycles
0,424056
page_index,time_cycles
0,410750
page_index,time_cycles
0,419058
page_index,time_cycles
0,432052
page_index,time_cycles
0,426056
page_index,time_cycles
0,432526
page_index,time_cycles
0,433490
page_index,time_cycles
0,414552
page_index,time_cycles
0,416640
page_index,time_cycles
0,401906
page_index,time_cycles
0,420660
page_index,time_cycles
0,437222
page_index,time_cycles
0,429856
page_index,time_cycles
0,417266
page_index,time_cycles
0,434942
page_index,time_cycles
0,422536
page_index,time_cycles
0,420772
page_index,time_cycles
0,416082
page_index,time_cycles
0,425084
page_index,time_cycles
0,439832
page_index,time_cycles
0,424470
page_index,time_cycles
0,457146
page_index,time_cycles
0,432326
page_index,time_cycles
0,423786
page_index,time_cycles
0,418796
page_index,time_cycles
0,418304
page_index,time_cycles
0,427296
page_index,time_cycles
0,410262
page_index,time_cycles
0,418218
page_index,time_cycles
0,426292
page_index,time_cycles
0,428180
page_index,time_cycles
0,460624
page_index,time_cycles
0,435714
page_index,time_cycles
0,424442
page_index,time_cycles
0,418324
page_index,time_cycles
0,477032
page_index,time_cycles
0,425384
page_index,time_cycles
0,428658
page_index,time_cycles
0,465696
page_index,time_cycles
0,435278
page_index,time_cycles
0,411608
page_index,time_cycles
0,415992
page_index,time_cycles
0,460018
page_index,time_cycles
0,426818
page_index,time_cycles
0,423928
page_index,time_cycles
0,479332
page_index,time_cycles
0,419008
page_index,time_cycles
0,464314
page_index,time_cycles
0,451320
page_index,time_cycles
0,432106
page_index,time_cycles
0,421584
page_index,time_cycles
0,416374
page_index,time_cycles
0,430894
page_index,time_cycles
0,423340
page_index,time_cycles
0,419364
page_index,time_cycles
0,450454
page_index,time_cycles
0,427196
page_index,time_cycles
0,415880
page_index,time_cycles
0,419294
page_index,time_cycles
0,431050
page_index,time_cycles
0,414368
page_index,time_cycles
0,416498
page_index,time_cycles
0,418424
page_index,time_cycles
0,418768
page_index,time_cycles
0,423640
page_index,time_cycles
0,423956
page_index,time_cycles
0,429714
page_index,time_cycles
0,414246
page_index,time_cycles
0,422654
page_index,time_cycles
0,420988
page_index,time_cycles
0,452252
page_index,time_cycles
0,413742
page_index,time_cycles
0,419232
page_index,time_cycles
0,412608
page_index,time_cycles
0,429406
page_index,time_cycles
0,429326
page_index,time_cycles
0,423086
page_index,time_cycles
0,422812
page_index,time_cycles
0,429494
page_index,time_cycles
0,457420
page_index,time_cycles
0,427122
page_index,time_cycles
0,441212
page_index,time_cycles
0,420258
page_index,time_cycles
0,430990
page_index,time_cycles
0,430842
page_index,time_cycles
0,425268
page_index,time_cycles
0,425722
page_index,time_cycles
0,424766
page_index,time_cycles
0,416294
page_index,time_cycles
0,430220
page_index,time_cycles
0,417742
page_index,time_cycles
0,423576
page_index,time_cycles
0,424350
page_index,time_cycles
0,437548
page_index,time_cycles
0,424892
page_index,time_cycles
0,496554
page_index,time_cycles
0,415434
page_index,time_cycles
0,452262
page_index,time_cycles
0,421294
page_index,time_cycles
0,414280
page_index,time_cycles
0,455146
page_index,time_cycles
0,413276
page_index,time_cycles
0,419862
page_index,time_cycles
0,442682
page_index,time_cycles
0,420746
page_index,time_cycles
0,426200
page_index,time_cycles
0,428800
page_index,time_cycles
0,462376
page_index,time_cycles
0,418212
page_index,time_cycles
0,422730
page_index,time_cycles
0,415598
page_index,time_cycles
0,451684
page_index,time_cycles
0,426912
page_index,time_cycles
0,421324
page_index,time_cycles
0,420316
page_index,time_cycles
0,440122
page_index,time_cycles
0,426094
page_index,time_cycles
0,419352
page_index,time_cycles
0,495124
page_index,time_cycles
0,491112
page_index,time_cycles
0,413900
page_index,time_cycles
0,508142
page_index,time_cycles
0,412828
page_index,time_cycles
0,477838
page_index,time_cycles
0,433552
page_index,time_cycles
0,424732
page_index,time_cycles
0,463432
page_index,time_cycles
0,418246
page_index,time_cycles
0,423988
page_index,time_cycles
0,426706
page_index,time_cycles
0,417438
page_index,time_cycles
0,415906
page_index,time_cycles
0,420990
page_index,time_cycles
0,415566
page_index,time_cycles
0,418392
page_index,time_cycles
0,412822
page_index,time_cycles
0,413164
page_index,time_cycles
0,429780
page_index,time_cycles
0,416660
page_index,time_cycles
0,446296
page_index,time_cycles
0,414034
page_index,time_cycles
0,422752
page_index,time_cycles
0,416892
page_index,time_cycles
0,447756
page_index,time_cycles
0,431062
page_index,time_cycles
0,425764
page_index,time_cycles
0,416338
page_index,time_cycles
0,417578
page_index,time_cycles
0,446080
page_index,time_cycles
0,446964
page_index,time_cycles
0,425250
page_index,time_cycles
0,424474
page_index,time_cycles
0,436594
page_index,time_cycles
0,421260
page_index,time_cycles
0,421054
page_index,time_cycles
0,422924
page_index,time_cycles
0,414880
page_index,time_cycles
0,433920
page_index,time_cycles
0,416838
page_index,time_cycles
0,435306
page_index,time_cycles
0,420950
page_index,time_cycles
0,423352
page_index,time_cycles
0,425028
page_index,time_cycles
0,415034
page_index,time_cycles
0,420598
page_index,time_cycles
0,414014
page_index,time_cycles
0,418222
page_index,time_cycles
0,424494
page_index,time_cycles
0,412372
page_index,time_cycles
0,414786
page_index,time_cycles
0,416322
page_index,time_cycles
0,412906
page_index,time_cycles
0,416044
page_index,time_cycles
0,416600
page_index,time_cycles
0,442438
page_index,time_cycles
0,447580
page_index,time_cycles
0,460282
page_index,time_cycles
0,427682
page_index,time_cycles
0,414996
page_index,time_cycles
0,436526
page_index,time_cycles
0,416578
page_index,time_cycles
0,414638
page_index,time_cycles
0,428720
page_index,time_cycles
0,414670
page_index,time_cycles
0,433668
page_index,time_cycles
0,432174
page_index,time_cycles
0,410824
page_index,time_cycles
0,456660
page_index,time_cycles
0,469576
page_index,time_cycles
0,415022
page_index,time_cycles
0,416204
page_index,time_cycles
0,418414
page_index,time_cycles
0,481624
page_index,time_cycles
0,429214
page_index,time_cycles
0,416600
page_index,time_cycles
0,432540
page_index,time_cycles
0,424512
page_index,time_cycles
0,481658
page_index,time_cycles
0,418900
page_index,time_cycles
0,425806
page_index,time_cycles
0,415918
page_index,time_cycles
0,415728
page_index,time_cycles
0,418608
page_index,time_cycles
0,436848
page_index,time_cycles
0,425960
page_index,time_cycles
0,415618
page_index,time_cycles
0,399680
page_index,time_cycles
0,434260
page_index,time_cycles
0,427184
page_index,time_cycles
0,412596
page_index,time_cycles
0,437794
page_index,time_cycles
0,432362
page_index,time_cycles
0,468812
page_index,time_cycles
0,458318
page_index,time_cycles
0,415842
page_index,time_cycles
0,422012
page_index,time_cycles
0,431046
page_index,time_cycles
0,472786
page_index,time_cycles
0,412398
page_index,time_cycles
0,415632
page_index,time_cycles
0,415128
page_index,time_cycles
0,422638
page_index,time_cycles
0,417698
page_index,time_cycles
0,419402
page_index,time_cycles
0,415186
page_index,time_cycles
0,426198
page_index,time_cycles
0,439680
page_index,time_cycles
0,426510
page_index,time_cycles
0,427804
page_index,time_cycles
0,435982
page_index,time_cycles
0,479470
page_index,time_cycles
0,432122
page_index,time_cycles
0,450290
page_index,time_cycles
0,414690
page_index,time_cycles
0,478738
page_index,time_cycles
0,429628
page_index,time_cycles
0,415906
page_index,time_cycles
0,423684
page_index,time_cycles
0,416324
page_index,time_cycles
0,464916
page_index,time_cycles
0,433076
page_index,time_cycles
0,418046
page_index,time_cycles
0,418934
page_index,time_cycles
0,421826
page_index,time_cycles
0,424844
page_index,time_cycles
0,443890
page_index,time_cycles
0,416786
page_index,time_cycles
0,428818
page_index,time_cycles
0,428522
page_index,time_cycles
0,415150
page_index,time_cycles
0,410064
page_index,time_cycles
0,459682
page_index,time_cycles
0,415254
page_index,time_cycles
0,450384
page_index,time_cycles
0,417346
page_index,time_cycles
0,460874
page_index,time_cycles
0,425168
page_index,time_cycles
0,417266
page_index,time_cycles
0,430246
page_index,time_cycles
0,435720
page_index,time_cycles
0,426024
page_index,time_cycles
0,427314
page_index,time_cycles
0,432580
page_index,time_cycles
0,425568
page_index,time_cycles
0,417798
page_index,time_cycles
0,418618
page_index,time_cycles
0,427052
page_index,time_cycles
0,439896
page_index,time_cycles
0,414680
page_index,time_cycles
0,420986
page_index,time_cycles
0,419838
page_index,time_cycles
0,437832
page_index,time_cycles
0,421012
page_index,time_cycles
0,521754
page_index,time_cycles
0,423434
page_index,time_cycles
0,420524
page_index,time_cycles
0,416568
page_index,time_cycles
0,438414
page_index,time_cycles
0,467240
page_index,time_cycles
0,426330
page_index,time_cycles
0,414874
page_index,time_cycles
0,428346
page_index,time_cycles
0,433674
page_index,time_cycles
0,422016
page_index,time_cycles
0,457818
page_index,time_cycles
0,432862
page_index,time_cycles
0,504128
page_index,time_cycles
0,502640
page_index,time_cycles
0,457524
page_index,time_cycles
0,439980
page_index,time_cycles
0,429476
page_index,time_cycles
0,417002
page_index,time_cycles
0,430282
page_index,time_cycles
0,429052
page_index,time_cycles
0,421656
page_index,time_cycles
0,416388
page_index,time_cycles
0,417016
page_index,time_cycles
0,433316
page_index,time_cycles
0,415774
page_index,time_cycles
0,418674
page_index,time_cycles
0,423416
page_index,time_cycles
0,441220
page_index,time_cycles
0,422282
page_index,time_cycles
0,432670
page_index,time_cycles
0,412576
page_index,time_cycles
0,424754
page_index,time_cycles
0,425388
page_index,time_cycles
0,419690
page_index,time_cycles
0,415918
page_index,time_cycles
0,427200
page_index,time_cycles
0,415024
page_index,time_cycles
0,425940
page_index,time_cycles
0,421740
page_index,time_cycles
0,419572
page_index,time_cycles
0,425808
page_index,time_cycles
0,416874
page_index,time_cycles
0,419982
page_index,time_cycles
0,435128
page_index,time_cycles
0,413682
page_index,time_cycles
0,405462
page_index,time_cycles
0,477238
page_index,time_cycles
0,422842
page_index,time_cycles
0,432510
page_index,time_cycles
0,431020
page_index,time_cycles
0,478994
page_index,time_cycles
0,425504
page_index,time_cycles
0,426354
page_index,time_cycles
0,416678
page_index,time_cycles
0,422752
page_index,time_cycles
0,420480
page_index,time_cycles
0,412352
page_index,time_cycles
0,425712
page_index,time_cycles
0,427922
page_index,time_cycles
0,437280
page_index,time_cycles
0,430350
page_index,time_cycles
0,415810
page_index,time_cycles
0,482154
page_index,time_cycles
0,413890
page_index,time_cycles
0,415802
page_index,time_cycles
0,456460
page_index,time_cycles
0,428976
page_index,time_cycles
0,454280
page_index,time_cycles
0,421678
page_index,time_cycles
0,426686
page_index,time_cycles
0,414224
page_index,time_cycles
0,428054
page_index,time_cycles
0,424272
page_index,time_cycles
0,420958
page_index,time_cycles
0,422890
page_index,time_cycles
0,432152
page_index,time_cycles
0,417972
page_index,time_cycles
0,435514
page_index,time_cycles
0,413120
page_index,time_cycles
0,414378
page_index,time_cycles
0,423028
page_index,time_cycles
0,492966
page_index,time_cycles
0,483466
page_index,time_cycles
0,437270
page_index,time_cycles
0,420482
page_index,time_cycles
0,415512
page_index,time_cycles
0,429668
page_index,time_cycles
0,430590
page_index,time_cycles
0,416342
page_index,time_cycles
0,413828
page_index,time_cycles
0,427172
page_index,time_cycles
0,418240
page_index,time_cycles
0,425200
page_index,time_cycles
0,426668
page_index,time_cycles
0,418182
page_index,time_cycles
0,427750
page_index,time_cycles
0,432980
page_index,time_cycles
0,428010
page_index,time_cycles
0,456648
page_index,time_cycles
0,435852
page_index,time_cycles
0,444660
page_index,time_cycles
0,431402
page_index,time_cycles
0,422518
page_index,time_cycles
0,421672
page_index,time_cycles
0,420902
page_index,time_cycles
0,414228
page_index,time_cycles
0,417690
page_index,time_cycles
0,417314
page_index,time_cycles
0,417208
page_index,time_cycles
0,422960
page_index,time_cycles
0,416402
page_index,time_cycles
0,423380
page_index,time_cycles
0,442324
page_index,time_cycles
0,428704
page_index,time_cycles
0,414098
page_index,time_cycles
0,428166
page_index,time_cycles
0,424430
page_index,time_cycles
0,461196
page_index,time_cycles
0,417092
page_index,time_cycles
0,417396
page_index,time_cycles
0,414992
page_index,time_cycles
0,412054
page_index,time_cycles
0,417176
page_index,time_cycles
0,432918
page_index,time_cycles
0,417310
page_index,time_cycles
0,433674
page_index,time_cycles
0,416262
page_index,time_cycles
0,463828
page_index,time_cycles
0,500426
page_index,time_cycles
0,411090
page_index,time_cycles
0,432580
page_index,time_cycles
0,428512
page_index,time_cycles
0,428608
page_index,time_cycles
0,474222
page_index,time_cycles
0,415832
page_index,time_cycles
0,462102
page_index,time_cycles
0,421744
page_index,time_cycles
0,435508
page_index,time_cycles
0,483276
page_index,time_cycles
0,423932
page_index,time_cycles
0,458312
page_index,time_cycles
0,425070
page_index,time_cycles
0,428930
page_index,time_cycles
0,413830
page_index,time_cycles
0,416138
page_index,time_cycles
0,449014
page_index,time_cycles
0,430966
page_index,time_cycles
0,429910
page_index,time_cycles
0,420554
page_index,time_cycles
0,417728
page_index,time_cycles
0,421946
page_index,time_cycles
0,426492
page_index,time_cycles
0,423970
page_index,time_cycles
0,415684
page_index,time_cycles
0,502420
page_index,time_cycles
0,439000
page_index,time_cycles
0,424192
page_index,time_cycles
0,454310
page_index,time_cycles
0,424616
page_index,time_cycles
0,426938
page_index,time_cycles
0,438708
page_index,time_cycles
0,421640
page_index,time_cycles
0,423842
page_index,time_cycles
0,413992
page_index,time_cycles
0,436356
page_index,time_cycles
0,416200
page_index,time_cycles
0,436440
page_index,time_cycles
0,453062
page_index,time_cycles
0,426284
page_index,time_cycles
0,417466
page_index,time_cycles
0,415302
page_index,time_cycles
0,427576
page_index,time_cycles
0,416804
page_index,time_cycles
0,463856
page_index,time_cycles
0,426062
page_index,time_cycles
0,412930
page_index,time_cycles
0,416916
page_index,time_cycles
0,437910
page_index,time_cycles
0,419658
page_index,time_cycles
0,437974
page_index,time_cycles
0,420772
page_index,time_cycles
0,417224
page_index,time_cycles
0,418906
page_index,time_cycles
0,426652
page_index,time_cycles
0,422560
page_index,time_cycles
0,430442
page_index,time_cycles
0,420548
page_index,time_cycles
0,423764
page_index,time_cycles
0,412572
page_index,time_cycles
0,427446
page_index,time_cycles
0,426050
page_index,time_cycles
0,412896
page_index,time_cycles
0,424170
page_index,time_cycles
0,415546
page_index,time_cycles
0,471298
page_index,time_cycles
0,443298
page_index,time_cycles
0,433666
page_index,time_cycles
0,462730
page_index,time_cycles
0,425026
page_index,time_cycles
0,420234
page_index,time_cycles
0,413130
page_index,time_cycles
0,440816
page_index,time_cycles
0,432588
page_index,time_cycles
0,478856
page_index,time_cycles
0,418972
page_index,time_cycles
0,413344
page_index,time_cycles
0,421542
page_index,time_cycles
0,420046
page_index,time_cycles
0,426356
page_index,time_cycles
0,483308
page_index,time_cycles
0,445168
page_index,time_cycles
0,427460
page_index,time_cycles
0,458768
page_index,time_cycles
0,450584
page_index,time_cycles
0,413834
page_index,time_cycles
0,510846
page_index,time_cycles
0,430544
page_index,time_cycles
0,416582
page_index,time_cycles
0,424608
page_index,time_cycles
0,420742
page_index,time_cycles
0,440010
page_index,time_cycles
0,425864
page_index,time_cycles
0,416318
page_index,time_cycles
0,436194
page_index,time_cycles
0,425786
page_index,time_cycles
0,429820
page_index,time_cycles
0,414482
page_index,time_cycles
0,414836
page_index,time_cycles
0,413768
page_index,time_cycles
0,410330
page_index,time_cycles
0,427364
page_index,time_cycles
0,447432
page_index,time_cycles
0,417764
page_index,time_cycles
0,416912
page_index,time_cycles
0,417900
page_index,time_cycles
0,419238
page_index,time_cycles
0,474726
page_index,time_cycles
0,427932
page_index,time_cycles
0,425186
page_index,time_cycles
0,419654
page_index,time_cycles
0,426444
page_index,time_cycles
0,441348
page_index,time_cycles
0,450716
page_index,time_cycles
0,419848
page_index,time_cycles
0,429656
page_index,time_cycles
0,462914
page_index,time_cycles
0,423926
page_index,time_cycles
0,429130
page_index,time_cycles
0,459822
page_index,time_cycles
0,418158
page_index,time_cycles
0,422480
page_index,time_cycles
0,414560
page_index,time_cycles
0,413144
page_index,time_cycles
0,415074
page_index,time_cycles
0,418656
page_index,time_cycles
0,412610
page_index,time_cycles
0,427172
page_index,time_cycles
0,439266
page_index,time_cycles
0,417006
page_index,time_cycles
0,446826
page_index,time_cycles
0,417988
page_index,time_cycles
0,417880
page_index,time_cycles
0,441830
page_index,time_cycles
0,414418
page_index,time_cycles
0,433314
page_index,time_cycles
0,435304
page_index,time_cycles
0,421310
page_index,time_cycles
0,427904
page_index,time_cycles
0,566352
page_index,time_cycles
0,414978
page_index,time_cycles
0,430430
page_index,time_cycles
0,1039104
page_index,time_cycles
0,421634
page_index,time_cycles
0,416890
page_index,time_cycles
0,432350
page_index,time_cycles
0,419116
page_index,time_cycles
0,422812
page_index,time_cycles
0,433572
page_index,time_cycles
0,427462
page_index,time_cycles
0,432512
page_index,time_cycles
0,427280
page_index,time_cycles
0,411936
page_index,time_cycles
0,430428
page_index,time_cycles
0,431472
page_index,time_cycles
0,428420
page_index,time_cycles
0,419438
page_index,time_cycles
0,447716
page_index,time_cycles
0,431004
page_index,time_cycles
0,419518
page_index,time_cycles
0,415394
page_index,time_cycles
0,455928
page_index,time_cycles
0,429748
page_index,time_cycles
0,459750
page_index,time_cycles
0,502786
page_index,time_cycles
0,417372
page_index,time_cycles
0,417336
page_index,time_cycles
0,416888
page_index,time_cycles
0,414048
page_index,time_cycles
0,507734
page_index,time_cycles
0,459798
page_index,time_cycles
0,442334
page_index,time_cycles
0,424084
page_index,time_cycles
0,426898
page_index,time_cycles
0,418884
page_index,time_cycles
0,422676
page_index,time_cycles
0,417574
page_index,time_cycles
0,413348
page_index,time_cycles
0,418002
page_index,time_cycles
0,416132
page_index,time_cycles
0,485172
page_index,time_cycles
0,438010
page_index,time_cycles
0,433998
page_index,time_cycles
0,436244
page_index,time_cycles
0,418094
page_index,time_cycles
0,434570
page_index,time_cycles
0,416708
page_index,time_cycles
0,417254
page_index,time_cycles
0,417598
page_index,time_cycles
0,434120
page_index,time_cycles
0,437728
page_index,time_cycles
0,885398
page_index,time_cycles
0,418154
page_index,time_cycles
0,417198
page_index,time_cycles
0,429736
page_index,time_cycles
0,435228
page_index,time_cycles
0,471060
page_index,time_cycles
0,415160
page_index,time_cycles
0,456630
page_index,time_cycles
0,417846
page_index,time_cycles
0,425104
page_index,time_cycles
0,427312
page_index,time_cycles
0,412200
page_index,time_cycles
0,426856
page_index,time_cycles
0,437948
page_index,time_cycles
0,429360
page_index,time_cycles
0,418010
page_index,time_cycles
0,439144
page_index,time_cycles
0,422134
page_index,time_cycles
0,485878
page_index,time_cycles
0,418578
page_index,time_cycles
0,413680
page_index,time_cycles
0,427320
page_index,time_cycles
0,423752
page_index,time_cycles
0,468704
page_index,time_cycles
0,533954
page_index,time_cycles
0,416836
page_index,time_cycles
0,420546
page_index,time_cycles
0,449420
page_index,time_cycles
0,434790
page_index,time_cycles
0,418622
page_index,time_cycles
0,418064
page_index,time_cycles
0,432470
page_index,time_cycles
0,430230
page_index,time_cycles
0,438776
page_index,time_cycles
0,421462
page_index,time_cycles
0,416928
page_index,time_cycles
0,469230
page_index,time_cycles
0,440186
page_index,time_cycles
0,416504
page_index,time_cycles
0,411700
page_index,time_cycles
0,419920
page_index,time_cycles
0,422504
page_index,time_cycles
0,445592
page_index,time_cycles
0,468532
page_index,time_cycles
0,422416
page_index,time_cycles
0,430530
page_index,time_cycles
0,425574
page_index,time_cycles
0,413940
page_index,time_cycles
0,419176
page_index,time_cycles
0,413806
page_index,time_cycles
0,417436
page_index,time_cycles
0,411500
page_index,time_cycles
0,417432
page_index,time_cycles
0,437792
page_index,time_cycles
0,419760
page_index,time_cycles
0,417040
page_index,time_cycles
0,416874
page_index,time_cycles
0,463058
page_index,time_cycles
0,416448
page_index,time_cycles
0,426760
page_index,time_cycles
0,413862
page_index,time_cycles
0,435068
page_index,time_cycles
0,440102
page_index,time_cycles
0,422784
page_index,time_cycles
0,433602
page_index,time_cycles
0,434942
page_index,time_cycles
0,414600
page_index,time_cycles
0,438704
page_index,time_cycles
0,416284
page_index,time_cycles
0,476280
page_index,time_cycles
0,412426
page_index,time_cycles
0,415360
page_index,time_cycles
0,438446
page_index,time_cycles
0,427426
page_index,time_cycles
0,419928
page_index,time_cycles
0,412388
page_index,time_cycles
0,421674
page_index,time_cycles
0,533800
page_index,time_cycles
0,416914
page_index,time_cycles
0,411276
page_index,time_cycles
0,415492
page_index,time_cycles
0,421672
page_index,time_cycles
0,429132
page_index,time_cycles
0,415028
page_index,time_cycles
0,417038
page_index,time_cycles
0,454196
page_index,time_cycles
0,418384
page_index,time_cycles
0,490146
page_index,time_cycles
0,437676
page_index,time_cycles
0,413510
page_index,time_cycles
0,437214
page_index,time_cycles
0,419770
page_index,time_cycles
0,477678
page_index,time_cycles
0,424302
page_index,time_cycles
0,426618
page_index,time_cycles
0,439460
page_index,time_cycles
0,426932
page_index,time_cycles
0,492280
page_index,time_cycles
0,433222
page_index,time_cycles
0,426250
page_index,time_cycles
0,426066
page_index,time_cycles
0,429486
page_index,time_cycles
0,463816
page_index,time_cycles
0,420930
page_index,time_cycles
0,422330
page_index,time_cycles
0,417848
page_index,time_cycles
0,424370
page_index,time_cycles
0,424260
page_index,time_cycles
0,419450
page_index,time_cycles
0,430564
page_index,time_cycles
0,420032
page_index,time_cycles
0,421500
page_index,time_cycles
0,439240
page_index,time_cycles
0,415956
page_index,time_cycles
0,428540
page_index,time_cycles
0,411266
page_index,time_cycles
0,434786
page_index,time_cycles
0,413696
page_index,time_cycles
0,451834
page_index,time_cycles
0,420226
page_index,time_cycles
0,416280
page_index,time_cycles
0,415422
page_index,time_cycles
0,415264
page_index,time_cycles
0,419156
page_index,time_cycles
0,414626
page_index,time_cycles
0,461210
page_index,time_cycles
0,438612
page_index,time_cycles
0,490228
page_index,time_cycles
0,417122
page_index,time_cycles
0,419888
page_index,time_cycles
0,457484
page_index,time_cycles
0,435776
page_index,time_cycles
0,429182
page_index,time_cycles
0,433314
page_index,time_cycles
0,440618
page_index,time_cycles
0,433680
page_index,time_cycles
0,427654
page_index,time_cycles
0,450894
page_index,time_cycles
0,426154
page_index,time_cycles
0,418510
page_index,time_cycles
0,415536
page_index,time_cycles
0,438774
page_index,time_cycles
0,416014
page_index,time_cycles
0,419132
page_index,time_cycles
0,427242
page_index,time_cycles
0,420694
page_index,time_cycles
0,429780
page_index,time_cycles
0,420554
page_index,time_cycles
0,418286
page_index,time_cycles
0,423130
page_index,time_cycles
0,439026
page_index,time_cycles
0,417928
page_index,time_cycles
0,416148
page_index,time_cycles
0,432404
page_index,time_cycles
0,417118
page_index,time_cycles
0,433492
page_index,time_cycles
0,416782
page_index,time_cycles
0,416878
page_index,time_cycles
0,415012
page_index,time_cycles
0,427560
page_index,time_cycles
0,429762
page_index,time_cycles
0,426384
page_index,time_cycles
0,415230
page_index,time_cycles
0,454692
page_index,time_cycles
0,416134
page_index,time_cycles
0,419138
page_index,time_cycles
0,414264
page_index,time_cycles
0,438922
page_index,time_cycles
0,412608
page_index,time_cycles
0,413988
page_index,time_cycles
0,477944
page_index,time_cycles
0,413666
page_index,time_cycles
0,413110
page_index,time_cycles
0,421802
page_index,time_cycles
0,456156
page_index,time_cycles
0,429294
page_index,time_cycles
0,419864
page_index,time_cycles
0,414390
page_index,time_cycles
0,430588
page_index,time_cycles
0,429094
page_index,time_cycles
0,452478
page_index,time_cycles
0,463366
page_index,time_cycles
0,416046
page_index,time_cycles
0,418518
page_index,time_cycles
0,424454
page_index,time_cycles
0,477360
page_index,time_cycles
0,421010
page_index,time_cycles
0,418574
page_index,time_cycles
0,414684
page_index,time_cycles
0,424062
page_index,time_cycles
0,417596
page_index,time_cycles
0,433656
page_index,time_cycles
0,414482
page_index,time_cycles
0,413412
page_index,time_cycles
0,425910
page_index,time_cycles
0,432168
page_index,time_cycles
0,421186
page_index,time_cycles
0,448728
page_index,time_cycles
0,428216
page_index,time_cycles
0,427000
page_index,time_cycles
0,431822
page_index,time_cycles
0,419128
page_index,time_cycles
0,414716
page_index,time_cycles
0,424084
page_index,time_cycles
0,423860
page_index,time_cycles
0,418134
page_index,time_cycles
0,470954
page_index,time_cycles
0,413074
page_index,time_cycles
0,447476
page_index,time_cycles
0,416186
page_index,time_cycles
0,435766
page_index,time_cycles
0,418262
page_index,time_cycles
0,419580
page_index,time_cycles
0,459480
page_index,time_cycles
0,487968
page_index,time_cycles
0,419092
page_index,time_cycles
0,422500
page_index,time_cycles
0,422404
page_index,time_cycles
0,411878
page_index,time_cycles
0,419368
page_index,time_cycles
0,424446
page_index,time_cycles
0,432884
page_index,time_cycles
0,420838
page_index,time_cycles
0,415022
page_index,time_cycles
0,430432
page_index,time_cycles
0,418762
page_index,time_cycles
0,418146
page_index,time_cycles
0,426790
page_index,time_cycles
0,421210
page_index,time_cycles
0,412746
page_index,time_cycles
0,416010
page_index,time_cycles
0,428376
page_index,time_cycles
0,429862
page_index,time_cycles
0,493232
page_index,time_cycles
0,421090
page_index,time_cycles
0,415712
page_index,time_cycles
0,464374
page_index,time_cycles
0,418394
page_index,time_cycles
0,449466
page_index,time_cycles
0,414780
page_index,time_cycles
0,413782
page_index,time_cycles
0,422268
page_index,time_cycles
0,425088
page_index,time_cycles
0,416636
page_index,time_cycles
0,421312
page_index,time_cycles
0,415406
page_index,time_cycles
0,428456
page_index,time_cycles
0,419676
page_index,time_cycles
0,460896
page_index,time_cycles
0,429908
page_index,time_cycles
0,435888
page_index,time_cycles
0,468932
page_index,time_cycles
0,425444
page_index,time_cycles
0,427774
page_index,time_cycles
0,454168
page_index,time_cycles
0,482820
page_index,time_cycles
0,458286
page_index,time_cycles
0,426596
page_index,time_cycles
0,415216
page_index,time_cycles
0,415646
page_index,time_cycles
0,420954
page_index,time_cycles
0,424608
page_index,time_cycles
0,416188
page_index,time_cycles
0,422252
page_index,time_cycles
0,412488
page_index,time_cycles
0,475912
page_index,time_cycles
0,425036
page_index,time_cycles
0,421544
page_index,time_cycles
0,416324
page_index,time_cycles
0,411554
page_index,time_cycles
0,413928
page_index,time_cycles
0,474318
page_index,time_cycles
0,433238
page_index,time_cycles
0,424564
page_index,time_cycles
0,432772
page_index,time_cycles
0,418540
page_index,time_cycles
0,418686
page_index,time_cycles
0,458670
page_index,time_cycles
0,444460
page_index,time_cycles
0,420476
page_index,time_cycles
0,414140
page_index,time_cycles
0,406180
page_index,time_cycles
0,415142
page_index,time_cycles
0,420224
page_index,time_cycles
0,422706
page_index,time_cycles
0,411158
page_index,time_cycles
0,418296
page_index,time_cycles
0,429348
page_index,time_cycles
0,436302
page_index,time_cycles
0,414740
page_index,time_cycles
0,412926
page_index,time_cycles
0,418162
page_index,time_cycles
0,432030
page_index,time_cycles
0,432944
page_index,time_cycles
0,417652
page_index,time_cycles
0,414646
page_index,time_cycles
0,461328
page_index,time_cycles
0,450102
page_index,time_cycles
0,417018
page_index,time_cycles
0,429092
page_index,time_cycles
0,423504
page_index,time_cycles
0,428420
page_index,time_cycles
0,414966
page_index,time_cycles
0,416588
page_index,time_cycles
0,422042
page_index,time_cycles
0,418748
page_index,time_cycles
0,423578
page_index,time_cycles
0,427020
page_index,time_cycles
0,427966
page_index,time_cycles
0,438366
page_index,time_cycles
0,465050
page_index,time_cycles
0,438640
page_index,time_cycles
0,413300
page_index,time_cycles
0,435292
page_index,time_cycles
0,415650
page_index,time_cycles
0,425988
page_index,time_cycles
0,415284
page_index,time_cycles
0,429226
page_index,time_cycles
0,422064
page_index,time_cycles
0,425412
page_index,time_cycles
0,419138
page_index,time_cycles
0,428502
page_index,time_cycles
0,431084
page_index,time_cycles
0,422814
page_index,time_cycles
0,453450
page_index,time_cycles
0,423654
page_index,time_cycles
0,425646
page_index,time_cycles
0,444822
page_index,time_cycles
0,414886
page_index,time_cycles
0,424704
page_index,time_cycles
0,416652
page_index,time_cycles
0,418162
page_index,time_cycles
0,433328
page_index,time_cycles
0,445252
page_index,time_cycles
0,421016
page_index,time_cycles
0,419888
page_index,time_cycles
0,416846
page_index,time_cycles
0,417912
page_index,time_cycles
0,415952
page_index,time_cycles
0,415340
page_index,time_cycles
0,431466
page_index,time_cycles
0,421868
page_index,time_cycles
0,441874
page_index,time_cycles
0,430962
page_index,time_cycles
0,528174
page_index,time_cycles
0,436950
page_index,time_cycles
0,422136
page_index,time_cycles
0,4541372
page_index,time_cycles
0,448214
page_index,time_cycles
0,2222242
page_index,time_cycles
0,1301386
page_index,time_cycles
0,451166
page_index,time_cycles
0,432514
page_index,time_cycles
0,428160
page_index,time_cycles
0,428772
page_index,time_cycles
0,491130
page_index,time_cycles
0,418372
page_index,time_cycles
0,419720
page_index,time_cycles
0,427710
page_index,time_cycles
0,432822
page_index,time_cycles
0,416096
page_index,time_cycles
0,430482
page_index,time_cycles
0,425320
page_index,time_cycles
0,467782
page_index,time_cycles
0,478442
page_index,time_cycles
0,417888
page_index,time_cycles
0,431516
page_index,time_cycles
0,428032
page_index,time_cycles
0,421538
page_index,time_cycles
0,415474
page_index,time_cycles
0,417824
page_index,time_cycles
0,420522
page_index,time_cycles
0,428334
page_index,time_cycles
0,426082
page_index,time_cycles
0,429106
page_index,time_cycles
0,425470
page_index,time_cycles
0,444078
page_index,time_cycles
0,422292
page_index,time_cycles
0,428646
page_index,time_cycles
0,425506
page_index,time_cycles
0,460528
page_index,time_cycles
0,419140
page_index,time_cycles
0,427516
page_index,time_cycles
0,431886
page_index,time_cycles
0,419982
page_index,time_cycles
0,429696
page_index,time_cycles
0,431148
page_index,time_cycles
0,441390
page_index,time_cycles
0,477716
page_index,time_cycles
0,450168
page_index,time_cycles
0,438982
page_index,time_cycles
0,418912
page_index,time_cycles
0,418964
page_index,time_cycles
0,421286
page_index,time_cycles
0,441586
page_index,time_cycles
0,418484
page_index,time_cycles
0,421242
page_index,time_cycles
0,425650
page_index,time_cycles
0,434898
page_index,time_cycles
0,421460
page_index,time_cycles
0,442190
page_index,time_cycles
0,449690
page_index,time_cycles
0,444218
page_index,time_cycles
0,432832
page_index,time_cycles
0,415616
page_index,time_cycles
0,426330
page_index,time_cycles
0,416898
page_index,time_cycles
0,445500
page_index,time_cycles
0,417842
page_index,time_cycles
0,424882
page_index,time_cycles
0,417760
page_index,time_cycles
0,453366
page_index,time_cycles
0,415868
page_index,time_cycles
0,442396
page_index,time_cycles
0,439708
page_index,time_cycles
0,418022
page_index,time_cycles
0,443542
page_index,time_cycles
0,453472
page_index,time_cycles
0,475770
page_index,time_cycles
0,417514
page_index,time_cycles
0,430098
page_index,time_cycles
0,418034
page_index,time_cycles
0,435090
page_index,time_cycles
0,419294
page_index,time_cycles
0,420290
page_index,time_cycles
0,432012
page_index,time_cycles
0,417208
page_index,time_cycles
0,422584
page_index,time_cycles
0,455910
page_index,time_cycles
0,424316
page_index,time_cycles
0,420508
page_index,time_cycles
0,433914
page_index,time_cycles
0,430424
page_index,time_cycles
0,421270
page_index,time_cycles
0,417664
page_index,time_cycles
0,417758
page_index,time_cycles
0,442444
page_index,time_cycles
0,419328
page_index,time_cycles
0,485610
page_index,time_cycles
0,417064
page_index,time_cycles
0,450252
page_index,time_cycles
0,419036
page_index,time_cycles
0,423688
page_index,time_cycles
0,426726
page_index,time_cycles
0,435588
page_index,time_cycles
0,440510
page_index,time_cycles
0,418816
page_index,time_cycles
0,426408
page_index,time_cycles
0,425290
page_index,time_cycles
0,421216
page_index,time_cycles
0,421236
page_index,time_cycles
0,433042
page_index,time_cycles
0,437508
page_index,time_cycles
0,415556
page_index,time_cycles
0,432194
page_index,time_cycles
0,427602
page_index,time_cycles
0,454778
page_index,time_cycles
0,463638
page_index,time_cycles
0,463478
page_index,time_cycles
0,445394
page_index,time_cycles
0,436364
page_index,time_cycles
0,442832
page_index,time_cycles
0,433010
page_index,time_cycles
0,658664
page_index,time_cycles
0,427222
page_index,time_cycles
0,432646
page_index,time_cycles
0,423634
page_index,time_cycles
0,507030
page_index,time_cycles
0,464822
page_index,time_cycles
0,426902
page_index,time_cycles
0,428492
page_index,time_cycles
0,418782
page_index,time_cycles
0,418954
page_index,time_cycles
0,430182
page_index,time_cycles
0,421350
page_index,time_cycles
0,431240
page_index,time_cycles
0,420998
page_index,time_cycles
0,419418
page_index,time_cycles
0,420676
page_index,time_cycles
0,422306
page_index,time_cycles
0,433540
page_index,time_cycles
0,465398
page_index,time_cycles
0,417910
page_index,time_cycles
0,429728
page_index,time_cycles
0,420732
page_index,time_cycles
0,426418
page_index,time_cycles
0,423662
page_index,time_cycles
0,425684
page_index,time_cycles
0,485050
page_index,time_cycles
0,480892
page_index,time_cycles
0,481106
page_index,time_cycles
0,428728
page_index,time_cycles
0,425538
page_index,time_cycles
0,423998
page_index,time_cycles
0,420060
page_index,time_cycles
0,423476
page_index,time_cycles
0,549916
page_index,time_cycles
0,426516
page_index,time_cycles
0,421816
page_index,time_cycles
0,443038
page_index,time_cycles
0,417558
page_index,time_cycles
0,528388
page_index,time_cycles
0,445182
page_index,time_cycles
0,421334
page_index,time_cycles
0,445624
page_index,time_cycles
0,457834
page_index,time_cycles
0,420252
page_index,time_cycles
0,423792
page_index,time_cycles
0,429492
page_index,time_cycles
0,436466
page_index,time_cycles
0,418952
page_index,time_cycles
0,428212
page_index,time_cycles
0,479878
page_index,time_cycles
0,418538
page_index,time_cycles
0,452412
page_index,time_cycles
0,416018
page_index,time_cycles
0,478788
page_index,time_cycles
0,418296
page_index,time_cycles
0,430596
page_index,time_cycles
0,467676
page_index,time_cycles
0,425152
page_index,time_cycles
0,424724
page_index,time_cycles
0,421332
page_index,time_cycles
0,451588
page_index,time_cycles
0,418040
page_index,time_cycles
0,457782
page_index,time_cycles
0,422692
page_index,time_cycles
0,418076
page_index,time_cycles
0,422516
page_index,time_cycles
0,437234
page_index,time_cycles
0,419542
page_index,time_cycles
0,420062
page_index,time_cycles
0,425544
page_index,time_cycles
0,434194
page_index,time_cycles
0,453364
page_index,time_cycles
0,424670
page_index,time_cycles
0,430716
page_index,time_cycles
0,413794
page_index,time_cycles
0,415272
page_index,time_cycles
0,427400
page_index,time_cycles
0,459232
page_index,time_cycles
0,440964
page_index,time_cycles
0,420286
page_index,time_cycles
0,431092
page_index,time_cycles
0,475656
page_index,time_cycles
0,423630
page_index,time_cycles
0,433334
page_index,time_cycles
0,421220
page_index,time_cycles
0,453188
page_index,time_cycles
0,421892
page_index,time_cycles
0,460708
page_index,time_cycles
0,422750
page_index,time_cycles
0,462452
page_index,time_cycles
0,426994
page_index,time_cycles
0,445262
page_index,time_cycles
0,438706
page_index,time_cycles
0,429542
page_index,time_cycles
0,425908
page_index,time_cycles
0,417866
page_index,time_cycles
0,460600
page_index,time_cycles
0,419632
page_index,time_cycles
0,416136
page_index,time_cycles
0,426504
page_index,time_cycles
0,424756
page_index,time_cycles
0,443832
page_index,time_cycles
0,425920
page_index,time_cycles
0,416770
page_index,time_cycles
0,508014
page_index,time_cycles
0,429826
page_index,time_cycles
0,428066
page_index,time_cycles
0,450324
page_index,time_cycles
0,429974
page_index,time_cycles
0,432608
page_index,time_cycles
0,421606
page_index,time_cycles
0,516000
page_index,time_cycles
0,418352
page_index,time_cycles
0,438092
page_index,time_cycles
0,434130
page_index,time_cycles
0,458398
page_index,time_cycles
0,429088
page_index,time_cycles
0,433314
page_index,time_cycles
0,439708
page_index,time_cycles
0,421662
page_index,time_cycles
0,430938
page_index,time_cycles
0,456000
page_index,time_cycles
0,464136
page_index,time_cycles
0,419352
page_index,time_cycles
0,419622
page_index,time_cycles
0,446432
page_index,time_cycles
0,436330
page_index,time_cycles
0,440584
page_index,time_cycles
0,425644
page_index,time_cycles
0,416498
page_index,time_cycles
0,435340
page_index,time_cycles
0,434992
page_index,time_cycles
0,432288
page_index,time_cycles
0,423244
page_index,time_cycles
0,418300
page_index,time_cycles
0,472054
page_index,time_cycles
0,430124
page_index,time_cycles
0,429308
page_index,time_cycles
0,422864
page_index,time_cycles
0,420544
page_index,time_cycles
0,416522
page_index,time_cycles
0,420004
page_index,time_cycles
0,435150
page_index,time_cycles
0,478576
page_index,time_cycles
0,442486
page_index,time_cycles
0,432966
page_index,time_cycles
0,412524
page_index,time_cycles
0,428334
page_index,time_cycles
0,435130
page_index,time_cycles
0,425332
page_index,time_cycles
0,435490
page_index,time_cycles
0,438460
page_index,time_cycles
0,471300
page_index,time_cycles
0,429426
page_index,time_cycles
0,419972
page_index,time_cycles
0,429212
page_index,time_cycles
0,439470
page_index,time_cycles
0,421438
page_index,time_cycles
0,423346
page_index,time_cycles
0,415894
page_index,time_cycles
0,414488
page_index,time_cycles
0,439952
page_index,time_cycles
0,468286
page_index,time_cycles
0,425638
page_index,time_cycles
0,417678
page_index,time_cycles
0,429866
page_index,time_cycles
0,421196
page_index,time_cycles
0,423594
page_index,time_cycles
0,419940
page_index,time_cycles
0,454050
page_index,time_cycles
0,419582
page_index,time_cycles
0,474888
page_index,time_cycles
0,421884
page_index,time_cycles
0,424460
page_index,time_cycles
0,422796
page_index,time_cycles
0,593130
page_index,time_cycles
0,429648
page_index,time_cycles
0,427420
page_index,time_cycles
0,427650
page_index,time_cycles
0,418842
page_index,time_cycles
0,433166
page_index,time_cycles
0,438610
page_index,time_cycles
0,434314
page_index,time_cycles
0,419022
page_index,time_cycles
0,430892
page_index,time_cycles
0,416502
page_index,time_cycles
0,423264
page_index,time_cycles
0,441502
page_index,time_cycles
0,435362
page_index,time_cycles
0,437668
page_index,time_cycles
0,425506
page_index,time_cycles
0,418172
page_index,time_cycles
0,470144
page_index,time_cycles
0,428284
page_index,time_cycles
0,448448
page_index,time_cycles
0,418714
page_index,time_cycles
0,420764
page_index,time_cycles
0,425890
page_index,time_cycles
0,429278
page_index,time_cycles
0,459976
page_index,time_cycles
0,442282
page_index,time_cycles
0,429044
page_index,time_cycles
0,451672
page_index,time_cycles
0,427238
page_index,time_cycles
0,433526
page_index,time_cycles
0,424660
page_index,time_cycles
0,421998
page_index,time_cycles
0,435454
page_index,time_cycles
0,420172
page_index,time_cycles
0,423540
page_index,time_cycles
0,438430
page_index,time_cycles
0,433612
page_index,time_cycles
0,475142
page_index,time_cycles
0,768416
page_index,time_cycles
0,567716
page_index,time_cycles
0,415010
page_index,time_cycles
0,429494
page_index,time_cycles
0,427372
page_index,time_cycles
0,443266
page_index,time_cycles
0,415302
page_index,time_cycles
0,467678
page_index,time_cycles
0,432028
page_index,time_cycles
0,417968
page_index,time_cycles
0,428654
page_index,time_cycles
0,436694
page_index,time_cycles
0,440796
page_index,time_cycles
0,500672
page_index,time_cycles
0,416264
page_index,time_cycles
0,433646
page_index,time_cycles
0,431396
page_index,time_cycles
0,421924
page_index,time_cycles
0,418756
page_index,time_cycles
0,439470
page_index,time_cycles
0,439490
page_index,time_cycles
0,431024
page_index,time_cycles
0,423480
page_index,time_cycles
0,424966
page_index,time_cycles
0,427762
page_index,time_cycles
0,436648
page_index,time_cycles
0,453396
page_index,time_cycles
0,445186
page_index,time_cycles
0,415516
page_index,time_cycles
0,417616
page_index,time_cycles
0,417752
page_index,time_cycles
0,422380
page_index,time_cycles
0,421678
page_index,time_cycles
0,424266
page_index,time_cycles
0,414446
page_index,time_cycles
0,424480
page_index,time_cycles
0,434726
page_index,time_cycles
0,418706
page_index,time_cycles
0,437356
page_index,time_cycles
0,423592
page_index,time_cycles
0,437442
page_index,time_cycles
0,422822
page_index,time_cycles
0,423710
page_index,time_cycles
0,418632
page_index,time_cycles
0,424086
page_index,time_cycles
0,443822
page_index,time_cycles
0,428212
page_index,time_cycles
0,416910
page_index,time_cycles
0,430806
page_index,time_cycles
0,462410
page_index,time_cycles
0,428010
page_index,time_cycles
0,459202
page_index,time_cycles
0,426356
page_index,time_cycles
0,420648
page_index,time_cycles
0,417540
page_index,time_cycles
0,420768
page_index,time_cycles
0,419218
page_index,time_cycles
0,416688
page_index,time_cycles
0,420602
page_index,time_cycles
0,427176
page_index,time_cycles
0,422048
page_index,time_cycles
0,433560
page_index,time_cycles
0,490822
page_index,time_cycles
0,418480
page_index,time_cycles
0,427188
page_index,time_cycles
0,418530
page_index,time_cycles
0,467348
page_index,time_cycles
0,419376
page_index,time_cycles
0,469840
page_index,time_cycles
0,421634
page_index,time_cycles
0,420564
page_index,time_cycles
0,417910
page_index,time_cycles
0,462704
page_index,time_cycles
0,457412
page_index,time_cycles
0,418854
page_index,time_cycles
0,429328
page_index,time_cycles
0,472970
page_index,time_cycles
0,417892
page_index,time_cycles
0,417334
page_index,time_cycles
0,487156
page_index,time_cycles
0,414166
page_index,time_cycles
0,441388
page_index,time_cycles
0,424422
page_index,time_cycles
0,419410
page_index,time_cycles
0,423478
page_index,time_cycles
0,464784
page_index,time_cycles
0,416614
page_index,time_cycles
0,539096
page_index,time_cycles
0,458984
page_index,time_cycles
0,423138
page_index,time_cycles
0,425772
page_index,time_cycles
0,431326
page_index,time_cycles
0,499870
page_index,time_cycles
0,430874
page_index,time_cycles
0,423324
page_index,time_cycles
0,420954
page_index,time_cycles
0,426602
page_index,time_cycles
0,425244
page_index,time_cycles
0,429554
page_index,time_cycles
0,450828
page_index,time_cycles
0,437366
page_index,time_cycles
0,423372
page_index,time_cycles
0,417898
page_index,time_cycles
0,420392
page_index,time_cycles
0,425218
page_index,time_cycles
0,422582
page_index,time_cycles
0,435784
page_index,time_cycles
0,457922
page_index,time_cycles
0,416786
page_index,time_cycles
0,424870
page_index,time_cycles
0,420384
page_index,time_cycles
0,425660
page_index,time_cycles
0,426590
page_index,time_cycles
0,435490
page_index,time_cycles
0,435296
page_index,time_cycles
0,421888
page_index,time_cycles
0,427634
page_index,time_cycles
0,421074
page_index,time_cycles
0,440938
page_index,time_cycles
0,439116
page_index,time_cycles
0,462758
page_index,time_cycles
0,440150
page_index,time_cycles
0,425220
page_index,time_cycles
0,417398
page_index,time_cycles
0,419402
page_index,time_cycles
0,454840
page_index,time_cycles
0,421856
page_index,time_cycles
0,419000
page_index,time_cycles
0,498026
page_index,time_cycles
0,466700
page_index,time_cycles
0,420246
page_index,time_cycles
0,422818
page_index,time_cycles
0,429444
page_index,time_cycles
0,443138
page_index,time_cycles
0,432124
page_index,time_cycles
0,455406
page_index,time_cycles
0,431888
page_index,time_cycles
0,431598
page_index,time_cycles
0,422966
page_index,time_cycles
0,435004
page_index,time_cycles
0,423178
page_index,time_cycles
0,423340
page_index,time_cycles
0,434828
page_index,time_cycles
0,414712
page_index,time_cycles
0,418880
page_index,time_cycles
0,418014
page_index,time_cycles
0,419982
page_index,time_cycles
0,429518
page_index,time_cycles
0,421896
page_index,time_cycles
0,418724
page_index,time_cycles
0,422750
page_index,time_cycles
0,430846
page_index,time_cycles
0,463806
page_index,time_cycles
0,420272
page_index,time_cycles
0,419156
page_index,time_cycles
0,489504
page_index,time_cycles
0,419702
page_index,time_cycles
0,420980
page_index,time_cycles
0,425216
page_index,time_cycles
0,429322
page_index,time_cycles
0,431544
page_index,time_cycles
0,451334
page_index,time_cycles
0,415330
page_index,time_cycles
0,423760
page_index,time_cycles
0,429870
page_index,time_cycles
0,424826
page_index,time_cycles
0,416358
page_index,time_cycles
0,440454
page_index,time_cycles
0,416758
page_index,time_cycles
0,429310
page_index,time_cycles
0,448174
page_index,time_cycles
0,424406
page_index,time_cycles
0,423850
page_index,time_cycles
0,423832
page_index,time_cycles
0,429170
page_index,time_cycles
0,419036
page_index,time_cycles
0,422508
page_index,time_cycles
0,449398
page_index,time_cycles
0,441518
page_index,time_cycles
0,423968
page_index,time_cycles
0,435266
page_index,time_cycles
0,526468
page_index,time_cycles
0,458064
page_index,time_cycles
0,431702
page_index,time_cycles
0,436244
page_index,time_cycles
0,417334
page_index,time_cycles
0,490974
page_index,time_cycles
0,437598
page_index,time_cycles
0,427492
page_index,time_cycles
0,447584
page_index,time_cycles
0,427142
page_index,time_cycles
0,428032
page_index,time_cycles
0,409618
page_index,time_cycles
0,438144
page_index,time_cycles
0,421314
page_index,time_cycles
0,473476
page_index,time_cycles
0,421308
page_index,time_cycles
0,423120
page_index,time_cycles
0,434802
page_index,time_cycles
0,439744
page_index,time_cycles
0,452676
page_index,time_cycles
0,434672
page_index,time_cycles
0,417036
page_index,time_cycles
0,422824
page_index,time_cycles
0,420672
page_index,time_cycles
0,436720
page_index,time_cycles
0,431256
page_index,time_cycles
0,436012
page_index,time_cycles
0,424630
page_index,time_cycles
0,437504
page_index,time_cycles
0,417778
page_index,time_cycles
0,423310
page_index,time_cycles
0,418692
page_index,time_cycles
0,413634
page_index,time_cycles
0,458060
page_index,time_cycles
0,434346
page_index,time_cycles
0,435582
page_index,time_cycles
0,421198
page_index,time_cycles
0,418776
page_index,time_cycles
0,422544
page_index,time_cycles
0,430534
page_index,time_cycles
0,436368
page_index,time_cycles
0,425822
page_index,time_cycles
0,427432
page_index,time_cycles
0,429450
page_index,time_cycles
0,463662
page_index,time_cycles
0,453774
page_index,time_cycles
0,422466
page_index,time_cycles
0,415304
page_index,time_cycles
0,416338
page_index,time_cycles
0,421126
page_index,time_cycles
0,444946
page_index,time_cycles
0,438560
page_index,time_cycles
0,419996
page_index,time_cycles
0,452714
page_index,time_cycles
0,418480
page_index,time_cycles
0,414432
page_index,time_cycles
0,418650
page_index,time_cycles
0,449836
page_index,time_cycles
0,438278
page_index,time_cycles
0,439918
page_index,time_cycles
0,417442
page_index,time_cycles
0,434388
page_index,time_cycles
0,416908
page_index,time_cycles
0,416566
page_index,time_cycles
0,420220
page_index,time_cycles
0,416034
page_index,time_cycles
0,423186
page_index,time_cycles
0,414846
page_index,time_cycles
0,482604
page_index,time_cycles
0,411596
page_index,time_cycles
0,413762
page_index,time_cycles
0,428464
page_index,time_cycles
0,425730
page_index,time_cycles
0,412036
page_index,time_cycles
0,412480
page_index,time_cycles
0,439022
page_index,time_cycles
0,422626
page_index,time_cycles
0,438470
page_index,time_cycles
0,414078
page_index,time_cycles
0,527962
page_index,time_cycles
0,416326
page_index,time_cycles
0,429470
page_index,time_cycles
0,416990
page_index,time_cycles
0,499478
page_index,time_cycles
0,423056
page_index,time_cycles
0,860652
page_index,time_cycles
0,415980
page_index,time_cycles
0,430556
page_index,time_cycles
0,415436
page_index,time_cycles
0,482930
page_index,time_cycles
0,429218
page_index,time_cycles
0,416466
page_index,time_cycles
0,426660
page_index,time_cycles
0,417836
page_index,time_cycles
0,414144
page_index,time_cycles
0,419296
page_index,time_cycles
0,432208
page_index,time_cycles
0,413410
page_index,time_cycles
0,419168
page_index,time_cycles
0,417810
page_index,time_cycles
0,508088
page_index,time_cycles
0,424210
page_index,time_cycles
0,413486
page_index,time_cycles
0,440420
page_index,time_cycles
0,411198
page_index,time_cycles
0,421928
page_index,time_cycles
0,433104
page_index,time_cycles
0,479824
page_index,time_cycles
0,424676
page_index,time_cycles
0,444924
page_index,time_cycles
0,424070
page_index,time_cycles
0,418270
page_index,time_cycles
0,417142
page_index,time_cycles
0,463474
page_index,time_cycles
0,440792
page_index,time_cycles
0,437076
page_index,time_cycles
0,423078
page_index,time_cycles
0,415548
page_index,time_cycles
0,481552
page_index,time_cycles
0,460076
page_index,time_cycles
0,436990
page_index,time_cycles
0,419874
page_index,time_cycles
0,437554
page_index,time_cycles
0,412908
page_index,time_cycles
0,439838
page_index,time_cycles
0,415374
page_index,time_cycles
0,420136
page_index,time_cycles
0,446802
page_index,time_cycles
0,419172
page_index,time_cycles
0,423070
page_index,time_cycles
0,415792
page_index,time_cycles
0,410892
page_index,time_cycles
0,428474
page_index,time_cycles
0,434964
page_index,time_cycles
0,415252
page_index,time_cycles
0,413106
page_index,time_cycles
0,444904
page_index,time_cycles
0,426174
page_index,time_cycles
0,462104
page_index,time_cycles
0,426276
page_index,time_cycles
0,429120
page_index,time_cycles
0,434336
page_index,time_cycles
0,417034
page_index,time_cycles
0,429840
page_index,time_cycles
0,495578
page_index,time_cycles
0,418732
page_index,time_cycles
0,429890
page_index,time_cycles
0,433600
page_index,time_cycles
0,474754
page_index,time_cycles
0,422092
page_index,time_cycles
0,424498
page_index,time_cycles
0,426640
page_index,time_cycles
0,431578
page_index,time_cycles
0,420256
page_index,time_cycles
0,417878
page_index,time_cycles
0,433778
page_index,time_cycles
0,419394
page_index,time_cycles
0,416082
page_index,time_cycles
0,422072
page_index,time_cycles
0,420760
page_index,time_cycles
0,422312
page_index,time_cycles
0,419662
page_index,time_cycles
0,419014
page_index,time_cycles
0,432574
page_index,time_cycles
0,412052
page_index,time_cycles
0,421330
page_index,time_cycles
0,419384
page_index,time_cycles
0,416944
page_index,time_cycles
0,413422
page_index,time_cycles
0,423758
page_index,time_cycles
0,421426
page_index,time_cycles
0,417078
page_index,time_cycles
0,433560
page_index,time_cycles
0,456186
page_index,time_cycles
0,496396
page_index,time_cycles
0,413668
page_index,time_cycles
0,417186
page_index,time_cycles
0,420844
page_index,time_cycles
0,417906
page_index,time_cycles
0,431158
page_index,time_cycles
0,415488
page_index,time_cycles
0,414932
page_index,time_cycles
0,416822
page_index,time_cycles
0,429220
page_index,time_cycles
0,432722
page_index,time_cycles
0,416022
page_index,time_cycles
0,416918
page_index,time_cycles
0,452058
page_index,time_cycles
0,416930
page_index,time_cycles
0,441882
page_index,time_cycles
0,415594
page_index,time_cycles
0,431104
page_index,time_cycles
0,438982
page_index,time_cycles
0,414970
page_index,time_cycles
0,422842
page_index,time_cycles
0,417966
page_index,time_cycles
0,431974
page_index,time_cycles
0,434178
page_index,time_cycles
0,416206
page_index,time_cycles
0,412438
page_index,time_cycles
0,415716
page_index,time_cycles
0,427054
page_index,time_cycles
0,440934
page_index,time_cycles
0,417472
page_index,time_cycles
0,421792
page_index,time_cycles
0,440988
page_index,time_cycles
0,415900
page_index,time_cycles
0,431288
page_index,time_cycles
0,420788
page_index,time_cycles
0,425008
page_index,time_cycles
0,417142
page_index,time_cycles
0,450530
page_index,time_cycles
0,415838
page_index,time_cycles
0,415226
page_index,time_cycles
0,418740
page_index,time_cycles
0,441038
page_index,time_cycles
0,436600
page_index,time_cycles
0,417498
page_index,time_cycles
0,418792
page_index,time_cycles
0,421444
page_index,time_cycles
0,419144
page_index,time_cycles
0,416848
page_index,time_cycles
0,418456
page_index,time_cycles
0,493088
page_index,time_cycles
0,492816
page_index,time_cycles
0,485898
page_index,time_cycles
0,443592
page_index,time_cycles
0,420722
page_index,time_cycles
0,421018
page_index,time_cycles
0,417814
page_index,time_cycles
0,448160
page_index,time_cycles
0,422500
page_index,time_cycles
0,421030
page_index,time_cycles
0,421478
page_index,time_cycles
0,426958
page_index,time_cycles
0,428436
page_index,time_cycles
0,427660
page_index,time_cycles
0,441198
page_index,time_cycles
0,431004
page_index,time_cycles
0,420342
page_index,time_cycles
0,426898
page_index,time_cycles
0,426118
page_index,time_cycles
0,422526
page_index,time_cycles
0,424294
page_index,time_cycles
0,422268
page_index,time_cycles
0,411880
page_index,time_cycles
0,423500
page_index,time_cycles
0,412864
page_index,time_cycles
0,416058
page_index,time_cycles
0,473026
page_index,time_cycles
0,426052
page_index,time_cycles
0,416198
page_index,time_cycles
0,452818
page_index,time_cycles
0,433720
page_index,time_cycles
0,426788
page_index,time_cycles
0,426554
page_index,time_cycles
0,415520
page_index,time_cycles
0,433458
page_index,time_cycles
0,422694
page_index,time_cycles
0,415864
page_index,time_cycles
0,410154
page_index,time_cycles
0,446242
page_index,time_cycles
0,418622
page_index,time_cycles
0,425732
page_index,time_cycles
0,412212
page_index,time_cycles
0,430910
page_index,time_cycles
0,430686
page_index,time_cycles
0,426972
page_index,time_cycles
0,422688
page_index,time_cycles
0,424124
page_index,time_cycles
0,411280
page_index,time_cycles
0,428172
page_index,time_cycles
0,426034
page_index,time_cycles
0,420170
page_index,time_cycles
0,621456
page_index,time_cycles
0,415766
page_index,time_cycles
0,414032
page_index,time_cycles
0,428522
page_index,time_cycles
0,427122
page_index,time_cycles
0,430640
page_index,time_cycles
0,444306
page_index,time_cycles
0,412874
page_index,time_cycles
0,417192
page_index,time_cycles
0,417724
page_index,time_cycles
0,435276
page_index,time_cycles
0,413080
page_index,time_cycles
0,414824
page_index,time_cycles
0,416344
page_index,time_cycles
0,418254
page_index,time_cycles
0,2560694
page_index,time_cycles
0,416130
page_index,time_cycles
0,432688
page_index,time_cycles
0,421800
page_index,time_cycles
0,432940
page_index,time_cycles
0,424336
page_index,time_cycles
0,410710
page_index,time_cycles
0,423512
page_index,time_cycles
0,420428
page_index,time_cycles
0,426714
page_index,time_cycles
0,424552
page_index,time_cycles
0,418388
page_index,time_cycles
0,444332
page_index,time_cycles
0,421046
page_index,time_cycles
0,428552
page_index,time_cycles
0,430152
page_index,time_cycles
0,416320
page_index,time_cycles
0,417126
page_index,time_cycles
0,422350
page_index,time_cycles
0,420246
page_index,time_cycles
0,414704
page_index,time_cycles
0,425276
page_index,time_cycles
0,422316
page_index,time_cycles
0,427476
page_index,time_cycles
0,418638
page_index,time_cycles
0,423862
page_index,time_cycles
0,423182
page_index,time_cycles
0,416386
page_index,time_cycles
0,422722
page_index,time_cycles
0,426854
page_index,time_cycles
0,416626
page_index,time_cycles
0,500532
page_index,time_cycles
0,440244
page_index,time_cycles
0,423790
page_index,time_cycles
0,477060
page_index,time_cycles
0,460162
page_index,time_cycles
0,418674
page_index,time_cycles
0,476754
page_index,time_cycles
0,410834
page_index,time_cycles
0,449314
page_index,time_cycles
0,456892
page_index,time_cycles
0,429446
page_index,time_cycles
0,432726
page_index,time_cycles
0,422760
page_index,time_cycles
0,450390
page_index,time_cycles
0,431470
page_index,time_cycles
0,418036
page_index,time_cycles
0,414364
page_index,time_cycles
0,424484
page_index,time_cycles
0,451652
page_index,time_cycles
0,415014
page_index,time_cycles
0,412500
page_index,time_cycles
0,458166
page_index,time_cycles
0,427572
page_index,time_cycles
0,422802
page_index,time_cycles
0,434826
page_index,time_cycles
0,412290
page_index,time_cycles
0,431294
page_index,time_cycles
0,419462
page_index,time_cycles
0,412588
page_index,time_cycles
0,433948
page_index,time_cycles
0,412378
page_index,time_cycles
0,417978
page_index,time_cycles
0,415048
page_index,time_cycles
0,447020
page_index,time_cycles
0,419878
page_index,time_cycles
0,418118
page_index,time_cycles
0,440996
page_index,time_cycles
0,482154
page_index,time_cycles
0,431752
page_index,time_cycles
0,435280
page_index,time_cycles
0,421118
page_index,time_cycles
0,447322
page_index,time_cycles
0,423010
page_index,time_cycles
0,414230
page_index,time_cycles
0,420008
page_index,time_cycles
0,420378
page_index,time_cycles
0,413300
page_index,time_cycles
0,456900
page_index,time_cycles
0,425154
page_index,time_cycles
0,415066
page_index,time_cycles
0,446630
page_index,time_cycles
0,425470
page_index,time_cycles
0,428538
page_index,time_cycles
0,421764
page_index,time_cycles
0,418212
page_index,time_cycles
0,403746
page_index,time_cycles
0,425686
page_index,time_cycles
0,413978
page_index,time_cycles
0,424208
page_index,time_cycles
0,417216
page_index,time_cycles
0,426308
page_index,time_cycles
0,427306
page_index,time_cycles
0,421286
page_index,time_cycles
0,414768
page_index,time_cycles
0,416518
page_index,time_cycles
0,423746
page_index,time_cycles
0,461136
page_index,time_cycles
0,417628
page_index,time_cycles
0,419464
page_index,time_cycles
0,417596
page_index,time_cycles
0,475568
page_index,time_cycles
0,431416
page_index,time_cycles
0,415582
page_index,time_cycles
0,452714
page_index,time_cycles
0,421928
page_index,time_cycles
0,428526
page_index,time_cycles
0,438238
page_index,time_cycles
0,416150
page_index,time_cycles
0,487402
page_index,time_cycles
0,452658
page_index,time_cycles
0,420818
page_index,time_cycles
0,428326
page_index,time_cycles
0,420566
page_index,time_cycles
0,420350
page_index,time_cycles
0,433654
page_index,time_cycles
0,421940
page_index,time_cycles
0,431126
page_index,time_cycles
0,448004
page_index,time_cycles
0,486924
page_index,time_cycles
0,418574
page_index,time_cycles
0,418378
page_index,time_cycles
0,448656
page_index,time_cycles
0,418382
page_index,time_cycles
0,413772
page_index,time_cycles
0,416518
page_index,time_cycles
0,417044
page_index,time_cycles
0,465008
page_index,time_cycles
0,438586
page_index,time_cycles
0,456568
page_index,time_cycles
0,421164
page_index,time_cycles
0,441468
page_index,time_cycles
0,415102
page_index,time_cycles
0,417592
page_index,time_cycles
0,417114
page_index,time_cycles
0,423408
page_index,time_cycles
0,434352
page_index,time_cycles
0,422784
page_index,time_cycles
0,455842
page_index,time_cycles
0,413338
page_index,time_cycles
0,413624
page_index,time_cycles
0,429488
page_index,time_cycles
0,414118
page_index,time_cycles
0,443516
page_index,time_cycles
0,422424
page_index,time_cycles
0,425284
page_index,time_cycles
0,434496
page_index,time_cycles
0,438714
page_index,time_cycles
0,436300
page_index,time_cycles
0,421884
page_index,time_cycles
0,434752
page_index,time_cycles
0,415402
page_index,time_cycles
0,445908
page_index,time_cycles
0,419754
page_index,time_cycles
0,413950
page_index,time_cycles
0,428146
page_index,time_cycles
0,433020
page_index,time_cycles
0,443762
page_index,time_cycles
0,414384
page_index,time_cycles
0,437850
page_index,time_cycles
0,425142
page_index,time_cycles
0,418492
page_index,time_cycles
0,425842
page_index,time_cycles
0,419564
page_index,time_cycles
0,421528
page_index,time_cycles
0,417308
page_index,time_cycles
0,440320
page_index,time_cycles
0,435476
page_index,time_cycles
0,434008
page_index,time_cycles
0,421466
page_index,time_cycles
0,455960
page_index,time_cycles
0,422670
page_index,time_cycles
0,444820
page_index,time_cycles
0,444014
page_index,time_cycles
0,415658
page_index,time_cycles
0,424152
page_index,time_cycles
0,422162
page_index,time_cycles
0,430566
page_index,time_cycles
0,424310
page_index,time_cycles
0,439242
page_index,time_cycles
0,426504
page_index,time_cycles
0,428326
page_index,time_cycles
0,541340
page_index,time_cycles
0,464650
page_index,time_cycles
0,424242
page_index,time_cycles
0,424570
page_index,time_cycles
0,435048
page_index,time_cycles
0,413090
page_index,time_cycles
0,468300
page_index,time_cycles
0,443686
page_index,time_cycles
0,433616
page_index,time_cycles
0,427512
page_index,time_cycles
0,418212
page_index,time_cycles
0,430612
page_index,time_cycles
0,428090
page_index,time_cycles
0,410478
page_index,time_cycles
0,424638
page_index,time_cycles
0,698632
page_index,time_cycles
0,421302
page_index,time_cycles
0,419990
page_index,time_cycles
0,418156
page_index,time_cycles
0,416258
page_index,time_cycles
0,417820
page_index,time_cycles
0,412374
page_index,time_cycles
0,447424
page_index,time_cycles
0,438800
page_index,time_cycles
0,425140
page_index,time_cycles
0,422752
page_index,time_cycles
0,422804
page_index,time_cycles
0,420396
page_index,time_cycles
0,440870
page_index,time_cycles
0,414430
page_index,time_cycles
0,417320
page_index,time_cycles
0,418976
page_index,time_cycles
0,420682
page_index,time_cycles
0,424456
page_index,time_cycles
0,416134
page_index,time_cycles
0,425992
page_index,time_cycles
0,435142
page_index,time_cycles
0,426578
page_index,time_cycles
0,421958
page_index,time_cycles
0,413916
page_index,time_cycles
0,418552
page_index,time_cycles
0,415694
page_index,time_cycles
0,417596
page_index,time_cycles
0,431398
page_index,time_cycles
0,422592
page_index,time_cycles
0,437196
page_index,time_cycles
0,1015646
page_index,time_cycles
0,427874
page_index,time_cycles
0,423770
page_index,time_cycles
0,426300
page_index,time_cycles
0,431174
page_index,time_cycles
0,417374
page_index,time_cycles
0,429842
page_index,time_cycles
0,440638
page_index,time_cycles
0,419934
page_index,time_cycles
0,420978
page_index,time_cycles
0,430484
page_index,time_cycles
0,428702
page_index,time_cycles
0,553290
page_index,time_cycles
0,419368
page_index,time_cycles
0,456230
page_index,time_cycles
0,447986
page_index,time_cycles
0,441038
page_index,time_cycles
0,435752
page_index,time_cycles
0,429784
page_index,time_cycles
0,420498
page_index,time_cycles
0,436562
page_index,time_cycles
0,418258
page_index,time_cycles
0,417652
page_index,time_cycles
0,419650
page_index,time_cycles
0,427172
page_index,time_cycles
0,418418
page_index,time_cycles
0,430940
page_index,time_cycles
0,417092
page_index,time_cycles
0,421076
page_index,time_cycles
0,416108
page_index,time_cycles
0,433500
page_index,time_cycles
0,530246
page_index,time_cycles
0,419630
page_index,time_cycles
0,438594
page_index,time_cycles
0,428982
page_index,time_cycles
0,419640
page_index,time_cycles
0,415870
page_index,time_cycles
0,436920
page_index,time_cycles
0,438820
page_index,time_cycles
0,416108
page_index,time_cycles
0,414538
page_index,time_cycles
0,440446
page_index,time_cycles
0,414672
page_index,time_cycles
0,429016
page_index,time_cycles
0,415754
page_index,time_cycles
0,418110
page_index,time_cycles
0,495586
page_index,time_cycles
0,484654
page_index,time_cycles
0,414840
page_index,time_cycles
0,419686
page_index,time_cycles
0,418056
page_index,time_cycles
0,469206
page_index,time_cycles
0,428634
page_index,time_cycles
0,417804
page_index,time_cycles
0,413472
page_index,time_cycles
0,426342
page_index,time_cycles
0,413708
page_index,time_cycles
0,440738
page_index,time_cycles
0,418810
page_index,time_cycles
0,429538
page_index,time_cycles
0,441024
page_index,time_cycles
0,444812
page_index,time_cycles
0,422962
page_index,time_cycles
0,412768
page_index,time_cycles
0,423132
page_index,time_cycles
0,413416
page_index,time_cycles
0,422676
page_index,time_cycles
0,420128
page_index,time_cycles
0,417748
page_index,time_cycles
0,425374
page_index,time_cycles
0,423514
page_index,time_cycles
0,410130
page_index,time_cycles
0,432658
page_index,time_cycles
0,418958
page_index,time_cycles
0,422936
page_index,time_cycles
0,425382
page_index,time_cycles
0,413680
page_index,time_cycles
0,419740
page_index,time_cycles
0,418834
page_index,time_cycles
0,459290
page_index,time_cycles
0,422530
page_index,time_cycles
0,414050
page_index,time_cycles
0,427644
page_index,time_cycles
0,418140
page_index,time_cycles
0,418796
page_index,time_cycles
0,435980
page_index,time_cycles
0,478564
page_index,time_cycles
0,485568
page_index,time_cycles
0,416138
page_index,time_cycles
0,422384
page_index,time_cycles
0,423208
page_index,time_cycles
0,421360
page_index,time_cycles
0,431630
page_index,time_cycles
0,416112
page_index,time_cycles
0,469098
page_index,time_cycles
0,433482
page_index,time_cycles
0,429344
page_index,time_cycles
0,426632
page_index,time_cycles
0,414146
page_index,time_cycles
0,419954
page_index,time_cycles
0,416684
page_index,time_cycles
0,418710
page_index,time_cycles
0,414414
page_index,time_cycles
0,428786
page_index,time_cycles
0,429556
page_index,time_cycles
0,473208
page_index,time_cycles
0,423068
page_index,time_cycles
0,417136
page_index,time_cycles
0,482264
page_index,time_cycles
0,466938
page_index,time_cycles
0,429288
page_index,time_cycles
0,420456
page_index,time_cycles
0,425836
page_index,time_cycles
0,410654
page_index,time_cycles
0,421692
page_index,time_cycles
0,531230
page_index,time_cycles
0,421892
page_index,time_cycles
0,441086
page_index,time_cycles
0,423900
page_index,time_cycles
0,414764
page_index,time_cycles
0,519170
page_index,time_cycles
0,413162
page_index,time_cycles
0,421552
page_index,time_cycles
0,474512
page_index,time_cycles
0,433920
page_index,time_cycles
0,417584
page_index,time_cycles
0,427668
page_index,time_cycles
0,417854
page_index,time_cycles
0,424512
page_index,time_cycles
0,420316
page_index,time_cycles
0,418114
page_index,time_cycles
0,432002
page_index,time_cycles
0,416716
page_index,time_cycles
0,416972
page_index,time_cycles
0,418764
page_index,time_cycles
0,416486
page_index,time_cycles
0,424932
page_index,time_cycles
0,419000
page_index,time_cycles
0,412300
page_index,time_cycles
0,432590
page_index,time_cycles
0,454890
page_index,time_cycles
0,419868
page_index,time_cycles
0,416894
page_index,time_cycles
0,425238
page_index,time_cycles
0,432328
page_index,time_cycles
0,451990
page_index,time_cycles
0,449628
page_index,time_cycles
0,503134
page_index,time_cycles
0,466632
page_index,time_cycles
0,422902
page_index,time_cycles
0,436946
page_index,time_cycles
0,435288
page_index,time_cycles
0,415204
page_index,time_cycles
0,490410
page_index,time_cycles
0,473820
page_index,time_cycles
0,436554
page_index,time_cycles
0,416104
page_index,time_cycles
0,427788
page_index,time_cycles
0,416542
page_index,time_cycles
0,420496
page_index,time_cycles
0,427662
page_index,time_cycles
0,437450
page_index,time_cycles
0,412946
page_index,time_cycles
0,425538
page_index,time_cycles
0,443428
page_index,time_cycles
0,477092
page_index,time_cycles
0,436162
page_index,time_cycles
0,412720
page_index,time_cycles
0,430942
page_index,time_cycles
0,422224
page_index,time_cycles
0,418036
page_index,time_cycles
0,415648
page_index,time_cycles
0,424896
page_index,time_cycles
0,413160
page_index,time_cycles
0,415320
page_index,time_cycles
0,411388
page_index,time_cycles
0,417362
page_index,time_cycles
0,419484
page_index,time_cycles
0,469350
page_index,time_cycles
0,413716
page_index,time_cycles
0,445446
page_index,time_cycles
0,431958
page_index,time_cycles
0,431488
page_index,time_cycles
0,438680
page_index,time_cycles
0,520912
page_index,time_cycles
0,426188
page_index,time_cycles
0,414938
page_index,time_cycles
0,442474
page_index,time_cycles
0,418312
page_index,time_cycles
0,429818
page_index,time_cycles
0,429362
page_index,time_cycles
0,423760
page_index,time_cycles
0,423066
page_index,time_cycles
0,420286
page_index,time_cycles
0,461668
page_index,time_cycles
0,418210
page_index,time_cycles
0,425266
page_index,time_cycles
0,415826
page_index,time_cycles
0,414240
page_index,time_cycles
0,428932
page_index,time_cycles
0,438316
page_index,time_cycles
0,418228
page_index,time_cycles
0,2361652
page_index,time_cycles
0,428302
page_index,time_cycles
0,434900
page_index,time_cycles
0,426500
page_index,time_cycles
0,432282
page_index,time_cycles
0,419578
page_index,time_cycles
0,418170
page_index,time_cycles
0,419930
page_index,time_cycles
0,425552
page_index,time_cycles
0,423306
page_index,time_cycles
0,488664
page_index,time_cycles
0,411170
page_index,time_cycles
0,424570
page_index,time_cycles
0,422752
page_index,time_cycles
0,450106
page_index,time_cycles
0,443626
page_index,time_cycles
0,419042
page_index,time_cycles
0,419060
page_index,time_cycles
0,415886
page_index,time_cycles
0,428862
page_index,time_cycles
0,416936
page_index,time_cycles
0,468446
page_index,time_cycles
0,417502
page_index,time_cycles
0,425702
page_index,time_cycles
0,412676
page_index,time_cycles
0,436962
page_index,time_cycles
0,419150
page_index,time_cycles
0,427680
page_index,time_cycles
0,430580
page_index,time_cycles
0,440158
page_index,time_cycles
0,438320
page_index,time_cycles
0,424660
page_index,time_cycles
0,416346
page_index,time_cycles
0,417744
page_index,time_cycles
0,471764
page_index,time_cycles
0,417054
page_index,time_cycles
0,421778
page_index,time_cycles
0,428950
page_index,time_cycles
0,417842
page_index,time_cycles
0,441364
page_index,time_cycles
0,414010
page_index,time_cycles
0,416968
page_index,time_cycles
0,427086
page_index,time_cycles
0,419158
page_index,time_cycles
0,433368
page_index,time_cycles
0,412412
page_index,time_cycles
0,414352
page_index,time_cycles
0,418944
page_index,time_cycles
0,418238
page_index,time_cycles
0,417328
page_index,time_cycles
0,441160
page_index,time_cycles
0,465454
page_index,time_cycles
0,434018
page_index,time_cycles
0,426044
page_index,time_cycles
0,415508
page_index,time_cycles
0,439374
page_index,time_cycles
0,439036
page_index,time_cycles
0,416552
page_index,time_cycles
0,420052
page_index,time_cycles
0,420712
page_index,time_cycles
0,414168
page_index,time_cycles
0,435582
page_index,time_cycles
0,419580
page_index,time_cycles
0,434164
page_index,time_cycles
0,416242
page_index,time_cycles
0,436992
page_index,time_cycles
0,419648
page_index,time_cycles
0,420438
page_index,time_cycles
0,424908
page_index,time_cycles
0,469192
page_index,time_cycles
0,418324
page_index,time_cycles
0,420660
page_index,time_cycles
0,415548
page_index,time_cycles
0,414350
page_index,time_cycles
0,416162
page_index,time_cycles
0,431162
page_index,time_cycles
0,426222
page_index,time_cycles
0,413598
page_index,time_cycles
0,429390
page_index,time_cycles
0,425072
page_index,time_cycles
0,416874
page_index,time_cycles
0,468458
page_index,time_cycles
0,421142
page_index,time_cycles
0,420204
page_index,time_cycles
0,417178
page_index,time_cycles
0,418096
page_index,time_cycles
0,420078
page_index,time_cycles
0,438576
page_index,time_cycles
0,429800
page_index,time_cycles
0,433142
page_index,time_cycles
0,416864
page_index,time_cycles
0,416800
page_index,time_cycles
0,416556
page_index,time_cycles
0,422656
page_index,time_cycles
0,449442
page_index,time_cycles
0,445190
page_index,time_cycles
0,429356
page_index,time_cycles
0,421484
page_index,time_cycles
0,458252
page_index,time_cycles
0,419406
page_index,time_cycles
0,426194
page_index,time_cycles
0,465412
page_index,time_cycles
0,432316
page_index,time_cycles
0,411290
page_index,time_cycles
0,466164
page_index,time_cycles
0,426188
page_index,time_cycles
0,418434
page_index,time_cycles
0,419480
page_index,time_cycles
0,417042
page_index,time_cycles
0,423524
page_index,time_cycles
0,416344
page_index,time_cycles
0,416352
page_index,time_cycles
0,410596
page_index,time_cycles
0,500230
page_index,time_cycles
0,448504
page_index,time_cycles
0,419064
page_index,time_cycles
0,434994
page_index,time_cycles
0,452602
page_index,time_cycles
0,418964
page_index,time_cycles
0,435270
page_index,time_cycles
0,415408
page_index,time_cycles
0,447082
page_index,time_cycles
0,422724
page_index,time_cycles
0,433132
page_index,time_cycles
0,423556
page_index,time_cycles
0,417060
page_index,time_cycles
0,437082
page_index,time_cycles
0,420554
page_index,time_cycles
0,416174
page_index,time_cycles
0,434538
page_index,time_cycles
0,419918
page_index,time_cycles
0,413298
page_index,time_cycles
0,429334
page_index,time_cycles
0,440178
page_index,time_cycles
0,418908
page_index,time_cycles
0,416986
page_index,time_cycles
0,426982
page_index,time_cycles
0,420400
page_index,time_cycles
0,435862
page_index,time_cycles
0,416264
page_index,time_cycles
0,434738
page_index,time_cycles
0,414852
page_index,time_cycles
0,415730
page_index,time_cycles
0,427320
page_index,time_cycles
0,428672
page_index,time_cycles
0,413304
page_index,time_cycles
0,425328
page_index,time_cycles
0,437136
page_index,time_cycles
0,424742
page_index,time_cycles
0,414150
page_index,time_cycles
0,430482
page_index,time_cycles
0,428418
page_index,time_cycles
0,425480
page_index,time_cycles
0,468556
page_index,time_cycles
0,425866
page_index,time_cycles
0,414660
page_index,time_cycles
0,411398
page_index,time_cycles
0,430302
page_index,time_cycles
0,432318
page_index,time_cycles
0,411070
page_index,time_cycles
0,416360
page_index,time_cycles
0,416248
page_index,time_cycles
0,415104
page_index,time_cycles
0,416538
page_index,time_cycles
0,418822
page_index,time_cycles
0,416712
page_index,time_cycles
0,437320
page_index,time_cycles
0,440304
page_index,time_cycles
0,417832
page_index,time_cycles
0,413476
page_index,time_cycles
0,434722
page_index,time_cycles
0,431426
page_index,time_cycles
0,431876
page_index,time_cycles
0,421218
page_index,time_cycles
0,434338
page_index,time_cycles
0,437478
page_index,time_cycles
0,500848
page_index,time_cycles
0,414426
page_index,time_cycles
0,419446
page_index,time_cycles
0,422072
page_index,time_cycles
0,419304
page_index,time_cycles
0,415644
page_index,time_cycles
0,425456
page_index,time_cycles
0,427198
page_index,time_cycles
0,439424
page_index,time_cycles
0,450090
page_index,time_cycles
0,435072
page_index,time_cycles
0,415802
page_index,time_cycles
0,420360
page_index,time_cycles
0,425172
page_index,time_cycles
0,444250
page_index,time_cycles
0,471264
page_index,time_cycles
0,484618
page_index,time_cycles
0,441092
page_index,time_cycles
0,436798
page_index,time_cycles
0,425346
page_index,time_cycles
0,422774
page_index,time_cycles
0,428492
page_index,time_cycles
0,416648
page_index,time_cycles
0,415698
page_index,time_cycles
0,501670
page_index,time_cycles
0,418722
page_index,time_cycles
0,427728
page_index,time_cycles
0,419650
page_index,time_cycles
0,465898
page_index,time_cycles
0,416976
page_index,time_cycles
0,417284
page_index,time_cycles
0,424846
page_index,time_cycles
0,441620
page_index,time_cycles
0,438174
page_index,time_cycles
0,453742
page_index,time_cycles
0,449888
page_index,time_cycles
0,415640
page_index,time_cycles
0,415356
page_index,time_cycles
0,474130
page_index,time_cycles
0,414944
page_index,time_cycles
0,416846
page_index,time_cycles
0,436598
page_index,time_cycles
0,424010
page_index,time_cycles
0,414596
page_index,time_cycles
0,408428
page_index,time_cycles
0,510214
page_index,time_cycles
0,420578
page_index,time_cycles
0,418988
page_index,time_cycles
0,432048
page_index,time_cycles
0,425240
page_index,time_cycles
0,420662
page_index,time_cycles
0,413378
page_index,time_cycles
0,417418
page_index,time_cycles
0,431670
page_index,time_cycles
0,425946
page_index,time_cycles
0,494522
page_index,time_cycles
0,426094
page_index,time_cycles
0,414106
page_index,time_cycles
0,433558
page_index,time_cycles
0,420082
page_index,time_cycles
0,420642
page_index,time_cycles
0,438436
page_index,time_cycles
0,426660
page_index,time_cycles
0,427004
page_index,time_cycles
0,429752
page_index,time_cycles
0,420656
page_index,time_cycles
0,423646
page_index,time_cycles
0,469978
page_index,time_cycles
0,416488
page_index,time_cycles
0,421646
page_index,time_cycles
0,411522
page_index,time_cycles
0,420950
page_index,time_cycles
0,418024
page_index,time_cycles
0,419430
page_index,time_cycles
0,424726
page_index,time_cycles
0,413176
page_index,time_cycles
0,697912
page_index,time_cycles
0,430542
page_index,time_cycles
0,414726
page_index,time_cycles
0,416736
page_index,time_cycles
0,427864
page_index,time_cycles
0,420834
page_index,time_cycles
0,423956
page_index,time_cycles
0,431660
page_index,time_cycles
0,414322
page_index,time_cycles
0,416752
page_index,time_cycles
0,427790
page_index,time_cycles
0,436822
page_index,time_cycles
0,417094
page_index,time_cycles
0,421444
page_index,time_cycles
0,417214
page_index,time_cycles
0,481128
page_index,time_cycles
0,461336
page_index,time_cycles
0,419834
page_index,time_cycles
0,415720
page_index,time_cycles
0,413176
page_index,time_cycles
0,421284
page_index,time_cycles
0,434710
page_index,time_cycles
0,436038
page_index,time_cycles
0,418646
page_index,time_cycles
0,422482
page_index,time_cycles
0,417322
page_index,time_cycles
0,423160
page_index,time_cycles
0,436348
page_index,time_cycles
0,421434
page_index,time_cycles
0,432646
page_index,time_cycles
0,436704
page_index,time_cycles
0,417352
page_index,time_cycles
0,444334
page_index,time_cycles
0,414558
page_index,time_cycles
0,4447926
page_index,time_cycles
0,425368
page_index,time_cycles
0,419064
page_index,time_cycles
0,433968
page_index,time_cycles
0,415946
page_index,time_cycles
0,414578
page_index,time_cycles
0,440074
page_index,time_cycles
0,419698
page_index,time_cycles
0,413694
page_index,time_cycles
0,447740
page_index,time_cycles
0,431992
page_index,time_cycles
0,434966
page_index,time_cycles
0,435744
page_index,time_cycles
0,421834
page_index,time_cycles
0,427284
page_index,time_cycles
0,453788
page_index,time_cycles
0,474690
page_index,time_cycles
0,446894
page_index,time_cycles
0,1166220
page_index,time_cycles
0,421274
page_index,time_cycles
0,417020
page_index,time_cycles
0,437222
page_index,time_cycles
0,414646
page_index,time_cycles
0,421348
page_index,time_cycles
0,429080
page_index,time_cycles
0,419932
page_index,time_cycles
0,415728
page_index,time_cycles
0,472750
page_index,time_cycles
0,414604
page_index,time_cycles
0,438820
page_index,time_cycles
0,431884
page_index,time_cycles
0,428796
page_index,time_cycles
0,416538
page_index,time_cycles
0,425480
page_index,time_cycles
0,428986
page_index,time_cycles
0,440536
page_index,time_cycles
0,419402
page_index,time_cycles
0,422172
page_index,time_cycles
0,416284
page_index,time_cycles
0,416986
page_index,time_cycles
0,430916
page_index,time_cycles
0,427182
page_index,time_cycles
0,414460
page_index,time_cycles
0,482664
page_index,time_cycles
0,423472
page_index,time_cycles
0,418900
page_index,time_cycles
0,453748
page_index,time_cycles
0,431994
page_index,time_cycles
0,426292
page_index,time_cycles
0,469918
page_index,time_cycles
0,412052
page_index,time_cycles
0,435962
page_index,time_cycles
0,416108
page_index,time_cycles
0,447876
page_index,time_cycles
0,414248
page_index,time_cycles
0,417268
page_index,time_cycles
0,511940
page_index,time_cycles
0,438892
page_index,time_cycles
0,439132
page_index,time_cycles
0,417012
page_index,time_cycles
0,410618
page_index,time_cycles
0,420484
page_index,time_cycles
0,419428
page_index,time_cycles
0,417332
page_index,time_cycles
0,411266
page_index,time_cycles
0,420462
page_index,time_cycles
0,438716
page_index,time_cycles
0,427128
page_index,time_cycles
0,428826
page_index,time_cycles
0,430140
page_index,time_cycles
0,450638
page_index,time_cycles
0,426210
page_index,time_cycles
0,460252
page_index,time_cycles
0,430088
page_index,time_cycles
0,428662
page_index,time_cycles
0,425348
page_index,time_cycles
0,423250
page_index,time_cycles
0,413180
page_index,time_cycles
0,418024
page_index,time_cycles
0,413574
page_index,time_cycles
0,444608
page_index,time_cycles
0,416948
page_index,time_cycles
0,428966
page_index,time_cycles
0,473670
page_index,time_cycles
0,412880
page_index,time_cycles
0,434460
page_index,time_cycles
0,417558
page_index,time_cycles
0,414074
page_index,time_cycles
0,408500
page_index,time_cycles
0,418054
page_index,time_cycles
0,414816
page_index,time_cycles
0,454376
page_index,time_cycles
0,425864
page_index,time_cycles
0,436048
page_index,time_cycles
0,413862
page_index,time_cycles
0,430316
page_index,time_cycles
0,428366
page_index,time_cycles
0,421496
page_index,time_cycles
0,440250
page_index,time_cycles
0,429458
page_index,time_cycles
0,472644
page_index,time_cycles
0,417070
page_index,time_cycles
0,411224
page_index,time_cycles
0,415486
page_index,time_cycles
0,415110
page_index,time_cycles
0,419388
page_index,time_cycles
0,433662
page_index,time_cycles
0,472256
page_index,time_cycles
0,440736
page_index,time_cycles
0,418254
page_index,time_cycles
0,417104
page_index,time_cycles
0,441106
page_index,time_cycles
0,437586
page_index,time_cycles
0,423174
page_index,time_cycles
0,434042
page_index,time_cycles
0,424534
page_index,time_cycles
0,416920
page_index,time_cycles
0,414082
page_index,time_cycles
0,420808
page_index,time_cycles
0,432288
page_index,time_cycles
0,435306
page_index,time_cycles
0,412816
page_index,time_cycles
0,440540
page_index,time_cycles
0,435202
page_index,time_cycles
0,462600
page_index,time_cycles
0,419690
page_index,time_cycles
0,465980
page_index,time_cycles
0,417220
page_index,time_cycles
0,420214
page_index,time_cycles
0,426858
page_index,time_cycles
0,430186
page_index,time_cycles
0,416022
page_index,time_cycles
0,418808
page_index,time_cycles
0,445414
page_index,time_cycles
0,410204
page_index,time_cycles
0,435848
page_index,time_cycles
0,422928
page_index,time_cycles
0,439496
page_index,time_cycles
0,415876
page_index,time_cycles
0,423032
page_index,time_cycles
0,472190
page_index,time_cycles
0,415064
page_index,time_cycles
0,417868
page_index,time_cycles
0,413226
page_index,time_cycles
0,445586
page_index,time_cycles
0,431030
page_index,time_cycles
0,471494
page_index,time_cycles
0,441278
page_index,time_cycles
0,421628
page_index,time_cycles
0,418554
page_index,time_cycles
0,421238
page_index,time_cycles
0,417724
page_index,time_cycles
0,413664
page_index,time_cycles
0,415754
page_index,time_cycles
0,417288
page_index,time_cycles
0,422106
page_index,time_cycles
0,409652
page_index,time_cycles
0,417316
page_index,time_cycles
0,422190
page_index,time_cycles
0,421532
page_index,time_cycles
0,420078
page_index,time_cycles
0,414348
page_index,time_cycles
0,415850
page_index,time_cycles
0,420362
page_index,time_cycles
0,414000
page_index,time_cycles
0,418658
page_index,time_cycles
0,414410
page_index,time_cycles
0,427358
page_index,time_cycles
0,431006
page_index,time_cycles
0,442518
page_index,time_cycles
0,431584
page_index,time_cycles
0,419356
page_index,time_cycles
0,422802
page_index,time_cycles
0,421142
page_index,time_cycles
0,515584
page_index,time_cycles
0,439470
page_index,time_cycles
0,414886
page_index,time_cycles
0,481222
page_index,time_cycles
0,416154
page_index,time_cycles
0,445206
page_index,time_cycles
0,410816
page_index,time_cycles
0,432078
page_index,time_cycles
0,416944
page_index,time_cycles
0,416676
page_index,time_cycles
0,426128
page_index,time_cycles
0,420728
page_index,time_cycles
0,417138
page_index,time_cycles
0,418478
page_index,time_cycles
0,412498
page_index,time_cycles
0,413368
page_index,time_cycles
0,415668
page_index,time_cycles
0,426274
page_index,time_cycles
0,428540
page_index,time_cycles
0,413494
page_index,time_cycles
0,425244
page_index,time_cycles
0,417744
page_index,time_cycles
0,413792
page_index,time_cycles
0,455288
page_index,time_cycles
0,426678
page_index,time_cycles
0,412684
page_index,time_cycles
0,428922
page_index,time_cycles
0,421360
page_index,time_cycles
0,424128
page_index,time_cycles
0,468722
page_index,time_cycles
0,434096
page_index,time_cycles
0,418254
page_index,time_cycles
0,473498
page_index,time_cycles
0,429280
page_index,time_cycles
0,415370
page_index,time_cycles
0,438320
page_index,time_cycles
0,419998
page_index,time_cycles
0,418334
page_index,time_cycles
0,484274
page_index,time_cycles
0,415922
page_index,time_cycles
0,430212
page_index,time_cycles
0,417714
page_index,time_cycles
0,421294
page_index,time_cycles
0,418576
page_index,time_cycles
0,422272
page_index,time_cycles
0,446296
page_index,time_cycles
0,431094
page_index,time_cycles
0,414892
page_index,time_cycles
0,420200
page_index,time_cycles
0,462292
page_index,time_cycles
0,436882
page_index,time_cycles
0,405478
page_index,time_cycles
0,437420
page_index,time_cycles
0,419656
page_index,time_cycles
0,415990
page_index,time_cycles
0,424748
page_index,time_cycles
0,425976
page_index,time_cycles
0,422760
page_index,time_cycles
0,417462
page_index,time_cycles
0,421386
page_index,time_cycles
0,422796
page_index,time_cycles
0,429452
page_index,time_cycles
0,432866
page_index,time_cycles
0,455382
page_index,time_cycles
0,1766540
page_index,time_cycles
0,481792
page_index,time_cycles
0,421468
page_index,time_cycles
0,426936
page_index,time_cycles
0,428350
page_index,time_cycles
0,475484
page_index,time_cycles
0,429836
page_index,time_cycles
0,420538
page_index,time_cycles
0,411692
page_index,time_cycles
0,415960
page_index,time_cycles
0,410968
page_index,time_cycles
0,426298
page_index,time_cycles
0,428450
page_index,time_cycles
0,417234
page_index,time_cycles
0,431556
page_index,time_cycles
0,422826
page_index,time_cycles
0,424698
page_index,time_cycles
0,417256
page_index,time_cycles
0,421580
page_index,time_cycles
0,419268
page_index,time_cycles
0,423812
page_index,time_cycles
0,422942
page_index,time_cycles
0,424508
page_index,time_cycles
0,433388
page_index,time_cycles
0,421002
page_index,time_cycles
0,436854
page_index,time_cycles
0,451150
page_index,time_cycles
0,415554
page_index,time_cycles
0,473952
page_index,time_cycles
0,434888
page_index,time_cycles
0,427220
page_index,time_cycles
0,475990
page_index,time_cycles
0,424904
page_index,time_cycles
0,414160
page_index,time_cycles
0,437444
page_index,time_cycles
0,421754
page_index,time_cycles
0,427972
page_index,time_cycles
0,420404
page_index,time_cycles
0,432078
page_index,time_cycles
0,430134
page_index,time_cycles
0,430764
page_index,time_cycles
0,416258
page_index,time_cycles
0,463236
page_index,time_cycles
0,456898
page_index,time_cycles
0,422974
page_index,time_cycles
0,449044
page_index,time_cycles
0,415878
page_index,time_cycles
0,418196
page_index,time_cycles
0,444124
page_index,time_cycles
0,417876
page_index,time_cycles
0,419716
page_index,time_cycles
0,438200
page_index,time_cycles
0,419436
page_index,time_cycles
0,415414
page_index,time_cycles
0,424974
page_index,time_cycles
0,411922
page_index,time_cycles
0,494570
page_index,time_cycles
0,416170
page_index,time_cycles
0,432062
page_index,time_cycles
0,424636
page_index,time_cycles
0,420076
page_index,time_cycles
0,415594
page_index,time_cycles
0,415850
page_index,time_cycles
0,419994
page_index,time_cycles
0,417272
page_index,time_cycles
0,428684
page_index,time_cycles
0,417184
page_index,time_cycles
0,414838
page_index,time_cycles
0,419280
page_index,time_cycles
0,425710
page_index,time_cycles
0,479332
page_index,time_cycles
0,418556
page_index,time_cycles
0,414656
page_index,time_cycles
0,435520
page_index,time_cycles
0,413304
page_index,time_cycles
0,419770
page_index,time_cycles
0,425640
page_index,time_cycles
0,430818
page_index,time_cycles
0,434246
page_index,time_cycles
0,422910
page_index,time_cycles
0,431870
page_index,time_cycles
0,412572
page_index,time_cycles
0,415098
page_index,time_cycles
0,451046
page_index,time_cycles
0,419434
page_index,time_cycles
0,419502
page_index,time_cycles
0,443736
page_index,time_cycles
0,429090
page_index,time_cycles
0,414648
page_index,time_cycles
0,418436
page_index,time_cycles
0,419544
page_index,time_cycles
0,463144
page_index,time_cycles
0,437826
page_index,time_cycles
0,418310
page_index,time_cycles
0,478256
page_index,time_cycles
0,420414
page_index,time_cycles
0,430378
page_index,time_cycles
0,427328
page_index,time_cycles
0,418226
page_index,time_cycles
0,411932
page_index,time_cycles
0,414792
page_index,time_cycles
0,428690
page_index,time_cycles
0,425732
page_index,time_cycles
0,447348
page_index,time_cycles
0,416936
page_index,time_cycles
0,413808
page_index,time_cycles
0,416594
page_index,time_cycles
0,425810
page_index,time_cycles
0,431212
page_index,time_cycles
0,417214
page_index,time_cycles
0,428782
page_index,time_cycles
0,415922
page_index,time_cycles
0,421418
page_index,time_cycles
0,413170
page_index,time_cycles
0,429326
page_index,time_cycles
0,419420
page_index,time_cycles
0,414420
page_index,time_cycles
0,417740
page_index,time_cycles
0,424686
page_index,time_cycles
0,456540
page_index,time_cycles
0,417488
page_index,time_cycles
0,436474
page_index,time_cycles
0,425454
page_index,time_cycles
0,426264
page_index,time_cycles
0,414750
page_index,time_cycles
0,431918
page_index,time_cycles
0,426900
page_index,time_cycles
0,428238
page_index,time_cycles
0,416932
page_index,time_cycles
0,417722
page_index,time_cycles
0,412910
page_index,time_cycles
0,415084
page_index,time_cycles
0,432436
page_index,time_cycles
0,443806
page_index,time_cycles
0,416608
page_index,time_cycles
0,442420
page_index,time_cycles
0,410932
page_index,time_cycles
0,429894
page_index,time_cycles
0,418824
page_index,time_cycles
0,437018
page_index,time_cycles
0,444598
page_index,time_cycles
0,422052
page_index,time_cycles
0,426430
page_index,time_cycles
0,416994
page_index,time_cycles
0,419302
page_index,time_cycles
0,427274
page_index,time_cycles
0,434434
page_index,time_cycles
0,418870
page_index,time_cycles
0,418578
page_index,time_cycles
0,411658
page_index,time_cycles
0,430216
page_index,time_cycles
0,423012
page_index,time_cycles
0,423672
page_index,time_cycles
0,425742
page_index,time_cycles
0,456754
page_index,time_cycles
0,431260
page_index,time_cycles
0,417222
page_index,time_cycles
0,418050
page_index,time_cycles
0,437566
page_index,time_cycles
0,415894
page_index,time_cycles
0,417828
page_index,time_cycles
0,430952
page_index,time_cycles
0,449336
page_index,time_cycles
0,419008
page_index,time_cycles
0,433828
page_index,time_cycles
0,433818
page_index,time_cycles
0,412218
page_index,time_cycles
0,423804
page_index,time_cycles
0,426926
page_index,time_cycles
0,425940
page_index,time_cycles
0,419302
page_index,time_cycles
0,417934
page_index,time_cycles
0,463454
page_index,time_cycles
0,433970
page_index,time_cycles
0,433514
page_index,time_cycles
0,420896
page_index,time_cycles
0,415488
page_index,time_cycles
0,433568
page_index,time_cycles
0,431106
page_index,time_cycles
0,413486
page_index,time_cycles
0,414640
page_index,time_cycles
0,419740
page_index,time_cycles
0,410474
page_index,time_cycles
0,414484
page_index,time_cycles
0,422456
page_index,time_cycles
0,418432
page_index,time_cycles
0,431740
page_index,time_cycles
0,450538
page_index,time_cycles
0,474042
page_index,time_cycles
0,422346
page_index,time_cycles
0,416382
page_index,time_cycles
0,418376
page_index,time_cycles
0,420680
page_index,time_cycles
0,441334
page_index,time_cycles
0,428680
page_index,time_cycles
0,422432
page_index,time_cycles
0,414662
page_index,time_cycles
0,420794
page_index,time_cycles
0,425178
page_index,time_cycles
0,413402
page_index,time_cycles
0,425038
page_index,time_cycles
0,440198
page_index,time_cycles
0,426460
page_index,time_cycles
0,427026
page_index,time_cycles
0,416096
page_index,time_cycles
0,422676
page_index,time_cycles
0,442126
page_index,time_cycles
0,416498
page_index,time_cycles
0,417236
page_index,time_cycles
0,416186
page_index,time_cycles
0,415520
page_index,time_cycles
0,417436
page_index,time_cycles
0,429662
page_index,time_cycles
0,424636
page_index,time_cycles
0,412012
page_index,time_cycles
0,436342
page_index,time_cycles
0,437158
page_index,time_cycles
0,508252
page_index,time_cycles
0,421890
page_index,time_cycles
0,425918
page_index,time_cycles
0,418938
page_index,time_cycles
0,669100
page_index,time_cycles
0,417042
page_index,time_cycles
0,430458
page_index,time_cycles
0,427224
page_index,time_cycles
0,420538
page_index,time_cycles
0,428428
page_index,time_cycles
0,431240
page_index,time_cycles
0,422476
page_index,time_cycles
0,456892
page_index,time_cycles
0,418554
page_index,time_cycles
0,424876
page_index,time_cycles
0,424226
page_index,time_cycles
0,432092
page_index,time_cycles
0,415008
page_index,time_cycles
0,435782
page_index,time_cycles
0,418532
page_index,time_cycles
0,495780
page_index,time_cycles
0,418760
page_index,time_cycles
0,419566
page_index,time_cycles
0,411578
page_index,time_cycles
0,415830
page_index,time_cycles
0,447980
page_index,time_cycles
0,434002
page_index,time_cycles
0,412060
page_index,time_cycles
0,437534
page_index,time_cycles
0,520276
page_index,time_cycles
0,426906
page_index,time_cycles
0,481464
page_index,time_cycles
0,411516
page_index,time_cycles
0,420452
page_index,time_cycles
0,449170
page_index,time_cycles
0,418894
page_index,time_cycles
0,436570
page_index,time_cycles
0,412642
page_index,time_cycles
0,424166
page_index,time_cycles
0,504864
page_index,time_cycles
0,412580
page_index,time_cycles
0,412186
page_index,time_cycles
0,448270
page_index,time_cycles
0,422048
page_index,time_cycles
0,422030
page_index,time_cycles
0,416920
page_index,time_cycles
0,430742
page_index,time_cycles
0,435056
page_index,time_cycles
0,414568
page_index,time_cycles
0,431450
page_index,time_cycles
0,424516
page_index,time_cycles
0,418674
page_index,time_cycles
0,421642
page_index,time_cycles
0,426970
page_index,time_cycles
0,435254
page_index,time_cycles
0,444600
page_index,time_cycles
0,426486
page_index,time_cycles
0,413432
page_index,time_cycles
0,410862
page_index,time_cycles
0,418506
page_index,time_cycles
0,430438
page_index,time_cycles
0,439358
page_index,time_cycles
0,412012
page_index,time_cycles
0,468974
page_index,time_cycles
0,413274
page_index,time_cycles
0,423642
page_index,time_cycles
0,413788
page_index,time_cycles
0,415754
page_index,time_cycles
0,437620
page_index,time_cycles
0,423554
page_index,time_cycles
0,467832
page_index,time_cycles
0,432198
page_index,time_cycles
0,414174
page_index,time_cycles
0,441896
page_index,time_cycles
0,421020
page_index,time_cycles
0,417924
page_index,time_cycles
0,419484
page_index,time_cycles
0,437056
page_index,time_cycles
0,458800
page_index,time_cycles
0,423572
page_index,time_cycles
0,420984
page_index,time_cycles
0,557984
page_index,time_cycles
0,414506
page_index,time_cycles
0,428306
page_index,time_cycles
0,423008
page_index,time_cycles
0,463868
page_index,time_cycles
0,440792
page_index,time_cycles
0,413444
page_index,time_cycles
0,419608
page_index,time_cycles
0,426438
page_index,time_cycles
0,466742
page_index,time_cycles
0,425006
page_index,time_cycles
0,488204
page_index,time_cycles
0,432076
page_index,time_cycles
0,439634
page_index,time_cycles
0,517830
page_index,time_cycles
0,419734
page_index,time_cycles
0,430518
page_index,time_cycles
0,437950
page_index,time_cycles
0,421762
page_index,time_cycles
0,440252
page_index,time_cycles
0,435752
page_index,time_cycles
0,412876
page_index,time_cycles
0,419720
page_index,time_cycles
0,426250
page_index,time_cycles
0,442286
page_index,time_cycles
0,424408
page_index,time_cycles
0,424056
page_index,time_cycles
0,439074
page_index,time_cycles
0,421400
page_index,time_cycles
0,420224
page_index,time_cycles
0,416110
page_index,time_cycles
0,411736
page_index,time_cycles
0,413934
page_index,time_cycles
0,421622
page_index,time_cycles
0,426856
page_index,time_cycles
0,435598
page_index,time_cycles
0,438068
page_index,time_cycles
0,421784
page_index,time_cycles
0,484266
page_index,time_cycles
0,416420
page_index,time_cycles
0,416518
page_index,time_cycles
0,481524
page_index,time_cycles
0,456550
page_index,time_cycles
0,415814
page_index,time_cycles
0,413202
page_index,time_cycles
0,418196
page_index,time_cycles
0,417400
page_index,time_cycles
0,488634
page_index,time_cycles
0,429008
page_index,time_cycles
0,429266
page_index,time_cycles
0,426316
page_index,time_cycles
0,430148
page_index,time_cycles
0,415274
page_index,time_cycles
0,426702
page_index,time_cycles
0,421392
page_index,time_cycles
0,421686
page_index,time_cycles
0,427108
page_index,time_cycles
0,417618
page_index,time_cycles
0,424782
page_index,time_cycles
0,440226
page_index,time_cycles
0,452040
page_index,time_cycles
0,413344
page_index,time_cycles
0,436030
page_index,time_cycles
0,418908
page_index,time_cycles
0,452216
page_index,time_cycles
0,434084
page_index,time_cycles
0,432278
page_index,time_cycles
0,440412
page_index,time_cycles
0,443264
page_index,time_cycles
0,428018
page_index,time_cycles
0,422272
page_index,time_cycles
0,439580
page_index,time_cycles
0,429394
page_index,time_cycles
0,436924
page_index,time_cycles
0,410896
page_index,time_cycles
0,416382
page_index,time_cycles
0,448998
page_index,time_cycles
0,421894
page_index,time_cycles
0,418878
page_index,time_cycles
0,428652
page_index,time_cycles
0,417348
page_index,time_cycles
0,413064
page_index,time_cycles
0,415818
page_index,time_cycles
0,414880
page_index,time_cycles
0,422856
page_index,time_cycles
0,412746
page_index,time_cycles
0,421354
page_index,time_cycles
0,415278
page_index,time_cycles
0,417898
page_index,time_cycles
0,424378
page_index,time_cycles
0,411746
page_index,time_cycles
0,426704
page_index,time_cycles
0,457226
page_index,time_cycles
0,424122
page_index,time_cycles
0,413466
page_index,time_cycles
0,430300
page_index,time_cycles
0,428788
page_index,time_cycles
0,426918
page_index,time_cycles
0,418594
page_index,time_cycles
0,415182
page_index,time_cycles
0,418080
page_index,time_cycles
0,416458
page_index,time_cycles
0,414404
page_index,time_cycles
0,417956
page_index,time_cycles
0,414654
page_index,time_cycles
0,439670
page_index,time_cycles
0,421872
page_index,time_cycles
0,410882
page_index,time_cycles
0,416152
page_index,time_cycles
0,417426
page_index,time_cycles
0,425204
page_index,time_cycles
0,428838
page_index,time_cycles
0,437596
page_index,time_cycles
0,432286
page_index,time_cycles
0,414392
page_index,time_cycles
0,415394
page_index,time_cycles
0,426380
page_index,time_cycles
0,418694
page_index,time_cycles
0,440662
page_index,time_cycles
0,442768
page_index,time_cycles
0,445438
page_index,time_cycles
0,425360
page_index,time_cycles
0,417618
page_index,time_cycles
0,412492
page_index,time_cycles
0,416542
page_index,time_cycles
0,414870
page_index,time_cycles
0,425940
page_index,time_cycles
0,431368
page_index,time_cycles
0,421674
page_index,time_cycles
0,424592
page_index,time_cycles
0,429734
page_index,time_cycles
0,423654
page_index,time_cycles
0,450164
page_index,time_cycles
0,431076
page_index,time_cycles
0,415432
page_index,time_cycles
0,413722
page_index,time_cycles
0,421410
page_index,time_cycles
0,432276
page_index,time_cycles
0,423622
page_index,time_cycles
0,416622
page_index,time_cycles
0,420490
page_index,time_cycles
0,419628
page_index,time_cycles
0,439056
page_index,time_cycles
0,420962
page_index,time_cycles
0,423064
page_index,time_cycles
0,447378
page_index,time_cycles
0,440066
page_index,time_cycles
0,435254
page_index,time_cycles
0,447822
page_index,time_cycles
0,423990
page_index,time_cycles
0,421446
page_index,time_cycles
0,421670
page_index,time_cycles
0,420170
page_index,time_cycles
0,432376
page_index,time_cycles
0,438948
page_index,time_cycles
0,416208
page_index,time_cycles
0,440262
page_index,time_cycles
0,507808
page_index,time_cycles
0,416360
page_index,time_cycles
0,416704
page_index,time_cycles
0,499750
page_index,time_cycles
0,455372
page_index,time_cycles
0,423982
page_index,time_cycles
0,416912
page_index,time_cycles
0,436580
page_index,time_cycles
0,412638
page_index,time_cycles
0,416628
page_index,time_cycles
0,425232
page_index,time_cycles
0,460468
page_index,time_cycles
0,443478
page_index,time_cycles
0,451370
page_index,time_cycles
0,430402
page_index,time_cycles
0,435472
page_index,time_cycles
0,420016
page_index,time_cycles
0,417890
page_index,time_cycles
0,459324
page_index,time_cycles
0,417286
page_index,time_cycles
0,424520
page_index,time_cycles
0,430040
page_index,time_cycles
0,422620
page_index,time_cycles
0,428786
page_index,time_cycles
0,478056
page_index,time_cycles
0,436152
page_index,time_cycles
0,415816
page_index,time_cycles
0,434538
page_index,time_cycles
0,484730
page_index,time_cycles
0,414176
page_index,time_cycles
0,413940
page_index,time_cycles
0,411408
page_index,time_cycles
0,424288
page_index,time_cycles
0,413490
page_index,time_cycles
0,414746
page_index,time_cycles
0,428262
page_index,time_cycles
0,421612
page_index,time_cycles
0,428166
page_index,time_cycles
0,416966
page_index,time_cycles
0,433790
page_index,time_cycles
0,418738
page_index,time_cycles
0,443444
page_index,time_cycles
0,425576
page_index,time_cycles
0,422580
page_index,time_cycles
0,436870
page_index,time_cycles
0,415502
page_index,time_cycles
0,445578
page_index,time_cycles
0,416714
page_index,time_cycles
0,430768
page_index,time_cycles
0,415888
page_index,time_cycles
0,412918
page_index,time_cycles
0,424776
page_index,time_cycles
0,419558
page_index,time_cycles
0,414428
page_index,time_cycles
0,419882
page_index,time_cycles
0,427864
page_index,time_cycles
0,429180
page_index,time_cycles
0,482956
page_index,time_cycles
0,416712
page_index,time_cycles
0,432442
page_index,time_cycles
0,423952
page_index,time_cycles
0,463602
page_index,time_cycles
0,413904
page_index,time_cycles
0,500686
page_index,time_cycles
0,426970
page_index,time_cycles
0,440060
page_index,time_cycles
0,412612
page_index,time_cycles
0,479546
page_index,time_cycles
0,422548
page_index,time_cycles
0,434404
page_index,time_cycles
0,489838
page_index,time_cycles
0,423328
page_index,time_cycles
0,424294
page_index,time_cycles
0,425550
page_index,time_cycles
0,416568
page_index,time_cycles
0,461540
page_index,time_cycles
0,547776
page_index,time_cycles
0,423466
page_index,time_cycles
0,424976
page_index,time_cycles
0,435896
page_index,time_cycles
0,427234
page_index,time_cycles
0,465346
page_index,time_cycles
0,425396
page_index,time_cycles
0,475054
page_index,time_cycles
0,500358
page_index,time_cycles
0,419180
page_index,time_cycles
0,428438
page_index,time_cycles
0,414734
page_index,time_cycles
0,420434
page_index,time_cycles
0,425646
page_index,time_cycles
0,412874
page_index,time_cycles
0,426474
page_index,time_cycles
0,419130
page_index,time_cycles
0,438710
page_index,time_cycles
0,427870
page_index,time_cycles
0,426046
page_index,time_cycles
0,433798
page_index,time_cycles
0,417656
page_index,time_cycles
0,417794
page_index,time_cycles
0,424680
page_index,time_cycles
0,423876
page_index,time_cycles
0,423466
page_index,time_cycles
0,445264
page_index,time_cycles
0,415030
page_index,time_cycles
0,421710
page_index,time_cycles
0,431570
page_index,time_cycles
0,416964
page_index,time_cycles
0,426166
page_index,time_cycles
0,417324
page_index,time_cycles
0,413992
page_index,time_cycles
0,427626
page_index,time_cycles
0,420148
page_index,time_cycles
0,442126
page_index,time_cycles
0,413310
page_index,time_cycles
0,435076
page_index,time_cycles
0,427984
page_index,time_cycles
0,419890
page_index,time_cycles
0,420490
page_index,time_cycles
0,416098
page_index,time_cycles
0,454066
page_index,time_cycles
0,425382
page_index,time_cycles
0,417532
page_index,time_cycles
0,443112
page_index,time_cycles
0,429946
page_index,time_cycles
0,439562
page_index,time_cycles
0,422816
page_index,time_cycles
0,417216
page_index,time_cycles
0,423250
page_index,time_cycles
0,412762
page_index,time_cycles
0,429120
page_index,time_cycles
0,423018
page_index,time_cycles
0,438316
page_index,time_cycles
0,415332
page_index,time_cycles
0,416492
page_index,time_cycles
0,420740
page_index,time_cycles
0,442112
page_index,time_cycles
0,464972
page_index,time_cycles
0,415856
page_index,time_cycles
0,415182
page_index,time_cycles
0,424434
page_index,time_cycles
0,458606
page_index,time_cycles
0,418720
page_index,time_cycles
0,426870
page_index,time_cycles
0,479662
page_index,time_cycles
0,421294
page_index,time_cycles
0,420232
page_index,time_cycles
0,417896
page_index,time_cycles
0,410432
page_index,time_cycles
0,432110
page_index,time_cycles
0,424178
page_index,time_cycles
0,416910
page_index,time_cycles
0,411354
page_index,time_cycles
0,423000
page_index,time_cycles
0,433762
page_index,time_cycles
0,412286
page_index,time_cycles
0,417064
page_index,time_cycles
0,434578
page_index,time_cycles
0,413546
page_index,time_cycles
0,450642
page_index,time_cycles
0,424846
page_index,time_cycles
0,428086
page_index,time_cycles
0,415036
page_index,time_cycles
0,461718
page_index,time_cycles
0,2219942
page_index,time_cycles
0,419232
page_index,time_cycles
0,445430
page_index,time_cycles
0,431006
page_index,time_cycles
0,430550
page_index,time_cycles
0,428594
page_index,time_cycles
0,415182
page_index,time_cycles
0,823982
page_index,time_cycles
0,424528
page_index,time_cycles
0,429754
page_index,time_cycles
0,415926
page_index,time_cycles
0,444178
page_index,time_cycles
0,424928
page_index,time_cycles
0,414080
page_index,time_cycles
0,416880
page_index,time_cycles
0,424308
page_index,time_cycles
0,447500
page_index,time_cycles
0,421464
page_index,time_cycles
0,419014
page_index,time_cycles
0,420976
page_index,time_cycles
0,430014
page_index,time_cycles
0,455098
page_index,time_cycles
0,417116
page_index,time_cycles
0,431718
page_index,time_cycles
0,458714
page_index,time_cycles
0,420182
page_index,time_cycles
0,416348
page_index,time_cycles
0,414588
page_index,time_cycles
0,429356
page_index,time_cycles
0,454834
page_index,time_cycles
0,424860
page_index,time_cycles
0,430300
page_index,time_cycles
0,432616
page_index,time_cycles
0,419076
page_index,time_cycles
0,422108
page_index,time_cycles
0,429142
page_index,time_cycles
0,428098
page_index,time_cycles
0,429520
page_index,time_cycles
0,417616
page_index,time_cycles
0,425876
page_index,time_cycles
0,434722
page_index,time_cycles
0,415544
page_index,time_cycles
0,427658
page_index,time_cycles
0,427586
page_index,time_cycles
0,428682
page_index,time_cycles
0,427918
page_index,time_cycles
0,419966
page_index,time_cycles
0,483450
page_index,time_cycles
0,425252
page_index,time_cycles
0,437800
page_index,time_cycles
0,429386
page_index,time_cycles
0,425082
page_index,time_cycles
0,435212
page_index,time_cycles
0,417164
page_index,time_cycles
0,451908
page_index,time_cycles
0,418096
page_index,time_cycles
0,414448
page_index,time_cycles
0,423056
page_index,time_cycles
0,420914
page_index,time_cycles
0,468822
page_index,time_cycles
0,416734
page_index,time_cycles
0,415160
page_index,time_cycles
0,416784
page_index,time_cycles
0,428746
page_index,time_cycles
0,447138
page_index,time_cycles
0,426002
page_index,time_cycles
0,418032
page_index,time_cycles
0,450662
page_index,time_cycles
0,415994
page_index,time_cycles
0,425666
page_index,time_cycles
0,424370
page_index,time_cycles
0,424142
page_index,time_cycles
0,419678
page_index,time_cycles
0,425130
page_index,time_cycles
0,445152
page_index,time_cycles
0,414714
page_index,time_cycles
0,422668
page_index,time_cycles
0,421014
page_index,time_cycles
0,423546
page_index,time_cycles
0,433630
page_index,time_cycles
0,453092
page_index,time_cycles
0,432504
page_index,time_cycles
0,430602
page_index,time_cycles
0,430316
page_index,time_cycles
0,440216
page_index,time_cycles
0,428198
page_index,time_cycles
0,438054
page_index,time_cycles
0,420810
page_index,time_cycles
0,422312
page_index,time_cycles
0,417208
page_index,time_cycles
0,412894
page_index,time_cycles
0,471776
page_index,time_cycles
0,416512
page_index,time_cycles
0,433122
page_index,time_cycles
0,433338
page_index,time_cycles
0,428498
page_index,time_cycles
0,417656
page_index,time_cycles
0,427760
page_index,time_cycles
0,415360
page_index,time_cycles
0,418008
page_index,time_cycles
0,421032
page_index,time_cycles
0,420280
page_index,time_cycles
0,474646
page_index,time_cycles
0,426222
page_index,time_cycles
0,424648
page_index,time_cycles
0,503974
page_index,time_cycles
0,417124
page_index,time_cycles
0,414748
page_index,time_cycles
0,417864
page_index,time_cycles
0,409568
page_index,time_cycles
0,427624
page_index,time_cycles
0,467330
page_index,time_cycles
0,417554
page_index,time_cycles
0,416312
page_index,time_cycles
0,445784
page_index,time_cycles
0,417798
page_index,time_cycles
0,498504
page_index,time_cycles
0,425492
page_index,time_cycles
0,420724
page_index,time_cycles
0,430364
page_index,time_cycles
0,400504
page_index,time_cycles
0,431288
page_index,time_cycles
0,416268
page_index,time_cycles
0,425026
page_index,time_cycles
0,463120
page_index,time_cycles
0,417012
page_index,time_cycles
0,416114
page_index,time_cycles
0,421284
page_index,time_cycles
0,446880
page_index,time_cycles
0,414194
page_index,time_cycles
0,467496
page_index,time_cycles
0,421408
page_index,time_cycles
0,415716
page_index,time_cycles
0,436746
page_index,time_cycles
0,436128
page_index,time_cycles
0,418898
page_index,time_cycles
0,422220
page_index,time_cycles
0,431606
page_index,time_cycles
0,444080
page_index,time_cycles
0,429520
page_index,time_cycles
0,413396
page_index,time_cycles
0,412650
page_index,time_cycles
0,501576
page_index,time_cycles
0,430420
page_index,time_cycles
0,416476
page_index,time_cycles
0,441604
page_index,time_cycles
0,427874
page_index,time_cycles
0,431230
page_index,time_cycles
0,430302
page_index,time_cycles
0,420804
page_index,time_cycles
0,426938
page_index,time_cycles
0,424804
page_index,time_cycles
0,411792
page_index,time_cycles
0,426618
page_index,time_cycles
0,445642
page_index,time_cycles
0,416968
page_index,time_cycles
0,412252
page_index,time_cycles
0,415398
page_index,time_cycles
0,429856
page_index,time_cycles
0,419882
page_index,time_cycles
0,412240
page_index,time_cycles
0,422298
page_index,time_cycles
0,429394
page_index,time_cycles
0,422116
page_index,time_cycles
0,428986
page_index,time_cycles
0,428302
page_index,time_cycles
0,423490
page_index,time_cycles
0,437412
page_index,time_cycles
0,424328
page_index,time_cycles
0,411246
page_index,time_cycles
0,419068
page_index,time_cycles
0,434262
page_index,time_cycles
0,415368
page_index,time_cycles
0,413272
page_index,time_cycles
0,425386
page_index,time_cycles
0,423428
page_index,time_cycles
0,417062
page_index,time_cycles
0,432376
page_index,time_cycles
0,416774
page_index,time_cycles
0,424090
page_index,time_cycles
0,426344
page_index,time_cycles
0,437836
page_index,time_cycles
0,435788
page_index,time_cycles
0,420736
page_index,time_cycles
0,427106
page_index,time_cycles
0,417068
page_index,time_cycles
0,423624
page_index,time_cycles
0,425714
page_index,time_cycles
0,413894
page_index,time_cycles
0,411930
page_index,time_cycles
0,412236
page_index,time_cycles
0,420806
page_index,time_cycles
0,417604
page_index,time_cycles
0,418866
page_index,time_cycles
0,429168
page_index,time_cycles
0,426292
page_index,time_cycles
0,416558
page_index,time_cycles
0,410962
page_index,time_cycles
0,431036
page_index,time_cycles
0,450694
page_index,time_cycles
0,423384
page_index,time_cycles
0,422558
page_index,time_cycles
0,502354
page_index,time_cycles
0,426734
page_index,time_cycles
0,409870
page_index,time_cycles
0,448938
page_index,time_cycles
0,423076
page_index,time_cycles
0,418982
page_index,time_cycles
0,418702
page_index,time_cycles
0,415486
page_index,time_cycles
0,437202
page_index,time_cycles
0,413962
page_index,time_cycles
0,428228
page_index,time_cycles
0,433898
page_index,time_cycles
0,422534
page_index,time_cycles
0,414896
page_index,time_cycles
0,416104
page_index,time_cycles
0,425502
page_index,time_cycles
0,426654
page_index,time_cycles
0,427760
page_index,time_cycles
0,485164
page_index,time_cycles
0,466540
page_index,time_cycles
0,414326
page_index,time_cycles
0,461748
page_index,time_cycles
0,418166
page_index,time_cycles
0,419200
page_index,time_cycles
0,417746
page_index,time_cycles
0,411406
page_index,time_cycles
0,423248
page_index,time_cycles
0,462890
page_index,time_cycles
0,418072
page_index,time_cycles
0,423866
page_index,time_cycles
0,407052
page_index,time_cycles
0,466942
page_index,time_cycles
0,527154
page_index,time_cycles
0,423870
page_index,time_cycles
0,424300
page_index,time_cycles
0,415718
page_index,time_cycles
0,417726
page_index,time_cycles
0,508682
page_index,time_cycles
0,421556
page_index,time_cycles
0,430756
page_index,time_cycles
0,421210
page_index,time_cycles
0,430024
page_index,time_cycles
0,422038
page_index,time_cycles
0,415430
page_index,time_cycles
0,435834
page_index,time_cycles
0,409136
page_index,time_cycles
0,413168
page_index,time_cycles
0,427930
page_index,time_cycles
0,425506
page_index,time_cycles
0,422692
page_index,time_cycles
0,416602
page_index,time_cycles
0,438920
page_index,time_cycles
0,417792
page_index,time_cycles
0,418644
page_index,time_cycles
0,426144
page_index,time_cycles
0,429830
page_index,time_cycles
0,429370
page_index,time_cycles
0,421494
page_index,time_cycles
0,432156
page_index,time_cycles
0,415656
page_index,time_cycles
0,434492
page_index,time_cycles
0,433378
page_index,time_cycles
0,437104
page_index,time_cycles
0,418860
page_index,time_cycles
0,426546
page_index,time_cycles
0,418064
page_index,time_cycles
0,421828
page_index,time_cycles
0,423460
page_index,time_cycles
0,449566
page_index,time_cycles
0,425676
page_index,time_cycles
0,425710
page_index,time_cycles
0,435194
page_index,time_cycles
0,425772
page_index,time_cycles
0,428636
page_index,time_cycles
0,429680
page_index,time_cycles
0,414208
page_index,time_cycles
0,416334
page_index,time_cycles
0,443814
page_index,time_cycles
0,419070
page_index,time_cycles
0,425548
page_index,time_cycles
0,417942
page_index,time_cycles
0,415108
page_index,time_cycles
0,429234
page_index,time_cycles
0,413032
page_index,time_cycles
0,427898
page_index,time_cycles
0,419536
page_index,time_cycles
0,420192
page_index,time_cycles
0,431636
page_index,time_cycles
0,426984
page_index,time_cycles
0,416508
page_index,time_cycles
0,425594
page_index,time_cycles
0,422306
page_index,time_cycles
0,453308
page_index,time_cycles
0,424150
page_index,time_cycles
0,435162
page_index,time_cycles
0,417430
page_index,time_cycles
0,423840
page_index,time_cycles
0,415674
page_index,time_cycles
0,410526
page_index,time_cycles
0,419096
page_index,time_cycles
0,435412
page_index,time_cycles
0,418064
page_index,time_cycles
0,430816
page_index,time_cycles
0,420638
page_index,time_cycles
0,443032
page_index,time_cycles
0,418482
page_index,time_cycles
0,510710
page_index,time_cycles
0,467390
page_index,time_cycles
0,508896
page_index,time_cycles
0,419890
page_index,time_cycles
0,477388
page_index,time_cycles
0,434948
page_index,time_cycles
0,457418
page_index,time_cycles
0,415914
page_index,time_cycles
0,422238
page_index,time_cycles
0,441262
page_index,time_cycles
0,412124
page_index,time_cycles
0,431156
page_index,time_cycles
0,418306
page_index,time_cycles
0,428730
page_index,time_cycles
0,436254
page_index,time_cycles
0,419600
page_index,time_cycles
0,426136
page_index,time_cycles
0,412140
page_index,time_cycles
0,414474
page_index,time_cycles
0,441840
page_index,time_cycles
0,436068
page_index,time_cycles
0,415810
page_index,time_cycles
0,425274
page_index,time_cycles
0,433998
page_index,time_cycles
0,447930
page_index,time_cycles
0,418254
page_index,time_cycles
0,418044
page_index,time_cycles
0,417918
page_index,time_cycles
0,421396
page_index,time_cycles
0,426212
page_index,time_cycles
0,430938
page_index,time_cycles
0,435702
page_index,time_cycles
0,418544
page_index,time_cycles
0,415454
page_index,time_cycles
0,429316
page_index,time_cycles
0,416866
page_index,time_cycles
0,428108
page_index,time_cycles
0,441738
page_index,time_cycles
0,453486
page_index,time_cycles
0,427960
page_index,time_cycles
0,429378
page_index,time_cycles
0,707384
page_index,time_cycles
0,413742
page_index,time_cycles
0,435182
page_index,time_cycles
0,422530
page_index,time_cycles
0,448668
page_index,time_cycles
0,412102
page_index,time_cycles
0,415752
page_index,time_cycles
0,439630
page_index,time_cycles
0,413388
page_index,time_cycles
0,417468
page_index,time_cycles
0,413494
page_index,time_cycles
0,427992
page_index,time_cycles
0,674682
page_index,time_cycles
0,412514
page_index,time_cycles
0,447526
page_index,time_cycles
0,423920
page_index,time_cycles
0,423696
page_index,time_cycles
0,428878
page_index,time_cycles
0,472516
page_index,time_cycles
0,415842
page_index,time_cycles
0,434388
page_index,time_cycles
0,430264
page_index,time_cycles
0,428058
page_index,time_cycles
0,470184
page_index,time_cycles
0,432298
page_index,time_cycles
0,471922
page_index,time_cycles
0,423748
page_index,time_cycles
0,421418
page_index,time_cycles
0,480032
page_index,time_cycles
0,436226
page_index,time_cycles
0,427714
page_index,time_cycles
0,414330
page_index,time_cycles
0,417118
page_index,time_cycles
0,418106
page_index,time_cycles
0,414394
page_index,time_cycles
0,425244
page_index,time_cycles
0,418764
page_index,time_cycles
0,456598
page_index,time_cycles
0,460732
page_index,time_cycles
0,418332
page_index,time_cycles
0,416068
page_index,time_cycles
0,426158
page_index,time_cycles
0,417740
page_index,time_cycles
0,475212
page_index,time_cycles
0,420088
page_index,time_cycles
0,418810
page_index,time_cycles
0,418240
page_index,time_cycles
0,414744
page_index,time_cycles
0,423790
page_index,time_cycles
0,432084
page_index,time_cycles
0,424166
page_index,time_cycles
0,417556
page_index,time_cycles
0,425294
page_index,time_cycles
0,414842
page_index,time_cycles
0,414048
page_index,time_cycles
0,418550
page_index,time_cycles
0,428338
page_index,time_cycles
0,455156
page_index,time_cycles
0,438690
page_index,time_cycles
0,505002
page_index,time_cycles
0,423236
page_index,time_cycles
0,421070
page_index,time_cycles
0,434938
page_index,time_cycles
0,414480
page_index,time_cycles
0,416086
page_index,time_cycles
0,421290
page_index,time_cycles
0,413914
page_index,time_cycles
0,413366
page_index,time_cycles
0,430010
page_index,time_cycles
0,420456
page_index,time_cycles
0,416772
page_index,time_cycles
0,416210
page_index,time_cycles
0,413448
page_index,time_cycles
0,422988
page_index,time_cycles
0,425404
page_index,time_cycles
0,421688
page_index,time_cycles
0,424374
page_index,time_cycles
0,415688
page_index,time_cycles
0,432282
page_index,time_cycles
0,427180
page_index,time_cycles
0,414998
page_index,time_cycles
0,432174
page_index,time_cycles
0,449794
page_index,time_cycles
0,455634
page_index,time_cycles
0,449604
page_index,time_cycles
0,431092
page_index,time_cycles
0,431940
page_index,time_cycles
0,424998
page_index,time_cycles
0,414758
page_index,time_cycles
0,412014
page_index,time_cycles
0,438742
page_index,time_cycles
0,430060
page_index,time_cycles
0,411894
page_index,time_cycles
0,420296
page_index,time_cycles
0,416204
page_index,time_cycles
0,414656
page_index,time_cycles
0,459414
page_index,time_cycles
0,419310
page_index,time_cycles
0,410862
page_index,time_cycles
0,438008
page_index,time_cycles
0,433136
page_index,time_cycles
0,413460
page_index,time_cycles
0,416722
page_index,time_cycles
0,428436
page_index,time_cycles
0,416110
page_index,time_cycles
0,430408
page_index,time_cycles
0,440290
page_index,time_cycles
0,426770
page_index,time_cycles
0,415328
page_index,time_cycles
0,421202
page_index,time_cycles
0,431300
page_index,time_cycles
0,421096
page_index,time_cycles
0,424540
page_index,time_cycles
0,448970
page_index,time_cycles
0,445708
page_index,time_cycles
0,419960
page_index,time_cycles
0,424776
page_index,time_cycles
0,415654
page_index,time_cycles
0,418232
page_index,time_cycles
0,447504
page_index,time_cycles
0,421232
page_index,time_cycles
0,431740
page_index,time_cycles
0,463164
page_index,time_cycles
0,430438
page_index,time_cycles
0,426296
page_index,time_cycles
0,412506
page_index,time_cycles
0,414284
page_index,time_cycles
0,429918
page_index,time_cycles
0,416014
page_index,time_cycles
0,438672
page_index,time_cycles
0,428860
page_index,time_cycles
0,478512
page_index,time_cycles
0,426392
page_index,time_cycles
0,433362
page_index,time_cycles
0,424736
page_index,time_cycles
0,412914
page_index,time_cycles
0,424810
page_index,time_cycles
0,414776
page_index,time_cycles
0,430374
page_index,time_cycles
0,423284
page_index,time_cycles
0,419700
page_index,time_cycles
0,417438
page_index,time_cycles
0,425602
page_index,time_cycles
0,417198
page_index,time_cycles
0,429986
page_index,time_cycles
0,435982
page_index,time_cycles
0,449426
page_index,time_cycles
0,432410
page_index,time_cycles
0,450914
page_index,time_cycles
0,415634
page_index,time_cycles
0,425338
page_index,time_cycles
0,423000
page_index,time_cycles
0,422864
page_index,time_cycles
0,447618
page_index,time_cycles
0,424410
page_index,time_cycles
0,417198
page_index,time_cycles
0,417682
page_index,time_cycles
0,422504
page_index,time_cycles
0,420618
page_index,time_cycles
0,557678
page_index,time_cycles
0,413932
page_index,time_cycles
0,418024
page_index,time_cycles
0,423106
page_index,time_cycles
0,416202
page_index,time_cycles
0,435518
page_index,time_cycles
0,427480
page_index,time_cycles
0,445520
page_index,time_cycles
0,435712
page_index,time_cycles
0,415544
page_index,time_cycles
0,468612
page_index,time_cycles
0,423222
page_index,time_cycles
0,415760
page_index,time_cycles
0,416808
page_index,time_cycles
0,413888
page_index,time_cycles
0,415320
page_index,time_cycles
0,455876
page_index,time_cycles
0,419248
page_index,time_cycles
0,450692
page_index,time_cycles
0,430384
page_index,time_cycles
0,450170
page_index,time_cycles
0,417030
page_index,time_cycles
0,414002
page_index,time_cycles
0,426754
page_index,time_cycles
0,430858
page_index,time_cycles
0,418146
page_index,time_cycles
0,419832
page_index,time_cycles
0,417718
page_index,time_cycles
0,409938
page_index,time_cycles
0,413892
page_index,time_cycles
0,437006
page_index,time_cycles
0,418934
page_index,time_cycles
0,465096
page_index,time_cycles
0,412878
page_index,time_cycles
0,423924
page_index,time_cycles
0,457452
page_index,time_cycles
0,600386
page_index,time_cycles
0,418662
page_index,time_cycles
0,462574
page_index,time_cycles
0,414692
page_index,time_cycles
0,431332
page_index,time_cycles
0,415252
page_index,time_cycles
0,412672
page_index,time_cycles
0,428712
page_index,time_cycles
0,486956
page_index,time_cycles
0,413710
page_index,time_cycles
0,426836
page_index,time_cycles
0,439822
page_index,time_cycles
0,424094
page_index,time_cycles
0,461356
page_index,time_cycles
0,432756
page_index,time_cycles
0,422432
page_index,time_cycles
0,496508
page_index,time_cycles
0,415718
page_index,time_cycles
0,426838
page_index,time_cycles
0,429492
page_index,time_cycles
0,419704
page_index,time_cycles
0,419842
page_index,time_cycles
0,431852
page_index,time_cycles
0,421816
page_index,time_cycles
0,469598
page_index,time_cycles
0,425050
page_index,time_cycles
0,450864
page_index,time_cycles
0,428374
page_index,time_cycles
0,415304
page_index,time_cycles
0,424852
page_index,time_cycles
0,416610
page_index,time_cycles
0,421078
page_index,time_cycles
0,422732
page_index,time_cycles
0,416070
page_index,time_cycles
0,417398
page_index,time_cycles
0,414270
page_index,time_cycles
0,421598
page_index,time_cycles
0,466986
page_index,time_cycles
0,470662
page_index,time_cycles
0,430704
page_index,time_cycles
0,443344
page_index,time_cycles
0,417400
page_index,time_cycles
0,434840
page_index,time_cycles
0,414940
page_index,time_cycles
0,426386
page_index,time_cycles
0,420324
page_index,time_cycles
0,450606
page_index,time_cycles
0,415684
page_index,time_cycles
0,435194
page_index,time_cycles
0,430822
page_index,time_cycles
0,428466
page_index,time_cycles
0,416234
page_index,time_cycles
0,451102
page_index,time_cycles
0,430076
page_index,time_cycles
0,416556
page_index,time_cycles
0,427368
page_index,time_cycles
0,417604
page_index,time_cycles
0,419654
page_index,time_cycles
0,424210
page_index,time_cycles
0,416220
page_index,time_cycles
0,439166
page_index,time_cycles
0,421878
page_index,time_cycles
0,508324
page_index,time_cycles
0,461090
page_index,time_cycles
0,416232
page_index,time_cycles
0,432214
page_index,time_cycles
0,424852
page_index,time_cycles
0,438160
page_index,time_cycles
0,433212
page_index,time_cycles
0,412682
page_index,time_cycles
0,409938
page_index,time_cycles
0,438732
page_index,time_cycles
0,413858
page_index,time_cycles
0,428674
page_index,time_cycles
0,417754
page_index,time_cycles
0,416162
page_index,time_cycles
0,412422
page_index,time_cycles
0,449452
page_index,time_cycles
0,434412
page_index,time_cycles
0,420808
page_index,time_cycles
0,428582
page_index,time_cycles
0,436982
page_index,time_cycles
0,533348
page_index,time_cycles
0,415946
page_index,time_cycles
0,415108
page_index,time_cycles
0,416528
page_index,time_cycles
0,424254
page_index,time_cycles
0,418634
page_index,time_cycles
0,421900
page_index,time_cycles
0,413452
page_index,time_cycles
0,433072
page_index,time_cycles
0,418552
page_index,time_cycles
0,429898
page_index,time_cycles
0,435098
page_index,time_cycles
0,439592
page_index,time_cycles
0,428086
page_index,time_cycles
0,417098
page_index,time_cycles
0,424502
page_index,time_cycles
0,416096
page_index,time_cycles
0,425868
page_index,time_cycles
0,472244
page_index,time_cycles
0,418130
page_index,time_cycles
0,438106
page_index,time_cycles
0,456786
page_index,time_cycles
0,413572
page_index,time_cycles
0,415482
page_index,time_cycles
0,413084
page_index,time_cycles
0,420146
page_index,time_cycles
0,413966
page_index,time_cycles
0,412246
page_index,time_cycles
0,415288
page_index,time_cycles
0,432284
page_index,time_cycles
0,420110
page_index,time_cycles
0,420800
page_index,time_cycles
0,416166
page_index,time_cycles
0,417498
page_index,time_cycles
0,442712
page_index,time_cycles
0,411352
page_index,time_cycles
0,426598
page_index,time_cycles
0,424008
page_index,time_cycles
0,448524
page_index,time_cycles
0,422508
page_index,time_cycles
0,420632
page_index,time_cycles
0,429730
page_index,time_cycles
0,438250
page_index,time_cycles
0,433528
page_index,time_cycles
0,418008
page_index,time_cycles
0,436496
page_index,time_cycles
0,415728
page_index,time_cycles
0,412178
page_index,time_cycles
0,420604
page_index,time_cycles
0,439532
page_index,time_cycles
0,416456
page_index,time_cycles
0,413102
page_index,time_cycles
0,436700
page_index,time_cycles
0,415922
page_index,time_cycles
0,435720
page_index,time_cycles
0,422814
page_index,time_cycles
0,418490
page_index,time_cycles
0,421080
page_index,time_cycles
0,437420
page_index,time_cycles
0,426270
page_index,time_cycles
0,417344
page_index,time_cycles
0,435908
page_index,time_cycles
0,427868
page_index,time_cycles
0,414030
page_index,time_cycles
0,420040
page_index,time_cycles
0,432882
page_index,time_cycles
0,421870
page_index,time_cycles
0,431094
page_index,time_cycles
0,424560
page_index,time_cycles
0,434520
page_index,time_cycles
0,419600
page_index,time_cycles
0,459564
page_index,time_cycles
0,426268
page_index,time_cycles
0,448874
page_index,time_cycles
0,422458
page_index,time_cycles
0,413994
page_index,time_cycles
0,421120
page_index,time_cycles
0,413052
page_index,time_cycles
0,430642
page_index,time_cycles
0,424316
page_index,time_cycles
0,419958
page_index,time_cycles
0,419934
page_index,time_cycles
0,422486
page_index,time_cycles
0,427398
page_index,time_cycles
0,456792
page_index,time_cycles
0,435960
page_index,time_cycles
0,416458
page_index,time_cycles
0,425242
page_index,time_cycles
0,426512
page_index,time_cycles
0,412940
page_index,time_cycles
0,422158
page_index,time_cycles
0,426336
page_index,time_cycles
0,417254
page_index,time_cycles
0,499248
page_index,time_cycles
0,441670
page_index,time_cycles
0,417328
page_index,time_cycles
0,414554
page_index,time_cycles
0,418320
page_index,time_cycles
0,412946
page_index,time_cycles
0,420048
page_index,time_cycles
0,441212
page_index,time_cycles
0,417784
page_index,time_cycles
0,439058
page_index,time_cycles
0,419060
page_index,time_cycles
0,428492
page_index,time_cycles
0,471642
page_index,time_cycles
0,432020
page_index,time_cycles
0,428884
page_index,time_cycles
0,417218
page_index,time_cycles
0,533484
page_index,time_cycles
0,451582
page_index,time_cycles
0,430172
page_index,time_cycles
0,417592
page_index,time_cycles
0,447316
page_index,time_cycles
0,423152
page_index,time_cycles
0,433482
page_index,time_cycles
0,457436
page_index,time_cycles
0,417572
page_index,time_cycles
0,425406
page_index,time_cycles
0,421488
page_index,time_cycles
0,455128
page_index,time_cycles
0,418266
page_index,time_cycles
0,423526
page_index,time_cycles
0,419322
page_index,time_cycles
0,413772
page_index,time_cycles
0,429896
page_index,time_cycles
0,443914
page_index,time_cycles
0,468058
page_index,time_cycles
0,455542
page_index,time_cycles
0,430570
page_index,time_cycles
0,413566
page_index,time_cycles
0,452360
page_index,time_cycles
0,415476
page_index,time_cycles
0,478690
page_index,time_cycles
0,422284
page_index,time_cycles
0,447368
page_index,time_cycles
0,420874
page_index,time_cycles
0,481146
page_index,time_cycles
0,415974
page_index,time_cycles
0,506862
page_index,time_cycles
0,457558
page_index,time_cycles
0,425896
page_index,time_cycles
0,422264
page_index,time_cycles
0,428054
page_index,time_cycles
0,423652
page_index,time_cycles
0,422384
page_index,time_cycles
0,437018
page_index,time_cycles
0,437120
page_index,time_cycles
0,421634
page_index,time_cycles
0,425208
page_index,time_cycles
0,421050
page_index,time_cycles
0,418752
page_index,time_cycles
0,421278
page_index,time_cycles
0,434500
page_index,time_cycles
0,428328
page_index,time_cycles
0,416488
page_index,time_cycles
0,419556
page_index,time_cycles
0,441490
page_index,time_cycles
0,589640
page_index,time_cycles
0,419222
page_index,time_cycles
0,417002
page_index,time_cycles
0,538846
page_index,time_cycles
0,418486
page_index,time_cycles
0,417836
page_index,time_cycles
0,522664
page_index,time_cycles
0,426692
page_index,time_cycles
0,417628
page_index,time_cycles
0,413516
page_index,time_cycles
0,429396
page_index,time_cycles
0,430890
page_index,time_cycles
0,433940
page_index,time_cycles
0,423940
page_index,time_cycles
0,417376
page_index,time_cycles
0,413744
page_index,time_cycles
0,443252
page_index,time_cycles
0,414054
page_index,time_cycles
0,418016
page_index,time_cycles
0,457202
page_index,time_cycles
0,429930
page_index,time_cycles
0,431522
page_index,time_cycles
0,413930
page_index,time_cycles
0,431018
page_index,time_cycles
0,438134
page_index,time_cycles
0,439750
page_index,time_cycles
0,413048
page_index,time_cycles
0,420168
page_index,time_cycles
0,422792
page_index,time_cycles
0,441794
page_index,time_cycles
0,424062
page_index,time_cycles
0,428436
page_index,time_cycles
0,418406
page_index,time_cycles
0,430270
page_index,time_cycles
0,437164
page_index,time_cycles
0,437026
page_index,time_cycles
0,428494
page_index,time_cycles
0,496234
page_index,time_cycles
0,429532
page_index,time_cycles
0,521168
page_index,time_cycles
0,419538
page_index,time_cycles
0,436890
page_index,time_cycles
0,419918
page_index,time_cycles
0,442338
page_index,time_cycles
0,416782
page_index,time_cycles
0,425264
page_index,time_cycles
0,450748
page_index,time_cycles
0,418492
page_index,time_cycles
0,422740
page_index,time_cycles
0,428042
page_index,time_cycles
0,450628
page_index,time_cycles
0,420036
page_index,time_cycles
0,420864
page_index,time_cycles
0,415228
page_index,time_cycles
0,425172
page_index,time_cycles
0,472510
page_index,time_cycles
0,435550
page_index,time_cycles
0,426982
page_index,time_cycles
0,434390
page_index,time_cycles
0,424260
page_index,time_cycles
0,433614
page_index,time_cycles
0,430356
page_index,time_cycles
0,420086
page_index,time_cycles
0,485744
page_index,time_cycles
0,414582
page_index,time_cycles
0,417100
page_index,time_cycles
0,436524
page_index,time_cycles
0,416338
page_index,time_cycles
0,415912
page_index,time_cycles
0,417226
page_index,time_cycles
0,432498
page_index,time_cycles
0,419764
page_index,time_cycles
0,463924
page_index,time_cycles
0,415276
page_index,time_cycles
0,415772
page_index,time_cycles
0,552730
page_index,time_cycles
0,429560
page_index,time_cycles
0,421328
page_index,time_cycles
0,443858
page_index,time_cycles
0,421850
page_index,time_cycles
0,432116
page_index,time_cycles
0,414606
page_index,time_cycles
0,419138
page_index,time_cycles
0,410232
page_index,time_cycles
0,423182
page_index,time_cycles
0,420078
page_index,time_cycles
0,438506
page_index,time_cycles
0,423632
page_index,time_cycles
0,458094
page_index,time_cycles
0,438848
page_index,time_cycles
0,425612
page_index,time_cycles
0,418176
page_index,time_cycles
0,426014
page_index,time_cycles
0,414758
page_index,time_cycles
0,422836
page_index,time_cycles
0,424254
page_index,time_cycles
0,438958
page_index,time_cycles
0,425804
page_index,time_cycles
0,422266
page_index,time_cycles
0,415514
page_index,time_cycles
0,416804
page_index,time_cycles
0,430136
page_index,time_cycles
0,418282
page_index,time_cycles
0,418028
page_index,time_cycles
0,436708
page_index,time_cycles
0,432144
page_index,time_cycles
0,440510
page_index,time_cycles
0,415618
page_index,time_cycles
0,420132
page_index,time_cycles
0,415792
page_index,time_cycles
0,430162
page_index,time_cycles
0,420928
page_index,time_cycles
0,413660
page_index,time_cycles
0,415892
page_index,time_cycles
0,415682
page_index,time_cycles
0,416760
page_index,time_cycles
0,419276
page_index,time_cycles
0,413672
page_index,time_cycles
0,452114
page_index,time_cycles
0,418448
page_index,time_cycles
0,422552
page_index,time_cycles
0,428740
page_index,time_cycles
0,444348
page_index,time_cycles
0,422976
page_index,time_cycles
0,458484
page_index,time_cycles
0,441716
page_index,time_cycles
0,414466
page_index,time_cycles
0,429226
page_index,time_cycles
0,410776
page_index,time_cycles
0,430682
page_index,time_cycles
0,413742
page_index,time_cycles
0,438956
page_index,time_cycles
0,431308
page_index,time_cycles
0,416144
page_index,time_cycles
0,424324
page_index,time_cycles
0,414336
page_index,time_cycles
0,481728
page_index,time_cycles
0,422170
page_index,time_cycles
0,417324
page_index,time_cycles
0,423032
page_index,time_cycles
0,422984
page_index,time_cycles
0,418858
page_index,time_cycles
0,413876
page_index,time_cycles
0,419694
page_index,time_cycles
0,412470
page_index,time_cycles
0,497950
page_index,time_cycles
0,416236
page_index,time_cycles
0,414984
page_index,time_cycles
0,462044
page_index,time_cycles
0,542238
page_index,time_cycles
0,434000
page_index,time_cycles
0,451534
page_index,time_cycles
0,414164
page_index,time_cycles
0,423366
page_index,time_cycles
0,416154
page_index,time_cycles
0,440336
page_index,time_cycles
0,430134
page_index,time_cycles
0,430620
page_index,time_cycles
0,478200
page_index,time_cycles
0,418768
page_index,time_cycles
0,495790
page_index,time_cycles
0,413934
page_index,time_cycles
0,431914
page_index,time_cycles
0,428372
page_index,time_cycles
0,413714
page_index,time_cycles
0,430190
page_index,time_cycles
0,415374
page_index,time_cycles
0,428798
page_index,time_cycles
0,428958
page_index,time_cycles
0,420442
page_index,time_cycles
0,439164
page_index,time_cycles
0,471454
page_index,time_cycles
0,449978
page_index,time_cycles
0,476140
page_index,time_cycles
0,433588
page_index,time_cycles
0,436204
page_index,time_cycles
0,447030
page_index,time_cycles
0,420802
page_index,time_cycles
0,415328
page_index,time_cycles
0,410966
page_index,time_cycles
0,417290
page_index,time_cycles
0,437964
page_index,time_cycles
0,417048
page_index,time_cycles
0,414552
page_index,time_cycles
0,419152
page_index,time_cycles
0,440350
page_index,time_cycles
0,420386
page_index,time_cycles
0,424400
page_index,time_cycles
0,421244
page_index,time_cycles
0,420054
page_index,time_cycles
0,411150
page_index,time_cycles
0,417928
page_index,time_cycles
0,422078
page_index,time_cycles
0,439444
page_index,time_cycles
0,412720
page_index,time_cycles
0,459114
page_index,time_cycles
0,415344
page_index,time_cycles
0,427374
page_index,time_cycles
0,418428
page_index,time_cycles
0,436236
page_index,time_cycles
0,415156
page_index,time_cycles
0,420496
page_index,time_cycles
0,438020
page_index,time_cycles
0,453508
page_index,time_cycles
0,435504
page_index,time_cycles
0,424258
page_index,time_cycles
0,421974
page_index,time_cycles
0,438784
page_index,time_cycles
0,447260
page_index,time_cycles
0,417444
page_index,time_cycles
0,417470
page_index,time_cycles
0,419282
page_index,time_cycles
0,492648
page_index,time_cycles
0,428050
page_index,time_cycles
0,434590
page_index,time_cycles
0,413138
page_index,time_cycles
0,417762
page_index,time_cycles
0,433846
page_index,time_cycles
0,412546
page_index,time_cycles
0,417648
page_index,time_cycles
0,415880
page_index,time_cycles
0,423124
page_index,time_cycles
0,417164
page_index,time_cycles
0,427134
page_index,time_cycles
0,416668
page_index,time_cycles
0,426016
page_index,time_cycles
0,433730
page_index,time_cycles
0,434362
page_index,time_cycles
0,419896
page_index,time_cycles
0,414194
page_index,time_cycles
0,454072
page_index,time_cycles
0,418482
page_index,time_cycles
0,726176
page_index,time_cycles
0,414770
page_index,time_cycles
0,415908
page_index,time_cycles
0,431280
page_index,time_cycles
0,427118
page_index,time_cycles
0,426800
page_index,time_cycles
0,414958
page_index,time_cycles
0,423762
page_index,time_cycles
0,474984
page_index,time_cycles
0,421134
page_index,time_cycles
0,432386
page_index,time_cycles
0,422936
page_index,time_cycles
0,435852
page_index,time_cycles
0,415268
page_index,time_cycles
0,435554
page_index,time_cycles
0,416794
page_index,time_cycles
0,440560
page_index,time_cycles
0,414808
page_index,time_cycles
0,423426
page_index,time_cycles
0,426244
page_index,time_cycles
0,415470
page_index,time_cycles
0,415892
page_index,time_cycles
0,453324
page_index,time_cycles
0,420740
page_index,time_cycles
0,415836
page_index,time_cycles
0,446658
page_index,time_cycles
0,508804
page_index,time_cycles
0,414458
page_index,time_cycles
0,419480
page_index,time_cycles
0,419466
page_index,time_cycles
0,413210
page_index,time_cycles
0,416506
page_index,time_cycles
0,416190
page_index,time_cycles
0,427210
page_index,time_cycles
0,429148
page_index,time_cycles
0,415486
page_index,time_cycles
0,460160
page_index,time_cycles
0,432190
page_index,time_cycles
0,416278
page_index,time_cycles
0,432386
page_index,time_cycles
0,411912
page_index,time_cycles
0,438094
page_index,time_cycles
0,417542
page_index,time_cycles
0,415406
page_index,time_cycles
0,421636
page_index,time_cycles
0,449472
page_index,time_cycles
0,436162
page_index,time_cycles
0,438380
page_index,time_cycles
0,491820
page_index,time_cycles
0,430842
page_index,time_cycles
0,423846
page_index,time_cycles
0,426358
page_index,time_cycles
0,486280
page_index,time_cycles
0,416736
page_index,time_cycles
0,431838
page_index,time_cycles
0,414484
page_index,time_cycles
0,427022
page_index,time_cycles
0,424344
page_index,time_cycles
0,433476
page_index,time_cycles
0,461134
page_index,time_cycles
0,422438
page_index,time_cycles
0,419054
page_index,time_cycles
0,458170
page_index,time_cycles
0,411482
page_index,time_cycles
0,450792
page_index,time_cycles
0,450138
page_index,time_cycles
0,419560
page_index,time_cycles
0,447368
page_index,time_cycles
0,414392
page_index,time_cycles
0,417968
page_index,time_cycles
0,417900
page_index,time_cycles
0,424328
page_index,time_cycles
0,466128
page_index,time_cycles
0,425366
page_index,time_cycles
0,426576
page_index,time_cycles
0,450582
page_index,time_cycles
0,430274
page_index,time_cycles
0,430030
page_index,time_cycles
0,421212
page_index,time_cycles
0,416110
page_index,time_cycles
0,425792
page_index,time_cycles
0,416160
page_index,time_cycles
0,416158
page_index,time_cycles
0,427836
page_index,time_cycles
0,420300
page_index,time_cycles
0,419996
page_index,time_cycles
0,471608
page_index,time_cycles
0,419416
page_index,time_cycles
0,433770
page_index,time_cycles
0,415836
page_index,time_cycles
0,435986
page_index,time_cycles
0,417318
page_index,time_cycles
0,771614
page_index,time_cycles
0,426518
page_index,time_cycles
0,425652
page_index,time_cycles
0,422128
page_index,time_cycles
0,423586
page_index,time_cycles
0,451088
page_index,time_cycles
0,420254
page_index,time_cycles
0,414054
page_index,time_cycles
0,425180
page_index,time_cycles
0,416890
page_index,time_cycles
0,438530
page_index,time_cycles
0,425368
page_index,time_cycles
0,428204
page_index,time_cycles
0,508938
page_index,time_cycles
0,415570
page_index,time_cycles
0,426408
page_index,time_cycles
0,412678
page_index,time_cycles
0,437084
page_index,time_cycles
0,415116
page_index,time_cycles
0,418778
page_index,time_cycles
0,440984
page_index,time_cycles
0,418756
page_index,time_cycles
0,432412
page_index,time_cycles
0,415628
page_index,time_cycles
0,414918
page_index,time_cycles
0,415074
page_index,time_cycles
0,435670
page_index,time_cycles
0,424886
page_index,time_cycles
0,430348
page_index,time_cycles
0,418360
page_index,time_cycles
0,417300
page_index,time_cycles
0,451644
page_index,time_cycles
0,418802
page_index,time_cycles
0,416504
page_index,time_cycles
0,445548
page_index,time_cycles
0,411398
page_index,time_cycles
0,421216
page_index,time_cycles
0,422682
page_index,time_cycles
0,418396
page_index,time_cycles
0,484670
page_index,time_cycles
0,416156
page_index,time_cycles
0,461858
page_index,time_cycles
0,435552
page_index,time_cycles
0,476216
page_index,time_cycles
0,417258
page_index,time_cycles
0,420202
page_index,time_cycles
0,421386
page_index,time_cycles
0,435362
page_index,time_cycles
0,436918
page_index,time_cycles
0,420520
page_index,time_cycles
0,422596
page_index,time_cycles
0,509984
page_index,time_cycles
0,421602
page_index,time_cycles
0,416172
page_index,time_cycles
0,415212
page_index,time_cycles
0,434418
page_index,time_cycles
0,428148
page_index,time_cycles
0,414582
page_index,time_cycles
0,448520
page_index,time_cycles
0,415350
page_index,time_cycles
0,416680
page_index,time_cycles
0,411622
page_index,time_cycles
0,422352
page_index,time_cycles
0,415958
page_index,time_cycles
0,438990
page_index,time_cycles
0,423254
page_index,time_cycles
0,433758
page_index,time_cycles
0,426826
page_index,time_cycles
0,429978
page_index,time_cycles
0,413400
page_index,time_cycles
0,508046
page_index,time_cycles
0,415766
page_index,time_cycles
0,416206
page_index,time_cycles
0,428682
page_index,time_cycles
0,416446
page_index,time_cycles
0,450064
page_index,time_cycles
0,413548
page_index,time_cycles
0,422226
page_index,time_cycles
0,424746
page_index,time_cycles
0,413270
page_index,time_cycles
0,419402
page_index,time_cycles
0,427702
page_index,time_cycles
0,429510
page_index,time_cycles
0,421194
page_index,time_cycles
0,416544
page_index,time_cycles
0,425932
page_index,time_cycles
0,420874
page_index,time_cycles
0,423270
page_index,time_cycles
0,413650
page_index,time_cycles
0,412764
page_index,time_cycles
0,456492
page_index,time_cycles
0,418454
page_index,time_cycles
0,419654
page_index,time_cycles
0,417146
page_index,time_cycles
0,425172
page_index,time_cycles
0,430748
page_index,time_cycles
0,437484
page_index,time_cycles
0,440630
page_index,time_cycles
0,435520
page_index,time_cycles
0,437280
page_index,time_cycles
0,419888
page_index,time_cycles
0,423256
page_index,time_cycles
0,412374
page_index,time_cycles
0,415940
page_index,time_cycles
0,500236
page_index,time_cycles
0,426296
page_index,time_cycles
0,438542
page_index,time_cycles
0,414044
page_index,time_cycles
0,458646
page_index,time_cycles
0,441180
page_index,time_cycles
0,442360
page_index,time_cycles
0,420582
page_index,time_cycles
0,463792
page_index,time_cycles
0,455050
page_index,time_cycles
0,411516
page_index,time_cycles
0,420194
page_index,time_cycles
0,419582
page_index,time_cycles
0,424448
page_index,time_cycles
0,437396
page_index,time_cycles
0,426980
page_index,time_cycles
0,436974
page_index,time_cycles
0,419616
page_index,time_cycles
0,416572
page_index,time_cycles
0,416722
page_index,time_cycles
0,417392
page_index,time_cycles
0,472460
page_index,time_cycles
0,416318
page_index,time_cycles
0,424788
page_index,time_cycles
0,433402
page_index,time_cycles
0,424178
page_index,time_cycles
0,423980
page_index,time_cycles
0,438906
page_index,time_cycles
0,428768
page_index,time_cycles
0,433632
page_index,time_cycles
0,418582
page_index,time_cycles
0,416768
page_index,time_cycles
0,412132
page_index,time_cycles
0,413356
page_index,time_cycles
0,432514
page_index,time_cycles
0,431598
page_index,time_cycles
0,428000
page_index,time_cycles
0,439668
page_index,time_cycles
0,413612
page_index,time_cycles
0,417228
page_index,time_cycles
0,425352
page_index,time_cycles
0,422114
page_index,time_cycles
0,425248
page_index,time_cycles
0,439462
page_index,time_cycles
0,449480
page_index,time_cycles
0,414730
page_index,time_cycles
0,414520
page_index,time_cycles
0,440986
page_index,time_cycles
0,414642
page_index,time_cycles
0,424176
page_index,time_cycles
0,422674
page_index,time_cycles
0,446354
page_index,time_cycles
0,430104
page_index,time_cycles
0,415848
page_index,time_cycles
0,415326
page_index,time_cycles
0,419694
page_index,time_cycles
0,414886
page_index,time_cycles
0,413016
page_index,time_cycles
0,429502
page_index,time_cycles
0,422706
page_index,time_cycles
0,431390
page_index,time_cycles
0,416756
page_index,time_cycles
0,431882
page_index,time_cycles
0,417546
page_index,time_cycles
0,418886
page_index,time_cycles
0,435936
page_index,time_cycles
0,419318
page_index,time_cycles
0,550646
page_index,time_cycles
0,430098
page_index,time_cycles
0,416752
page_index,time_cycles
0,425056
page_index,time_cycles
0,407760
page_index,time_cycles
0,427230
page_index,time_cycles
0,510208
page_index,time_cycles
0,419054
page_index,time_cycles
0,413956
page_index,time_cycles
0,418664
page_index,time_cycles
0,421142
page_index,time_cycles
0,418468
page_index,time_cycles
0,426542
page_index,time_cycles
0,418594
page_index,time_cycles
0,426856
page_index,time_cycles
0,417486
page_index,time_cycles
0,414382
page_index,time_cycles
0,423398
page_index,time_cycles
0,419332
page_index,time_cycles
0,413940
page_index,time_cycles
0,414858
page_index,time_cycles
0,414220
page_index,time_cycles
0,418168
page_index,time_cycles
0,418774
page_index,time_cycles
0,426444
page_index,time_cycles
0,425452
page_index,time_cycles
0,417038
page_index,time_cycles
0,424682
page_index,time_cycles
0,414700
page_index,time_cycles
0,438806
page_index,time_cycles
0,422392
page_index,time_cycles
0,429188
page_index,time_cycles
0,421678
page_index,time_cycles
0,417146
page_index,time_cycles
0,421370
page_index,time_cycles
0,493524
page_index,time_cycles
0,425772
page_index,time_cycles
0,431914
page_index,time_cycles
0,423658
page_index,time_cycles
0,418140
page_index,time_cycles
0,417022
page_index,time_cycles
0,414318
page_index,time_cycles
0,414234
page_index,time_cycles
0,419750
page_index,time_cycles
0,436744
page_index,time_cycles
0,419922
page_index,time_cycles
0,436912
page_index,time_cycles
0,423542
page_index,time_cycles
0,428878
page_index,time_cycles
0,416806
page_index,time_cycles
0,414346
page_index,time_cycles
0,411220
page_index,time_cycles
0,414920
page_index,time_cycles
0,419950
page_index,time_cycles
0,448372
page_index,time_cycles
0,431648
page_index,time_cycles
0,449346
page_index,time_cycles
0,418000
page_index,time_cycles
0,424930
page_index,time_cycles
0,431448
page_index,time_cycles
0,414934
page_index,time_cycles
0,421788
page_index,time_cycles
0,418066
page_index,time_cycles
0,421656
page_index,time_cycles
0,412742
page_index,time_cycles
0,419516
page_index,time_cycles
0,422842
page_index,time_cycles
0,632036
page_index,time_cycles
0,421140
page_index,time_cycles
0,423426
page_index,time_cycles
0,414988
page_index,time_cycles
0,440842
page_index,time_cycles
0,464334
page_index,time_cycles
0,478994
page_index,time_cycles
0,428036
page_index,time_cycles
0,469328
page_index,time_cycles
0,415612
page_index,time_cycles
0,422178
page_index,time_cycles
0,418694
page_index,time_cycles
0,428424
page_index,time_cycles
0,417536
page_index,time_cycles
0,434834
page_index,time_cycles
0,430854
page_index,time_cycles
0,419044
page_index,time_cycles
0,442592
page_index,time_cycles
0,410950
page_index,time_cycles
0,426274
page_index,time_cycles
0,432988
page_index,time_cycles
0,412110
page_index,time_cycles
0,455502
page_index,time_cycles
0,416256
page_index,time_cycles
0,428340
page_index,time_cycles
0,416296
page_index,time_cycles
0,435234
page_index,time_cycles
0,419412
page_index,time_cycles
0,430630
page_index,time_cycles
0,417018
page_index,time_cycles
0,484802
page_index,time_cycles
0,414562
page_index,time_cycles
0,437424
page_index,time_cycles
0,458138
page_index,time_cycles
0,420952
page_index,time_cycles
0,418362
page_index,time_cycles
0,423760
page_index,time_cycles
0,426730
page_index,time_cycles
0,426314
page_index,time_cycles
0,437118
page_index,time_cycles
0,422902
page_index,time_cycles
0,420374
page_index,time_cycles
0,421336
page_index,time_cycles
0,415494
page_index,time_cycles
0,426872
page_index,time_cycles
0,435830
page_index,time_cycles
0,418284
page_index,time_cycles
0,424390
page_index,time_cycles
0,435200
page_index,time_cycles
0,425320
page_index,time_cycles
0,427490
page_index,time_cycles
0,413348
page_index,time_cycles
0,503998
page_index,time_cycles
0,416374
page_index,time_cycles
0,427944
page_index,time_cycles
0,418682
page_index,time_cycles
0,426232
page_index,time_cycles
0,443166
page_index,time_cycles
0,419970
page_index,time_cycles
0,428630
page_index,time_cycles
0,435118
page_index,time_cycles
0,409966
page_index,time_cycles
0,416010
page_index,time_cycles
0,442668
page_index,time_cycles
0,425012
page_index,time_cycles
0,436984
page_index,time_cycles
0,415194
page_index,time_cycles
0,451082
page_index,time_cycles
0,423532
page_index,time_cycles
0,421794
page_index,time_cycles
0,422556
page_index,time_cycles
0,461012
page_index,time_cycles
0,436862
page_index,time_cycles
0,462942
page_index,time_cycles
0,478328
page_index,time_cycles
0,415786
page_index,time_cycles
0,428356
page_index,time_cycles
0,428070
page_index,time_cycles
0,416414
page_index,time_cycles
0,429134
page_index,time_cycles
0,410156
page_index,time_cycles
0,419566
page_index,time_cycles
0,431598
page_index,time_cycles
0,414806
page_index,time_cycles
0,421756
page_index,time_cycles
0,429490
page_index,time_cycles
0,533738
page_index,time_cycles
0,419120
page_index,time_cycles
0,415452
page_index,time_cycles
0,473118
page_index,time_cycles
0,414706
page_index,time_cycles
0,420450
page_index,time_cycles
0,445014
page_index,time_cycles
0,426792
page_index,time_cycles
0,431144
page_index,time_cycles
0,425774
page_index,time_cycles
0,421302
page_index,time_cycles
0,410568
page_index,time_cycles
0,417872
page_index,time_cycles
0,416412
page_index,time_cycles
0,441146
page_index,time_cycles
0,441014
page_index,time_cycles
0,416994
page_index,time_cycles
0,418366
page_index,time_cycles
0,418882
page_index,time_cycles
0,425190
page_index,time_cycles
0,420638
page_index,time_cycles
0,425342
page_index,time_cycles
0,415308
page_index,time_cycles
0,418920
page_index,time_cycles
0,422100
page_index,time_cycles
0,430474
page_index,time_cycles
0,418098
page_index,time_cycles
0,418270
page_index,time_cycles
0,416236
page_index,time_cycles
0,478830
page_index,time_cycles
0,428066
page_index,time_cycles
0,443716
page_index,time_cycles
0,421794
page_index,time_cycles
0,425856
page_index,time_cycles
0,431016
page_index,time_cycles
0,425024
page_index,time_cycles
0,417232
page_index,time_cycles
0,416888
page_index,time_cycles
0,413182
page_index,time_cycles
0,453486
page_index,time_cycles
0,435716
page_index,time_cycles
0,436326
page_index,time_cycles
0,419320
page_index,time_cycles
0,437732
page_index,time_cycles
0,424982
page_index,time_cycles
0,412488
page_index,time_cycles
0,429886
page_index,time_cycles
0,466458
page_index,time_cycles
0,426902
page_index,time_cycles
0,414972
page_index,time_cycles
0,426800
page_index,time_cycles
0,432404
page_index,time_cycles
0,412916
page_index,time_cycles
0,436044
page_index,time_cycles
0,486758
page_index,time_cycles
0,438290
page_index,time_cycles
0,433656
page_index,time_cycles
0,418396
page_index,time_cycles
0,442258
page_index,time_cycles
0,418224
page_index,time_cycles
0,428658
page_index,time_cycles
0,429540
page_index,time_cycles
0,420888
page_index,time_cycles
0,419046
page_index,time_cycles
0,422220
page_index,time_cycles
0,433758
page_index,time_cycles
0,428170
page_index,time_cycles
0,430290
page_index,time_cycles
0,411278
page_index,time_cycles
0,418446
page_index,time_cycles
0,416188
page_index,time_cycles
0,435468
page_index,time_cycles
0,435920
page_index,time_cycles
0,626966
page_index,time_cycles
0,444344
page_index,time_cycles
0,432602
page_index,time_cycles
0,418944
page_index,time_cycles
0,424970
page_index,time_cycles
0,416106
page_index,time_cycles
0,619858
page_index,time_cycles
0,427594
page_index,time_cycles
0,418526
page_index,time_cycles
0,425576
page_index,time_cycles
0,414734
page_index,time_cycles
0,421394
page_index,time_cycles
0,416834
page_index,time_cycles
0,416678
page_index,time_cycles
0,414706
page_index,time_cycles
0,467910
page_index,time_cycles
0,456508
page_index,time_cycles
0,471870
page_index,time_cycles
0,448140
page_index,time_cycles
0,412806
page_index,time_cycles
0,432010
page_index,time_cycles
0,439970
page_index,time_cycles
0,427048
page_index,time_cycles
0,472466
page_index,time_cycles
0,413396
page_index,time_cycles
0,413372
page_index,time_cycles
0,420014
page_index,time_cycles
0,421076
page_index,time_cycles
0,426836
page_index,time_cycles
0,419932
page_index,time_cycles
0,428278
page_index,time_cycles
0,424720
page_index,time_cycles
0,428432
page_index,time_cycles
0,458968
page_index,time_cycles
0,431398
page_index,time_cycles
0,424386
page_index,time_cycles
0,416946
page_index,time_cycles
0,423658
page_index,time_cycles
0,413408
page_index,time_cycles
0,465586
page_index,time_cycles
0,427224
page_index,time_cycles
0,416168
page_index,time_cycles
0,431378
page_index,time_cycles
0,424412
page_index,time_cycles
0,435020
page_index,time_cycles
0,417630
page_index,time_cycles
0,420244
page_index,time_cycles
0,426948
page_index,time_cycles
0,414318
page_index,time_cycles
0,416132
page_index,time_cycles
0,415728
page_index,time_cycles
0,431638
page_index,time_cycles
0,418882
page_index,time_cycles
0,416102
page_index,time_cycles
0,473972
page_index,time_cycles
0,413912
page_index,time_cycles
0,422624
page_index,time_cycles
0,422088
page_index,time_cycles
0,416060
page_index,time_cycles
0,419624
page_index,time_cycles
0,410616
page_index,time_cycles
0,420086
page_index,time_cycles
0,420274
page_index,time_cycles
0,424314
page_index,time_cycles
0,419038
page_index,time_cycles
0,413884
page_index,time_cycles
0,436816
page_index,time_cycles
0,413110
page_index,time_cycles
0,422834
page_index,time_cycles
0,422524
page_index,time_cycles
0,432410
page_index,time_cycles
0,424016
page_index,time_cycles
0,415498
page_index,time_cycles
0,446046
page_index,time_cycles
0,440996
page_index,time_cycles
0,445974
page_index,time_cycles
0,418836
page_index,time_cycles
0,419360
page_index,time_cycles
0,422954
page_index,time_cycles
0,420534
page_index,time_cycles
0,432094
page_index,time_cycles
0,433944
page_index,time_cycles
0,418814
page_index,time_cycles
0,423510
page_index,time_cycles
0,436658
page_index,time_cycles
0,1304354
page_index,time_cycles
0,429880
page_index,time_cycles
0,444930
page_index,time_cycles
0,433988
page_index,time_cycles
0,425128
page_index,time_cycles
0,427876
page_index,time_cycles
0,420594
page_index,time_cycles
0,464354
page_index,time_cycles
0,415362
page_index,time_cycles
0,418324
page_index,time_cycles
0,428488
page_index,time_cycles
0,432810
page_index,time_cycles
0,422410
page_index,time_cycles
0,426496
page_index,time_cycles
0,428690
page_index,time_cycles
0,421684
page_index,time_cycles
0,419662
page_index,time_cycles
0,417148
page_index,time_cycles
0,432014
page_index,time_cycles
0,426398
page_index,time_cycles
0,455800
page_index,time_cycles
0,434548
page_index,time_cycles
0,418530
page_index,time_cycles
0,421378
page_index,time_cycles
0,425380
page_index,time_cycles
0,420546
page_index,time_cycles
0,420796
page_index,time_cycles
0,418526
page_index,time_cycles
0,515246
page_index,time_cycles
0,433202
page_index,time_cycles
0,428638
page_index,time_cycles
0,418522
page_index,time_cycles
0,417182
page_index,time_cycles
0,429608
page_index,time_cycles
0,413372
page_index,time_cycles
0,422484
page_index,time_cycles
0,449412
page_index,time_cycles
0,444690
page_index,time_cycles
0,426906
page_index,time_cycles
0,418074
page_index,time_cycles
0,426118
page_index,time_cycles
0,420920
page_index,time_cycles
0,414610
page_index,time_cycles
0,415526
page_index,time_cycles
0,428878
page_index,time_cycles
0,423594
page_index,time_cycles
0,414762
page_index,time_cycles
0,452000
page_index,time_cycles
0,458860
page_index,time_cycles
0,418712
page_index,time_cycles
0,418748
page_index,time_cycles
0,429538
page_index,time_cycles
0,435002
page_index,time_cycles
0,428806
page_index,time_cycles
0,450356
page_index,time_cycles
0,432622
page_index,time_cycles
0,425682
page_index,time_cycles
0,439344
page_index,time_cycles
0,510824
page_index,time_cycles
0,419180
page_index,time_cycles
0,428304
page_index,time_cycles
0,420616
page_index,time_cycles
0,424792
page_index,time_cycles
0,478746
page_index,time_cycles
0,424996
page_index,time_cycles
0,425880
page_index,time_cycles
0,433506
page_index,time_cycles
0,422644
page_index,time_cycles
0,422456
page_index,time_cycles
0,452978
page_index,time_cycles
0,505758
page_index,time_cycles
0,414602
page_index,time_cycles
0,442604
page_index,time_cycles
0,418790
page_index,time_cycles
0,428982
page_index,time_cycles
0,430746
page_index,time_cycles
0,425094
page_index,time_cycles
0,416236
page_index,time_cycles
0,411872
page_index,time_cycles
0,426850
page_index,time_cycles
0,416762
page_index,time_cycles
0,435944
page_index,time_cycles
0,434238
page_index,time_cycles
0,412416
page_index,time_cycles
0,428454
page_index,time_cycles
0,424754
page_index,time_cycles
0,442466
page_index,time_cycles
0,414228
page_index,time_cycles
0,426320
page_index,time_cycles
0,421168
page_index,time_cycles
0,414474
page_index,time_cycles
0,418156
page_index,time_cycles
0,417396
page_index,time_cycles
0,419112
page_index,time_cycles
0,417878
page_index,time_cycles
0,416806
page_index,time_cycles
0,423448
page_index,time_cycles
0,417270
page_index,time_cycles
0,423304
page_index,time_cycles
0,421386
page_index,time_cycles
0,441682
page_index,time_cycles
0,412848
page_index,time_cycles
0,416430
page_index,time_cycles
0,434062
page_index,time_cycles
0,427140
page_index,time_cycles
0,418336
page_index,time_cycles
0,414770
page_index,time_cycles
0,423066
page_index,time_cycles
0,417206
page_index,time_cycles
0,433748
page_index,time_cycles
0,438900
page_index,time_cycles
0,424850
page_index,time_cycles
0,423774
page_index,time_cycles
0,430010
page_index,time_cycles
0,440334
page_index,time_cycles
0,459272
page_index,time_cycles
0,422130
page_index,time_cycles
0,435362
page_index,time_cycles
0,412634
page_index,time_cycles
0,424900
page_index,time_cycles
0,426280
page_index,time_cycles
0,432656
page_index,time_cycles
0,424604
page_index,time_cycles
0,426430
page_index,time_cycles
0,438074
page_index,time_cycles
0,412418
page_index,time_cycles
0,448926
page_index,time_cycles
0,427600
page_index,time_cycles
0,413160
page_index,time_cycles
0,424712
page_index,time_cycles
0,416408
page_index,time_cycles
0,416120
page_index,time_cycles
0,420506
page_index,time_cycles
0,425018
page_index,time_cycles
0,412534
page_index,time_cycles
0,411954
page_index,time_cycles
0,419012
page_index,time_cycles
0,421668
page_index,time_cycles
0,429174
page_index,time_cycles
0,425314
page_index,time_cycles
0,431256
page_index,time_cycles
0,425408
page_index,time_cycles
0,410094
page_index,time_cycles
0,509596
page_index,time_cycles
0,417458
page_index,time_cycles
0,425044
page_index,time_cycles
0,432432
page_index,time_cycles
0,414612
page_index,time_cycles
0,414248
page_index,time_cycles
0,437298
page_index,time_cycles
0,419042
page_index,time_cycles
0,416846
page_index,time_cycles
0,475586
page_index,time_cycles
0,427448
page_index,time_cycles
0,437074
page_index,time_cycles
0,425162
page_index,time_cycles
0,432448
page_index,time_cycles
0,435038
page_index,time_cycles
0,424178
page_index,time_cycles
0,413864
page_index,time_cycles
0,415148
page_index,time_cycles
0,416694
page_index,time_cycles
0,426354
page_index,time_cycles
0,422878
page_index,time_cycles
0,417876
page_index,time_cycles
0,425352
page_index,time_cycles
0,471492
page_index,time_cycles
0,418720
page_index,time_cycles
0,425912
page_index,time_cycles
0,431916
page_index,time_cycles
0,413084
page_index,time_cycles
0,428262
page_index,time_cycles
0,434604
page_index,time_cycles
0,413862
page_index,time_cycles
0,417938
page_index,time_cycles
0,417210
page_index,time_cycles
0,422200
page_index,time_cycles
0,425092
page_index,time_cycles
0,421292
page_index,time_cycles
0,435978
page_index,time_cycles
0,427808
page_index,time_cycles
0,421518
page_index,time_cycles
0,415290
page_index,time_cycles
0,427824
page_index,time_cycles
0,413742
page_index,time_cycles
0,422110
page_index,time_cycles
0,427746
page_index,time_cycles
0,453826
page_index,time_cycles
0,414324
page_index,time_cycles
0,445756
page_index,time_cycles
0,486044
page_index,time_cycles
0,422266
page_index,time_cycles
0,432460
page_index,time_cycles
0,440846
page_index,time_cycles
0,419072
page_index,time_cycles
0,418722
page_index,time_cycles
0,422322
page_index,time_cycles
0,418618
page_index,time_cycles
0,437340
page_index,time_cycles
0,433014
page_index,time_cycles
0,442482
page_index,time_cycles
0,418740
page_index,time_cycles
0,418544
page_index,time_cycles
0,434978
page_index,time_cycles
0,425248
page_index,time_cycles
0,420496
page_index,time_cycles
0,462032
page_index,time_cycles
0,429430
page_index,time_cycles
0,465384
page_index,time_cycles
0,434404
page_index,time_cycles
0,434290
page_index,time_cycles
0,419960
page_index,time_cycles
0,425524
page_index,time_cycles
0,425220
page_index,time_cycles
0,431196
page_index,time_cycles
0,421004
page_index,time_cycles
0,433398
page_index,time_cycles
0,428562
page_index,time_cycles
0,414760
page_index,time_cycles
0,414300
page_index,time_cycles
0,444362
page_index,time_cycles
0,416832
page_index,time_cycles
0,416118
page_index,time_cycles
0,430644
page_index,time_cycles
0,416690
page_index,time_cycles
0,428394
page_index,time_cycles
0,411982
page_index,time_cycles
0,425570
page_index,time_cycles
0,411560
page_index,time_cycles
0,415298
page_index,time_cycles
0,417912
page_index,time_cycles
0,419900
page_index,time_cycles
0,433674
page_index,time_cycles
0,435714
page_index,time_cycles
0,417260
page_index,time_cycles
0,422428
page_index,time_cycles
0,429088
page_index,time_cycles
0,444828
page_index,time_cycles
0,431492
page_index,time_cycles
0,426244
page_index,time_cycles
0,431204
page_index,time_cycles
0,423074
page_index,time_cycles
0,417774
page_index,time_cycles
0,461844
page_index,time_cycles
0,416322
page_index,time_cycles
0,426656
page_index,time_cycles
0,416106
page_index,time_cycles
0,417018
page_index,time_cycles
0,417554
page_index,time_cycles
0,436280
page_index,time_cycles
0,786942
page_index,time_cycles
0,422466
page_index,time_cycles
0,442780
page_index,time_cycles
0,419562
page_index,time_cycles
0,425308
page_index,time_cycles
0,446264
page_index,time_cycles
0,417132
page_index,time_cycles
0,443910
page_index,time_cycles
0,449796
page_index,time_cycles
0,417870
page_index,time_cycles
0,416498
page_index,time_cycles
0,435788
page_index,time_cycles
0,421238
page_index,time_cycles
0,418610
page_index,time_cycles
0,421614
page_index,time_cycles
0,423276
page_index,time_cycles
0,442324
page_index,time_cycles
0,427292
page_index,time_cycles
0,420222
page_index,time_cycles
0,419456
page_index,time_cycles
0,420392
page_index,time_cycles
0,438022
page_index,time_cycles
0,428030
page_index,time_cycles
0,436922
page_index,time_cycles
0,462928
page_index,time_cycles
0,420396
page_index,time_cycles
0,431400
page_index,time_cycles
0,432908
page_index,time_cycles
0,427822
page_index,time_cycles
0,426764
page_index,time_cycles
0,479736
page_index,time_cycles
0,417982
page_index,time_cycles
0,416826
page_index,time_cycles
0,414610
page_index,time_cycles
0,429718
page_index,time_cycles
0,434278
page_index,time_cycles
0,462362
page_index,time_cycles
0,416184
page_index,time_cycles
0,415556
page_index,time_cycles
0,410222
page_index,time_cycles
0,425734
page_index,time_cycles
0,410934
page_index,time_cycles
0,418408
page_index,time_cycles
0,420572
page_index,time_cycles
0,433544
page_index,time_cycles
0,446386
page_index,time_cycles
0,429904
page_index,time_cycles
0,446538
page_index,time_cycles
0,421818
page_index,time_cycles
0,433166
page_index,time_cycles
0,439488
page_index,time_cycles
0,412478
page_index,time_cycles
0,422170
page_index,time_cycles
0,549348
page_index,time_cycles
0,431744
page_index,time_cycles
0,439306
page_index,time_cycles
0,412660
page_index,time_cycles
0,417178
page_index,time_cycles
0,422710
page_index,time_cycles
0,415024
page_index,time_cycles
0,435480
page_index,time_cycles
0,415116
page_index,time_cycles
0,416370
page_index,time_cycles
0,413020
page_index,time_cycles
0,423458
page_index,time_cycles
0,412134
page_index,time_cycles
0,425200
page_index,time_cycles
0,414292
page_index,time_cycles
0,415278
page_index,time_cycles
0,413878
page_index,time_cycles
0,416780
page_index,time_cycles
0,418538
page_index,time_cycles
0,418754
page_index,time_cycles
0,417220
page_index,time_cycles
0,415052
page_index,time_cycles
0,501736
page_index,time_cycles
0,434762
page_index,time_cycles
0,413440
page_index,time_cycles
0,412604
page_index,time_cycles
0,425336
page_index,time_cycles
0,420200
page_index,time_cycles
0,420496
page_index,time_cycles
0,414288
page_index,time_cycles
0,421570
page_index,time_cycles
0,426252
page_index,time_cycles
0,416616
page_index,time_cycles
0,416548
page_index,time_cycles
0,434188
page_index,time_cycles
0,906232
page_index,time_cycles
0,422490
page_index,time_cycles
0,433324
page_index,time_cycles
0,416158
page_index,time_cycles
0,418302
page_index,time_cycles
0,425746
page_index,time_cycles
0,422844
page_index,time_cycles
0,429814
page_index,time_cycles
0,416340
page_index,time_cycles
0,417238
page_index,time_cycles
0,491478
page_index,time_cycles
0,425134
page_index,time_cycles
0,415240
page_index,time_cycles
0,421248
page_index,time_cycles
0,421904
page_index,time_cycles
0,418018
page_index,time_cycles
0,429516
page_index,time_cycles
0,422916
page_index,time_cycles
0,428740
page_index,time_cycles
0,419698
page_index,time_cycles
0,425742
page_index,time_cycles
0,426176
page_index,time_cycles
0,419686
page_index,time_cycles
0,421108
page_index,time_cycles
0,419426
page_index,time_cycles
0,419380
page_index,time_cycles
0,431832
page_index,time_cycles
0,440692
page_index,time_cycles
0,451094
page_index,time_cycles
0,419186
page_index,time_cycles
0,437778
page_index,time_cycles
0,449420
page_index,time_cycles
0,414892
page_index,time_cycles
0,412902
page_index,time_cycles
0,414680
page_index,time_cycles
0,432706
page_index,time_cycles
0,428934
page_index,time_cycles
0,417764
page_index,time_cycles
0,418454
page_index,time_cycles
0,422510
page_index,time_cycles
0,414806
page_index,time_cycles
0,435292
page_index,time_cycles
0,421826
page_index,time_cycles
0,417534
page_index,time_cycles
0,429056
page_index,time_cycles
0,428628
page_index,time_cycles
0,413914
page_index,time_cycles
0,429460
page_index,time_cycles
0,421596
page_index,time_cycles
0,429542
page_index,time_cycles
0,423862
page_index,time_cycles
0,422742
page_index,time_cycles
0,418592
page_index,time_cycles
0,415180
page_index,time_cycles
0,409450
page_index,time_cycles
0,420116
page_index,time_cycles
0,417988
page_index,time_cycles
0,459484
page_index,time_cycles
0,421248
page_index,time_cycles
0,420846
page_index,time_cycles
0,424494
page_index,time_cycles
0,418846
page_index,time_cycles
0,429190
page_index,time_cycles
0,435322
page_index,time_cycles
0,428760
page_index,time_cycles
0,456644
page_index,time_cycles
0,413250
page_index,time_cycles
0,425494
page_index,time_cycles
0,423400
page_index,time_cycles
0,438476
page_index,time_cycles
0,427908
page_index,time_cycles
0,413828
page_index,time_cycles
0,435402
page_index,time_cycles
0,426776
page_index,time_cycles
0,411444
page_index,time_cycles
0,415152
page_index,time_cycles
0,427080
page_index,time_cycles
0,438244
page_index,time_cycles
0,416780
page_index,time_cycles
0,425124
page_index,time_cycles
0,419420
page_index,time_cycles
0,418032
page_index,time_cycles
0,421848
page_index,time_cycles
0,461790
page_index,time_cycles
0,433524
page_index,time_cycles
0,426062
page_index,time_cycles
0,414210
page_index,time_cycles
0,433626
page_index,time_cycles
0,428020
page_index,time_cycles
0,519954
page_index,time_cycles
0,418076
page_index,time_cycles
0,414710
page_index,time_cycles
0,433194
page_index,time_cycles
0,428890
page_index,time_cycles
0,422024
page_index,time_cycles
0,428230
page_index,time_cycles
0,428786
page_index,time_cycles
0,422000
page_index,time_cycles
0,470518
page_index,time_cycles
0,445268
page_index,time_cycles
0,414736
page_index,time_cycles
0,425656
page_index,time_cycles
0,425990
page_index,time_cycles
0,418748
page_index,time_cycles
0,450980
page_index,time_cycles
0,425766
page_index,time_cycles
0,437806
page_index,time_cycles
0,415124
page_index,time_cycles
0,421290
page_index,time_cycles
0,419530
page_index,time_cycles
0,440946
page_index,time_cycles
0,423662
page_index,time_cycles
0,417084
page_index,time_cycles
0,430030
page_index,time_cycles
0,429420
page_index,time_cycles
0,413364
page_index,time_cycles
0,445610
page_index,time_cycles
0,426408
page_index,time_cycles
0,453174
page_index,time_cycles
0,418110
page_index,time_cycles
0,467760
page_index,time_cycles
0,420352
page_index,time_cycles
0,412700
page_index,time_cycles
0,435236
page_index,time_cycles
0,438540
page_index,time_cycles
0,477824
page_index,time_cycles
0,441446
page_index,time_cycles
0,436810
page_index,time_cycles
0,425410
page_index,time_cycles
0,429214
page_index,time_cycles
0,458590
page_index,time_cycles
0,418268
page_index,time_cycles
0,416660
page_index,time_cycles
0,422172
page_index,time_cycles
0,424338
page_index,time_cycles
0,422026
page_index,time_cycles
0,414540
page_index,time_cycles
0,667488
page_index,time_cycles
0,434640
page_index,time_cycles
0,431626
page_index,time_cycles
0,428470
page_index,time_cycles
0,425716
page_index,time_cycles
0,440422
page_index,time_cycles
0,436416
page_index,time_cycles
0,415006
page_index,time_cycles
0,423728
page_index,time_cycles
0,412522
page_index,time_cycles
0,417792
page_index,time_cycles
0,423378
page_index,time_cycles
0,422914
page_index,time_cycles
0,418892
page_index,time_cycles
0,453184
page_index,time_cycles
0,422616
page_index,time_cycles
0,417918
page_index,time_cycles
0,532106
page_index,time_cycles
0,417492
page_index,time_cycles
0,453754
page_index,time_cycles
0,417880
page_index,time_cycles
0,438432
page_index,time_cycles
0,416056
page_index,time_cycles
0,414740
page_index,time_cycles
0,421214
page_index,time_cycles
0,423164
page_index,time_cycles
0,424976
page_index,time_cycles
0,417382
page_index,time_cycles
0,451452
page_index,time_cycles
0,421878
page_index,time_cycles
0,419796
page_index,time_cycles
0,417484
page_index,time_cycles
0,445928
page_index,time_cycles
0,414216
page_index,time_cycles
0,429390
page_index,time_cycles
0,416544
page_index,time_cycles
0,418118
page_index,time_cycles
0,421630
page_index,time_cycles
0,420128
page_index,time_cycles
0,439158
page_index,time_cycles
0,422844
page_index,time_cycles
0,427994
page_index,time_cycles
0,429462
page_index,time_cycles
0,420458
page_index,time_cycles
0,441702
page_index,time_cycles
0,414822
page_index,time_cycles
0,439970
page_index,time_cycles
0,425596
page_index,time_cycles
0,488634
page_index,time_cycles
0,421300
page_index,time_cycles
0,486542
page_index,time_cycles
0,528398
page_index,time_cycles
0,417538
page_index,time_cycles
0,472830
page_index,time_cycles
0,427910
page_index,time_cycles
0,452860
page_index,time_cycles
0,419702
page_index,time_cycles
0,421910
page_index,time_cycles
0,424380
page_index,time_cycles
0,456138
page_index,time_cycles
0,438430
page_index,time_cycles
0,429570
page_index,time_cycles
0,418298
page_index,time_cycles
0,421438
page_index,time_cycles
0,427330
page_index,time_cycles
0,425136
page_index,time_cycles
0,420822
page_index,time_cycles
0,427316
page_index,time_cycles
0,421408
page_index,time_cycles
0,414934
page_index,time_cycles
0,415242
page_index,time_cycles
0,420994
page_index,time_cycles
0,444316
page_index,time_cycles
0,418858
page_index,time_cycles
0,430286
page_index,time_cycles
0,425592
page_index,time_cycles
0,418336
page_index,time_cycles
0,415540
page_index,time_cycles
0,418288
page_index,time_cycles
0,474108
page_index,time_cycles
0,417878
page_index,time_cycles
0,414584
page_index,time_cycles
0,427796
page_index,time_cycles
0,439248
page_index,time_cycles
0,441598
page_index,time_cycles
0,415042
page_index,time_cycles
0,434056
page_index,time_cycles
0,424678
page_index,time_cycles
0,429070
page_index,time_cycles
0,423190
page_index,time_cycles
0,414054
page_index,time_cycles
0,451792
page_index,time_cycles
0,411432
page_index,time_cycles
0,427092
page_index,time_cycles
0,415532
page_index,time_cycles
0,435196
page_index,time_cycles
0,417910
page_index,time_cycles
0,415920
page_index,time_cycles
0,481516
page_index,time_cycles
0,441094
page_index,time_cycles
0,412308
page_index,time_cycles
0,421060
page_index,time_cycles
0,418864
page_index,time_cycles
0,428986
page_index,time_cycles
0,427336
page_index,time_cycles
0,427728
page_index,time_cycles
0,418078
page_index,time_cycles
0,415022
page_index,time_cycles
0,424298
page_index,time_cycles
0,435676
page_index,time_cycles
0,419128
page_index,time_cycles
0,429288
page_index,time_cycles
0,418938
page_index,time_cycles
0,413784
page_index,time_cycles
0,424462
page_index,time_cycles
0,433758
page_index,time_cycles
0,424142
page_index,time_cycles
0,416976
page_index,time_cycles
0,438920
page_index,time_cycles
0,458678
page_index,time_cycles
0,431480
page_index,time_cycles
0,485144
page_index,time_cycles
0,425046
page_index,time_cycles
0,434922
page_index,time_cycles
0,413778
page_index,time_cycles
0,418074
page_index,time_cycles
0,514804
page_index,time_cycles
0,411830
page_index,time_cycles
0,430664
page_index,time_cycles
0,425644
page_index,time_cycles
0,417946
page_index,time_cycles
0,442034
page_index,time_cycles
0,429242
page_index,time_cycles
0,420082
page_index,time_cycles
0,483882
page_index,time_cycles
0,428926
page_index,time_cycles
0,446870
page_index,time_cycles
0,418670
page_index,time_cycles
0,418068
page_index,time_cycles
0,414942
page_index,time_cycles
0,428214
page_index,time_cycles
0,525950
page_index,time_cycles
0,410824
page_index,time_cycles
0,416232
page_index,time_cycles
0,432158
page_index,time_cycles
0,416914
page_index,time_cycles
0,460128
page_index,time_cycles
0,426884
page_index,time_cycles
0,429554
page_index,time_cycles
0,417664
page_index,time_cycles
0,432740
page_index,time_cycles
0,449544
page_index,time_cycles
0,415856
page_index,time_cycles
0,422778
page_index,time_cycles
0,419096
page_index,time_cycles
0,418602
page_index,time_cycles
0,433518
page_index,time_cycles
0,412518
page_index,time_cycles
0,427346
page_index,time_cycles
0,415762
page_index,time_cycles
0,478642
page_index,time_cycles
0,414396
page_index,time_cycles
0,434896
page_index,time_cycles
0,424930
page_index,time_cycles
0,411998
page_index,time_cycles
0,425540
page_index,time_cycles
0,426920
page_index,time_cycles
0,419046
page_index,time_cycles
0,420076
page_index,time_cycles
0,438174
page_index,time_cycles
0,413030
page_index,time_cycles
0,424382
page_index,time_cycles
0,417194
page_index,time_cycles
0,416068
page_index,time_cycles
0,471146
page_index,time_cycles
0,452094
page_index,time_cycles
0,425608
page_index,time_cycles
0,421940
page_index,time_cycles
0,432632
page_index,time_cycles
0,419646
page_index,time_cycles
0,420640
page_index,time_cycles
0,817950
page_index,time_cycles
0,417008
page_index,time_cycles
0,418420
page_index,time_cycles
0,428876
page_index,time_cycles
0,418142
page_index,time_cycles
0,437338
page_index,time_cycles
0,424918
page_index,time_cycles
0,417980
page_index,time_cycles
0,428228
page_index,time_cycles
0,417322
page_index,time_cycles
0,425872
page_index,time_cycles
0,425996
page_index,time_cycles
0,485984
page_index,time_cycles
0,415602
page_index,time_cycles
0,442966
page_index,time_cycles
0,706310
page_index,time_cycles
0,414594
page_index,time_cycles
0,424546
page_index,time_cycles
0,418774
page_index,time_cycles
0,419390
page_index,time_cycles
0,421796
page_index,time_cycles
0,415466
page_index,time_cycles
0,411284
page_index,time_cycles
0,468494
page_index,time_cycles
0,427034
page_index,time_cycles
0,460804
page_index,time_cycles
0,416638
page_index,time_cycles
0,420840
page_index,time_cycles
0,414612
page_index,time_cycles
0,427962
page_index,time_cycles
0,422964
page_index,time_cycles
0,419590
page_index,time_cycles
0,416038
page_index,time_cycles
0,417244
page_index,time_cycles
0,414304
page_index,time_cycles
0,446930
page_index,time_cycles
0,427998
page_index,time_cycles
0,429270
page_index,time_cycles
0,448530
page_index,time_cycles
0,409178
page_index,time_cycles
0,416774
page_index,time_cycles
0,449290
page_index,time_cycles
0,417278
page_index,time_cycles
0,428028
page_index,time_cycles
0,422062
page_index,time_cycles
0,429210
page_index,time_cycles
0,428814
page_index,time_cycles
0,415204
page_index,time_cycles
0,416138
page_index,time_cycles
0,475754
page_index,time_cycles
0,412092
page_index,time_cycles
0,438056
page_index,time_cycles
0,414212
page_index,time_cycles
0,453540
page_index,time_cycles
0,415624
page_index,time_cycles
0,439564
page_index,time_cycles
0,438422
page_index,time_cycles
0,421734
page_index,time_cycles
0,424896
page_index,time_cycles
0,413306
page_index,time_cycles
0,460518
page_index,time_cycles
0,426948
page_index,time_cycles
0,404680
page_index,time_cycles
0,862006
page_index,time_cycles
0,411816
page_index,time_cycles
0,419442
page_index,time_cycles
0,415988
page_index,time_cycles
0,415968
page_index,time_cycles
0,423106
page_index,time_cycles
0,416034
page_index,time_cycles
0,416352
page_index,time_cycles
0,418316
page_index,time_cycles
0,415948
page_index,time_cycles
0,424784
page_index,time_cycles
0,423926
page_index,time_cycles
0,461596
page_index,time_cycles
0,429266
page_index,time_cycles
0,415208
page_index,time_cycles
0,417282
page_index,time_cycles
0,434672
page_index,time_cycles
0,427094
page_index,time_cycles
0,419086
page_index,time_cycles
0,443572
page_index,time_cycles
0,415660
page_index,time_cycles
0,421818
page_index,time_cycles
0,438498
page_index,time_cycles
0,466708
page_index,time_cycles
0,438420
page_index,time_cycles
0,419208
page_index,time_cycles
0,439580
page_index,time_cycles
0,431456
page_index,time_cycles
0,415860
page_index,time_cycles
0,411642
page_index,time_cycles
0,414002
page_index,time_cycles
0,458260
page_index,time_cycles
0,429492
page_index,time_cycles
0,414088
page_index,time_cycles
0,434090
page_index,time_cycles
0,432582
page_index,time_cycles
0,446918
page_index,time_cycles
0,418142
page_index,time_cycles
0,477600
page_index,time_cycles
0,459160
page_index,time_cycles
0,417182
page_index,time_cycles
0,428972
page_index,time_cycles
0,427918
page_index,time_cycles
0,432856
page_index,time_cycles
0,433412
page_index,time_cycles
0,442922
page_index,time_cycles
0,442650
page_index,time_cycles
0,432264
page_index,time_cycles
0,487102
page_index,time_cycles
0,437042
page_index,time_cycles
0,437024
page_index,time_cycles
0,443402
page_index,time_cycles
0,425586
page_index,time_cycles
0,422530
page_index,time_cycles
0,419862
page_index,time_cycles
0,429324
page_index,time_cycles
0,415456
page_index,time_cycles
0,436362
page_index,time_cycles
0,416590
page_index,time_cycles
0,414044
page_index,time_cycles
0,413770
page_index,time_cycles
0,481432
page_index,time_cycles
0,411446
page_index,time_cycles
0,458194
page_index,time_cycles
0,423784
page_index,time_cycles
0,433034
page_index,time_cycles
0,438654
page_index,time_cycles
0,452770
page_index,time_cycles
0,422590
page_index,time_cycles
0,417678
page_index,time_cycles
0,428682
page_index,time_cycles
0,433490
page_index,time_cycles
0,422990
page_index,time_cycles
0,414880
page_index,time_cycles
0,421730
page_index,time_cycles
0,427184
page_index,time_cycles
0,416744
page_index,time_cycles
0,452146
page_index,time_cycles
0,416938
page_index,time_cycles
0,419660
page_index,time_cycles
0,434700
page_index,time_cycles
0,419954
page_index,time_cycles
0,416934
page_index,time_cycles
0,436188
page_index,time_cycles
0,417650
page_index,time_cycles
0,418694
page_index,time_cycles
0,456596
page_index,time_cycles
0,416934
page_index,time_cycles
0,414416
page_index,time_cycles
0,416440
page_index,time_cycles
0,501916
page_index,time_cycles
0,425434
page_index,time_cycles
0,432002
page_index,time_cycles
0,419830
page_index,time_cycles
0,422318
page_index,time_cycles
0,426694
page_index,time_cycles
0,411800
page_index,time_cycles
0,412416
page_index,time_cycles
0,420912
page_index,time_cycles
0,408236
page_index,time_cycles
0,415998
page_index,time_cycles
0,432260
page_index,time_cycles
0,412554
page_index,time_cycles
0,522656
page_index,time_cycles
0,416722
page_index,time_cycles
0,452410
page_index,time_cycles
0,440466
page_index,time_cycles
0,467494
page_index,time_cycles
0,420232
page_index,time_cycles
0,430898
page_index,time_cycles
0,425360
page_index,time_cycles
0,445910
page_index,time_cycles
0,416342
page_index,time_cycles
0,528076
page_index,time_cycles
0,445652
page_index,time_cycles
0,416304
page_index,time_cycles
0,439664
page_index,time_cycles
0,418922
page_index,time_cycles
0,436714
page_index,time_cycles
0,419920
page_index,time_cycles
0,422102
page_index,time_cycles
0,431166
page_index,time_cycles
0,422600
page_index,time_cycles
0,413910
page_index,time_cycles
0,423218
page_index,time_cycles
0,415706
page_index,time_cycles
0,432868
page_index,time_cycles
0,413704
page_index,time_cycles
0,431018
page_index,time_cycles
0,434590
page_index,time_cycles
0,417728
page_index,time_cycles
0,416234
page_index,time_cycles
0,437724
page_index,time_cycles
0,461256
page_index,time_cycles
0,422846
page_index,time_cycles
0,416612
page_index,time_cycles
0,423830
page_index,time_cycles
0,418042
page_index,time_cycles
0,427606
page_index,time_cycles
0,419394
page_index,time_cycles
0,418140
page_index,time_cycles
0,425252
page_index,time_cycles
0,420058
page_index,time_cycles
0,413420
page_index,time_cycles
0,424528
page_index,time_cycles
0,404504
page_index,time_cycles
0,436886
page_index,time_cycles
0,423698
page_index,time_cycles
0,415990
page_index,time_cycles
0,429372
page_index,time_cycles
0,436254
page_index,time_cycles
0,434586
page_index,time_cycles
0,436464
page_index,time_cycles
0,418456
page_index,time_cycles
0,420640
page_index,time_cycles
0,421572
page_index,time_cycles
0,429170
page_index,time_cycles
0,447766
page_index,time_cycles
0,419418
page_index,time_cycles
0,451172
page_index,time_cycles
0,421912
page_index,time_cycles
0,514552
page_index,time_cycles
0,431666
page_index,time_cycles
0,428352
page_index,time_cycles
0,424356
page_index,time_cycles
0,416342
page_index,time_cycles
0,472214
page_index,time_cycles
0,450694
page_index,time_cycles
0,431026
page_index,time_cycles
0,432070
page_index,time_cycles
0,435942
page_index,time_cycles
0,417468
page_index,time_cycles
0,443408
page_index,time_cycles
0,466024
page_index,time_cycles
0,433910
page_index,time_cycles
0,439480
page_index,time_cycles
0,439998
page_index,time_cycles
0,420668
page_index,time_cycles
0,420030
page_index,time_cycles
0,423008
page_index,time_cycles
0,435290
page_index,time_cycles
0,418786
page_index,time_cycles
0,415292
page_index,time_cycles
0,420700
page_index,time_cycles
0,414802
page_index,time_cycles
0,423710
page_index,time_cycles
0,418612
page_index,time_cycles
0,411162
page_index,time_cycles
0,418870
page_index,time_cycles
0,417876
page_index,time_cycles
0,457990
page_index,time_cycles
0,432884
page_index,time_cycles
0,419658
page_index,time_cycles
0,420692
page_index,time_cycles
0,420920
page_index,time_cycles
0,415720
page_index,time_cycles
0,445926
page_index,time_cycles
0,462970
page_index,time_cycles
0,423426
page_index,time_cycles
0,426626
page_index,time_cycles
0,443830
page_index,time_cycles
0,418258
page_index,time_cycles
0,425084
page_index,time_cycles
0,450236
page_index,time_cycles
0,417032
page_index,time_cycles
0,420240
page_index,time_cycles
0,424890
page_index,time_cycles
0,438142
page_index,time_cycles
0,420826
page_index,time_cycles
0,414950
page_index,time_cycles
0,464030
page_index,time_cycles
0,468010
page_index,time_cycles
0,423338
page_index,time_cycles
0,430704
page_index,time_cycles
0,420324
page_index,time_cycles
0,416860
page_index,time_cycles
0,413282
page_index,time_cycles
0,425076
page_index,time_cycles
0,416518
page_index,time_cycles
0,418212
page_index,time_cycles
0,419844
page_index,time_cycles
0,417972
page_index,time_cycles
0,442874
page_index,time_cycles
0,436504
page_index,time_cycles
0,441178
page_index,time_cycles
0,429136
page_index,time_cycles
0,427954
page_index,time_cycles
0,460138
page_index,time_cycles
0,420402
page_index,time_cycles
0,426586
page_index,time_cycles
0,451366
page_index,time_cycles
0,457244
page_index,time_cycles
0,459112
page_index,time_cycles
0,424014
page_index,time_cycles
0,424078
page_index,time_cycles
0,431798
page_index,time_cycles
0,411726
page_index,time_cycles
0,416548
page_index,time_cycles
0,418730
page_index,time_cycles
0,414880
page_index,time_cycles
0,445444
page_index,time_cycles
0,413740
page_index,time_cycles
0,415494
page_index,time_cycles
0,414068
page_index,time_cycles
0,502072
page_index,time_cycles
0,414414
page_index,time_cycles
0,432722
page_index,time_cycles
0,427504
page_index,time_cycles
0,424442
page_index,time_cycles
0,416328
page_index,time_cycles
0,427652
page_index,time_cycles
0,416704
page_index,time_cycles
0,428578
page_index,time_cycles
0,413856
page_index,time_cycles
0,414858
page_index,time_cycles
0,431036
page_index,time_cycles
0,409958
page_index,time_cycles
0,432144
page_index,time_cycles
0,413474
page_index,time_cycles
0,427908
page_index,time_cycles
0,417412
page_index,time_cycles
0,413826
page_index,time_cycles
0,419730
page_index,time_cycles
0,414016
page_index,time_cycles
0,414062
page_index,time_cycles
0,417902
page_index,time_cycles
0,433924
page_index,time_cycles
0,435676
page_index,time_cycles
0,444724
page_index,time_cycles
0,432154
page_index,time_cycles
0,413294
page_index,time_cycles
0,411636
page_index,time_cycles
0,424084
page_index,time_cycles
0,439790
page_index,time_cycles
0,431972
page_index,time_cycles
0,417642
page_index,time_cycles
0,421006
page_index,time_cycles
0,410912
page_index,time_cycles
0,427804
page_index,time_cycles
0,431376
page_index,time_cycles
0,432820
page_index,time_cycles
0,414130
page_index,time_cycles
0,417170
page_index,time_cycles
0,437096
page_index,time_cycles
0,440530
page_index,time_cycles
0,420754
page_index,time_cycles
0,426148
page_index,time_cycles
0,419274
page_index,time_cycles
0,414820
page_index,time_cycles
0,446442
page_index,time_cycles
0,415668
page_index,time_cycles
0,436748
page_index,time_cycles
0,424874
page_index,time_cycles
0,414506
page_index,time_cycles
0,410202
page_index,time_cycles
0,445200
page_index,time_cycles
0,482224
page_index,time_cycles
0,419746
page_index,time_cycles
0,434862
page_index,time_cycles
0,455998
page_index,time_cycles
0,414754
page_index,time_cycles
0,483984
page_index,time_cycles
0,421562
page_index,time_cycles
0,441024
page_index,time_cycles
0,444292
page_index,time_cycles
0,426850
page_index,time_cycles
0,421740
page_index,time_cycles
0,419042
page_index,time_cycles
0,432728
page_index,time_cycles
0,426356
page_index,time_cycles
0,477746
page_index,time_cycles
0,433596
page_index,time_cycles
0,412776
page_index,time_cycles
0,417698
page_index,time_cycles
0,437930
page_index,time_cycles
0,463078
page_index,time_cycles
0,418464
page_index,time_cycles
0,433576
page_index,time_cycles
0,414544
page_index,time_cycles
0,414472
page_index,time_cycles
0,424434
page_index,time_cycles
0,427130
page_index,time_cycles
0,415946
page_index,time_cycles
0,418726
page_index,time_cycles
0,417316
page_index,time_cycles
0,425070
page_index,time_cycles
0,421866
page_index,time_cycles
0,438640
page_index,time_cycles
0,430496
page_index,time_cycles
0,428446
page_index,time_cycles
0,423220
page_index,time_cycles
0,423706
page_index,time_cycles
0,416998
page_index,time_cycles
0,431544
page_index,time_cycles
0,418414
page_index,time_cycles
0,416550
page_index,time_cycles
0,419358
page_index,time_cycles
0,434414
page_index,time_cycles
0,422150
page_index,time_cycles
0,417074
page_index,time_cycles
0,422226
page_index,time_cycles
0,426356
page_index,time_cycles
0,448428
page_index,time_cycles
0,423998
page_index,time_cycles
0,436450
page_index,time_cycles
0,416866
page_index,time_cycles
0,425930
page_index,time_cycles
0,414712
page_index,time_cycles
0,455008
page_index,time_cycles
0,448024
page_index,time_cycles
0,424526
page_index,time_cycles
0,417948
page_index,time_cycles
0,427664
page_index,time_cycles
0,442888
page_index,time_cycles
0,423176
page_index,time_cycles
0,435302
page_index,time_cycles
0,422268
page_index,time_cycles
0,435578
page_index,time_cycles
0,424904
page_index,time_cycles
0,423194
page_index,time_cycles
0,417010
page_index,time_cycles
0,453024
page_index,time_cycles
0,417428
page_index,time_cycles
0,420364
page_index,time_cycles
0,530742
page_index,time_cycles
0,425152
page_index,time_cycles
0,417944
page_index,time_cycles
0,414610
page_index,time_cycles
0,417410
page_index,time_cycles
0,427388
page_index,time_cycles
0,459956
page_index,time_cycles
0,427968
page_index,time_cycles
0,463322
page_index,time_cycles
0,419388
page_index,time_cycles
0,438496
page_index,time_cycles
0,422288
page_index,time_cycles
0,459846
page_index,time_cycles
0,426422
page_index,time_cycles
0,435912
page_index,time_cycles
0,425686
page_index,time_cycles
0,422596
page_index,time_cycles
0,426882
page_index,time_cycles
0,440182
page_index,time_cycles
0,410868
page_index,time_cycles
0,410954
page_index,time_cycles
0,421282
page_index,time_cycles
0,414864
page_index,time_cycles
0,414088
page_index,time_cycles
0,419928
page_index,time_cycles
0,426270
page_index,time_cycles
0,456422
page_index,time_cycles
0,3813064
page_index,time_cycles
0,423398
page_index,time_cycles
0,429462
page_index,time_cycles
0,440366
page_index,time_cycles
0,434790
page_index,time_cycles
0,418148
page_index,time_cycles
0,461006
page_index,time_cycles
0,421644
page_index,time_cycles
0,420594
page_index,time_cycles
0,434174
page_index,time_cycles
0,414648
page_index,time_cycles
0,424362
page_index,time_cycles
0,426870
page_index,time_cycles
0,417174
page_index,time_cycles
0,423126
page_index,time_cycles
0,422960
page_index,time_cycles
0,414492
page_index,time_cycles
0,414566
page_index,time_cycles
0,425874
page_index,time_cycles
0,426468
page_index,time_cycles
0,429844
page_index,time_cycles
0,478658
page_index,time_cycles
0,436018
page_index,time_cycles
0,441418
page_index,time_cycles
0,411272
page_index,time_cycles
0,418076
page_index,time_cycles
0,428912
page_index,time_cycles
0,433108
page_index,time_cycles
0,420480
page_index,time_cycles
0,441792
page_index,time_cycles
0,427338
page_index,time_cycles
0,496486
page_index,time_cycles
0,436272
page_index,time_cycles
0,429068
page_index,time_cycles
0,414536
page_index,time_cycles
0,451340
page_index,time_cycles
0,417226
page_index,time_cycles
0,422006
page_index,time_cycles
0,428230
page_index,time_cycles
0,456754
page_index,time_cycles
0,488656
page_index,time_cycles
0,429972
page_index,time_cycles
0,416738
page_index,time_cycles
0,422452
page_index,time_cycles
0,452402
page_index,time_cycles
0,427756
page_index,time_cycles
0,439370
page_index,time_cycles
0,416434
page_index,time_cycles
0,418982
page_index,time_cycles
0,415036
page_index,time_cycles
0,454200
page_index,time_cycles
0,420806
page_index,time_cycles
0,448628
page_index,time_cycles
0,432688
page_index,time_cycles
0,441056
page_index,time_cycles
0,426378
page_index,time_cycles
0,425352
page_index,time_cycles
0,430004
page_index,time_cycles
0,416622
page_index,time_cycles
0,413142
page_index,time_cycles
0,419768
page_index,time_cycles
0,423150
page_index,time_cycles
0,420332
page_index,time_cycles
0,420110
page_index,time_cycles
0,422958
page_index,time_cycles
0,416442
page_index,time_cycles
0,425186
page_index,time_cycles
0,420982
page_index,time_cycles
0,418106
page_index,time_cycles
0,436128
page_index,time_cycles
0,417302
page_index,time_cycles
0,470822
page_index,time_cycles
0,442040
page_index,time_cycles
0,471738
page_index,time_cycles
0,417712
page_index,time_cycles
0,439798
page_index,time_cycles
0,417044
page_index,time_cycles
0,431696
page_index,time_cycles
0,451284
page_index,time_cycles
0,421294
page_index,time_cycles
0,414516
page_index,time_cycles
0,470472
page_index,time_cycles
0,451430
page_index,time_cycles
0,421924
page_index,time_cycles
0,431572
page_index,time_cycles
0,422244
page_index,time_cycles
0,433552
page_index,time_cycles
0,431864
page_index,time_cycles
0,432206
page_index,time_cycles
0,425918
page_index,time_cycles
0,426940
page_index,time_cycles
0,418152
page_index,time_cycles
0,427394
page_index,time_cycles
0,428350
page_index,time_cycles
0,412894
page_index,time_cycles
0,412576
page_index,time_cycles
0,427242
page_index,time_cycles
0,417886
page_index,time_cycles
0,418812
page_index,time_cycles
0,416742
page_index,time_cycles
0,415830
page_index,time_cycles
0,426302
page_index,time_cycles
0,421408
page_index,time_cycles
0,430946
page_index,time_cycles
0,430410
page_index,time_cycles
0,787360
page_index,time_cycles
0,431640
page_index,time_cycles
0,415452
page_index,time_cycles
0,422036
page_index,time_cycles
0,429992
page_index,time_cycles
0,418654
page_index,time_cycles
0,418172
page_index,time_cycles
0,420162
page_index,time_cycles
0,422770
page_index,time_cycles
0,420906
page_index,time_cycles
0,414050
page_index,time_cycles
0,415076
page_index,time_cycles
0,428228
page_index,time_cycles
0,415458
page_index,time_cycles
0,449490
page_index,time_cycles
0,417772
page_index,time_cycles
0,473664
page_index,time_cycles
0,416244
page_index,time_cycles
0,421322
page_index,time_cycles
0,417558
page_index,time_cycles
0,440194
page_index,time_cycles
0,444686
page_index,time_cycles
0,449076
page_index,time_cycles
0,419942
page_index,time_cycles
0,438310
page_index,time_cycles
0,416700
page_index,time_cycles
0,428056
page_index,time_cycles
0,426878
page_index,time_cycles
0,415362
page_index,time_cycles
0,424318
page_index,time_cycles
0,418954
page_index,time_cycles
0,435068
page_index,time_cycles
0,438788
page_index,time_cycles
0,417514
page_index,time_cycles
0,432042
page_index,time_cycles
0,424938
page_index,time_cycles
0,444616
page_index,time_cycles
0,414652
page_index,time_cycles
0,416920
page_index,time_cycles
0,433194
page_index,time_cycles
0,416450
page_index,time_cycles
0,423694
page_index,time_cycles
0,422450
page_index,time_cycles
0,436820
page_index,time_cycles
0,520120
page_index,time_cycles
0,450544
page_index,time_cycles
0,412228
page_index,time_cycles
0,416708
page_index,time_cycles
0,419380
page_index,time_cycles
0,442236
page_index,time_cycles
0,417612
page_index,time_cycles
0,423636
page_index,time_cycles
0,455480
page_index,time_cycles
0,419806
page_index,time_cycles
0,422580
page_index,time_cycles
0,448902
page_index,time_cycles
0,415438
page_index,time_cycles
0,435112
page_index,time_cycles
0,473128
page_index,time_cycles
0,417058
page_index,time_cycles
0,414166
page_index,time_cycles
0,417672
page_index,time_cycles
0,454500
page_index,time_cycles
0,436236
page_index,time_cycles
0,429180
page_index,time_cycles
0,418312
page_index,time_cycles
0,431312
page_index,time_cycles
0,435452
page_index,time_cycles
0,419498
page_index,time_cycles
0,415616
page_index,time_cycles
0,422480
page_index,time_cycles
0,419410
page_index,time_cycles
0,454688
page_index,time_cycles
0,420822
page_index,time_cycles
0,435218
page_index,time_cycles
0,427232
page_index,time_cycles
0,425086
page_index,time_cycles
0,419836
page_index,time_cycles
0,428968
page_index,time_cycles
0,422202
page_index,time_cycles
0,418100
page_index,time_cycles
0,413388
page_index,time_cycles
0,427052
page_index,time_cycles
0,409506
page_index,time_cycles
0,419314
page_index,time_cycles
0,428256
page_index,time_cycles
0,427524
page_index,time_cycles
0,420466
page_index,time_cycles
0,423404
page_index,time_cycles
0,413918
page_index,time_cycles
0,433652
page_index,time_cycles
0,438554
page_index,time_cycles
0,415298
page_index,time_cycles
0,437806
page_index,time_cycles
0,426624
page_index,time_cycles
0,441298
page_index,time_cycles
0,424786
page_index,time_cycles
0,501348
page_index,time_cycles
0,411096
page_index,time_cycles
0,423652
page_index,time_cycles
0,432858
page_index,time_cycles
0,420298
page_index,time_cycles
0,422338
page_index,time_cycles
0,447126
page_index,time_cycles
0,456280
page_index,time_cycles
0,427086
page_index,time_cycles
0,419544
page_index,time_cycles
0,439772
page_index,time_cycles
0,429066
page_index,time_cycles
0,420170
page_index,time_cycles
0,438630
page_index,time_cycles
0,434550
page_index,time_cycles
0,417426
page_index,time_cycles
0,413870
page_index,time_cycles
0,414322
page_index,time_cycles
0,414876
page_index,time_cycles
0,428336
page_index,time_cycles
0,460626
page_index,time_cycles
0,438716
page_index,time_cycles
0,418976
page_index,time_cycles
0,432314
page_index,time_cycles
0,456612
page_index,time_cycles
0,433068
page_index,time_cycles
0,429650
page_index,time_cycles
0,418164
page_index,time_cycles
0,468772
page_index,time_cycles
0,414010
page_index,time_cycles
0,427300
page_index,time_cycles
0,414686
page_index,time_cycles
0,421040
page_index,time_cycles
0,433988
page_index,time_cycles
0,415516
page_index,time_cycles
0,411396
page_index,time_cycles
0,419836
page_index,time_cycles
0,517846
page_index,time_cycles
0,3233750
page_index,time_cycles
0,415354
page_index,time_cycles
0,419302
page_index,time_cycles
0,439524
page_index,time_cycles
0,423606
page_index,time_cycles
0,412770
page_index,time_cycles
0,461172
page_index,time_cycles
0,413372
page_index,time_cycles
0,420782
page_index,time_cycles
0,417578
page_index,time_cycles
0,416774
page_index,time_cycles
0,413442
page_index,time_cycles
0,418766
page_index,time_cycles
0,507506
page_index,time_cycles
0,426156
page_index,time_cycles
0,429674
page_index,time_cycles
0,430498
page_index,time_cycles
0,414392
page_index,time_cycles
0,423410
page_index,time_cycles
0,422830
page_index,time_cycles
0,419080
page_index,time_cycles
0,418256
page_index,time_cycles
0,427944
page_index,time_cycles
0,417448
page_index,time_cycles
0,511500
page_index,time_cycles
0,429428
page_index,time_cycles
0,426220
page_index,time_cycles
0,419528
page_index,time_cycles
0,412152
page_index,time_cycles
0,442722
page_index,time_cycles
0,427266
page_index,time_cycles
0,417052
page_index,time_cycles
0,440308
page_index,time_cycles
0,413614
page_index,time_cycles
0,420012
page_index,time_cycles
0,422074
page_index,time_cycles
0,413436
page_index,time_cycles
0,424220
page_index,time_cycles
0,429742
page_index,time_cycles
0,483048
page_index,time_cycles
0,438920
page_index,time_cycles
0,419606
page_index,time_cycles
0,455960
page_index,time_cycles
0,419480
page_index,time_cycles
0,421742
page_index,time_cycles
0,446618
page_index,time_cycles
0,420428
page_index,time_cycles
0,418334
page_index,time_cycles
0,416646
page_index,time_cycles
0,417826
page_index,time_cycles
0,416554
page_index,time_cycles
0,434676
page_index,time_cycles
0,414390
page_index,time_cycles
0,417146
page_index,time_cycles
0,419706
page_index,time_cycles
0,433068
page_index,time_cycles
0,414956
page_index,time_cycles
0,415708
page_index,time_cycles
0,414858
page_index,time_cycles
0,418934
page_index,time_cycles
0,419252
page_index,time_cycles
0,420758
page_index,time_cycles
0,413916
page_index,time_cycles
0,415766
page_index,time_cycles
0,426360
page_index,time_cycles
0,437902
page_index,time_cycles
0,418656
page_index,time_cycles
0,446080
page_index,time_cycles
0,419058
page_index,time_cycles
0,463386
page_index,time_cycles
0,411862
page_index,time_cycles
0,415680
page_index,time_cycles
0,422310
page_index,time_cycles
0,461510
page_index,time_cycles
0,430134
page_index,time_cycles
0,417526
page_index,time_cycles
0,442490
page_index,time_cycles
0,441242
page_index,time_cycles
0,435408
page_index,time_cycles
0,415030
page_index,time_cycles
0,414280
page_index,time_cycles
0,421792
page_index,time_cycles
0,419330
page_index,time_cycles
0,423688
page_index,time_cycles
0,417116
page_index,time_cycles
0,488574
page_index,time_cycles
0,459028
page_index,time_cycles
0,441194
page_index,time_cycles
0,494212
page_index,time_cycles
0,417172
page_index,time_cycles
0,435512
page_index,time_cycles
0,423234
page_index,time_cycles
0,422834
page_index,time_cycles
0,427148
page_index,time_cycles
0,413062
page_index,time_cycles
0,414488
page_index,time_cycles
0,487994
page_index,time_cycles
0,458248
page_index,time_cycles
0,411308
page_index,time_cycles
0,432048
page_index,time_cycles
0,437670
page_index,time_cycles
0,429822
page_index,time_cycles
0,415458
page_index,time_cycles
0,425954
page_index,time_cycles
0,424074
page_index,time_cycles
0,438716
page_index,time_cycles
0,418316
page_index,time_cycles
0,426786
page_index,time_cycles
0,420416
page_index,time_cycles
0,430666
page_index,time_cycles
0,435216
page_index,time_cycles
0,422658
page_index,time_cycles
0,453804
page_index,time_cycles
0,444096
page_index,time_cycles
0,426108
page_index,time_cycles
0,439594
page_index,time_cycles
0,519206
page_index,time_cycles
0,429040
page_index,time_cycles
0,427718
page_index,time_cycles
0,421698
page_index,time_cycles
0,420246
page_index,time_cycles
0,416916
page_index,time_cycles
0,415576
page_index,time_cycles
0,414834
page_index,time_cycles
0,415666
page_index,time_cycles
0,419066
page_index,time_cycles
0,423364
page_index,time_cycles
0,414764
page_index,time_cycles
0,423780
page_index,time_cycles
0,422600
page_index,time_cycles
0,412572
page_index,time_cycles
0,417274
page_index,time_cycles
0,413446
page_index,time_cycles
0,456726
page_index,time_cycles
0,463144
page_index,time_cycles
0,421890
page_index,time_cycles
0,423584
page_index,time_cycles
0,417354
page_index,time_cycles
0,414128
page_index,time_cycles
0,428150
page_index,time_cycles
0,415154
page_index,time_cycles
0,423882
page_index,time_cycles
0,415900
page_index,time_cycles
0,416648
page_index,time_cycles
0,416202
page_index,time_cycles
0,419734
page_index,time_cycles
0,411208
page_index,time_cycles
0,432316
page_index,time_cycles
0,427850
page_index,time_cycles
0,419168
page_index,time_cycles
0,471554
page_index,time_cycles
0,413952
page_index,time_cycles
0,480946
page_index,time_cycles
0,415314
page_index,time_cycles
0,428512
page_index,time_cycles
0,423562
page_index,time_cycles
0,440076
page_index,time_cycles
0,453472
page_index,time_cycles
0,412918
page_index,time_cycles
0,419536
page_index,time_cycles
0,425784
page_index,time_cycles
0,417176
page_index,time_cycles
0,424060
page_index,time_cycles
0,418246
page_index,time_cycles
0,422210
page_index,time_cycles
0,422540
page_index,time_cycles
0,451556
page_index,time_cycles
0,438092
page_index,time_cycles
0,537090
page_index,time_cycles
0,416978
page_index,time_cycles
0,421874
page_index,time_cycles
0,418128
page_index,time_cycles
0,414172
page_index,time_cycles
0,415434
page_index,time_cycles
0,443692
page_index,time_cycles
0,490496
page_index,time_cycles
0,419038
page_index,time_cycles
0,432778
page_index,time_cycles
0,418280
page_index,time_cycles
0,428344
page_index,time_cycles
0,425848
page_index,time_cycles
0,429768
page_index,time_cycles
0,436240
page_index,time_cycles
0,468244
page_index,time_cycles
0,450880
page_index,time_cycles
0,418832
page_index,time_cycles
0,457974
page_index,time_cycles
0,417574
page_index,time_cycles
0,449362
page_index,time_cycles
0,427690
page_index,time_cycles
0,451266
page_index,time_cycles
0,437070
page_index,time_cycles
0,427442
page_index,time_cycles
0,438726
page_index,time_cycles
0,424460
page_index,time_cycles
0,418490
page_index,time_cycles
0,431064
page_index,time_cycles
0,433224
page_index,time_cycles
0,416726
page_index,time_cycles
0,468756
page_index,time_cycles
0,414446
page_index,time_cycles
0,417752
page_index,time_cycles
0,419056
page_index,time_cycles
0,423484
page_index,time_cycles
0,508538
page_index,time_cycles
0,436164
page_index,time_cycles
0,411520
page_index,time_cycles
0,419300
page_index,time_cycles
0,421896
page_index,time_cycles
0,414646
page_index,time_cycles
0,427384
page_index,time_cycles
0,426280
page_index,time_cycles
0,421158
page_index,time_cycles
0,410092
page_index,time_cycles
0,422636
page_index,time_cycles
0,415240
page_index,time_cycles
0,485138
page_index,time_cycles
0,410298
page_index,time_cycles
0,434174
page_index,time_cycles
0,434706
page_index,time_cycles
0,436008
page_index,time_cycles
0,428096
page_index,time_cycles
0,416980
page_index,time_cycles
0,432424
page_index,time_cycles
0,436326
page_index,time_cycles
0,428932
page_index,time_cycles
0,434138
page_index,time_cycles
0,428678
page_index,time_cycles
0,417094
page_index,time_cycles
0,456022
page_index,time_cycles
0,413844
page_index,time_cycles
0,425096
page_index,time_cycles
0,423026
page_index,time_cycles
0,427168
page_index,time_cycles
0,413306
page_index,time_cycles
0,416966
page_index,time_cycles
0,470034
page_index,time_cycles
0,419736
page_index,time_cycles
0,417506
page_index,time_cycles
0,443260
page_index,time_cycles
0,431332
page_index,time_cycles
0,429992
page_index,time_cycles
0,413710
page_index,time_cycles
0,435284
page_index,time_cycles
0,441664
page_index,time_cycles
0,419288
page_index,time_cycles
0,431934
page_index,time_cycles
0,427886
page_index,time_cycles
0,411808
page_index,time_cycles
0,417336
page_index,time_cycles
0,418852
page_index,time_cycles
0,439254
page_index,time_cycles
0,415990
page_index,time_cycles
0,438942
page_index,time_cycles
0,427584
page_index,time_cycles
0,427700
page_index,time_cycles
0,412552
page_index,time_cycles
0,426444
page_index,time_cycles
0,427046
page_index,time_cycles
0,432306
page_index,time_cycles
0,419456
page_index,time_cycles
0,425746
page_index,time_cycles
0,425430
page_index,time_cycles
0,438458
page_index,time_cycles
0,425036
page_index,time_cycles
0,418354
page_index,time_cycles
0,414564
page_index,time_cycles
0,410946
page_index,time_cycles
0,451570
page_index,time_cycles
0,416666
page_index,time_cycles
0,448794
page_index,time_cycles
0,424034
page_index,time_cycles
0,426740
page_index,time_cycles
0,418612
page_index,time_cycles
0,432356
page_index,time_cycles
0,413416
page_index,time_cycles
0,417046
page_index,time_cycles
0,420878
page_index,time_cycles
0,424586
page_index,time_cycles
0,414416
page_index,time_cycles
0,411662
page_index,time_cycles
0,426502
page_index,time_cycles
0,465110
page_index,time_cycles
0,488506
page_index,time_cycles
0,481268
page_index,time_cycles
0,436960
page_index,time_cycles
0,420586
page_index,time_cycles
0,415392
page_index,time_cycles
0,427776
page_index,time_cycles
0,455460
page_index,time_cycles
0,426550
page_index,time_cycles
0,425564
page_index,time_cycles
0,449264
page_index,time_cycles
0,421262
page_index,time_cycles
0,428416
page_index,time_cycles
0,440952
page_index,time_cycles
0,415138
page_index,time_cycles
0,429598
page_index,time_cycles
0,414030
page_index,time_cycles
0,448640
page_index,time_cycles
0,422396
page_index,time_cycles
0,431800
page_index,time_cycles
0,440684
page_index,time_cycles
0,417002
page_index,time_cycles
0,427298
page_index,time_cycles
0,426140
page_index,time_cycles
0,425378
page_index,time_cycles
0,415592
page_index,time_cycles
0,423074
page_index,time_cycles
0,438420
page_index,time_cycles
0,479310
page_index,time_cycles
0,433878
page_index,time_cycles
0,414888
page_index,time_cycles
0,416384
page_index,time_cycles
0,422934
page_index,time_cycles
0,415058
page_index,time_cycles
0,421216
page_index,time_cycles
0,456582
page_index,time_cycles
0,430896
page_index,time_cycles
0,417684
page_index,time_cycles
0,438290
page_index,time_cycles
0,480554
page_index,time_cycles
0,417542
page_index,time_cycles
0,420654
page_index,time_cycles
0,439002
page_index,time_cycles
0,481466
page_index,time_cycles
0,427096
page_index,time_cycles
0,416952
page_index,time_cycles
0,423342
page_index,time_cycles
0,413466
page_index,time_cycles
0,427522
page_index,time_cycles
0,419892
page_index,time_cycles
0,420444
page_index,time_cycles
0,425236
page_index,time_cycles
0,425660
page_index,time_cycles
0,426594
page_index,time_cycles
0,423030
page_index,time_cycles
0,418190
page_index,time_cycles
0,413848
page_index,time_cycles
0,441774
page_index,time_cycles
0,417150
page_index,time_cycles
0,431360
page_index,time_cycles
0,431336
page_index,time_cycles
0,420380
page_index,time_cycles
0,430852
page_index,time_cycles
0,414758
page_index,time_cycles
0,422304
page_index,time_cycles
0,421970
page_index,time_cycles
0,430492
page_index,time_cycles
0,424146
page_index,time_cycles
0,439608
page_index,time_cycles
0,416642
page_index,time_cycles
0,424966
page_index,time_cycles
0,417320
page_index,time_cycles
0,424968
page_index,time_cycles
0,412622
page_index,time_cycles
0,414120
page_index,time_cycles
0,418200
page_index,time_cycles
0,504012
page_index,time_cycles
0,456826
page_index,time_cycles
0,414320
page_index,time_cycles
0,421334
page_index,time_cycles
0,436206
page_index,time_cycles
0,413412
page_index,time_cycles
0,2343976
page_index,time_cycles
0,464542
page_index,time_cycles
0,423202
page_index,time_cycles
0,422228
page_index,time_cycles
0,442140
page_index,time_cycles
0,427900
page_index,time_cycles
0,436336
page_index,time_cycles
0,429946
page_index,time_cycles
0,451240
page_index,time_cycles
0,413942
page_index,time_cycles
0,416950
page_index,time_cycles
0,421448
page_index,time_cycles
0,425866
page_index,time_cycles
0,461878
page_index,time_cycles
0,453912
page_index,time_cycles
0,416148
page_index,time_cycles
0,416722
page_index,time_cycles
0,423298
page_index,time_cycles
0,430026
page_index,time_cycles
0,434620
page_index,time_cycles
0,431458
page_index,time_cycles
0,418488
page_index,time_cycles
0,470894
page_index,time_cycles
0,489232
page_index,time_cycles
0,430812
page_index,time_cycles
0,416948
page_index,time_cycles
0,423956
page_index,time_cycles
0,429914
page_index,time_cycles
0,453344
page_index,time_cycles
0,413026
page_index,time_cycles
0,433284
page_index,time_cycles
0,450472
page_index,time_cycles
0,449106
page_index,time_cycles
0,455762
page_index,time_cycles
0,419636
page_index,time_cycles
0,424302
page_index,time_cycles
0,500186
page_index,time_cycles
0,418554
page_index,time_cycles
0,428142
page_index,time_cycles
0,424810
page_index,time_cycles
0,412100
page_index,time_cycles
0,437778
page_index,time_cycles
0,434924
page_index,time_cycles
0,459610
page_index,time_cycles
0,422412
page_index,time_cycles
0,432932
page_index,time_cycles
0,535168
page_index,time_cycles
0,418486
page_index,time_cycles
0,416196
page_index,time_cycles
0,436392
page_index,time_cycles
0,416242
page_index,time_cycles
0,415698
page_index,time_cycles
0,465864
page_index,time_cycles
0,476276
page_index,time_cycles
0,415780
page_index,time_cycles
0,420276
page_index,time_cycles
0,413986
page_index,time_cycles
0,421096
page_index,time_cycles
0,427826
page_index,time_cycles
0,429740
page_index,time_cycles
0,421506
page_index,time_cycles
0,422760
page_index,time_cycles
0,419148
page_index,time_cycles
0,423848
page_index,time_cycles
0,525718
page_index,time_cycles
0,437202
page_index,time_cycles
0,424356
page_index,time_cycles
0,418970
page_index,time_cycles
0,414598
page_index,time_cycles
0,436654
page_index,time_cycles
0,525478
page_index,time_cycles
0,424858
page_index,time_cycles
0,451910
page_index,time_cycles
0,422770
page_index,time_cycles
0,432588
page_index,time_cycles
0,416472
page_index,time_cycles
0,418190
page_index,time_cycles
0,450388
page_index,time_cycles
0,438498
page_index,time_cycles
0,419432
page_index,time_cycles
0,435090
page_index,time_cycles
0,448134
page_index,time_cycles
0,417416
page_index,time_cycles
0,430766
page_index,time_cycles
0,410620
page_index,time_cycles
0,418834
page_index,time_cycles
0,431088
page_index,time_cycles
0,421066
page_index,time_cycles
0,452964
page_index,time_cycles
0,414652
page_index,time_cycles
0,417062
page_index,time_cycles
0,416676
page_index,time_cycles
0,421338
page_index,time_cycles
0,417974
page_index,time_cycles
0,434314
page_index,time_cycles
0,421816
page_index,time_cycles
0,422798
page_index,time_cycles
0,464654
page_index,time_cycles
0,423534
page_index,time_cycles
0,423238
page_index,time_cycles
0,423890
page_index,time_cycles
0,414848
page_index,time_cycles
0,451762
page_index,time_cycles
0,483330
page_index,time_cycles
0,426790
page_index,time_cycles
0,414646
page_index,time_cycles
0,415942
page_index,time_cycles
0,452544
page_index,time_cycles
0,421778
page_index,time_cycles
0,416818
page_index,time_cycles
0,422572
page_index,time_cycles
0,421812
page_index,time_cycles
0,417236
page_index,time_cycles
0,427766
page_index,time_cycles
0,423278
page_index,time_cycles
0,430578
page_index,time_cycles
0,437868
page_index,time_cycles
0,419350
page_index,time_cycles
0,455816
page_index,time_cycles
0,421728
page_index,time_cycles
0,472442
page_index,time_cycles
0,429446
page_index,time_cycles
0,414534
page_index,time_cycles
0,418854
page_index,time_cycles
0,483424
page_index,time_cycles
0,425092
page_index,time_cycles
0,428458
page_index,time_cycles
0,409808
page_index,time_cycles
0,417822
page_index,time_cycles
0,426544
page_index,time_cycles
0,409134
page_index,time_cycles
0,422174
page_index,time_cycles
0,438228
page_index,time_cycles
0,476456
page_index,time_cycles
0,425158
page_index,time_cycles
0,457738
page_index,time_cycles
0,429870
page_index,time_cycles
0,438158
page_index,time_cycles
0,449280
page_index,time_cycles
0,415528
page_index,time_cycles
0,417504
page_index,time_cycles
0,415046
page_index,time_cycles
0,417632
page_index,time_cycles
0,415768
page_index,time_cycles
0,419520
page_index,time_cycles
0,430042
page_index,time_cycles
0,414020
page_index,time_cycles
0,419490
page_index,time_cycles
0,413288
page_index,time_cycles
0,429060
page_index,time_cycles
0,416154
page_index,time_cycles
0,417818
page_index,time_cycles
0,468996
page_index,time_cycles
0,416010
page_index,time_cycles
0,428844
page_index,time_cycles
0,418766
page_index,time_cycles
0,460922
page_index,time_cycles
0,431326
page_index,time_cycles
0,414302
page_index,time_cycles
0,417318
page_index,time_cycles
0,425476
page_index,time_cycles
0,439132
page_index,time_cycles
0,418902
page_index,time_cycles
0,466770
page_index,time_cycles
0,417884
page_index,time_cycles
0,426634
page_index,time_cycles
0,434382
page_index,time_cycles
0,440344
page_index,time_cycles
0,422798
page_index,time_cycles
0,461554
page_index,time_cycles
0,415826
page_index,time_cycles
0,421374
page_index,time_cycles
0,427450
page_index,time_cycles
0,419630
page_index,time_cycles
0,410140
page_index,time_cycles
0,416220
page_index,time_cycles
0,418042
page_index,time_cycles
0,432240
page_index,time_cycles
0,417316
page_index,time_cycles
0,423008
page_index,time_cycles
0,414878
page_index,time_cycles
0,431560
page_index,time_cycles
0,454708
page_index,time_cycles
0,424046
page_index,time_cycles
0,426730
page_index,time_cycles
0,421460
page_index,time_cycles
0,440380
page_index,time_cycles
0,503670
page_index,time_cycles
0,459412
page_index,time_cycles
0,420402
page_index,time_cycles
0,417792
page_index,time_cycles
0,421948
page_index,time_cycles
0,411718
page_index,time_cycles
0,449120
page_index,time_cycles
0,421006
page_index,time_cycles
0,415864
page_index,time_cycles
0,424760
page_index,time_cycles
0,416264
page_index,time_cycles
0,416014
page_index,time_cycles
0,410944
page_index,time_cycles
0,424390
page_index,time_cycles
0,424100
page_index,time_cycles
0,416068
page_index,time_cycles
0,421356
page_index,time_cycles
0,424342
page_index,time_cycles
0,424356
page_index,time_cycles
0,417730
page_index,time_cycles
0,434860
page_index,time_cycles
0,433960
page_index,time_cycles
0,417518
page_index,time_cycles
0,464080
page_index,time_cycles
0,425384
page_index,time_cycles
0,419828
page_index,time_cycles
0,422308
page_index,time_cycles
0,419036
page_index,time_cycles
0,484050
page_index,time_cycles
0,440164
page_index,time_cycles
0,421004
page_index,time_cycles
0,414046
page_index,time_cycles
0,443186
page_index,time_cycles
0,447512
page_index,time_cycles
0,430934
page_index,time_cycles
0,427848
page_index,time_cycles
0,456624
page_index,time_cycles
0,446222
page_index,time_cycles
0,478102
page_index,time_cycles
0,427318
page_index,time_cycles
0,435294
page_index,time_cycles
0,427520
page_index,time_cycles
0,502740
page_index,time_cycles
0,434406
page_index,time_cycles
0,419006
page_index,time_cycles
0,416480
page_index,time_cycles
0,414130
page_index,time_cycles
0,420290
page_index,time_cycles
0,419168
page_index,time_cycles
0,457424
page_index,time_cycles
0,492270
page_index,time_cycles
0,422176
page_index,time_cycles
0,438444
page_index,time_cycles
0,430382
page_index,time_cycles
0,426166
page_index,time_cycles
0,431240
page_index,time_cycles
0,430344
page_index,time_cycles
0,415708
page_index,time_cycles
0,435172
page_index,time_cycles
0,419388
page_index,time_cycles
0,426144
page_index,time_cycles
0,458926
page_index,time_cycles
0,423974
page_index,time_cycles
0,425450
page_index,time_cycles
0,645646
page_index,time_cycles
0,454498
page_index,time_cycles
0,435640
page_index,time_cycles
0,478252
page_index,time_cycles
0,418920
page_index,time_cycles
0,430874
page_index,time_cycles
0,426528
page_index,time_cycles
0,420592
page_index,time_cycles
0,431864
page_index,time_cycles
0,443320
page_index,time_cycles
0,411744
page_index,time_cycles
0,414518
page_index,time_cycles
0,415808
page_index,time_cycles
0,417946
page_index,time_cycles
0,419230
page_index,time_cycles
0,429572
page_index,time_cycles
0,435806
page_index,time_cycles
0,425876
page_index,time_cycles
0,439004
page_index,time_cycles
0,424622
page_index,time_cycles
0,416588
page_index,time_cycles
0,416370
page_index,time_cycles
0,456180
page_index,time_cycles
0,414554
page_index,time_cycles
0,416190
page_index,time_cycles
0,458992
page_index,time_cycles
0,431880
page_index,time_cycles
0,419340
page_index,time_cycles
0,413496
page_index,time_cycles
0,427412
page_index,time_cycles
0,415058
page_index,time_cycles
0,418350
page_index,time_cycles
0,416002
page_index,time_cycles
0,420856
page_index,time_cycles
0,413670
page_index,time_cycles
0,416436
page_index,time_cycles
0,425558
page_index,time_cycles
0,481770
page_index,time_cycles
0,431344
page_index,time_cycles
0,453674
page_index,time_cycles
0,436466
page_index,time_cycles
0,414346
page_index,time_cycles
0,419690
page_index,time_cycles
0,420008
page_index,time_cycles
0,477568
page_index,time_cycles
0,418906
page_index,time_cycles
0,419376
page_index,time_cycles
0,412178
page_index,time_cycles
0,440260
page_index,time_cycles
0,431308
page_index,time_cycles
0,446394
page_index,time_cycles
0,427002
page_index,time_cycles
0,442328
page_index,time_cycles
0,415404
page_index,time_cycles
0,422814
page_index,time_cycles
0,436282
page_index,time_cycles
0,431460
page_index,time_cycles
0,458338
page_index,time_cycles
0,415032
page_index,time_cycles
0,439606
page_index,time_cycles
0,419660
page_index,time_cycles
0,485322
page_index,time_cycles
0,419840
page_index,time_cycles
0,469590
page_index,time_cycles
0,420110
page_index,time_cycles
0,444860
page_index,time_cycles
0,430558
page_index,time_cycles
0,427142
page_index,time_cycles
0,428574
page_index,time_cycles
0,428530
page_index,time_cycles
0,418252
page_index,time_cycles
0,420458
page_index,time_cycles
0,433356
page_index,time_cycles
0,422812
page_index,time_cycles
0,429230
page_index,time_cycles
0,415448
page_index,time_cycles
0,431670
page_index,time_cycles
0,425060
page_index,time_cycles
0,429890
page_index,time_cycles
0,422952
page_index,time_cycles
0,414436
page_index,time_cycles
0,420472
page_index,time_cycles
0,423472
page_index,time_cycles
0,424052
page_index,time_cycles
0,426768
page_index,time_cycles
0,415108
page_index,time_cycles
0,433316
page_index,time_cycles
0,417728
page_index,time_cycles
0,415668
page_index,time_cycles
0,447736
page_index,time_cycles
0,420086
page_index,time_cycles
0,454804
page_index,time_cycles
0,464338
page_index,time_cycles
0,415128
page_index,time_cycles
0,421250
page_index,time_cycles
0,439498
page_index,time_cycles
0,435998
page_index,time_cycles
0,436324
page_index,time_cycles
0,419770
page_index,time_cycles
0,424182
page_index,time_cycles
0,440250
page_index,time_cycles
0,424230
page_index,time_cycles
0,413396
page_index,time_cycles
0,420732
page_index,time_cycles
0,417232
page_index,time_cycles
0,503022
page_index,time_cycles
0,1247916
page_index,time_cycles
0,426234
page_index,time_cycles
0,489194
page_index,time_cycles
0,430656
page_index,time_cycles
0,438492
page_index,time_cycles
0,513342
page_index,time_cycles
0,424406
page_index,time_cycles
0,426834
page_index,time_cycles
0,423340
page_index,time_cycles
0,429156
page_index,time_cycles
0,421554
page_index,time_cycles
0,418108
page_index,time_cycles
0,414776
page_index,time_cycles
0,426552
page_index,time_cycles
0,412362
page_index,time_cycles
0,450106
page_index,time_cycles
0,430112
page_index,time_cycles
0,422870
page_index,time_cycles
0,429684
page_index,time_cycles
0,430806
page_index,time_cycles
0,462402
page_index,time_cycles
0,425756
page_index,time_cycles
0,413558
page_index,time_cycles
0,419348
page_index,time_cycles
0,412048
page_index,time_cycles
0,422450
page_index,time_cycles
0,423786
page_index,time_cycles
0,449168
page_index,time_cycles
0,429660
page_index,time_cycles
0,423874
page_index,time_cycles
0,416166
page_index,time_cycles
0,434552
page_index,time_cycles
0,430904
page_index,time_cycles
0,433550
page_index,time_cycles
0,436384
page_index,time_cycles
0,415924
page_index,time_cycles
0,429530
page_index,time_cycles
0,415744
page_index,time_cycles
0,414634
page_index,time_cycles
0,427402
page_index,time_cycles
0,423236
page_index,time_cycles
0,423060
page_index,time_cycles
0,425548
page_index,time_cycles
0,416276
page_index,time_cycles
0,443924
page_index,time_cycles
0,428754
page_index,time_cycles
0,415892
page_index,time_cycles
0,428306
page_index,time_cycles
0,446120
page_index,time_cycles
0,484506
page_index,time_cycles
0,486672
page_index,time_cycles
0,423358
page_index,time_cycles
0,425474
page_index,time_cycles
0,439112
page_index,time_cycles
0,430822
page_index,time_cycles
0,417300
page_index,time_cycles
0,412668
page_index,time_cycles
0,449402
page_index,time_cycles
0,429920
page_index,time_cycles
0,481682
page_index,time_cycles
0,424358
page_index,time_cycles
0,423736
page_index,time_cycles
0,422756
page_index,time_cycles
0,410598
page_index,time_cycles
0,415776
page_index,time_cycles
0,425868
page_index,time_cycles
0,418760
page_index,time_cycles
0,457058
page_index,time_cycles
0,427816
page_index,time_cycles
0,419482
page_index,time_cycles
0,431754
page_index,time_cycles
0,415178
page_index,time_cycles
0,425222
page_index,time_cycles
0,506330
page_index,time_cycles
0,420664
page_index,time_cycles
0,434862
page_index,time_cycles
0,431844
page_index,time_cycles
0,426452
page_index,time_cycles
0,430032
page_index,time_cycles
0,420210
page_index,time_cycles
0,419066
page_index,time_cycles
0,428228
page_index,time_cycles
0,428896
page_index,time_cycles
0,418034
page_index,time_cycles
0,494832
page_index,time_cycles
0,436172
page_index,time_cycles
0,410714
page_index,time_cycles
0,416310
page_index,time_cycles
0,409676
page_index,time_cycles
0,435116
page_index,time_cycles
0,416114
page_index,time_cycles
0,417622
page_index,time_cycles
0,432936
page_index,time_cycles
0,419172
page_index,time_cycles
0,419440
page_index,time_cycles
0,414930
page_index,time_cycles
0,419874
page_index,time_cycles
0,423032
page_index,time_cycles
0,417694
page_index,time_cycles
0,420564
page_index,time_cycles
0,424328
page_index,time_cycles
0,427562
page_index,time_cycles
0,430588
page_index,time_cycles
0,422552
page_index,time_cycles
0,422396
page_index,time_cycles
0,419176
page_index,time_cycles
0,423226
page_index,time_cycles
0,417856
page_index,time_cycles
0,435206
page_index,time_cycles
0,420270
page_index,time_cycles
0,424214
page_index,time_cycles
0,428682
page_index,time_cycles
0,428296
page_index,time_cycles
0,433510
page_index,time_cycles
0,452970
page_index,time_cycles
0,422314
page_index,time_cycles
0,422720
page_index,time_cycles
0,438314
page_index,time_cycles
0,418832
page_index,time_cycles
0,427728
page_index,time_cycles
0,417136
page_index,time_cycles
0,415996
page_index,time_cycles
0,430276
page_index,time_cycles
0,450758
page_index,time_cycles
0,425096
page_index,time_cycles
0,416684
page_index,time_cycles
0,414950
page_index,time_cycles
0,429268
page_index,time_cycles
0,419282
page_index,time_cycles
0,425920
page_index,time_cycles
0,425628
page_index,time_cycles
0,443110
page_index,time_cycles
0,428354
page_index,time_cycles
0,425174
page_index,time_cycles
0,415044
page_index,time_cycles
0,429056
page_index,time_cycles
0,428926
page_index,time_cycles
0,434812
page_index,time_cycles
0,442326
page_index,time_cycles
0,418302
page_index,time_cycles
0,430654
page_index,time_cycles
0,417660
page_index,time_cycles
0,416240
page_index,time_cycles
0,418520
page_index,time_cycles
0,416348
page_index,time_cycles
0,420552
page_index,time_cycles
0,416142
page_index,time_cycles
0,415328
page_index,time_cycles
0,802066
page_index,time_cycles
0,560470
page_index,time_cycles
0,470034
page_index,time_cycles
0,435422
page_index,time_cycles
0,423292
page_index,time_cycles
0,431146
page_index,time_cycles
0,412934
page_index,time_cycles
0,434660
page_index,time_cycles
0,511494
page_index,time_cycles
0,429152
page_index,time_cycles
0,413852
page_index,time_cycles
0,415726
page_index,time_cycles
0,421220
page_index,time_cycles
0,424358
page_index,time_cycles
0,452396
page_index,time_cycles
0,434022
page_index,time_cycles
0,413252
page_index,time_cycles
0,445858
page_index,time_cycles
0,419464
page_index,time_cycles
0,416292
page_index,time_cycles
0,446686
page_index,time_cycles
0,427338
page_index,time_cycles
0,441812
page_index,time_cycles
0,418462
page_index,time_cycles
0,557826
page_index,time_cycles
0,435948
page_index,time_cycles
0,439856
page_index,time_cycles
0,504846
page_index,time_cycles
0,431184
page_index,time_cycles
0,438932
page_index,time_cycles
0,418316
page_index,time_cycles
0,425146
page_index,time_cycles
0,510084
page_index,time_cycles
0,423430
page_index,time_cycles
0,417302
page_index,time_cycles
0,427124
page_index,time_cycles
0,415278
page_index,time_cycles
0,465444
page_index,time_cycles
0,415732
page_index,time_cycles
0,422018
page_index,time_cycles
0,419334
page_index,time_cycles
0,415568
page_index,time_cycles
0,416780
page_index,time_cycles
0,429366
page_index,time_cycles
0,419160
page_index,time_cycles
0,434390
page_index,time_cycles
0,435418
page_index,time_cycles
0,464254
page_index,time_cycles
0,422086
page_index,time_cycles
0,423278
page_index,time_cycles
0,419594
page_index,time_cycles
0,461996
page_index,time_cycles
0,420058
page_index,time_cycles
0,421086
page_index,time_cycles
0,423700
page_index,time_cycles
0,473380
page_index,time_cycles
0,425518
page_index,time_cycles
0,419580
page_index,time_cycles
0,419076
page_index,time_cycles
0,429152
page_index,time_cycles
0,432514
page_index,time_cycles
0,413308
page_index,time_cycles
0,425970
page_index,time_cycles
0,418344
page_index,time_cycles
0,410896
page_index,time_cycles
0,435980
page_index,time_cycles
0,424270
page_index,time_cycles
0,414424
page_index,time_cycles
0,423854
page_index,time_cycles
0,414730
page_index,time_cycles
0,418004
page_index,time_cycles
0,419938
page_index,time_cycles
0,413988
page_index,time_cycles
0,427712
page_index,time_cycles
0,454248
page_index,time_cycles
0,428956
page_index,time_cycles
0,463180
page_index,time_cycles
0,446292
page_index,time_cycles
0,442454
page_index,time_cycles
0,416108
page_index,time_cycles
0,488928
page_index,time_cycles
0,424234
page_index,time_cycles
0,438416
page_index,time_cycles
0,414754
page_index,time_cycles
0,417364
page_index,time_cycles
0,419306
page_index,time_cycles
0,428972
page_index,time_cycles
0,421376
page_index,time_cycles
0,425078
page_index,time_cycles
0,414830
page_index,time_cycles
0,433304
page_index,time_cycles
0,431330
page_index,time_cycles
0,414842
page_index,time_cycles
0,450932
page_index,time_cycles
0,440382
page_index,time_cycles
0,441342
page_index,time_cycles
0,415282
page_index,time_cycles
0,436788
page_index,time_cycles
0,427358
page_index,time_cycles
0,436860
page_index,time_cycles
0,452504
page_index,time_cycles
0,417516
page_index,time_cycles
0,456294
page_index,time_cycles
0,432796
page_index,time_cycles
0,421132
page_index,time_cycles
0,416550
page_index,time_cycles
0,413906
page_index,time_cycles
0,424456
page_index,time_cycles
0,437038
page_index,time_cycles
0,479776
page_index,time_cycles
0,443032
page_index,time_cycles
0,421308
page_index,time_cycles
0,424896
page_index,time_cycles
0,416168
page_index,time_cycles
0,422946
page_index,time_cycles
0,416804
page_index,time_cycles
0,427086
page_index,time_cycles
0,427896
page_index,time_cycles
0,419004
page_index,time_cycles
0,421758
page_index,time_cycles
0,436828
page_index,time_cycles
0,420788
page_index,time_cycles
0,435972
page_index,time_cycles
0,426414
page_index,time_cycles
0,432492
page_index,time_cycles
0,423618
page_index,time_cycles
0,426806
page_index,time_cycles
0,419414
page_index,time_cycles
0,414658
page_index,time_cycles
0,462840
page_index,time_cycles
0,415310
page_index,time_cycles
0,416374
page_index,time_cycles
0,412482
page_index,time_cycles
0,417842
page_index,time_cycles
0,425382
page_index,time_cycles
0,424114
page_index,time_cycles
0,421706
page_index,time_cycles
0,418878
page_index,time_cycles
0,411592
page_index,time_cycles
0,473924
page_index,time_cycles
0,423036
page_index,time_cycles
0,459964
page_index,time_cycles
0,422746
page_index,time_cycles
0,464638
page_index,time_cycles
0,430714
page_index,time_cycles
0,437704
page_index,time_cycles
0,440092
page_index,time_cycles
0,424444
page_index,time_cycles
0,416156
page_index,time_cycles
0,424890
page_index,time_cycles
0,434334
page_index,time_cycles
0,416878
page_index,time_cycles
0,423974
page_index,time_cycles
0,419504
page_index,time_cycles
0,448140
page_index,time_cycles
0,429518
page_index,time_cycles
0,416740
page_index,time_cycles
0,417518
page_index,time_cycles
0,419956
page_index,time_cycles
0,411876
page_index,time_cycles
0,415004
page_index,time_cycles
0,447942
page_index,time_cycles
0,465488
page_index,time_cycles
0,433848
page_index,time_cycles
0,418938
page_index,time_cycles
0,412948
page_index,time_cycles
0,429560
page_index,time_cycles
0,531028
page_index,time_cycles
0,435120
page_index,time_cycles
0,413694
page_index,time_cycles
0,416720
page_index,time_cycles
0,417906
page_index,time_cycles
0,416234
page_index,time_cycles
0,412388
page_index,time_cycles
0,441052
page_index,time_cycles
0,426486
page_index,time_cycles
0,446630
page_index,time_cycles
0,420146
page_index,time_cycles
0,415470
page_index,time_cycles
0,433168
page_index,time_cycles
0,422804
page_index,time_cycles
0,435354
page_index,time_cycles
0,459540
page_index,time_cycles
0,1049244
page_index,time_cycles
0,417022
page_index,time_cycles
0,434976
page_index,time_cycles
0,416888
page_index,time_cycles
0,475748
page_index,time_cycles
0,415160
page_index,time_cycles
0,423672
page_index,time_cycles
0,423914
page_index,time_cycles
0,417876
page_index,time_cycles
0,443614
page_index,time_cycles
0,414542
page_index,time_cycles
0,444540
page_index,time_cycles
0,480608
page_index,time_cycles
0,423578
page_index,time_cycles
0,418190
page_index,time_cycles
0,433196
page_index,time_cycles
0,447438
page_index,time_cycles
0,434098
page_index,time_cycles
0,425872
page_index,time_cycles
0,434348
page_index,time_cycles
0,451262
page_index,time_cycles
0,429624
page_index,time_cycles
0,452010
page_index,time_cycles
0,412958
page_index,time_cycles
0,425578
page_index,time_cycles
0,420590
page_index,time_cycles
0,422150
page_index,time_cycles
0,419616
page_index,time_cycles
0,441738
page_index,time_cycles
0,447526
page_index,time_cycles
0,415364
page_index,time_cycles
0,420170
page_index,time_cycles
0,414028
page_index,time_cycles
0,429650
page_index,time_cycles
0,431410
page_index,time_cycles
0,414622
page_index,time_cycles
0,425516
page_index,time_cycles
0,425590
page_index,time_cycles
0,420262
page_index,time_cycles
0,428664
page_index,time_cycles
0,431274
page_index,time_cycles
0,419086
page_index,time_cycles
0,420582
page_index,time_cycles
0,410620
page_index,time_cycles
0,415028
page_index,time_cycles
0,413740
page_index,time_cycles
0,433272
page_index,time_cycles
0,528700
page_index,time_cycles
0,419144
page_index,time_cycles
0,487312
page_index,time_cycles
0,419838
page_index,time_cycles
0,416804
page_index,time_cycles
0,419920
page_index,time_cycles
0,462754
page_index,time_cycles
0,425892
page_index,time_cycles
0,423192
page_index,time_cycles
0,427652
page_index,time_cycles
0,432022
page_index,time_cycles
0,424356
page_index,time_cycles
0,425566
page_index,time_cycles
0,418366
page_index,time_cycles
0,474462
page_index,time_cycles
0,459354
page_index,time_cycles
0,414770
page_index,time_cycles
0,495092
page_index,time_cycles
0,419222
page_index,time_cycles
0,483344
page_index,time_cycles
0,485138
page_index,time_cycles
0,418666
page_index,time_cycles
0,424106
page_index,time_cycles
0,419216
page_index,time_cycles
0,421326
page_index,time_cycles
0,430036
page_index,time_cycles
0,420840
page_index,time_cycles
0,417438
page_index,time_cycles
0,417280
page_index,time_cycles
0,419604
page_index,time_cycles
0,420254
page_index,time_cycles
0,466772
page_index,time_cycles
0,410000
page_index,time_cycles
0,427722
page_index,time_cycles
0,421748
page_index,time_cycles
0,418390
page_index,time_cycles
0,457874
page_index,time_cycles
0,539108
page_index,time_cycles
0,450766
page_index,time_cycles
0,422090
page_index,time_cycles
0,416160
page_index,time_cycles
0,413578
page_index,time_cycles
0,434634
page_index,time_cycles
0,423994
page_index,time_cycles
0,497698
page_index,time_cycles
0,416932
page_index,time_cycles
0,428664
page_index,time_cycles
0,453054
page_index,time_cycles
0,418336
page_index,time_cycles
0,431558
page_index,time_cycles
0,433360
page_index,time_cycles
0,426040
page_index,time_cycles
0,431806
page_index,time_cycles
0,416156
page_index,time_cycles
0,427362
page_index,time_cycles
0,424798
page_index,time_cycles
0,440314
page_index,time_cycles
0,413580
page_index,time_cycles
0,418062
page_index,time_cycles
0,426536
page_index,time_cycles
0,424198
page_index,time_cycles
0,483308
page_index,time_cycles
0,421546
page_index,time_cycles
0,423856
page_index,time_cycles
0,424498
page_index,time_cycles
0,420334
page_index,time_cycles
0,420122
page_index,time_cycles
0,433088
page_index,time_cycles
0,423762
page_index,time_cycles
0,411266
page_index,time_cycles
0,413726
page_index,time_cycles
0,420242
page_index,time_cycles
0,419384
page_index,time_cycles
0,432500
page_index,time_cycles
0,431658
page_index,time_cycles
0,419034
page_index,time_cycles
0,415180
page_index,time_cycles
0,426478
page_index,time_cycles
0,428756
page_index,time_cycles
0,470566
page_index,time_cycles
0,425636
page_index,time_cycles
0,422792
page_index,time_cycles
0,470394
page_index,time_cycles
0,434256
page_index,time_cycles
0,434824
page_index,time_cycles
0,445564
page_index,time_cycles
0,426334
page_index,time_cycles
0,429720
page_index,time_cycles
0,433048
page_index,time_cycles
0,424316
page_index,time_cycles
0,431474
page_index,time_cycles
0,444818
page_index,time_cycles
0,425840
page_index,time_cycles
0,432246
page_index,time_cycles
0,438736
page_index,time_cycles
0,448750
page_index,time_cycles
0,435236
page_index,time_cycles
0,432266
page_index,time_cycles
0,411710
page_index,time_cycles
0,450722
page_index,time_cycles
0,503170
page_index,time_cycles
0,410894
page_index,time_cycles
0,428728
page_index,time_cycles
0,419688
page_index,time_cycles
0,425084
page_index,time_cycles
0,432786
page_index,time_cycles
0,455316
page_index,time_cycles
0,441032
page_index,time_cycles
0,418554
page_index,time_cycles
0,430016
page_index,time_cycles
0,415486
page_index,time_cycles
0,414528
page_index,time_cycles
0,426018
page_index,time_cycles
0,416508
page_index,time_cycles
0,412980
page_index,time_cycles
0,490512
page_index,time_cycles
0,420898
page_index,time_cycles
0,420340
page_index,time_cycles
0,432260
page_index,time_cycles
0,423444
page_index,time_cycles
0,414336
page_index,time_cycles
0,425932
page_index,time_cycles
0,469106
page_index,time_cycles
0,486900
page_index,time_cycles
0,454154
page_index,time_cycles
0,433864
page_index,time_cycles
0,416680
page_index,time_cycles
0,418400
page_index,time_cycles
0,424294
page_index,time_cycles
0,419352
page_index,time_cycles
0,448266
page_index,time_cycles
0,500580
page_index,time_cycles
0,421078
page_index,time_cycles
0,415042
page_index,time_cycles
0,443250
page_index,time_cycles
0,437434
page_index,time_cycles
0,416542
page_index,time_cycles
0,414306
page_index,time_cycles
0,415382
page_index,time_cycles
0,424366
page_index,time_cycles
0,415128
page_index,time_cycles
0,422600
page_index,time_cycles
0,431826
page_index,time_cycles
0,431960
page_index,time_cycles
0,437762
page_index,time_cycles
0,413464
page_index,time_cycles
0,415374
page_index,time_cycles
0,465774
page_index,time_cycles
0,428898
page_index,time_cycles
0,425542
page_index,time_cycles
0,422540
page_index,time_cycles
0,413770
page_index,time_cycles
0,446428
page_index,time_cycles
0,477682
page_index,time_cycles
0,479618
page_index,time_cycles
0,418192
page_index,time_cycles
0,420092
page_index,time_cycles
0,426010
page_index,time_cycles
0,426840
page_index,time_cycles
0,422608
page_index,time_cycles
0,420752
page_index,time_cycles
0,423088
page_index,time_cycles
0,436254
page_index,time_cycles
0,427018
page_index,time_cycles
0,422844
page_index,time_cycles
0,424348
page_index,time_cycles
0,424018
page_index,time_cycles
0,458548
page_index,time_cycles
0,417454
page_index,time_cycles
0,433024
page_index,time_cycles
0,423230
page_index,time_cycles
0,437980
page_index,time_cycles
0,416316
page_index,time_cycles
0,421130
page_index,time_cycles
0,421776
page_index,time_cycles
0,413834
page_index,time_cycles
0,416660
page_index,time_cycles
0,423428
page_index,time_cycles
0,415276
page_index,time_cycles
0,430642
page_index,time_cycles
0,463906
page_index,time_cycles
0,430722
page_index,time_cycles
0,439954
page_index,time_cycles
0,426864
page_index,time_cycles
0,426568
page_index,time_cycles
0,418640
page_index,time_cycles
0,437362
page_index,time_cycles
0,486256
page_index,time_cycles
0,424476
page_index,time_cycles
0,427064
page_index,time_cycles
0,421970
page_index,time_cycles
0,496304
page_index,time_cycles
0,437014
page_index,time_cycles
0,419486
page_index,time_cycles
0,445594
page_index,time_cycles
0,420346
page_index,time_cycles
0,432640
page_index,time_cycles
0,439684
page_index,time_cycles
0,446392
page_index,time_cycles
0,424784
page_index,time_cycles
0,425818
page_index,time_cycles
0,415120
page_index,time_cycles
0,414442
page_index,time_cycles
0,418964
page_index,time_cycles
0,421044
page_index,time_cycles
0,418160
page_index,time_cycles
0,431318
page_index,time_cycles
0,422182
page_index,time_cycles
0,434454
page_index,time_cycles
0,450380
page_index,time_cycles
0,492504
page_index,time_cycles
0,412062
page_index,time_cycles
0,417014
page_index,time_cycles
0,415758
page_index,time_cycles
0,422766
page_index,time_cycles
0,445990
page_index,time_cycles
0,428924
page_index,time_cycles
0,420222
page_index,time_cycles
0,429250
page_index,time_cycles
0,430736
page_index,time_cycles
0,437392
page_index,time_cycles
0,447148
page_index,time_cycles
0,424794
page_index,time_cycles
0,438448
page_index,time_cycles
0,470690
page_index,time_cycles
0,462016
page_index,time_cycles
0,413294
page_index,time_cycles
0,426770
page_index,time_cycles
0,424406
page_index,time_cycles
0,429376
page_index,time_cycles
0,421778
page_index,time_cycles
0,414100
page_index,time_cycles
0,411520
page_index,time_cycles
0,461588
page_index,time_cycles
0,426794
page_index,time_cycles
0,417972
page_index,time_cycles
0,476492
page_index,time_cycles
0,428534
page_index,time_cycles
0,421486
page_index,time_cycles
0,470766
page_index,time_cycles
0,418678
page_index,time_cycles
0,425456
page_index,time_cycles
0,415384
page_index,time_cycles
0,411938
page_index,time_cycles
0,431644
page_index,time_cycles
0,426586
page_index,time_cycles
0,427998
page_index,time_cycles
0,420798
page_index,time_cycles
0,418140
page_index,time_cycles
0,454896
page_index,time_cycles
0,480382
page_index,time_cycles
0,415400
page_index,time_cycles
0,419280
page_index,time_cycles
0,416654
page_index,time_cycles
0,414620
page_index,time_cycles
0,420730
page_index,time_cycles
0,424196
page_index,time_cycles
0,414840
page_index,time_cycles
0,417306
page_index,time_cycles
0,442066
page_index,time_cycles
0,416226
page_index,time_cycles
0,431476
page_index,time_cycles
0,420332
page_index,time_cycles
0,417944
page_index,time_cycles
0,468740
page_index,time_cycles
0,416804
page_index,time_cycles
0,422092
page_index,time_cycles
0,420364
page_index,time_cycles
0,416540
page_index,time_cycles
0,430918
page_index,time_cycles
0,436922
page_index,time_cycles
0,422708
page_index,time_cycles
0,425376
page_index,time_cycles
0,418984
page_index,time_cycles
0,417786
page_index,time_cycles
0,415154
page_index,time_cycles
0,412088
page_index,time_cycles
0,416662
page_index,time_cycles
0,477848
page_index,time_cycles
0,424294
page_index,time_cycles
0,414438
page_index,time_cycles
0,473134
page_index,time_cycles
0,417826
page_index,time_cycles
0,457334
page_index,time_cycles
0,422770
page_index,time_cycles
0,417742
page_index,time_cycles
0,424706
page_index,time_cycles
0,424030
page_index,time_cycles
0,414706
page_index,time_cycles
0,415006
page_index,time_cycles
0,434138
page_index,time_cycles
0,415752
page_index,time_cycles
0,416316
page_index,time_cycles
0,422558
page_index,time_cycles
0,413238
page_index,time_cycles
0,424158
page_index,time_cycles
0,415924
page_index,time_cycles
0,414926
page_index,time_cycles
0,415474
page_index,time_cycles
0,414884
page_index,time_cycles
0,425064
page_index,time_cycles
0,416316
page_index,time_cycles
0,457820
page_index,time_cycles
0,416354
page_index,time_cycles
0,427288
page_index,time_cycles
0,424040
page_index,time_cycles
0,434410
page_index,time_cycles
0,441342
page_index,time_cycles
0,439714
page_index,time_cycles
0,413266
page_index,time_cycles
0,420450
page_index,time_cycles
0,436846
page_index,time_cycles
0,423052
page_index,time_cycles
0,434374
page_index,time_cycles
0,427440
page_index,time_cycles
0,420382
page_index,time_cycles
0,443198
page_index,time_cycles
0,495948
page_index,time_cycles
0,466926
page_index,time_cycles
0,412760
page_index,time_cycles
0,417078
page_index,time_cycles
0,419832
page_index,time_cycles
0,428320
page_index,time_cycles
0,421456
page_index,time_cycles
0,412710
page_index,time_cycles
0,419244
page_index,time_cycles
0,452042
page_index,time_cycles
0,415516
page_index,time_cycles
0,431686
page_index,time_cycles
0,440458
page_index,time_cycles
0,417630
page_index,time_cycles
0,413390
page_index,time_cycles
0,433536
page_index,time_cycles
0,442148
page_index,time_cycles
0,414344
page_index,time_cycles
0,416794
page_index,time_cycles
0,422750
page_index,time_cycles
0,427534
page_index,time_cycles
0,417830
page_index,time_cycles
0,416954
page_index,time_cycles
0,422700
page_index,time_cycles
0,428038
page_index,time_cycles
0,511668
page_index,time_cycles
0,439160
page_index,time_cycles
0,413404
page_index,time_cycles
0,414160
page_index,time_cycles
0,417662
page_index,time_cycles
0,429008
page_index,time_cycles
0,428620
page_index,time_cycles
0,428024
page_index,time_cycles
0,417746
page_index,time_cycles
0,413244
page_index,time_cycles
0,432612
page_index,time_cycles
0,417422
page_index,time_cycles
0,439510
page_index,time_cycles
0,414274
page_index,time_cycles
0,425032
page_index,time_cycles
0,418168
page_index,time_cycles
0,414540
page_index,time_cycles
0,417178
page_index,time_cycles
0,422366
page_index,time_cycles
0,440924
page_index,time_cycles
0,415340
page_index,time_cycles
0,433352
page_index,time_cycles
0,416848
page_index,time_cycles
0,424608
page_index,time_cycles
0,419916
page_index,time_cycles
0,427412
page_index,time_cycles
0,426536
page_index,time_cycles
0,466844
page_index,time_cycles
0,416510
page_index,time_cycles
0,415036
page_index,time_cycles
0,424764
page_index,time_cycles
0,417348
page_index,time_cycles
0,421068
page_index,time_cycles
0,436200
page_index,time_cycles
0,434632
page_index,time_cycles
0,424016
page_index,time_cycles
0,426510
page_index,time_cycles
0,433746
page_index,time_cycles
0,417634
page_index,time_cycles
0,413854
page_index,time_cycles
0,426630
page_index,time_cycles
0,444818
page_index,time_cycles
0,444964
page_index,time_cycles
0,444294
page_index,time_cycles
0,413936
page_index,time_cycles
0,414026
page_index,time_cycles
0,414214
page_index,time_cycles
0,422724
page_index,time_cycles
0,415936
page_index,time_cycles
0,417258
page_index,time_cycles
0,417754
page_index,time_cycles
0,418644
page_index,time_cycles
0,446246
page_index,time_cycles
0,432718
page_index,time_cycles
0,421814
page_index,time_cycles
0,439152
page_index,time_cycles
0,464374
page_index,time_cycles
0,436620
page_index,time_cycles
0,427704
page_index,time_cycles
0,441304
page_index,time_cycles
0,430296
page_index,time_cycles
0,442740
page_index,time_cycles
0,455998
page_index,time_cycles
0,420310
page_index,time_cycles
0,425900
page_index,time_cycles
0,428144
page_index,time_cycles
0,431310
page_index,time_cycles
0,415052
page_index,time_cycles
0,413750
page_index,time_cycles
0,436740
page_index,time_cycles
0,438834
page_index,time_cycles
0,417784
page_index,time_cycles
0,427910
page_index,time_cycles
0,426764
page_index,time_cycles
0,430436
page_index,time_cycles
0,481288
page_index,time_cycles
0,418566
page_index,time_cycles
0,447438
page_index,time_cycles
0,424924
page_index,time_cycles
0,431366
page_index,time_cycles
0,468580
page_index,time_cycles
0,427504
page_index,time_cycles
0,416668
page_index,time_cycles
0,415564
page_index,time_cycles
0,423562
page_index,time_cycles
0,416344
page_index,time_cycles
0,425596
page_index,time_cycles
0,425804
page_index,time_cycles
0,448922
page_index,time_cycles
0,419618
page_index,time_cycles
0,419776
page_index,time_cycles
0,416420
page_index,time_cycles
0,413280
page_index,time_cycles
0,415402
page_index,time_cycles
0,419882
page_index,time_cycles
0,446326
page_index,time_cycles
0,416860
page_index,time_cycles
0,447398
page_index,time_cycles
0,413878
page_index,time_cycles
0,422936
page_index,time_cycles
0,431212
page_index,time_cycles
0,426606
page_index,time_cycles
0,439330
page_index,time_cycles
0,416814
page_index,time_cycles
0,419348
page_index,time_cycles
0,418022
page_index,time_cycles
0,438348
page_index,time_cycles
0,427962
page_index,time_cycles
0,421450
page_index,time_cycles
0,425204
page_index,time_cycles
0,418274
page_index,time_cycles
0,410550
page_index,time_cycles
0,412382
page_index,time_cycles
0,412536
page_index,time_cycles
0,474942
page_index,time_cycles
0,421312
page_index,time_cycles
0,428174
page_index,time_cycles
0,442342
page_index,time_cycles
0,415464
page_index,time_cycles
0,461762
page_index,time_cycles
0,485026
page_index,time_cycles
0,417224
page_index,time_cycles
0,425260
page_index,time_cycles
0,423236
page_index,time_cycles
0,421720
page_index,time_cycles
0,454594
page_index,time_cycles
0,420234
page_index,time_cycles
0,419822
page_index,time_cycles
0,413810
page_index,time_cycles
0,431264
page_index,time_cycles
0,412466
page_index,time_cycles
0,449242
page_index,time_cycles
0,424018
page_index,time_cycles
0,436564
page_index,time_cycles
0,416198
page_index,time_cycles
0,410488
page_index,time_cycles
0,416026
page_index,time_cycles
0,417634
page_index,time_cycles
0,418800
page_index,time_cycles
0,418352
page_index,time_cycles
0,507802
page_index,time_cycles
0,454468
page_index,time_cycles
0,424112
page_index,time_cycles
0,425382
page_index,time_cycles
0,422196
page_index,time_cycles
0,414574
page_index,time_cycles
0,433196
page_index,time_cycles
0,420444
page_index,time_cycles
0,420534
page_index,time_cycles
0,418688
page_index,time_cycles
0,453046
page_index,time_cycles
0,430256
page_index,time_cycles
0,505212
page_index,time_cycles
0,426662
page_index,time_cycles
0,424016
page_index,time_cycles
0,411378
page_index,time_cycles
0,413394
page_index,time_cycles
0,419882
page_index,time_cycles
0,417618
page_index,time_cycles
0,416082
page_index,time_cycles
0,423922
page_index,time_cycles
0,416394
page_index,time_cycles
0,416156
page_index,time_cycles
0,445796
page_index,time_cycles
0,454210
page_index,time_cycles
0,412662
page_index,time_cycles
0,409522
page_index,time_cycles
0,482442
page_index,time_cycles
0,436808
page_index,time_cycles
0,426016
page_index,time_cycles
0,456094
page_index,time_cycles
0,414920
page_index,time_cycles
0,436310
page_index,time_cycles
0,498484
page_index,time_cycles
0,429396
page_index,time_cycles
0,455768
page_index,time_cycles
0,414116
page_index,time_cycles
0,454924
page_index,time_cycles
0,415454
page_index,time_cycles
0,425798
page_index,time_cycles
0,423914
page_index,time_cycles
0,432442
page_index,time_cycles
0,426784
page_index,time_cycles
0,430552
page_index,time_cycles
0,499932
page_index,time_cycles
0,415514
page_index,time_cycles
0,431912
page_index,time_cycles
0,443412
page_index,time_cycles
0,430776
page_index,time_cycles
0,444666
page_index,time_cycles
0,427640
page_index,time_cycles
0,422940
page_index,time_cycles
0,424892
page_index,time_cycles
0,495662
page_index,time_cycles
0,419604
page_index,time_cycles
0,419952
page_index,time_cycles
0,453616
page_index,time_cycles
0,441104
page_index,time_cycles
0,433126
page_index,time_cycles
0,425312
page_index,time_cycles
0,430152
page_index,time_cycles
0,467892
page_index,time_cycles
0,415766
page_index,time_cycles
0,478768
page_index,time_cycles
0,419180
page_index,time_cycles
0,505852
page_index,time_cycles
0,415050
page_index,time_cycles
0,488604
page_index,time_cycles
0,415302
page_index,time_cycles
0,416102
page_index,time_cycles
0,408950
page_index,time_cycles
0,440690
page_index,time_cycles
0,417572
page_index,time_cycles
0,423860
page_index,time_cycles
0,411626
page_index,time_cycles
0,413412
page_index,time_cycles
0,426642
page_index,time_cycles
0,426722
page_index,time_cycles
0,416480
page_index,time_cycles
0,418886
page_index,time_cycles
0,427408
page_index,time_cycles
0,463224
page_index,time_cycles
0,421884
page_index,time_cycles
0,422378
page_index,time_cycles
0,421460
page_index,time_cycles
0,414530
page_index,time_cycles
0,441632
page_index,time_cycles
0,421374
page_index,time_cycles
0,418936
page_index,time_cycles
0,418196
page_index,time_cycles
0,430280
page_index,time_cycles
0,516008
page_index,time_cycles
0,486174
page_index,time_cycles
0,421848
page_index,time_cycles
0,417846
page_index,time_cycles
0,424000
page_index,time_cycles
0,412652
page_index,time_cycles
0,451078
page_index,time_cycles
0,447392
page_index,time_cycles
0,417774
page_index,time_cycles
0,429974
page_index,time_cycles
0,415346
page_index,time_cycles
0,426588
page_index,time_cycles
0,415598
page_index,time_cycles
0,434884
page_index,time_cycles
0,431024
page_index,time_cycles
0,414324
page_index,time_cycles
0,439344
page_index,time_cycles
0,428464
page_index,time_cycles
0,422634
page_index,time_cycles
0,455366
page_index,time_cycles
0,504712
page_index,time_cycles
0,434468
page_index,time_cycles
0,422226
page_index,time_cycles
0,488402
page_index,time_cycles
0,437244
page_index,time_cycles
0,441824
page_index,time_cycles
0,461430
page_index,time_cycles
0,413938
page_index,time_cycles
0,416392
page_index,time_cycles
0,413396
page_index,time_cycles
0,435176
page_index,time_cycles
0,459058
page_index,time_cycles
0,433188
page_index,time_cycles
0,416578
page_index,time_cycles
0,419560
page_index,time_cycles
0,427228
page_index,time_cycles
0,413228
page_index,time_cycles
0,477104
page_index,time_cycles
0,426134
page_index,time_cycles
0,418132
page_index,time_cycles
0,505326
page_index,time_cycles
0,431030
page_index,time_cycles
0,401824
page_index,time_cycles
0,418766
page_index,time_cycles
0,521720
page_index,time_cycles
0,428882
page_index,time_cycles
0,465916
page_index,time_cycles
0,463308
page_index,time_cycles
0,429696
page_index,time_cycles
0,421132
page_index,time_cycles
0,414614
page_index,time_cycles
0,1124060
page_index,time_cycles
0,415836
page_index,time_cycles
0,436444
page_index,time_cycles
0,418960
page_index,time_cycles
0,450608
page_index,time_cycles
0,414938
page_index,time_cycles
0,419810
page_index,time_cycles
0,430282
page_index,time_cycles
0,447358
page_index,time_cycles
0,415480
page_index,time_cycles
0,424680
page_index,time_cycles
0,414796
page_index,time_cycles
0,420930
page_index,time_cycles
0,417498
page_index,time_cycles
0,422664
page_index,time_cycles
0,447706
page_index,time_cycles
0,425074
page_index,time_cycles
0,417862
page_index,time_cycles
0,444740
page_index,time_cycles
0,418788
page_index,time_cycles
0,422046
page_index,time_cycles
0,418676
page_index,time_cycles
0,414478
page_index,time_cycles
0,424746
page_index,time_cycles
0,416034
page_index,time_cycles
0,427596
page_index,time_cycles
0,426330
page_index,time_cycles
0,440740
page_index,time_cycles
0,418880
page_index,time_cycles
0,412806
page_index,time_cycles
0,421246
page_index,time_cycles
0,473674
page_index,time_cycles
0,461940
page_index,time_cycles
0,419050
page_index,time_cycles
0,434916
page_index,time_cycles
0,414724
page_index,time_cycles
0,415750
page_index,time_cycles
0,419426
page_index,time_cycles
0,416422
page_index,time_cycles
0,415466
page_index,time_cycles
0,423932
page_index,time_cycles
0,415174
page_index,time_cycles
0,423826
page_index,time_cycles
0,413876
page_index,time_cycles
0,417502
page_index,time_cycles
0,412382
page_index,time_cycles
0,414108
page_index,time_cycles
0,433020
page_index,time_cycles
0,420360
page_index,time_cycles
0,424122
page_index,time_cycles
0,417142
page_index,time_cycles
0,464282
page_index,time_cycles
0,415174
page_index,time_cycles
0,419864
page_index,time_cycles
0,827112
page_index,time_cycles
0,438290
page_index,time_cycles
0,416678
page_index,time_cycles
0,454902
page_index,time_cycles
0,434692
page_index,time_cycles
0,416424
page_index,time_cycles
0,418176
page_index,time_cycles
0,418532
page_index,time_cycles
0,415656
page_index,time_cycles
0,420432
page_index,time_cycles
0,413844
page_index,time_cycles
0,428750
page_index,time_cycles
0,417504
page_index,time_cycles
0,413490
page_index,time_cycles
0,484412
page_index,time_cycles
0,454522
page_index,time_cycles
0,415100
page_index,time_cycles
0,460014
page_index,time_cycles
0,434398
page_index,time_cycles
0,430672
page_index,time_cycles
0,414784
page_index,time_cycles
0,428830
page_index,time_cycles
0,444158
page_index,time_cycles
0,422136
page_index,time_cycles
0,417208
page_index,time_cycles
0,429882
page_index,time_cycles
0,423074
page_index,time_cycles
0,486256
page_index,time_cycles
0,416948
page_index,time_cycles
0,455922
page_index,time_cycles
0,422104
page_index,time_cycles
0,418402
page_index,time_cycles
0,415576
page_index,time_cycles
0,414386
page_index,time_cycles
0,446722
page_index,time_cycles
0,422364
page_index,time_cycles
0,433170
page_index,time_cycles
0,426038
page_index,time_cycles
0,431172
page_index,time_cycles
0,424162
page_index,time_cycles
0,414716
page_index,time_cycles
0,422524
page_index,time_cycles
0,416168
page_index,time_cycles
0,423694
page_index,time_cycles
0,424380
page_index,time_cycles
0,449642
page_index,time_cycles
0,441010
page_index,time_cycles
0,506348
page_index,time_cycles
0,416106
page_index,time_cycles
0,411438
page_index,time_cycles
0,422158
page_index,time_cycles
0,425508
page_index,time_cycles
0,419726
page_index,time_cycles
0,428864
page_index,time_cycles
0,422678
page_index,time_cycles
0,424888
page_index,time_cycles
0,421584
page_index,time_cycles
0,427256
page_index,time_cycles
0,419638
page_index,time_cycles
0,426630
page_index,time_cycles
0,425462
page_index,time_cycles
0,427580
page_index,time_cycles
0,461192
page_index,time_cycles
0,412534
page_index,time_cycles
0,416120
page_index,time_cycles
0,427964
page_index,time_cycles
0,415270
page_index,time_cycles
0,430126
page_index,time_cycles
0,438596
page_index,time_cycles
0,415738
page_index,time_cycles
0,429464
page_index,time_cycles
0,437946
page_index,time_cycles
0,416016
page_index,time_cycles
0,413104
page_index,time_cycles
0,416064
page_index,time_cycles
0,414600
page_index,time_cycles
0,449302
page_index,time_cycles
0,422388
page_index,time_cycles
0,420130
page_index,time_cycles
0,452256
page_index,time_cycles
0,438134
page_index,time_cycles
0,429822
page_index,time_cycles
0,421930
page_index,time_cycles
0,427146
page_index,time_cycles
0,420092
page_index,time_cycles
0,414150
page_index,time_cycles
0,412116
page_index,time_cycles
0,426748
page_index,time_cycles
0,420794
page_index,time_cycles
0,448534
page_index,time_cycles
0,432816
page_index,time_cycles
0,407976
page_index,time_cycles
0,422582
page_index,time_cycles
0,417996
page_index,time_cycles
0,410816
page_index,time_cycles
0,456512
page_index,time_cycles
0,423194
page_index,time_cycles
0,422516
page_index,time_cycles
0,415730
page_index,time_cycles
0,414986
page_index,time_cycles
0,420934
page_index,time_cycles
0,478606
page_index,time_cycles
0,413884
page_index,time_cycles
0,428100
page_index,time_cycles
0,443994
page_index,time_cycles
0,426826
page_index,time_cycles
0,423812
page_index,time_cycles
0,413456
page_index,time_cycles
0,436848
page_index,time_cycles
0,414202
page_index,time_cycles
0,442060
page_index,time_cycles
0,415530
page_index,time_cycles
0,412030
page_index,time_cycles
0,411486
page_index,time_cycles
0,424602
page_index,time_cycles
0,424810
page_index,time_cycles
0,419522
page_index,time_cycles
0,418380
page_index,time_cycles
0,416388
page_index,time_cycles
0,426776
page_index,time_cycles
0,533976
page_index,time_cycles
0,416938
page_index,time_cycles
0,464526
page_index,time_cycles
0,428360
page_index,time_cycles
0,421450
page_index,time_cycles
0,431466
page_index,time_cycles
0,416288
page_index,time_cycles
0,420214
page_index,time_cycles
0,429710
page_index,time_cycles
0,433502
page_index,time_cycles
0,434906
page_index,time_cycles
0,419836
page_index,time_cycles
0,429366
page_index,time_cycles
0,415978
page_index,time_cycles
0,504476
page_index,time_cycles
0,422428
page_index,time_cycles
0,435328
page_index,time_cycles
0,429824
page_index,time_cycles
0,418652
page_index,time_cycles
0,450036
page_index,time_cycles
0,418458
page_index,time_cycles
0,419796
page_index,time_cycles
0,437956
page_index,time_cycles
0,417252
page_index,time_cycles
0,417422
page_index,time_cycles
0,428048
page_index,time_cycles
0,420894
page_index,time_cycles
0,457152
page_index,time_cycles
0,417036
page_index,time_cycles
0,431714
page_index,time_cycles
0,458090
page_index,time_cycles
0,438100
page_index,time_cycles
0,684376
page_index,time_cycles
0,416764
page_index,time_cycles
0,417126
page_index,time_cycles
0,414098
page_index,time_cycles
0,413636
page_index,time_cycles
0,417604
page_index,time_cycles
0,424220
page_index,time_cycles
0,490196
page_index,time_cycles
0,420178
page_index,time_cycles
0,447656
page_index,time_cycles
0,415164
page_index,time_cycles
0,414584
page_index,time_cycles
0,429580
page_index,time_cycles
0,412178
page_index,time_cycles
0,417290
page_index,time_cycles
0,422262
page_index,time_cycles
0,416894
page_index,time_cycles
0,430116
page_index,time_cycles
0,424072
page_index,time_cycles
0,414024
page_index,time_cycles
0,449194
page_index,time_cycles
0,414368
page_index,time_cycles
0,416578
page_index,time_cycles
0,423252
page_index,time_cycles
0,434842
page_index,time_cycles
0,417866
page_index,time_cycles
0,451946
page_index,time_cycles
0,475258
page_index,time_cycles
0,431458
page_index,time_cycles
0,427584
page_index,time_cycles
0,437710
page_index,time_cycles
0,436796
page_index,time_cycles
0,438226
page_index,time_cycles
0,419332
page_index,time_cycles
0,413426
page_index,time_cycles
0,527564
page_index,time_cycles
0,437754
page_index,time_cycles
0,431090
page_index,time_cycles
0,436424
page_index,time_cycles
0,490440
page_index,time_cycles
0,426846
page_index,time_cycles
0,429952
page_index,time_cycles
0,432432
page_index,time_cycles
0,422510
page_index,time_cycles
0,426848
page_index,time_cycles
0,424556
page_index,time_cycles
0,428706
page_index,time_cycles
0,417620
page_index,time_cycles
0,447950
page_index,time_cycles
0,425206
page_index,time_cycles
0,422786
page_index,time_cycles
0,416736
page_index,time_cycles
0,419130
page_index,time_cycles
0,453026
page_index,time_cycles
0,421064
page_index,time_cycles
0,421310
page_index,time_cycles
0,412116
page_index,time_cycles
0,441766
page_index,time_cycles
0,429846
page_index,time_cycles
0,421312
page_index,time_cycles
0,415408
page_index,time_cycles
0,420740
page_index,time_cycles
0,420674
page_index,time_cycles
0,426002
page_index,time_cycles
0,432002
page_index,time_cycles
0,418780
page_index,time_cycles
0,427478
page_index,time_cycles
0,414788
page_index,time_cycles
0,414828
page_index,time_cycles
0,434272
page_index,time_cycles
0,415694
page_index,time_cycles
0,419598
page_index,time_cycles
0,422412
page_index,time_cycles
0,425104
page_index,time_cycles
0,424812
page_index,time_cycles
0,430472
page_index,time_cycles
0,426108
page_index,time_cycles
0,426422
page_index,time_cycles
0,419624
page_index,time_cycles
0,432078
page_index,time_cycles
0,425364
page_index,time_cycles
0,430872
page_index,time_cycles
0,429536
page_index,time_cycles
0,416954
page_index,time_cycles
0,417248
page_index,time_cycles
0,423638
page_index,time_cycles
0,414864
page_index,time_cycles
0,428344
page_index,time_cycles
0,423292
page_index,time_cycles
0,432092
page_index,time_cycles
0,411982
page_index,time_cycles
0,417728
page_index,time_cycles
0,416704
page_index,time_cycles
0,466768
page_index,time_cycles
0,415366
page_index,time_cycles
0,440444
page_index,time_cycles
0,415820
page_index,time_cycles
0,463656
page_index,time_cycles
0,438652
page_index,time_cycles
0,418426
page_index,time_cycles
0,434220
page_index,time_cycles
0,416964
page_index,time_cycles
0,436612
page_index,time_cycles
0,418760
page_index,time_cycles
0,414390
page_index,time_cycles
0,457596
page_index,time_cycles
0,418198
page_index,time_cycles
0,432544
page_index,time_cycles
0,438404
page_index,time_cycles
0,413842
page_index,time_cycles
0,411714
page_index,time_cycles
0,429452
page_index,time_cycles
0,419062
page_index,time_cycles
0,430354
page_index,time_cycles
0,414528
page_index,time_cycles
0,486228
page_index,time_cycles
0,413438
page_index,time_cycles
0,440998
page_index,time_cycles
0,422902
page_index,time_cycles
0,413002
page_index,time_cycles
0,417902
page_index,time_cycles
0,433740
page_index,time_cycles
0,424986
page_index,time_cycles
0,412008
page_index,time_cycles
0,426172
page_index,time_cycles
0,425908
page_index,time_cycles
0,470000
page_index,time_cycles
0,416548
page_index,time_cycles
0,415232
page_index,time_cycles
0,413816
page_index,time_cycles
0,427482
page_index,time_cycles
0,411010
page_index,time_cycles
0,417818
page_index,time_cycles
0,441416
page_index,time_cycles
0,549570
page_index,time_cycles
0,416774
page_index,time_cycles
0,445642
page_index,time_cycles
0,431318
page_index,time_cycles
0,483130
page_index,time_cycles
0,427790
page_index,time_cycles
0,421448
page_index,time_cycles
0,424002
page_index,time_cycles
0,498978
page_index,time_cycles
0,415930
page_index,time_cycles
0,415422
page_index,time_cycles
0,418290
page_index,time_cycles
0,413764
page_index,time_cycles
0,426594
page_index,time_cycles
0,411560
page_index,time_cycles
0,415778
page_index,time_cycles
0,449122
page_index,time_cycles
0,417646
page_index,time_cycles
0,426938
page_index,time_cycles
0,430834
page_index,time_cycles
0,434828
page_index,time_cycles
0,426610
page_index,time_cycles
0,483582
page_index,time_cycles
0,413848
page_index,time_cycles
0,423294
page_index,time_cycles
0,459082
page_index,time_cycles
0,421712
page_index,time_cycles
0,420850
page_index,time_cycles
0,421470
page_index,time_cycles
0,436778
page_index,time_cycles
0,419854
page_index,time_cycles
0,415360
page_index,time_cycles
0,419618
page_index,time_cycles
0,426680
page_index,time_cycles
0,432786
page_index,time_cycles
0,449806
page_index,time_cycles
0,420402
page_index,time_cycles
0,418404
page_index,time_cycles
0,423002
page_index,time_cycles
0,420016
page_index,time_cycles
0,417284
page_index,time_cycles
0,417468
page_index,time_cycles
0,430384
page_index,time_cycles
0,450838
page_index,time_cycles
0,434304
page_index,time_cycles
0,421260
page_index,time_cycles
0,463672
page_index,time_cycles
0,416498
page_index,time_cycles
0,411582
page_index,time_cycles
0,421488
page_index,time_cycles
0,438954
page_index,time_cycles
0,419344
page_index,time_cycles
0,423414
page_index,time_cycles
0,413968
page_index,time_cycles
0,417520
page_index,time_cycles
0,419524
page_index,time_cycles
0,425846
page_index,time_cycles
0,414658
page_index,time_cycles
0,423670
page_index,time_cycles
0,416084
page_index,time_cycles
0,447872
page_index,time_cycles
0,426118
page_index,time_cycles
0,421826
page_index,time_cycles
0,420758
page_index,time_cycles
0,418806
page_index,time_cycles
0,429722
page_index,time_cycles
0,429322
page_index,time_cycles
0,426186
page_index,time_cycles
0,418814
page_index,time_cycles
0,448064
page_index,time_cycles
0,428022
page_index,time_cycles
0,417770
page_index,time_cycles
0,461880
page_index,time_cycles
0,417272
page_index,time_cycles
0,425492
page_index,time_cycles
0,433138
page_index,time_cycles
0,439718
page_index,time_cycles
0,434608
page_index,time_cycles
0,414894
page_index,time_cycles
0,441408
page_index,time_cycles
0,425086
page_index,time_cycles
0,444650
page_index,time_cycles
0,434750
page_index,time_cycles
0,438030
page_index,time_cycles
0,430610
page_index,time_cycles
0,419654
page_index,time_cycles
0,429532
page_index,time_cycles
0,416716
page_index,time_cycles
0,431930
page_index,time_cycles
0,418566
page_index,time_cycles
0,474486
page_index,time_cycles
0,457054
page_index,time_cycles
0,419898
page_index,time_cycles
0,448438
page_index,time_cycles
0,425268
page_index,time_cycles
0,489890
page_index,time_cycles
0,415078
page_index,time_cycles
0,426716
page_index,time_cycles
0,422406
page_index,time_cycles
0,789260
page_index,time_cycles
0,429898
page_index,time_cycles
0,429220
page_index,time_cycles
0,430172
page_index,time_cycles
0,411548
page_index,time_cycles
0,443086
page_index,time_cycles
0,460414
page_index,time_cycles
0,419670
page_index,time_cycles
0,430282
page_index,time_cycles
0,473116
page_index,time_cycles
0,429524
page_index,time_cycles
0,436082
page_index,time_cycles
0,416250
page_index,time_cycles
0,466336
page_index,time_cycles
0,415638
page_index,time_cycles
0,443752
page_index,time_cycles
0,427026
page_index,time_cycles
0,418828
page_index,time_cycles
0,417014
page_index,time_cycles
0,417852
page_index,time_cycles
0,421678
page_index,time_cycles
0,429904
page_index,time_cycles
0,494890
page_index,time_cycles
0,480834
page_index,time_cycles
0,425200
page_index,time_cycles
0,429848
page_index,time_cycles
0,413044
page_index,time_cycles
0,428660
page_index,time_cycles
0,423720
page_index,time_cycles
0,423708
page_index,time_cycles
0,442042
page_index,time_cycles
0,439286
page_index,time_cycles
0,414258
page_index,time_cycles
0,421646
page_index,time_cycles
0,420608
page_index,time_cycles
0,414860
page_index,time_cycles
0,429008
page_index,time_cycles
0,423546
page_index,time_cycles
0,422660
page_index,time_cycles
0,450636
page_index,time_cycles
0,418284
page_index,time_cycles
0,416234
page_index,time_cycles
0,426808
page_index,time_cycles
0,426298
page_index,time_cycles
0,414678
page_index,time_cycles
0,415462
page_index,time_cycles
0,419688
page_index,time_cycles
0,448748
page_index,time_cycles
0,413736
page_index,time_cycles
0,426042
page_index,time_cycles
0,449668
page_index,time_cycles
0,417216
page_index,time_cycles
0,435670
page_index,time_cycles
0,413260
page_index,time_cycles
0,418676
page_index,time_cycles
0,423572
page_index,time_cycles
0,430934
page_index,time_cycles
0,467266
page_index,time_cycles
0,431376
page_index,time_cycles
0,425850
page_index,time_cycles
0,436116
page_index,time_cycles
0,491846
page_index,time_cycles
0,496830
page_index,time_cycles
0,422644
page_index,time_cycles
0,419502
page_index,time_cycles
0,415986
page_index,time_cycles
0,447294
page_index,time_cycles
0,419558
page_index,time_cycles
0,424330
page_index,time_cycles
0,433260
page_index,time_cycles
0,418262
page_index,time_cycles
0,421970
page_index,time_cycles
0,466478
page_index,time_cycles
0,419296
page_index,time_cycles
0,418270
page_index,time_cycles
0,505436
page_index,time_cycles
0,432874
page_index,time_cycles
0,441852
page_index,time_cycles
0,451902
page_index,time_cycles
0,418780
page_index,time_cycles
0,440170
page_index,time_cycles
0,472384
page_index,time_cycles
0,427640
page_index,time_cycles
0,440294
page_index,time_cycles
0,428716
page_index,time_cycles
0,432922
page_index,time_cycles
0,426966
page_index,time_cycles
0,421446
page_index,time_cycles
0,419548
page_index,time_cycles
0,416076
page_index,time_cycles
0,436374
page_index,time_cycles
0,410592
page_index,time_cycles
0,416960
page_index,time_cycles
0,429672
page_index,time_cycles
0,549204
page_index,time_cycles
0,425826
page_index,time_cycles
0,445924
page_index,time_cycles
0,422308
page_index,time_cycles
0,419614
page_index,time_cycles
0,429658
page_index,time_cycles
0,418712
page_index,time_cycles
0,413062
page_index,time_cycles
0,420718
page_index,time_cycles
0,445666
page_index,time_cycles
0,468398
page_index,time_cycles
0,430580
page_index,time_cycles
0,424514
page_index,time_cycles
0,420966
page_index,time_cycles
0,456050
page_index,time_cycles
0,450434
page_index,time_cycles
0,423662
page_index,time_cycles
0,418212
page_index,time_cycles
0,419192
page_index,time_cycles
0,424872
page_index,time_cycles
0,429158
page_index,time_cycles
0,430042
page_index,time_cycles
0,415580
page_index,time_cycles
0,422266
page_index,time_cycles
0,418244
page_index,time_cycles
0,419500
page_index,time_cycles
0,422862
page_index,time_cycles
0,465284
page_index,time_cycles
0,457708
page_index,time_cycles
0,415314
page_index,time_cycles
0,497360
page_index,time_cycles
0,451212
page_index,time_cycles
0,428420
page_index,time_cycles
0,679732
page_index,time_cycles
0,419426
page_index,time_cycles
0,428150
page_index,time_cycles
0,427812
page_index,time_cycles
0,419608
page_index,time_cycles
0,414892
page_index,time_cycles
0,436138
page_index,time_cycles
0,432704
page_index,time_cycles
0,469832
page_index,time_cycles
0,417210
page_index,time_cycles
0,433302
page_index,time_cycles
0,414734
page_index,time_cycles
0,415302
page_index,time_cycles
0,431144
page_index,time_cycles
0,427752
page_index,time_cycles
0,416548
page_index,time_cycles
0,411574
page_index,time_cycles
0,464574
page_index,time_cycles
0,420768
page_index,time_cycles
0,431074
page_index,time_cycles
0,413850
page_index,time_cycles
0,412820
page_index,time_cycles
0,427918
page_index,time_cycles
0,420164
page_index,time_cycles
0,461528
page_index,time_cycles
0,776202
page_index,time_cycles
0,435682
page_index,time_cycles
0,415956
page_index,time_cycles
0,423454
page_index,time_cycles
0,446134
page_index,time_cycles
0,423442
page_index,time_cycles
0,420438
page_index,time_cycles
0,424810
page_index,time_cycles
0,417264
page_index,time_cycles
0,420722
page_index,time_cycles
0,415528
page_index,time_cycles
0,413288
page_index,time_cycles
0,427530
page_index,time_cycles
0,426814
page_index,time_cycles
0,442422
page_index,time_cycles
0,476176
page_index,time_cycles
0,429564
page_index,time_cycles
0,418764
page_index,time_cycles
0,421058
page_index,time_cycles
0,413844
page_index,time_cycles
0,414532
page_index,time_cycles
0,419318
page_index,time_cycles
0,427762
page_index,time_cycles
0,419866
page_index,time_cycles
0,469118
page_index,time_cycles
0,430308
page_index,time_cycles
0,414316
page_index,time_cycles
0,416638
page_index,time_cycles
0,428586
page_index,time_cycles
0,416454
page_index,time_cycles
0,420388
page_index,time_cycles
0,428598
page_index,time_cycles
0,451730
page_index,time_cycles
0,465442
page_index,time_cycles
0,422284
page_index,time_cycles
0,427178
page_index,time_cycles
0,431046
page_index,time_cycles
0,412002
page_index,time_cycles
0,420092
page_index,time_cycles
0,434644
page_index,time_cycles
0,416162
page_index,time_cycles
0,419722
page_index,time_cycles
0,416100
page_index,time_cycles
0,428846
page_index,time_cycles
0,415418
page_index,time_cycles
0,448840
page_index,time_cycles
0,416028
page_index,time_cycles
0,419234
page_index,time_cycles
0,458908
page_index,time_cycles
0,425698
page_index,time_cycles
0,425210
page_index,time_cycles
0,414534
page_index,time_cycles
0,419138
page_index,time_cycles
0,416028
page_index,time_cycles
0,416644
page_index,time_cycles
0,421980
page_index,time_cycles
0,423014
page_index,time_cycles
0,421096
page_index,time_cycles
0,417088
page_index,time_cycles
0,416836
page_index,time_cycles
0,414432
page_index,time_cycles
0,426988
page_index,time_cycles
0,425744
page_index,time_cycles
0,442112
page_index,time_cycles
0,433752
page_index,time_cycles
0,419716
page_index,time_cycles
0,416860
page_index,time_cycles
0,420322
page_index,time_cycles
0,416934
page_index,time_cycles
0,441402
page_index,time_cycles
0,499708
page_index,time_cycles
0,419482
page_index,time_cycles
0,426256
page_index,time_cycles
0,413954
page_index,time_cycles
0,420164
page_index,time_cycles
0,412748
page_index,time_cycles
0,417734
page_index,time_cycles
0,422092
page_index,time_cycles
0,410582
page_index,time_cycles
0,416382
page_index,time_cycles
0,428876
page_index,time_cycles
0,455800
page_index,time_cycles
0,434606
SUMMARY,COUNT=10000,MEAN=434254.50,STD=91577.69
