page_index,time_cycles
0,73922
page_index,time_cycles
0,72716
page_index,time_cycles
0,65696
page_index,time_cycles
0,69212
page_index,time_cycles
0,90888
page_index,time_cycles
0,66602
page_index,time_cycles
0,69504
page_index,time_cycles
0,65028
page_index,time_cycles
0,62486
page_index,time_cycles
0,71998
page_index,time_cycles
0,73496
page_index,time_cycles
0,71470
page_index,time_cycles
0,65974
page_index,time_cycles
0,64684
page_index,time_cycles
0,69956
page_index,time_cycles
0,68766
page_index,time_cycles
0,68344
page_index,time_cycles
0,64246
page_index,time_cycles
0,74408
page_index,time_cycles
0,64564
page_index,time_cycles
0,68382
page_index,time_cycles
0,77452
page_index,time_cycles
0,66676
page_index,time_cycles
0,64634
page_index,time_cycles
0,65634
page_index,time_cycles
0,69092
page_index,time_cycles
0,76554
page_index,time_cycles
0,71604
page_index,time_cycles
0,65274
page_index,time_cycles
0,69038
page_index,time_cycles
0,76330
page_index,time_cycles
0,67238
page_index,time_cycles
0,66416
page_index,time_cycles
0,68444
page_index,time_cycles
0,120158
page_index,time_cycles
0,69244
page_index,time_cycles
0,69178
page_index,time_cycles
0,65182
page_index,time_cycles
0,65162
page_index,time_cycles
0,64778
page_index,time_cycles
0,67288
page_index,time_cycles
0,76496
page_index,time_cycles
0,71738
page_index,time_cycles
0,118666
page_index,time_cycles
0,76142
page_index,time_cycles
0,78752
page_index,time_cycles
0,65164
page_index,time_cycles
0,79788
page_index,time_cycles
0,79736
page_index,time_cycles
0,64966
page_index,time_cycles
0,76732
page_index,time_cycles
0,65904
page_index,time_cycles
0,118026
page_index,time_cycles
0,82664
page_index,time_cycles
0,64390
page_index,time_cycles
0,99026
page_index,time_cycles
0,64804
page_index,time_cycles
0,70092
page_index,time_cycles
0,66954
page_index,time_cycles
0,69208
page_index,time_cycles
0,101514
page_index,time_cycles
0,68796
page_index,time_cycles
0,66176
page_index,time_cycles
0,73528
page_index,time_cycles
0,66264
page_index,time_cycles
0,66322
page_index,time_cycles
0,65592
page_index,time_cycles
0,76810
page_index,time_cycles
0,67182
page_index,time_cycles
0,68640
page_index,time_cycles
0,68366
page_index,time_cycles
0,71880
page_index,time_cycles
0,67402
page_index,time_cycles
0,66126
page_index,time_cycles
0,74086
page_index,time_cycles
0,67808
page_index,time_cycles
0,68208
page_index,time_cycles
0,72490
page_index,time_cycles
0,68856
page_index,time_cycles
0,128326
page_index,time_cycles
0,69526
page_index,time_cycles
0,63808
page_index,time_cycles
0,68310
page_index,time_cycles
0,71500
page_index,time_cycles
0,66206
page_index,time_cycles
0,66226
page_index,time_cycles
0,64236
page_index,time_cycles
0,79950
page_index,time_cycles
0,69538
page_index,time_cycles
0,63414
page_index,time_cycles
0,101586
page_index,time_cycles
0,65070
page_index,time_cycles
0,68338
page_index,time_cycles
0,66676
page_index,time_cycles
0,73324
page_index,time_cycles
0,71046
page_index,time_cycles
0,130172
page_index,time_cycles
0,75886
page_index,time_cycles
0,66794
page_index,time_cycles
0,107804
page_index,time_cycles
0,63562
page_index,time_cycles
0,69712
page_index,time_cycles
0,70888
page_index,time_cycles
0,70590
page_index,time_cycles
0,80636
page_index,time_cycles
0,95036
page_index,time_cycles
0,66352
page_index,time_cycles
0,70368
page_index,time_cycles
0,68712
page_index,time_cycles
0,96568
page_index,time_cycles
0,64354
page_index,time_cycles
0,101308
page_index,time_cycles
0,70984
page_index,time_cycles
0,64636
page_index,time_cycles
0,65480
page_index,time_cycles
0,68442
page_index,time_cycles
0,70096
page_index,time_cycles
0,84246
page_index,time_cycles
0,149818
page_index,time_cycles
0,78254
page_index,time_cycles
0,66112
page_index,time_cycles
0,67538
page_index,time_cycles
0,71154
page_index,time_cycles
0,65184
page_index,time_cycles
0,63760
page_index,time_cycles
0,71392
page_index,time_cycles
0,69058
page_index,time_cycles
0,72268
page_index,time_cycles
0,67414
page_index,time_cycles
0,78682
page_index,time_cycles
0,66674
page_index,time_cycles
0,76914
page_index,time_cycles
0,65804
page_index,time_cycles
0,66024
page_index,time_cycles
0,68160
page_index,time_cycles
0,67524
page_index,time_cycles
0,71820
page_index,time_cycles
0,68536
page_index,time_cycles
0,79286
page_index,time_cycles
0,78024
page_index,time_cycles
0,66854
page_index,time_cycles
0,66992
page_index,time_cycles
0,67492
page_index,time_cycles
0,72032
page_index,time_cycles
0,70376
page_index,time_cycles
0,79666
page_index,time_cycles
0,122368
page_index,time_cycles
0,65034
page_index,time_cycles
0,80270
page_index,time_cycles
0,84118
page_index,time_cycles
0,71580
page_index,time_cycles
0,69110
page_index,time_cycles
0,66002
page_index,time_cycles
0,70774
page_index,time_cycles
0,67212
page_index,time_cycles
0,66388
page_index,time_cycles
0,75018
page_index,time_cycles
0,67018
page_index,time_cycles
0,63184
page_index,time_cycles
0,64362
page_index,time_cycles
0,79526
page_index,time_cycles
0,119972
page_index,time_cycles
0,66006
page_index,time_cycles
0,90924
page_index,time_cycles
0,65606
page_index,time_cycles
0,67054
page_index,time_cycles
0,65184
page_index,time_cycles
0,64586
page_index,time_cycles
0,65124
page_index,time_cycles
0,64158
page_index,time_cycles
0,68348
page_index,time_cycles
0,61426
page_index,time_cycles
0,72580
page_index,time_cycles
0,70388
page_index,time_cycles
0,65094
page_index,time_cycles
0,65528
page_index,time_cycles
0,65512
page_index,time_cycles
0,74406
page_index,time_cycles
0,113650
page_index,time_cycles
0,65030
page_index,time_cycles
0,100940
page_index,time_cycles
0,76958
page_index,time_cycles
0,61026
page_index,time_cycles
0,67020
page_index,time_cycles
0,84984
page_index,time_cycles
0,66214
page_index,time_cycles
0,71578
page_index,time_cycles
0,65570
page_index,time_cycles
0,63964
page_index,time_cycles
0,70086
page_index,time_cycles
0,66624
page_index,time_cycles
0,65266
page_index,time_cycles
0,70540
page_index,time_cycles
0,66118
page_index,time_cycles
0,70646
page_index,time_cycles
0,99860
page_index,time_cycles
0,66372
page_index,time_cycles
0,72668
page_index,time_cycles
0,70530
page_index,time_cycles
0,77080
page_index,time_cycles
0,65278
page_index,time_cycles
0,64724
page_index,time_cycles
0,69436
page_index,time_cycles
0,87774
page_index,time_cycles
0,63224
page_index,time_cycles
0,79478
page_index,time_cycles
0,70476
page_index,time_cycles
0,68822
page_index,time_cycles
0,70002
page_index,time_cycles
0,72746
page_index,time_cycles
0,65068
page_index,time_cycles
0,71334
page_index,time_cycles
0,77882
page_index,time_cycles
0,92596
page_index,time_cycles
0,74250
page_index,time_cycles
0,78446
page_index,time_cycles
0,65810
page_index,time_cycles
0,70140
page_index,time_cycles
0,64616
page_index,time_cycles
0,68006
page_index,time_cycles
0,65964
page_index,time_cycles
0,76230
page_index,time_cycles
0,65730
page_index,time_cycles
0,73918
page_index,time_cycles
0,78100
page_index,time_cycles
0,63062
page_index,time_cycles
0,71558
page_index,time_cycles
0,91654
page_index,time_cycles
0,81828
page_index,time_cycles
0,73532
page_index,time_cycles
0,65538
page_index,time_cycles
0,68960
page_index,time_cycles
0,124700
page_index,time_cycles
0,64008
page_index,time_cycles
0,72942
page_index,time_cycles
0,67514
page_index,time_cycles
0,71534
page_index,time_cycles
0,66662
page_index,time_cycles
0,65418
page_index,time_cycles
0,67364
page_index,time_cycles
0,65154
page_index,time_cycles
0,72020
page_index,time_cycles
0,73570
page_index,time_cycles
0,64690
page_index,time_cycles
0,70594
page_index,time_cycles
0,78418
page_index,time_cycles
0,70460
page_index,time_cycles
0,67350
page_index,time_cycles
0,65128
page_index,time_cycles
0,77760
page_index,time_cycles
0,66538
page_index,time_cycles
0,88190
page_index,time_cycles
0,67412
page_index,time_cycles
0,401158
page_index,time_cycles
0,66790
page_index,time_cycles
0,75276
page_index,time_cycles
0,66852
page_index,time_cycles
0,78140
page_index,time_cycles
0,68536
page_index,time_cycles
0,69730
page_index,time_cycles
0,69142
page_index,time_cycles
0,65830
page_index,time_cycles
0,63516
page_index,time_cycles
0,70054
page_index,time_cycles
0,71974
page_index,time_cycles
0,69792
page_index,time_cycles
0,67268
page_index,time_cycles
0,278584
page_index,time_cycles
0,85642
page_index,time_cycles
0,66252
page_index,time_cycles
0,77042
page_index,time_cycles
0,75882
page_index,time_cycles
0,66482
page_index,time_cycles
0,64004
page_index,time_cycles
0,64238
page_index,time_cycles
0,69530
page_index,time_cycles
0,69192
page_index,time_cycles
0,69964
page_index,time_cycles
0,64888
page_index,time_cycles
0,66534
page_index,time_cycles
0,69062
page_index,time_cycles
0,69848
page_index,time_cycles
0,73206
page_index,time_cycles
0,64310
page_index,time_cycles
0,68020
page_index,time_cycles
0,76806
page_index,time_cycles
0,72156
page_index,time_cycles
0,97376
page_index,time_cycles
0,72112
page_index,time_cycles
0,72762
page_index,time_cycles
0,75494
page_index,time_cycles
0,69080
page_index,time_cycles
0,67108
page_index,time_cycles
0,71224
page_index,time_cycles
0,70588
page_index,time_cycles
0,96870
page_index,time_cycles
0,103804
page_index,time_cycles
0,64842
page_index,time_cycles
0,72418
page_index,time_cycles
0,67532
page_index,time_cycles
0,69496
page_index,time_cycles
0,62192
page_index,time_cycles
0,65852
page_index,time_cycles
0,64422
page_index,time_cycles
0,73520
page_index,time_cycles
0,66822
page_index,time_cycles
0,63940
page_index,time_cycles
0,65594
page_index,time_cycles
0,71458
page_index,time_cycles
0,64080
page_index,time_cycles
0,72670
page_index,time_cycles
0,69710
page_index,time_cycles
0,96444
page_index,time_cycles
0,73416
page_index,time_cycles
0,73662
page_index,time_cycles
0,68380
page_index,time_cycles
0,75272
page_index,time_cycles
0,65518
page_index,time_cycles
0,77768
page_index,time_cycles
0,74422
page_index,time_cycles
0,75630
page_index,time_cycles
0,65958
page_index,time_cycles
0,74608
page_index,time_cycles
0,102148
page_index,time_cycles
0,72848
page_index,time_cycles
0,66026
page_index,time_cycles
0,70850
page_index,time_cycles
0,70040
page_index,time_cycles
0,74282
page_index,time_cycles
0,69774
page_index,time_cycles
0,71924
page_index,time_cycles
0,70740
page_index,time_cycles
0,69006
page_index,time_cycles
0,67682
page_index,time_cycles
0,103990
page_index,time_cycles
0,69910
page_index,time_cycles
0,95080
page_index,time_cycles
0,68902
page_index,time_cycles
0,68704
page_index,time_cycles
0,68352
page_index,time_cycles
0,82062
page_index,time_cycles
0,64474
page_index,time_cycles
0,67326
page_index,time_cycles
0,81040
page_index,time_cycles
0,64964
page_index,time_cycles
0,67372
page_index,time_cycles
0,75354
page_index,time_cycles
0,65662
page_index,time_cycles
0,77424
page_index,time_cycles
0,70476
page_index,time_cycles
0,64426
page_index,time_cycles
0,73720
page_index,time_cycles
0,66928
page_index,time_cycles
0,60878
page_index,time_cycles
0,64432
page_index,time_cycles
0,67236
page_index,time_cycles
0,78692
page_index,time_cycles
0,71978
page_index,time_cycles
0,70292
page_index,time_cycles
0,64528
page_index,time_cycles
0,90538
page_index,time_cycles
0,65766
page_index,time_cycles
0,76878
page_index,time_cycles
0,65294
page_index,time_cycles
0,70214
page_index,time_cycles
0,126784
page_index,time_cycles
0,67262
page_index,time_cycles
0,66562
page_index,time_cycles
0,65380
page_index,time_cycles
0,63806
page_index,time_cycles
0,67858
page_index,time_cycles
0,88486
page_index,time_cycles
0,69442
page_index,time_cycles
0,78008
page_index,time_cycles
0,69896
page_index,time_cycles
0,73088
page_index,time_cycles
0,74460
page_index,time_cycles
0,105992
page_index,time_cycles
0,65666
page_index,time_cycles
0,68002
page_index,time_cycles
0,121348
page_index,time_cycles
0,66622
page_index,time_cycles
0,66646
page_index,time_cycles
0,65922
page_index,time_cycles
0,72368
page_index,time_cycles
0,65140
page_index,time_cycles
0,66802
page_index,time_cycles
0,65462
page_index,time_cycles
0,65248
page_index,time_cycles
0,68464
page_index,time_cycles
0,64130
page_index,time_cycles
0,98818
page_index,time_cycles
0,70212
page_index,time_cycles
0,124310
page_index,time_cycles
0,69062
page_index,time_cycles
0,62068
page_index,time_cycles
0,64792
page_index,time_cycles
0,79118
page_index,time_cycles
0,66386
page_index,time_cycles
0,68790
page_index,time_cycles
0,69426
page_index,time_cycles
0,70388
page_index,time_cycles
0,71036
page_index,time_cycles
0,66252
page_index,time_cycles
0,66090
page_index,time_cycles
0,86724
page_index,time_cycles
0,117366
page_index,time_cycles
0,70148
page_index,time_cycles
0,69560
page_index,time_cycles
0,65598
page_index,time_cycles
0,74890
page_index,time_cycles
0,91174
page_index,time_cycles
0,76834
page_index,time_cycles
0,101738
page_index,time_cycles
0,71694
page_index,time_cycles
0,78772
page_index,time_cycles
0,64018
page_index,time_cycles
0,71260
page_index,time_cycles
0,67478
page_index,time_cycles
0,70262
page_index,time_cycles
0,73008
page_index,time_cycles
0,64474
page_index,time_cycles
0,65768
page_index,time_cycles
0,70920
page_index,time_cycles
0,67234
page_index,time_cycles
0,68420
page_index,time_cycles
0,90414
page_index,time_cycles
0,89064
page_index,time_cycles
0,77548
page_index,time_cycles
0,64254
page_index,time_cycles
0,67644
page_index,time_cycles
0,67122
page_index,time_cycles
0,68002
page_index,time_cycles
0,98262
page_index,time_cycles
0,76822
page_index,time_cycles
0,70422
page_index,time_cycles
0,70682
page_index,time_cycles
0,99450
page_index,time_cycles
0,64192
page_index,time_cycles
0,66296
page_index,time_cycles
0,65954
page_index,time_cycles
0,65828
page_index,time_cycles
0,71104
page_index,time_cycles
0,66906
page_index,time_cycles
0,74614
page_index,time_cycles
0,67248
page_index,time_cycles
0,78952
page_index,time_cycles
0,76702
page_index,time_cycles
0,67212
page_index,time_cycles
0,68626
page_index,time_cycles
0,75014
page_index,time_cycles
0,75078
page_index,time_cycles
0,71806
page_index,time_cycles
0,79508
page_index,time_cycles
0,63504
page_index,time_cycles
0,74930
page_index,time_cycles
0,70034
page_index,time_cycles
0,63060
page_index,time_cycles
0,65918
page_index,time_cycles
0,72300
page_index,time_cycles
0,70362
page_index,time_cycles
0,67986
page_index,time_cycles
0,68420
page_index,time_cycles
0,68328
page_index,time_cycles
0,69540
page_index,time_cycles
0,79834
page_index,time_cycles
0,76448
page_index,time_cycles
0,79204
page_index,time_cycles
0,70414
page_index,time_cycles
0,78900
page_index,time_cycles
0,71652
page_index,time_cycles
0,62558
page_index,time_cycles
0,67762
page_index,time_cycles
0,63858
page_index,time_cycles
0,67326
page_index,time_cycles
0,96530
page_index,time_cycles
0,72926
page_index,time_cycles
0,66154
page_index,time_cycles
0,69644
page_index,time_cycles
0,69538
page_index,time_cycles
0,66664
page_index,time_cycles
0,65538
page_index,time_cycles
0,63938
page_index,time_cycles
0,65122
page_index,time_cycles
0,78072
page_index,time_cycles
0,69164
page_index,time_cycles
0,63908
page_index,time_cycles
0,67040
page_index,time_cycles
0,65786
page_index,time_cycles
0,75490
page_index,time_cycles
0,69674
page_index,time_cycles
0,65292
page_index,time_cycles
0,73534
page_index,time_cycles
0,66354
page_index,time_cycles
0,64954
page_index,time_cycles
0,64926
page_index,time_cycles
0,73838
page_index,time_cycles
0,96162
page_index,time_cycles
0,71026
page_index,time_cycles
0,65704
page_index,time_cycles
0,88050
page_index,time_cycles
0,121670
page_index,time_cycles
0,66002
page_index,time_cycles
0,69182
page_index,time_cycles
0,64102
page_index,time_cycles
0,63674
page_index,time_cycles
0,65862
page_index,time_cycles
0,81408
page_index,time_cycles
0,66336
page_index,time_cycles
0,73074
page_index,time_cycles
0,65528
page_index,time_cycles
0,65722
page_index,time_cycles
0,66146
page_index,time_cycles
0,68752
page_index,time_cycles
0,67330
page_index,time_cycles
0,68392
page_index,time_cycles
0,62982
page_index,time_cycles
0,65824
page_index,time_cycles
0,64374
page_index,time_cycles
0,70636
page_index,time_cycles
0,72132
page_index,time_cycles
0,65684
page_index,time_cycles
0,73278
page_index,time_cycles
0,89594
page_index,time_cycles
0,69666
page_index,time_cycles
0,69382
page_index,time_cycles
0,93488
page_index,time_cycles
0,72570
page_index,time_cycles
0,169538
page_index,time_cycles
0,64178
page_index,time_cycles
0,69640
page_index,time_cycles
0,87656
page_index,time_cycles
0,70438
page_index,time_cycles
0,80962
page_index,time_cycles
0,75434
page_index,time_cycles
0,69704
page_index,time_cycles
0,69676
page_index,time_cycles
0,67556
page_index,time_cycles
0,66312
page_index,time_cycles
0,65600
page_index,time_cycles
0,95296
page_index,time_cycles
0,68192
page_index,time_cycles
0,144512
page_index,time_cycles
0,74048
page_index,time_cycles
0,69220
page_index,time_cycles
0,64268
page_index,time_cycles
0,64692
page_index,time_cycles
0,71302
page_index,time_cycles
0,70078
page_index,time_cycles
0,73572
page_index,time_cycles
0,68422
page_index,time_cycles
0,65642
page_index,time_cycles
0,66606
page_index,time_cycles
0,65426
page_index,time_cycles
0,63364
page_index,time_cycles
0,79300
page_index,time_cycles
0,75236
page_index,time_cycles
0,64138
page_index,time_cycles
0,65804
page_index,time_cycles
0,64840
page_index,time_cycles
0,101290
page_index,time_cycles
0,63042
page_index,time_cycles
0,67954
page_index,time_cycles
0,67586
page_index,time_cycles
0,65780
page_index,time_cycles
0,76862
page_index,time_cycles
0,70014
page_index,time_cycles
0,66180
page_index,time_cycles
0,68468
page_index,time_cycles
0,88952
page_index,time_cycles
0,77428
page_index,time_cycles
0,132106
page_index,time_cycles
0,82230
page_index,time_cycles
0,68568
page_index,time_cycles
0,71610
page_index,time_cycles
0,65960
page_index,time_cycles
0,75864
page_index,time_cycles
0,61632
page_index,time_cycles
0,85428
page_index,time_cycles
0,70746
page_index,time_cycles
0,72964
page_index,time_cycles
0,66858
page_index,time_cycles
0,64344
page_index,time_cycles
0,71050
page_index,time_cycles
0,70986
page_index,time_cycles
0,64366
page_index,time_cycles
0,73114
page_index,time_cycles
0,68660
page_index,time_cycles
0,69214
page_index,time_cycles
0,79192
page_index,time_cycles
0,92538
page_index,time_cycles
0,68362
page_index,time_cycles
0,65796
page_index,time_cycles
0,66860
page_index,time_cycles
0,74308
page_index,time_cycles
0,67746
page_index,time_cycles
0,65686
page_index,time_cycles
0,73130
page_index,time_cycles
0,79174
page_index,time_cycles
0,71124
page_index,time_cycles
0,71602
page_index,time_cycles
0,77216
page_index,time_cycles
0,70504
page_index,time_cycles
0,66630
page_index,time_cycles
0,68388
page_index,time_cycles
0,71514
page_index,time_cycles
0,65010
page_index,time_cycles
0,72358
page_index,time_cycles
0,69304
page_index,time_cycles
0,68836
page_index,time_cycles
0,66190
page_index,time_cycles
0,70510
page_index,time_cycles
0,67144
page_index,time_cycles
0,66654
page_index,time_cycles
0,64452
page_index,time_cycles
0,64968
page_index,time_cycles
0,85290
page_index,time_cycles
0,65752
page_index,time_cycles
0,65892
page_index,time_cycles
0,67132
page_index,time_cycles
0,69756
page_index,time_cycles
0,64432
page_index,time_cycles
0,84628
page_index,time_cycles
0,109484
page_index,time_cycles
0,95950
page_index,time_cycles
0,65546
page_index,time_cycles
0,66320
page_index,time_cycles
0,72642
page_index,time_cycles
0,67926
page_index,time_cycles
0,65564
page_index,time_cycles
0,72470
page_index,time_cycles
0,72806
page_index,time_cycles
0,66098
page_index,time_cycles
0,76456
page_index,time_cycles
0,73502
page_index,time_cycles
0,63374
page_index,time_cycles
0,65036
page_index,time_cycles
0,66758
page_index,time_cycles
0,67892
page_index,time_cycles
0,71552
page_index,time_cycles
0,65320
page_index,time_cycles
0,122270
page_index,time_cycles
0,76918
page_index,time_cycles
0,67016
page_index,time_cycles
0,70598
page_index,time_cycles
0,112854
page_index,time_cycles
0,72720
page_index,time_cycles
0,64788
page_index,time_cycles
0,65288
page_index,time_cycles
0,79898
page_index,time_cycles
0,71346
page_index,time_cycles
0,68048
page_index,time_cycles
0,110932
page_index,time_cycles
0,65876
page_index,time_cycles
0,70064
page_index,time_cycles
0,63732
page_index,time_cycles
0,73370
page_index,time_cycles
0,104484
page_index,time_cycles
0,66516
page_index,time_cycles
0,79372
page_index,time_cycles
0,61266
page_index,time_cycles
0,67946
page_index,time_cycles
0,65608
page_index,time_cycles
0,82404
page_index,time_cycles
0,78396
page_index,time_cycles
0,67484
page_index,time_cycles
0,68842
page_index,time_cycles
0,66692
page_index,time_cycles
0,65160
page_index,time_cycles
0,72918
page_index,time_cycles
0,126866
page_index,time_cycles
0,70308
page_index,time_cycles
0,71630
page_index,time_cycles
0,77510
page_index,time_cycles
0,72890
page_index,time_cycles
0,121460
page_index,time_cycles
0,65034
page_index,time_cycles
0,67766
page_index,time_cycles
0,67704
page_index,time_cycles
0,64918
page_index,time_cycles
0,68632
page_index,time_cycles
0,64512
page_index,time_cycles
0,66236
page_index,time_cycles
0,73214
page_index,time_cycles
0,67514
page_index,time_cycles
0,68576
page_index,time_cycles
0,67812
page_index,time_cycles
0,71628
page_index,time_cycles
0,68636
page_index,time_cycles
0,67210
page_index,time_cycles
0,67568
page_index,time_cycles
0,64386
page_index,time_cycles
0,107358
page_index,time_cycles
0,64740
page_index,time_cycles
0,73268
page_index,time_cycles
0,73112
page_index,time_cycles
0,70886
page_index,time_cycles
0,76238
page_index,time_cycles
0,69076
page_index,time_cycles
0,66332
page_index,time_cycles
0,65864
page_index,time_cycles
0,84924
page_index,time_cycles
0,95854
page_index,time_cycles
0,69578
page_index,time_cycles
0,69088
page_index,time_cycles
0,70474
page_index,time_cycles
0,102454
page_index,time_cycles
0,75902
page_index,time_cycles
0,68672
page_index,time_cycles
0,68096
page_index,time_cycles
0,65830
page_index,time_cycles
0,69476
page_index,time_cycles
0,70062
page_index,time_cycles
0,79650
page_index,time_cycles
0,69328
page_index,time_cycles
0,70682
page_index,time_cycles
0,68138
page_index,time_cycles
0,65520
page_index,time_cycles
0,63756
page_index,time_cycles
0,79722
page_index,time_cycles
0,66244
page_index,time_cycles
0,71682
page_index,time_cycles
0,64542
page_index,time_cycles
0,66312
page_index,time_cycles
0,72478
page_index,time_cycles
0,64758
page_index,time_cycles
0,65426
page_index,time_cycles
0,67538
page_index,time_cycles
0,65048
page_index,time_cycles
0,71680
page_index,time_cycles
0,65804
page_index,time_cycles
0,82626
page_index,time_cycles
0,71626
page_index,time_cycles
0,110668
page_index,time_cycles
0,64636
page_index,time_cycles
0,66928
page_index,time_cycles
0,88968
page_index,time_cycles
0,72090
page_index,time_cycles
0,76952
page_index,time_cycles
0,65524
page_index,time_cycles
0,68636
page_index,time_cycles
0,64712
page_index,time_cycles
0,65996
page_index,time_cycles
0,67372
page_index,time_cycles
0,70780
page_index,time_cycles
0,66152
page_index,time_cycles
0,76330
page_index,time_cycles
0,85928
page_index,time_cycles
0,65444
page_index,time_cycles
0,70446
page_index,time_cycles
0,76506
page_index,time_cycles
0,72826
page_index,time_cycles
0,72688
page_index,time_cycles
0,67782
page_index,time_cycles
0,66876
page_index,time_cycles
0,68162
page_index,time_cycles
0,127606
page_index,time_cycles
0,66314
page_index,time_cycles
0,68174
page_index,time_cycles
0,69446
page_index,time_cycles
0,64252
page_index,time_cycles
0,102402
page_index,time_cycles
0,75866
page_index,time_cycles
0,70876
page_index,time_cycles
0,66094
page_index,time_cycles
0,63954
page_index,time_cycles
0,65200
page_index,time_cycles
0,66608
page_index,time_cycles
0,64506
page_index,time_cycles
0,69810
page_index,time_cycles
0,71464
page_index,time_cycles
0,64760
page_index,time_cycles
0,68772
page_index,time_cycles
0,66384
page_index,time_cycles
0,72650
page_index,time_cycles
0,66794
page_index,time_cycles
0,67696
page_index,time_cycles
0,64648
page_index,time_cycles
0,72608
page_index,time_cycles
0,70644
page_index,time_cycles
0,66534
page_index,time_cycles
0,70876
page_index,time_cycles
0,66070
page_index,time_cycles
0,72454
page_index,time_cycles
0,71644
page_index,time_cycles
0,68800
page_index,time_cycles
0,66966
page_index,time_cycles
0,69708
page_index,time_cycles
0,63996
page_index,time_cycles
0,67206
page_index,time_cycles
0,65906
page_index,time_cycles
0,70142
page_index,time_cycles
0,68288
page_index,time_cycles
0,80856
page_index,time_cycles
0,65220
page_index,time_cycles
0,68742
page_index,time_cycles
0,66926
page_index,time_cycles
0,65808
page_index,time_cycles
0,72510
page_index,time_cycles
0,76770
page_index,time_cycles
0,64766
page_index,time_cycles
0,81894
page_index,time_cycles
0,71792
page_index,time_cycles
0,67574
page_index,time_cycles
0,90610
page_index,time_cycles
0,67806
page_index,time_cycles
0,97864
page_index,time_cycles
0,64990
page_index,time_cycles
0,64414
page_index,time_cycles
0,74368
page_index,time_cycles
0,67242
page_index,time_cycles
0,74684
page_index,time_cycles
0,63738
page_index,time_cycles
0,75434
page_index,time_cycles
0,71632
page_index,time_cycles
0,65830
page_index,time_cycles
0,70430
page_index,time_cycles
0,74014
page_index,time_cycles
0,83540
page_index,time_cycles
0,72712
page_index,time_cycles
0,65824
page_index,time_cycles
0,66912
page_index,time_cycles
0,67234
page_index,time_cycles
0,64524
page_index,time_cycles
0,64366
page_index,time_cycles
0,103384
page_index,time_cycles
0,67522
page_index,time_cycles
0,76462
page_index,time_cycles
0,69564
page_index,time_cycles
0,67380
page_index,time_cycles
0,70878
page_index,time_cycles
0,103762
page_index,time_cycles
0,67384
page_index,time_cycles
0,73734
page_index,time_cycles
0,70572
page_index,time_cycles
0,73352
page_index,time_cycles
0,64522
page_index,time_cycles
0,82190
page_index,time_cycles
0,69212
page_index,time_cycles
0,69348
page_index,time_cycles
0,120726
page_index,time_cycles
0,80638
page_index,time_cycles
0,73816
page_index,time_cycles
0,76068
page_index,time_cycles
0,68502
page_index,time_cycles
0,63572
page_index,time_cycles
0,70034
page_index,time_cycles
0,79994
page_index,time_cycles
0,106008
page_index,time_cycles
0,72454
page_index,time_cycles
0,71010
page_index,time_cycles
0,71706
page_index,time_cycles
0,137460
page_index,time_cycles
0,69048
page_index,time_cycles
0,69606
page_index,time_cycles
0,64268
page_index,time_cycles
0,68642
page_index,time_cycles
0,64478
page_index,time_cycles
0,68194
page_index,time_cycles
0,67788
page_index,time_cycles
0,68610
page_index,time_cycles
0,65420
page_index,time_cycles
0,68266
page_index,time_cycles
0,79366
page_index,time_cycles
0,70192
page_index,time_cycles
0,83900
page_index,time_cycles
0,79050
page_index,time_cycles
0,68232
page_index,time_cycles
0,64326
page_index,time_cycles
0,69636
page_index,time_cycles
0,79466
page_index,time_cycles
0,65250
page_index,time_cycles
0,66682
page_index,time_cycles
0,65610
page_index,time_cycles
0,68074
page_index,time_cycles
0,75178
page_index,time_cycles
0,89150
page_index,time_cycles
0,78606
page_index,time_cycles
0,68748
page_index,time_cycles
0,70288
page_index,time_cycles
0,78208
page_index,time_cycles
0,69880
page_index,time_cycles
0,72500
page_index,time_cycles
0,67974
page_index,time_cycles
0,72178
page_index,time_cycles
0,69192
page_index,time_cycles
0,68774
page_index,time_cycles
0,66268
page_index,time_cycles
0,99536
page_index,time_cycles
0,69468
page_index,time_cycles
0,63726
page_index,time_cycles
0,69900
page_index,time_cycles
0,70350
page_index,time_cycles
0,63784
page_index,time_cycles
0,70914
page_index,time_cycles
0,68598
page_index,time_cycles
0,76346
page_index,time_cycles
0,67554
page_index,time_cycles
0,67842
page_index,time_cycles
0,65930
page_index,time_cycles
0,67520
page_index,time_cycles
0,70266
page_index,time_cycles
0,76178
page_index,time_cycles
0,96048
page_index,time_cycles
0,65386
page_index,time_cycles
0,72064
page_index,time_cycles
0,67080
page_index,time_cycles
0,65824
page_index,time_cycles
0,69684
page_index,time_cycles
0,70126
page_index,time_cycles
0,65342
page_index,time_cycles
0,73902
page_index,time_cycles
0,65436
page_index,time_cycles
0,66142
page_index,time_cycles
0,68556
page_index,time_cycles
0,70548
page_index,time_cycles
0,67130
page_index,time_cycles
0,71698
page_index,time_cycles
0,65412
page_index,time_cycles
0,67054
page_index,time_cycles
0,65976
page_index,time_cycles
0,64968
page_index,time_cycles
0,76254
page_index,time_cycles
0,67096
page_index,time_cycles
0,103632
page_index,time_cycles
0,63620
page_index,time_cycles
0,72660
page_index,time_cycles
0,64326
page_index,time_cycles
0,75256
page_index,time_cycles
0,65636
page_index,time_cycles
0,66760
page_index,time_cycles
0,68472
page_index,time_cycles
0,65418
page_index,time_cycles
0,68962
page_index,time_cycles
0,64390
page_index,time_cycles
0,67914
page_index,time_cycles
0,70338
page_index,time_cycles
0,64114
page_index,time_cycles
0,64518
page_index,time_cycles
0,102386
page_index,time_cycles
0,71606
page_index,time_cycles
0,105498
page_index,time_cycles
0,71126
page_index,time_cycles
0,68380
page_index,time_cycles
0,71296
page_index,time_cycles
0,64120
page_index,time_cycles
0,159658
page_index,time_cycles
0,78570
page_index,time_cycles
0,64524
page_index,time_cycles
0,66988
page_index,time_cycles
0,76318
page_index,time_cycles
0,63900
page_index,time_cycles
0,72912
page_index,time_cycles
0,72726
page_index,time_cycles
0,65426
page_index,time_cycles
0,69172
page_index,time_cycles
0,64976
page_index,time_cycles
0,64708
page_index,time_cycles
0,99458
page_index,time_cycles
0,64790
page_index,time_cycles
0,67272
page_index,time_cycles
0,72556
page_index,time_cycles
0,69190
page_index,time_cycles
0,67128
page_index,time_cycles
0,75384
page_index,time_cycles
0,64974
page_index,time_cycles
0,66146
page_index,time_cycles
0,65214
page_index,time_cycles
0,66388
page_index,time_cycles
0,68098
page_index,time_cycles
0,85742
page_index,time_cycles
0,71224
page_index,time_cycles
0,66150
page_index,time_cycles
0,73410
page_index,time_cycles
0,66418
page_index,time_cycles
0,66062
page_index,time_cycles
0,65928
page_index,time_cycles
0,69688
page_index,time_cycles
0,114928
page_index,time_cycles
0,66558
page_index,time_cycles
0,76824
page_index,time_cycles
0,65816
page_index,time_cycles
0,71628
page_index,time_cycles
0,64910
page_index,time_cycles
0,70080
page_index,time_cycles
0,110126
page_index,time_cycles
0,64226
page_index,time_cycles
0,111334
page_index,time_cycles
0,69800
page_index,time_cycles
0,62456
page_index,time_cycles
0,71148
page_index,time_cycles
0,64122
page_index,time_cycles
0,77824
page_index,time_cycles
0,69324
page_index,time_cycles
0,68072
page_index,time_cycles
0,97142
page_index,time_cycles
0,67636
page_index,time_cycles
0,65396
page_index,time_cycles
0,70862
page_index,time_cycles
0,121988
page_index,time_cycles
0,64306
page_index,time_cycles
0,66874
page_index,time_cycles
0,74528
page_index,time_cycles
0,63432
page_index,time_cycles
0,71170
page_index,time_cycles
0,63730
page_index,time_cycles
0,66004
page_index,time_cycles
0,65252
page_index,time_cycles
0,70102
page_index,time_cycles
0,68566
page_index,time_cycles
0,65498
page_index,time_cycles
0,68764
page_index,time_cycles
0,67008
page_index,time_cycles
0,74118
page_index,time_cycles
0,64576
page_index,time_cycles
0,71400
page_index,time_cycles
0,64654
page_index,time_cycles
0,65218
page_index,time_cycles
0,67016
page_index,time_cycles
0,104878
page_index,time_cycles
0,66954
page_index,time_cycles
0,68460
page_index,time_cycles
0,67214
page_index,time_cycles
0,70128
page_index,time_cycles
0,74434
page_index,time_cycles
0,73338
page_index,time_cycles
0,78012
page_index,time_cycles
0,76358
page_index,time_cycles
0,65686
page_index,time_cycles
0,72962
page_index,time_cycles
0,65800
page_index,time_cycles
0,72666
page_index,time_cycles
0,65840
page_index,time_cycles
0,72328
page_index,time_cycles
0,65056
page_index,time_cycles
0,64550
page_index,time_cycles
0,69732
page_index,time_cycles
0,71802
page_index,time_cycles
0,70396
page_index,time_cycles
0,75180
page_index,time_cycles
0,91544
page_index,time_cycles
0,65732
page_index,time_cycles
0,72914
page_index,time_cycles
0,81074
page_index,time_cycles
0,71268
page_index,time_cycles
0,69984
page_index,time_cycles
0,66012
page_index,time_cycles
0,88396
page_index,time_cycles
0,66756
page_index,time_cycles
0,72564
page_index,time_cycles
0,72328
page_index,time_cycles
0,76820
page_index,time_cycles
0,64652
page_index,time_cycles
0,64856
page_index,time_cycles
0,108236
page_index,time_cycles
0,68480
page_index,time_cycles
0,98420
page_index,time_cycles
0,64892
page_index,time_cycles
0,65912
page_index,time_cycles
0,59866
page_index,time_cycles
0,71120
page_index,time_cycles
0,68816
page_index,time_cycles
0,68674
page_index,time_cycles
0,66456
page_index,time_cycles
0,67562
page_index,time_cycles
0,79914
page_index,time_cycles
0,65226
page_index,time_cycles
0,63664
page_index,time_cycles
0,66310
page_index,time_cycles
0,64438
page_index,time_cycles
0,64666
page_index,time_cycles
0,64778
page_index,time_cycles
0,68536
page_index,time_cycles
0,66524
page_index,time_cycles
0,67044
page_index,time_cycles
0,66042
page_index,time_cycles
0,68956
page_index,time_cycles
0,87154
page_index,time_cycles
0,66030
page_index,time_cycles
0,105376
page_index,time_cycles
0,70630
page_index,time_cycles
0,65250
page_index,time_cycles
0,66562
page_index,time_cycles
0,71028
page_index,time_cycles
0,1167978
page_index,time_cycles
0,67590
page_index,time_cycles
0,65452
page_index,time_cycles
0,101302
page_index,time_cycles
0,64550
page_index,time_cycles
0,86852
page_index,time_cycles
0,65242
page_index,time_cycles
0,72922
page_index,time_cycles
0,67642
page_index,time_cycles
0,66274
page_index,time_cycles
0,88408
page_index,time_cycles
0,76186
page_index,time_cycles
0,67062
page_index,time_cycles
0,69198
page_index,time_cycles
0,67282
page_index,time_cycles
0,64004
page_index,time_cycles
0,68150
page_index,time_cycles
0,85050
page_index,time_cycles
0,72542
page_index,time_cycles
0,67232
page_index,time_cycles
0,66822
page_index,time_cycles
0,65450
page_index,time_cycles
0,67832
page_index,time_cycles
0,68930
page_index,time_cycles
0,66880
page_index,time_cycles
0,69390
page_index,time_cycles
0,67914
page_index,time_cycles
0,65928
page_index,time_cycles
0,72568
page_index,time_cycles
0,68006
page_index,time_cycles
0,64928
page_index,time_cycles
0,67462
page_index,time_cycles
0,71602
page_index,time_cycles
0,64618
page_index,time_cycles
0,73076
page_index,time_cycles
0,66992
page_index,time_cycles
0,68016
page_index,time_cycles
0,71756
page_index,time_cycles
0,70760
page_index,time_cycles
0,67182
page_index,time_cycles
0,67176
page_index,time_cycles
0,71410
page_index,time_cycles
0,66354
page_index,time_cycles
0,67570
page_index,time_cycles
0,68204
page_index,time_cycles
0,97306
page_index,time_cycles
0,70268
page_index,time_cycles
0,72416
page_index,time_cycles
0,65718
page_index,time_cycles
0,68082
page_index,time_cycles
0,77226
page_index,time_cycles
0,71126
page_index,time_cycles
0,69770
page_index,time_cycles
0,64336
page_index,time_cycles
0,76472
page_index,time_cycles
0,63842
page_index,time_cycles
0,73942
page_index,time_cycles
0,120234
page_index,time_cycles
0,69528
page_index,time_cycles
0,75252
page_index,time_cycles
0,71498
page_index,time_cycles
0,64590
page_index,time_cycles
0,68334
page_index,time_cycles
0,64248
page_index,time_cycles
0,69508
page_index,time_cycles
0,74512
page_index,time_cycles
0,64044
page_index,time_cycles
0,78102
page_index,time_cycles
0,70478
page_index,time_cycles
0,71146
page_index,time_cycles
0,69950
page_index,time_cycles
0,69364
page_index,time_cycles
0,68160
page_index,time_cycles
0,75394
page_index,time_cycles
0,66522
page_index,time_cycles
0,64174
page_index,time_cycles
0,112596
page_index,time_cycles
0,76780
page_index,time_cycles
0,68102
page_index,time_cycles
0,70200
page_index,time_cycles
0,66594
page_index,time_cycles
0,67682
page_index,time_cycles
0,67400
page_index,time_cycles
0,94020
page_index,time_cycles
0,64962
page_index,time_cycles
0,69074
page_index,time_cycles
0,67132
page_index,time_cycles
0,84548
page_index,time_cycles
0,75344
page_index,time_cycles
0,64460
page_index,time_cycles
0,72398
page_index,time_cycles
0,71446
page_index,time_cycles
0,65560
page_index,time_cycles
0,68000
page_index,time_cycles
0,65032
page_index,time_cycles
0,76446
page_index,time_cycles
0,64324
page_index,time_cycles
0,69016
page_index,time_cycles
0,72440
page_index,time_cycles
0,65356
page_index,time_cycles
0,64798
page_index,time_cycles
0,68172
page_index,time_cycles
0,65240
page_index,time_cycles
0,71308
page_index,time_cycles
0,103708
page_index,time_cycles
0,70892
page_index,time_cycles
0,66238
page_index,time_cycles
0,73200
page_index,time_cycles
0,85056
page_index,time_cycles
0,64782
page_index,time_cycles
0,69548
page_index,time_cycles
0,73886
page_index,time_cycles
0,67412
page_index,time_cycles
0,69558
page_index,time_cycles
0,66370
page_index,time_cycles
0,69850
page_index,time_cycles
0,69174
page_index,time_cycles
0,100300
page_index,time_cycles
0,65468
page_index,time_cycles
0,79110
page_index,time_cycles
0,72566
page_index,time_cycles
0,66958
page_index,time_cycles
0,67212
page_index,time_cycles
0,68634
page_index,time_cycles
0,67524
page_index,time_cycles
0,77568
page_index,time_cycles
0,64348
page_index,time_cycles
0,69128
page_index,time_cycles
0,67282
page_index,time_cycles
0,67348
page_index,time_cycles
0,70730
page_index,time_cycles
0,79326
page_index,time_cycles
0,73610
page_index,time_cycles
0,66096
page_index,time_cycles
0,77222
page_index,time_cycles
0,71736
page_index,time_cycles
0,88326
page_index,time_cycles
0,64452
page_index,time_cycles
0,130192
page_index,time_cycles
0,64768
page_index,time_cycles
0,71192
page_index,time_cycles
0,67124
page_index,time_cycles
0,67182
page_index,time_cycles
0,68534
page_index,time_cycles
0,68068
page_index,time_cycles
0,77752
page_index,time_cycles
0,75190
page_index,time_cycles
0,64610
page_index,time_cycles
0,70268
page_index,time_cycles
0,70636
page_index,time_cycles
0,65852
page_index,time_cycles
0,109622
page_index,time_cycles
0,66870
page_index,time_cycles
0,70794
page_index,time_cycles
0,68272
page_index,time_cycles
0,78494
page_index,time_cycles
0,73234
page_index,time_cycles
0,63166
page_index,time_cycles
0,67104
page_index,time_cycles
0,120594
page_index,time_cycles
0,64042
page_index,time_cycles
0,79448
page_index,time_cycles
0,75538
page_index,time_cycles
0,91504
page_index,time_cycles
0,70398
page_index,time_cycles
0,68264
page_index,time_cycles
0,68928
page_index,time_cycles
0,68210
page_index,time_cycles
0,70996
page_index,time_cycles
0,70686
page_index,time_cycles
0,62770
page_index,time_cycles
0,67732
page_index,time_cycles
0,66806
page_index,time_cycles
0,70952
page_index,time_cycles
0,71578
page_index,time_cycles
0,67558
page_index,time_cycles
0,71252
page_index,time_cycles
0,65470
page_index,time_cycles
0,66324
page_index,time_cycles
0,71452
page_index,time_cycles
0,65198
page_index,time_cycles
0,64530
page_index,time_cycles
0,69256
page_index,time_cycles
0,66798
page_index,time_cycles
0,88926
page_index,time_cycles
0,74626
page_index,time_cycles
0,111012
page_index,time_cycles
0,67686
page_index,time_cycles
0,79576
page_index,time_cycles
0,91486
page_index,time_cycles
0,72412
page_index,time_cycles
0,78860
page_index,time_cycles
0,64188
page_index,time_cycles
0,72186
page_index,time_cycles
0,67798
page_index,time_cycles
0,66210
page_index,time_cycles
0,64530
page_index,time_cycles
0,68090
page_index,time_cycles
0,69620
page_index,time_cycles
0,71762
page_index,time_cycles
0,63762
page_index,time_cycles
0,65634
page_index,time_cycles
0,69104
page_index,time_cycles
0,70980
page_index,time_cycles
0,64470
page_index,time_cycles
0,70512
page_index,time_cycles
0,66620
page_index,time_cycles
0,86388
page_index,time_cycles
0,127408
page_index,time_cycles
0,116370
page_index,time_cycles
0,70692
page_index,time_cycles
0,70410
page_index,time_cycles
0,68368
page_index,time_cycles
0,67678
page_index,time_cycles
0,65566
page_index,time_cycles
0,78908
page_index,time_cycles
0,103512
page_index,time_cycles
0,68678
page_index,time_cycles
0,69000
page_index,time_cycles
0,64928
page_index,time_cycles
0,73520
page_index,time_cycles
0,67388
page_index,time_cycles
0,77792
page_index,time_cycles
0,73094
page_index,time_cycles
0,67164
page_index,time_cycles
0,70082
page_index,time_cycles
0,62736
page_index,time_cycles
0,80152
page_index,time_cycles
0,75550
page_index,time_cycles
0,73022
page_index,time_cycles
0,64398
page_index,time_cycles
0,68186
page_index,time_cycles
0,63766
page_index,time_cycles
0,70410
page_index,time_cycles
0,80004
page_index,time_cycles
0,61632
page_index,time_cycles
0,74798
page_index,time_cycles
0,68490
page_index,time_cycles
0,65358
page_index,time_cycles
0,68524
page_index,time_cycles
0,75522
page_index,time_cycles
0,71104
page_index,time_cycles
0,68900
page_index,time_cycles
0,71142
page_index,time_cycles
0,65014
page_index,time_cycles
0,75634
page_index,time_cycles
0,70592
page_index,time_cycles
0,72830
page_index,time_cycles
0,94416
page_index,time_cycles
0,72774
page_index,time_cycles
0,65742
page_index,time_cycles
0,68250
page_index,time_cycles
0,73274
page_index,time_cycles
0,67310
page_index,time_cycles
0,64384
page_index,time_cycles
0,68490
page_index,time_cycles
0,65818
page_index,time_cycles
0,69964
page_index,time_cycles
0,71334
page_index,time_cycles
0,67954
page_index,time_cycles
0,61372
page_index,time_cycles
0,68676
page_index,time_cycles
0,66984
page_index,time_cycles
0,65396
page_index,time_cycles
0,64304
page_index,time_cycles
0,64314
page_index,time_cycles
0,65780
page_index,time_cycles
0,81402
page_index,time_cycles
0,79528
page_index,time_cycles
0,69060
page_index,time_cycles
0,87842
page_index,time_cycles
0,64644
page_index,time_cycles
0,72226
page_index,time_cycles
0,84650
page_index,time_cycles
0,122138
page_index,time_cycles
0,67410
page_index,time_cycles
0,70460
page_index,time_cycles
0,71160
page_index,time_cycles
0,60544
page_index,time_cycles
0,66644
page_index,time_cycles
0,71602
page_index,time_cycles
0,67990
page_index,time_cycles
0,72556
page_index,time_cycles
0,72934
page_index,time_cycles
0,74014
page_index,time_cycles
0,69792
page_index,time_cycles
0,70576
page_index,time_cycles
0,65384
page_index,time_cycles
0,67502
page_index,time_cycles
0,66686
page_index,time_cycles
0,67284
page_index,time_cycles
0,66552
page_index,time_cycles
0,68704
page_index,time_cycles
0,67022
page_index,time_cycles
0,65936
page_index,time_cycles
0,72102
page_index,time_cycles
0,68918
page_index,time_cycles
0,64786
page_index,time_cycles
0,69272
page_index,time_cycles
0,104828
page_index,time_cycles
0,72840
page_index,time_cycles
0,85464
page_index,time_cycles
0,73770
page_index,time_cycles
0,64370
page_index,time_cycles
0,77100
page_index,time_cycles
0,64158
page_index,time_cycles
0,67654
page_index,time_cycles
0,64934
page_index,time_cycles
0,82124
page_index,time_cycles
0,65016
page_index,time_cycles
0,64888
page_index,time_cycles
0,90640
page_index,time_cycles
0,65382
page_index,time_cycles
0,65024
page_index,time_cycles
0,70148
page_index,time_cycles
0,65082
page_index,time_cycles
0,63882
page_index,time_cycles
0,70630
page_index,time_cycles
0,72160
page_index,time_cycles
0,68952
page_index,time_cycles
0,64416
page_index,time_cycles
0,71354
page_index,time_cycles
0,74840
page_index,time_cycles
0,69148
page_index,time_cycles
0,64156
page_index,time_cycles
0,78152
page_index,time_cycles
0,68352
page_index,time_cycles
0,70200
page_index,time_cycles
0,74218
page_index,time_cycles
0,64438
page_index,time_cycles
0,78206
page_index,time_cycles
0,69356
page_index,time_cycles
0,65908
page_index,time_cycles
0,73052
page_index,time_cycles
0,70974
page_index,time_cycles
0,78294
page_index,time_cycles
0,65026
page_index,time_cycles
0,89410
page_index,time_cycles
0,64264
page_index,time_cycles
0,68686
page_index,time_cycles
0,99152
page_index,time_cycles
0,67148
page_index,time_cycles
0,70150
page_index,time_cycles
0,71914
page_index,time_cycles
0,66242
page_index,time_cycles
0,64928
page_index,time_cycles
0,74566
page_index,time_cycles
0,75294
page_index,time_cycles
0,72156
page_index,time_cycles
0,71854
page_index,time_cycles
0,65074
page_index,time_cycles
0,66858
page_index,time_cycles
0,93950
page_index,time_cycles
0,79240
page_index,time_cycles
0,69262
page_index,time_cycles
0,67888
page_index,time_cycles
0,77816
page_index,time_cycles
0,66170
page_index,time_cycles
0,74714
page_index,time_cycles
0,70412
page_index,time_cycles
0,65746
page_index,time_cycles
0,78294
page_index,time_cycles
0,66070
page_index,time_cycles
0,67442
page_index,time_cycles
0,107630
page_index,time_cycles
0,67416
page_index,time_cycles
0,71836
page_index,time_cycles
0,65340
page_index,time_cycles
0,66710
page_index,time_cycles
0,67782
page_index,time_cycles
0,78770
page_index,time_cycles
0,76626
page_index,time_cycles
0,70244
page_index,time_cycles
0,65442
page_index,time_cycles
0,65982
page_index,time_cycles
0,72452
page_index,time_cycles
0,130976
page_index,time_cycles
0,71240
page_index,time_cycles
0,70508
page_index,time_cycles
0,68772
page_index,time_cycles
0,69956
page_index,time_cycles
0,71810
page_index,time_cycles
0,69996
page_index,time_cycles
0,67648
page_index,time_cycles
0,84040
page_index,time_cycles
0,69122
page_index,time_cycles
0,74810
page_index,time_cycles
0,97512
page_index,time_cycles
0,64790
page_index,time_cycles
0,65952
page_index,time_cycles
0,70120
page_index,time_cycles
0,73784
page_index,time_cycles
0,71066
page_index,time_cycles
0,78432
page_index,time_cycles
0,77734
page_index,time_cycles
0,65882
page_index,time_cycles
0,63950
page_index,time_cycles
0,70516
page_index,time_cycles
0,78170
page_index,time_cycles
0,72246
page_index,time_cycles
0,66028
page_index,time_cycles
0,96012
page_index,time_cycles
0,69956
page_index,time_cycles
0,64338
page_index,time_cycles
0,78842
page_index,time_cycles
0,73744
page_index,time_cycles
0,78184
page_index,time_cycles
0,70656
page_index,time_cycles
0,70908
page_index,time_cycles
0,68052
page_index,time_cycles
0,73512
page_index,time_cycles
0,69988
page_index,time_cycles
0,76008
page_index,time_cycles
0,69474
page_index,time_cycles
0,68360
page_index,time_cycles
0,66110
page_index,time_cycles
0,64124
page_index,time_cycles
0,71924
page_index,time_cycles
0,70616
page_index,time_cycles
0,66746
page_index,time_cycles
0,67678
page_index,time_cycles
0,63854
page_index,time_cycles
0,87102
page_index,time_cycles
0,67158
page_index,time_cycles
0,72644
page_index,time_cycles
0,69100
page_index,time_cycles
0,67148
page_index,time_cycles
0,81546
page_index,time_cycles
0,68084
page_index,time_cycles
0,64468
page_index,time_cycles
0,63500
page_index,time_cycles
0,64050
page_index,time_cycles
0,65686
page_index,time_cycles
0,65048
page_index,time_cycles
0,70424
page_index,time_cycles
0,65970
page_index,time_cycles
0,67736
page_index,time_cycles
0,97128
page_index,time_cycles
0,65134
page_index,time_cycles
0,70154
page_index,time_cycles
0,125366
page_index,time_cycles
0,64070
page_index,time_cycles
0,70046
page_index,time_cycles
0,71338
page_index,time_cycles
0,65684
page_index,time_cycles
0,65696
page_index,time_cycles
0,75302
page_index,time_cycles
0,68682
page_index,time_cycles
0,67794
page_index,time_cycles
0,67892
page_index,time_cycles
0,67050
page_index,time_cycles
0,70690
page_index,time_cycles
0,64106
page_index,time_cycles
0,142514
page_index,time_cycles
0,64478
page_index,time_cycles
0,73960
page_index,time_cycles
0,65812
page_index,time_cycles
0,65826
page_index,time_cycles
0,66718
page_index,time_cycles
0,76272
page_index,time_cycles
0,68218
page_index,time_cycles
0,66970
page_index,time_cycles
0,68886
page_index,time_cycles
0,80620
page_index,time_cycles
0,63942
page_index,time_cycles
0,73218
page_index,time_cycles
0,74106
page_index,time_cycles
0,65408
page_index,time_cycles
0,80398
page_index,time_cycles
0,66000
page_index,time_cycles
0,125652
page_index,time_cycles
0,93766
page_index,time_cycles
0,65376
page_index,time_cycles
0,65210
page_index,time_cycles
0,63366
page_index,time_cycles
0,70874
page_index,time_cycles
0,68508
page_index,time_cycles
0,66298
page_index,time_cycles
0,71130
page_index,time_cycles
0,63322
page_index,time_cycles
0,71970
page_index,time_cycles
0,71836
page_index,time_cycles
0,77784
page_index,time_cycles
0,64488
page_index,time_cycles
0,68582
page_index,time_cycles
0,97442
page_index,time_cycles
0,73348
page_index,time_cycles
0,72556
page_index,time_cycles
0,70194
page_index,time_cycles
0,66158
page_index,time_cycles
0,89042
page_index,time_cycles
0,65604
page_index,time_cycles
0,65124
page_index,time_cycles
0,71224
page_index,time_cycles
0,71760
page_index,time_cycles
0,66556
page_index,time_cycles
0,66910
page_index,time_cycles
0,70684
page_index,time_cycles
0,69608
page_index,time_cycles
0,64960
page_index,time_cycles
0,96592
page_index,time_cycles
0,65144
page_index,time_cycles
0,64338
page_index,time_cycles
0,64466
page_index,time_cycles
0,65140
page_index,time_cycles
0,63668
page_index,time_cycles
0,71822
page_index,time_cycles
0,63844
page_index,time_cycles
0,72390
page_index,time_cycles
0,74698
page_index,time_cycles
0,67136
page_index,time_cycles
0,107494
page_index,time_cycles
0,73738
page_index,time_cycles
0,69964
page_index,time_cycles
0,71914
page_index,time_cycles
0,85850
page_index,time_cycles
0,75160
page_index,time_cycles
0,74494
page_index,time_cycles
0,68642
page_index,time_cycles
0,64842
page_index,time_cycles
0,78634
page_index,time_cycles
0,65874
page_index,time_cycles
0,69478
page_index,time_cycles
0,70280
page_index,time_cycles
0,90228
page_index,time_cycles
0,99086
page_index,time_cycles
0,64182
page_index,time_cycles
0,67130
page_index,time_cycles
0,74634
page_index,time_cycles
0,66950
page_index,time_cycles
0,64700
page_index,time_cycles
0,70010
page_index,time_cycles
0,79606
page_index,time_cycles
0,99594
page_index,time_cycles
0,70500
page_index,time_cycles
0,65420
page_index,time_cycles
0,71652
page_index,time_cycles
0,66726
page_index,time_cycles
0,67126
page_index,time_cycles
0,68782
page_index,time_cycles
0,68862
page_index,time_cycles
0,68056
page_index,time_cycles
0,65060
page_index,time_cycles
0,98784
page_index,time_cycles
0,64402
page_index,time_cycles
0,138668
page_index,time_cycles
0,77056
page_index,time_cycles
0,65632
page_index,time_cycles
0,101988
page_index,time_cycles
0,67402
page_index,time_cycles
0,71286
page_index,time_cycles
0,68346
page_index,time_cycles
0,70472
page_index,time_cycles
0,68384
page_index,time_cycles
0,62598
page_index,time_cycles
0,72818
page_index,time_cycles
0,66556
page_index,time_cycles
0,65908
page_index,time_cycles
0,68378
page_index,time_cycles
0,81066
page_index,time_cycles
0,93162
page_index,time_cycles
0,70342
page_index,time_cycles
0,66522
page_index,time_cycles
0,64066
page_index,time_cycles
0,71100
page_index,time_cycles
0,64270
page_index,time_cycles
0,65740
page_index,time_cycles
0,89126
page_index,time_cycles
0,69698
page_index,time_cycles
0,64350
page_index,time_cycles
0,101212
page_index,time_cycles
0,92824
page_index,time_cycles
0,71250
page_index,time_cycles
0,66934
page_index,time_cycles
0,63682
page_index,time_cycles
0,64108
page_index,time_cycles
0,63458
page_index,time_cycles
0,80544
page_index,time_cycles
0,73576
page_index,time_cycles
0,75416
page_index,time_cycles
0,68686
page_index,time_cycles
0,71050
page_index,time_cycles
0,73132
page_index,time_cycles
0,80550
page_index,time_cycles
0,66398
page_index,time_cycles
0,72834
page_index,time_cycles
0,77432
page_index,time_cycles
0,64292
page_index,time_cycles
0,66966
page_index,time_cycles
0,70624
page_index,time_cycles
0,100230
page_index,time_cycles
0,89540
page_index,time_cycles
0,66598
page_index,time_cycles
0,78172
page_index,time_cycles
0,79078
page_index,time_cycles
0,131154
page_index,time_cycles
0,72280
page_index,time_cycles
0,99910
page_index,time_cycles
0,67880
page_index,time_cycles
0,69548
page_index,time_cycles
0,72366
page_index,time_cycles
0,72916
page_index,time_cycles
0,69104
page_index,time_cycles
0,67488
page_index,time_cycles
0,71726
page_index,time_cycles
0,67486
page_index,time_cycles
0,63016
page_index,time_cycles
0,67610
page_index,time_cycles
0,77686
page_index,time_cycles
0,67342
page_index,time_cycles
0,72644
page_index,time_cycles
0,65982
page_index,time_cycles
0,67890
page_index,time_cycles
0,70838
page_index,time_cycles
0,88366
page_index,time_cycles
0,69850
page_index,time_cycles
0,67852
page_index,time_cycles
0,66628
page_index,time_cycles
0,68200
page_index,time_cycles
0,72048
page_index,time_cycles
0,68480
page_index,time_cycles
0,67646
page_index,time_cycles
0,66084
page_index,time_cycles
0,73122
page_index,time_cycles
0,67868
page_index,time_cycles
0,77976
page_index,time_cycles
0,77420
page_index,time_cycles
0,68600
page_index,time_cycles
0,81846
page_index,time_cycles
0,76230
page_index,time_cycles
0,65224
page_index,time_cycles
0,69788
page_index,time_cycles
0,65178
page_index,time_cycles
0,64914
page_index,time_cycles
0,65042
page_index,time_cycles
0,64954
page_index,time_cycles
0,61394
page_index,time_cycles
0,69722
page_index,time_cycles
0,129668
page_index,time_cycles
0,66156
page_index,time_cycles
0,98064
page_index,time_cycles
0,71854
page_index,time_cycles
0,64842
page_index,time_cycles
0,72720
page_index,time_cycles
0,69084
page_index,time_cycles
0,93878
page_index,time_cycles
0,64176
page_index,time_cycles
0,66584
page_index,time_cycles
0,66122
page_index,time_cycles
0,71654
page_index,time_cycles
0,76972
page_index,time_cycles
0,66634
page_index,time_cycles
0,67846
page_index,time_cycles
0,70992
page_index,time_cycles
0,65038
page_index,time_cycles
0,70140
page_index,time_cycles
0,104366
page_index,time_cycles
0,69692
page_index,time_cycles
0,71996
page_index,time_cycles
0,68142
page_index,time_cycles
0,74582
page_index,time_cycles
0,66028
page_index,time_cycles
0,75612
page_index,time_cycles
0,63514
page_index,time_cycles
0,99604
page_index,time_cycles
0,96456
page_index,time_cycles
0,68614
page_index,time_cycles
0,79590
page_index,time_cycles
0,65086
page_index,time_cycles
0,71920
page_index,time_cycles
0,65390
page_index,time_cycles
0,65292
page_index,time_cycles
0,71534
page_index,time_cycles
0,69944
page_index,time_cycles
0,65194
page_index,time_cycles
0,76774
page_index,time_cycles
0,66132
page_index,time_cycles
0,67418
page_index,time_cycles
0,71398
page_index,time_cycles
0,72874
page_index,time_cycles
0,70676
page_index,time_cycles
0,64272
page_index,time_cycles
0,65292
page_index,time_cycles
0,67070
page_index,time_cycles
0,68736
page_index,time_cycles
0,77682
page_index,time_cycles
0,63494
page_index,time_cycles
0,66054
page_index,time_cycles
0,77490
page_index,time_cycles
0,72998
page_index,time_cycles
0,75230
page_index,time_cycles
0,66818
page_index,time_cycles
0,70140
page_index,time_cycles
0,69890
page_index,time_cycles
0,65172
page_index,time_cycles
0,64788
page_index,time_cycles
0,69820
page_index,time_cycles
0,62380
page_index,time_cycles
0,108844
page_index,time_cycles
0,83692
page_index,time_cycles
0,77016
page_index,time_cycles
0,68984
page_index,time_cycles
0,73138
page_index,time_cycles
0,66992
page_index,time_cycles
0,76432
page_index,time_cycles
0,68844
page_index,time_cycles
0,79352
page_index,time_cycles
0,65846
page_index,time_cycles
0,65522
page_index,time_cycles
0,67814
page_index,time_cycles
0,64964
page_index,time_cycles
0,65150
page_index,time_cycles
0,64022
page_index,time_cycles
0,67274
page_index,time_cycles
0,74020
page_index,time_cycles
0,69032
page_index,time_cycles
0,68960
page_index,time_cycles
0,67952
page_index,time_cycles
0,72016
page_index,time_cycles
0,68648
page_index,time_cycles
0,65306
page_index,time_cycles
0,72664
page_index,time_cycles
0,69476
page_index,time_cycles
0,71198
page_index,time_cycles
0,67948
page_index,time_cycles
0,73186
page_index,time_cycles
0,66762
page_index,time_cycles
0,68502
page_index,time_cycles
0,67228
page_index,time_cycles
0,76816
page_index,time_cycles
0,67488
page_index,time_cycles
0,122148
page_index,time_cycles
0,69436
page_index,time_cycles
0,67090
page_index,time_cycles
0,70944
page_index,time_cycles
0,65326
page_index,time_cycles
0,79042
page_index,time_cycles
0,60484
page_index,time_cycles
0,66112
page_index,time_cycles
0,68946
page_index,time_cycles
0,72346
page_index,time_cycles
0,65150
page_index,time_cycles
0,66172
page_index,time_cycles
0,72100
page_index,time_cycles
0,68466
page_index,time_cycles
0,64186
page_index,time_cycles
0,77134
page_index,time_cycles
0,76816
page_index,time_cycles
0,80416
page_index,time_cycles
0,71014
page_index,time_cycles
0,63484
page_index,time_cycles
0,68086
page_index,time_cycles
0,73382
page_index,time_cycles
0,72254
page_index,time_cycles
0,70306
page_index,time_cycles
0,67826
page_index,time_cycles
0,89412
page_index,time_cycles
0,65020
page_index,time_cycles
0,69512
page_index,time_cycles
0,81192
page_index,time_cycles
0,67238
page_index,time_cycles
0,69086
page_index,time_cycles
0,68492
page_index,time_cycles
0,68054
page_index,time_cycles
0,63736
page_index,time_cycles
0,65430
page_index,time_cycles
0,67644
page_index,time_cycles
0,68818
page_index,time_cycles
0,64822
page_index,time_cycles
0,71894
page_index,time_cycles
0,69382
page_index,time_cycles
0,79322
page_index,time_cycles
0,67348
page_index,time_cycles
0,66964
page_index,time_cycles
0,66606
page_index,time_cycles
0,65878
page_index,time_cycles
0,64088
page_index,time_cycles
0,68020
page_index,time_cycles
0,71556
page_index,time_cycles
0,65704
page_index,time_cycles
0,77152
page_index,time_cycles
0,65130
page_index,time_cycles
0,65810
page_index,time_cycles
0,107670
page_index,time_cycles
0,72190
page_index,time_cycles
0,66934
page_index,time_cycles
0,67378
page_index,time_cycles
0,61226
page_index,time_cycles
0,65196
page_index,time_cycles
0,63852
page_index,time_cycles
0,65132
page_index,time_cycles
0,64370
page_index,time_cycles
0,66314
page_index,time_cycles
0,147988
page_index,time_cycles
0,67612
page_index,time_cycles
0,67940
page_index,time_cycles
0,94952
page_index,time_cycles
0,67948
page_index,time_cycles
0,64790
page_index,time_cycles
0,67614
page_index,time_cycles
0,74230
page_index,time_cycles
0,69208
page_index,time_cycles
0,71300
page_index,time_cycles
0,67570
page_index,time_cycles
0,72084
page_index,time_cycles
0,94300
page_index,time_cycles
0,77658
page_index,time_cycles
0,69004
page_index,time_cycles
0,109604
page_index,time_cycles
0,69690
page_index,time_cycles
0,83750
page_index,time_cycles
0,74238
page_index,time_cycles
0,64116
page_index,time_cycles
0,67296
page_index,time_cycles
0,73044
page_index,time_cycles
0,71574
page_index,time_cycles
0,64608
page_index,time_cycles
0,75278
page_index,time_cycles
0,80786
page_index,time_cycles
0,66806
page_index,time_cycles
0,94790
page_index,time_cycles
0,67482
page_index,time_cycles
0,69380
page_index,time_cycles
0,66670
page_index,time_cycles
0,70274
page_index,time_cycles
0,66720
page_index,time_cycles
0,63204
page_index,time_cycles
0,67020
page_index,time_cycles
0,79202
page_index,time_cycles
0,64078
page_index,time_cycles
0,65370
page_index,time_cycles
0,69348
page_index,time_cycles
0,64954
page_index,time_cycles
0,72342
page_index,time_cycles
0,116948
page_index,time_cycles
0,69062
page_index,time_cycles
0,66298
page_index,time_cycles
0,69022
page_index,time_cycles
0,125406
page_index,time_cycles
0,66836
page_index,time_cycles
0,64724
page_index,time_cycles
0,65064
page_index,time_cycles
0,68028
page_index,time_cycles
0,70028
page_index,time_cycles
0,64992
page_index,time_cycles
0,79840
page_index,time_cycles
0,67294
page_index,time_cycles
0,69070
page_index,time_cycles
0,68628
page_index,time_cycles
0,66930
page_index,time_cycles
0,65782
page_index,time_cycles
0,63764
page_index,time_cycles
0,115250
page_index,time_cycles
0,69820
page_index,time_cycles
0,74550
page_index,time_cycles
0,65960
page_index,time_cycles
0,64336
page_index,time_cycles
0,64484
page_index,time_cycles
0,69094
page_index,time_cycles
0,77082
page_index,time_cycles
0,66674
page_index,time_cycles
0,65740
page_index,time_cycles
0,65684
page_index,time_cycles
0,69838
page_index,time_cycles
0,69216
page_index,time_cycles
0,71590
page_index,time_cycles
0,77266
page_index,time_cycles
0,65296
page_index,time_cycles
0,70192
page_index,time_cycles
0,66400
page_index,time_cycles
0,64992
page_index,time_cycles
0,69990
page_index,time_cycles
0,68004
page_index,time_cycles
0,63228
page_index,time_cycles
0,72928
page_index,time_cycles
0,65172
page_index,time_cycles
0,69012
page_index,time_cycles
0,66490
page_index,time_cycles
0,67152
page_index,time_cycles
0,78782
page_index,time_cycles
0,74788
page_index,time_cycles
0,66466
page_index,time_cycles
0,66422
page_index,time_cycles
0,67484
page_index,time_cycles
0,66858
page_index,time_cycles
0,63510
page_index,time_cycles
0,66858
page_index,time_cycles
0,65568
page_index,time_cycles
0,86264
page_index,time_cycles
0,86286
page_index,time_cycles
0,69284
page_index,time_cycles
0,78292
page_index,time_cycles
0,70608
page_index,time_cycles
0,68850
page_index,time_cycles
0,69554
page_index,time_cycles
0,68798
page_index,time_cycles
0,70196
page_index,time_cycles
0,65822
page_index,time_cycles
0,69490
page_index,time_cycles
0,102004
page_index,time_cycles
0,66266
page_index,time_cycles
0,72412
page_index,time_cycles
0,64434
page_index,time_cycles
0,66482
page_index,time_cycles
0,92912
page_index,time_cycles
0,69872
page_index,time_cycles
0,69448
page_index,time_cycles
0,68718
page_index,time_cycles
0,67696
page_index,time_cycles
0,67856
page_index,time_cycles
0,64984
page_index,time_cycles
0,77412
page_index,time_cycles
0,65910
page_index,time_cycles
0,67382
page_index,time_cycles
0,70432
page_index,time_cycles
0,64156
page_index,time_cycles
0,64500
page_index,time_cycles
0,67230
page_index,time_cycles
0,82288
page_index,time_cycles
0,67536
page_index,time_cycles
0,78576
page_index,time_cycles
0,63056
page_index,time_cycles
0,110648
page_index,time_cycles
0,72150
page_index,time_cycles
0,75406
page_index,time_cycles
0,67828
page_index,time_cycles
0,67326
page_index,time_cycles
0,62708
page_index,time_cycles
0,78268
page_index,time_cycles
0,65524
page_index,time_cycles
0,68484
page_index,time_cycles
0,68258
page_index,time_cycles
0,75440
page_index,time_cycles
0,86358
page_index,time_cycles
0,65818
page_index,time_cycles
0,64770
page_index,time_cycles
0,64270
page_index,time_cycles
0,69264
page_index,time_cycles
0,67662
page_index,time_cycles
0,66424
page_index,time_cycles
0,70078
page_index,time_cycles
0,78510
page_index,time_cycles
0,63586
page_index,time_cycles
0,65550
page_index,time_cycles
0,118526
page_index,time_cycles
0,86276
page_index,time_cycles
0,67500
page_index,time_cycles
0,69324
page_index,time_cycles
0,70492
page_index,time_cycles
0,84650
page_index,time_cycles
0,67074
page_index,time_cycles
0,80344
page_index,time_cycles
0,66490
page_index,time_cycles
0,83916
page_index,time_cycles
0,67846
page_index,time_cycles
0,113800
page_index,time_cycles
0,64310
page_index,time_cycles
0,74462
page_index,time_cycles
0,71182
page_index,time_cycles
0,69302
page_index,time_cycles
0,66560
page_index,time_cycles
0,69552
page_index,time_cycles
0,63486
page_index,time_cycles
0,64916
page_index,time_cycles
0,77454
page_index,time_cycles
0,66206
page_index,time_cycles
0,80898
page_index,time_cycles
0,66708
page_index,time_cycles
0,69496
page_index,time_cycles
0,67362
page_index,time_cycles
0,66542
page_index,time_cycles
0,76444
page_index,time_cycles
0,70792
page_index,time_cycles
0,69782
page_index,time_cycles
0,62928
page_index,time_cycles
0,64706
page_index,time_cycles
0,65506
page_index,time_cycles
0,69232
page_index,time_cycles
0,71802
page_index,time_cycles
0,90310
page_index,time_cycles
0,64324
page_index,time_cycles
0,67522
page_index,time_cycles
0,66636
page_index,time_cycles
0,65030
page_index,time_cycles
0,62864
page_index,time_cycles
0,74328
page_index,time_cycles
0,70920
page_index,time_cycles
0,64784
page_index,time_cycles
0,66448
page_index,time_cycles
0,88706
page_index,time_cycles
0,75912
page_index,time_cycles
0,65786
page_index,time_cycles
0,64410
page_index,time_cycles
0,71082
page_index,time_cycles
0,64842
page_index,time_cycles
0,67260
page_index,time_cycles
0,77328
page_index,time_cycles
0,69970
page_index,time_cycles
0,68546
page_index,time_cycles
0,68696
page_index,time_cycles
0,78580
page_index,time_cycles
0,77508
page_index,time_cycles
0,66856
page_index,time_cycles
0,66816
page_index,time_cycles
0,91820
page_index,time_cycles
0,76834
page_index,time_cycles
0,70900
page_index,time_cycles
0,65952
page_index,time_cycles
0,67766
page_index,time_cycles
0,68830
page_index,time_cycles
0,67292
page_index,time_cycles
0,65858
page_index,time_cycles
0,68398
page_index,time_cycles
0,72282
page_index,time_cycles
0,71212
page_index,time_cycles
0,70214
page_index,time_cycles
0,73144
page_index,time_cycles
0,67598
page_index,time_cycles
0,67090
page_index,time_cycles
0,64680
page_index,time_cycles
0,67358
page_index,time_cycles
0,65124
page_index,time_cycles
0,64540
page_index,time_cycles
0,69850
page_index,time_cycles
0,78676
page_index,time_cycles
0,78554
page_index,time_cycles
0,100856
page_index,time_cycles
0,78360
page_index,time_cycles
0,81952
page_index,time_cycles
0,85552
page_index,time_cycles
0,66902
page_index,time_cycles
0,64804
page_index,time_cycles
0,78566
page_index,time_cycles
0,65232
page_index,time_cycles
0,79218
page_index,time_cycles
0,69840
page_index,time_cycles
0,71314
page_index,time_cycles
0,82392
page_index,time_cycles
0,75352
page_index,time_cycles
0,76680
page_index,time_cycles
0,67176
page_index,time_cycles
0,65768
page_index,time_cycles
0,64498
page_index,time_cycles
0,65986
page_index,time_cycles
0,67348
page_index,time_cycles
0,68386
page_index,time_cycles
0,70590
page_index,time_cycles
0,67584
page_index,time_cycles
0,147042
page_index,time_cycles
0,67868
page_index,time_cycles
0,69202
page_index,time_cycles
0,75556
page_index,time_cycles
0,77786
page_index,time_cycles
0,66924
page_index,time_cycles
0,67844
page_index,time_cycles
0,71878
page_index,time_cycles
0,73564
page_index,time_cycles
0,64668
page_index,time_cycles
0,123060
page_index,time_cycles
0,69434
page_index,time_cycles
0,64598
page_index,time_cycles
0,65328
page_index,time_cycles
0,98316
page_index,time_cycles
0,69928
page_index,time_cycles
0,64282
page_index,time_cycles
0,85834
page_index,time_cycles
0,69156
page_index,time_cycles
0,90198
page_index,time_cycles
0,67274
page_index,time_cycles
0,74852
page_index,time_cycles
0,82976
page_index,time_cycles
0,69550
page_index,time_cycles
0,69894
page_index,time_cycles
0,67638
page_index,time_cycles
0,66986
page_index,time_cycles
0,76848
page_index,time_cycles
0,68902
page_index,time_cycles
0,69292
page_index,time_cycles
0,65298
page_index,time_cycles
0,66092
page_index,time_cycles
0,64632
page_index,time_cycles
0,66082
page_index,time_cycles
0,77576
page_index,time_cycles
0,98626
page_index,time_cycles
0,66966
page_index,time_cycles
0,69632
page_index,time_cycles
0,79000
page_index,time_cycles
0,68428
page_index,time_cycles
0,69426
page_index,time_cycles
0,72598
page_index,time_cycles
0,70696
page_index,time_cycles
0,64258
page_index,time_cycles
0,68580
page_index,time_cycles
0,81094
page_index,time_cycles
0,63470
page_index,time_cycles
0,69688
page_index,time_cycles
0,74456
page_index,time_cycles
0,66550
page_index,time_cycles
0,67298
page_index,time_cycles
0,90108
page_index,time_cycles
0,65088
page_index,time_cycles
0,83516
page_index,time_cycles
0,68468
page_index,time_cycles
0,64362
page_index,time_cycles
0,69478
page_index,time_cycles
0,66952
page_index,time_cycles
0,70924
page_index,time_cycles
0,78066
page_index,time_cycles
0,97058
page_index,time_cycles
0,66670
page_index,time_cycles
0,75074
page_index,time_cycles
0,65632
page_index,time_cycles
0,68206
page_index,time_cycles
0,70260
page_index,time_cycles
0,66330
page_index,time_cycles
0,64148
page_index,time_cycles
0,63210
page_index,time_cycles
0,69890
page_index,time_cycles
0,67394
page_index,time_cycles
0,75354
page_index,time_cycles
0,68344
page_index,time_cycles
0,70112
page_index,time_cycles
0,71808
page_index,time_cycles
0,95926
page_index,time_cycles
0,69824
page_index,time_cycles
0,67404
page_index,time_cycles
0,67530
page_index,time_cycles
0,64096
page_index,time_cycles
0,65750
page_index,time_cycles
0,78258
page_index,time_cycles
0,68632
page_index,time_cycles
0,112828
page_index,time_cycles
0,66154
page_index,time_cycles
0,65890
page_index,time_cycles
0,63226
page_index,time_cycles
0,71052
page_index,time_cycles
0,65730
page_index,time_cycles
0,69030
page_index,time_cycles
0,65854
page_index,time_cycles
0,65890
page_index,time_cycles
0,66514
page_index,time_cycles
0,96394
page_index,time_cycles
0,98542
page_index,time_cycles
0,72156
page_index,time_cycles
0,72400
page_index,time_cycles
0,68834
page_index,time_cycles
0,65532
page_index,time_cycles
0,67362
page_index,time_cycles
0,64896
page_index,time_cycles
0,75932
page_index,time_cycles
0,90428
page_index,time_cycles
0,74912
page_index,time_cycles
0,65602
page_index,time_cycles
0,100616
page_index,time_cycles
0,69428
page_index,time_cycles
0,71686
page_index,time_cycles
0,102732
page_index,time_cycles
0,68022
page_index,time_cycles
0,66806
page_index,time_cycles
0,69828
page_index,time_cycles
0,104638
page_index,time_cycles
0,94950
page_index,time_cycles
0,67772
page_index,time_cycles
0,71406
page_index,time_cycles
0,64372
page_index,time_cycles
0,73032
page_index,time_cycles
0,90144
page_index,time_cycles
0,66184
page_index,time_cycles
0,71552
page_index,time_cycles
0,69826
page_index,time_cycles
0,68616
page_index,time_cycles
0,72392
page_index,time_cycles
0,65784
page_index,time_cycles
0,71594
page_index,time_cycles
0,65390
page_index,time_cycles
0,75262
page_index,time_cycles
0,69342
page_index,time_cycles
0,70584
page_index,time_cycles
0,68176
page_index,time_cycles
0,103110
page_index,time_cycles
0,64238
page_index,time_cycles
0,70448
page_index,time_cycles
0,74016
page_index,time_cycles
0,65272
page_index,time_cycles
0,102390
page_index,time_cycles
0,66148
page_index,time_cycles
0,72106
page_index,time_cycles
0,67568
page_index,time_cycles
0,76204
page_index,time_cycles
0,65412
page_index,time_cycles
0,65980
page_index,time_cycles
0,67720
page_index,time_cycles
0,69146
page_index,time_cycles
0,74262
page_index,time_cycles
0,79134
page_index,time_cycles
0,64186
page_index,time_cycles
0,98822
page_index,time_cycles
0,66810
page_index,time_cycles
0,67194
page_index,time_cycles
0,66268
page_index,time_cycles
0,64814
page_index,time_cycles
0,71084
page_index,time_cycles
0,69830
page_index,time_cycles
0,75052
page_index,time_cycles
0,70044
page_index,time_cycles
0,77846
page_index,time_cycles
0,63428
page_index,time_cycles
0,64716
page_index,time_cycles
0,68308
page_index,time_cycles
0,72164
page_index,time_cycles
0,101824
page_index,time_cycles
0,59306
page_index,time_cycles
0,65408
page_index,time_cycles
0,78732
page_index,time_cycles
0,112120
page_index,time_cycles
0,70316
page_index,time_cycles
0,183296
page_index,time_cycles
0,64744
page_index,time_cycles
0,92240
page_index,time_cycles
0,433240
page_index,time_cycles
0,65618
page_index,time_cycles
0,68962
page_index,time_cycles
0,64336
page_index,time_cycles
0,64022
page_index,time_cycles
0,66580
page_index,time_cycles
0,68174
page_index,time_cycles
0,97872
page_index,time_cycles
0,81174
page_index,time_cycles
0,69640
page_index,time_cycles
0,71778
page_index,time_cycles
0,67274
page_index,time_cycles
0,66308
page_index,time_cycles
0,73090
page_index,time_cycles
0,66398
page_index,time_cycles
0,69370
page_index,time_cycles
0,71876
page_index,time_cycles
0,79700
page_index,time_cycles
0,72802
page_index,time_cycles
0,68770
page_index,time_cycles
0,73926
page_index,time_cycles
0,64558
page_index,time_cycles
0,64648
page_index,time_cycles
0,66286
page_index,time_cycles
0,72194
page_index,time_cycles
0,71742
page_index,time_cycles
0,64068
page_index,time_cycles
0,68786
page_index,time_cycles
0,101868
page_index,time_cycles
0,64770
page_index,time_cycles
0,70606
page_index,time_cycles
0,77712
page_index,time_cycles
0,69324
page_index,time_cycles
0,75546
page_index,time_cycles
0,66142
page_index,time_cycles
0,73310
page_index,time_cycles
0,67110
page_index,time_cycles
0,64974
page_index,time_cycles
0,69476
page_index,time_cycles
0,64694
page_index,time_cycles
0,64900
page_index,time_cycles
0,70224
page_index,time_cycles
0,87506
page_index,time_cycles
0,73366
page_index,time_cycles
0,64016
page_index,time_cycles
0,86236
page_index,time_cycles
0,69900
page_index,time_cycles
0,70010
page_index,time_cycles
0,68712
page_index,time_cycles
0,91218
page_index,time_cycles
0,67680
page_index,time_cycles
0,65958
page_index,time_cycles
0,69960
page_index,time_cycles
0,69864
page_index,time_cycles
0,64586
page_index,time_cycles
0,76598
page_index,time_cycles
0,62870
page_index,time_cycles
0,64634
page_index,time_cycles
0,66970
page_index,time_cycles
0,63392
page_index,time_cycles
0,64594
page_index,time_cycles
0,65456
page_index,time_cycles
0,71004
page_index,time_cycles
0,69926
page_index,time_cycles
0,155246
page_index,time_cycles
0,78538
page_index,time_cycles
0,72212
page_index,time_cycles
0,71362
page_index,time_cycles
0,65214
page_index,time_cycles
0,69310
page_index,time_cycles
0,66426
page_index,time_cycles
0,71814
page_index,time_cycles
0,64674
page_index,time_cycles
0,64144
page_index,time_cycles
0,75124
page_index,time_cycles
0,71932
page_index,time_cycles
0,69406
page_index,time_cycles
0,70046
page_index,time_cycles
0,65546
page_index,time_cycles
0,65972
page_index,time_cycles
0,71726
page_index,time_cycles
0,65076
page_index,time_cycles
0,64646
page_index,time_cycles
0,73134
page_index,time_cycles
0,66020
page_index,time_cycles
0,110762
page_index,time_cycles
0,68082
page_index,time_cycles
0,71862
page_index,time_cycles
0,67874
page_index,time_cycles
0,66408
page_index,time_cycles
0,66804
page_index,time_cycles
0,72462
page_index,time_cycles
0,69980
page_index,time_cycles
0,102548
page_index,time_cycles
0,74502
page_index,time_cycles
0,70634
page_index,time_cycles
0,73874
page_index,time_cycles
0,70256
page_index,time_cycles
0,68482
page_index,time_cycles
0,63576
page_index,time_cycles
0,68930
page_index,time_cycles
0,72790
page_index,time_cycles
0,66204
page_index,time_cycles
0,66408
page_index,time_cycles
0,104816
page_index,time_cycles
0,63572
page_index,time_cycles
0,67086
page_index,time_cycles
0,66708
page_index,time_cycles
0,69694
page_index,time_cycles
0,69416
page_index,time_cycles
0,68894
page_index,time_cycles
0,69152
page_index,time_cycles
0,67174
page_index,time_cycles
0,66114
page_index,time_cycles
0,66410
page_index,time_cycles
0,74298
page_index,time_cycles
0,84148
page_index,time_cycles
0,70944
page_index,time_cycles
0,69972
page_index,time_cycles
0,70354
page_index,time_cycles
0,77576
page_index,time_cycles
0,63030
page_index,time_cycles
0,74178
page_index,time_cycles
0,68310
page_index,time_cycles
0,68706
page_index,time_cycles
0,69618
page_index,time_cycles
0,64108
page_index,time_cycles
0,70362
page_index,time_cycles
0,64284
page_index,time_cycles
0,67548
page_index,time_cycles
0,64380
page_index,time_cycles
0,66182
page_index,time_cycles
0,77460
page_index,time_cycles
0,68414
page_index,time_cycles
0,65268
page_index,time_cycles
0,68690
page_index,time_cycles
0,72606
page_index,time_cycles
0,74076
page_index,time_cycles
0,67662
page_index,time_cycles
0,71434
page_index,time_cycles
0,62994
page_index,time_cycles
0,393078
page_index,time_cycles
0,70212
page_index,time_cycles
0,65876
page_index,time_cycles
0,72646
page_index,time_cycles
0,73760
page_index,time_cycles
0,65456
page_index,time_cycles
0,66152
page_index,time_cycles
0,76066
page_index,time_cycles
0,70538
page_index,time_cycles
0,70142
page_index,time_cycles
0,71896
page_index,time_cycles
0,63852
page_index,time_cycles
0,106510
page_index,time_cycles
0,67246
page_index,time_cycles
0,89132
page_index,time_cycles
0,72606
page_index,time_cycles
0,66042
page_index,time_cycles
0,71166
page_index,time_cycles
0,69482
page_index,time_cycles
0,63460
page_index,time_cycles
0,66672
page_index,time_cycles
0,68632
page_index,time_cycles
0,77016
page_index,time_cycles
0,66576
page_index,time_cycles
0,64536
page_index,time_cycles
0,70498
page_index,time_cycles
0,67036
page_index,time_cycles
0,79344
page_index,time_cycles
0,62362
page_index,time_cycles
0,72186
page_index,time_cycles
0,64040
page_index,time_cycles
0,65334
page_index,time_cycles
0,74174
page_index,time_cycles
0,68704
page_index,time_cycles
0,63910
page_index,time_cycles
0,77820
page_index,time_cycles
0,74686
page_index,time_cycles
0,77282
page_index,time_cycles
0,67982
page_index,time_cycles
0,70764
page_index,time_cycles
0,71698
page_index,time_cycles
0,75936
page_index,time_cycles
0,72746
page_index,time_cycles
0,65678
page_index,time_cycles
0,66334
page_index,time_cycles
0,72296
page_index,time_cycles
0,66980
page_index,time_cycles
0,66188
page_index,time_cycles
0,70516
page_index,time_cycles
0,78784
page_index,time_cycles
0,69992
page_index,time_cycles
0,66560
page_index,time_cycles
0,87738
page_index,time_cycles
0,63860
page_index,time_cycles
0,88734
page_index,time_cycles
0,64082
page_index,time_cycles
0,66188
page_index,time_cycles
0,71834
page_index,time_cycles
0,74322
page_index,time_cycles
0,78708
page_index,time_cycles
0,77188
page_index,time_cycles
0,70504
page_index,time_cycles
0,77918
page_index,time_cycles
0,65096
page_index,time_cycles
0,64958
page_index,time_cycles
0,67894
page_index,time_cycles
0,71084
page_index,time_cycles
0,65124
page_index,time_cycles
0,71306
page_index,time_cycles
0,67374
page_index,time_cycles
0,80164
page_index,time_cycles
0,63984
page_index,time_cycles
0,67590
page_index,time_cycles
0,75792
page_index,time_cycles
0,69264
page_index,time_cycles
0,70214
page_index,time_cycles
0,69476
page_index,time_cycles
0,64918
page_index,time_cycles
0,67144
page_index,time_cycles
0,66568
page_index,time_cycles
0,72748
page_index,time_cycles
0,90614
page_index,time_cycles
0,79640
page_index,time_cycles
0,63728
page_index,time_cycles
0,68298
page_index,time_cycles
0,69680
page_index,time_cycles
0,70488
page_index,time_cycles
0,67004
page_index,time_cycles
0,68892
page_index,time_cycles
0,64602
page_index,time_cycles
0,68216
page_index,time_cycles
0,66180
page_index,time_cycles
0,68820
page_index,time_cycles
0,66112
page_index,time_cycles
0,66976
page_index,time_cycles
0,99440
page_index,time_cycles
0,68016
page_index,time_cycles
0,67626
page_index,time_cycles
0,65786
page_index,time_cycles
0,64608
page_index,time_cycles
0,92892
page_index,time_cycles
0,72120
page_index,time_cycles
0,72514
page_index,time_cycles
0,126800
page_index,time_cycles
0,76978
page_index,time_cycles
0,67762
page_index,time_cycles
0,72988
page_index,time_cycles
0,66706
page_index,time_cycles
0,86860
page_index,time_cycles
0,78254
page_index,time_cycles
0,90242
page_index,time_cycles
0,74678
page_index,time_cycles
0,70686
page_index,time_cycles
0,67524
page_index,time_cycles
0,69334
page_index,time_cycles
0,69610
page_index,time_cycles
0,74122
page_index,time_cycles
0,73688
page_index,time_cycles
0,66158
page_index,time_cycles
0,67564
page_index,time_cycles
0,70044
page_index,time_cycles
0,64014
page_index,time_cycles
0,92058
page_index,time_cycles
0,68958
page_index,time_cycles
0,77298
page_index,time_cycles
0,78644
page_index,time_cycles
0,77962
page_index,time_cycles
0,70376
page_index,time_cycles
0,77986
page_index,time_cycles
0,95142
page_index,time_cycles
0,66410
page_index,time_cycles
0,70542
page_index,time_cycles
0,69924
page_index,time_cycles
0,64010
page_index,time_cycles
0,75912
page_index,time_cycles
0,84120
page_index,time_cycles
0,64406
page_index,time_cycles
0,65066
page_index,time_cycles
0,62784
page_index,time_cycles
0,75104
page_index,time_cycles
0,67546
page_index,time_cycles
0,67046
page_index,time_cycles
0,86468
page_index,time_cycles
0,63550
page_index,time_cycles
0,87674
page_index,time_cycles
0,65806
page_index,time_cycles
0,66980
page_index,time_cycles
0,79704
page_index,time_cycles
0,76180
page_index,time_cycles
0,63720
page_index,time_cycles
0,69148
page_index,time_cycles
0,63594
page_index,time_cycles
0,69566
page_index,time_cycles
0,66106
page_index,time_cycles
0,105132
page_index,time_cycles
0,64984
page_index,time_cycles
0,63884
page_index,time_cycles
0,65806
page_index,time_cycles
0,91088
page_index,time_cycles
0,66440
page_index,time_cycles
0,61774
page_index,time_cycles
0,72928
page_index,time_cycles
0,69514
page_index,time_cycles
0,73254
page_index,time_cycles
0,65538
page_index,time_cycles
0,66124
page_index,time_cycles
0,65420
page_index,time_cycles
0,66512
page_index,time_cycles
0,72832
page_index,time_cycles
0,73752
page_index,time_cycles
0,69740
page_index,time_cycles
0,82670
page_index,time_cycles
0,73868
page_index,time_cycles
0,66974
page_index,time_cycles
0,63988
page_index,time_cycles
0,70456
page_index,time_cycles
0,74552
page_index,time_cycles
0,69554
page_index,time_cycles
0,72960
page_index,time_cycles
0,65358
page_index,time_cycles
0,66060
page_index,time_cycles
0,70592
page_index,time_cycles
0,65734
page_index,time_cycles
0,67672
page_index,time_cycles
0,65286
page_index,time_cycles
0,68106
page_index,time_cycles
0,63886
page_index,time_cycles
0,78272
page_index,time_cycles
0,66926
page_index,time_cycles
0,66696
page_index,time_cycles
0,67206
page_index,time_cycles
0,73876
page_index,time_cycles
0,72038
page_index,time_cycles
0,78838
page_index,time_cycles
0,77372
page_index,time_cycles
0,78620
page_index,time_cycles
0,65114
page_index,time_cycles
0,67616
page_index,time_cycles
0,64932
page_index,time_cycles
0,65806
page_index,time_cycles
0,68366
page_index,time_cycles
0,67574
page_index,time_cycles
0,63828
page_index,time_cycles
0,77196
page_index,time_cycles
0,66164
page_index,time_cycles
0,65144
page_index,time_cycles
0,68230
page_index,time_cycles
0,72564
page_index,time_cycles
0,77152
page_index,time_cycles
0,68654
page_index,time_cycles
0,73556
page_index,time_cycles
0,66622
page_index,time_cycles
0,71090
page_index,time_cycles
0,67908
page_index,time_cycles
0,64992
page_index,time_cycles
0,69548
page_index,time_cycles
0,72542
page_index,time_cycles
0,67334
page_index,time_cycles
0,65812
page_index,time_cycles
0,121368
page_index,time_cycles
0,63310
page_index,time_cycles
0,69082
page_index,time_cycles
0,72914
page_index,time_cycles
0,75352
page_index,time_cycles
0,71426
page_index,time_cycles
0,89246
page_index,time_cycles
0,71154
page_index,time_cycles
0,66852
page_index,time_cycles
0,71786
page_index,time_cycles
0,65540
page_index,time_cycles
0,67364
page_index,time_cycles
0,67666
page_index,time_cycles
0,68906
page_index,time_cycles
0,65926
page_index,time_cycles
0,78748
page_index,time_cycles
0,65624
page_index,time_cycles
0,67300
page_index,time_cycles
0,75032
page_index,time_cycles
0,66232
page_index,time_cycles
0,80112
page_index,time_cycles
0,77742
page_index,time_cycles
0,75546
page_index,time_cycles
0,67130
page_index,time_cycles
0,73640
page_index,time_cycles
0,69970
page_index,time_cycles
0,66050
page_index,time_cycles
0,71388
page_index,time_cycles
0,79034
page_index,time_cycles
0,68378
page_index,time_cycles
0,67536
page_index,time_cycles
0,67930
page_index,time_cycles
0,64710
page_index,time_cycles
0,107456
page_index,time_cycles
0,69716
page_index,time_cycles
0,74616
page_index,time_cycles
0,68464
page_index,time_cycles
0,65772
page_index,time_cycles
0,66928
page_index,time_cycles
0,66142
page_index,time_cycles
0,70726
page_index,time_cycles
0,68234
page_index,time_cycles
0,103948
page_index,time_cycles
0,67278
page_index,time_cycles
0,67684
page_index,time_cycles
0,75180
page_index,time_cycles
0,107488
page_index,time_cycles
0,74124
page_index,time_cycles
0,74944
page_index,time_cycles
0,63466
page_index,time_cycles
0,70536
page_index,time_cycles
0,63776
page_index,time_cycles
0,91394
page_index,time_cycles
0,71340
page_index,time_cycles
0,75340
page_index,time_cycles
0,72686
page_index,time_cycles
0,68452
page_index,time_cycles
0,66560
page_index,time_cycles
0,126218
page_index,time_cycles
0,72674
page_index,time_cycles
0,64942
page_index,time_cycles
0,68952
page_index,time_cycles
0,69726
page_index,time_cycles
0,70580
page_index,time_cycles
0,72994
page_index,time_cycles
0,65144
page_index,time_cycles
0,88562
page_index,time_cycles
0,66496
page_index,time_cycles
0,65954
page_index,time_cycles
0,61110
page_index,time_cycles
0,86446
page_index,time_cycles
0,69882
page_index,time_cycles
0,66474
page_index,time_cycles
0,64736
page_index,time_cycles
0,71842
page_index,time_cycles
0,64870
page_index,time_cycles
0,76692
page_index,time_cycles
0,74552
page_index,time_cycles
0,64626
page_index,time_cycles
0,65436
page_index,time_cycles
0,71070
page_index,time_cycles
0,65024
page_index,time_cycles
0,64452
page_index,time_cycles
0,72010
page_index,time_cycles
0,77060
page_index,time_cycles
0,67518
page_index,time_cycles
0,64410
page_index,time_cycles
0,65930
page_index,time_cycles
0,66532
page_index,time_cycles
0,76124
page_index,time_cycles
0,64040
page_index,time_cycles
0,66090
page_index,time_cycles
0,69632
page_index,time_cycles
0,64012
page_index,time_cycles
0,70252
page_index,time_cycles
0,62840
page_index,time_cycles
0,63690
page_index,time_cycles
0,102000
page_index,time_cycles
0,77726
page_index,time_cycles
0,64576
page_index,time_cycles
0,73974
page_index,time_cycles
0,67998
page_index,time_cycles
0,68502
page_index,time_cycles
0,68368
page_index,time_cycles
0,71564
page_index,time_cycles
0,70016
page_index,time_cycles
0,78034
page_index,time_cycles
0,75932
page_index,time_cycles
0,78422
page_index,time_cycles
0,67146
page_index,time_cycles
0,67650
page_index,time_cycles
0,68078
page_index,time_cycles
0,65706
page_index,time_cycles
0,63752
page_index,time_cycles
0,87364
page_index,time_cycles
0,68402
page_index,time_cycles
0,66050
page_index,time_cycles
0,67254
page_index,time_cycles
0,65516
page_index,time_cycles
0,66324
page_index,time_cycles
0,64946
page_index,time_cycles
0,64520
page_index,time_cycles
0,64846
page_index,time_cycles
0,72686
page_index,time_cycles
0,62314
page_index,time_cycles
0,67978
page_index,time_cycles
0,69450
page_index,time_cycles
0,72626
page_index,time_cycles
0,73402
page_index,time_cycles
0,73246
page_index,time_cycles
0,68660
page_index,time_cycles
0,63940
page_index,time_cycles
0,66036
page_index,time_cycles
0,78766
page_index,time_cycles
0,69604
page_index,time_cycles
0,99064
page_index,time_cycles
0,66566
page_index,time_cycles
0,78938
page_index,time_cycles
0,66480
page_index,time_cycles
0,66898
page_index,time_cycles
0,68870
page_index,time_cycles
0,101284
page_index,time_cycles
0,67154
page_index,time_cycles
0,65666
page_index,time_cycles
0,66670
page_index,time_cycles
0,68382
page_index,time_cycles
0,79808
page_index,time_cycles
0,68128
page_index,time_cycles
0,69022
page_index,time_cycles
0,71412
page_index,time_cycles
0,75498
page_index,time_cycles
0,73720
page_index,time_cycles
0,71502
page_index,time_cycles
0,70942
page_index,time_cycles
0,64614
page_index,time_cycles
0,67130
page_index,time_cycles
0,68252
page_index,time_cycles
0,70044
page_index,time_cycles
0,67298
page_index,time_cycles
0,64784
page_index,time_cycles
0,75440
page_index,time_cycles
0,63892
page_index,time_cycles
0,63946
page_index,time_cycles
0,65924
page_index,time_cycles
0,66290
page_index,time_cycles
0,65248
page_index,time_cycles
0,66130
page_index,time_cycles
0,69672
page_index,time_cycles
0,65816
page_index,time_cycles
0,86172
page_index,time_cycles
0,62894
page_index,time_cycles
0,72672
page_index,time_cycles
0,79152
page_index,time_cycles
0,68016
page_index,time_cycles
0,75288
page_index,time_cycles
0,73652
page_index,time_cycles
0,68098
page_index,time_cycles
0,83842
page_index,time_cycles
0,73990
page_index,time_cycles
0,65776
page_index,time_cycles
0,70818
page_index,time_cycles
0,65568
page_index,time_cycles
0,70012
page_index,time_cycles
0,63910
page_index,time_cycles
0,66386
page_index,time_cycles
0,70606
page_index,time_cycles
0,84576
page_index,time_cycles
0,66640
page_index,time_cycles
0,64770
page_index,time_cycles
0,66904
page_index,time_cycles
0,65164
page_index,time_cycles
0,70642
page_index,time_cycles
0,70036
page_index,time_cycles
0,66710
page_index,time_cycles
0,64276
page_index,time_cycles
0,66676
page_index,time_cycles
0,66142
page_index,time_cycles
0,69430
page_index,time_cycles
0,62002
page_index,time_cycles
0,68224
page_index,time_cycles
0,67834
page_index,time_cycles
0,77210
page_index,time_cycles
0,71916
page_index,time_cycles
0,71730
page_index,time_cycles
0,138162
page_index,time_cycles
0,68988
page_index,time_cycles
0,66944
page_index,time_cycles
0,65038
page_index,time_cycles
0,66494
page_index,time_cycles
0,72888
page_index,time_cycles
0,65138
page_index,time_cycles
0,63778
page_index,time_cycles
0,62970
page_index,time_cycles
0,67184
page_index,time_cycles
0,69102
page_index,time_cycles
0,99422
page_index,time_cycles
0,69282
page_index,time_cycles
0,64202
page_index,time_cycles
0,65366
page_index,time_cycles
0,70416
page_index,time_cycles
0,65920
page_index,time_cycles
0,66646
page_index,time_cycles
0,71832
page_index,time_cycles
0,96538
page_index,time_cycles
0,63232
page_index,time_cycles
0,64312
page_index,time_cycles
0,69074
page_index,time_cycles
0,68874
page_index,time_cycles
0,69448
page_index,time_cycles
0,67644
page_index,time_cycles
0,64930
page_index,time_cycles
0,71234
page_index,time_cycles
0,63890
page_index,time_cycles
0,65524
page_index,time_cycles
0,68982
page_index,time_cycles
0,78972
page_index,time_cycles
0,65984
page_index,time_cycles
0,77196
page_index,time_cycles
0,65970
page_index,time_cycles
0,104130
page_index,time_cycles
0,72618
page_index,time_cycles
0,70222
page_index,time_cycles
0,89152
page_index,time_cycles
0,67076
page_index,time_cycles
0,81270
page_index,time_cycles
0,66324
page_index,time_cycles
0,65670
page_index,time_cycles
0,66952
page_index,time_cycles
0,74228
page_index,time_cycles
0,67768
page_index,time_cycles
0,68202
page_index,time_cycles
0,69370
page_index,time_cycles
0,67512
page_index,time_cycles
0,72090
page_index,time_cycles
0,71902
page_index,time_cycles
0,66590
page_index,time_cycles
0,74114
page_index,time_cycles
0,69178
page_index,time_cycles
0,78434
page_index,time_cycles
0,65892
page_index,time_cycles
0,65740
page_index,time_cycles
0,67078
page_index,time_cycles
0,67150
page_index,time_cycles
0,71720
page_index,time_cycles
0,78838
page_index,time_cycles
0,72524
page_index,time_cycles
0,68646
page_index,time_cycles
0,74360
page_index,time_cycles
0,67318
page_index,time_cycles
0,66796
page_index,time_cycles
0,132790
page_index,time_cycles
0,68766
page_index,time_cycles
0,69182
page_index,time_cycles
0,64016
page_index,time_cycles
0,71776
page_index,time_cycles
0,76296
page_index,time_cycles
0,69424
page_index,time_cycles
0,73102
page_index,time_cycles
0,65970
page_index,time_cycles
0,65068
page_index,time_cycles
0,67110
page_index,time_cycles
0,66352
page_index,time_cycles
0,63954
page_index,time_cycles
0,77450
page_index,time_cycles
0,67434
page_index,time_cycles
0,66664
page_index,time_cycles
0,71540
page_index,time_cycles
0,75738
page_index,time_cycles
0,71962
page_index,time_cycles
0,68376
page_index,time_cycles
0,65124
page_index,time_cycles
0,67400
page_index,time_cycles
0,76644
page_index,time_cycles
0,93054
page_index,time_cycles
0,67960
page_index,time_cycles
0,88712
page_index,time_cycles
0,70262
page_index,time_cycles
0,65666
page_index,time_cycles
0,66648
page_index,time_cycles
0,69900
page_index,time_cycles
0,67520
page_index,time_cycles
0,128528
page_index,time_cycles
0,66348
page_index,time_cycles
0,69134
page_index,time_cycles
0,65784
page_index,time_cycles
0,72192
page_index,time_cycles
0,78736
page_index,time_cycles
0,66630
page_index,time_cycles
0,99224
page_index,time_cycles
0,75552
page_index,time_cycles
0,116278
page_index,time_cycles
0,107014
page_index,time_cycles
0,73540
page_index,time_cycles
0,68188
page_index,time_cycles
0,78448
page_index,time_cycles
0,66636
page_index,time_cycles
0,63276
page_index,time_cycles
0,66800
page_index,time_cycles
0,66336
page_index,time_cycles
0,64836
page_index,time_cycles
0,66666
page_index,time_cycles
0,64156
page_index,time_cycles
0,71226
page_index,time_cycles
0,65270
page_index,time_cycles
0,63752
page_index,time_cycles
0,64776
page_index,time_cycles
0,66010
page_index,time_cycles
0,69256
page_index,time_cycles
0,71550
page_index,time_cycles
0,68142
page_index,time_cycles
0,70710
page_index,time_cycles
0,75688
page_index,time_cycles
0,65568
page_index,time_cycles
0,67114
page_index,time_cycles
0,65634
page_index,time_cycles
0,60188
page_index,time_cycles
0,66270
page_index,time_cycles
0,67278
page_index,time_cycles
0,129090
page_index,time_cycles
0,68148
page_index,time_cycles
0,131732
page_index,time_cycles
0,74256
page_index,time_cycles
0,77380
page_index,time_cycles
0,73050
page_index,time_cycles
0,65936
page_index,time_cycles
0,71296
page_index,time_cycles
0,73910
page_index,time_cycles
0,69880
page_index,time_cycles
0,70464
page_index,time_cycles
0,70270
page_index,time_cycles
0,66068
page_index,time_cycles
0,71154
page_index,time_cycles
0,67674
page_index,time_cycles
0,72960
page_index,time_cycles
0,67178
page_index,time_cycles
0,66400
page_index,time_cycles
0,69002
page_index,time_cycles
0,69084
page_index,time_cycles
0,68358
page_index,time_cycles
0,85074
page_index,time_cycles
0,67484
page_index,time_cycles
0,68250
page_index,time_cycles
0,66172
page_index,time_cycles
0,72298
page_index,time_cycles
0,67462
page_index,time_cycles
0,87846
page_index,time_cycles
0,64916
page_index,time_cycles
0,148422
page_index,time_cycles
0,76166
page_index,time_cycles
0,73608
page_index,time_cycles
0,123906
page_index,time_cycles
0,64410
page_index,time_cycles
0,67058
page_index,time_cycles
0,66438
page_index,time_cycles
0,64358
page_index,time_cycles
0,70080
page_index,time_cycles
0,70196
page_index,time_cycles
0,72044
page_index,time_cycles
0,80034
page_index,time_cycles
0,69416
page_index,time_cycles
0,67492
page_index,time_cycles
0,70922
page_index,time_cycles
0,67166
page_index,time_cycles
0,66064
page_index,time_cycles
0,66416
page_index,time_cycles
0,66924
page_index,time_cycles
0,65410
page_index,time_cycles
0,70548
page_index,time_cycles
0,104506
page_index,time_cycles
0,68998
page_index,time_cycles
0,73510
page_index,time_cycles
0,73254
page_index,time_cycles
0,73420
page_index,time_cycles
0,132874
page_index,time_cycles
0,69998
page_index,time_cycles
0,96660
page_index,time_cycles
0,75370
page_index,time_cycles
0,68670
page_index,time_cycles
0,65628
page_index,time_cycles
0,70462
page_index,time_cycles
0,70252
page_index,time_cycles
0,81402
page_index,time_cycles
0,283100
page_index,time_cycles
0,67490
page_index,time_cycles
0,77650
page_index,time_cycles
0,73154
page_index,time_cycles
0,81114
page_index,time_cycles
0,71900
page_index,time_cycles
0,73456
page_index,time_cycles
0,65294
page_index,time_cycles
0,70040
page_index,time_cycles
0,108328
page_index,time_cycles
0,72630
page_index,time_cycles
0,70300
page_index,time_cycles
0,71800
page_index,time_cycles
0,66736
page_index,time_cycles
0,80322
page_index,time_cycles
0,107360
page_index,time_cycles
0,66962
page_index,time_cycles
0,65486
page_index,time_cycles
0,73044
page_index,time_cycles
0,68608
page_index,time_cycles
0,67340
page_index,time_cycles
0,98968
page_index,time_cycles
0,67086
page_index,time_cycles
0,65810
page_index,time_cycles
0,65734
page_index,time_cycles
0,68912
page_index,time_cycles
0,78574
page_index,time_cycles
0,61940
page_index,time_cycles
0,75200
page_index,time_cycles
0,71686
page_index,time_cycles
0,70110
page_index,time_cycles
0,69108
page_index,time_cycles
0,66494
page_index,time_cycles
0,79746
page_index,time_cycles
0,69756
page_index,time_cycles
0,67204
page_index,time_cycles
0,68536
page_index,time_cycles
0,69806
page_index,time_cycles
0,98558
page_index,time_cycles
0,64958
page_index,time_cycles
0,77998
page_index,time_cycles
0,104530
page_index,time_cycles
0,64938
page_index,time_cycles
0,63778
page_index,time_cycles
0,64546
page_index,time_cycles
0,66720
page_index,time_cycles
0,64360
page_index,time_cycles
0,66744
page_index,time_cycles
0,64972
page_index,time_cycles
0,65190
page_index,time_cycles
0,80586
page_index,time_cycles
0,82740
page_index,time_cycles
0,71138
page_index,time_cycles
0,69472
page_index,time_cycles
0,74560
page_index,time_cycles
0,63172
page_index,time_cycles
0,67032
page_index,time_cycles
0,66638
page_index,time_cycles
0,64766
page_index,time_cycles
0,63876
page_index,time_cycles
0,70180
page_index,time_cycles
0,105168
page_index,time_cycles
0,65682
page_index,time_cycles
0,65410
page_index,time_cycles
0,67234
page_index,time_cycles
0,122438
page_index,time_cycles
0,64474
page_index,time_cycles
0,66058
page_index,time_cycles
0,67562
page_index,time_cycles
0,96674
page_index,time_cycles
0,67192
page_index,time_cycles
0,66714
page_index,time_cycles
0,94618
page_index,time_cycles
0,65780
page_index,time_cycles
0,64052
page_index,time_cycles
0,67810
page_index,time_cycles
0,67652
page_index,time_cycles
0,67860
page_index,time_cycles
0,129574
page_index,time_cycles
0,94044
page_index,time_cycles
0,65680
page_index,time_cycles
0,68162
page_index,time_cycles
0,67392
page_index,time_cycles
0,74202
page_index,time_cycles
0,66566
page_index,time_cycles
0,117072
page_index,time_cycles
0,73166
page_index,time_cycles
0,74172
page_index,time_cycles
0,69252
page_index,time_cycles
0,71120
page_index,time_cycles
0,100130
page_index,time_cycles
0,74764
page_index,time_cycles
0,77426
page_index,time_cycles
0,71376
page_index,time_cycles
0,64460
page_index,time_cycles
0,71388
page_index,time_cycles
0,74806
page_index,time_cycles
0,73720
page_index,time_cycles
0,69192
page_index,time_cycles
0,70608
page_index,time_cycles
0,66344
page_index,time_cycles
0,64548
page_index,time_cycles
0,64124
page_index,time_cycles
0,66678
page_index,time_cycles
0,65832
page_index,time_cycles
0,64816
page_index,time_cycles
0,81906
page_index,time_cycles
0,67316
page_index,time_cycles
0,64850
page_index,time_cycles
0,67292
page_index,time_cycles
0,65978
page_index,time_cycles
0,70370
page_index,time_cycles
0,65284
page_index,time_cycles
0,64328
page_index,time_cycles
0,71816
page_index,time_cycles
0,68008
page_index,time_cycles
0,81930
page_index,time_cycles
0,71934
page_index,time_cycles
0,69368
page_index,time_cycles
0,67144
page_index,time_cycles
0,77268
page_index,time_cycles
0,64052
page_index,time_cycles
0,68870
page_index,time_cycles
0,75528
page_index,time_cycles
0,64274
page_index,time_cycles
0,65124
page_index,time_cycles
0,64478
page_index,time_cycles
0,66624
page_index,time_cycles
0,71940
page_index,time_cycles
0,70740
page_index,time_cycles
0,66544
page_index,time_cycles
0,69876
page_index,time_cycles
0,64976
page_index,time_cycles
0,66532
page_index,time_cycles
0,71170
page_index,time_cycles
0,66192
page_index,time_cycles
0,162848
page_index,time_cycles
0,69490
page_index,time_cycles
0,69394
page_index,time_cycles
0,68364
page_index,time_cycles
0,73870
page_index,time_cycles
0,75570
page_index,time_cycles
0,66450
page_index,time_cycles
0,70418
page_index,time_cycles
0,102614
page_index,time_cycles
0,66868
page_index,time_cycles
0,81112
page_index,time_cycles
0,85406
page_index,time_cycles
0,64732
page_index,time_cycles
0,77594
page_index,time_cycles
0,66068
page_index,time_cycles
0,65352
page_index,time_cycles
0,67204
page_index,time_cycles
0,60326
page_index,time_cycles
0,67514
page_index,time_cycles
0,65516
page_index,time_cycles
0,66104
page_index,time_cycles
0,71952
page_index,time_cycles
0,64814
page_index,time_cycles
0,70354
page_index,time_cycles
0,73030
page_index,time_cycles
0,123178
page_index,time_cycles
0,76294
page_index,time_cycles
0,65900
page_index,time_cycles
0,70254
page_index,time_cycles
0,65958
page_index,time_cycles
0,79080
page_index,time_cycles
0,66346
page_index,time_cycles
0,70630
page_index,time_cycles
0,99614
page_index,time_cycles
0,66132
page_index,time_cycles
0,79570
page_index,time_cycles
0,72508
page_index,time_cycles
0,70172
page_index,time_cycles
0,74250
page_index,time_cycles
0,79924
page_index,time_cycles
0,64478
page_index,time_cycles
0,73824
page_index,time_cycles
0,65454
page_index,time_cycles
0,71856
page_index,time_cycles
0,122076
page_index,time_cycles
0,95160
page_index,time_cycles
0,68146
page_index,time_cycles
0,70240
page_index,time_cycles
0,65304
page_index,time_cycles
0,74228
page_index,time_cycles
0,72274
page_index,time_cycles
0,136808
page_index,time_cycles
0,65362
page_index,time_cycles
0,80104
page_index,time_cycles
0,76840
page_index,time_cycles
0,71518
page_index,time_cycles
0,62572
page_index,time_cycles
0,64700
page_index,time_cycles
0,70248
page_index,time_cycles
0,64606
page_index,time_cycles
0,66894
page_index,time_cycles
0,71378
page_index,time_cycles
0,64624
page_index,time_cycles
0,65308
page_index,time_cycles
0,64368
page_index,time_cycles
0,74226
page_index,time_cycles
0,63878
page_index,time_cycles
0,69854
page_index,time_cycles
0,92892
page_index,time_cycles
0,83842
page_index,time_cycles
0,68596
page_index,time_cycles
0,116202
page_index,time_cycles
0,83492
page_index,time_cycles
0,64786
page_index,time_cycles
0,89056
page_index,time_cycles
0,73162
page_index,time_cycles
0,69160
page_index,time_cycles
0,74106
page_index,time_cycles
0,68882
page_index,time_cycles
0,65484
page_index,time_cycles
0,72284
page_index,time_cycles
0,114856
page_index,time_cycles
0,65066
page_index,time_cycles
0,72032
page_index,time_cycles
0,67162
page_index,time_cycles
0,89256
page_index,time_cycles
0,69954
page_index,time_cycles
0,63946
page_index,time_cycles
0,68432
page_index,time_cycles
0,66116
page_index,time_cycles
0,71348
page_index,time_cycles
0,63076
page_index,time_cycles
0,66464
page_index,time_cycles
0,67856
page_index,time_cycles
0,64620
page_index,time_cycles
0,67418
page_index,time_cycles
0,70226
page_index,time_cycles
0,87790
page_index,time_cycles
0,88384
page_index,time_cycles
0,78708
page_index,time_cycles
0,67346
page_index,time_cycles
0,72396
page_index,time_cycles
0,66202
page_index,time_cycles
0,71188
page_index,time_cycles
0,67418
page_index,time_cycles
0,100126
page_index,time_cycles
0,65918
page_index,time_cycles
0,67244
page_index,time_cycles
0,66298
page_index,time_cycles
0,71552
page_index,time_cycles
0,64180
page_index,time_cycles
0,77174
page_index,time_cycles
0,67100
page_index,time_cycles
0,69162
page_index,time_cycles
0,104724
page_index,time_cycles
0,72620
page_index,time_cycles
0,74142
page_index,time_cycles
0,101132
page_index,time_cycles
0,79720
page_index,time_cycles
0,78290
page_index,time_cycles
0,66288
page_index,time_cycles
0,79250
page_index,time_cycles
0,70180
page_index,time_cycles
0,67322
page_index,time_cycles
0,64444
page_index,time_cycles
0,65338
page_index,time_cycles
0,69192
page_index,time_cycles
0,121704
page_index,time_cycles
0,69012
page_index,time_cycles
0,74020
page_index,time_cycles
0,65800
page_index,time_cycles
0,69144
page_index,time_cycles
0,101768
page_index,time_cycles
0,73448
page_index,time_cycles
0,70810
page_index,time_cycles
0,99000
page_index,time_cycles
0,68350
page_index,time_cycles
0,67462
page_index,time_cycles
0,68830
page_index,time_cycles
0,65986
page_index,time_cycles
0,66078
page_index,time_cycles
0,75200
page_index,time_cycles
0,73738
page_index,time_cycles
0,67860
page_index,time_cycles
0,65010
page_index,time_cycles
0,134724
page_index,time_cycles
0,70898
page_index,time_cycles
0,65450
page_index,time_cycles
0,76086
page_index,time_cycles
0,84520
page_index,time_cycles
0,76866
page_index,time_cycles
0,67574
page_index,time_cycles
0,74232
page_index,time_cycles
0,71242
page_index,time_cycles
0,66002
page_index,time_cycles
0,66592
page_index,time_cycles
0,72274
page_index,time_cycles
0,64316
page_index,time_cycles
0,74694
page_index,time_cycles
0,67880
page_index,time_cycles
0,70980
page_index,time_cycles
0,65120
page_index,time_cycles
0,70284
page_index,time_cycles
0,70378
page_index,time_cycles
0,78058
page_index,time_cycles
0,74950
page_index,time_cycles
0,63182
page_index,time_cycles
0,80702
page_index,time_cycles
0,64672
page_index,time_cycles
0,67966
page_index,time_cycles
0,65806
page_index,time_cycles
0,65228
page_index,time_cycles
0,65380
page_index,time_cycles
0,73934
page_index,time_cycles
0,97952
page_index,time_cycles
0,67084
page_index,time_cycles
0,85004
page_index,time_cycles
0,68162
page_index,time_cycles
0,64688
page_index,time_cycles
0,71390
page_index,time_cycles
0,65976
page_index,time_cycles
0,67622
page_index,time_cycles
0,64018
page_index,time_cycles
0,65226
page_index,time_cycles
0,75904
page_index,time_cycles
0,74488
page_index,time_cycles
0,80580
page_index,time_cycles
0,73970
page_index,time_cycles
0,68302
page_index,time_cycles
0,69046
page_index,time_cycles
0,64356
page_index,time_cycles
0,66990
page_index,time_cycles
0,69432
page_index,time_cycles
0,89570
page_index,time_cycles
0,70652
page_index,time_cycles
0,68950
page_index,time_cycles
0,69176
page_index,time_cycles
0,66872
page_index,time_cycles
0,66344
page_index,time_cycles
0,64776
page_index,time_cycles
0,68272
page_index,time_cycles
0,97744
page_index,time_cycles
0,66470
page_index,time_cycles
0,77936
page_index,time_cycles
0,69578
page_index,time_cycles
0,67578
page_index,time_cycles
0,127794
page_index,time_cycles
0,81314
page_index,time_cycles
0,74690
page_index,time_cycles
0,70554
page_index,time_cycles
0,68270
page_index,time_cycles
0,68650
page_index,time_cycles
0,85222
page_index,time_cycles
0,66758
page_index,time_cycles
0,70984
page_index,time_cycles
0,67584
page_index,time_cycles
0,69594
page_index,time_cycles
0,71072
page_index,time_cycles
0,94398
page_index,time_cycles
0,136946
page_index,time_cycles
0,66818
page_index,time_cycles
0,72450
page_index,time_cycles
0,67122
page_index,time_cycles
0,70642
page_index,time_cycles
0,66806
page_index,time_cycles
0,66382
page_index,time_cycles
0,66618
page_index,time_cycles
0,66886
page_index,time_cycles
0,64092
page_index,time_cycles
0,73766
page_index,time_cycles
0,66374
page_index,time_cycles
0,70034
page_index,time_cycles
0,63976
page_index,time_cycles
0,63642
page_index,time_cycles
0,105482
page_index,time_cycles
0,69622
page_index,time_cycles
0,65414
page_index,time_cycles
0,67094
page_index,time_cycles
0,67050
page_index,time_cycles
0,73364
page_index,time_cycles
0,102452
page_index,time_cycles
0,75506
page_index,time_cycles
0,70858
page_index,time_cycles
0,70990
page_index,time_cycles
0,63452
page_index,time_cycles
0,66064
page_index,time_cycles
0,90300
page_index,time_cycles
0,69870
page_index,time_cycles
0,70372
page_index,time_cycles
0,72456
page_index,time_cycles
0,67046
page_index,time_cycles
0,66134
page_index,time_cycles
0,69522
page_index,time_cycles
0,66222
page_index,time_cycles
0,64756
page_index,time_cycles
0,64410
page_index,time_cycles
0,65132
page_index,time_cycles
0,66804
page_index,time_cycles
0,71774
page_index,time_cycles
0,64104
page_index,time_cycles
0,74120
page_index,time_cycles
0,85074
page_index,time_cycles
0,84874
page_index,time_cycles
0,63156
page_index,time_cycles
0,88972
page_index,time_cycles
0,63586
page_index,time_cycles
0,73430
page_index,time_cycles
0,76928
page_index,time_cycles
0,69070
page_index,time_cycles
0,68264
page_index,time_cycles
0,65730
page_index,time_cycles
0,90882
page_index,time_cycles
0,63562
page_index,time_cycles
0,67398
page_index,time_cycles
0,66550
page_index,time_cycles
0,63630
page_index,time_cycles
0,63968
page_index,time_cycles
0,66590
page_index,time_cycles
0,68936
page_index,time_cycles
0,65702
page_index,time_cycles
0,70488
page_index,time_cycles
0,69278
page_index,time_cycles
0,64296
page_index,time_cycles
0,97228
page_index,time_cycles
0,65244
page_index,time_cycles
0,64572
page_index,time_cycles
0,70902
page_index,time_cycles
0,64604
page_index,time_cycles
0,68628
page_index,time_cycles
0,65164
page_index,time_cycles
0,65426
page_index,time_cycles
0,70548
page_index,time_cycles
0,72942
page_index,time_cycles
0,67624
page_index,time_cycles
0,65106
page_index,time_cycles
0,72318
page_index,time_cycles
0,63830
page_index,time_cycles
0,69228
page_index,time_cycles
0,73620
page_index,time_cycles
0,71700
page_index,time_cycles
0,64542
page_index,time_cycles
0,64746
page_index,time_cycles
0,72912
page_index,time_cycles
0,80756
page_index,time_cycles
0,64894
page_index,time_cycles
0,65312
page_index,time_cycles
0,59250
page_index,time_cycles
0,92408
page_index,time_cycles
0,65898
page_index,time_cycles
0,74126
page_index,time_cycles
0,68292
page_index,time_cycles
0,66760
page_index,time_cycles
0,80938
page_index,time_cycles
0,70436
page_index,time_cycles
0,70314
page_index,time_cycles
0,71958
page_index,time_cycles
0,64406
page_index,time_cycles
0,76718
page_index,time_cycles
0,66668
page_index,time_cycles
0,73210
page_index,time_cycles
0,70434
page_index,time_cycles
0,64666
page_index,time_cycles
0,68404
page_index,time_cycles
0,78282
page_index,time_cycles
0,67122
page_index,time_cycles
0,69406
page_index,time_cycles
0,71454
page_index,time_cycles
0,74148
page_index,time_cycles
0,76006
page_index,time_cycles
0,95968
page_index,time_cycles
0,67372
page_index,time_cycles
0,74666
page_index,time_cycles
0,105350
page_index,time_cycles
0,83370
page_index,time_cycles
0,64718
page_index,time_cycles
0,70632
page_index,time_cycles
0,74012
page_index,time_cycles
0,69696
page_index,time_cycles
0,82816
page_index,time_cycles
0,132726
page_index,time_cycles
0,71928
page_index,time_cycles
0,82710
page_index,time_cycles
0,64422
page_index,time_cycles
0,87992
page_index,time_cycles
0,125242
page_index,time_cycles
0,74556
page_index,time_cycles
0,68364
page_index,time_cycles
0,65102
page_index,time_cycles
0,65332
page_index,time_cycles
0,72204
page_index,time_cycles
0,79708
page_index,time_cycles
0,121214
page_index,time_cycles
0,73886
page_index,time_cycles
0,62816
page_index,time_cycles
0,97250
page_index,time_cycles
0,62402
page_index,time_cycles
0,72240
page_index,time_cycles
0,68808
page_index,time_cycles
0,64374
page_index,time_cycles
0,65982
page_index,time_cycles
0,67142
page_index,time_cycles
0,67156
page_index,time_cycles
0,69666
page_index,time_cycles
0,68676
page_index,time_cycles
0,72218
page_index,time_cycles
0,92308
page_index,time_cycles
0,68548
page_index,time_cycles
0,66972
page_index,time_cycles
0,73778
page_index,time_cycles
0,68472
page_index,time_cycles
0,63704
page_index,time_cycles
0,69812
page_index,time_cycles
0,73778
page_index,time_cycles
0,76790
page_index,time_cycles
0,65544
page_index,time_cycles
0,83012
page_index,time_cycles
0,70440
page_index,time_cycles
0,100676
page_index,time_cycles
0,71456
page_index,time_cycles
0,108230
page_index,time_cycles
0,64506
page_index,time_cycles
0,71698
page_index,time_cycles
0,65162
page_index,time_cycles
0,65702
page_index,time_cycles
0,70356
page_index,time_cycles
0,71558
page_index,time_cycles
0,72634
page_index,time_cycles
0,68712
page_index,time_cycles
0,73390
page_index,time_cycles
0,90986
page_index,time_cycles
0,73088
page_index,time_cycles
0,63632
page_index,time_cycles
0,62450
page_index,time_cycles
0,65972
page_index,time_cycles
0,68308
page_index,time_cycles
0,77656
page_index,time_cycles
0,74612
page_index,time_cycles
0,64510
page_index,time_cycles
0,70340
page_index,time_cycles
0,76978
page_index,time_cycles
0,64214
page_index,time_cycles
0,67750
page_index,time_cycles
0,69282
page_index,time_cycles
0,63820
page_index,time_cycles
0,69292
page_index,time_cycles
0,66246
page_index,time_cycles
0,71100
page_index,time_cycles
0,69404
page_index,time_cycles
0,67960
page_index,time_cycles
0,78572
page_index,time_cycles
0,77370
page_index,time_cycles
0,83210
page_index,time_cycles
0,79208
page_index,time_cycles
0,71454
page_index,time_cycles
0,78046
page_index,time_cycles
0,86324
page_index,time_cycles
0,67944
page_index,time_cycles
0,66046
page_index,time_cycles
0,67216
page_index,time_cycles
0,64146
page_index,time_cycles
0,70446
page_index,time_cycles
0,68674
page_index,time_cycles
0,69438
page_index,time_cycles
0,64468
page_index,time_cycles
0,65020
page_index,time_cycles
0,129110
page_index,time_cycles
0,65652
page_index,time_cycles
0,72284
page_index,time_cycles
0,70162
page_index,time_cycles
0,81466
page_index,time_cycles
0,66172
page_index,time_cycles
0,68366
page_index,time_cycles
0,68824
page_index,time_cycles
0,64904
page_index,time_cycles
0,66412
page_index,time_cycles
0,69556
page_index,time_cycles
0,69550
page_index,time_cycles
0,65168
page_index,time_cycles
0,82796
page_index,time_cycles
0,63370
page_index,time_cycles
0,66942
page_index,time_cycles
0,65906
page_index,time_cycles
0,64554
page_index,time_cycles
0,64496
page_index,time_cycles
0,77038
page_index,time_cycles
0,69590
page_index,time_cycles
0,65210
page_index,time_cycles
0,77816
page_index,time_cycles
0,68846
page_index,time_cycles
0,71552
page_index,time_cycles
0,66222
page_index,time_cycles
0,66960
page_index,time_cycles
0,68714
page_index,time_cycles
0,66320
page_index,time_cycles
0,64908
page_index,time_cycles
0,85856
page_index,time_cycles
0,78024
page_index,time_cycles
0,68920
page_index,time_cycles
0,76216
page_index,time_cycles
0,66888
page_index,time_cycles
0,66410
page_index,time_cycles
0,74754
page_index,time_cycles
0,65358
page_index,time_cycles
0,66796
page_index,time_cycles
0,73744
page_index,time_cycles
0,78300
page_index,time_cycles
0,68314
page_index,time_cycles
0,67178
page_index,time_cycles
0,66968
page_index,time_cycles
0,82096
page_index,time_cycles
0,102118
page_index,time_cycles
0,71126
page_index,time_cycles
0,67306
page_index,time_cycles
0,67742
page_index,time_cycles
0,65290
page_index,time_cycles
0,73744
page_index,time_cycles
0,83906
page_index,time_cycles
0,65750
page_index,time_cycles
0,63426
page_index,time_cycles
0,64830
page_index,time_cycles
0,85030
page_index,time_cycles
0,65070
page_index,time_cycles
0,105792
page_index,time_cycles
0,82432
page_index,time_cycles
0,66294
page_index,time_cycles
0,74846
page_index,time_cycles
0,65012
page_index,time_cycles
0,74448
page_index,time_cycles
0,95564
page_index,time_cycles
0,70646
page_index,time_cycles
0,64344
page_index,time_cycles
0,66336
page_index,time_cycles
0,65414
page_index,time_cycles
0,67604
page_index,time_cycles
0,67466
page_index,time_cycles
0,109858
page_index,time_cycles
0,72200
page_index,time_cycles
0,64610
page_index,time_cycles
0,65842
page_index,time_cycles
0,90026
page_index,time_cycles
0,70286
page_index,time_cycles
0,127938
page_index,time_cycles
0,66778
page_index,time_cycles
0,64654
page_index,time_cycles
0,64594
page_index,time_cycles
0,72900
page_index,time_cycles
0,74222
page_index,time_cycles
0,97026
page_index,time_cycles
0,97080
page_index,time_cycles
0,67410
page_index,time_cycles
0,76762
page_index,time_cycles
0,65430
page_index,time_cycles
0,97776
page_index,time_cycles
0,68582
page_index,time_cycles
0,67722
page_index,time_cycles
0,66730
page_index,time_cycles
0,67386
page_index,time_cycles
0,67780
page_index,time_cycles
0,72990
page_index,time_cycles
0,73080
page_index,time_cycles
0,75870
page_index,time_cycles
0,68122
page_index,time_cycles
0,70182
page_index,time_cycles
0,72250
page_index,time_cycles
0,71652
page_index,time_cycles
0,65392
page_index,time_cycles
0,65502
page_index,time_cycles
0,69938
page_index,time_cycles
0,66690
page_index,time_cycles
0,67254
page_index,time_cycles
0,67528
page_index,time_cycles
0,68324
page_index,time_cycles
0,65670
page_index,time_cycles
0,66528
page_index,time_cycles
0,67956
page_index,time_cycles
0,65888
page_index,time_cycles
0,99330
page_index,time_cycles
0,125398
page_index,time_cycles
0,70820
page_index,time_cycles
0,66782
page_index,time_cycles
0,69608
page_index,time_cycles
0,64804
page_index,time_cycles
0,74268
page_index,time_cycles
0,74544
page_index,time_cycles
0,66022
page_index,time_cycles
0,63736
page_index,time_cycles
0,69294
page_index,time_cycles
0,69840
page_index,time_cycles
0,71144
page_index,time_cycles
0,72268
page_index,time_cycles
0,86732
page_index,time_cycles
0,65672
page_index,time_cycles
0,65876
page_index,time_cycles
0,64982
page_index,time_cycles
0,64930
page_index,time_cycles
0,64272
page_index,time_cycles
0,74396
page_index,time_cycles
0,68260
page_index,time_cycles
0,70030
page_index,time_cycles
0,74422
page_index,time_cycles
0,59606
page_index,time_cycles
0,67916
page_index,time_cycles
0,75480
page_index,time_cycles
0,64766
page_index,time_cycles
0,64920
page_index,time_cycles
0,63486
page_index,time_cycles
0,76554
page_index,time_cycles
0,69134
page_index,time_cycles
0,67566
page_index,time_cycles
0,64700
page_index,time_cycles
0,65360
page_index,time_cycles
0,67770
page_index,time_cycles
0,68186
page_index,time_cycles
0,71794
page_index,time_cycles
0,70970
page_index,time_cycles
0,67496
page_index,time_cycles
0,70336
page_index,time_cycles
0,67824
page_index,time_cycles
0,81040
page_index,time_cycles
0,73418
page_index,time_cycles
0,76214
page_index,time_cycles
0,69246
page_index,time_cycles
0,66442
page_index,time_cycles
0,74242
page_index,time_cycles
0,77386
page_index,time_cycles
0,64786
page_index,time_cycles
0,83950
page_index,time_cycles
0,73502
page_index,time_cycles
0,70160
page_index,time_cycles
0,62446
page_index,time_cycles
0,66418
page_index,time_cycles
0,65540
page_index,time_cycles
0,66040
page_index,time_cycles
0,76114
page_index,time_cycles
0,68486
page_index,time_cycles
0,80658
page_index,time_cycles
0,66370
page_index,time_cycles
0,71118
page_index,time_cycles
0,71194
page_index,time_cycles
0,69440
page_index,time_cycles
0,66464
page_index,time_cycles
0,72392
page_index,time_cycles
0,72808
page_index,time_cycles
0,64006
page_index,time_cycles
0,66046
page_index,time_cycles
0,99488
page_index,time_cycles
0,66216
page_index,time_cycles
0,65332
page_index,time_cycles
0,68988
page_index,time_cycles
0,67142
page_index,time_cycles
0,66244
page_index,time_cycles
0,69790
page_index,time_cycles
0,66610
page_index,time_cycles
0,64630
page_index,time_cycles
0,74068
page_index,time_cycles
0,71328
page_index,time_cycles
0,69670
page_index,time_cycles
0,71744
page_index,time_cycles
0,66992
page_index,time_cycles
0,69358
page_index,time_cycles
0,64322
page_index,time_cycles
0,71938
page_index,time_cycles
0,70260
page_index,time_cycles
0,63764
page_index,time_cycles
0,63396
page_index,time_cycles
0,77162
page_index,time_cycles
0,66032
page_index,time_cycles
0,67982
page_index,time_cycles
0,88226
page_index,time_cycles
0,74100
page_index,time_cycles
0,69508
page_index,time_cycles
0,66262
page_index,time_cycles
0,71620
page_index,time_cycles
0,68546
page_index,time_cycles
0,70324
page_index,time_cycles
0,69066
page_index,time_cycles
0,69022
page_index,time_cycles
0,67234
page_index,time_cycles
0,74348
page_index,time_cycles
0,67810
page_index,time_cycles
0,72394
page_index,time_cycles
0,64498
page_index,time_cycles
0,128428
page_index,time_cycles
0,120158
page_index,time_cycles
0,67806
page_index,time_cycles
0,69080
page_index,time_cycles
0,70460
page_index,time_cycles
0,64444
page_index,time_cycles
0,71708
page_index,time_cycles
0,70650
page_index,time_cycles
0,76072
page_index,time_cycles
0,66122
page_index,time_cycles
0,98626
page_index,time_cycles
0,72042
page_index,time_cycles
0,65952
page_index,time_cycles
0,132176
page_index,time_cycles
0,71848
page_index,time_cycles
0,66790
page_index,time_cycles
0,69290
page_index,time_cycles
0,72858
page_index,time_cycles
0,65064
page_index,time_cycles
0,75656
page_index,time_cycles
0,71654
page_index,time_cycles
0,74160
page_index,time_cycles
0,68860
page_index,time_cycles
0,66486
page_index,time_cycles
0,77944
page_index,time_cycles
0,67072
page_index,time_cycles
0,67894
page_index,time_cycles
0,69082
page_index,time_cycles
0,74402
page_index,time_cycles
0,64750
page_index,time_cycles
0,70146
page_index,time_cycles
0,67456
page_index,time_cycles
0,132942
page_index,time_cycles
0,69434
page_index,time_cycles
0,70302
page_index,time_cycles
0,66560
page_index,time_cycles
0,69638
page_index,time_cycles
0,70588
page_index,time_cycles
0,66112
page_index,time_cycles
0,68734
page_index,time_cycles
0,72162
page_index,time_cycles
0,65756
page_index,time_cycles
0,64360
page_index,time_cycles
0,70710
page_index,time_cycles
0,64988
page_index,time_cycles
0,67066
page_index,time_cycles
0,72410
page_index,time_cycles
0,72114
page_index,time_cycles
0,68116
page_index,time_cycles
0,73122
page_index,time_cycles
0,69500
page_index,time_cycles
0,73028
page_index,time_cycles
0,106172
page_index,time_cycles
0,64924
page_index,time_cycles
0,72158
page_index,time_cycles
0,68272
page_index,time_cycles
0,77930
page_index,time_cycles
0,79392
page_index,time_cycles
0,65818
page_index,time_cycles
0,67236
page_index,time_cycles
0,117616
page_index,time_cycles
0,69116
page_index,time_cycles
0,70146
page_index,time_cycles
0,69770
page_index,time_cycles
0,66452
page_index,time_cycles
0,98576
page_index,time_cycles
0,65074
page_index,time_cycles
0,67298
page_index,time_cycles
0,70586
page_index,time_cycles
0,68372
page_index,time_cycles
0,80300
page_index,time_cycles
0,66948
page_index,time_cycles
0,66774
page_index,time_cycles
0,64978
page_index,time_cycles
0,69676
page_index,time_cycles
0,68942
page_index,time_cycles
0,76592
page_index,time_cycles
0,69170
page_index,time_cycles
0,65988
page_index,time_cycles
0,63790
page_index,time_cycles
0,69654
page_index,time_cycles
0,65948
page_index,time_cycles
0,68838
page_index,time_cycles
0,67068
page_index,time_cycles
0,66630
page_index,time_cycles
0,67444
page_index,time_cycles
0,77406
page_index,time_cycles
0,65040
page_index,time_cycles
0,66226
page_index,time_cycles
0,94894
page_index,time_cycles
0,65444
page_index,time_cycles
0,74774
page_index,time_cycles
0,63126
page_index,time_cycles
0,63932
page_index,time_cycles
0,77658
page_index,time_cycles
0,62992
page_index,time_cycles
0,65336
page_index,time_cycles
0,65484
page_index,time_cycles
0,65940
page_index,time_cycles
0,68758
page_index,time_cycles
0,84440
page_index,time_cycles
0,70360
page_index,time_cycles
0,73404
page_index,time_cycles
0,70766
page_index,time_cycles
0,72570
page_index,time_cycles
0,65714
page_index,time_cycles
0,69172
page_index,time_cycles
0,67932
page_index,time_cycles
0,69348
page_index,time_cycles
0,65864
page_index,time_cycles
0,67618
page_index,time_cycles
0,90004
page_index,time_cycles
0,69814
page_index,time_cycles
0,69452
page_index,time_cycles
0,118430
page_index,time_cycles
0,74260
page_index,time_cycles
0,79136
page_index,time_cycles
0,76592
page_index,time_cycles
0,69136
page_index,time_cycles
0,127882
page_index,time_cycles
0,66544
page_index,time_cycles
0,68626
page_index,time_cycles
0,69610
page_index,time_cycles
0,105276
page_index,time_cycles
0,69842
page_index,time_cycles
0,63998
page_index,time_cycles
0,73180
page_index,time_cycles
0,70760
page_index,time_cycles
0,78998
page_index,time_cycles
0,88296
page_index,time_cycles
0,70170
page_index,time_cycles
0,64040
page_index,time_cycles
0,67668
page_index,time_cycles
0,65776
page_index,time_cycles
0,70480
page_index,time_cycles
0,65844
page_index,time_cycles
0,79014
page_index,time_cycles
0,73794
page_index,time_cycles
0,71982
page_index,time_cycles
0,68000
page_index,time_cycles
0,71118
page_index,time_cycles
0,66862
page_index,time_cycles
0,88350
page_index,time_cycles
0,64782
page_index,time_cycles
0,67350
page_index,time_cycles
0,84094
page_index,time_cycles
0,69542
page_index,time_cycles
0,65180
page_index,time_cycles
0,63536
page_index,time_cycles
0,70238
page_index,time_cycles
0,64954
page_index,time_cycles
0,79692
page_index,time_cycles
0,64962
page_index,time_cycles
0,154888
page_index,time_cycles
0,66010
page_index,time_cycles
0,68330
page_index,time_cycles
0,72148
page_index,time_cycles
0,71636
page_index,time_cycles
0,74120
page_index,time_cycles
0,73894
page_index,time_cycles
0,65594
page_index,time_cycles
0,69416
page_index,time_cycles
0,65752
page_index,time_cycles
0,69490
page_index,time_cycles
0,80368
page_index,time_cycles
0,66826
page_index,time_cycles
0,76454
page_index,time_cycles
0,135006
page_index,time_cycles
0,73414
page_index,time_cycles
0,85054
page_index,time_cycles
0,77434
page_index,time_cycles
0,66856
page_index,time_cycles
0,63652
page_index,time_cycles
0,69018
page_index,time_cycles
0,75274
page_index,time_cycles
0,72202
page_index,time_cycles
0,67148
page_index,time_cycles
0,77932
page_index,time_cycles
0,73056
page_index,time_cycles
0,69510
page_index,time_cycles
0,71526
page_index,time_cycles
0,69642
page_index,time_cycles
0,66820
page_index,time_cycles
0,75802
page_index,time_cycles
0,65988
page_index,time_cycles
0,69628
page_index,time_cycles
0,66708
page_index,time_cycles
0,74500
page_index,time_cycles
0,100198
page_index,time_cycles
0,64828
page_index,time_cycles
0,86610
page_index,time_cycles
0,71100
page_index,time_cycles
0,66076
page_index,time_cycles
0,68348
page_index,time_cycles
0,65870
page_index,time_cycles
0,65994
page_index,time_cycles
0,77104
page_index,time_cycles
0,67292
page_index,time_cycles
0,78428
page_index,time_cycles
0,68344
page_index,time_cycles
0,63346
page_index,time_cycles
0,68410
page_index,time_cycles
0,70192
page_index,time_cycles
0,67002
page_index,time_cycles
0,80706
page_index,time_cycles
0,72248
page_index,time_cycles
0,65224
page_index,time_cycles
0,70436
page_index,time_cycles
0,72208
page_index,time_cycles
0,66744
page_index,time_cycles
0,67300
page_index,time_cycles
0,70262
page_index,time_cycles
0,67168
page_index,time_cycles
0,70014
page_index,time_cycles
0,72284
page_index,time_cycles
0,71624
page_index,time_cycles
0,65924
page_index,time_cycles
0,65562
page_index,time_cycles
0,143582
page_index,time_cycles
0,70004
page_index,time_cycles
0,69006
page_index,time_cycles
0,68076
page_index,time_cycles
0,66102
page_index,time_cycles
0,79536
page_index,time_cycles
0,67192
page_index,time_cycles
0,123880
page_index,time_cycles
0,102498
page_index,time_cycles
0,69442
page_index,time_cycles
0,64344
page_index,time_cycles
0,67988
page_index,time_cycles
0,62734
page_index,time_cycles
0,63934
page_index,time_cycles
0,98930
page_index,time_cycles
0,69034
page_index,time_cycles
0,98890
page_index,time_cycles
0,66784
page_index,time_cycles
0,77646
page_index,time_cycles
0,66774
page_index,time_cycles
0,67854
page_index,time_cycles
0,67716
page_index,time_cycles
0,66084
page_index,time_cycles
0,74180
page_index,time_cycles
0,64630
page_index,time_cycles
0,68742
page_index,time_cycles
0,103070
page_index,time_cycles
0,67096
page_index,time_cycles
0,62480
page_index,time_cycles
0,68578
page_index,time_cycles
0,77068
page_index,time_cycles
0,64930
page_index,time_cycles
0,74842
page_index,time_cycles
0,91454
page_index,time_cycles
0,64270
page_index,time_cycles
0,63680
page_index,time_cycles
0,64930
page_index,time_cycles
0,65780
page_index,time_cycles
0,68606
page_index,time_cycles
0,82470
page_index,time_cycles
0,80612
page_index,time_cycles
0,79448
page_index,time_cycles
0,65960
page_index,time_cycles
0,70100
page_index,time_cycles
0,80454
page_index,time_cycles
0,66206
page_index,time_cycles
0,68978
page_index,time_cycles
0,102368
page_index,time_cycles
0,70922
page_index,time_cycles
0,67428
page_index,time_cycles
0,69780
page_index,time_cycles
0,69330
page_index,time_cycles
0,99782
page_index,time_cycles
0,68372
page_index,time_cycles
0,69442
page_index,time_cycles
0,65166
page_index,time_cycles
0,75494
page_index,time_cycles
0,71954
page_index,time_cycles
0,72274
page_index,time_cycles
0,69540
page_index,time_cycles
0,65518
page_index,time_cycles
0,70540
page_index,time_cycles
0,67066
page_index,time_cycles
0,98370
page_index,time_cycles
0,67680
page_index,time_cycles
0,65514
page_index,time_cycles
0,64276
page_index,time_cycles
0,64402
page_index,time_cycles
0,64104
page_index,time_cycles
0,70912
page_index,time_cycles
0,69684
page_index,time_cycles
0,66976
page_index,time_cycles
0,66940
page_index,time_cycles
0,97980
page_index,time_cycles
0,63282
page_index,time_cycles
0,75444
page_index,time_cycles
0,64934
page_index,time_cycles
0,64530
page_index,time_cycles
0,67008
page_index,time_cycles
0,76164
page_index,time_cycles
0,74700
page_index,time_cycles
0,71064
page_index,time_cycles
0,64594
page_index,time_cycles
0,66694
page_index,time_cycles
0,75858
page_index,time_cycles
0,67046
page_index,time_cycles
0,68436
page_index,time_cycles
0,71054
page_index,time_cycles
0,64274
page_index,time_cycles
0,72420
page_index,time_cycles
0,71990
page_index,time_cycles
0,77298
page_index,time_cycles
0,100922
page_index,time_cycles
0,71414
page_index,time_cycles
0,77490
page_index,time_cycles
0,71834
page_index,time_cycles
0,78762
page_index,time_cycles
0,73792
page_index,time_cycles
0,69864
page_index,time_cycles
0,69922
page_index,time_cycles
0,65070
page_index,time_cycles
0,70886
page_index,time_cycles
0,107732
page_index,time_cycles
0,90530
page_index,time_cycles
0,69776
page_index,time_cycles
0,66684
page_index,time_cycles
0,66610
page_index,time_cycles
0,69162
page_index,time_cycles
0,68078
page_index,time_cycles
0,64542
page_index,time_cycles
0,77060
page_index,time_cycles
0,72984
page_index,time_cycles
0,65714
page_index,time_cycles
0,66500
page_index,time_cycles
0,68112
page_index,time_cycles
0,76120
page_index,time_cycles
0,95958
page_index,time_cycles
0,62870
page_index,time_cycles
0,66244
page_index,time_cycles
0,83498
page_index,time_cycles
0,65682
page_index,time_cycles
0,67770
page_index,time_cycles
0,84196
page_index,time_cycles
0,73062
page_index,time_cycles
0,69492
page_index,time_cycles
0,70706
page_index,time_cycles
0,67698
page_index,time_cycles
0,72312
page_index,time_cycles
0,64776
page_index,time_cycles
0,66276
page_index,time_cycles
0,72190
page_index,time_cycles
0,74166
page_index,time_cycles
0,77730
page_index,time_cycles
0,77134
page_index,time_cycles
0,70872
page_index,time_cycles
0,71448
page_index,time_cycles
0,66558
page_index,time_cycles
0,70630
page_index,time_cycles
0,101992
page_index,time_cycles
0,80202
page_index,time_cycles
0,67400
page_index,time_cycles
0,71884
page_index,time_cycles
0,64466
page_index,time_cycles
0,72176
page_index,time_cycles
0,78822
page_index,time_cycles
0,66562
page_index,time_cycles
0,124160
page_index,time_cycles
0,74088
page_index,time_cycles
0,80604
page_index,time_cycles
0,72856
page_index,time_cycles
0,70314
page_index,time_cycles
0,73188
page_index,time_cycles
0,79006
page_index,time_cycles
0,65528
page_index,time_cycles
0,67970
page_index,time_cycles
0,71072
page_index,time_cycles
0,72018
page_index,time_cycles
0,153126
page_index,time_cycles
0,63952
page_index,time_cycles
0,63380
page_index,time_cycles
0,119304
page_index,time_cycles
0,66234
page_index,time_cycles
0,68284
page_index,time_cycles
0,69090
page_index,time_cycles
0,96024
page_index,time_cycles
0,73314
page_index,time_cycles
0,64926
page_index,time_cycles
0,66372
page_index,time_cycles
0,76290
page_index,time_cycles
0,65616
page_index,time_cycles
0,66626
page_index,time_cycles
0,76044
page_index,time_cycles
0,64452
page_index,time_cycles
0,69714
page_index,time_cycles
0,65622
page_index,time_cycles
0,66676
page_index,time_cycles
0,80378
page_index,time_cycles
0,70350
page_index,time_cycles
0,68860
page_index,time_cycles
0,64072
page_index,time_cycles
0,64642
page_index,time_cycles
0,63168
page_index,time_cycles
0,74494
page_index,time_cycles
0,112540
page_index,time_cycles
0,68172
page_index,time_cycles
0,72370
page_index,time_cycles
0,70302
page_index,time_cycles
0,103164
page_index,time_cycles
0,65386
page_index,time_cycles
0,67366
page_index,time_cycles
0,71212
page_index,time_cycles
0,75526
page_index,time_cycles
0,64618
page_index,time_cycles
0,64560
page_index,time_cycles
0,68792
page_index,time_cycles
0,65056
page_index,time_cycles
0,91710
page_index,time_cycles
0,63930
page_index,time_cycles
0,70082
page_index,time_cycles
0,70880
page_index,time_cycles
0,71368
page_index,time_cycles
0,70818
page_index,time_cycles
0,82796
page_index,time_cycles
0,61966
page_index,time_cycles
0,66504
page_index,time_cycles
0,74534
page_index,time_cycles
0,65156
page_index,time_cycles
0,74132
page_index,time_cycles
0,65150
page_index,time_cycles
0,69458
page_index,time_cycles
0,64018
page_index,time_cycles
0,79312
page_index,time_cycles
0,68510
page_index,time_cycles
0,64092
page_index,time_cycles
0,66724
page_index,time_cycles
0,72150
page_index,time_cycles
0,99776
page_index,time_cycles
0,72342
page_index,time_cycles
0,65650
page_index,time_cycles
0,93434
page_index,time_cycles
0,70002
page_index,time_cycles
0,89236
page_index,time_cycles
0,65584
page_index,time_cycles
0,62714
page_index,time_cycles
0,78552
page_index,time_cycles
0,73952
page_index,time_cycles
0,77456
page_index,time_cycles
0,65944
page_index,time_cycles
0,72188
page_index,time_cycles
0,66608
page_index,time_cycles
0,74246
page_index,time_cycles
0,67212
page_index,time_cycles
0,69830
page_index,time_cycles
0,69566
page_index,time_cycles
0,67110
page_index,time_cycles
0,64786
page_index,time_cycles
0,66270
page_index,time_cycles
0,102318
page_index,time_cycles
0,81172
page_index,time_cycles
0,64724
page_index,time_cycles
0,64928
page_index,time_cycles
0,64836
page_index,time_cycles
0,67276
page_index,time_cycles
0,70034
page_index,time_cycles
0,65964
page_index,time_cycles
0,69928
page_index,time_cycles
0,65608
page_index,time_cycles
0,111140
page_index,time_cycles
0,68142
page_index,time_cycles
0,73422
page_index,time_cycles
0,68026
page_index,time_cycles
0,66966
page_index,time_cycles
0,67930
page_index,time_cycles
0,73348
page_index,time_cycles
0,69216
page_index,time_cycles
0,64914
page_index,time_cycles
0,162418
page_index,time_cycles
0,63386
page_index,time_cycles
0,73002
page_index,time_cycles
0,69882
page_index,time_cycles
0,76048
page_index,time_cycles
0,105238
page_index,time_cycles
0,78808
page_index,time_cycles
0,68306
page_index,time_cycles
0,64884
page_index,time_cycles
0,82442
page_index,time_cycles
0,64626
page_index,time_cycles
0,74362
page_index,time_cycles
0,65660
page_index,time_cycles
0,71276
page_index,time_cycles
0,76060
page_index,time_cycles
0,77900
page_index,time_cycles
0,70614
page_index,time_cycles
0,68910
page_index,time_cycles
0,67506
page_index,time_cycles
0,65734
page_index,time_cycles
0,65434
page_index,time_cycles
0,69960
page_index,time_cycles
0,64658
page_index,time_cycles
0,64728
page_index,time_cycles
0,94386
page_index,time_cycles
0,68874
page_index,time_cycles
0,71460
page_index,time_cycles
0,66250
page_index,time_cycles
0,66212
page_index,time_cycles
0,72628
page_index,time_cycles
0,73418
page_index,time_cycles
0,67858
page_index,time_cycles
0,67964
page_index,time_cycles
0,71896
page_index,time_cycles
0,71642
page_index,time_cycles
0,64150
page_index,time_cycles
0,66462
page_index,time_cycles
0,67448
page_index,time_cycles
0,69586
page_index,time_cycles
0,67096
page_index,time_cycles
0,68254
page_index,time_cycles
0,72738
page_index,time_cycles
0,71046
page_index,time_cycles
0,69196
page_index,time_cycles
0,70574
page_index,time_cycles
0,63796
page_index,time_cycles
0,67380
page_index,time_cycles
0,70460
page_index,time_cycles
0,91464
page_index,time_cycles
0,77594
page_index,time_cycles
0,69582
page_index,time_cycles
0,65258
page_index,time_cycles
0,68428
page_index,time_cycles
0,68506
page_index,time_cycles
0,69548
page_index,time_cycles
0,69276
page_index,time_cycles
0,70300
page_index,time_cycles
0,66568
page_index,time_cycles
0,69060
page_index,time_cycles
0,78176
page_index,time_cycles
0,70118
page_index,time_cycles
0,70988
page_index,time_cycles
0,81586
page_index,time_cycles
0,70858
page_index,time_cycles
0,65036
page_index,time_cycles
0,69842
page_index,time_cycles
0,69514
page_index,time_cycles
0,102502
page_index,time_cycles
0,78176
page_index,time_cycles
0,72520
page_index,time_cycles
0,77754
page_index,time_cycles
0,100012
page_index,time_cycles
0,66430
page_index,time_cycles
0,67132
page_index,time_cycles
0,66360
page_index,time_cycles
0,96208
page_index,time_cycles
0,66956
page_index,time_cycles
0,65860
page_index,time_cycles
0,65532
page_index,time_cycles
0,74466
page_index,time_cycles
0,73160
page_index,time_cycles
0,66198
page_index,time_cycles
0,67688
page_index,time_cycles
0,65016
page_index,time_cycles
0,135668
page_index,time_cycles
0,65468
page_index,time_cycles
0,69736
page_index,time_cycles
0,115058
page_index,time_cycles
0,65236
page_index,time_cycles
0,75288
page_index,time_cycles
0,65602
page_index,time_cycles
0,65838
page_index,time_cycles
0,72002
page_index,time_cycles
0,67000
page_index,time_cycles
0,77372
page_index,time_cycles
0,98788
page_index,time_cycles
0,67392
page_index,time_cycles
0,64630
page_index,time_cycles
0,65436
page_index,time_cycles
0,70562
page_index,time_cycles
0,67924
page_index,time_cycles
0,71292
page_index,time_cycles
0,63414
page_index,time_cycles
0,66168
page_index,time_cycles
0,74808
page_index,time_cycles
0,63956
page_index,time_cycles
0,65834
page_index,time_cycles
0,79544
page_index,time_cycles
0,69258
page_index,time_cycles
0,75626
page_index,time_cycles
0,65508
page_index,time_cycles
0,67840
page_index,time_cycles
0,72378
page_index,time_cycles
0,64980
page_index,time_cycles
0,66220
page_index,time_cycles
0,69688
page_index,time_cycles
0,120292
page_index,time_cycles
0,70638
page_index,time_cycles
0,78900
page_index,time_cycles
0,130008
page_index,time_cycles
0,116680
page_index,time_cycles
0,65964
page_index,time_cycles
0,66104
page_index,time_cycles
0,66806
page_index,time_cycles
0,67882
page_index,time_cycles
0,72856
page_index,time_cycles
0,65756
page_index,time_cycles
0,69482
page_index,time_cycles
0,62466
page_index,time_cycles
0,68672
page_index,time_cycles
0,73284
page_index,time_cycles
0,68706
page_index,time_cycles
0,66494
page_index,time_cycles
0,75382
page_index,time_cycles
0,68310
page_index,time_cycles
0,68932
page_index,time_cycles
0,72150
page_index,time_cycles
0,69418
page_index,time_cycles
0,64532
page_index,time_cycles
0,72368
page_index,time_cycles
0,68748
page_index,time_cycles
0,66896
page_index,time_cycles
0,66414
page_index,time_cycles
0,66200
page_index,time_cycles
0,68220
page_index,time_cycles
0,71446
page_index,time_cycles
0,65988
page_index,time_cycles
0,71046
page_index,time_cycles
0,66650
page_index,time_cycles
0,71750
page_index,time_cycles
0,66220
page_index,time_cycles
0,65930
page_index,time_cycles
0,119746
page_index,time_cycles
0,65892
page_index,time_cycles
0,78306
page_index,time_cycles
0,70390
page_index,time_cycles
0,66546
page_index,time_cycles
0,79112
page_index,time_cycles
0,72822
page_index,time_cycles
0,67860
page_index,time_cycles
0,65200
page_index,time_cycles
0,65030
page_index,time_cycles
0,71300
page_index,time_cycles
0,64904
page_index,time_cycles
0,93350
page_index,time_cycles
0,72536
page_index,time_cycles
0,64354
page_index,time_cycles
0,73816
page_index,time_cycles
0,62988
page_index,time_cycles
0,74652
page_index,time_cycles
0,109334
page_index,time_cycles
0,68808
page_index,time_cycles
0,65742
page_index,time_cycles
0,74830
page_index,time_cycles
0,63688
page_index,time_cycles
0,66400
page_index,time_cycles
0,92920
page_index,time_cycles
0,72976
page_index,time_cycles
0,64730
page_index,time_cycles
0,66896
page_index,time_cycles
0,65662
page_index,time_cycles
0,120902
page_index,time_cycles
0,72402
page_index,time_cycles
0,68288
page_index,time_cycles
0,71728
page_index,time_cycles
0,77830
page_index,time_cycles
0,79594
page_index,time_cycles
0,81952
page_index,time_cycles
0,65292
page_index,time_cycles
0,72980
page_index,time_cycles
0,76558
page_index,time_cycles
0,69788
page_index,time_cycles
0,100686
page_index,time_cycles
0,101692
page_index,time_cycles
0,65908
page_index,time_cycles
0,60692
page_index,time_cycles
0,75410
page_index,time_cycles
0,79794
page_index,time_cycles
0,78208
page_index,time_cycles
0,69204
page_index,time_cycles
0,64876
page_index,time_cycles
0,77924
page_index,time_cycles
0,66668
page_index,time_cycles
0,65392
page_index,time_cycles
0,67892
page_index,time_cycles
0,65608
page_index,time_cycles
0,67004
page_index,time_cycles
0,71788
page_index,time_cycles
0,70418
page_index,time_cycles
0,66362
page_index,time_cycles
0,65106
page_index,time_cycles
0,67584
page_index,time_cycles
0,71338
page_index,time_cycles
0,70948
page_index,time_cycles
0,69412
page_index,time_cycles
0,66404
page_index,time_cycles
0,68354
page_index,time_cycles
0,65674
page_index,time_cycles
0,77014
page_index,time_cycles
0,75768
page_index,time_cycles
0,64202
page_index,time_cycles
0,75752
page_index,time_cycles
0,68914
page_index,time_cycles
0,65058
page_index,time_cycles
0,106516
page_index,time_cycles
0,69304
page_index,time_cycles
0,64488
page_index,time_cycles
0,72358
page_index,time_cycles
0,70688
page_index,time_cycles
0,75552
page_index,time_cycles
0,64008
page_index,time_cycles
0,71428
page_index,time_cycles
0,71448
page_index,time_cycles
0,67376
page_index,time_cycles
0,73858
page_index,time_cycles
0,68020
page_index,time_cycles
0,63886
page_index,time_cycles
0,67702
page_index,time_cycles
0,70944
page_index,time_cycles
0,70786
page_index,time_cycles
0,67052
page_index,time_cycles
0,64818
page_index,time_cycles
0,64892
page_index,time_cycles
0,68324
page_index,time_cycles
0,63290
page_index,time_cycles
0,68376
page_index,time_cycles
0,70286
page_index,time_cycles
0,60996
page_index,time_cycles
0,79012
page_index,time_cycles
0,66340
page_index,time_cycles
0,65212
page_index,time_cycles
0,62918
page_index,time_cycles
0,76798
page_index,time_cycles
0,70544
page_index,time_cycles
0,68674
page_index,time_cycles
0,69804
page_index,time_cycles
0,70216
page_index,time_cycles
0,70126
page_index,time_cycles
0,72650
page_index,time_cycles
0,71740
page_index,time_cycles
0,67718
page_index,time_cycles
0,65524
page_index,time_cycles
0,89152
page_index,time_cycles
0,123462
page_index,time_cycles
0,65560
page_index,time_cycles
0,77922
page_index,time_cycles
0,64696
page_index,time_cycles
0,93364
page_index,time_cycles
0,103590
page_index,time_cycles
0,66708
page_index,time_cycles
0,69636
page_index,time_cycles
0,63432
page_index,time_cycles
0,69604
page_index,time_cycles
0,78864
page_index,time_cycles
0,66768
page_index,time_cycles
0,67122
page_index,time_cycles
0,72230
page_index,time_cycles
0,68836
page_index,time_cycles
0,71512
page_index,time_cycles
0,71046
page_index,time_cycles
0,65536
page_index,time_cycles
0,68484
page_index,time_cycles
0,72666
page_index,time_cycles
0,75272
page_index,time_cycles
0,65478
page_index,time_cycles
0,70430
page_index,time_cycles
0,64614
page_index,time_cycles
0,66854
page_index,time_cycles
0,68466
page_index,time_cycles
0,66290
page_index,time_cycles
0,67504
page_index,time_cycles
0,66302
page_index,time_cycles
0,72852
page_index,time_cycles
0,71626
page_index,time_cycles
0,68410
page_index,time_cycles
0,90164
page_index,time_cycles
0,117208
page_index,time_cycles
0,68008
page_index,time_cycles
0,69706
page_index,time_cycles
0,65094
page_index,time_cycles
0,66194
page_index,time_cycles
0,61920
page_index,time_cycles
0,71428
page_index,time_cycles
0,68310
page_index,time_cycles
0,64136
page_index,time_cycles
0,67858
page_index,time_cycles
0,69546
page_index,time_cycles
0,71646
page_index,time_cycles
0,68694
page_index,time_cycles
0,68496
page_index,time_cycles
0,70068
page_index,time_cycles
0,65398
page_index,time_cycles
0,86270
page_index,time_cycles
0,69318
page_index,time_cycles
0,67380
page_index,time_cycles
0,66864
page_index,time_cycles
0,69310
page_index,time_cycles
0,85860
page_index,time_cycles
0,68250
page_index,time_cycles
0,64260
page_index,time_cycles
0,64992
page_index,time_cycles
0,74288
page_index,time_cycles
0,71096
page_index,time_cycles
0,106002
page_index,time_cycles
0,78408
page_index,time_cycles
0,67880
page_index,time_cycles
0,67646
page_index,time_cycles
0,72498
page_index,time_cycles
0,69634
page_index,time_cycles
0,81926
page_index,time_cycles
0,68908
page_index,time_cycles
0,68690
page_index,time_cycles
0,65280
page_index,time_cycles
0,66578
page_index,time_cycles
0,67312
page_index,time_cycles
0,70264
page_index,time_cycles
0,67074
page_index,time_cycles
0,69638
page_index,time_cycles
0,77298
page_index,time_cycles
0,69570
page_index,time_cycles
0,91172
page_index,time_cycles
0,70506
page_index,time_cycles
0,102030
page_index,time_cycles
0,66536
page_index,time_cycles
0,69950
page_index,time_cycles
0,69158
page_index,time_cycles
0,68242
page_index,time_cycles
0,85118
page_index,time_cycles
0,64210
page_index,time_cycles
0,65922
page_index,time_cycles
0,73548
page_index,time_cycles
0,64186
page_index,time_cycles
0,64396
page_index,time_cycles
0,66860
page_index,time_cycles
0,64790
page_index,time_cycles
0,72000
page_index,time_cycles
0,72760
page_index,time_cycles
0,67664
page_index,time_cycles
0,71398
page_index,time_cycles
0,73752
page_index,time_cycles
0,130976
page_index,time_cycles
0,69660
page_index,time_cycles
0,73662
page_index,time_cycles
0,108422
page_index,time_cycles
0,65432
page_index,time_cycles
0,69186
page_index,time_cycles
0,90758
page_index,time_cycles
0,70724
page_index,time_cycles
0,68042
page_index,time_cycles
0,65096
page_index,time_cycles
0,64810
page_index,time_cycles
0,68604
page_index,time_cycles
0,65006
page_index,time_cycles
0,67110
page_index,time_cycles
0,92712
page_index,time_cycles
0,66042
page_index,time_cycles
0,66764
page_index,time_cycles
0,68640
page_index,time_cycles
0,69032
page_index,time_cycles
0,129448
page_index,time_cycles
0,72388
page_index,time_cycles
0,69306
page_index,time_cycles
0,68384
page_index,time_cycles
0,65104
page_index,time_cycles
0,96238
page_index,time_cycles
0,65376
page_index,time_cycles
0,65696
page_index,time_cycles
0,68010
page_index,time_cycles
0,68768
page_index,time_cycles
0,65440
page_index,time_cycles
0,79036
page_index,time_cycles
0,67180
page_index,time_cycles
0,69498
page_index,time_cycles
0,65922
page_index,time_cycles
0,71628
page_index,time_cycles
0,68916
page_index,time_cycles
0,72112
page_index,time_cycles
0,69068
page_index,time_cycles
0,65838
page_index,time_cycles
0,65472
page_index,time_cycles
0,66920
page_index,time_cycles
0,65336
page_index,time_cycles
0,69748
page_index,time_cycles
0,66572
page_index,time_cycles
0,67210
page_index,time_cycles
0,67274
page_index,time_cycles
0,65282
page_index,time_cycles
0,65398
page_index,time_cycles
0,69234
page_index,time_cycles
0,68600
page_index,time_cycles
0,130362
page_index,time_cycles
0,65282
page_index,time_cycles
0,101634
page_index,time_cycles
0,65222
page_index,time_cycles
0,97018
page_index,time_cycles
0,65740
page_index,time_cycles
0,63750
page_index,time_cycles
0,105500
page_index,time_cycles
0,64140
page_index,time_cycles
0,63668
page_index,time_cycles
0,95466
page_index,time_cycles
0,76826
page_index,time_cycles
0,71736
page_index,time_cycles
0,66174
page_index,time_cycles
0,79390
page_index,time_cycles
0,84800
page_index,time_cycles
0,63526
page_index,time_cycles
0,72742
page_index,time_cycles
0,86816
page_index,time_cycles
0,64372
page_index,time_cycles
0,77418
page_index,time_cycles
0,73732
page_index,time_cycles
0,64528
page_index,time_cycles
0,67782
page_index,time_cycles
0,68212
page_index,time_cycles
0,68764
page_index,time_cycles
0,66542
page_index,time_cycles
0,95694
page_index,time_cycles
0,66846
page_index,time_cycles
0,68338
page_index,time_cycles
0,79250
page_index,time_cycles
0,66212
page_index,time_cycles
0,85338
page_index,time_cycles
0,65606
page_index,time_cycles
0,69146
page_index,time_cycles
0,75710
page_index,time_cycles
0,66292
page_index,time_cycles
0,77322
page_index,time_cycles
0,64050
page_index,time_cycles
0,68118
page_index,time_cycles
0,66068
page_index,time_cycles
0,67756
page_index,time_cycles
0,66238
page_index,time_cycles
0,66788
page_index,time_cycles
0,65130
page_index,time_cycles
0,87138
page_index,time_cycles
0,63346
page_index,time_cycles
0,68044
page_index,time_cycles
0,68350
page_index,time_cycles
0,64744
page_index,time_cycles
0,72762
page_index,time_cycles
0,69100
page_index,time_cycles
0,73764
page_index,time_cycles
0,70258
page_index,time_cycles
0,69026
page_index,time_cycles
0,88466
page_index,time_cycles
0,72824
page_index,time_cycles
0,66182
page_index,time_cycles
0,74542
page_index,time_cycles
0,73102
page_index,time_cycles
0,105524
page_index,time_cycles
0,74256
page_index,time_cycles
0,76404
page_index,time_cycles
0,74270
page_index,time_cycles
0,66026
page_index,time_cycles
0,64084
page_index,time_cycles
0,63958
page_index,time_cycles
0,67128
page_index,time_cycles
0,66890
page_index,time_cycles
0,66604
page_index,time_cycles
0,65912
page_index,time_cycles
0,64616
page_index,time_cycles
0,67374
page_index,time_cycles
0,62914
page_index,time_cycles
0,69312
page_index,time_cycles
0,66468
page_index,time_cycles
0,68432
page_index,time_cycles
0,68930
page_index,time_cycles
0,86400
page_index,time_cycles
0,64694
page_index,time_cycles
0,70228
page_index,time_cycles
0,64530
page_index,time_cycles
0,65302
page_index,time_cycles
0,68460
page_index,time_cycles
0,66262
page_index,time_cycles
0,78500
page_index,time_cycles
0,64100
page_index,time_cycles
0,66174
page_index,time_cycles
0,64666
page_index,time_cycles
0,63714
page_index,time_cycles
0,69552
page_index,time_cycles
0,67472
page_index,time_cycles
0,68372
page_index,time_cycles
0,71006
page_index,time_cycles
0,77322
page_index,time_cycles
0,65602
page_index,time_cycles
0,74676
page_index,time_cycles
0,101128
page_index,time_cycles
0,67572
page_index,time_cycles
0,66244
page_index,time_cycles
0,65916
page_index,time_cycles
0,72844
page_index,time_cycles
0,83954
page_index,time_cycles
0,63064
page_index,time_cycles
0,70260
page_index,time_cycles
0,71440
page_index,time_cycles
0,75122
page_index,time_cycles
0,72658
page_index,time_cycles
0,71714
page_index,time_cycles
0,100270
page_index,time_cycles
0,65336
page_index,time_cycles
0,66190
page_index,time_cycles
0,86490
page_index,time_cycles
0,91442
page_index,time_cycles
0,80660
page_index,time_cycles
0,66224
page_index,time_cycles
0,74884
page_index,time_cycles
0,76482
page_index,time_cycles
0,66552
page_index,time_cycles
0,68986
page_index,time_cycles
0,64780
page_index,time_cycles
0,72008
page_index,time_cycles
0,64136
page_index,time_cycles
0,85114
page_index,time_cycles
0,67494
page_index,time_cycles
0,66954
page_index,time_cycles
0,71114
page_index,time_cycles
0,68224
page_index,time_cycles
0,66472
page_index,time_cycles
0,67022
page_index,time_cycles
0,74028
page_index,time_cycles
0,66408
page_index,time_cycles
0,64394
page_index,time_cycles
0,73728
page_index,time_cycles
0,70898
page_index,time_cycles
0,114526
page_index,time_cycles
0,64244
page_index,time_cycles
0,65730
page_index,time_cycles
0,65434
page_index,time_cycles
0,89320
page_index,time_cycles
0,71244
page_index,time_cycles
0,77776
page_index,time_cycles
0,67330
page_index,time_cycles
0,70054
page_index,time_cycles
0,76984
page_index,time_cycles
0,71530
page_index,time_cycles
0,65116
page_index,time_cycles
0,79782
page_index,time_cycles
0,71026
page_index,time_cycles
0,79228
page_index,time_cycles
0,72516
page_index,time_cycles
0,72036
page_index,time_cycles
0,68864
page_index,time_cycles
0,64356
page_index,time_cycles
0,69728
page_index,time_cycles
0,63390
page_index,time_cycles
0,67066
page_index,time_cycles
0,63862
page_index,time_cycles
0,64186
page_index,time_cycles
0,65608
page_index,time_cycles
0,64800
page_index,time_cycles
0,64710
page_index,time_cycles
0,70590
page_index,time_cycles
0,70910
page_index,time_cycles
0,112720
page_index,time_cycles
0,77848
page_index,time_cycles
0,106170
page_index,time_cycles
0,131934
page_index,time_cycles
0,65636
page_index,time_cycles
0,65298
page_index,time_cycles
0,64312
page_index,time_cycles
0,73600
page_index,time_cycles
0,68108
page_index,time_cycles
0,64362
page_index,time_cycles
0,89260
page_index,time_cycles
0,64544
page_index,time_cycles
0,72836
page_index,time_cycles
0,65268
page_index,time_cycles
0,66424
page_index,time_cycles
0,65470
page_index,time_cycles
0,64284
page_index,time_cycles
0,68832
page_index,time_cycles
0,64298
page_index,time_cycles
0,77174
page_index,time_cycles
0,71422
page_index,time_cycles
0,68984
page_index,time_cycles
0,65956
page_index,time_cycles
0,146936
page_index,time_cycles
0,74210
page_index,time_cycles
0,65734
page_index,time_cycles
0,72466
page_index,time_cycles
0,65300
page_index,time_cycles
0,66508
page_index,time_cycles
0,67580
page_index,time_cycles
0,71504
page_index,time_cycles
0,68194
page_index,time_cycles
0,66378
page_index,time_cycles
0,114442
page_index,time_cycles
0,68294
page_index,time_cycles
0,70478
page_index,time_cycles
0,63740
page_index,time_cycles
0,69974
page_index,time_cycles
0,67238
page_index,time_cycles
0,67478
page_index,time_cycles
0,72732
page_index,time_cycles
0,70924
page_index,time_cycles
0,77242
page_index,time_cycles
0,64074
page_index,time_cycles
0,72002
page_index,time_cycles
0,64016
page_index,time_cycles
0,72530
page_index,time_cycles
0,66310
page_index,time_cycles
0,68938
page_index,time_cycles
0,70774
page_index,time_cycles
0,73904
page_index,time_cycles
0,77258
page_index,time_cycles
0,125878
page_index,time_cycles
0,71266
page_index,time_cycles
0,68872
page_index,time_cycles
0,97966
page_index,time_cycles
0,128366
page_index,time_cycles
0,67484
page_index,time_cycles
0,70350
page_index,time_cycles
0,63442
page_index,time_cycles
0,65600
page_index,time_cycles
0,66544
page_index,time_cycles
0,69228
page_index,time_cycles
0,75868
page_index,time_cycles
0,69350
page_index,time_cycles
0,70536
page_index,time_cycles
0,69744
page_index,time_cycles
0,65758
page_index,time_cycles
0,65100
page_index,time_cycles
0,128762
page_index,time_cycles
0,107946
page_index,time_cycles
0,71448
page_index,time_cycles
0,64324
page_index,time_cycles
0,68210
page_index,time_cycles
0,64972
page_index,time_cycles
0,79350
page_index,time_cycles
0,75004
page_index,time_cycles
0,63204
page_index,time_cycles
0,65798
page_index,time_cycles
0,66110
page_index,time_cycles
0,70048
page_index,time_cycles
0,69638
page_index,time_cycles
0,71260
page_index,time_cycles
0,195870
page_index,time_cycles
0,66104
page_index,time_cycles
0,67542
page_index,time_cycles
0,67894
page_index,time_cycles
0,66062
page_index,time_cycles
0,69122
page_index,time_cycles
0,103090
page_index,time_cycles
0,67006
page_index,time_cycles
0,66772
page_index,time_cycles
0,65612
page_index,time_cycles
0,69018
page_index,time_cycles
0,68876
page_index,time_cycles
0,67926
page_index,time_cycles
0,77270
page_index,time_cycles
0,64670
page_index,time_cycles
0,103702
page_index,time_cycles
0,68632
page_index,time_cycles
0,69592
page_index,time_cycles
0,72082
page_index,time_cycles
0,63778
page_index,time_cycles
0,79860
page_index,time_cycles
0,66972
page_index,time_cycles
0,64782
page_index,time_cycles
0,66716
page_index,time_cycles
0,73020
page_index,time_cycles
0,73536
page_index,time_cycles
0,67544
page_index,time_cycles
0,65914
page_index,time_cycles
0,67406
page_index,time_cycles
0,100960
page_index,time_cycles
0,64392
page_index,time_cycles
0,107766
page_index,time_cycles
0,65530
page_index,time_cycles
0,64416
page_index,time_cycles
0,74914
page_index,time_cycles
0,62744
page_index,time_cycles
0,66642
page_index,time_cycles
0,73490
page_index,time_cycles
0,62498
page_index,time_cycles
0,71392
page_index,time_cycles
0,65836
page_index,time_cycles
0,70968
page_index,time_cycles
0,106858
page_index,time_cycles
0,78858
page_index,time_cycles
0,70574
page_index,time_cycles
0,61820
page_index,time_cycles
0,68752
page_index,time_cycles
0,69072
page_index,time_cycles
0,65512
page_index,time_cycles
0,65038
page_index,time_cycles
0,66866
page_index,time_cycles
0,71982
page_index,time_cycles
0,78118
page_index,time_cycles
0,71468
page_index,time_cycles
0,69606
page_index,time_cycles
0,67276
page_index,time_cycles
0,70322
page_index,time_cycles
0,68658
page_index,time_cycles
0,67876
page_index,time_cycles
0,95046
page_index,time_cycles
0,65130
page_index,time_cycles
0,72892
page_index,time_cycles
0,62828
page_index,time_cycles
0,65714
page_index,time_cycles
0,65018
page_index,time_cycles
0,65380
page_index,time_cycles
0,85368
page_index,time_cycles
0,77100
page_index,time_cycles
0,65438
page_index,time_cycles
0,70010
page_index,time_cycles
0,67002
page_index,time_cycles
0,69370
page_index,time_cycles
0,65670
page_index,time_cycles
0,68364
page_index,time_cycles
0,73898
page_index,time_cycles
0,68920
page_index,time_cycles
0,60242
page_index,time_cycles
0,64326
page_index,time_cycles
0,67164
page_index,time_cycles
0,69028
page_index,time_cycles
0,77838
page_index,time_cycles
0,64100
page_index,time_cycles
0,69644
page_index,time_cycles
0,65408
page_index,time_cycles
0,64760
page_index,time_cycles
0,70052
page_index,time_cycles
0,64448
page_index,time_cycles
0,72858
page_index,time_cycles
0,68272
page_index,time_cycles
0,81736
page_index,time_cycles
0,63430
page_index,time_cycles
0,68280
page_index,time_cycles
0,63470
page_index,time_cycles
0,99774
page_index,time_cycles
0,65040
page_index,time_cycles
0,70034
page_index,time_cycles
0,67818
page_index,time_cycles
0,90078
page_index,time_cycles
0,64074
page_index,time_cycles
0,69784
page_index,time_cycles
0,72272
page_index,time_cycles
0,67874
page_index,time_cycles
0,78032
page_index,time_cycles
0,65748
page_index,time_cycles
0,72124
page_index,time_cycles
0,65728
page_index,time_cycles
0,70368
page_index,time_cycles
0,70678
page_index,time_cycles
0,70184
page_index,time_cycles
0,65196
page_index,time_cycles
0,70660
page_index,time_cycles
0,66812
page_index,time_cycles
0,64538
page_index,time_cycles
0,69582
page_index,time_cycles
0,65414
page_index,time_cycles
0,76170
page_index,time_cycles
0,66828
page_index,time_cycles
0,70040
page_index,time_cycles
0,66738
page_index,time_cycles
0,75040
page_index,time_cycles
0,75714
page_index,time_cycles
0,70258
page_index,time_cycles
0,106820
page_index,time_cycles
0,66964
page_index,time_cycles
0,69400
page_index,time_cycles
0,69818
page_index,time_cycles
0,84322
page_index,time_cycles
0,69160
page_index,time_cycles
0,69122
page_index,time_cycles
0,66590
page_index,time_cycles
0,66710
page_index,time_cycles
0,76534
page_index,time_cycles
0,77224
page_index,time_cycles
0,63300
page_index,time_cycles
0,67552
page_index,time_cycles
0,67976
page_index,time_cycles
0,70014
page_index,time_cycles
0,100444
page_index,time_cycles
0,103998
page_index,time_cycles
0,69898
page_index,time_cycles
0,67586
page_index,time_cycles
0,65010
page_index,time_cycles
0,97036
page_index,time_cycles
0,65478
page_index,time_cycles
0,69988
page_index,time_cycles
0,66452
page_index,time_cycles
0,67200
page_index,time_cycles
0,65292
page_index,time_cycles
0,68424
page_index,time_cycles
0,87040
page_index,time_cycles
0,65580
page_index,time_cycles
0,72900
page_index,time_cycles
0,69640
page_index,time_cycles
0,63072
page_index,time_cycles
0,65210
page_index,time_cycles
0,72954
page_index,time_cycles
0,66426
page_index,time_cycles
0,107704
page_index,time_cycles
0,72064
page_index,time_cycles
0,70770
page_index,time_cycles
0,66670
page_index,time_cycles
0,66002
page_index,time_cycles
0,69282
page_index,time_cycles
0,66714
page_index,time_cycles
0,68758
page_index,time_cycles
0,67928
page_index,time_cycles
0,67312
page_index,time_cycles
0,73602
page_index,time_cycles
0,65930
page_index,time_cycles
0,68486
page_index,time_cycles
0,64944
page_index,time_cycles
0,67060
page_index,time_cycles
0,76708
page_index,time_cycles
0,74036
page_index,time_cycles
0,63960
page_index,time_cycles
0,64446
page_index,time_cycles
0,68170
page_index,time_cycles
0,63234
page_index,time_cycles
0,75068
page_index,time_cycles
0,66558
page_index,time_cycles
0,64884
page_index,time_cycles
0,67660
page_index,time_cycles
0,67178
page_index,time_cycles
0,64496
page_index,time_cycles
0,67478
page_index,time_cycles
0,83892
page_index,time_cycles
0,61516
page_index,time_cycles
0,71314
page_index,time_cycles
0,65702
page_index,time_cycles
0,65860
page_index,time_cycles
0,63658
page_index,time_cycles
0,75140
page_index,time_cycles
0,94374
page_index,time_cycles
0,73318
page_index,time_cycles
0,80742
page_index,time_cycles
0,67706
page_index,time_cycles
0,93914
page_index,time_cycles
0,63192
page_index,time_cycles
0,75484
page_index,time_cycles
0,72098
page_index,time_cycles
0,66128
page_index,time_cycles
0,78146
page_index,time_cycles
0,72358
page_index,time_cycles
0,69564
page_index,time_cycles
0,66686
page_index,time_cycles
0,65174
page_index,time_cycles
0,63698
page_index,time_cycles
0,65444
page_index,time_cycles
0,66362
page_index,time_cycles
0,75996
page_index,time_cycles
0,65250
page_index,time_cycles
0,65052
page_index,time_cycles
0,64610
page_index,time_cycles
0,75078
page_index,time_cycles
0,70064
page_index,time_cycles
0,68630
page_index,time_cycles
0,73046
page_index,time_cycles
0,94252
page_index,time_cycles
0,72412
page_index,time_cycles
0,66792
page_index,time_cycles
0,66522
page_index,time_cycles
0,68818
page_index,time_cycles
0,69854
page_index,time_cycles
0,76958
page_index,time_cycles
0,62988
page_index,time_cycles
0,76142
page_index,time_cycles
0,75220
page_index,time_cycles
0,76740
page_index,time_cycles
0,73320
page_index,time_cycles
0,66354
page_index,time_cycles
0,70740
page_index,time_cycles
0,75406
page_index,time_cycles
0,72250
page_index,time_cycles
0,70674
page_index,time_cycles
0,66854
page_index,time_cycles
0,70720
page_index,time_cycles
0,136312
page_index,time_cycles
0,64622
page_index,time_cycles
0,68130
page_index,time_cycles
0,71430
page_index,time_cycles
0,91858
page_index,time_cycles
0,72892
page_index,time_cycles
0,74198
page_index,time_cycles
0,100430
page_index,time_cycles
0,73574
page_index,time_cycles
0,65196
page_index,time_cycles
0,74412
page_index,time_cycles
0,88814
page_index,time_cycles
0,64630
page_index,time_cycles
0,64780
page_index,time_cycles
0,65000
page_index,time_cycles
0,64052
page_index,time_cycles
0,69890
page_index,time_cycles
0,65522
page_index,time_cycles
0,69294
page_index,time_cycles
0,76000
page_index,time_cycles
0,66032
page_index,time_cycles
0,75780
page_index,time_cycles
0,77924
page_index,time_cycles
0,67290
page_index,time_cycles
0,66466
page_index,time_cycles
0,68132
page_index,time_cycles
0,70124
page_index,time_cycles
0,71684
page_index,time_cycles
0,65588
page_index,time_cycles
0,68738
page_index,time_cycles
0,73842
page_index,time_cycles
0,62634
page_index,time_cycles
0,76258
page_index,time_cycles
0,67068
page_index,time_cycles
0,67200
page_index,time_cycles
0,64556
page_index,time_cycles
0,74800
page_index,time_cycles
0,71520
page_index,time_cycles
0,70508
page_index,time_cycles
0,65058
page_index,time_cycles
0,68610
page_index,time_cycles
0,83526
page_index,time_cycles
0,66968
page_index,time_cycles
0,65672
page_index,time_cycles
0,68858
page_index,time_cycles
0,97698
page_index,time_cycles
0,64182
page_index,time_cycles
0,66496
page_index,time_cycles
0,68280
page_index,time_cycles
0,67598
page_index,time_cycles
0,66246
page_index,time_cycles
0,72914
page_index,time_cycles
0,68872
page_index,time_cycles
0,68854
page_index,time_cycles
0,76000
page_index,time_cycles
0,70338
page_index,time_cycles
0,78136
page_index,time_cycles
0,75958
page_index,time_cycles
0,69518
page_index,time_cycles
0,69256
page_index,time_cycles
0,64312
page_index,time_cycles
0,65602
page_index,time_cycles
0,66330
page_index,time_cycles
0,67494
page_index,time_cycles
0,70344
page_index,time_cycles
0,67132
page_index,time_cycles
0,112916
page_index,time_cycles
0,63988
page_index,time_cycles
0,65258
page_index,time_cycles
0,65796
page_index,time_cycles
0,67824
page_index,time_cycles
0,78636
page_index,time_cycles
0,66348
page_index,time_cycles
0,70524
page_index,time_cycles
0,68882
page_index,time_cycles
0,69948
page_index,time_cycles
0,76138
page_index,time_cycles
0,67168
page_index,time_cycles
0,74270
page_index,time_cycles
0,75050
page_index,time_cycles
0,64186
page_index,time_cycles
0,62724
page_index,time_cycles
0,69958
page_index,time_cycles
0,78290
page_index,time_cycles
0,64652
page_index,time_cycles
0,86022
page_index,time_cycles
0,70500
page_index,time_cycles
0,73594
page_index,time_cycles
0,64286
page_index,time_cycles
0,64926
page_index,time_cycles
0,66758
page_index,time_cycles
0,65606
page_index,time_cycles
0,64172
page_index,time_cycles
0,87468
page_index,time_cycles
0,68824
page_index,time_cycles
0,66986
page_index,time_cycles
0,72094
page_index,time_cycles
0,73076
page_index,time_cycles
0,71754
page_index,time_cycles
0,67402
page_index,time_cycles
0,99530
page_index,time_cycles
0,63696
page_index,time_cycles
0,76428
page_index,time_cycles
0,100432
page_index,time_cycles
0,87926
page_index,time_cycles
0,66820
page_index,time_cycles
0,70318
page_index,time_cycles
0,84456
page_index,time_cycles
0,74464
page_index,time_cycles
0,68882
page_index,time_cycles
0,63672
page_index,time_cycles
0,65770
page_index,time_cycles
0,75440
page_index,time_cycles
0,68142
page_index,time_cycles
0,65248
page_index,time_cycles
0,69014
page_index,time_cycles
0,67482
page_index,time_cycles
0,68586
page_index,time_cycles
0,76496
page_index,time_cycles
0,63788
page_index,time_cycles
0,71364
page_index,time_cycles
0,68604
page_index,time_cycles
0,67140
page_index,time_cycles
0,70744
page_index,time_cycles
0,68824
page_index,time_cycles
0,63780
page_index,time_cycles
0,75432
page_index,time_cycles
0,75242
page_index,time_cycles
0,66360
page_index,time_cycles
0,65864
page_index,time_cycles
0,87134
page_index,time_cycles
0,360430
page_index,time_cycles
0,66964
page_index,time_cycles
0,76436
page_index,time_cycles
0,70358
page_index,time_cycles
0,67196
page_index,time_cycles
0,64410
page_index,time_cycles
0,66748
page_index,time_cycles
0,69358
page_index,time_cycles
0,66648
page_index,time_cycles
0,79166
page_index,time_cycles
0,64720
page_index,time_cycles
0,69574
page_index,time_cycles
0,68452
page_index,time_cycles
0,67380
page_index,time_cycles
0,69284
page_index,time_cycles
0,70324
page_index,time_cycles
0,64430
page_index,time_cycles
0,69376
page_index,time_cycles
0,70066
page_index,time_cycles
0,63254
page_index,time_cycles
0,67184
page_index,time_cycles
0,65674
page_index,time_cycles
0,74020
page_index,time_cycles
0,67200
page_index,time_cycles
0,73566
page_index,time_cycles
0,66790
page_index,time_cycles
0,70580
page_index,time_cycles
0,77380
page_index,time_cycles
0,70308
page_index,time_cycles
0,67278
page_index,time_cycles
0,68546
page_index,time_cycles
0,69232
page_index,time_cycles
0,65984
page_index,time_cycles
0,78696
page_index,time_cycles
0,74690
page_index,time_cycles
0,78662
page_index,time_cycles
0,67828
page_index,time_cycles
0,100400
page_index,time_cycles
0,69804
page_index,time_cycles
0,71734
page_index,time_cycles
0,71472
page_index,time_cycles
0,73060
page_index,time_cycles
0,63696
page_index,time_cycles
0,72352
page_index,time_cycles
0,66100
page_index,time_cycles
0,67986
page_index,time_cycles
0,73404
page_index,time_cycles
0,68256
page_index,time_cycles
0,70566
page_index,time_cycles
0,71722
page_index,time_cycles
0,74840
page_index,time_cycles
0,62654
page_index,time_cycles
0,72128
page_index,time_cycles
0,72232
page_index,time_cycles
0,76484
page_index,time_cycles
0,63892
page_index,time_cycles
0,78274
page_index,time_cycles
0,68260
page_index,time_cycles
0,84690
page_index,time_cycles
0,66778
page_index,time_cycles
0,69820
page_index,time_cycles
0,73866
page_index,time_cycles
0,69310
page_index,time_cycles
0,64744
page_index,time_cycles
0,64912
page_index,time_cycles
0,70312
page_index,time_cycles
0,103876
page_index,time_cycles
0,74462
page_index,time_cycles
0,67416
page_index,time_cycles
0,67666
page_index,time_cycles
0,67440
page_index,time_cycles
0,67968
page_index,time_cycles
0,67330
page_index,time_cycles
0,76740
page_index,time_cycles
0,78788
page_index,time_cycles
0,66698
page_index,time_cycles
0,69542
page_index,time_cycles
0,65876
page_index,time_cycles
0,74736
page_index,time_cycles
0,64772
page_index,time_cycles
0,67158
page_index,time_cycles
0,69314
page_index,time_cycles
0,74486
page_index,time_cycles
0,70466
page_index,time_cycles
0,67428
page_index,time_cycles
0,78360
page_index,time_cycles
0,66820
page_index,time_cycles
0,94798
page_index,time_cycles
0,63952
page_index,time_cycles
0,77554
page_index,time_cycles
0,63694
page_index,time_cycles
0,65422
page_index,time_cycles
0,70158
page_index,time_cycles
0,101146
page_index,time_cycles
0,76122
page_index,time_cycles
0,64504
page_index,time_cycles
0,64872
page_index,time_cycles
0,69180
page_index,time_cycles
0,91696
page_index,time_cycles
0,65220
page_index,time_cycles
0,76460
page_index,time_cycles
0,68704
page_index,time_cycles
0,65148
page_index,time_cycles
0,67718
page_index,time_cycles
0,64682
page_index,time_cycles
0,100650
page_index,time_cycles
0,66030
page_index,time_cycles
0,66966
page_index,time_cycles
0,66952
page_index,time_cycles
0,77116
page_index,time_cycles
0,76032
page_index,time_cycles
0,64822
page_index,time_cycles
0,79986
page_index,time_cycles
0,107462
page_index,time_cycles
0,70828
page_index,time_cycles
0,65120
page_index,time_cycles
0,70366
page_index,time_cycles
0,63542
page_index,time_cycles
0,65166
page_index,time_cycles
0,68942
page_index,time_cycles
0,75880
page_index,time_cycles
0,67780
page_index,time_cycles
0,84848
page_index,time_cycles
0,66758
page_index,time_cycles
0,64974
page_index,time_cycles
0,68212
page_index,time_cycles
0,68470
page_index,time_cycles
0,807178
page_index,time_cycles
0,73344
page_index,time_cycles
0,84658
page_index,time_cycles
0,63732
page_index,time_cycles
0,61348
page_index,time_cycles
0,65550
page_index,time_cycles
0,71214
page_index,time_cycles
0,73412
page_index,time_cycles
0,102908
page_index,time_cycles
0,71562
page_index,time_cycles
0,99072
page_index,time_cycles
0,69252
page_index,time_cycles
0,395694
page_index,time_cycles
0,66278
page_index,time_cycles
0,69786
page_index,time_cycles
0,67382
page_index,time_cycles
0,63796
page_index,time_cycles
0,64428
page_index,time_cycles
0,121118
page_index,time_cycles
0,70924
page_index,time_cycles
0,67010
page_index,time_cycles
0,67316
page_index,time_cycles
0,68788
page_index,time_cycles
0,65014
page_index,time_cycles
0,66008
page_index,time_cycles
0,66740
page_index,time_cycles
0,70590
page_index,time_cycles
0,66808
page_index,time_cycles
0,76418
page_index,time_cycles
0,66236
page_index,time_cycles
0,66720
page_index,time_cycles
0,69408
page_index,time_cycles
0,86776
page_index,time_cycles
0,65104
page_index,time_cycles
0,71612
page_index,time_cycles
0,70830
page_index,time_cycles
0,73870
page_index,time_cycles
0,64788
page_index,time_cycles
0,63562
page_index,time_cycles
0,65666
page_index,time_cycles
0,66910
page_index,time_cycles
0,74864
page_index,time_cycles
0,70620
page_index,time_cycles
0,64888
page_index,time_cycles
0,66308
page_index,time_cycles
0,68676
page_index,time_cycles
0,103980
page_index,time_cycles
0,67722
page_index,time_cycles
0,65168
page_index,time_cycles
0,78496
page_index,time_cycles
0,66470
page_index,time_cycles
0,273666
page_index,time_cycles
0,69590
page_index,time_cycles
0,65948
page_index,time_cycles
0,69654
page_index,time_cycles
0,66524
page_index,time_cycles
0,64914
page_index,time_cycles
0,65484
page_index,time_cycles
0,67734
page_index,time_cycles
0,66688
page_index,time_cycles
0,72500
page_index,time_cycles
0,64438
page_index,time_cycles
0,65314
page_index,time_cycles
0,70344
page_index,time_cycles
0,70920
page_index,time_cycles
0,69980
page_index,time_cycles
0,78824
page_index,time_cycles
0,65604
page_index,time_cycles
0,67892
page_index,time_cycles
0,71524
page_index,time_cycles
0,68398
page_index,time_cycles
0,62534
page_index,time_cycles
0,73036
page_index,time_cycles
0,74390
page_index,time_cycles
0,65954
page_index,time_cycles
0,64596
page_index,time_cycles
0,75084
page_index,time_cycles
0,74318
page_index,time_cycles
0,68256
page_index,time_cycles
0,65336
page_index,time_cycles
0,67626
page_index,time_cycles
0,69806
page_index,time_cycles
0,94184
page_index,time_cycles
0,64666
page_index,time_cycles
0,65994
page_index,time_cycles
0,65306
page_index,time_cycles
0,71250
page_index,time_cycles
0,69612
page_index,time_cycles
0,82024
page_index,time_cycles
0,70442
page_index,time_cycles
0,65878
page_index,time_cycles
0,64820
page_index,time_cycles
0,72212
page_index,time_cycles
0,66594
page_index,time_cycles
0,65990
page_index,time_cycles
0,66034
page_index,time_cycles
0,71358
page_index,time_cycles
0,71330
page_index,time_cycles
0,65052
page_index,time_cycles
0,77988
page_index,time_cycles
0,69208
page_index,time_cycles
0,75148
page_index,time_cycles
0,100356
page_index,time_cycles
0,69738
page_index,time_cycles
0,66350
page_index,time_cycles
0,77832
page_index,time_cycles
0,64602
page_index,time_cycles
0,72472
page_index,time_cycles
0,90816
page_index,time_cycles
0,64158
page_index,time_cycles
0,67476
page_index,time_cycles
0,105040
page_index,time_cycles
0,133170
page_index,time_cycles
0,75066
page_index,time_cycles
0,71434
page_index,time_cycles
0,67902
page_index,time_cycles
0,68048
page_index,time_cycles
0,86662
page_index,time_cycles
0,69760
page_index,time_cycles
0,76452
page_index,time_cycles
0,64354
page_index,time_cycles
0,125712
page_index,time_cycles
0,74936
page_index,time_cycles
0,65530
page_index,time_cycles
0,70032
page_index,time_cycles
0,67158
page_index,time_cycles
0,77316
page_index,time_cycles
0,65834
page_index,time_cycles
0,97478
page_index,time_cycles
0,75646
page_index,time_cycles
0,68748
page_index,time_cycles
0,67126
page_index,time_cycles
0,133270
page_index,time_cycles
0,66086
page_index,time_cycles
0,64552
page_index,time_cycles
0,74164
page_index,time_cycles
0,99246
page_index,time_cycles
0,64790
page_index,time_cycles
0,135510
page_index,time_cycles
0,102170
page_index,time_cycles
0,80622
page_index,time_cycles
0,67110
page_index,time_cycles
0,73498
page_index,time_cycles
0,63968
page_index,time_cycles
0,69480
page_index,time_cycles
0,150534
page_index,time_cycles
0,63812
page_index,time_cycles
0,65660
page_index,time_cycles
0,77016
page_index,time_cycles
0,71224
page_index,time_cycles
0,66778
page_index,time_cycles
0,66930
page_index,time_cycles
0,69922
page_index,time_cycles
0,64476
page_index,time_cycles
0,131090
page_index,time_cycles
0,66514
page_index,time_cycles
0,72662
page_index,time_cycles
0,67714
page_index,time_cycles
0,76594
page_index,time_cycles
0,78446
page_index,time_cycles
0,72914
page_index,time_cycles
0,67092
page_index,time_cycles
0,75354
page_index,time_cycles
0,72830
page_index,time_cycles
0,76998
page_index,time_cycles
0,104384
page_index,time_cycles
0,83020
page_index,time_cycles
0,74588
page_index,time_cycles
0,78912
page_index,time_cycles
0,67208
page_index,time_cycles
0,80148
page_index,time_cycles
0,89646
page_index,time_cycles
0,83292
page_index,time_cycles
0,72848
page_index,time_cycles
0,84520
page_index,time_cycles
0,67066
page_index,time_cycles
0,67850
page_index,time_cycles
0,77850
page_index,time_cycles
0,65020
page_index,time_cycles
0,65614
page_index,time_cycles
0,71028
page_index,time_cycles
0,70624
page_index,time_cycles
0,81096
page_index,time_cycles
0,73566
page_index,time_cycles
0,61836
page_index,time_cycles
0,98688
page_index,time_cycles
0,70366
page_index,time_cycles
0,77362
page_index,time_cycles
0,66834
page_index,time_cycles
0,71676
page_index,time_cycles
0,65436
page_index,time_cycles
0,66736
page_index,time_cycles
0,71866
page_index,time_cycles
0,70228
page_index,time_cycles
0,65838
page_index,time_cycles
0,77244
page_index,time_cycles
0,73966
page_index,time_cycles
0,66670
page_index,time_cycles
0,64212
page_index,time_cycles
0,71918
page_index,time_cycles
0,68488
page_index,time_cycles
0,64268
page_index,time_cycles
0,67658
page_index,time_cycles
0,65824
page_index,time_cycles
0,66090
page_index,time_cycles
0,69874
page_index,time_cycles
0,70714
page_index,time_cycles
0,67858
page_index,time_cycles
0,71218
page_index,time_cycles
0,73522
page_index,time_cycles
0,75752
page_index,time_cycles
0,70110
page_index,time_cycles
0,78284
page_index,time_cycles
0,68132
page_index,time_cycles
0,69018
page_index,time_cycles
0,70598
page_index,time_cycles
0,75832
page_index,time_cycles
0,63808
page_index,time_cycles
0,119694
page_index,time_cycles
0,66626
page_index,time_cycles
0,72112
page_index,time_cycles
0,65464
page_index,time_cycles
0,66958
page_index,time_cycles
0,63846
page_index,time_cycles
0,70726
page_index,time_cycles
0,77074
page_index,time_cycles
0,85396
page_index,time_cycles
0,72052
page_index,time_cycles
0,69278
page_index,time_cycles
0,64370
page_index,time_cycles
0,65872
page_index,time_cycles
0,62158
page_index,time_cycles
0,78804
page_index,time_cycles
0,79136
page_index,time_cycles
0,68216
page_index,time_cycles
0,71212
page_index,time_cycles
0,75862
page_index,time_cycles
0,66354
page_index,time_cycles
0,64312
page_index,time_cycles
0,68560
page_index,time_cycles
0,65136
page_index,time_cycles
0,73322
page_index,time_cycles
0,68848
page_index,time_cycles
0,65618
page_index,time_cycles
0,71702
page_index,time_cycles
0,65854
page_index,time_cycles
0,65052
page_index,time_cycles
0,74354
page_index,time_cycles
0,65376
page_index,time_cycles
0,67646
page_index,time_cycles
0,64888
page_index,time_cycles
0,63892
page_index,time_cycles
0,71784
page_index,time_cycles
0,66678
page_index,time_cycles
0,77494
page_index,time_cycles
0,66364
page_index,time_cycles
0,74322
page_index,time_cycles
0,159292
page_index,time_cycles
0,71508
page_index,time_cycles
0,69702
page_index,time_cycles
0,65952
page_index,time_cycles
0,72828
page_index,time_cycles
0,73028
page_index,time_cycles
0,68290
page_index,time_cycles
0,62756
page_index,time_cycles
0,64972
page_index,time_cycles
0,183606
page_index,time_cycles
0,66312
page_index,time_cycles
0,67818
page_index,time_cycles
0,71212
page_index,time_cycles
0,68058
page_index,time_cycles
0,64006
page_index,time_cycles
0,90460
page_index,time_cycles
0,78570
page_index,time_cycles
0,66826
page_index,time_cycles
0,69588
page_index,time_cycles
0,68274
page_index,time_cycles
0,70344
page_index,time_cycles
0,70574
page_index,time_cycles
0,69836
page_index,time_cycles
0,66546
page_index,time_cycles
0,62800
page_index,time_cycles
0,69294
page_index,time_cycles
0,65986
page_index,time_cycles
0,75474
page_index,time_cycles
0,65952
page_index,time_cycles
0,65536
page_index,time_cycles
0,65604
page_index,time_cycles
0,69428
page_index,time_cycles
0,66616
page_index,time_cycles
0,70970
page_index,time_cycles
0,68772
page_index,time_cycles
0,104626
page_index,time_cycles
0,66610
page_index,time_cycles
0,84354
page_index,time_cycles
0,66126
page_index,time_cycles
0,74828
page_index,time_cycles
0,71648
page_index,time_cycles
0,120812
page_index,time_cycles
0,69248
page_index,time_cycles
0,66686
page_index,time_cycles
0,72030
page_index,time_cycles
0,66238
page_index,time_cycles
0,69484
page_index,time_cycles
0,69420
page_index,time_cycles
0,66620
page_index,time_cycles
0,65500
page_index,time_cycles
0,77920
page_index,time_cycles
0,67464
page_index,time_cycles
0,66126
page_index,time_cycles
0,70450
page_index,time_cycles
0,65640
page_index,time_cycles
0,78394
page_index,time_cycles
0,65748
page_index,time_cycles
0,91984
page_index,time_cycles
0,69524
page_index,time_cycles
0,67400
page_index,time_cycles
0,69318
page_index,time_cycles
0,68604
page_index,time_cycles
0,69956
page_index,time_cycles
0,64970
page_index,time_cycles
0,80998
page_index,time_cycles
0,65738
page_index,time_cycles
0,91818
page_index,time_cycles
0,66492
page_index,time_cycles
0,68124
page_index,time_cycles
0,63638
page_index,time_cycles
0,66170
page_index,time_cycles
0,69552
page_index,time_cycles
0,69152
page_index,time_cycles
0,67916
page_index,time_cycles
0,65890
page_index,time_cycles
0,73628
page_index,time_cycles
0,69776
page_index,time_cycles
0,64656
page_index,time_cycles
0,69356
page_index,time_cycles
0,70398
page_index,time_cycles
0,69842
page_index,time_cycles
0,69414
page_index,time_cycles
0,68628
page_index,time_cycles
0,62684
page_index,time_cycles
0,71066
page_index,time_cycles
0,63366
page_index,time_cycles
0,101104
page_index,time_cycles
0,70038
page_index,time_cycles
0,69350
page_index,time_cycles
0,64482
page_index,time_cycles
0,64190
page_index,time_cycles
0,65412
page_index,time_cycles
0,74430
page_index,time_cycles
0,65506
page_index,time_cycles
0,77744
page_index,time_cycles
0,65086
page_index,time_cycles
0,65020
page_index,time_cycles
0,98842
page_index,time_cycles
0,67698
page_index,time_cycles
0,66316
page_index,time_cycles
0,70526
page_index,time_cycles
0,76786
page_index,time_cycles
0,73554
page_index,time_cycles
0,65962
page_index,time_cycles
0,71544
page_index,time_cycles
0,67280
page_index,time_cycles
0,66440
page_index,time_cycles
0,72690
page_index,time_cycles
0,66950
page_index,time_cycles
0,67580
page_index,time_cycles
0,66786
page_index,time_cycles
0,64508
page_index,time_cycles
0,70532
page_index,time_cycles
0,63716
page_index,time_cycles
0,72186
page_index,time_cycles
0,73732
page_index,time_cycles
0,72878
page_index,time_cycles
0,104304
page_index,time_cycles
0,64902
page_index,time_cycles
0,84582
page_index,time_cycles
0,66922
page_index,time_cycles
0,64666
page_index,time_cycles
0,68036
page_index,time_cycles
0,66086
page_index,time_cycles
0,71500
page_index,time_cycles
0,74864
page_index,time_cycles
0,69920
page_index,time_cycles
0,87626
page_index,time_cycles
0,72314
page_index,time_cycles
0,67320
page_index,time_cycles
0,68202
page_index,time_cycles
0,67022
page_index,time_cycles
0,63510
page_index,time_cycles
0,85908
page_index,time_cycles
0,63146
page_index,time_cycles
0,65382
page_index,time_cycles
0,70326
page_index,time_cycles
0,72992
page_index,time_cycles
0,70982
page_index,time_cycles
0,63586
page_index,time_cycles
0,69088
page_index,time_cycles
0,64774
page_index,time_cycles
0,131372
page_index,time_cycles
0,67522
page_index,time_cycles
0,65536
page_index,time_cycles
0,68476
page_index,time_cycles
0,67566
page_index,time_cycles
0,66378
page_index,time_cycles
0,77294
page_index,time_cycles
0,102720
page_index,time_cycles
0,66030
page_index,time_cycles
0,62978
page_index,time_cycles
0,90822
page_index,time_cycles
0,68048
page_index,time_cycles
0,66606
page_index,time_cycles
0,68886
page_index,time_cycles
0,70118
page_index,time_cycles
0,80988
page_index,time_cycles
0,68022
page_index,time_cycles
0,65700
page_index,time_cycles
0,63754
page_index,time_cycles
0,70272
page_index,time_cycles
0,105478
page_index,time_cycles
0,64468
page_index,time_cycles
0,85862
page_index,time_cycles
0,70530
page_index,time_cycles
0,67706
page_index,time_cycles
0,64290
page_index,time_cycles
0,78332
page_index,time_cycles
0,65954
page_index,time_cycles
0,64544
page_index,time_cycles
0,68720
page_index,time_cycles
0,65350
page_index,time_cycles
0,65532
page_index,time_cycles
0,63832
page_index,time_cycles
0,69704
page_index,time_cycles
0,68616
page_index,time_cycles
0,72656
page_index,time_cycles
0,71480
page_index,time_cycles
0,69816
page_index,time_cycles
0,71896
page_index,time_cycles
0,72960
page_index,time_cycles
0,85596
page_index,time_cycles
0,67372
page_index,time_cycles
0,63228
page_index,time_cycles
0,69022
page_index,time_cycles
0,62636
page_index,time_cycles
0,98010
page_index,time_cycles
0,70186
page_index,time_cycles
0,66282
page_index,time_cycles
0,70788
page_index,time_cycles
0,67788
page_index,time_cycles
0,69140
page_index,time_cycles
0,77834
page_index,time_cycles
0,76438
page_index,time_cycles
0,71074
page_index,time_cycles
0,76688
page_index,time_cycles
0,64540
page_index,time_cycles
0,74014
page_index,time_cycles
0,65802
page_index,time_cycles
0,67926
page_index,time_cycles
0,71590
page_index,time_cycles
0,65746
page_index,time_cycles
0,76694
page_index,time_cycles
0,70132
page_index,time_cycles
0,63892
page_index,time_cycles
0,67124
page_index,time_cycles
0,68716
page_index,time_cycles
0,69990
page_index,time_cycles
0,66544
page_index,time_cycles
0,78222
page_index,time_cycles
0,66830
page_index,time_cycles
0,75914
page_index,time_cycles
0,74728
page_index,time_cycles
0,67012
page_index,time_cycles
0,103088
page_index,time_cycles
0,70046
page_index,time_cycles
0,67934
page_index,time_cycles
0,71414
page_index,time_cycles
0,63804
page_index,time_cycles
0,69110
page_index,time_cycles
0,64566
page_index,time_cycles
0,62906
page_index,time_cycles
0,64910
page_index,time_cycles
0,71236
page_index,time_cycles
0,67208
page_index,time_cycles
0,74992
page_index,time_cycles
0,76028
page_index,time_cycles
0,70844
page_index,time_cycles
0,93532
page_index,time_cycles
0,62014
page_index,time_cycles
0,74002
page_index,time_cycles
0,77610
page_index,time_cycles
0,83454
page_index,time_cycles
0,67292
page_index,time_cycles
0,84900
page_index,time_cycles
0,82774
page_index,time_cycles
0,63180
page_index,time_cycles
0,66846
page_index,time_cycles
0,74850
page_index,time_cycles
0,82948
page_index,time_cycles
0,74788
page_index,time_cycles
0,80480
page_index,time_cycles
0,68956
page_index,time_cycles
0,72336
page_index,time_cycles
0,72342
page_index,time_cycles
0,65998
page_index,time_cycles
0,76736
page_index,time_cycles
0,69538
page_index,time_cycles
0,88926
page_index,time_cycles
0,70472
page_index,time_cycles
0,70826
page_index,time_cycles
0,67532
page_index,time_cycles
0,68436
page_index,time_cycles
0,72558
page_index,time_cycles
0,64838
page_index,time_cycles
0,64620
page_index,time_cycles
0,86350
page_index,time_cycles
0,72736
page_index,time_cycles
0,67116
page_index,time_cycles
0,67330
page_index,time_cycles
0,69856
page_index,time_cycles
0,62428
page_index,time_cycles
0,67504
page_index,time_cycles
0,65030
page_index,time_cycles
0,66146
page_index,time_cycles
0,66322
page_index,time_cycles
0,67872
page_index,time_cycles
0,69378
page_index,time_cycles
0,70274
page_index,time_cycles
0,67570
page_index,time_cycles
0,67218
page_index,time_cycles
0,70414
page_index,time_cycles
0,72740
page_index,time_cycles
0,91832
page_index,time_cycles
0,70022
page_index,time_cycles
0,66360
page_index,time_cycles
0,69398
page_index,time_cycles
0,68588
page_index,time_cycles
0,70432
page_index,time_cycles
0,65234
page_index,time_cycles
0,67204
page_index,time_cycles
0,68400
page_index,time_cycles
0,68642
page_index,time_cycles
0,68292
page_index,time_cycles
0,64472
page_index,time_cycles
0,65054
page_index,time_cycles
0,67468
page_index,time_cycles
0,73574
page_index,time_cycles
0,73424
page_index,time_cycles
0,70144
page_index,time_cycles
0,68456
page_index,time_cycles
0,75350
page_index,time_cycles
0,70428
page_index,time_cycles
0,109624
page_index,time_cycles
0,64268
page_index,time_cycles
0,72132
page_index,time_cycles
0,70288
page_index,time_cycles
0,63068
page_index,time_cycles
0,67108
page_index,time_cycles
0,72188
page_index,time_cycles
0,74414
page_index,time_cycles
0,68640
page_index,time_cycles
0,69968
page_index,time_cycles
0,72636
page_index,time_cycles
0,101236
page_index,time_cycles
0,65718
page_index,time_cycles
0,66636
page_index,time_cycles
0,72164
page_index,time_cycles
0,68544
page_index,time_cycles
0,76778
page_index,time_cycles
0,63422
page_index,time_cycles
0,64076
page_index,time_cycles
0,67148
page_index,time_cycles
0,67658
page_index,time_cycles
0,66120
page_index,time_cycles
0,67084
page_index,time_cycles
0,75978
page_index,time_cycles
0,75314
page_index,time_cycles
0,73092
page_index,time_cycles
0,132744
page_index,time_cycles
0,75132
page_index,time_cycles
0,66240
page_index,time_cycles
0,70588
page_index,time_cycles
0,66980
page_index,time_cycles
0,70828
page_index,time_cycles
0,132096
page_index,time_cycles
0,65958
page_index,time_cycles
0,67820
page_index,time_cycles
0,82558
page_index,time_cycles
0,62308
page_index,time_cycles
0,67332
page_index,time_cycles
0,67332
page_index,time_cycles
0,76332
page_index,time_cycles
0,76382
page_index,time_cycles
0,65626
page_index,time_cycles
0,66520
page_index,time_cycles
0,64898
page_index,time_cycles
0,71040
page_index,time_cycles
0,74930
page_index,time_cycles
0,69954
page_index,time_cycles
0,100904
page_index,time_cycles
0,64588
page_index,time_cycles
0,64022
page_index,time_cycles
0,71294
page_index,time_cycles
0,68202
page_index,time_cycles
0,68458
page_index,time_cycles
0,61664
page_index,time_cycles
0,66660
page_index,time_cycles
0,67118
page_index,time_cycles
0,67940
page_index,time_cycles
0,65738
page_index,time_cycles
0,67276
page_index,time_cycles
0,69440
page_index,time_cycles
0,64602
page_index,time_cycles
0,120044
page_index,time_cycles
0,69572
page_index,time_cycles
0,71548
page_index,time_cycles
0,71588
page_index,time_cycles
0,74064
page_index,time_cycles
0,67546
page_index,time_cycles
0,69386
page_index,time_cycles
0,68288
page_index,time_cycles
0,77104
page_index,time_cycles
0,76880
page_index,time_cycles
0,70886
page_index,time_cycles
0,62748
page_index,time_cycles
0,68690
page_index,time_cycles
0,75818
page_index,time_cycles
0,71108
page_index,time_cycles
0,69270
page_index,time_cycles
0,64768
page_index,time_cycles
0,73332
page_index,time_cycles
0,69872
page_index,time_cycles
0,69538
page_index,time_cycles
0,65420
page_index,time_cycles
0,68422
page_index,time_cycles
0,65626
page_index,time_cycles
0,63458
page_index,time_cycles
0,71492
page_index,time_cycles
0,72472
page_index,time_cycles
0,71050
page_index,time_cycles
0,66408
page_index,time_cycles
0,67600
page_index,time_cycles
0,76926
page_index,time_cycles
0,70208
page_index,time_cycles
0,67358
page_index,time_cycles
0,108394
page_index,time_cycles
0,79472
page_index,time_cycles
0,70210
page_index,time_cycles
0,72122
page_index,time_cycles
0,68262
page_index,time_cycles
0,69504
page_index,time_cycles
0,65288
page_index,time_cycles
0,65622
page_index,time_cycles
0,64702
page_index,time_cycles
0,64380
page_index,time_cycles
0,65508
page_index,time_cycles
0,73678
page_index,time_cycles
0,78272
page_index,time_cycles
0,68128
page_index,time_cycles
0,70726
page_index,time_cycles
0,65784
page_index,time_cycles
0,74994
page_index,time_cycles
0,98644
page_index,time_cycles
0,61868
page_index,time_cycles
0,76934
page_index,time_cycles
0,69448
page_index,time_cycles
0,68042
page_index,time_cycles
0,68798
page_index,time_cycles
0,90962
page_index,time_cycles
0,99000
page_index,time_cycles
0,65840
page_index,time_cycles
0,69774
page_index,time_cycles
0,79244
page_index,time_cycles
0,77120
page_index,time_cycles
0,64954
page_index,time_cycles
0,75368
page_index,time_cycles
0,76606
page_index,time_cycles
0,77898
page_index,time_cycles
0,69862
page_index,time_cycles
0,71236
page_index,time_cycles
0,66692
page_index,time_cycles
0,66856
page_index,time_cycles
0,68918
page_index,time_cycles
0,68158
page_index,time_cycles
0,68734
page_index,time_cycles
0,67304
page_index,time_cycles
0,106644
page_index,time_cycles
0,64874
page_index,time_cycles
0,77486
page_index,time_cycles
0,68070
page_index,time_cycles
0,129986
page_index,time_cycles
0,73026
page_index,time_cycles
0,70860
page_index,time_cycles
0,66692
page_index,time_cycles
0,74320
page_index,time_cycles
0,75818
page_index,time_cycles
0,65884
page_index,time_cycles
0,75360
page_index,time_cycles
0,67368
page_index,time_cycles
0,74396
page_index,time_cycles
0,71024
page_index,time_cycles
0,70312
page_index,time_cycles
0,62182
page_index,time_cycles
0,65904
page_index,time_cycles
0,99050
page_index,time_cycles
0,65326
page_index,time_cycles
0,94986
page_index,time_cycles
0,85464
page_index,time_cycles
0,73610
page_index,time_cycles
0,71016
page_index,time_cycles
0,68978
page_index,time_cycles
0,79206
page_index,time_cycles
0,67604
page_index,time_cycles
0,64410
page_index,time_cycles
0,64586
page_index,time_cycles
0,70796
page_index,time_cycles
0,63958
page_index,time_cycles
0,103804
page_index,time_cycles
0,70002
page_index,time_cycles
0,66830
page_index,time_cycles
0,65140
page_index,time_cycles
0,63448
page_index,time_cycles
0,66808
page_index,time_cycles
0,74252
page_index,time_cycles
0,76386
page_index,time_cycles
0,66906
page_index,time_cycles
0,68952
page_index,time_cycles
0,68156
page_index,time_cycles
0,71806
page_index,time_cycles
0,68194
page_index,time_cycles
0,71068
page_index,time_cycles
0,67668
page_index,time_cycles
0,79292
page_index,time_cycles
0,76710
page_index,time_cycles
0,77200
page_index,time_cycles
0,70136
page_index,time_cycles
0,67966
page_index,time_cycles
0,89340
page_index,time_cycles
0,68590
page_index,time_cycles
0,65460
page_index,time_cycles
0,71286
page_index,time_cycles
0,73106
page_index,time_cycles
0,75030
page_index,time_cycles
0,64346
page_index,time_cycles
0,63350
page_index,time_cycles
0,69520
page_index,time_cycles
0,72154
page_index,time_cycles
0,71134
page_index,time_cycles
0,64870
page_index,time_cycles
0,73186
page_index,time_cycles
0,66002
page_index,time_cycles
0,65222
page_index,time_cycles
0,63992
page_index,time_cycles
0,65754
page_index,time_cycles
0,75640
page_index,time_cycles
0,70890
page_index,time_cycles
0,65964
page_index,time_cycles
0,67088
page_index,time_cycles
0,101588
page_index,time_cycles
0,73892
page_index,time_cycles
0,65294
page_index,time_cycles
0,68098
page_index,time_cycles
0,65132
page_index,time_cycles
0,66264
page_index,time_cycles
0,72642
page_index,time_cycles
0,66298
page_index,time_cycles
0,69420
page_index,time_cycles
0,69286
page_index,time_cycles
0,77030
page_index,time_cycles
0,75692
page_index,time_cycles
0,76710
page_index,time_cycles
0,67118
page_index,time_cycles
0,75704
page_index,time_cycles
0,79232
page_index,time_cycles
0,64900
page_index,time_cycles
0,69834
page_index,time_cycles
0,68562
page_index,time_cycles
0,69364
page_index,time_cycles
0,68202
page_index,time_cycles
0,72998
page_index,time_cycles
0,64068
page_index,time_cycles
0,65202
page_index,time_cycles
0,85478
page_index,time_cycles
0,66170
page_index,time_cycles
0,63316
page_index,time_cycles
0,68980
page_index,time_cycles
0,66506
page_index,time_cycles
0,91184
page_index,time_cycles
0,72132
page_index,time_cycles
0,69452
page_index,time_cycles
0,66574
page_index,time_cycles
0,66244
page_index,time_cycles
0,63602
page_index,time_cycles
0,68622
page_index,time_cycles
0,79010
page_index,time_cycles
0,70544
page_index,time_cycles
0,86104
page_index,time_cycles
0,129182
page_index,time_cycles
0,78506
page_index,time_cycles
0,65938
page_index,time_cycles
0,87324
page_index,time_cycles
0,64780
page_index,time_cycles
0,69156
page_index,time_cycles
0,63926
page_index,time_cycles
0,65896
page_index,time_cycles
0,65228
page_index,time_cycles
0,75380
page_index,time_cycles
0,65092
page_index,time_cycles
0,68340
page_index,time_cycles
0,89820
page_index,time_cycles
0,71288
page_index,time_cycles
0,66606
page_index,time_cycles
0,65790
page_index,time_cycles
0,65504
page_index,time_cycles
0,69176
page_index,time_cycles
0,76580
page_index,time_cycles
0,73884
page_index,time_cycles
0,66748
page_index,time_cycles
0,77138
page_index,time_cycles
0,66268
page_index,time_cycles
0,66780
page_index,time_cycles
0,77170
page_index,time_cycles
0,72882
page_index,time_cycles
0,64846
page_index,time_cycles
0,64988
page_index,time_cycles
0,71366
page_index,time_cycles
0,78126
page_index,time_cycles
0,69618
page_index,time_cycles
0,66590
page_index,time_cycles
0,67506
page_index,time_cycles
0,73208
page_index,time_cycles
0,75848
page_index,time_cycles
0,63910
page_index,time_cycles
0,64964
page_index,time_cycles
0,69104
page_index,time_cycles
0,71550
page_index,time_cycles
0,75558
page_index,time_cycles
0,151550
page_index,time_cycles
0,66032
page_index,time_cycles
0,69290
page_index,time_cycles
0,66258
page_index,time_cycles
0,69818
page_index,time_cycles
0,66182
page_index,time_cycles
0,100736
page_index,time_cycles
0,66768
page_index,time_cycles
0,65962
page_index,time_cycles
0,67242
page_index,time_cycles
0,66172
page_index,time_cycles
0,65176
page_index,time_cycles
0,65394
page_index,time_cycles
0,78026
page_index,time_cycles
0,70070
page_index,time_cycles
0,67026
page_index,time_cycles
0,65926
page_index,time_cycles
0,72524
page_index,time_cycles
0,100390
page_index,time_cycles
0,93546
page_index,time_cycles
0,69790
page_index,time_cycles
0,66304
page_index,time_cycles
0,77634
page_index,time_cycles
0,64620
page_index,time_cycles
0,67612
page_index,time_cycles
0,65922
page_index,time_cycles
0,74794
page_index,time_cycles
0,89370
page_index,time_cycles
0,69906
page_index,time_cycles
0,71116
page_index,time_cycles
0,68120
page_index,time_cycles
0,67922
page_index,time_cycles
0,73834
page_index,time_cycles
0,81232
page_index,time_cycles
0,63640
page_index,time_cycles
0,79436
page_index,time_cycles
0,85666
page_index,time_cycles
0,70346
page_index,time_cycles
0,72360
page_index,time_cycles
0,78720
page_index,time_cycles
0,68612
page_index,time_cycles
0,69300
page_index,time_cycles
0,64318
page_index,time_cycles
0,66158
page_index,time_cycles
0,71674
page_index,time_cycles
0,71922
page_index,time_cycles
0,71596
page_index,time_cycles
0,80134
page_index,time_cycles
0,69766
page_index,time_cycles
0,78734
page_index,time_cycles
0,69530
page_index,time_cycles
0,75428
page_index,time_cycles
0,66818
page_index,time_cycles
0,71554
page_index,time_cycles
0,63502
page_index,time_cycles
0,67930
page_index,time_cycles
0,67142
page_index,time_cycles
0,67192
page_index,time_cycles
0,70226
page_index,time_cycles
0,73830
page_index,time_cycles
0,65642
page_index,time_cycles
0,71678
page_index,time_cycles
0,69968
page_index,time_cycles
0,76626
page_index,time_cycles
0,71232
page_index,time_cycles
0,66276
page_index,time_cycles
0,67620
page_index,time_cycles
0,76456
page_index,time_cycles
0,107436
page_index,time_cycles
0,65780
page_index,time_cycles
0,67262
page_index,time_cycles
0,67154
page_index,time_cycles
0,62560
page_index,time_cycles
0,167120
page_index,time_cycles
0,69206
page_index,time_cycles
0,73288
page_index,time_cycles
0,64630
page_index,time_cycles
0,127930
page_index,time_cycles
0,65820
page_index,time_cycles
0,64238
page_index,time_cycles
0,67456
page_index,time_cycles
0,67676
page_index,time_cycles
0,93964
page_index,time_cycles
0,67702
page_index,time_cycles
0,67494
page_index,time_cycles
0,163848
page_index,time_cycles
0,67992
page_index,time_cycles
0,71862
page_index,time_cycles
0,93516
page_index,time_cycles
0,69364
page_index,time_cycles
0,98718
page_index,time_cycles
0,63100
page_index,time_cycles
0,71854
page_index,time_cycles
0,74858
page_index,time_cycles
0,64982
page_index,time_cycles
0,66384
page_index,time_cycles
0,132370
page_index,time_cycles
0,73380
page_index,time_cycles
0,64288
page_index,time_cycles
0,71972
page_index,time_cycles
0,64672
page_index,time_cycles
0,86372
page_index,time_cycles
0,72660
page_index,time_cycles
0,67174
page_index,time_cycles
0,64906
page_index,time_cycles
0,70234
page_index,time_cycles
0,70390
page_index,time_cycles
0,68140
page_index,time_cycles
0,70664
page_index,time_cycles
0,66206
page_index,time_cycles
0,66772
page_index,time_cycles
0,69968
page_index,time_cycles
0,73928
page_index,time_cycles
0,70996
page_index,time_cycles
0,71980
page_index,time_cycles
0,69528
page_index,time_cycles
0,67956
page_index,time_cycles
0,74242
page_index,time_cycles
0,66714
page_index,time_cycles
0,66314
page_index,time_cycles
0,76986
page_index,time_cycles
0,65626
page_index,time_cycles
0,70312
page_index,time_cycles
0,69508
page_index,time_cycles
0,68206
page_index,time_cycles
0,64086
page_index,time_cycles
0,67160
page_index,time_cycles
0,85880
page_index,time_cycles
0,71090
page_index,time_cycles
0,73442
page_index,time_cycles
0,65052
page_index,time_cycles
0,67544
page_index,time_cycles
0,67372
page_index,time_cycles
0,68450
page_index,time_cycles
0,66300
page_index,time_cycles
0,73320
page_index,time_cycles
0,68672
page_index,time_cycles
0,74880
page_index,time_cycles
0,69504
page_index,time_cycles
0,77354
page_index,time_cycles
0,63912
page_index,time_cycles
0,69816
page_index,time_cycles
0,65638
page_index,time_cycles
0,96966
page_index,time_cycles
0,65454
page_index,time_cycles
0,67676
page_index,time_cycles
0,66072
page_index,time_cycles
0,70614
page_index,time_cycles
0,63918
page_index,time_cycles
0,80894
page_index,time_cycles
0,64530
page_index,time_cycles
0,68398
page_index,time_cycles
0,69298
page_index,time_cycles
0,75104
page_index,time_cycles
0,65946
page_index,time_cycles
0,65192
page_index,time_cycles
0,70708
page_index,time_cycles
0,59204
page_index,time_cycles
0,62946
page_index,time_cycles
0,64764
page_index,time_cycles
0,66274
page_index,time_cycles
0,67824
page_index,time_cycles
0,72914
page_index,time_cycles
0,73758
page_index,time_cycles
0,65214
page_index,time_cycles
0,66800
page_index,time_cycles
0,104350
page_index,time_cycles
0,81462
page_index,time_cycles
0,74974
page_index,time_cycles
0,73188
page_index,time_cycles
0,64562
page_index,time_cycles
0,74054
page_index,time_cycles
0,67044
page_index,time_cycles
0,67432
page_index,time_cycles
0,63334
page_index,time_cycles
0,76966
page_index,time_cycles
0,63160
page_index,time_cycles
0,62728
page_index,time_cycles
0,64364
page_index,time_cycles
0,66346
page_index,time_cycles
0,81896
page_index,time_cycles
0,77964
page_index,time_cycles
0,61330
page_index,time_cycles
0,74270
page_index,time_cycles
0,67470
page_index,time_cycles
0,72148
page_index,time_cycles
0,76726
page_index,time_cycles
0,75180
page_index,time_cycles
0,72716
page_index,time_cycles
0,68420
page_index,time_cycles
0,69954
page_index,time_cycles
0,65932
page_index,time_cycles
0,76888
page_index,time_cycles
0,63934
page_index,time_cycles
0,71800
page_index,time_cycles
0,73166
page_index,time_cycles
0,71532
page_index,time_cycles
0,74520
page_index,time_cycles
0,69170
page_index,time_cycles
0,68574
page_index,time_cycles
0,64816
page_index,time_cycles
0,69832
page_index,time_cycles
0,64696
page_index,time_cycles
0,75096
page_index,time_cycles
0,66138
page_index,time_cycles
0,74506
page_index,time_cycles
0,67058
page_index,time_cycles
0,76068
page_index,time_cycles
0,67352
page_index,time_cycles
0,71532
page_index,time_cycles
0,66412
page_index,time_cycles
0,77034
page_index,time_cycles
0,67070
page_index,time_cycles
0,69570
page_index,time_cycles
0,63186
page_index,time_cycles
0,73250
page_index,time_cycles
0,68384
page_index,time_cycles
0,75656
page_index,time_cycles
0,69198
page_index,time_cycles
0,85032
page_index,time_cycles
0,63892
page_index,time_cycles
0,70218
page_index,time_cycles
0,65914
page_index,time_cycles
0,65076
page_index,time_cycles
0,65300
page_index,time_cycles
0,72874
page_index,time_cycles
0,73046
page_index,time_cycles
0,67516
page_index,time_cycles
0,65760
page_index,time_cycles
0,78668
page_index,time_cycles
0,86940
page_index,time_cycles
0,67788
page_index,time_cycles
0,67918
page_index,time_cycles
0,63746
page_index,time_cycles
0,64402
page_index,time_cycles
0,81362
page_index,time_cycles
0,80322
page_index,time_cycles
0,65548
page_index,time_cycles
0,71588
page_index,time_cycles
0,69032
page_index,time_cycles
0,70924
page_index,time_cycles
0,67288
page_index,time_cycles
0,66080
page_index,time_cycles
0,70262
page_index,time_cycles
0,71192
page_index,time_cycles
0,67376
page_index,time_cycles
0,72248
page_index,time_cycles
0,68114
page_index,time_cycles
0,73784
page_index,time_cycles
0,77592
page_index,time_cycles
0,72386
page_index,time_cycles
0,102750
page_index,time_cycles
0,65142
page_index,time_cycles
0,73812
page_index,time_cycles
0,72156
page_index,time_cycles
0,66836
page_index,time_cycles
0,103056
page_index,time_cycles
0,64908
page_index,time_cycles
0,64812
page_index,time_cycles
0,85596
page_index,time_cycles
0,64618
page_index,time_cycles
0,66998
page_index,time_cycles
0,69186
page_index,time_cycles
0,69728
page_index,time_cycles
0,68588
page_index,time_cycles
0,68152
page_index,time_cycles
0,76446
page_index,time_cycles
0,73900
page_index,time_cycles
0,73564
page_index,time_cycles
0,71154
page_index,time_cycles
0,68286
page_index,time_cycles
0,65252
page_index,time_cycles
0,70452
page_index,time_cycles
0,73194
page_index,time_cycles
0,84230
page_index,time_cycles
0,68656
page_index,time_cycles
0,114546
page_index,time_cycles
0,71768
page_index,time_cycles
0,111280
page_index,time_cycles
0,74762
page_index,time_cycles
0,73590
page_index,time_cycles
0,64128
page_index,time_cycles
0,67628
page_index,time_cycles
0,78960
page_index,time_cycles
0,84102
page_index,time_cycles
0,94624
page_index,time_cycles
0,68262
page_index,time_cycles
0,73312
page_index,time_cycles
0,69948
page_index,time_cycles
0,155434
page_index,time_cycles
0,84992
page_index,time_cycles
0,66308
page_index,time_cycles
0,70534
page_index,time_cycles
0,66340
page_index,time_cycles
0,65148
page_index,time_cycles
0,78410
page_index,time_cycles
0,72108
page_index,time_cycles
0,70118
page_index,time_cycles
0,64146
page_index,time_cycles
0,75366
page_index,time_cycles
0,66644
page_index,time_cycles
0,65744
page_index,time_cycles
0,70014
page_index,time_cycles
0,67176
page_index,time_cycles
0,65396
page_index,time_cycles
0,66404
page_index,time_cycles
0,66152
page_index,time_cycles
0,66152
page_index,time_cycles
0,104892
page_index,time_cycles
0,65890
page_index,time_cycles
0,64318
page_index,time_cycles
0,64014
page_index,time_cycles
0,77548
page_index,time_cycles
0,93444
page_index,time_cycles
0,65422
page_index,time_cycles
0,67358
page_index,time_cycles
0,64316
page_index,time_cycles
0,71534
page_index,time_cycles
0,68088
page_index,time_cycles
0,78020
page_index,time_cycles
0,103958
page_index,time_cycles
0,66590
page_index,time_cycles
0,127574
page_index,time_cycles
0,74318
page_index,time_cycles
0,94662
page_index,time_cycles
0,64622
page_index,time_cycles
0,72800
page_index,time_cycles
0,66520
page_index,time_cycles
0,68740
page_index,time_cycles
0,73538
page_index,time_cycles
0,67426
page_index,time_cycles
0,65800
page_index,time_cycles
0,137998
page_index,time_cycles
0,65290
page_index,time_cycles
0,70832
page_index,time_cycles
0,75380
page_index,time_cycles
0,66404
page_index,time_cycles
0,90374
page_index,time_cycles
0,63822
page_index,time_cycles
0,69262
page_index,time_cycles
0,72162
page_index,time_cycles
0,72244
page_index,time_cycles
0,69158
page_index,time_cycles
0,67418
page_index,time_cycles
0,70816
page_index,time_cycles
0,68528
page_index,time_cycles
0,65926
page_index,time_cycles
0,65522
page_index,time_cycles
0,68532
page_index,time_cycles
0,102514
page_index,time_cycles
0,69414
page_index,time_cycles
0,79430
page_index,time_cycles
0,80096
page_index,time_cycles
0,66284
page_index,time_cycles
0,110254
page_index,time_cycles
0,66512
page_index,time_cycles
0,65964
page_index,time_cycles
0,88446
page_index,time_cycles
0,70766
page_index,time_cycles
0,65526
page_index,time_cycles
0,63008
page_index,time_cycles
0,66638
page_index,time_cycles
0,65242
page_index,time_cycles
0,71784
page_index,time_cycles
0,71190
page_index,time_cycles
0,64478
page_index,time_cycles
0,69126
page_index,time_cycles
0,66196
page_index,time_cycles
0,68246
page_index,time_cycles
0,66802
page_index,time_cycles
0,66490
page_index,time_cycles
0,75386
page_index,time_cycles
0,65450
page_index,time_cycles
0,67976
page_index,time_cycles
0,73416
page_index,time_cycles
0,75448
page_index,time_cycles
0,70310
page_index,time_cycles
0,66304
page_index,time_cycles
0,67592
page_index,time_cycles
0,65144
page_index,time_cycles
0,64384
page_index,time_cycles
0,70018
page_index,time_cycles
0,76106
page_index,time_cycles
0,68856
page_index,time_cycles
0,65192
page_index,time_cycles
0,125266
page_index,time_cycles
0,80372
page_index,time_cycles
0,65390
page_index,time_cycles
0,65792
page_index,time_cycles
0,65460
page_index,time_cycles
0,71832
page_index,time_cycles
0,71528
page_index,time_cycles
0,66744
page_index,time_cycles
0,63960
page_index,time_cycles
0,66792
page_index,time_cycles
0,65848
page_index,time_cycles
0,71330
page_index,time_cycles
0,64704
page_index,time_cycles
0,65398
page_index,time_cycles
0,72446
page_index,time_cycles
0,71206
page_index,time_cycles
0,66336
page_index,time_cycles
0,110462
page_index,time_cycles
0,70548
page_index,time_cycles
0,69732
page_index,time_cycles
0,68482
page_index,time_cycles
0,78712
page_index,time_cycles
0,61882
page_index,time_cycles
0,64942
page_index,time_cycles
0,67974
page_index,time_cycles
0,116876
page_index,time_cycles
0,73624
page_index,time_cycles
0,66900
page_index,time_cycles
0,77172
page_index,time_cycles
0,75738
page_index,time_cycles
0,68498
page_index,time_cycles
0,68718
page_index,time_cycles
0,92962
page_index,time_cycles
0,72874
page_index,time_cycles
0,66792
page_index,time_cycles
0,77540
page_index,time_cycles
0,67460
page_index,time_cycles
0,65346
page_index,time_cycles
0,71642
page_index,time_cycles
0,64306
page_index,time_cycles
0,67358
page_index,time_cycles
0,65292
page_index,time_cycles
0,65230
page_index,time_cycles
0,86852
page_index,time_cycles
0,67200
page_index,time_cycles
0,66510
page_index,time_cycles
0,70858
page_index,time_cycles
0,69848
page_index,time_cycles
0,65948
page_index,time_cycles
0,73400
page_index,time_cycles
0,72658
page_index,time_cycles
0,64844
page_index,time_cycles
0,70190
page_index,time_cycles
0,63328
page_index,time_cycles
0,80270
page_index,time_cycles
0,70958
page_index,time_cycles
0,64524
page_index,time_cycles
0,85960
page_index,time_cycles
0,94974
page_index,time_cycles
0,76070
page_index,time_cycles
0,69234
page_index,time_cycles
0,67626
page_index,time_cycles
0,63830
page_index,time_cycles
0,77028
page_index,time_cycles
0,64100
page_index,time_cycles
0,64940
page_index,time_cycles
0,63520
page_index,time_cycles
0,78970
page_index,time_cycles
0,73882
page_index,time_cycles
0,67144
page_index,time_cycles
0,107002
page_index,time_cycles
0,71186
page_index,time_cycles
0,65096
page_index,time_cycles
0,64084
page_index,time_cycles
0,65968
page_index,time_cycles
0,73034
page_index,time_cycles
0,71036
page_index,time_cycles
0,86650
page_index,time_cycles
0,67374
page_index,time_cycles
0,70320
page_index,time_cycles
0,74990
page_index,time_cycles
0,69082
page_index,time_cycles
0,65920
page_index,time_cycles
0,69380
page_index,time_cycles
0,70010
page_index,time_cycles
0,68280
page_index,time_cycles
0,72812
page_index,time_cycles
0,65728
page_index,time_cycles
0,98028
page_index,time_cycles
0,66350
page_index,time_cycles
0,78320
page_index,time_cycles
0,81862
page_index,time_cycles
0,76114
page_index,time_cycles
0,102866
page_index,time_cycles
0,65542
page_index,time_cycles
0,68574
page_index,time_cycles
0,68168
page_index,time_cycles
0,77442
page_index,time_cycles
0,63434
page_index,time_cycles
0,77186
page_index,time_cycles
0,71488
page_index,time_cycles
0,94298
page_index,time_cycles
0,64642
page_index,time_cycles
0,128568
page_index,time_cycles
0,77112
page_index,time_cycles
0,70436
page_index,time_cycles
0,66126
page_index,time_cycles
0,86908
page_index,time_cycles
0,70430
page_index,time_cycles
0,63486
page_index,time_cycles
0,72290
page_index,time_cycles
0,70148
page_index,time_cycles
0,77132
page_index,time_cycles
0,65652
page_index,time_cycles
0,70558
page_index,time_cycles
0,66832
page_index,time_cycles
0,67948
page_index,time_cycles
0,69716
page_index,time_cycles
0,70814
page_index,time_cycles
0,67872
page_index,time_cycles
0,75356
page_index,time_cycles
0,100328
page_index,time_cycles
0,74360
page_index,time_cycles
0,73674
page_index,time_cycles
0,66456
page_index,time_cycles
0,64282
page_index,time_cycles
0,190698
page_index,time_cycles
0,66584
page_index,time_cycles
0,64620
page_index,time_cycles
0,98012
page_index,time_cycles
0,64954
page_index,time_cycles
0,77918
page_index,time_cycles
0,67554
page_index,time_cycles
0,86286
page_index,time_cycles
0,66220
page_index,time_cycles
0,75952
page_index,time_cycles
0,106620
page_index,time_cycles
0,66680
page_index,time_cycles
0,64518
page_index,time_cycles
0,68876
page_index,time_cycles
0,70802
page_index,time_cycles
0,63376
page_index,time_cycles
0,64798
page_index,time_cycles
0,76936
page_index,time_cycles
0,65532
page_index,time_cycles
0,70668
page_index,time_cycles
0,65014
page_index,time_cycles
0,69656
page_index,time_cycles
0,67818
page_index,time_cycles
0,67298
page_index,time_cycles
0,101770
page_index,time_cycles
0,65494
page_index,time_cycles
0,65448
page_index,time_cycles
0,63582
page_index,time_cycles
0,65562
page_index,time_cycles
0,65392
page_index,time_cycles
0,80862
page_index,time_cycles
0,70256
page_index,time_cycles
0,65462
page_index,time_cycles
0,70358
page_index,time_cycles
0,88934
page_index,time_cycles
0,69020
page_index,time_cycles
0,68226
page_index,time_cycles
0,66356
page_index,time_cycles
0,65160
page_index,time_cycles
0,71578
page_index,time_cycles
0,85782
page_index,time_cycles
0,69406
page_index,time_cycles
0,66664
page_index,time_cycles
0,66452
page_index,time_cycles
0,64604
page_index,time_cycles
0,67034
page_index,time_cycles
0,64778
page_index,time_cycles
0,70596
page_index,time_cycles
0,90692
page_index,time_cycles
0,66944
page_index,time_cycles
0,69076
page_index,time_cycles
0,65086
page_index,time_cycles
0,77698
page_index,time_cycles
0,69586
page_index,time_cycles
0,65226
page_index,time_cycles
0,66206
page_index,time_cycles
0,70396
page_index,time_cycles
0,70460
page_index,time_cycles
0,69760
page_index,time_cycles
0,67752
page_index,time_cycles
0,70390
page_index,time_cycles
0,108660
page_index,time_cycles
0,73536
page_index,time_cycles
0,66514
page_index,time_cycles
0,65716
page_index,time_cycles
0,64408
page_index,time_cycles
0,65498
page_index,time_cycles
0,79558
page_index,time_cycles
0,83548
page_index,time_cycles
0,69632
page_index,time_cycles
0,91496
page_index,time_cycles
0,75356
page_index,time_cycles
0,69076
page_index,time_cycles
0,72662
page_index,time_cycles
0,68510
page_index,time_cycles
0,71230
page_index,time_cycles
0,67070
page_index,time_cycles
0,65976
page_index,time_cycles
0,77038
page_index,time_cycles
0,83630
page_index,time_cycles
0,72384
page_index,time_cycles
0,70100
page_index,time_cycles
0,63858
page_index,time_cycles
0,67986
page_index,time_cycles
0,67722
page_index,time_cycles
0,67220
page_index,time_cycles
0,63918
page_index,time_cycles
0,66090
page_index,time_cycles
0,63768
page_index,time_cycles
0,65438
page_index,time_cycles
0,74428
page_index,time_cycles
0,65288
page_index,time_cycles
0,70154
page_index,time_cycles
0,100688
page_index,time_cycles
0,64880
page_index,time_cycles
0,63404
page_index,time_cycles
0,118922
page_index,time_cycles
0,70756
page_index,time_cycles
0,73272
page_index,time_cycles
0,73234
page_index,time_cycles
0,71236
page_index,time_cycles
0,67078
page_index,time_cycles
0,73042
page_index,time_cycles
0,73238
page_index,time_cycles
0,63564
page_index,time_cycles
0,72002
page_index,time_cycles
0,73646
page_index,time_cycles
0,63812
page_index,time_cycles
0,69754
page_index,time_cycles
0,69576
page_index,time_cycles
0,67966
page_index,time_cycles
0,64044
page_index,time_cycles
0,74738
page_index,time_cycles
0,70362
page_index,time_cycles
0,64026
page_index,time_cycles
0,65892
page_index,time_cycles
0,66612
page_index,time_cycles
0,70782
page_index,time_cycles
0,64936
page_index,time_cycles
0,68520
page_index,time_cycles
0,137592
page_index,time_cycles
0,67372
page_index,time_cycles
0,65130
page_index,time_cycles
0,96898
page_index,time_cycles
0,70344
page_index,time_cycles
0,76044
page_index,time_cycles
0,66202
page_index,time_cycles
0,76266
page_index,time_cycles
0,65564
page_index,time_cycles
0,68814
page_index,time_cycles
0,67968
page_index,time_cycles
0,108020
page_index,time_cycles
0,69008
page_index,time_cycles
0,66172
page_index,time_cycles
0,67704
page_index,time_cycles
0,64942
page_index,time_cycles
0,66672
page_index,time_cycles
0,74306
page_index,time_cycles
0,63600
page_index,time_cycles
0,70378
page_index,time_cycles
0,68640
page_index,time_cycles
0,73604
page_index,time_cycles
0,85782
page_index,time_cycles
0,77430
page_index,time_cycles
0,69040
page_index,time_cycles
0,71106
page_index,time_cycles
0,72382
page_index,time_cycles
0,123792
page_index,time_cycles
0,67826
page_index,time_cycles
0,97860
page_index,time_cycles
0,78168
page_index,time_cycles
0,67080
page_index,time_cycles
0,74454
page_index,time_cycles
0,68434
page_index,time_cycles
0,70400
page_index,time_cycles
0,76358
page_index,time_cycles
0,63952
page_index,time_cycles
0,65458
page_index,time_cycles
0,66278
page_index,time_cycles
0,67770
page_index,time_cycles
0,74198
page_index,time_cycles
0,76500
page_index,time_cycles
0,70758
page_index,time_cycles
0,67730
page_index,time_cycles
0,68014
page_index,time_cycles
0,75118
page_index,time_cycles
0,66816
page_index,time_cycles
0,66464
page_index,time_cycles
0,72810
page_index,time_cycles
0,65928
page_index,time_cycles
0,66392
page_index,time_cycles
0,68148
page_index,time_cycles
0,66204
page_index,time_cycles
0,67492
page_index,time_cycles
0,83532
page_index,time_cycles
0,71396
page_index,time_cycles
0,68754
page_index,time_cycles
0,80504
page_index,time_cycles
0,69190
page_index,time_cycles
0,69344
page_index,time_cycles
0,66544
page_index,time_cycles
0,67592
page_index,time_cycles
0,84736
page_index,time_cycles
0,63476
page_index,time_cycles
0,66440
page_index,time_cycles
0,154092
page_index,time_cycles
0,65896
page_index,time_cycles
0,71056
page_index,time_cycles
0,65970
page_index,time_cycles
0,63478
page_index,time_cycles
0,64826
page_index,time_cycles
0,70464
page_index,time_cycles
0,79440
page_index,time_cycles
0,68416
page_index,time_cycles
0,78640
page_index,time_cycles
0,67474
page_index,time_cycles
0,89016
page_index,time_cycles
0,109100
page_index,time_cycles
0,66098
page_index,time_cycles
0,77084
page_index,time_cycles
0,64256
page_index,time_cycles
0,69892
page_index,time_cycles
0,96870
page_index,time_cycles
0,70554
page_index,time_cycles
0,89108
page_index,time_cycles
0,71764
page_index,time_cycles
0,68894
page_index,time_cycles
0,70232
page_index,time_cycles
0,68910
page_index,time_cycles
0,65006
page_index,time_cycles
0,80724
page_index,time_cycles
0,66422
page_index,time_cycles
0,64884
page_index,time_cycles
0,67414
page_index,time_cycles
0,67480
page_index,time_cycles
0,67446
page_index,time_cycles
0,72036
page_index,time_cycles
0,66526
page_index,time_cycles
0,82234
page_index,time_cycles
0,68970
page_index,time_cycles
0,71056
page_index,time_cycles
0,68034
page_index,time_cycles
0,66184
page_index,time_cycles
0,69890
page_index,time_cycles
0,77634
page_index,time_cycles
0,64596
page_index,time_cycles
0,63878
page_index,time_cycles
0,78336
page_index,time_cycles
0,64386
page_index,time_cycles
0,70362
page_index,time_cycles
0,65168
page_index,time_cycles
0,68158
page_index,time_cycles
0,73068
page_index,time_cycles
0,67156
page_index,time_cycles
0,90648
page_index,time_cycles
0,66122
page_index,time_cycles
0,70604
page_index,time_cycles
0,66356
page_index,time_cycles
0,68032
page_index,time_cycles
0,77370
page_index,time_cycles
0,120318
page_index,time_cycles
0,73370
page_index,time_cycles
0,69024
page_index,time_cycles
0,69094
page_index,time_cycles
0,68906
page_index,time_cycles
0,74488
page_index,time_cycles
0,65478
page_index,time_cycles
0,65924
page_index,time_cycles
0,66152
page_index,time_cycles
0,95566
page_index,time_cycles
0,67158
page_index,time_cycles
0,65880
page_index,time_cycles
0,68768
page_index,time_cycles
0,65332
page_index,time_cycles
0,69476
page_index,time_cycles
0,64140
page_index,time_cycles
0,69758
page_index,time_cycles
0,71254
page_index,time_cycles
0,63396
page_index,time_cycles
0,70070
page_index,time_cycles
0,69346
page_index,time_cycles
0,66366
page_index,time_cycles
0,76602
page_index,time_cycles
0,94908
page_index,time_cycles
0,69084
page_index,time_cycles
0,66320
page_index,time_cycles
0,68402
page_index,time_cycles
0,71564
page_index,time_cycles
0,75722
page_index,time_cycles
0,70818
page_index,time_cycles
0,79620
page_index,time_cycles
0,67398
page_index,time_cycles
0,79068
page_index,time_cycles
0,64578
page_index,time_cycles
0,67438
page_index,time_cycles
0,71766
page_index,time_cycles
0,67940
page_index,time_cycles
0,64630
page_index,time_cycles
0,71766
page_index,time_cycles
0,66602
page_index,time_cycles
0,71740
page_index,time_cycles
0,73248
page_index,time_cycles
0,67004
page_index,time_cycles
0,85892
page_index,time_cycles
0,68896
page_index,time_cycles
0,66082
page_index,time_cycles
0,66804
page_index,time_cycles
0,65108
page_index,time_cycles
0,72890
page_index,time_cycles
0,68928
page_index,time_cycles
0,77894
page_index,time_cycles
0,68590
page_index,time_cycles
0,78300
page_index,time_cycles
0,77774
page_index,time_cycles
0,75740
page_index,time_cycles
0,70770
page_index,time_cycles
0,85430
page_index,time_cycles
0,69094
page_index,time_cycles
0,64336
page_index,time_cycles
0,65172
page_index,time_cycles
0,69880
page_index,time_cycles
0,64074
page_index,time_cycles
0,65008
page_index,time_cycles
0,67250
page_index,time_cycles
0,69928
page_index,time_cycles
0,76332
page_index,time_cycles
0,100202
page_index,time_cycles
0,70154
page_index,time_cycles
0,70820
page_index,time_cycles
0,70316
page_index,time_cycles
0,78530
page_index,time_cycles
0,65772
page_index,time_cycles
0,66170
page_index,time_cycles
0,86066
page_index,time_cycles
0,65632
page_index,time_cycles
0,64294
page_index,time_cycles
0,74430
page_index,time_cycles
0,71678
page_index,time_cycles
0,67872
page_index,time_cycles
0,67678
page_index,time_cycles
0,66292
page_index,time_cycles
0,84218
page_index,time_cycles
0,75080
page_index,time_cycles
0,70634
page_index,time_cycles
0,65562
page_index,time_cycles
0,66476
page_index,time_cycles
0,66944
page_index,time_cycles
0,67078
page_index,time_cycles
0,72226
page_index,time_cycles
0,67680
page_index,time_cycles
0,65132
page_index,time_cycles
0,66732
page_index,time_cycles
0,344466
page_index,time_cycles
0,66294
page_index,time_cycles
0,71820
page_index,time_cycles
0,60270
page_index,time_cycles
0,72890
page_index,time_cycles
0,70814
page_index,time_cycles
0,65684
page_index,time_cycles
0,73054
page_index,time_cycles
0,64592
page_index,time_cycles
0,64876
page_index,time_cycles
0,63884
page_index,time_cycles
0,77518
page_index,time_cycles
0,66360
page_index,time_cycles
0,77274
page_index,time_cycles
0,65314
page_index,time_cycles
0,76172
page_index,time_cycles
0,71214
page_index,time_cycles
0,91590
page_index,time_cycles
0,89408
page_index,time_cycles
0,81258
page_index,time_cycles
0,69250
page_index,time_cycles
0,67876
page_index,time_cycles
0,77820
page_index,time_cycles
0,70052
page_index,time_cycles
0,66826
page_index,time_cycles
0,67768
page_index,time_cycles
0,74888
page_index,time_cycles
0,70820
page_index,time_cycles
0,63846
page_index,time_cycles
0,69600
page_index,time_cycles
0,93544
page_index,time_cycles
0,66732
page_index,time_cycles
0,96312
page_index,time_cycles
0,69690
page_index,time_cycles
0,84940
page_index,time_cycles
0,67226
page_index,time_cycles
0,64496
page_index,time_cycles
0,64066
page_index,time_cycles
0,72522
page_index,time_cycles
0,72310
page_index,time_cycles
0,88014
page_index,time_cycles
0,68344
page_index,time_cycles
0,72988
page_index,time_cycles
0,69584
page_index,time_cycles
0,65980
page_index,time_cycles
0,62208
page_index,time_cycles
0,69424
page_index,time_cycles
0,67096
page_index,time_cycles
0,66028
page_index,time_cycles
0,66652
page_index,time_cycles
0,67788
page_index,time_cycles
0,67142
page_index,time_cycles
0,95892
page_index,time_cycles
0,67516
page_index,time_cycles
0,77078
page_index,time_cycles
0,76260
page_index,time_cycles
0,65054
page_index,time_cycles
0,67094
page_index,time_cycles
0,70896
page_index,time_cycles
0,65126
page_index,time_cycles
0,65538
page_index,time_cycles
0,79498
page_index,time_cycles
0,64472
page_index,time_cycles
0,66234
page_index,time_cycles
0,64144
page_index,time_cycles
0,69096
page_index,time_cycles
0,81978
page_index,time_cycles
0,64160
page_index,time_cycles
0,78994
page_index,time_cycles
0,81550
page_index,time_cycles
0,63452
page_index,time_cycles
0,74654
page_index,time_cycles
0,64916
page_index,time_cycles
0,70438
page_index,time_cycles
0,67062
page_index,time_cycles
0,67504
page_index,time_cycles
0,66742
page_index,time_cycles
0,94724
page_index,time_cycles
0,64584
page_index,time_cycles
0,73612
page_index,time_cycles
0,90074
page_index,time_cycles
0,75524
page_index,time_cycles
0,69004
page_index,time_cycles
0,69694
page_index,time_cycles
0,79452
page_index,time_cycles
0,69638
page_index,time_cycles
0,68988
page_index,time_cycles
0,67292
page_index,time_cycles
0,73054
page_index,time_cycles
0,61724
page_index,time_cycles
0,72670
page_index,time_cycles
0,96556
page_index,time_cycles
0,68312
page_index,time_cycles
0,98796
page_index,time_cycles
0,65960
page_index,time_cycles
0,70764
page_index,time_cycles
0,86252
page_index,time_cycles
0,72976
page_index,time_cycles
0,65080
page_index,time_cycles
0,81998
page_index,time_cycles
0,79462
page_index,time_cycles
0,94320
page_index,time_cycles
0,66414
page_index,time_cycles
0,69566
page_index,time_cycles
0,66838
page_index,time_cycles
0,65668
page_index,time_cycles
0,70046
page_index,time_cycles
0,71414
page_index,time_cycles
0,67230
page_index,time_cycles
0,65540
page_index,time_cycles
0,109080
page_index,time_cycles
0,64460
page_index,time_cycles
0,80522
page_index,time_cycles
0,71794
page_index,time_cycles
0,65224
page_index,time_cycles
0,70728
page_index,time_cycles
0,69658
page_index,time_cycles
0,65378
page_index,time_cycles
0,69076
page_index,time_cycles
0,68894
page_index,time_cycles
0,67270
page_index,time_cycles
0,70640
page_index,time_cycles
0,70816
page_index,time_cycles
0,83072
page_index,time_cycles
0,69922
page_index,time_cycles
0,74630
page_index,time_cycles
0,79974
page_index,time_cycles
0,77908
page_index,time_cycles
0,65760
page_index,time_cycles
0,65164
page_index,time_cycles
0,82458
page_index,time_cycles
0,65764
page_index,time_cycles
0,77208
page_index,time_cycles
0,67068
page_index,time_cycles
0,69222
page_index,time_cycles
0,67622
page_index,time_cycles
0,72094
page_index,time_cycles
0,74782
page_index,time_cycles
0,74408
page_index,time_cycles
0,70440
page_index,time_cycles
0,71198
page_index,time_cycles
0,78076
page_index,time_cycles
0,68924
page_index,time_cycles
0,90472
page_index,time_cycles
0,64760
page_index,time_cycles
0,71652
page_index,time_cycles
0,64012
page_index,time_cycles
0,69730
page_index,time_cycles
0,67362
page_index,time_cycles
0,70944
page_index,time_cycles
0,117124
page_index,time_cycles
0,64936
page_index,time_cycles
0,82512
page_index,time_cycles
0,70002
page_index,time_cycles
0,66668
page_index,time_cycles
0,74066
page_index,time_cycles
0,64632
page_index,time_cycles
0,78248
page_index,time_cycles
0,64244
page_index,time_cycles
0,68104
page_index,time_cycles
0,65612
page_index,time_cycles
0,70036
page_index,time_cycles
0,84462
page_index,time_cycles
0,65398
page_index,time_cycles
0,72692
page_index,time_cycles
0,68010
page_index,time_cycles
0,63420
page_index,time_cycles
0,68254
page_index,time_cycles
0,68352
page_index,time_cycles
0,72990
page_index,time_cycles
0,62340
page_index,time_cycles
0,65404
page_index,time_cycles
0,64672
page_index,time_cycles
0,75546
page_index,time_cycles
0,78484
page_index,time_cycles
0,66076
page_index,time_cycles
0,74008
page_index,time_cycles
0,65946
page_index,time_cycles
0,68860
page_index,time_cycles
0,78118
page_index,time_cycles
0,77798
page_index,time_cycles
0,71512
page_index,time_cycles
0,84472
page_index,time_cycles
0,70068
page_index,time_cycles
0,71404
page_index,time_cycles
0,101376
page_index,time_cycles
0,77498
page_index,time_cycles
0,99646
page_index,time_cycles
0,67514
page_index,time_cycles
0,64432
page_index,time_cycles
0,75694
page_index,time_cycles
0,64584
page_index,time_cycles
0,70034
page_index,time_cycles
0,69964
page_index,time_cycles
0,64896
page_index,time_cycles
0,63232
page_index,time_cycles
0,63912
page_index,time_cycles
0,65802
page_index,time_cycles
0,73918
page_index,time_cycles
0,72284
page_index,time_cycles
0,63256
page_index,time_cycles
0,80622
page_index,time_cycles
0,65424
page_index,time_cycles
0,80012
page_index,time_cycles
0,91196
page_index,time_cycles
0,68864
page_index,time_cycles
0,118522
page_index,time_cycles
0,64434
page_index,time_cycles
0,67634
page_index,time_cycles
0,63590
page_index,time_cycles
0,66572
page_index,time_cycles
0,72436
page_index,time_cycles
0,71396
page_index,time_cycles
0,67686
page_index,time_cycles
0,105526
page_index,time_cycles
0,67940
page_index,time_cycles
0,68810
page_index,time_cycles
0,66016
page_index,time_cycles
0,62492
page_index,time_cycles
0,67776
page_index,time_cycles
0,84040
page_index,time_cycles
0,77718
page_index,time_cycles
0,126786
page_index,time_cycles
0,78000
page_index,time_cycles
0,86426
page_index,time_cycles
0,66646
page_index,time_cycles
0,63382
page_index,time_cycles
0,88528
page_index,time_cycles
0,68536
page_index,time_cycles
0,70602
page_index,time_cycles
0,71224
page_index,time_cycles
0,79846
page_index,time_cycles
0,77304
page_index,time_cycles
0,64862
page_index,time_cycles
0,79032
page_index,time_cycles
0,77396
page_index,time_cycles
0,87140
page_index,time_cycles
0,69462
page_index,time_cycles
0,66060
page_index,time_cycles
0,68648
page_index,time_cycles
0,66586
page_index,time_cycles
0,73516
page_index,time_cycles
0,73676
page_index,time_cycles
0,66942
page_index,time_cycles
0,68286
page_index,time_cycles
0,65752
page_index,time_cycles
0,79592
page_index,time_cycles
0,65260
page_index,time_cycles
0,64534
page_index,time_cycles
0,65842
page_index,time_cycles
0,72930
page_index,time_cycles
0,72674
page_index,time_cycles
0,100806
page_index,time_cycles
0,66526
page_index,time_cycles
0,64138
page_index,time_cycles
0,72514
page_index,time_cycles
0,69224
page_index,time_cycles
0,65128
page_index,time_cycles
0,65294
page_index,time_cycles
0,69774
page_index,time_cycles
0,70380
page_index,time_cycles
0,106600
page_index,time_cycles
0,68138
page_index,time_cycles
0,71468
page_index,time_cycles
0,68996
page_index,time_cycles
0,74124
page_index,time_cycles
0,65918
page_index,time_cycles
0,109396
page_index,time_cycles
0,71478
page_index,time_cycles
0,69400
page_index,time_cycles
0,68214
page_index,time_cycles
0,64560
page_index,time_cycles
0,66600
page_index,time_cycles
0,68276
page_index,time_cycles
0,72794
page_index,time_cycles
0,63004
page_index,time_cycles
0,77158
page_index,time_cycles
0,82648
page_index,time_cycles
0,65382
page_index,time_cycles
0,76694
page_index,time_cycles
0,72402
page_index,time_cycles
0,65408
page_index,time_cycles
0,65952
page_index,time_cycles
0,88116
page_index,time_cycles
0,75068
page_index,time_cycles
0,66110
page_index,time_cycles
0,67180
page_index,time_cycles
0,77470
page_index,time_cycles
0,71188
page_index,time_cycles
0,63764
page_index,time_cycles
0,70988
page_index,time_cycles
0,74956
page_index,time_cycles
0,66340
page_index,time_cycles
0,108600
page_index,time_cycles
0,73934
page_index,time_cycles
0,69060
page_index,time_cycles
0,63484
page_index,time_cycles
0,68976
page_index,time_cycles
0,68486
page_index,time_cycles
0,68764
page_index,time_cycles
0,65006
page_index,time_cycles
0,131656
page_index,time_cycles
0,138170
page_index,time_cycles
0,67220
page_index,time_cycles
0,68942
page_index,time_cycles
0,69370
page_index,time_cycles
0,67088
page_index,time_cycles
0,65274
page_index,time_cycles
0,64286
page_index,time_cycles
0,64614
page_index,time_cycles
0,74378
page_index,time_cycles
0,65402
page_index,time_cycles
0,77722
page_index,time_cycles
0,66906
page_index,time_cycles
0,65558
page_index,time_cycles
0,75464
page_index,time_cycles
0,65372
page_index,time_cycles
0,70006
page_index,time_cycles
0,65922
page_index,time_cycles
0,70872
page_index,time_cycles
0,73552
page_index,time_cycles
0,64008
page_index,time_cycles
0,66126
page_index,time_cycles
0,71914
page_index,time_cycles
0,100486
page_index,time_cycles
0,68828
page_index,time_cycles
0,65160
page_index,time_cycles
0,72104
page_index,time_cycles
0,70024
page_index,time_cycles
0,75566
page_index,time_cycles
0,70108
page_index,time_cycles
0,67366
page_index,time_cycles
0,65400
page_index,time_cycles
0,65136
page_index,time_cycles
0,76332
page_index,time_cycles
0,70102
page_index,time_cycles
0,69208
page_index,time_cycles
0,72654
page_index,time_cycles
0,71954
page_index,time_cycles
0,65838
page_index,time_cycles
0,72656
page_index,time_cycles
0,81952
page_index,time_cycles
0,70208
page_index,time_cycles
0,70606
page_index,time_cycles
0,67984
page_index,time_cycles
0,75790
page_index,time_cycles
0,72654
page_index,time_cycles
0,83228
page_index,time_cycles
0,68456
page_index,time_cycles
0,66860
page_index,time_cycles
0,65452
page_index,time_cycles
0,98012
page_index,time_cycles
0,67216
page_index,time_cycles
0,67726
page_index,time_cycles
0,63558
page_index,time_cycles
0,87868
page_index,time_cycles
0,67638
page_index,time_cycles
0,67040
page_index,time_cycles
0,63890
page_index,time_cycles
0,75446
page_index,time_cycles
0,100988
page_index,time_cycles
0,66678
page_index,time_cycles
0,68638
page_index,time_cycles
0,67964
page_index,time_cycles
0,70192
page_index,time_cycles
0,90036
page_index,time_cycles
0,88106
page_index,time_cycles
0,73502
page_index,time_cycles
0,66394
page_index,time_cycles
0,66848
page_index,time_cycles
0,75072
page_index,time_cycles
0,66758
page_index,time_cycles
0,78328
page_index,time_cycles
0,68420
page_index,time_cycles
0,69652
page_index,time_cycles
0,70370
page_index,time_cycles
0,67400
page_index,time_cycles
0,67546
page_index,time_cycles
0,72658
page_index,time_cycles
0,69330
page_index,time_cycles
0,69912
page_index,time_cycles
0,68088
page_index,time_cycles
0,76132
page_index,time_cycles
0,64654
page_index,time_cycles
0,70876
page_index,time_cycles
0,70590
page_index,time_cycles
0,67642
page_index,time_cycles
0,73182
page_index,time_cycles
0,63758
page_index,time_cycles
0,63208
page_index,time_cycles
0,66436
page_index,time_cycles
0,67936
page_index,time_cycles
0,69306
page_index,time_cycles
0,73454
page_index,time_cycles
0,68594
page_index,time_cycles
0,66876
page_index,time_cycles
0,68070
page_index,time_cycles
0,80458
page_index,time_cycles
0,69832
page_index,time_cycles
0,70072
page_index,time_cycles
0,64406
page_index,time_cycles
0,63508
page_index,time_cycles
0,72582
page_index,time_cycles
0,64098
page_index,time_cycles
0,66598
page_index,time_cycles
0,65902
page_index,time_cycles
0,71322
page_index,time_cycles
0,65800
page_index,time_cycles
0,78220
page_index,time_cycles
0,68550
page_index,time_cycles
0,70358
page_index,time_cycles
0,106138
page_index,time_cycles
0,78886
page_index,time_cycles
0,76224
page_index,time_cycles
0,65498
page_index,time_cycles
0,74206
page_index,time_cycles
0,118994
page_index,time_cycles
0,76800
page_index,time_cycles
0,69632
page_index,time_cycles
0,68200
page_index,time_cycles
0,72418
page_index,time_cycles
0,64232
page_index,time_cycles
0,68076
page_index,time_cycles
0,69598
page_index,time_cycles
0,62568
page_index,time_cycles
0,69098
page_index,time_cycles
0,67360
page_index,time_cycles
0,97146
page_index,time_cycles
0,66712
page_index,time_cycles
0,79772
page_index,time_cycles
0,67910
page_index,time_cycles
0,66458
page_index,time_cycles
0,68304
page_index,time_cycles
0,66838
page_index,time_cycles
0,67492
page_index,time_cycles
0,67666
page_index,time_cycles
0,70112
page_index,time_cycles
0,63524
page_index,time_cycles
0,66260
page_index,time_cycles
0,69316
page_index,time_cycles
0,74608
page_index,time_cycles
0,67044
page_index,time_cycles
0,72460
page_index,time_cycles
0,105652
page_index,time_cycles
0,66696
page_index,time_cycles
0,84882
page_index,time_cycles
0,60258
page_index,time_cycles
0,69246
page_index,time_cycles
0,68422
page_index,time_cycles
0,70278
page_index,time_cycles
0,72732
page_index,time_cycles
0,69370
page_index,time_cycles
0,73540
page_index,time_cycles
0,65070
page_index,time_cycles
0,67914
page_index,time_cycles
0,65332
page_index,time_cycles
0,73898
page_index,time_cycles
0,68496
page_index,time_cycles
0,73112
page_index,time_cycles
0,71034
page_index,time_cycles
0,73598
page_index,time_cycles
0,89210
page_index,time_cycles
0,71162
page_index,time_cycles
0,71072
page_index,time_cycles
0,68098
page_index,time_cycles
0,62180
page_index,time_cycles
0,70858
page_index,time_cycles
0,65360
page_index,time_cycles
0,104710
page_index,time_cycles
0,69966
page_index,time_cycles
0,65534
page_index,time_cycles
0,70454
page_index,time_cycles
0,66452
page_index,time_cycles
0,66864
page_index,time_cycles
0,76066
page_index,time_cycles
0,86424
page_index,time_cycles
0,76422
page_index,time_cycles
0,129164
page_index,time_cycles
0,65514
page_index,time_cycles
0,65846
page_index,time_cycles
0,63320
page_index,time_cycles
0,70884
page_index,time_cycles
0,67292
page_index,time_cycles
0,70444
page_index,time_cycles
0,114792
page_index,time_cycles
0,68652
page_index,time_cycles
0,69036
page_index,time_cycles
0,67510
page_index,time_cycles
0,97064
page_index,time_cycles
0,65616
page_index,time_cycles
0,63928
page_index,time_cycles
0,74016
page_index,time_cycles
0,65798
page_index,time_cycles
0,67046
page_index,time_cycles
0,74404
page_index,time_cycles
0,67114
page_index,time_cycles
0,73002
page_index,time_cycles
0,65872
page_index,time_cycles
0,67518
page_index,time_cycles
0,73204
page_index,time_cycles
0,79296
page_index,time_cycles
0,63718
page_index,time_cycles
0,65836
page_index,time_cycles
0,69278
page_index,time_cycles
0,66770
page_index,time_cycles
0,69786
page_index,time_cycles
0,65994
page_index,time_cycles
0,66364
page_index,time_cycles
0,64654
page_index,time_cycles
0,65156
page_index,time_cycles
0,70578
page_index,time_cycles
0,68548
page_index,time_cycles
0,65858
page_index,time_cycles
0,66392
page_index,time_cycles
0,72504
page_index,time_cycles
0,68866
page_index,time_cycles
0,69770
page_index,time_cycles
0,73000
page_index,time_cycles
0,95476
page_index,time_cycles
0,73818
page_index,time_cycles
0,76296
page_index,time_cycles
0,73320
page_index,time_cycles
0,73492
page_index,time_cycles
0,64458
page_index,time_cycles
0,64926
page_index,time_cycles
0,71626
page_index,time_cycles
0,64844
page_index,time_cycles
0,71412
page_index,time_cycles
0,66496
page_index,time_cycles
0,66148
page_index,time_cycles
0,64814
page_index,time_cycles
0,70160
page_index,time_cycles
0,74558
page_index,time_cycles
0,69872
page_index,time_cycles
0,73306
page_index,time_cycles
0,68156
page_index,time_cycles
0,67820
page_index,time_cycles
0,65748
page_index,time_cycles
0,66374
page_index,time_cycles
0,72002
page_index,time_cycles
0,87270
page_index,time_cycles
0,66570
page_index,time_cycles
0,79012
page_index,time_cycles
0,69152
page_index,time_cycles
0,66050
page_index,time_cycles
0,72604
page_index,time_cycles
0,86084
page_index,time_cycles
0,69330
page_index,time_cycles
0,67150
page_index,time_cycles
0,75700
page_index,time_cycles
0,70476
page_index,time_cycles
0,65870
page_index,time_cycles
0,64396
page_index,time_cycles
0,73404
page_index,time_cycles
0,70344
page_index,time_cycles
0,96386
page_index,time_cycles
0,65520
page_index,time_cycles
0,65986
page_index,time_cycles
0,68782
page_index,time_cycles
0,66372
page_index,time_cycles
0,80986
page_index,time_cycles
0,69924
page_index,time_cycles
0,65416
page_index,time_cycles
0,65162
page_index,time_cycles
0,70566
page_index,time_cycles
0,67484
page_index,time_cycles
0,76552
page_index,time_cycles
0,65784
page_index,time_cycles
0,70202
page_index,time_cycles
0,66710
page_index,time_cycles
0,106970
page_index,time_cycles
0,68134
page_index,time_cycles
0,70576
page_index,time_cycles
0,68766
page_index,time_cycles
0,77978
page_index,time_cycles
0,68580
page_index,time_cycles
0,65730
page_index,time_cycles
0,66716
page_index,time_cycles
0,65026
page_index,time_cycles
0,121626
page_index,time_cycles
0,65232
page_index,time_cycles
0,74410
page_index,time_cycles
0,64498
page_index,time_cycles
0,70776
page_index,time_cycles
0,79012
page_index,time_cycles
0,63882
page_index,time_cycles
0,65526
page_index,time_cycles
0,64798
page_index,time_cycles
0,68082
page_index,time_cycles
0,80396
page_index,time_cycles
0,68716
page_index,time_cycles
0,80088
page_index,time_cycles
0,70338
page_index,time_cycles
0,74438
page_index,time_cycles
0,69272
page_index,time_cycles
0,67936
page_index,time_cycles
0,67730
page_index,time_cycles
0,65854
page_index,time_cycles
0,63520
page_index,time_cycles
0,78964
page_index,time_cycles
0,71378
page_index,time_cycles
0,119474
page_index,time_cycles
0,70930
page_index,time_cycles
0,70198
page_index,time_cycles
0,73376
page_index,time_cycles
0,67814
page_index,time_cycles
0,72728
page_index,time_cycles
0,64742
page_index,time_cycles
0,104344
page_index,time_cycles
0,75722
page_index,time_cycles
0,64692
page_index,time_cycles
0,139970
page_index,time_cycles
0,65220
page_index,time_cycles
0,69974
page_index,time_cycles
0,66194
page_index,time_cycles
0,68808
page_index,time_cycles
0,75870
page_index,time_cycles
0,77856
page_index,time_cycles
0,82010
page_index,time_cycles
0,72970
page_index,time_cycles
0,64440
page_index,time_cycles
0,68292
page_index,time_cycles
0,67394
page_index,time_cycles
0,66504
page_index,time_cycles
0,68796
page_index,time_cycles
0,78558
page_index,time_cycles
0,67202
page_index,time_cycles
0,78854
page_index,time_cycles
0,81526
page_index,time_cycles
0,63522
page_index,time_cycles
0,67690
page_index,time_cycles
0,64930
page_index,time_cycles
0,69154
page_index,time_cycles
0,78672
page_index,time_cycles
0,65500
page_index,time_cycles
0,68370
page_index,time_cycles
0,70342
page_index,time_cycles
0,73954
page_index,time_cycles
0,69352
page_index,time_cycles
0,63398
page_index,time_cycles
0,74900
page_index,time_cycles
0,63612
page_index,time_cycles
0,66114
page_index,time_cycles
0,68664
page_index,time_cycles
0,65290
page_index,time_cycles
0,71890
page_index,time_cycles
0,67808
page_index,time_cycles
0,66958
page_index,time_cycles
0,62610
page_index,time_cycles
0,68752
page_index,time_cycles
0,82872
page_index,time_cycles
0,92272
page_index,time_cycles
0,79048
page_index,time_cycles
0,68140
page_index,time_cycles
0,67528
page_index,time_cycles
0,61270
page_index,time_cycles
0,65890
page_index,time_cycles
0,77422
page_index,time_cycles
0,65366
page_index,time_cycles
0,100902
page_index,time_cycles
0,75916
page_index,time_cycles
0,68406
page_index,time_cycles
0,62696
page_index,time_cycles
0,99324
page_index,time_cycles
0,66714
page_index,time_cycles
0,66646
page_index,time_cycles
0,84972
page_index,time_cycles
0,71262
page_index,time_cycles
0,64914
page_index,time_cycles
0,68142
page_index,time_cycles
0,64994
page_index,time_cycles
0,78986
page_index,time_cycles
0,67762
page_index,time_cycles
0,82244
page_index,time_cycles
0,363472
page_index,time_cycles
0,73176
page_index,time_cycles
0,64312
page_index,time_cycles
0,70908
page_index,time_cycles
0,63486
page_index,time_cycles
0,77208
page_index,time_cycles
0,66564
page_index,time_cycles
0,70104
page_index,time_cycles
0,69288
page_index,time_cycles
0,65852
page_index,time_cycles
0,77074
page_index,time_cycles
0,67684
page_index,time_cycles
0,109648
page_index,time_cycles
0,65008
page_index,time_cycles
0,67834
page_index,time_cycles
0,77960
page_index,time_cycles
0,72040
page_index,time_cycles
0,71750
page_index,time_cycles
0,68816
page_index,time_cycles
0,67300
page_index,time_cycles
0,93920
page_index,time_cycles
0,71702
page_index,time_cycles
0,64036
page_index,time_cycles
0,77886
page_index,time_cycles
0,121824
page_index,time_cycles
0,63696
page_index,time_cycles
0,75896
page_index,time_cycles
0,71242
page_index,time_cycles
0,68092
page_index,time_cycles
0,71490
page_index,time_cycles
0,95050
page_index,time_cycles
0,108920
page_index,time_cycles
0,71500
page_index,time_cycles
0,70646
page_index,time_cycles
0,78614
page_index,time_cycles
0,70814
page_index,time_cycles
0,66138
page_index,time_cycles
0,67326
page_index,time_cycles
0,70584
page_index,time_cycles
0,64566
page_index,time_cycles
0,68172
page_index,time_cycles
0,72890
page_index,time_cycles
0,77770
page_index,time_cycles
0,81018
page_index,time_cycles
0,274800
page_index,time_cycles
0,77570
page_index,time_cycles
0,78244
page_index,time_cycles
0,78402
page_index,time_cycles
0,65788
page_index,time_cycles
0,71168
page_index,time_cycles
0,65186
page_index,time_cycles
0,72206
page_index,time_cycles
0,79864
page_index,time_cycles
0,76290
page_index,time_cycles
0,68014
page_index,time_cycles
0,65906
page_index,time_cycles
0,71088
page_index,time_cycles
0,98982
page_index,time_cycles
0,64346
page_index,time_cycles
0,65062
page_index,time_cycles
0,63698
page_index,time_cycles
0,67168
page_index,time_cycles
0,144216
page_index,time_cycles
0,66856
page_index,time_cycles
0,69112
page_index,time_cycles
0,64908
page_index,time_cycles
0,68788
page_index,time_cycles
0,70606
page_index,time_cycles
0,69606
page_index,time_cycles
0,75050
page_index,time_cycles
0,87460
page_index,time_cycles
0,74644
page_index,time_cycles
0,64522
page_index,time_cycles
0,70536
page_index,time_cycles
0,73226
page_index,time_cycles
0,66556
page_index,time_cycles
0,70212
page_index,time_cycles
0,66700
page_index,time_cycles
0,66844
page_index,time_cycles
0,68754
page_index,time_cycles
0,71342
page_index,time_cycles
0,66192
page_index,time_cycles
0,96832
page_index,time_cycles
0,97160
page_index,time_cycles
0,72978
page_index,time_cycles
0,82248
page_index,time_cycles
0,67064
page_index,time_cycles
0,66870
page_index,time_cycles
0,77162
page_index,time_cycles
0,70230
page_index,time_cycles
0,77598
page_index,time_cycles
0,67776
page_index,time_cycles
0,120988
page_index,time_cycles
0,93348
page_index,time_cycles
0,67172
page_index,time_cycles
0,68984
page_index,time_cycles
0,62042
page_index,time_cycles
0,65898
page_index,time_cycles
0,65236
page_index,time_cycles
0,68284
page_index,time_cycles
0,77754
page_index,time_cycles
0,62522
page_index,time_cycles
0,70520
page_index,time_cycles
0,70064
page_index,time_cycles
0,66504
page_index,time_cycles
0,65480
page_index,time_cycles
0,67732
page_index,time_cycles
0,66978
page_index,time_cycles
0,78960
page_index,time_cycles
0,96150
page_index,time_cycles
0,67834
page_index,time_cycles
0,83770
page_index,time_cycles
0,71230
page_index,time_cycles
0,65742
page_index,time_cycles
0,67320
page_index,time_cycles
0,79470
page_index,time_cycles
0,68210
page_index,time_cycles
0,65306
page_index,time_cycles
0,68454
page_index,time_cycles
0,70564
page_index,time_cycles
0,72946
page_index,time_cycles
0,69442
page_index,time_cycles
0,112826
page_index,time_cycles
0,65168
page_index,time_cycles
0,70138
page_index,time_cycles
0,68390
page_index,time_cycles
0,69914
page_index,time_cycles
0,65978
page_index,time_cycles
0,65948
page_index,time_cycles
0,71816
page_index,time_cycles
0,68118
page_index,time_cycles
0,83546
page_index,time_cycles
0,66448
page_index,time_cycles
0,71102
page_index,time_cycles
0,67822
page_index,time_cycles
0,123934
page_index,time_cycles
0,64192
page_index,time_cycles
0,64118
page_index,time_cycles
0,66436
page_index,time_cycles
0,76262
page_index,time_cycles
0,101828
page_index,time_cycles
0,65462
page_index,time_cycles
0,72786
page_index,time_cycles
0,68552
page_index,time_cycles
0,66664
page_index,time_cycles
0,104732
page_index,time_cycles
0,66690
page_index,time_cycles
0,73948
page_index,time_cycles
0,71752
page_index,time_cycles
0,65044
page_index,time_cycles
0,66358
page_index,time_cycles
0,68242
page_index,time_cycles
0,224886
page_index,time_cycles
0,89916
page_index,time_cycles
0,75688
page_index,time_cycles
0,62786
page_index,time_cycles
0,71094
page_index,time_cycles
0,72742
page_index,time_cycles
0,64508
page_index,time_cycles
0,68414
page_index,time_cycles
0,65086
page_index,time_cycles
0,64816
page_index,time_cycles
0,70540
page_index,time_cycles
0,66830
page_index,time_cycles
0,69130
page_index,time_cycles
0,64734
page_index,time_cycles
0,71692
page_index,time_cycles
0,64332
page_index,time_cycles
0,70962
page_index,time_cycles
0,94284
page_index,time_cycles
0,78392
page_index,time_cycles
0,66470
page_index,time_cycles
0,67058
page_index,time_cycles
0,71872
page_index,time_cycles
0,68532
page_index,time_cycles
0,71584
page_index,time_cycles
0,99648
page_index,time_cycles
0,66640
page_index,time_cycles
0,70912
page_index,time_cycles
0,100072
page_index,time_cycles
0,69964
page_index,time_cycles
0,76362
page_index,time_cycles
0,70144
page_index,time_cycles
0,68344
page_index,time_cycles
0,64224
page_index,time_cycles
0,79800
page_index,time_cycles
0,67414
page_index,time_cycles
0,64582
page_index,time_cycles
0,72938
page_index,time_cycles
0,66196
page_index,time_cycles
0,68846
page_index,time_cycles
0,72208
page_index,time_cycles
0,71864
page_index,time_cycles
0,65040
page_index,time_cycles
0,90286
page_index,time_cycles
0,107646
page_index,time_cycles
0,67204
page_index,time_cycles
0,61920
page_index,time_cycles
0,67984
page_index,time_cycles
0,69988
page_index,time_cycles
0,65562
page_index,time_cycles
0,64738
page_index,time_cycles
0,71768
page_index,time_cycles
0,69174
page_index,time_cycles
0,66340
page_index,time_cycles
0,71444
page_index,time_cycles
0,69680
page_index,time_cycles
0,66218
page_index,time_cycles
0,64162
page_index,time_cycles
0,76126
page_index,time_cycles
0,68888
page_index,time_cycles
0,65998
page_index,time_cycles
0,70590
page_index,time_cycles
0,64736
page_index,time_cycles
0,71488
page_index,time_cycles
0,69490
page_index,time_cycles
0,73430
page_index,time_cycles
0,70322
page_index,time_cycles
0,67314
page_index,time_cycles
0,67792
page_index,time_cycles
0,70142
page_index,time_cycles
0,66010
page_index,time_cycles
0,77634
page_index,time_cycles
0,92580
page_index,time_cycles
0,66170
page_index,time_cycles
0,64222
page_index,time_cycles
0,66814
page_index,time_cycles
0,68026
page_index,time_cycles
0,71176
page_index,time_cycles
0,67180
page_index,time_cycles
0,65592
page_index,time_cycles
0,77424
page_index,time_cycles
0,72460
page_index,time_cycles
0,67192
page_index,time_cycles
0,65738
page_index,time_cycles
0,64920
page_index,time_cycles
0,63792
page_index,time_cycles
0,70988
page_index,time_cycles
0,75092
page_index,time_cycles
0,71068
page_index,time_cycles
0,77954
page_index,time_cycles
0,92744
page_index,time_cycles
0,72604
page_index,time_cycles
0,72982
page_index,time_cycles
0,69572
page_index,time_cycles
0,65900
page_index,time_cycles
0,70254
page_index,time_cycles
0,68988
page_index,time_cycles
0,66156
page_index,time_cycles
0,65006
page_index,time_cycles
0,74064
page_index,time_cycles
0,64310
page_index,time_cycles
0,70362
page_index,time_cycles
0,66046
page_index,time_cycles
0,122776
page_index,time_cycles
0,64534
page_index,time_cycles
0,66090
page_index,time_cycles
0,64400
page_index,time_cycles
0,68916
page_index,time_cycles
0,66400
page_index,time_cycles
0,69652
page_index,time_cycles
0,64100
page_index,time_cycles
0,66088
page_index,time_cycles
0,102876
page_index,time_cycles
0,67970
page_index,time_cycles
0,63706
page_index,time_cycles
0,65242
page_index,time_cycles
0,64942
page_index,time_cycles
0,65152
page_index,time_cycles
0,71134
page_index,time_cycles
0,65194
page_index,time_cycles
0,85716
page_index,time_cycles
0,64806
page_index,time_cycles
0,69452
page_index,time_cycles
0,65920
page_index,time_cycles
0,64928
page_index,time_cycles
0,64572
page_index,time_cycles
0,162286
page_index,time_cycles
0,67196
page_index,time_cycles
0,67482
page_index,time_cycles
0,75596
page_index,time_cycles
0,72294
page_index,time_cycles
0,64550
page_index,time_cycles
0,67544
page_index,time_cycles
0,64492
page_index,time_cycles
0,72162
page_index,time_cycles
0,67624
page_index,time_cycles
0,73832
page_index,time_cycles
0,70008
page_index,time_cycles
0,92408
page_index,time_cycles
0,67390
page_index,time_cycles
0,88798
page_index,time_cycles
0,101928
page_index,time_cycles
0,74428
page_index,time_cycles
0,72484
page_index,time_cycles
0,72318
page_index,time_cycles
0,67336
page_index,time_cycles
0,67698
page_index,time_cycles
0,69714
page_index,time_cycles
0,70560
page_index,time_cycles
0,69350
page_index,time_cycles
0,104684
page_index,time_cycles
0,64430
page_index,time_cycles
0,67706
page_index,time_cycles
0,69346
page_index,time_cycles
0,72656
page_index,time_cycles
0,66072
page_index,time_cycles
0,63934
page_index,time_cycles
0,92250
page_index,time_cycles
0,72386
page_index,time_cycles
0,73348
page_index,time_cycles
0,63346
page_index,time_cycles
0,64328
page_index,time_cycles
0,66592
page_index,time_cycles
0,67490
page_index,time_cycles
0,68534
page_index,time_cycles
0,64244
page_index,time_cycles
0,78946
page_index,time_cycles
0,72386
page_index,time_cycles
0,65156
page_index,time_cycles
0,63042
page_index,time_cycles
0,71736
page_index,time_cycles
0,64894
page_index,time_cycles
0,66436
page_index,time_cycles
0,105504
page_index,time_cycles
0,64158
page_index,time_cycles
0,80684
page_index,time_cycles
0,66372
page_index,time_cycles
0,67772
page_index,time_cycles
0,65480
page_index,time_cycles
0,61846
page_index,time_cycles
0,70180
page_index,time_cycles
0,67682
page_index,time_cycles
0,88438
page_index,time_cycles
0,79342
page_index,time_cycles
0,91942
page_index,time_cycles
0,68134
page_index,time_cycles
0,71428
page_index,time_cycles
0,70906
page_index,time_cycles
0,65376
page_index,time_cycles
0,69062
page_index,time_cycles
0,75112
page_index,time_cycles
0,69516
page_index,time_cycles
0,70346
page_index,time_cycles
0,67304
page_index,time_cycles
0,68162
page_index,time_cycles
0,64444
page_index,time_cycles
0,67186
page_index,time_cycles
0,66450
page_index,time_cycles
0,67812
page_index,time_cycles
0,80242
page_index,time_cycles
0,67182
page_index,time_cycles
0,71802
page_index,time_cycles
0,99874
page_index,time_cycles
0,75636
page_index,time_cycles
0,72436
page_index,time_cycles
0,68828
page_index,time_cycles
0,66894
page_index,time_cycles
0,71104
page_index,time_cycles
0,64300
page_index,time_cycles
0,67892
page_index,time_cycles
0,70722
page_index,time_cycles
0,70866
page_index,time_cycles
0,67608
page_index,time_cycles
0,66168
page_index,time_cycles
0,69828
page_index,time_cycles
0,68700
page_index,time_cycles
0,70132
page_index,time_cycles
0,81508
page_index,time_cycles
0,69946
page_index,time_cycles
0,77816
page_index,time_cycles
0,65426
page_index,time_cycles
0,64782
page_index,time_cycles
0,75524
page_index,time_cycles
0,65676
page_index,time_cycles
0,77098
page_index,time_cycles
0,70476
page_index,time_cycles
0,70430
page_index,time_cycles
0,63420
page_index,time_cycles
0,63758
page_index,time_cycles
0,89810
page_index,time_cycles
0,64724
page_index,time_cycles
0,65644
page_index,time_cycles
0,112864
page_index,time_cycles
0,76390
page_index,time_cycles
0,67226
page_index,time_cycles
0,68760
page_index,time_cycles
0,77462
page_index,time_cycles
0,95596
page_index,time_cycles
0,64290
page_index,time_cycles
0,63986
page_index,time_cycles
0,66692
page_index,time_cycles
0,67192
page_index,time_cycles
0,128160
page_index,time_cycles
0,66554
page_index,time_cycles
0,66766
page_index,time_cycles
0,68748
page_index,time_cycles
0,69216
page_index,time_cycles
0,68822
page_index,time_cycles
0,75884
page_index,time_cycles
0,64932
page_index,time_cycles
0,70894
page_index,time_cycles
0,71138
page_index,time_cycles
0,70390
page_index,time_cycles
0,66348
page_index,time_cycles
0,69104
page_index,time_cycles
0,70138
page_index,time_cycles
0,68428
page_index,time_cycles
0,69384
page_index,time_cycles
0,90650
page_index,time_cycles
0,72480
page_index,time_cycles
0,86554
page_index,time_cycles
0,67070
page_index,time_cycles
0,74778
page_index,time_cycles
0,67386
page_index,time_cycles
0,71454
page_index,time_cycles
0,75984
page_index,time_cycles
0,65654
page_index,time_cycles
0,66110
page_index,time_cycles
0,77170
page_index,time_cycles
0,76684
page_index,time_cycles
0,139580
page_index,time_cycles
0,69184
page_index,time_cycles
0,66960
page_index,time_cycles
0,131562
page_index,time_cycles
0,66000
page_index,time_cycles
0,64160
page_index,time_cycles
0,65238
page_index,time_cycles
0,68776
page_index,time_cycles
0,66612
page_index,time_cycles
0,67336
page_index,time_cycles
0,72546
page_index,time_cycles
0,67162
page_index,time_cycles
0,76922
page_index,time_cycles
0,68402
page_index,time_cycles
0,86392
page_index,time_cycles
0,67710
page_index,time_cycles
0,73242
page_index,time_cycles
0,69516
page_index,time_cycles
0,94964
page_index,time_cycles
0,66076
page_index,time_cycles
0,64708
page_index,time_cycles
0,71738
page_index,time_cycles
0,77794
page_index,time_cycles
0,73482
page_index,time_cycles
0,123062
page_index,time_cycles
0,69788
page_index,time_cycles
0,68872
page_index,time_cycles
0,68166
page_index,time_cycles
0,72130
page_index,time_cycles
0,69028
page_index,time_cycles
0,68538
page_index,time_cycles
0,69668
page_index,time_cycles
0,64282
page_index,time_cycles
0,197534
page_index,time_cycles
0,76806
page_index,time_cycles
0,68900
page_index,time_cycles
0,70414
page_index,time_cycles
0,65342
page_index,time_cycles
0,71418
page_index,time_cycles
0,70658
page_index,time_cycles
0,138698
page_index,time_cycles
0,75242
page_index,time_cycles
0,76930
page_index,time_cycles
0,67010
page_index,time_cycles
0,65712
page_index,time_cycles
0,70950
page_index,time_cycles
0,76630
page_index,time_cycles
0,65450
page_index,time_cycles
0,70494
page_index,time_cycles
0,70304
page_index,time_cycles
0,72800
page_index,time_cycles
0,104470
page_index,time_cycles
0,75028
page_index,time_cycles
0,64894
page_index,time_cycles
0,70610
page_index,time_cycles
0,71030
page_index,time_cycles
0,68714
page_index,time_cycles
0,71766
page_index,time_cycles
0,68806
page_index,time_cycles
0,64484
page_index,time_cycles
0,66852
page_index,time_cycles
0,72524
page_index,time_cycles
0,64300
page_index,time_cycles
0,71304
page_index,time_cycles
0,66006
page_index,time_cycles
0,64954
page_index,time_cycles
0,101888
page_index,time_cycles
0,94620
page_index,time_cycles
0,64492
page_index,time_cycles
0,69998
page_index,time_cycles
0,63976
page_index,time_cycles
0,71032
page_index,time_cycles
0,71434
page_index,time_cycles
0,72388
page_index,time_cycles
0,84824
page_index,time_cycles
0,79640
page_index,time_cycles
0,67458
page_index,time_cycles
0,69236
page_index,time_cycles
0,69008
page_index,time_cycles
0,81946
page_index,time_cycles
0,69286
page_index,time_cycles
0,66234
page_index,time_cycles
0,66252
page_index,time_cycles
0,67568
page_index,time_cycles
0,109980
page_index,time_cycles
0,64212
page_index,time_cycles
0,72904
page_index,time_cycles
0,67190
page_index,time_cycles
0,65890
page_index,time_cycles
0,68166
page_index,time_cycles
0,69632
page_index,time_cycles
0,66968
page_index,time_cycles
0,66732
page_index,time_cycles
0,68608
page_index,time_cycles
0,66230
page_index,time_cycles
0,65884
page_index,time_cycles
0,67338
page_index,time_cycles
0,70022
page_index,time_cycles
0,75086
page_index,time_cycles
0,64598
page_index,time_cycles
0,70404
page_index,time_cycles
0,68744
page_index,time_cycles
0,66512
page_index,time_cycles
0,78126
page_index,time_cycles
0,104344
page_index,time_cycles
0,64426
page_index,time_cycles
0,75362
page_index,time_cycles
0,67718
page_index,time_cycles
0,66838
page_index,time_cycles
0,68100
page_index,time_cycles
0,65208
page_index,time_cycles
0,69346
page_index,time_cycles
0,69386
page_index,time_cycles
0,65920
page_index,time_cycles
0,63902
page_index,time_cycles
0,64404
page_index,time_cycles
0,72746
page_index,time_cycles
0,64146
page_index,time_cycles
0,71468
page_index,time_cycles
0,69092
page_index,time_cycles
0,161048
page_index,time_cycles
0,68284
page_index,time_cycles
0,64944
page_index,time_cycles
0,66376
page_index,time_cycles
0,109098
page_index,time_cycles
0,63108
page_index,time_cycles
0,85818
page_index,time_cycles
0,66552
page_index,time_cycles
0,66612
page_index,time_cycles
0,73124
page_index,time_cycles
0,79060
page_index,time_cycles
0,64912
page_index,time_cycles
0,72694
page_index,time_cycles
0,64564
page_index,time_cycles
0,70558
page_index,time_cycles
0,73418
page_index,time_cycles
0,65452
page_index,time_cycles
0,69724
page_index,time_cycles
0,71026
page_index,time_cycles
0,70666
page_index,time_cycles
0,73068
page_index,time_cycles
0,70594
page_index,time_cycles
0,71192
page_index,time_cycles
0,70508
page_index,time_cycles
0,68144
page_index,time_cycles
0,71130
page_index,time_cycles
0,64804
page_index,time_cycles
0,64654
page_index,time_cycles
0,77206
page_index,time_cycles
0,64572
page_index,time_cycles
0,71282
page_index,time_cycles
0,68352
page_index,time_cycles
0,70370
page_index,time_cycles
0,88510
page_index,time_cycles
0,96976
page_index,time_cycles
0,67922
page_index,time_cycles
0,67052
page_index,time_cycles
0,65148
page_index,time_cycles
0,110378
page_index,time_cycles
0,68882
page_index,time_cycles
0,77426
page_index,time_cycles
0,68798
page_index,time_cycles
0,105446
page_index,time_cycles
0,74766
page_index,time_cycles
0,67044
page_index,time_cycles
0,65588
page_index,time_cycles
0,72454
page_index,time_cycles
0,64084
page_index,time_cycles
0,66158
page_index,time_cycles
0,68154
page_index,time_cycles
0,67640
page_index,time_cycles
0,74744
page_index,time_cycles
0,64478
page_index,time_cycles
0,66430
page_index,time_cycles
0,66142
page_index,time_cycles
0,77732
page_index,time_cycles
0,78642
page_index,time_cycles
0,70076
page_index,time_cycles
0,66670
page_index,time_cycles
0,65260
page_index,time_cycles
0,67742
page_index,time_cycles
0,66432
page_index,time_cycles
0,72700
page_index,time_cycles
0,61608
page_index,time_cycles
0,66134
page_index,time_cycles
0,70478
page_index,time_cycles
0,113194
page_index,time_cycles
0,66556
page_index,time_cycles
0,71278
page_index,time_cycles
0,67970
page_index,time_cycles
0,88004
page_index,time_cycles
0,65132
page_index,time_cycles
0,64976
page_index,time_cycles
0,67654
page_index,time_cycles
0,70604
page_index,time_cycles
0,66766
page_index,time_cycles
0,73790
page_index,time_cycles
0,65204
page_index,time_cycles
0,68664
page_index,time_cycles
0,64952
page_index,time_cycles
0,121074
page_index,time_cycles
0,65256
page_index,time_cycles
0,68394
page_index,time_cycles
0,68078
page_index,time_cycles
0,65370
page_index,time_cycles
0,65902
page_index,time_cycles
0,67108
page_index,time_cycles
0,76256
page_index,time_cycles
0,75076
page_index,time_cycles
0,67052
page_index,time_cycles
0,67534
page_index,time_cycles
0,65808
page_index,time_cycles
0,69988
page_index,time_cycles
0,69048
page_index,time_cycles
0,76528
page_index,time_cycles
0,129464
page_index,time_cycles
0,64924
page_index,time_cycles
0,66494
page_index,time_cycles
0,61742
page_index,time_cycles
0,96714
page_index,time_cycles
0,68762
page_index,time_cycles
0,66448
page_index,time_cycles
0,67158
page_index,time_cycles
0,72940
page_index,time_cycles
0,68980
page_index,time_cycles
0,71286
page_index,time_cycles
0,72486
page_index,time_cycles
0,1142928
page_index,time_cycles
0,70464
page_index,time_cycles
0,74780
page_index,time_cycles
0,70098
page_index,time_cycles
0,65372
page_index,time_cycles
0,65272
page_index,time_cycles
0,65460
page_index,time_cycles
0,66294
page_index,time_cycles
0,66266
page_index,time_cycles
0,66754
page_index,time_cycles
0,66108
page_index,time_cycles
0,68062
page_index,time_cycles
0,69092
page_index,time_cycles
0,75154
page_index,time_cycles
0,65302
page_index,time_cycles
0,71258
page_index,time_cycles
0,453650
page_index,time_cycles
0,69098
page_index,time_cycles
0,105068
page_index,time_cycles
0,65518
page_index,time_cycles
0,68586
page_index,time_cycles
0,70630
page_index,time_cycles
0,70340
page_index,time_cycles
0,67338
page_index,time_cycles
0,78126
page_index,time_cycles
0,70562
page_index,time_cycles
0,64854
page_index,time_cycles
0,70362
page_index,time_cycles
0,64620
page_index,time_cycles
0,74940
page_index,time_cycles
0,65926
page_index,time_cycles
0,69320
page_index,time_cycles
0,76590
page_index,time_cycles
0,84506
page_index,time_cycles
0,65432
page_index,time_cycles
0,66206
page_index,time_cycles
0,85084
page_index,time_cycles
0,71074
page_index,time_cycles
0,66978
page_index,time_cycles
0,67338
page_index,time_cycles
0,69840
page_index,time_cycles
0,82658
page_index,time_cycles
0,106454
page_index,time_cycles
0,69458
page_index,time_cycles
0,63442
page_index,time_cycles
0,75644
page_index,time_cycles
0,78192
page_index,time_cycles
0,66294
page_index,time_cycles
0,66072
page_index,time_cycles
0,67936
page_index,time_cycles
0,69420
page_index,time_cycles
0,69360
page_index,time_cycles
0,67456
page_index,time_cycles
0,67208
page_index,time_cycles
0,72168
page_index,time_cycles
0,69230
page_index,time_cycles
0,76964
page_index,time_cycles
0,65940
page_index,time_cycles
0,71650
page_index,time_cycles
0,66512
page_index,time_cycles
0,66322
page_index,time_cycles
0,66978
page_index,time_cycles
0,66564
page_index,time_cycles
0,66324
page_index,time_cycles
0,62960
page_index,time_cycles
0,67228
page_index,time_cycles
0,65834
page_index,time_cycles
0,67344
page_index,time_cycles
0,65102
page_index,time_cycles
0,71874
page_index,time_cycles
0,70108
page_index,time_cycles
0,67140
page_index,time_cycles
0,76990
page_index,time_cycles
0,66758
page_index,time_cycles
0,65488
page_index,time_cycles
0,66028
page_index,time_cycles
0,64314
page_index,time_cycles
0,70894
page_index,time_cycles
0,66274
page_index,time_cycles
0,70796
page_index,time_cycles
0,97416
page_index,time_cycles
0,63492
page_index,time_cycles
0,85972
page_index,time_cycles
0,66044
page_index,time_cycles
0,68474
page_index,time_cycles
0,77668
page_index,time_cycles
0,73390
page_index,time_cycles
0,68718
page_index,time_cycles
0,71350
page_index,time_cycles
0,68200
page_index,time_cycles
0,70250
page_index,time_cycles
0,124046
page_index,time_cycles
0,65048
page_index,time_cycles
0,67102
page_index,time_cycles
0,65074
page_index,time_cycles
0,74024
page_index,time_cycles
0,71152
page_index,time_cycles
0,75508
page_index,time_cycles
0,106182
page_index,time_cycles
0,67568
page_index,time_cycles
0,76332
page_index,time_cycles
0,65696
page_index,time_cycles
0,70932
page_index,time_cycles
0,75682
page_index,time_cycles
0,64986
page_index,time_cycles
0,74664
page_index,time_cycles
0,65726
page_index,time_cycles
0,69074
page_index,time_cycles
0,74532
page_index,time_cycles
0,66672
page_index,time_cycles
0,69470
page_index,time_cycles
0,64582
page_index,time_cycles
0,66476
page_index,time_cycles
0,65238
page_index,time_cycles
0,67668
page_index,time_cycles
0,69796
page_index,time_cycles
0,59818
page_index,time_cycles
0,62960
page_index,time_cycles
0,66856
page_index,time_cycles
0,70782
page_index,time_cycles
0,61884
page_index,time_cycles
0,67422
page_index,time_cycles
0,66310
page_index,time_cycles
0,100130
page_index,time_cycles
0,67368
page_index,time_cycles
0,77508
page_index,time_cycles
0,65770
page_index,time_cycles
0,63538
page_index,time_cycles
0,71100
page_index,time_cycles
0,65360
page_index,time_cycles
0,74648
page_index,time_cycles
0,68236
page_index,time_cycles
0,75676
page_index,time_cycles
0,76234
page_index,time_cycles
0,73580
page_index,time_cycles
0,62578
page_index,time_cycles
0,69248
page_index,time_cycles
0,102578
page_index,time_cycles
0,70404
page_index,time_cycles
0,71480
page_index,time_cycles
0,62770
page_index,time_cycles
0,124824
page_index,time_cycles
0,73314
page_index,time_cycles
0,69624
page_index,time_cycles
0,63180
page_index,time_cycles
0,78040
page_index,time_cycles
0,71910
page_index,time_cycles
0,69066
page_index,time_cycles
0,68128
page_index,time_cycles
0,72300
page_index,time_cycles
0,68088
page_index,time_cycles
0,75040
page_index,time_cycles
0,66974
page_index,time_cycles
0,77720
page_index,time_cycles
0,63660
page_index,time_cycles
0,75914
page_index,time_cycles
0,65722
page_index,time_cycles
0,72664
page_index,time_cycles
0,65810
page_index,time_cycles
0,68166
page_index,time_cycles
0,69606
page_index,time_cycles
0,66750
page_index,time_cycles
0,72222
page_index,time_cycles
0,86476
page_index,time_cycles
0,70364
page_index,time_cycles
0,70706
page_index,time_cycles
0,68060
page_index,time_cycles
0,68924
page_index,time_cycles
0,64158
page_index,time_cycles
0,87318
page_index,time_cycles
0,67034
page_index,time_cycles
0,65790
page_index,time_cycles
0,69072
page_index,time_cycles
0,68084
page_index,time_cycles
0,66648
page_index,time_cycles
0,71592
page_index,time_cycles
0,65828
page_index,time_cycles
0,65134
page_index,time_cycles
0,68244
page_index,time_cycles
0,66922
page_index,time_cycles
0,67892
page_index,time_cycles
0,101112
page_index,time_cycles
0,70748
page_index,time_cycles
0,71338
page_index,time_cycles
0,65482
page_index,time_cycles
0,97064
page_index,time_cycles
0,77730
page_index,time_cycles
0,77798
page_index,time_cycles
0,79602
page_index,time_cycles
0,98810
page_index,time_cycles
0,68476
page_index,time_cycles
0,65924
page_index,time_cycles
0,66568
page_index,time_cycles
0,64286
page_index,time_cycles
0,99774
page_index,time_cycles
0,67946
page_index,time_cycles
0,67388
page_index,time_cycles
0,71810
page_index,time_cycles
0,69766
page_index,time_cycles
0,65560
page_index,time_cycles
0,71288
page_index,time_cycles
0,119006
page_index,time_cycles
0,66404
page_index,time_cycles
0,68620
page_index,time_cycles
0,73448
page_index,time_cycles
0,133234
page_index,time_cycles
0,75414
page_index,time_cycles
0,68054
page_index,time_cycles
0,86420
page_index,time_cycles
0,67394
page_index,time_cycles
0,63296
page_index,time_cycles
0,68770
page_index,time_cycles
0,64402
page_index,time_cycles
0,93564
page_index,time_cycles
0,64352
page_index,time_cycles
0,65928
page_index,time_cycles
0,96004
page_index,time_cycles
0,70342
page_index,time_cycles
0,70850
page_index,time_cycles
0,80884
page_index,time_cycles
0,69202
page_index,time_cycles
0,66888
page_index,time_cycles
0,67124
page_index,time_cycles
0,77110
page_index,time_cycles
0,68444
page_index,time_cycles
0,72720
page_index,time_cycles
0,77730
page_index,time_cycles
0,71862
page_index,time_cycles
0,73142
page_index,time_cycles
0,67734
page_index,time_cycles
0,69678
page_index,time_cycles
0,70558
page_index,time_cycles
0,70098
page_index,time_cycles
0,70932
page_index,time_cycles
0,66690
page_index,time_cycles
0,68194
page_index,time_cycles
0,69318
page_index,time_cycles
0,66998
page_index,time_cycles
0,132324
page_index,time_cycles
0,64268
page_index,time_cycles
0,65794
page_index,time_cycles
0,71734
page_index,time_cycles
0,76850
page_index,time_cycles
0,68070
page_index,time_cycles
0,65162
page_index,time_cycles
0,77952
page_index,time_cycles
0,66786
page_index,time_cycles
0,79944
page_index,time_cycles
0,64472
page_index,time_cycles
0,67470
page_index,time_cycles
0,68698
page_index,time_cycles
0,65804
page_index,time_cycles
0,67408
page_index,time_cycles
0,73004
page_index,time_cycles
0,67008
page_index,time_cycles
0,67218
page_index,time_cycles
0,72044
page_index,time_cycles
0,63440
page_index,time_cycles
0,70192
page_index,time_cycles
0,63074
page_index,time_cycles
0,68428
page_index,time_cycles
0,76812
page_index,time_cycles
0,71582
page_index,time_cycles
0,70498
page_index,time_cycles
0,73894
page_index,time_cycles
0,72768
page_index,time_cycles
0,65356
page_index,time_cycles
0,68756
page_index,time_cycles
0,77774
page_index,time_cycles
0,67420
page_index,time_cycles
0,65396
page_index,time_cycles
0,68224
page_index,time_cycles
0,64544
page_index,time_cycles
0,72570
page_index,time_cycles
0,66128
page_index,time_cycles
0,68736
page_index,time_cycles
0,78966
page_index,time_cycles
0,65846
page_index,time_cycles
0,71994
page_index,time_cycles
0,71088
page_index,time_cycles
0,65714
page_index,time_cycles
0,153668
page_index,time_cycles
0,66894
page_index,time_cycles
0,68896
page_index,time_cycles
0,64988
page_index,time_cycles
0,86986
page_index,time_cycles
0,72562
page_index,time_cycles
0,64038
page_index,time_cycles
0,66480
page_index,time_cycles
0,70252
page_index,time_cycles
0,68474
page_index,time_cycles
0,64582
page_index,time_cycles
0,68008
page_index,time_cycles
0,64786
page_index,time_cycles
0,70386
page_index,time_cycles
0,68734
page_index,time_cycles
0,71134
page_index,time_cycles
0,77972
page_index,time_cycles
0,60964
page_index,time_cycles
0,66394
page_index,time_cycles
0,109856
page_index,time_cycles
0,73122
page_index,time_cycles
0,140504
page_index,time_cycles
0,67824
page_index,time_cycles
0,72976
page_index,time_cycles
0,70810
page_index,time_cycles
0,67414
page_index,time_cycles
0,67772
page_index,time_cycles
0,84200
page_index,time_cycles
0,75622
page_index,time_cycles
0,79230
page_index,time_cycles
0,64946
page_index,time_cycles
0,67282
page_index,time_cycles
0,68204
page_index,time_cycles
0,75792
page_index,time_cycles
0,66868
page_index,time_cycles
0,63816
page_index,time_cycles
0,69690
page_index,time_cycles
0,65488
page_index,time_cycles
0,91680
page_index,time_cycles
0,67770
page_index,time_cycles
0,75848
page_index,time_cycles
0,71282
page_index,time_cycles
0,63070
page_index,time_cycles
0,66584
page_index,time_cycles
0,72344
page_index,time_cycles
0,79276
page_index,time_cycles
0,70346
page_index,time_cycles
0,65600
page_index,time_cycles
0,70054
page_index,time_cycles
0,72254
page_index,time_cycles
0,66336
page_index,time_cycles
0,66496
page_index,time_cycles
0,65422
page_index,time_cycles
0,69560
page_index,time_cycles
0,65452
page_index,time_cycles
0,77500
page_index,time_cycles
0,69308
page_index,time_cycles
0,65012
page_index,time_cycles
0,68800
page_index,time_cycles
0,69898
page_index,time_cycles
0,72340
page_index,time_cycles
0,66018
page_index,time_cycles
0,78464
page_index,time_cycles
0,77266
page_index,time_cycles
0,104654
page_index,time_cycles
0,66892
page_index,time_cycles
0,69308
page_index,time_cycles
0,71330
page_index,time_cycles
0,71660
page_index,time_cycles
0,67164
page_index,time_cycles
0,71928
page_index,time_cycles
0,71536
page_index,time_cycles
0,68202
page_index,time_cycles
0,66112
page_index,time_cycles
0,63958
page_index,time_cycles
0,71702
page_index,time_cycles
0,69246
page_index,time_cycles
0,65446
page_index,time_cycles
0,102868
page_index,time_cycles
0,79044
page_index,time_cycles
0,66564
page_index,time_cycles
0,70290
page_index,time_cycles
0,67934
page_index,time_cycles
0,93152
page_index,time_cycles
0,67386
page_index,time_cycles
0,70910
page_index,time_cycles
0,67096
page_index,time_cycles
0,83442
page_index,time_cycles
0,67750
page_index,time_cycles
0,69790
page_index,time_cycles
0,66930
page_index,time_cycles
0,74398
page_index,time_cycles
0,75834
page_index,time_cycles
0,102110
page_index,time_cycles
0,64090
page_index,time_cycles
0,72008
page_index,time_cycles
0,68524
page_index,time_cycles
0,107916
page_index,time_cycles
0,92926
page_index,time_cycles
0,103920
page_index,time_cycles
0,70390
page_index,time_cycles
0,70254
page_index,time_cycles
0,65756
page_index,time_cycles
0,70850
page_index,time_cycles
0,70400
page_index,time_cycles
0,66432
page_index,time_cycles
0,89670
page_index,time_cycles
0,65830
page_index,time_cycles
0,64204
page_index,time_cycles
0,76972
page_index,time_cycles
0,69832
page_index,time_cycles
0,66298
page_index,time_cycles
0,77514
page_index,time_cycles
0,67736
page_index,time_cycles
0,65760
page_index,time_cycles
0,65446
page_index,time_cycles
0,69032
page_index,time_cycles
0,73966
page_index,time_cycles
0,68286
page_index,time_cycles
0,71458
page_index,time_cycles
0,73270
page_index,time_cycles
0,71952
page_index,time_cycles
0,68908
page_index,time_cycles
0,73200
page_index,time_cycles
0,75654
page_index,time_cycles
0,68688
page_index,time_cycles
0,65512
page_index,time_cycles
0,64592
page_index,time_cycles
0,76968
page_index,time_cycles
0,74062
page_index,time_cycles
0,77642
page_index,time_cycles
0,89882
page_index,time_cycles
0,64892
page_index,time_cycles
0,147246
page_index,time_cycles
0,67778
page_index,time_cycles
0,78904
page_index,time_cycles
0,69926
page_index,time_cycles
0,64590
page_index,time_cycles
0,66078
page_index,time_cycles
0,72378
page_index,time_cycles
0,64310
page_index,time_cycles
0,72272
page_index,time_cycles
0,104894
page_index,time_cycles
0,77498
page_index,time_cycles
0,68176
page_index,time_cycles
0,65276
page_index,time_cycles
0,69274
page_index,time_cycles
0,127416
page_index,time_cycles
0,64096
page_index,time_cycles
0,81948
page_index,time_cycles
0,70144
page_index,time_cycles
0,70652
page_index,time_cycles
0,69648
page_index,time_cycles
0,73104
page_index,time_cycles
0,63642
page_index,time_cycles
0,77832
page_index,time_cycles
0,75990
page_index,time_cycles
0,65822
page_index,time_cycles
0,66490
page_index,time_cycles
0,95342
page_index,time_cycles
0,80560
page_index,time_cycles
0,72286
page_index,time_cycles
0,65662
page_index,time_cycles
0,65852
page_index,time_cycles
0,67024
page_index,time_cycles
0,67310
page_index,time_cycles
0,64264
page_index,time_cycles
0,65442
page_index,time_cycles
0,68200
page_index,time_cycles
0,72188
page_index,time_cycles
0,71362
page_index,time_cycles
0,65868
page_index,time_cycles
0,75522
page_index,time_cycles
0,67012
page_index,time_cycles
0,71242
page_index,time_cycles
0,65284
page_index,time_cycles
0,67540
page_index,time_cycles
0,69194
page_index,time_cycles
0,68730
page_index,time_cycles
0,68974
page_index,time_cycles
0,68640
page_index,time_cycles
0,64056
page_index,time_cycles
0,66268
page_index,time_cycles
0,83836
page_index,time_cycles
0,110644
page_index,time_cycles
0,67062
page_index,time_cycles
0,131118
page_index,time_cycles
0,70514
page_index,time_cycles
0,71602
page_index,time_cycles
0,74328
page_index,time_cycles
0,85568
page_index,time_cycles
0,66718
page_index,time_cycles
0,79092
page_index,time_cycles
0,65990
page_index,time_cycles
0,75554
page_index,time_cycles
0,67556
page_index,time_cycles
0,70720
page_index,time_cycles
0,62460
page_index,time_cycles
0,64404
page_index,time_cycles
0,63792
page_index,time_cycles
0,72968
page_index,time_cycles
0,68996
page_index,time_cycles
0,73464
page_index,time_cycles
0,68412
page_index,time_cycles
0,68190
page_index,time_cycles
0,64738
page_index,time_cycles
0,65460
page_index,time_cycles
0,68318
page_index,time_cycles
0,78002
page_index,time_cycles
0,67876
page_index,time_cycles
0,66204
page_index,time_cycles
0,72082
page_index,time_cycles
0,66100
page_index,time_cycles
0,67886
page_index,time_cycles
0,64098
page_index,time_cycles
0,70888
page_index,time_cycles
0,86890
page_index,time_cycles
0,64352
page_index,time_cycles
0,65444
page_index,time_cycles
0,101332
page_index,time_cycles
0,76118
page_index,time_cycles
0,79448
page_index,time_cycles
0,66408
page_index,time_cycles
0,71530
page_index,time_cycles
0,70130
page_index,time_cycles
0,87424
page_index,time_cycles
0,68306
page_index,time_cycles
0,69836
page_index,time_cycles
0,83270
page_index,time_cycles
0,66716
page_index,time_cycles
0,72270
page_index,time_cycles
0,68596
page_index,time_cycles
0,87266
page_index,time_cycles
0,78354
page_index,time_cycles
0,75288
page_index,time_cycles
0,70718
page_index,time_cycles
0,65422
page_index,time_cycles
0,84236
page_index,time_cycles
0,122128
page_index,time_cycles
0,73112
page_index,time_cycles
0,70956
page_index,time_cycles
0,65174
page_index,time_cycles
0,71984
page_index,time_cycles
0,66640
page_index,time_cycles
0,79572
page_index,time_cycles
0,77550
page_index,time_cycles
0,65306
page_index,time_cycles
0,65968
page_index,time_cycles
0,78238
page_index,time_cycles
0,65582
page_index,time_cycles
0,67366
page_index,time_cycles
0,67614
page_index,time_cycles
0,66270
page_index,time_cycles
0,105362
page_index,time_cycles
0,69148
page_index,time_cycles
0,70826
page_index,time_cycles
0,64060
page_index,time_cycles
0,72440
page_index,time_cycles
0,66744
page_index,time_cycles
0,75452
page_index,time_cycles
0,68146
page_index,time_cycles
0,66182
page_index,time_cycles
0,65106
page_index,time_cycles
0,64298
page_index,time_cycles
0,63898
page_index,time_cycles
0,68230
page_index,time_cycles
0,68190
page_index,time_cycles
0,64958
page_index,time_cycles
0,66806
page_index,time_cycles
0,103594
page_index,time_cycles
0,67654
page_index,time_cycles
0,66974
page_index,time_cycles
0,68460
page_index,time_cycles
0,65566
page_index,time_cycles
0,72032
page_index,time_cycles
0,72888
page_index,time_cycles
0,67832
page_index,time_cycles
0,66582
page_index,time_cycles
0,67164
page_index,time_cycles
0,66254
page_index,time_cycles
0,77188
page_index,time_cycles
0,62832
page_index,time_cycles
0,72310
page_index,time_cycles
0,63736
page_index,time_cycles
0,68462
page_index,time_cycles
0,66942
page_index,time_cycles
0,67744
page_index,time_cycles
0,66252
page_index,time_cycles
0,68204
page_index,time_cycles
0,64926
page_index,time_cycles
0,75104
page_index,time_cycles
0,67154
page_index,time_cycles
0,68238
page_index,time_cycles
0,66692
page_index,time_cycles
0,105754
page_index,time_cycles
0,65316
page_index,time_cycles
0,78102
page_index,time_cycles
0,70070
page_index,time_cycles
0,65802
page_index,time_cycles
0,65386
page_index,time_cycles
0,74864
page_index,time_cycles
0,69176
page_index,time_cycles
0,69970
page_index,time_cycles
0,68110
page_index,time_cycles
0,70166
page_index,time_cycles
0,70232
page_index,time_cycles
0,64132
page_index,time_cycles
0,66144
page_index,time_cycles
0,126446
page_index,time_cycles
0,69152
page_index,time_cycles
0,98228
page_index,time_cycles
0,67732
page_index,time_cycles
0,100466
page_index,time_cycles
0,66508
page_index,time_cycles
0,67854
page_index,time_cycles
0,69476
page_index,time_cycles
0,62164
page_index,time_cycles
0,66782
page_index,time_cycles
0,65230
page_index,time_cycles
0,66582
page_index,time_cycles
0,76136
page_index,time_cycles
0,64714
page_index,time_cycles
0,84798
page_index,time_cycles
0,65042
page_index,time_cycles
0,66208
page_index,time_cycles
0,62310
page_index,time_cycles
0,76788
page_index,time_cycles
0,66314
page_index,time_cycles
0,72542
page_index,time_cycles
0,107754
page_index,time_cycles
0,70284
page_index,time_cycles
0,75310
page_index,time_cycles
0,79524
page_index,time_cycles
0,88466
page_index,time_cycles
0,64770
page_index,time_cycles
0,66936
page_index,time_cycles
0,65414
page_index,time_cycles
0,69824
page_index,time_cycles
0,72996
page_index,time_cycles
0,68916
page_index,time_cycles
0,73386
page_index,time_cycles
0,73484
page_index,time_cycles
0,64162
page_index,time_cycles
0,98274
page_index,time_cycles
0,70932
page_index,time_cycles
0,70418
page_index,time_cycles
0,67442
page_index,time_cycles
0,72788
page_index,time_cycles
0,66592
page_index,time_cycles
0,65836
page_index,time_cycles
0,67996
page_index,time_cycles
0,106392
page_index,time_cycles
0,71824
page_index,time_cycles
0,81400
page_index,time_cycles
0,66606
page_index,time_cycles
0,68590
page_index,time_cycles
0,66918
page_index,time_cycles
0,66684
page_index,time_cycles
0,66486
page_index,time_cycles
0,87784
page_index,time_cycles
0,66142
page_index,time_cycles
0,79598
page_index,time_cycles
0,64526
page_index,time_cycles
0,70800
page_index,time_cycles
0,63252
page_index,time_cycles
0,64708
page_index,time_cycles
0,74974
page_index,time_cycles
0,67390
page_index,time_cycles
0,63378
page_index,time_cycles
0,70504
page_index,time_cycles
0,66548
page_index,time_cycles
0,72140
page_index,time_cycles
0,64558
page_index,time_cycles
0,66136
page_index,time_cycles
0,67824
page_index,time_cycles
0,65724
page_index,time_cycles
0,67490
page_index,time_cycles
0,77034
page_index,time_cycles
0,76174
page_index,time_cycles
0,66146
page_index,time_cycles
0,68836
page_index,time_cycles
0,65914
page_index,time_cycles
0,68032
page_index,time_cycles
0,65392
page_index,time_cycles
0,64364
page_index,time_cycles
0,66072
page_index,time_cycles
0,64256
page_index,time_cycles
0,70530
page_index,time_cycles
0,70772
page_index,time_cycles
0,88752
page_index,time_cycles
0,78444
page_index,time_cycles
0,66844
page_index,time_cycles
0,74032
page_index,time_cycles
0,68854
page_index,time_cycles
0,68228
page_index,time_cycles
0,79964
page_index,time_cycles
0,73736
page_index,time_cycles
0,67636
page_index,time_cycles
0,68264
page_index,time_cycles
0,70018
page_index,time_cycles
0,64758
page_index,time_cycles
0,65562
page_index,time_cycles
0,64122
page_index,time_cycles
0,71844
page_index,time_cycles
0,71696
page_index,time_cycles
0,67276
page_index,time_cycles
0,70788
page_index,time_cycles
0,70634
page_index,time_cycles
0,70092
page_index,time_cycles
0,79756
page_index,time_cycles
0,72684
page_index,time_cycles
0,66338
page_index,time_cycles
0,68716
page_index,time_cycles
0,73000
page_index,time_cycles
0,64640
page_index,time_cycles
0,75686
page_index,time_cycles
0,70926
page_index,time_cycles
0,66554
page_index,time_cycles
0,68236
page_index,time_cycles
0,93650
page_index,time_cycles
0,67154
page_index,time_cycles
0,67070
page_index,time_cycles
0,63726
page_index,time_cycles
0,65130
page_index,time_cycles
0,67008
page_index,time_cycles
0,71452
page_index,time_cycles
0,67240
page_index,time_cycles
0,99238
page_index,time_cycles
0,63700
page_index,time_cycles
0,93474
page_index,time_cycles
0,77968
page_index,time_cycles
0,71842
page_index,time_cycles
0,63276
page_index,time_cycles
0,64786
page_index,time_cycles
0,68296
page_index,time_cycles
0,79002
page_index,time_cycles
0,71222
page_index,time_cycles
0,65456
page_index,time_cycles
0,67882
page_index,time_cycles
0,222804
page_index,time_cycles
0,68222
page_index,time_cycles
0,64104
page_index,time_cycles
0,64320
page_index,time_cycles
0,65092
page_index,time_cycles
0,100644
page_index,time_cycles
0,76170
page_index,time_cycles
0,69076
page_index,time_cycles
0,68494
page_index,time_cycles
0,682998
page_index,time_cycles
0,65728
page_index,time_cycles
0,66204
page_index,time_cycles
0,70404
page_index,time_cycles
0,72102
page_index,time_cycles
0,76190
page_index,time_cycles
0,63408
page_index,time_cycles
0,71274
page_index,time_cycles
0,69886
page_index,time_cycles
0,62958
page_index,time_cycles
0,67986
page_index,time_cycles
0,72356
page_index,time_cycles
0,67160
page_index,time_cycles
0,64708
page_index,time_cycles
0,77420
page_index,time_cycles
0,66834
page_index,time_cycles
0,62980
page_index,time_cycles
0,262800
page_index,time_cycles
0,63688
page_index,time_cycles
0,75574
page_index,time_cycles
0,69604
page_index,time_cycles
0,64736
page_index,time_cycles
0,66368
page_index,time_cycles
0,67788
page_index,time_cycles
0,66856
page_index,time_cycles
0,81148
page_index,time_cycles
0,65826
page_index,time_cycles
0,64148
page_index,time_cycles
0,65616
page_index,time_cycles
0,65768
page_index,time_cycles
0,66450
page_index,time_cycles
0,71012
page_index,time_cycles
0,67548
page_index,time_cycles
0,69444
page_index,time_cycles
0,71870
page_index,time_cycles
0,66856
page_index,time_cycles
0,69708
page_index,time_cycles
0,64244
page_index,time_cycles
0,71462
page_index,time_cycles
0,66236
page_index,time_cycles
0,105910
page_index,time_cycles
0,68688
page_index,time_cycles
0,73602
page_index,time_cycles
0,82958
page_index,time_cycles
0,76124
page_index,time_cycles
0,69804
page_index,time_cycles
0,71164
page_index,time_cycles
0,71554
page_index,time_cycles
0,66444
page_index,time_cycles
0,72330
page_index,time_cycles
0,66306
page_index,time_cycles
0,72420
page_index,time_cycles
0,86142
page_index,time_cycles
0,68124
page_index,time_cycles
0,100932
page_index,time_cycles
0,73874
page_index,time_cycles
0,64758
page_index,time_cycles
0,67400
page_index,time_cycles
0,69226
page_index,time_cycles
0,72374
page_index,time_cycles
0,67470
page_index,time_cycles
0,64676
page_index,time_cycles
0,68824
page_index,time_cycles
0,66614
page_index,time_cycles
0,68012
page_index,time_cycles
0,126620
page_index,time_cycles
0,109498
page_index,time_cycles
0,65126
page_index,time_cycles
0,68300
page_index,time_cycles
0,70322
page_index,time_cycles
0,66752
page_index,time_cycles
0,65220
page_index,time_cycles
0,71368
page_index,time_cycles
0,78684
page_index,time_cycles
0,64690
page_index,time_cycles
0,65656
page_index,time_cycles
0,66196
page_index,time_cycles
0,66196
page_index,time_cycles
0,66076
page_index,time_cycles
0,66878
page_index,time_cycles
0,72616
page_index,time_cycles
0,75102
page_index,time_cycles
0,68310
page_index,time_cycles
0,69508
page_index,time_cycles
0,76114
page_index,time_cycles
0,70784
page_index,time_cycles
0,69600
page_index,time_cycles
0,69392
page_index,time_cycles
0,79328
page_index,time_cycles
0,64778
page_index,time_cycles
0,73050
page_index,time_cycles
0,69942
page_index,time_cycles
0,69930
page_index,time_cycles
0,68408
page_index,time_cycles
0,63516
page_index,time_cycles
0,65008
page_index,time_cycles
0,90770
page_index,time_cycles
0,70400
page_index,time_cycles
0,85820
page_index,time_cycles
0,64826
page_index,time_cycles
0,65512
page_index,time_cycles
0,66570
page_index,time_cycles
0,66148
page_index,time_cycles
0,82760
page_index,time_cycles
0,79300
page_index,time_cycles
0,66008
page_index,time_cycles
0,77342
page_index,time_cycles
0,66774
page_index,time_cycles
0,123694
page_index,time_cycles
0,63674
page_index,time_cycles
0,64818
page_index,time_cycles
0,119444
page_index,time_cycles
0,65982
page_index,time_cycles
0,66144
page_index,time_cycles
0,64980
page_index,time_cycles
0,67488
page_index,time_cycles
0,66400
page_index,time_cycles
0,63274
page_index,time_cycles
0,63688
page_index,time_cycles
0,66488
page_index,time_cycles
0,65196
page_index,time_cycles
0,70914
page_index,time_cycles
0,105072
page_index,time_cycles
0,65352
page_index,time_cycles
0,64336
page_index,time_cycles
0,63688
page_index,time_cycles
0,119788
page_index,time_cycles
0,63956
page_index,time_cycles
0,65916
page_index,time_cycles
0,67734
page_index,time_cycles
0,66296
page_index,time_cycles
0,66704
page_index,time_cycles
0,65784
page_index,time_cycles
0,68618
page_index,time_cycles
0,69872
page_index,time_cycles
0,76558
page_index,time_cycles
0,74954
page_index,time_cycles
0,70502
page_index,time_cycles
0,70552
page_index,time_cycles
0,68496
page_index,time_cycles
0,65316
page_index,time_cycles
0,72530
page_index,time_cycles
0,74416
page_index,time_cycles
0,68116
page_index,time_cycles
0,69602
page_index,time_cycles
0,68026
page_index,time_cycles
0,65502
page_index,time_cycles
0,63828
page_index,time_cycles
0,68306
page_index,time_cycles
0,74696
page_index,time_cycles
0,70304
page_index,time_cycles
0,65402
page_index,time_cycles
0,64312
page_index,time_cycles
0,67418
page_index,time_cycles
0,64906
page_index,time_cycles
0,78898
page_index,time_cycles
0,70488
page_index,time_cycles
0,66054
page_index,time_cycles
0,66050
page_index,time_cycles
0,68244
page_index,time_cycles
0,64504
page_index,time_cycles
0,64632
page_index,time_cycles
0,65952
page_index,time_cycles
0,70562
page_index,time_cycles
0,76980
page_index,time_cycles
0,68242
page_index,time_cycles
0,73172
page_index,time_cycles
0,80778
page_index,time_cycles
0,95098
page_index,time_cycles
0,67956
page_index,time_cycles
0,66440
page_index,time_cycles
0,73664
page_index,time_cycles
0,67002
page_index,time_cycles
0,66920
page_index,time_cycles
0,66896
page_index,time_cycles
0,73476
page_index,time_cycles
0,66192
page_index,time_cycles
0,71092
page_index,time_cycles
0,71260
page_index,time_cycles
0,65862
page_index,time_cycles
0,78620
page_index,time_cycles
0,79602
page_index,time_cycles
0,67560
page_index,time_cycles
0,65420
page_index,time_cycles
0,66242
page_index,time_cycles
0,71332
page_index,time_cycles
0,63684
page_index,time_cycles
0,72600
page_index,time_cycles
0,65114
page_index,time_cycles
0,99536
page_index,time_cycles
0,65990
page_index,time_cycles
0,68388
page_index,time_cycles
0,98162
page_index,time_cycles
0,76682
page_index,time_cycles
0,71782
page_index,time_cycles
0,68952
page_index,time_cycles
0,70088
page_index,time_cycles
0,77240
page_index,time_cycles
0,100824
page_index,time_cycles
0,65512
page_index,time_cycles
0,74572
page_index,time_cycles
0,96536
page_index,time_cycles
0,103562
page_index,time_cycles
0,72090
page_index,time_cycles
0,69932
page_index,time_cycles
0,66174
page_index,time_cycles
0,68518
page_index,time_cycles
0,65432
page_index,time_cycles
0,261228
page_index,time_cycles
0,63386
page_index,time_cycles
0,71006
page_index,time_cycles
0,64276
page_index,time_cycles
0,79108
page_index,time_cycles
0,66358
page_index,time_cycles
0,67768
page_index,time_cycles
0,66002
page_index,time_cycles
0,100720
page_index,time_cycles
0,63704
page_index,time_cycles
0,64832
page_index,time_cycles
0,74880
page_index,time_cycles
0,64770
page_index,time_cycles
0,69478
page_index,time_cycles
0,69064
page_index,time_cycles
0,66642
page_index,time_cycles
0,71936
page_index,time_cycles
0,70938
page_index,time_cycles
0,77950
page_index,time_cycles
0,93304
page_index,time_cycles
0,77216
page_index,time_cycles
0,64988
page_index,time_cycles
0,67132
page_index,time_cycles
0,70302
page_index,time_cycles
0,65460
page_index,time_cycles
0,64510
page_index,time_cycles
0,65750
page_index,time_cycles
0,68694
page_index,time_cycles
0,72810
page_index,time_cycles
0,65076
page_index,time_cycles
0,120146
page_index,time_cycles
0,68448
page_index,time_cycles
0,65942
page_index,time_cycles
0,122788
page_index,time_cycles
0,70302
page_index,time_cycles
0,94440
page_index,time_cycles
0,120292
page_index,time_cycles
0,68834
page_index,time_cycles
0,119322
page_index,time_cycles
0,78330
page_index,time_cycles
0,70910
page_index,time_cycles
0,73004
page_index,time_cycles
0,69876
page_index,time_cycles
0,79054
page_index,time_cycles
0,68050
page_index,time_cycles
0,69590
page_index,time_cycles
0,82158
page_index,time_cycles
0,68554
page_index,time_cycles
0,69780
page_index,time_cycles
0,67228
page_index,time_cycles
0,73898
page_index,time_cycles
0,65310
page_index,time_cycles
0,70796
page_index,time_cycles
0,73912
page_index,time_cycles
0,63386
page_index,time_cycles
0,121686
page_index,time_cycles
0,64306
page_index,time_cycles
0,69882
page_index,time_cycles
0,65698
page_index,time_cycles
0,100142
page_index,time_cycles
0,67222
page_index,time_cycles
0,104180
page_index,time_cycles
0,65672
page_index,time_cycles
0,69480
page_index,time_cycles
0,71932
page_index,time_cycles
0,67226
page_index,time_cycles
0,66416
page_index,time_cycles
0,74752
page_index,time_cycles
0,77640
page_index,time_cycles
0,67556
page_index,time_cycles
0,63952
page_index,time_cycles
0,73602
page_index,time_cycles
0,70378
page_index,time_cycles
0,78242
page_index,time_cycles
0,73706
page_index,time_cycles
0,119016
page_index,time_cycles
0,69636
page_index,time_cycles
0,78408
page_index,time_cycles
0,74864
page_index,time_cycles
0,71346
page_index,time_cycles
0,80250
page_index,time_cycles
0,64122
page_index,time_cycles
0,501624
page_index,time_cycles
0,68828
page_index,time_cycles
0,64706
page_index,time_cycles
0,66498
page_index,time_cycles
0,67304
page_index,time_cycles
0,72996
page_index,time_cycles
0,67390
page_index,time_cycles
0,85198
page_index,time_cycles
0,70722
page_index,time_cycles
0,66376
page_index,time_cycles
0,71168
page_index,time_cycles
0,72146
page_index,time_cycles
0,71292
page_index,time_cycles
0,67158
page_index,time_cycles
0,63764
page_index,time_cycles
0,68820
page_index,time_cycles
0,66268
page_index,time_cycles
0,64730
page_index,time_cycles
0,68086
page_index,time_cycles
0,71858
page_index,time_cycles
0,66780
page_index,time_cycles
0,63312
page_index,time_cycles
0,67492
page_index,time_cycles
0,119182
page_index,time_cycles
0,68616
page_index,time_cycles
0,64360
page_index,time_cycles
0,77198
page_index,time_cycles
0,70564
page_index,time_cycles
0,91190
page_index,time_cycles
0,99922
page_index,time_cycles
0,67200
page_index,time_cycles
0,73516
page_index,time_cycles
0,84404
page_index,time_cycles
0,68432
page_index,time_cycles
0,65226
page_index,time_cycles
0,76392
page_index,time_cycles
0,70754
page_index,time_cycles
0,80546
page_index,time_cycles
0,65908
page_index,time_cycles
0,91278
page_index,time_cycles
0,63924
page_index,time_cycles
0,66432
page_index,time_cycles
0,73522
page_index,time_cycles
0,61776
page_index,time_cycles
0,69316
page_index,time_cycles
0,69832
page_index,time_cycles
0,72932
page_index,time_cycles
0,68502
page_index,time_cycles
0,122402
page_index,time_cycles
0,73540
page_index,time_cycles
0,69068
page_index,time_cycles
0,123672
page_index,time_cycles
0,67636
page_index,time_cycles
0,66318
page_index,time_cycles
0,74872
page_index,time_cycles
0,70014
page_index,time_cycles
0,66296
page_index,time_cycles
0,62364
page_index,time_cycles
0,68280
page_index,time_cycles
0,70580
page_index,time_cycles
0,64406
page_index,time_cycles
0,65980
page_index,time_cycles
0,70786
page_index,time_cycles
0,71856
page_index,time_cycles
0,64718
page_index,time_cycles
0,73576
page_index,time_cycles
0,64814
page_index,time_cycles
0,65626
page_index,time_cycles
0,62430
page_index,time_cycles
0,76176
page_index,time_cycles
0,65880
page_index,time_cycles
0,80454
page_index,time_cycles
0,70260
page_index,time_cycles
0,70050
page_index,time_cycles
0,91202
page_index,time_cycles
0,65948
page_index,time_cycles
0,72510
page_index,time_cycles
0,66460
page_index,time_cycles
0,66668
page_index,time_cycles
0,71448
page_index,time_cycles
0,76834
page_index,time_cycles
0,75590
page_index,time_cycles
0,64722
page_index,time_cycles
0,70262
page_index,time_cycles
0,67802
page_index,time_cycles
0,65342
page_index,time_cycles
0,64464
page_index,time_cycles
0,76306
page_index,time_cycles
0,78224
page_index,time_cycles
0,69688
page_index,time_cycles
0,66496
page_index,time_cycles
0,65052
page_index,time_cycles
0,69208
page_index,time_cycles
0,71592
page_index,time_cycles
0,69060
page_index,time_cycles
0,68582
page_index,time_cycles
0,65090
page_index,time_cycles
0,67824
page_index,time_cycles
0,65648
page_index,time_cycles
0,88716
page_index,time_cycles
0,67962
page_index,time_cycles
0,65806
page_index,time_cycles
0,69458
page_index,time_cycles
0,78412
page_index,time_cycles
0,67190
page_index,time_cycles
0,66854
page_index,time_cycles
0,67990
page_index,time_cycles
0,67818
page_index,time_cycles
0,63042
page_index,time_cycles
0,67334
page_index,time_cycles
0,73906
page_index,time_cycles
0,66976
page_index,time_cycles
0,67454
page_index,time_cycles
0,73562
page_index,time_cycles
0,68696
page_index,time_cycles
0,66050
page_index,time_cycles
0,63832
page_index,time_cycles
0,68288
page_index,time_cycles
0,69342
page_index,time_cycles
0,68332
page_index,time_cycles
0,65566
page_index,time_cycles
0,65968
page_index,time_cycles
0,72034
page_index,time_cycles
0,69230
page_index,time_cycles
0,64518
page_index,time_cycles
0,67644
page_index,time_cycles
0,66574
page_index,time_cycles
0,72122
page_index,time_cycles
0,65648
page_index,time_cycles
0,82774
page_index,time_cycles
0,67046
page_index,time_cycles
0,71218
page_index,time_cycles
0,63710
page_index,time_cycles
0,67810
page_index,time_cycles
0,63226
page_index,time_cycles
0,66252
page_index,time_cycles
0,70110
page_index,time_cycles
0,67470
page_index,time_cycles
0,96006
page_index,time_cycles
0,65502
page_index,time_cycles
0,77022
page_index,time_cycles
0,71270
page_index,time_cycles
0,64712
page_index,time_cycles
0,65590
page_index,time_cycles
0,69986
page_index,time_cycles
0,93512
page_index,time_cycles
0,67530
page_index,time_cycles
0,70552
page_index,time_cycles
0,68016
page_index,time_cycles
0,63496
page_index,time_cycles
0,63242
page_index,time_cycles
0,75506
page_index,time_cycles
0,64610
page_index,time_cycles
0,72790
page_index,time_cycles
0,69892
page_index,time_cycles
0,68078
page_index,time_cycles
0,68618
page_index,time_cycles
0,64754
page_index,time_cycles
0,65322
page_index,time_cycles
0,67114
page_index,time_cycles
0,68656
page_index,time_cycles
0,67324
page_index,time_cycles
0,69978
page_index,time_cycles
0,73076
page_index,time_cycles
0,69912
page_index,time_cycles
0,70364
page_index,time_cycles
0,69330
page_index,time_cycles
0,68150
page_index,time_cycles
0,79384
page_index,time_cycles
0,70714
page_index,time_cycles
0,69236
page_index,time_cycles
0,64660
page_index,time_cycles
0,78970
page_index,time_cycles
0,68740
page_index,time_cycles
0,68398
page_index,time_cycles
0,74882
page_index,time_cycles
0,63506
page_index,time_cycles
0,69054
page_index,time_cycles
0,64084
page_index,time_cycles
0,69958
page_index,time_cycles
0,66210
page_index,time_cycles
0,64292
page_index,time_cycles
0,76188
page_index,time_cycles
0,98326
page_index,time_cycles
0,68822
page_index,time_cycles
0,74116
page_index,time_cycles
0,116284
page_index,time_cycles
0,65998
page_index,time_cycles
0,67390
page_index,time_cycles
0,66702
page_index,time_cycles
0,62808
page_index,time_cycles
0,70392
page_index,time_cycles
0,63276
page_index,time_cycles
0,63414
page_index,time_cycles
0,73322
page_index,time_cycles
0,64946
page_index,time_cycles
0,64552
page_index,time_cycles
0,73278
page_index,time_cycles
0,65262
page_index,time_cycles
0,68760
page_index,time_cycles
0,66334
page_index,time_cycles
0,64434
page_index,time_cycles
0,75918
page_index,time_cycles
0,79432
page_index,time_cycles
0,74168
page_index,time_cycles
0,76998
page_index,time_cycles
0,67768
page_index,time_cycles
0,86090
page_index,time_cycles
0,72190
page_index,time_cycles
0,64716
page_index,time_cycles
0,76790
page_index,time_cycles
0,67578
page_index,time_cycles
0,66376
page_index,time_cycles
0,69912
page_index,time_cycles
0,66440
page_index,time_cycles
0,74058
page_index,time_cycles
0,66182
page_index,time_cycles
0,66868
page_index,time_cycles
0,64648
page_index,time_cycles
0,63138
page_index,time_cycles
0,65700
page_index,time_cycles
0,66934
page_index,time_cycles
0,65104
page_index,time_cycles
0,68192
page_index,time_cycles
0,67536
page_index,time_cycles
0,70272
page_index,time_cycles
0,71150
page_index,time_cycles
0,65320
page_index,time_cycles
0,65496
page_index,time_cycles
0,78194
page_index,time_cycles
0,96682
page_index,time_cycles
0,66480
page_index,time_cycles
0,79836
page_index,time_cycles
0,76060
page_index,time_cycles
0,96512
page_index,time_cycles
0,61576
page_index,time_cycles
0,74506
page_index,time_cycles
0,64734
page_index,time_cycles
0,72538
page_index,time_cycles
0,72982
page_index,time_cycles
0,71228
page_index,time_cycles
0,72190
page_index,time_cycles
0,73468
page_index,time_cycles
0,74080
page_index,time_cycles
0,68586
page_index,time_cycles
0,71546
page_index,time_cycles
0,69914
page_index,time_cycles
0,67040
page_index,time_cycles
0,71034
page_index,time_cycles
0,68248
page_index,time_cycles
0,68072
page_index,time_cycles
0,74580
page_index,time_cycles
0,69658
page_index,time_cycles
0,81392
page_index,time_cycles
0,68260
page_index,time_cycles
0,69098
page_index,time_cycles
0,71256
page_index,time_cycles
0,99278
page_index,time_cycles
0,78102
page_index,time_cycles
0,68498
page_index,time_cycles
0,66048
page_index,time_cycles
0,71278
page_index,time_cycles
0,72236
page_index,time_cycles
0,67594
page_index,time_cycles
0,75656
page_index,time_cycles
0,65680
page_index,time_cycles
0,69108
page_index,time_cycles
0,66540
page_index,time_cycles
0,65926
page_index,time_cycles
0,63144
page_index,time_cycles
0,72704
page_index,time_cycles
0,68386
page_index,time_cycles
0,79654
page_index,time_cycles
0,67906
page_index,time_cycles
0,64538
page_index,time_cycles
0,120252
page_index,time_cycles
0,71920
page_index,time_cycles
0,65622
page_index,time_cycles
0,137810
page_index,time_cycles
0,71588
page_index,time_cycles
0,72550
page_index,time_cycles
0,66708
page_index,time_cycles
0,113028
page_index,time_cycles
0,72276
page_index,time_cycles
0,67152
page_index,time_cycles
0,64428
page_index,time_cycles
0,70596
page_index,time_cycles
0,66124
page_index,time_cycles
0,88870
page_index,time_cycles
0,64832
page_index,time_cycles
0,75892
page_index,time_cycles
0,68882
page_index,time_cycles
0,69932
page_index,time_cycles
0,71016
page_index,time_cycles
0,66882
page_index,time_cycles
0,76758
page_index,time_cycles
0,64456
page_index,time_cycles
0,64358
page_index,time_cycles
0,66410
page_index,time_cycles
0,73036
page_index,time_cycles
0,64256
page_index,time_cycles
0,69282
page_index,time_cycles
0,68924
page_index,time_cycles
0,69838
page_index,time_cycles
0,67796
page_index,time_cycles
0,64688
page_index,time_cycles
0,70624
page_index,time_cycles
0,79022
page_index,time_cycles
0,72272
page_index,time_cycles
0,65316
page_index,time_cycles
0,73096
page_index,time_cycles
0,69508
page_index,time_cycles
0,71860
page_index,time_cycles
0,69068
page_index,time_cycles
0,66050
page_index,time_cycles
0,69302
page_index,time_cycles
0,68174
page_index,time_cycles
0,71740
page_index,time_cycles
0,70196
page_index,time_cycles
0,68134
page_index,time_cycles
0,69590
page_index,time_cycles
0,75474
page_index,time_cycles
0,63966
page_index,time_cycles
0,73082
page_index,time_cycles
0,66742
page_index,time_cycles
0,68250
page_index,time_cycles
0,118650
page_index,time_cycles
0,119100
page_index,time_cycles
0,64052
page_index,time_cycles
0,67788
page_index,time_cycles
0,69410
page_index,time_cycles
0,71002
page_index,time_cycles
0,63776
page_index,time_cycles
0,75652
page_index,time_cycles
0,67924
page_index,time_cycles
0,74436
page_index,time_cycles
0,78770
page_index,time_cycles
0,75906
page_index,time_cycles
0,70096
page_index,time_cycles
0,71210
page_index,time_cycles
0,70506
page_index,time_cycles
0,63516
page_index,time_cycles
0,65374
page_index,time_cycles
0,68796
page_index,time_cycles
0,77656
page_index,time_cycles
0,71804
page_index,time_cycles
0,73874
page_index,time_cycles
0,65610
page_index,time_cycles
0,71076
page_index,time_cycles
0,79984
page_index,time_cycles
0,65720
page_index,time_cycles
0,64720
page_index,time_cycles
0,67116
page_index,time_cycles
0,65352
page_index,time_cycles
0,69586
page_index,time_cycles
0,62270
page_index,time_cycles
0,67560
page_index,time_cycles
0,68450
page_index,time_cycles
0,77180
page_index,time_cycles
0,87650
page_index,time_cycles
0,64394
page_index,time_cycles
0,65704
page_index,time_cycles
0,104964
page_index,time_cycles
0,70570
page_index,time_cycles
0,124490
page_index,time_cycles
0,74866
page_index,time_cycles
0,77004
page_index,time_cycles
0,66536
page_index,time_cycles
0,133664
page_index,time_cycles
0,146960
page_index,time_cycles
0,67834
page_index,time_cycles
0,71168
page_index,time_cycles
0,64958
page_index,time_cycles
0,68710
page_index,time_cycles
0,69638
page_index,time_cycles
0,71722
page_index,time_cycles
0,63932
page_index,time_cycles
0,71434
page_index,time_cycles
0,64452
page_index,time_cycles
0,73322
page_index,time_cycles
0,68302
page_index,time_cycles
0,66324
page_index,time_cycles
0,72900
page_index,time_cycles
0,72070
page_index,time_cycles
0,125754
page_index,time_cycles
0,67556
page_index,time_cycles
0,66902
page_index,time_cycles
0,69846
page_index,time_cycles
0,59842
page_index,time_cycles
0,70032
page_index,time_cycles
0,66172
page_index,time_cycles
0,65990
page_index,time_cycles
0,73076
page_index,time_cycles
0,71082
page_index,time_cycles
0,68258
page_index,time_cycles
0,69224
page_index,time_cycles
0,65310
page_index,time_cycles
0,77168
page_index,time_cycles
0,67324
page_index,time_cycles
0,79070
page_index,time_cycles
0,66696
page_index,time_cycles
0,65808
page_index,time_cycles
0,68420
page_index,time_cycles
0,66918
page_index,time_cycles
0,66580
page_index,time_cycles
0,128940
page_index,time_cycles
0,65252
page_index,time_cycles
0,69862
page_index,time_cycles
0,77280
page_index,time_cycles
0,106284
page_index,time_cycles
0,65578
page_index,time_cycles
0,74788
page_index,time_cycles
0,79188
page_index,time_cycles
0,67474
page_index,time_cycles
0,68672
page_index,time_cycles
0,82526
page_index,time_cycles
0,70660
page_index,time_cycles
0,75478
page_index,time_cycles
0,69904
page_index,time_cycles
0,100718
page_index,time_cycles
0,81280
page_index,time_cycles
0,64986
page_index,time_cycles
0,69252
page_index,time_cycles
0,70862
page_index,time_cycles
0,72838
page_index,time_cycles
0,70568
page_index,time_cycles
0,65048
page_index,time_cycles
0,75632
page_index,time_cycles
0,83960
page_index,time_cycles
0,69522
page_index,time_cycles
0,65852
page_index,time_cycles
0,68980
page_index,time_cycles
0,78202
page_index,time_cycles
0,67826
page_index,time_cycles
0,73406
page_index,time_cycles
0,66994
page_index,time_cycles
0,64256
page_index,time_cycles
0,62260
page_index,time_cycles
0,65538
page_index,time_cycles
0,72420
page_index,time_cycles
0,65590
page_index,time_cycles
0,67570
page_index,time_cycles
0,95476
page_index,time_cycles
0,65900
page_index,time_cycles
0,82780
page_index,time_cycles
0,65578
page_index,time_cycles
0,68442
page_index,time_cycles
0,67238
page_index,time_cycles
0,73782
page_index,time_cycles
0,70064
page_index,time_cycles
0,66640
page_index,time_cycles
0,98286
page_index,time_cycles
0,68902
page_index,time_cycles
0,189228
page_index,time_cycles
0,73142
page_index,time_cycles
0,67998
page_index,time_cycles
0,67172
page_index,time_cycles
0,72156
page_index,time_cycles
0,63572
page_index,time_cycles
0,65566
page_index,time_cycles
0,67320
page_index,time_cycles
0,66482
page_index,time_cycles
0,95186
page_index,time_cycles
0,69076
page_index,time_cycles
0,66700
page_index,time_cycles
0,65478
page_index,time_cycles
0,82276
page_index,time_cycles
0,65434
page_index,time_cycles
0,64932
page_index,time_cycles
0,69620
page_index,time_cycles
0,75180
page_index,time_cycles
0,67512
page_index,time_cycles
0,78422
page_index,time_cycles
0,73212
page_index,time_cycles
0,75912
page_index,time_cycles
0,74332
page_index,time_cycles
0,71662
page_index,time_cycles
0,70598
page_index,time_cycles
0,64860
page_index,time_cycles
0,69134
page_index,time_cycles
0,76750
page_index,time_cycles
0,71330
page_index,time_cycles
0,66630
page_index,time_cycles
0,78884
page_index,time_cycles
0,68976
page_index,time_cycles
0,65770
page_index,time_cycles
0,85294
page_index,time_cycles
0,72076
page_index,time_cycles
0,67360
page_index,time_cycles
0,87106
page_index,time_cycles
0,66074
page_index,time_cycles
0,77614
page_index,time_cycles
0,69056
page_index,time_cycles
0,69210
page_index,time_cycles
0,64618
page_index,time_cycles
0,102634
page_index,time_cycles
0,71334
page_index,time_cycles
0,102970
page_index,time_cycles
0,66724
page_index,time_cycles
0,128098
page_index,time_cycles
0,70008
page_index,time_cycles
0,73962
page_index,time_cycles
0,63698
page_index,time_cycles
0,75862
page_index,time_cycles
0,125032
page_index,time_cycles
0,74200
page_index,time_cycles
0,108254
page_index,time_cycles
0,103488
page_index,time_cycles
0,69104
page_index,time_cycles
0,64968
page_index,time_cycles
0,78446
page_index,time_cycles
0,72750
SUMMARY,COUNT=10000,MEAN=73500.33,STD=24629.76
