page_index,time_cycles
0,139606
page_index,time_cycles
0,148486
page_index,time_cycles
0,120416
page_index,time_cycles
0,125364
page_index,time_cycles
0,146730
page_index,time_cycles
0,127324
page_index,time_cycles
0,79398
page_index,time_cycles
0,128310
page_index,time_cycles
0,151540
page_index,time_cycles
0,78976
page_index,time_cycles
0,134144
page_index,time_cycles
0,83394
page_index,time_cycles
0,99222
page_index,time_cycles
0,140798
page_index,time_cycles
0,125140
page_index,time_cycles
0,139658
page_index,time_cycles
0,130822
page_index,time_cycles
0,149432
page_index,time_cycles
0,81932
page_index,time_cycles
0,126670
page_index,time_cycles
0,122222
page_index,time_cycles
0,113134
page_index,time_cycles
0,147182
page_index,time_cycles
0,128912
page_index,time_cycles
0,107324
page_index,time_cycles
0,146926
page_index,time_cycles
0,121402
page_index,time_cycles
0,179306
page_index,time_cycles
0,114632
page_index,time_cycles
0,130512
page_index,time_cycles
0,125694
page_index,time_cycles
0,143866
page_index,time_cycles
0,115620
page_index,time_cycles
0,117996
page_index,time_cycles
0,182440
page_index,time_cycles
0,83154
page_index,time_cycles
0,130732
page_index,time_cycles
0,180736
page_index,time_cycles
0,87474
page_index,time_cycles
0,109222
page_index,time_cycles
0,138994
page_index,time_cycles
0,137966
page_index,time_cycles
0,129672
page_index,time_cycles
0,139776
page_index,time_cycles
0,143734
page_index,time_cycles
0,130288
page_index,time_cycles
0,127794
page_index,time_cycles
0,129500
page_index,time_cycles
0,131990
page_index,time_cycles
0,166638
page_index,time_cycles
0,131146
page_index,time_cycles
0,116260
page_index,time_cycles
0,122018
page_index,time_cycles
0,195766
page_index,time_cycles
0,81062
page_index,time_cycles
0,103488
page_index,time_cycles
0,125494
page_index,time_cycles
0,82874
page_index,time_cycles
0,128030
page_index,time_cycles
0,132904
page_index,time_cycles
0,140314
page_index,time_cycles
0,140946
page_index,time_cycles
0,88918
page_index,time_cycles
0,76648
page_index,time_cycles
0,116340
page_index,time_cycles
0,130674
page_index,time_cycles
0,134878
page_index,time_cycles
0,207900
page_index,time_cycles
0,128292
page_index,time_cycles
0,122432
page_index,time_cycles
0,131516
page_index,time_cycles
0,142488
page_index,time_cycles
0,149390
page_index,time_cycles
0,134748
page_index,time_cycles
0,133846
page_index,time_cycles
0,179688
page_index,time_cycles
0,110662
page_index,time_cycles
0,125388
page_index,time_cycles
0,81858
page_index,time_cycles
0,137560
page_index,time_cycles
0,84678
page_index,time_cycles
0,90026
page_index,time_cycles
0,119992
page_index,time_cycles
0,117026
page_index,time_cycles
0,126440
page_index,time_cycles
0,130928
page_index,time_cycles
0,144438
page_index,time_cycles
0,141708
page_index,time_cycles
0,135510
page_index,time_cycles
0,106006
page_index,time_cycles
0,132094
page_index,time_cycles
0,117070
page_index,time_cycles
0,126488
page_index,time_cycles
0,102738
page_index,time_cycles
0,94032
page_index,time_cycles
0,117180
page_index,time_cycles
0,119570
page_index,time_cycles
0,198232
page_index,time_cycles
0,139040
page_index,time_cycles
0,130226
page_index,time_cycles
0,82018
page_index,time_cycles
0,112588
page_index,time_cycles
0,129934
page_index,time_cycles
0,79972
page_index,time_cycles
0,79152
page_index,time_cycles
0,129928
page_index,time_cycles
0,81330
page_index,time_cycles
0,116326
page_index,time_cycles
0,135726
page_index,time_cycles
0,147672
page_index,time_cycles
0,155208
page_index,time_cycles
0,131842
page_index,time_cycles
0,132184
page_index,time_cycles
0,82898
page_index,time_cycles
0,139072
page_index,time_cycles
0,132760
page_index,time_cycles
0,80910
page_index,time_cycles
0,79966
page_index,time_cycles
0,115580
page_index,time_cycles
0,156550
page_index,time_cycles
0,113632
page_index,time_cycles
0,139432
page_index,time_cycles
0,76480
page_index,time_cycles
0,102936
page_index,time_cycles
0,116142
page_index,time_cycles
0,174508
page_index,time_cycles
0,124130
page_index,time_cycles
0,141724
page_index,time_cycles
0,143064
page_index,time_cycles
0,131980
page_index,time_cycles
0,152024
page_index,time_cycles
0,125974
page_index,time_cycles
0,143436
page_index,time_cycles
0,130642
page_index,time_cycles
0,130644
page_index,time_cycles
0,141404
page_index,time_cycles
0,79414
page_index,time_cycles
0,131772
page_index,time_cycles
0,130574
page_index,time_cycles
0,138748
page_index,time_cycles
0,130238
page_index,time_cycles
0,96426
page_index,time_cycles
0,135234
page_index,time_cycles
0,140198
page_index,time_cycles
0,118318
page_index,time_cycles
0,145430
page_index,time_cycles
0,133168
page_index,time_cycles
0,133108
page_index,time_cycles
0,115466
page_index,time_cycles
0,82132
page_index,time_cycles
0,78576
page_index,time_cycles
0,109158
page_index,time_cycles
0,129192
page_index,time_cycles
0,192680
page_index,time_cycles
0,92236
page_index,time_cycles
0,92694
page_index,time_cycles
0,117294
page_index,time_cycles
0,145518
page_index,time_cycles
0,106126
page_index,time_cycles
0,254690
page_index,time_cycles
0,143502
page_index,time_cycles
0,135688
page_index,time_cycles
0,134530
page_index,time_cycles
0,166734
page_index,time_cycles
0,86646
page_index,time_cycles
0,104686
page_index,time_cycles
0,102770
page_index,time_cycles
0,136600
page_index,time_cycles
0,89576
page_index,time_cycles
0,195678
page_index,time_cycles
0,109292
page_index,time_cycles
0,103094
page_index,time_cycles
0,138174
page_index,time_cycles
0,110344
page_index,time_cycles
0,141198
page_index,time_cycles
0,130042
page_index,time_cycles
0,130194
page_index,time_cycles
0,80436
page_index,time_cycles
0,161220
page_index,time_cycles
0,82060
page_index,time_cycles
0,129166
page_index,time_cycles
0,149918
page_index,time_cycles
0,121122
page_index,time_cycles
0,126974
page_index,time_cycles
0,151438
page_index,time_cycles
0,168200
page_index,time_cycles
0,152370
page_index,time_cycles
0,80852
page_index,time_cycles
0,133736
page_index,time_cycles
0,142714
page_index,time_cycles
0,144450
page_index,time_cycles
0,134636
page_index,time_cycles
0,140728
page_index,time_cycles
0,143762
page_index,time_cycles
0,180102
page_index,time_cycles
0,95884
page_index,time_cycles
0,134190
page_index,time_cycles
0,127164
page_index,time_cycles
0,131172
page_index,time_cycles
0,94064
page_index,time_cycles
0,120814
page_index,time_cycles
0,144426
page_index,time_cycles
0,142880
page_index,time_cycles
0,123030
page_index,time_cycles
0,151872
page_index,time_cycles
0,180536
page_index,time_cycles
0,107260
page_index,time_cycles
0,113706
page_index,time_cycles
0,93272
page_index,time_cycles
0,130942
page_index,time_cycles
0,127206
page_index,time_cycles
0,136402
page_index,time_cycles
0,132314
page_index,time_cycles
0,135622
page_index,time_cycles
0,130966
page_index,time_cycles
0,128298
page_index,time_cycles
0,130564
page_index,time_cycles
0,98468
page_index,time_cycles
0,120616
page_index,time_cycles
0,132144
page_index,time_cycles
0,154130
page_index,time_cycles
0,133920
page_index,time_cycles
0,123216
page_index,time_cycles
0,81518
page_index,time_cycles
0,142246
page_index,time_cycles
0,128486
page_index,time_cycles
0,117546
page_index,time_cycles
0,99964
page_index,time_cycles
0,131496
page_index,time_cycles
0,182722
page_index,time_cycles
0,108538
page_index,time_cycles
0,89000
page_index,time_cycles
0,170234
page_index,time_cycles
0,122472
page_index,time_cycles
0,132948
page_index,time_cycles
0,80746
page_index,time_cycles
0,142104
page_index,time_cycles
0,106548
page_index,time_cycles
0,132948
page_index,time_cycles
0,78324
page_index,time_cycles
0,117318
page_index,time_cycles
0,103336
page_index,time_cycles
0,156742
page_index,time_cycles
0,146110
page_index,time_cycles
0,134304
page_index,time_cycles
0,143516
page_index,time_cycles
0,146474
page_index,time_cycles
0,128720
page_index,time_cycles
0,140338
page_index,time_cycles
0,90992
page_index,time_cycles
0,139776
page_index,time_cycles
0,116126
page_index,time_cycles
0,117962
page_index,time_cycles
0,101196
page_index,time_cycles
0,131400
page_index,time_cycles
0,83642
page_index,time_cycles
0,114418
page_index,time_cycles
0,141510
page_index,time_cycles
0,119360
page_index,time_cycles
0,102634
page_index,time_cycles
0,156446
page_index,time_cycles
0,79560
page_index,time_cycles
0,156178
page_index,time_cycles
0,126198
page_index,time_cycles
0,81632
page_index,time_cycles
0,141854
page_index,time_cycles
0,80086
page_index,time_cycles
0,196580
page_index,time_cycles
0,142782
page_index,time_cycles
0,147770
page_index,time_cycles
0,146126
page_index,time_cycles
0,178938
page_index,time_cycles
0,145416
page_index,time_cycles
0,87824
page_index,time_cycles
0,125980
page_index,time_cycles
0,139638
page_index,time_cycles
0,137578
page_index,time_cycles
0,126896
page_index,time_cycles
0,144040
page_index,time_cycles
0,78020
page_index,time_cycles
0,164286
page_index,time_cycles
0,183838
page_index,time_cycles
0,194362
page_index,time_cycles
0,130848
page_index,time_cycles
0,135632
page_index,time_cycles
0,133728
page_index,time_cycles
0,146490
page_index,time_cycles
0,120492
page_index,time_cycles
0,135246
page_index,time_cycles
0,131624
page_index,time_cycles
0,116060
page_index,time_cycles
0,138448
page_index,time_cycles
0,115868
page_index,time_cycles
0,146100
page_index,time_cycles
0,129984
page_index,time_cycles
0,135220
page_index,time_cycles
0,192178
page_index,time_cycles
0,240968
page_index,time_cycles
0,78518
page_index,time_cycles
0,129914
page_index,time_cycles
0,130504
page_index,time_cycles
0,143280
page_index,time_cycles
0,133088
page_index,time_cycles
0,163576
page_index,time_cycles
0,78526
page_index,time_cycles
0,133604
page_index,time_cycles
0,111926
page_index,time_cycles
0,137398
page_index,time_cycles
0,160308
page_index,time_cycles
0,155938
page_index,time_cycles
0,132478
page_index,time_cycles
0,82366
page_index,time_cycles
0,140402
page_index,time_cycles
0,105380
page_index,time_cycles
0,128662
page_index,time_cycles
0,102152
page_index,time_cycles
0,131476
page_index,time_cycles
0,164334
page_index,time_cycles
0,118772
page_index,time_cycles
0,114718
page_index,time_cycles
0,158742
page_index,time_cycles
0,131634
page_index,time_cycles
0,78314
page_index,time_cycles
0,127336
page_index,time_cycles
0,132530
page_index,time_cycles
0,76848
page_index,time_cycles
0,141916
page_index,time_cycles
0,130234
page_index,time_cycles
0,101576
page_index,time_cycles
0,116906
page_index,time_cycles
0,129470
page_index,time_cycles
0,136096
page_index,time_cycles
0,116132
page_index,time_cycles
0,124210
page_index,time_cycles
0,163808
page_index,time_cycles
0,150254
page_index,time_cycles
0,144298
page_index,time_cycles
0,139468
page_index,time_cycles
0,91214
page_index,time_cycles
0,163114
page_index,time_cycles
0,129986
page_index,time_cycles
0,128170
page_index,time_cycles
0,131308
page_index,time_cycles
0,105416
page_index,time_cycles
0,81498
page_index,time_cycles
0,115496
page_index,time_cycles
0,79074
page_index,time_cycles
0,172556
page_index,time_cycles
0,129438
page_index,time_cycles
0,170116
page_index,time_cycles
0,112330
page_index,time_cycles
0,146174
page_index,time_cycles
0,86974
page_index,time_cycles
0,100748
page_index,time_cycles
0,101534
page_index,time_cycles
0,126734
page_index,time_cycles
0,119522
page_index,time_cycles
0,131214
page_index,time_cycles
0,131254
page_index,time_cycles
0,130572
page_index,time_cycles
0,136294
page_index,time_cycles
0,138352
page_index,time_cycles
0,159420
page_index,time_cycles
0,152812
page_index,time_cycles
0,149600
page_index,time_cycles
0,79556
page_index,time_cycles
0,241648
page_index,time_cycles
0,126646
page_index,time_cycles
0,103468
page_index,time_cycles
0,132512
page_index,time_cycles
0,88758
page_index,time_cycles
0,85904
page_index,time_cycles
0,80416
page_index,time_cycles
0,87114
page_index,time_cycles
0,110954
page_index,time_cycles
0,126832
page_index,time_cycles
0,132758
page_index,time_cycles
0,199542
page_index,time_cycles
0,134906
page_index,time_cycles
0,161036
page_index,time_cycles
0,119426
page_index,time_cycles
0,114060
page_index,time_cycles
0,77916
page_index,time_cycles
0,131532
page_index,time_cycles
0,110468
page_index,time_cycles
0,105038
page_index,time_cycles
0,79386
page_index,time_cycles
0,93444
page_index,time_cycles
0,135548
page_index,time_cycles
0,130306
page_index,time_cycles
0,131964
page_index,time_cycles
0,139588
page_index,time_cycles
0,103376
page_index,time_cycles
0,123214
page_index,time_cycles
0,183726
page_index,time_cycles
0,89666
page_index,time_cycles
0,127770
page_index,time_cycles
0,138520
page_index,time_cycles
0,105492
page_index,time_cycles
0,139606
page_index,time_cycles
0,140514
page_index,time_cycles
0,144528
page_index,time_cycles
0,125104
page_index,time_cycles
0,82174
page_index,time_cycles
0,115784
page_index,time_cycles
0,130518
page_index,time_cycles
0,108964
page_index,time_cycles
0,179944
page_index,time_cycles
0,134638
page_index,time_cycles
0,94838
page_index,time_cycles
0,144972
page_index,time_cycles
0,107406
page_index,time_cycles
0,80060
page_index,time_cycles
0,129048
page_index,time_cycles
0,139762
page_index,time_cycles
0,79926
page_index,time_cycles
0,147096
page_index,time_cycles
0,118966
page_index,time_cycles
0,153648
page_index,time_cycles
0,193982
page_index,time_cycles
0,135760
page_index,time_cycles
0,117944
page_index,time_cycles
0,157950
page_index,time_cycles
0,151166
page_index,time_cycles
0,125564
page_index,time_cycles
0,141570
page_index,time_cycles
0,124914
page_index,time_cycles
0,141538
page_index,time_cycles
0,110376
page_index,time_cycles
0,116210
page_index,time_cycles
0,130936
page_index,time_cycles
0,94998
page_index,time_cycles
0,145074
page_index,time_cycles
0,75818
page_index,time_cycles
0,90548
page_index,time_cycles
0,111050
page_index,time_cycles
0,80228
page_index,time_cycles
0,77666
page_index,time_cycles
0,179156
page_index,time_cycles
0,79218
page_index,time_cycles
0,130222
page_index,time_cycles
0,140784
page_index,time_cycles
0,105734
page_index,time_cycles
0,151712
page_index,time_cycles
0,138968
page_index,time_cycles
0,77852
page_index,time_cycles
0,135842
page_index,time_cycles
0,103614
page_index,time_cycles
0,132992
page_index,time_cycles
0,129910
page_index,time_cycles
0,138150
page_index,time_cycles
0,129616
page_index,time_cycles
0,121340
page_index,time_cycles
0,148164
page_index,time_cycles
0,145530
page_index,time_cycles
0,128174
page_index,time_cycles
0,128594
page_index,time_cycles
0,145496
page_index,time_cycles
0,126572
page_index,time_cycles
0,83744
page_index,time_cycles
0,82822
page_index,time_cycles
0,81860
page_index,time_cycles
0,120418
page_index,time_cycles
0,126950
page_index,time_cycles
0,183082
page_index,time_cycles
0,126020
page_index,time_cycles
0,134554
page_index,time_cycles
0,143016
page_index,time_cycles
0,104680
page_index,time_cycles
0,135310
page_index,time_cycles
0,126622
page_index,time_cycles
0,96684
page_index,time_cycles
0,82794
page_index,time_cycles
0,187424
page_index,time_cycles
0,105874
page_index,time_cycles
0,113262
page_index,time_cycles
0,131150
page_index,time_cycles
0,118416
page_index,time_cycles
0,93900
page_index,time_cycles
0,114120
page_index,time_cycles
0,144088
page_index,time_cycles
0,130292
page_index,time_cycles
0,77204
page_index,time_cycles
0,143478
page_index,time_cycles
0,142484
page_index,time_cycles
0,144224
page_index,time_cycles
0,124296
page_index,time_cycles
0,80232
page_index,time_cycles
0,81104
page_index,time_cycles
0,140446
page_index,time_cycles
0,99582
page_index,time_cycles
0,137882
page_index,time_cycles
0,131044
page_index,time_cycles
0,138364
page_index,time_cycles
0,85304
page_index,time_cycles
0,145622
page_index,time_cycles
0,148112
page_index,time_cycles
0,133460
page_index,time_cycles
0,129762
page_index,time_cycles
0,130118
page_index,time_cycles
0,106354
page_index,time_cycles
0,132146
page_index,time_cycles
0,128106
page_index,time_cycles
0,107402
page_index,time_cycles
0,197262
page_index,time_cycles
0,101562
page_index,time_cycles
0,157576
page_index,time_cycles
0,140512
page_index,time_cycles
0,164608
page_index,time_cycles
0,132042
page_index,time_cycles
0,123758
page_index,time_cycles
0,134416
page_index,time_cycles
0,120530
page_index,time_cycles
0,140398
page_index,time_cycles
0,79506
page_index,time_cycles
0,132868
page_index,time_cycles
0,150192
page_index,time_cycles
0,104684
page_index,time_cycles
0,130982
page_index,time_cycles
0,124266
page_index,time_cycles
0,77216
page_index,time_cycles
0,143496
page_index,time_cycles
0,132906
page_index,time_cycles
0,157394
page_index,time_cycles
0,124948
page_index,time_cycles
0,114408
page_index,time_cycles
0,177204
page_index,time_cycles
0,138674
page_index,time_cycles
0,145802
page_index,time_cycles
0,100416
page_index,time_cycles
0,168684
page_index,time_cycles
0,155802
page_index,time_cycles
0,199346
page_index,time_cycles
0,126724
page_index,time_cycles
0,131072
page_index,time_cycles
0,142346
page_index,time_cycles
0,144008
page_index,time_cycles
0,132982
page_index,time_cycles
0,111456
page_index,time_cycles
0,140466
page_index,time_cycles
0,158214
page_index,time_cycles
0,105192
page_index,time_cycles
0,144036
page_index,time_cycles
0,138220
page_index,time_cycles
0,81706
page_index,time_cycles
0,126744
page_index,time_cycles
0,131720
page_index,time_cycles
0,111166
page_index,time_cycles
0,147528
page_index,time_cycles
0,88746
page_index,time_cycles
0,94350
page_index,time_cycles
0,138530
page_index,time_cycles
0,127624
page_index,time_cycles
0,145044
page_index,time_cycles
0,131080
page_index,time_cycles
0,143806
page_index,time_cycles
0,107950
page_index,time_cycles
0,131940
page_index,time_cycles
0,140648
page_index,time_cycles
0,124054
page_index,time_cycles
0,138252
page_index,time_cycles
0,130048
page_index,time_cycles
0,82206
page_index,time_cycles
0,104904
page_index,time_cycles
0,128796
page_index,time_cycles
0,95214
page_index,time_cycles
0,107626
page_index,time_cycles
0,125426
page_index,time_cycles
0,104858
page_index,time_cycles
0,145798
page_index,time_cycles
0,92486
page_index,time_cycles
0,134322
page_index,time_cycles
0,100488
page_index,time_cycles
0,145890
page_index,time_cycles
0,135366
page_index,time_cycles
0,79964
page_index,time_cycles
0,80876
page_index,time_cycles
0,136996
page_index,time_cycles
0,179536
page_index,time_cycles
0,141996
page_index,time_cycles
0,129190
page_index,time_cycles
0,132806
page_index,time_cycles
0,80162
page_index,time_cycles
0,129420
page_index,time_cycles
0,129916
page_index,time_cycles
0,149044
page_index,time_cycles
0,131278
page_index,time_cycles
0,105272
page_index,time_cycles
0,132862
page_index,time_cycles
0,117722
page_index,time_cycles
0,126608
page_index,time_cycles
0,96650
page_index,time_cycles
0,129682
page_index,time_cycles
0,180204
page_index,time_cycles
0,212190
page_index,time_cycles
0,77816
page_index,time_cycles
0,114042
page_index,time_cycles
0,86064
page_index,time_cycles
0,127514
page_index,time_cycles
0,130580
page_index,time_cycles
0,144754
page_index,time_cycles
0,130414
page_index,time_cycles
0,112996
page_index,time_cycles
0,113150
page_index,time_cycles
0,131140
page_index,time_cycles
0,90174
page_index,time_cycles
0,140996
page_index,time_cycles
0,80678
page_index,time_cycles
0,129888
page_index,time_cycles
0,145738
page_index,time_cycles
0,140786
page_index,time_cycles
0,129016
page_index,time_cycles
0,181448
page_index,time_cycles
0,83930
page_index,time_cycles
0,79942
page_index,time_cycles
0,127516
page_index,time_cycles
0,80148
page_index,time_cycles
0,97178
page_index,time_cycles
0,128332
page_index,time_cycles
0,183012
page_index,time_cycles
0,118744
page_index,time_cycles
0,117906
page_index,time_cycles
0,105304
page_index,time_cycles
0,116170
page_index,time_cycles
0,111876
page_index,time_cycles
0,109036
page_index,time_cycles
0,130460
page_index,time_cycles
0,153860
page_index,time_cycles
0,81656
page_index,time_cycles
0,142580
page_index,time_cycles
0,149028
page_index,time_cycles
0,138064
page_index,time_cycles
0,144798
page_index,time_cycles
0,162464
page_index,time_cycles
0,111870
page_index,time_cycles
0,109022
page_index,time_cycles
0,80108
page_index,time_cycles
0,87752
page_index,time_cycles
0,117764
page_index,time_cycles
0,112224
page_index,time_cycles
0,124712
page_index,time_cycles
0,146924
page_index,time_cycles
0,131142
page_index,time_cycles
0,139978
page_index,time_cycles
0,140512
page_index,time_cycles
0,182408
page_index,time_cycles
0,128316
page_index,time_cycles
0,133482
page_index,time_cycles
0,127158
page_index,time_cycles
0,109170
page_index,time_cycles
0,112826
page_index,time_cycles
0,96372
page_index,time_cycles
0,113538
page_index,time_cycles
0,94710
page_index,time_cycles
0,116708
page_index,time_cycles
0,80408
page_index,time_cycles
0,131660
page_index,time_cycles
0,144276
page_index,time_cycles
0,117840
page_index,time_cycles
0,111652
page_index,time_cycles
0,134984
page_index,time_cycles
0,91314
page_index,time_cycles
0,78322
page_index,time_cycles
0,131756
page_index,time_cycles
0,179918
page_index,time_cycles
0,140984
page_index,time_cycles
0,130972
page_index,time_cycles
0,101882
page_index,time_cycles
0,136882
page_index,time_cycles
0,191532
page_index,time_cycles
0,120554
page_index,time_cycles
0,144954
page_index,time_cycles
0,128674
page_index,time_cycles
0,125128
page_index,time_cycles
0,128596
page_index,time_cycles
0,143742
page_index,time_cycles
0,128500
page_index,time_cycles
0,193744
page_index,time_cycles
0,141018
page_index,time_cycles
0,105648
page_index,time_cycles
0,168624
page_index,time_cycles
0,92812
page_index,time_cycles
0,100096
page_index,time_cycles
0,134172
page_index,time_cycles
0,125978
page_index,time_cycles
0,130658
page_index,time_cycles
0,146076
page_index,time_cycles
0,93090
page_index,time_cycles
0,161978
page_index,time_cycles
0,131114
page_index,time_cycles
0,133144
page_index,time_cycles
0,112912
page_index,time_cycles
0,154428
page_index,time_cycles
0,109062
page_index,time_cycles
0,132476
page_index,time_cycles
0,131896
page_index,time_cycles
0,179856
page_index,time_cycles
0,77788
page_index,time_cycles
0,101086
page_index,time_cycles
0,80644
page_index,time_cycles
0,127430
page_index,time_cycles
0,101932
page_index,time_cycles
0,102146
page_index,time_cycles
0,127364
page_index,time_cycles
0,145214
page_index,time_cycles
0,128300
page_index,time_cycles
0,123190
page_index,time_cycles
0,79376
page_index,time_cycles
0,139544
page_index,time_cycles
0,124134
page_index,time_cycles
0,302700
page_index,time_cycles
0,139366
page_index,time_cycles
0,136624
page_index,time_cycles
0,133650
page_index,time_cycles
0,89988
page_index,time_cycles
0,93208
page_index,time_cycles
0,112484
page_index,time_cycles
0,131850
page_index,time_cycles
0,139606
page_index,time_cycles
0,134412
page_index,time_cycles
0,77936
page_index,time_cycles
0,100772
page_index,time_cycles
0,142332
page_index,time_cycles
0,113068
page_index,time_cycles
0,108522
page_index,time_cycles
0,126710
page_index,time_cycles
0,106804
page_index,time_cycles
0,122472
page_index,time_cycles
0,81038
page_index,time_cycles
0,131546
page_index,time_cycles
0,119504
page_index,time_cycles
0,78302
page_index,time_cycles
0,113208
page_index,time_cycles
0,134062
page_index,time_cycles
0,161230
page_index,time_cycles
0,180530
page_index,time_cycles
0,80448
page_index,time_cycles
0,82514
page_index,time_cycles
0,188072
page_index,time_cycles
0,134102
page_index,time_cycles
0,143178
page_index,time_cycles
0,122118
page_index,time_cycles
0,97088
page_index,time_cycles
0,133452
page_index,time_cycles
0,108718
page_index,time_cycles
0,80162
page_index,time_cycles
0,104886
page_index,time_cycles
0,106852
page_index,time_cycles
0,133038
page_index,time_cycles
0,142214
page_index,time_cycles
0,185220
page_index,time_cycles
0,126376
page_index,time_cycles
0,117990
page_index,time_cycles
0,104146
page_index,time_cycles
0,138006
page_index,time_cycles
0,103420
page_index,time_cycles
0,142696
page_index,time_cycles
0,143840
page_index,time_cycles
0,88790
page_index,time_cycles
0,81538
page_index,time_cycles
0,128650
page_index,time_cycles
0,134860
page_index,time_cycles
0,80180
page_index,time_cycles
0,115398
page_index,time_cycles
0,77108
page_index,time_cycles
0,110368
page_index,time_cycles
0,154060
page_index,time_cycles
0,136886
page_index,time_cycles
0,134700
page_index,time_cycles
0,99080
page_index,time_cycles
0,112830
page_index,time_cycles
0,150660
page_index,time_cycles
0,118962
page_index,time_cycles
0,1007592
page_index,time_cycles
0,128892
page_index,time_cycles
0,130362
page_index,time_cycles
0,174918
page_index,time_cycles
0,135776
page_index,time_cycles
0,119714
page_index,time_cycles
0,110126
page_index,time_cycles
0,93646
page_index,time_cycles
0,118008
page_index,time_cycles
0,132756
page_index,time_cycles
0,85736
page_index,time_cycles
0,147674
page_index,time_cycles
0,112814
page_index,time_cycles
0,132118
page_index,time_cycles
0,103362
page_index,time_cycles
0,89684
page_index,time_cycles
0,87744
page_index,time_cycles
0,127670
page_index,time_cycles
0,82032
page_index,time_cycles
0,128702
page_index,time_cycles
0,109658
page_index,time_cycles
0,127124
page_index,time_cycles
0,128368
page_index,time_cycles
0,174310
page_index,time_cycles
0,130032
page_index,time_cycles
0,133092
page_index,time_cycles
0,80802
page_index,time_cycles
0,107308
page_index,time_cycles
0,108488
page_index,time_cycles
0,132416
page_index,time_cycles
0,128114
page_index,time_cycles
0,263546
page_index,time_cycles
0,132896
page_index,time_cycles
0,135412
page_index,time_cycles
0,127146
page_index,time_cycles
0,139564
page_index,time_cycles
0,80116
page_index,time_cycles
0,131076
page_index,time_cycles
0,168914
page_index,time_cycles
0,147688
page_index,time_cycles
0,145640
page_index,time_cycles
0,207212
page_index,time_cycles
0,108334
page_index,time_cycles
0,110426
page_index,time_cycles
0,126964
page_index,time_cycles
0,116520
page_index,time_cycles
0,133776
page_index,time_cycles
0,143832
page_index,time_cycles
0,150712
page_index,time_cycles
0,121818
page_index,time_cycles
0,81526
page_index,time_cycles
0,97560
page_index,time_cycles
0,114256
page_index,time_cycles
0,118580
page_index,time_cycles
0,156478
page_index,time_cycles
0,85682
page_index,time_cycles
0,142866
page_index,time_cycles
0,127570
page_index,time_cycles
0,109026
page_index,time_cycles
0,127100
page_index,time_cycles
0,129138
page_index,time_cycles
0,130738
page_index,time_cycles
0,132232
page_index,time_cycles
0,138730
page_index,time_cycles
0,194158
page_index,time_cycles
0,156158
page_index,time_cycles
0,169824
page_index,time_cycles
0,140950
page_index,time_cycles
0,89564
page_index,time_cycles
0,132232
page_index,time_cycles
0,80634
page_index,time_cycles
0,134662
page_index,time_cycles
0,179850
page_index,time_cycles
0,182626
page_index,time_cycles
0,142932
page_index,time_cycles
0,81786
page_index,time_cycles
0,156674
page_index,time_cycles
0,81204
page_index,time_cycles
0,140148
page_index,time_cycles
0,124644
page_index,time_cycles
0,141658
page_index,time_cycles
0,140806
page_index,time_cycles
0,140330
page_index,time_cycles
0,131246
page_index,time_cycles
0,80420
page_index,time_cycles
0,132212
page_index,time_cycles
0,125662
page_index,time_cycles
0,145770
page_index,time_cycles
0,127888
page_index,time_cycles
0,144616
page_index,time_cycles
0,131840
page_index,time_cycles
0,130158
page_index,time_cycles
0,143048
page_index,time_cycles
0,98884
page_index,time_cycles
0,101562
page_index,time_cycles
0,77044
page_index,time_cycles
0,148104
page_index,time_cycles
0,78612
page_index,time_cycles
0,106662
page_index,time_cycles
0,149268
page_index,time_cycles
0,147310
page_index,time_cycles
0,199732
page_index,time_cycles
0,140890
page_index,time_cycles
0,100054
page_index,time_cycles
0,99580
page_index,time_cycles
0,78624
page_index,time_cycles
0,128456
page_index,time_cycles
0,130434
page_index,time_cycles
0,81500
page_index,time_cycles
0,140156
page_index,time_cycles
0,129454
page_index,time_cycles
0,177984
page_index,time_cycles
0,129274
page_index,time_cycles
0,125064
page_index,time_cycles
0,114700
page_index,time_cycles
0,79236
page_index,time_cycles
0,134604
page_index,time_cycles
0,102166
page_index,time_cycles
0,184964
page_index,time_cycles
0,134466
page_index,time_cycles
0,144328
page_index,time_cycles
0,90338
page_index,time_cycles
0,141510
page_index,time_cycles
0,130010
page_index,time_cycles
0,77976
page_index,time_cycles
0,77478
page_index,time_cycles
0,81602
page_index,time_cycles
0,128014
page_index,time_cycles
0,80020
page_index,time_cycles
0,78778
page_index,time_cycles
0,139634
page_index,time_cycles
0,173178
page_index,time_cycles
0,133782
page_index,time_cycles
0,132054
page_index,time_cycles
0,122466
page_index,time_cycles
0,134408
page_index,time_cycles
0,119260
page_index,time_cycles
0,129584
page_index,time_cycles
0,96202
page_index,time_cycles
0,133890
page_index,time_cycles
0,94470
page_index,time_cycles
0,160182
page_index,time_cycles
0,109626
page_index,time_cycles
0,176970
page_index,time_cycles
0,156914
page_index,time_cycles
0,124076
page_index,time_cycles
0,139782
page_index,time_cycles
0,127278
page_index,time_cycles
0,127328
page_index,time_cycles
0,130604
page_index,time_cycles
0,145212
page_index,time_cycles
0,132166
page_index,time_cycles
0,130600
page_index,time_cycles
0,131490
page_index,time_cycles
0,84420
page_index,time_cycles
0,133938
page_index,time_cycles
0,80052
page_index,time_cycles
0,127388
page_index,time_cycles
0,128774
page_index,time_cycles
0,126052
page_index,time_cycles
0,129782
page_index,time_cycles
0,142448
page_index,time_cycles
0,129568
page_index,time_cycles
0,143382
page_index,time_cycles
0,142156
page_index,time_cycles
0,186740
page_index,time_cycles
0,135126
page_index,time_cycles
0,160614
page_index,time_cycles
0,133608
page_index,time_cycles
0,139796
page_index,time_cycles
0,128254
page_index,time_cycles
0,138010
page_index,time_cycles
0,141342
page_index,time_cycles
0,115256
page_index,time_cycles
0,158554
page_index,time_cycles
0,141016
page_index,time_cycles
0,149072
page_index,time_cycles
0,138716
page_index,time_cycles
0,126580
page_index,time_cycles
0,151226
page_index,time_cycles
0,80552
page_index,time_cycles
0,81624
page_index,time_cycles
0,94084
page_index,time_cycles
0,148018
page_index,time_cycles
0,90316
page_index,time_cycles
0,143012
page_index,time_cycles
0,160874
page_index,time_cycles
0,150496
page_index,time_cycles
0,161568
page_index,time_cycles
0,140342
page_index,time_cycles
0,109270
page_index,time_cycles
0,103658
page_index,time_cycles
0,135576
page_index,time_cycles
0,145412
page_index,time_cycles
0,128318
page_index,time_cycles
0,127368
page_index,time_cycles
0,136488
page_index,time_cycles
0,137294
page_index,time_cycles
0,130642
page_index,time_cycles
0,182100
page_index,time_cycles
0,115362
page_index,time_cycles
0,129014
page_index,time_cycles
0,199832
page_index,time_cycles
0,130270
page_index,time_cycles
0,128498
page_index,time_cycles
0,149038
page_index,time_cycles
0,109954
page_index,time_cycles
0,132668
page_index,time_cycles
0,126772
page_index,time_cycles
0,184776
page_index,time_cycles
0,140792
page_index,time_cycles
0,129330
page_index,time_cycles
0,143116
page_index,time_cycles
0,144000
page_index,time_cycles
0,119986
page_index,time_cycles
0,129796
page_index,time_cycles
0,139238
page_index,time_cycles
0,84702
page_index,time_cycles
0,180440
page_index,time_cycles
0,123582
page_index,time_cycles
0,141162
page_index,time_cycles
0,112964
page_index,time_cycles
0,146864
page_index,time_cycles
0,197740
page_index,time_cycles
0,109996
page_index,time_cycles
0,125330
page_index,time_cycles
0,105504
page_index,time_cycles
0,120910
page_index,time_cycles
0,140894
page_index,time_cycles
0,119854
page_index,time_cycles
0,195008
page_index,time_cycles
0,82610
page_index,time_cycles
0,187070
page_index,time_cycles
0,125754
page_index,time_cycles
0,128218
page_index,time_cycles
0,179974
page_index,time_cycles
0,198790
page_index,time_cycles
0,128176
page_index,time_cycles
0,117398
page_index,time_cycles
0,132916
page_index,time_cycles
0,140240
page_index,time_cycles
0,111574
page_index,time_cycles
0,137076
page_index,time_cycles
0,103482
page_index,time_cycles
0,132514
page_index,time_cycles
0,138264
page_index,time_cycles
0,180536
page_index,time_cycles
0,139260
page_index,time_cycles
0,84160
page_index,time_cycles
0,143780
page_index,time_cycles
0,153192
page_index,time_cycles
0,150584
page_index,time_cycles
0,99240
page_index,time_cycles
0,80098
page_index,time_cycles
0,120758
page_index,time_cycles
0,174328
page_index,time_cycles
0,104204
page_index,time_cycles
0,101558
page_index,time_cycles
0,144338
page_index,time_cycles
0,81740
page_index,time_cycles
0,141644
page_index,time_cycles
0,130514
page_index,time_cycles
0,91278
page_index,time_cycles
0,130252
page_index,time_cycles
0,145132
page_index,time_cycles
0,140172
page_index,time_cycles
0,79920
page_index,time_cycles
0,117814
page_index,time_cycles
0,140496
page_index,time_cycles
0,137854
page_index,time_cycles
0,130174
page_index,time_cycles
0,159340
page_index,time_cycles
0,92952
page_index,time_cycles
0,81868
page_index,time_cycles
0,132904
page_index,time_cycles
0,105592
page_index,time_cycles
0,177968
page_index,time_cycles
0,140418
page_index,time_cycles
0,124974
page_index,time_cycles
0,85188
page_index,time_cycles
0,176852
page_index,time_cycles
0,134492
page_index,time_cycles
0,141556
page_index,time_cycles
0,109228
page_index,time_cycles
0,81352
page_index,time_cycles
0,157614
page_index,time_cycles
0,129768
page_index,time_cycles
0,136036
page_index,time_cycles
0,140956
page_index,time_cycles
0,139494
page_index,time_cycles
0,81464
page_index,time_cycles
0,79254
page_index,time_cycles
0,121052
page_index,time_cycles
0,148244
page_index,time_cycles
0,133338
page_index,time_cycles
0,129570
page_index,time_cycles
0,81096
page_index,time_cycles
0,137332
page_index,time_cycles
0,232630
page_index,time_cycles
0,136068
page_index,time_cycles
0,135582
page_index,time_cycles
0,135578
page_index,time_cycles
0,125206
page_index,time_cycles
0,136334
page_index,time_cycles
0,126736
page_index,time_cycles
0,142638
page_index,time_cycles
0,108438
page_index,time_cycles
0,113642
page_index,time_cycles
0,81738
page_index,time_cycles
0,129350
page_index,time_cycles
0,163484
page_index,time_cycles
0,194730
page_index,time_cycles
0,160802
page_index,time_cycles
0,82774
page_index,time_cycles
0,135998
page_index,time_cycles
0,130812
page_index,time_cycles
0,113624
page_index,time_cycles
0,93134
page_index,time_cycles
0,145528
page_index,time_cycles
0,144974
page_index,time_cycles
0,128146
page_index,time_cycles
0,142622
page_index,time_cycles
0,80612
page_index,time_cycles
0,188410
page_index,time_cycles
0,112226
page_index,time_cycles
0,128270
page_index,time_cycles
0,85610
page_index,time_cycles
0,140906
page_index,time_cycles
0,151266
page_index,time_cycles
0,135100
page_index,time_cycles
0,128912
page_index,time_cycles
0,116868
page_index,time_cycles
0,82502
page_index,time_cycles
0,153612
page_index,time_cycles
0,130376
page_index,time_cycles
0,180978
page_index,time_cycles
0,147732
page_index,time_cycles
0,176924
page_index,time_cycles
0,140694
page_index,time_cycles
0,115060
page_index,time_cycles
0,119094
page_index,time_cycles
0,143294
page_index,time_cycles
0,85116
page_index,time_cycles
0,104052
page_index,time_cycles
0,83784
page_index,time_cycles
0,144146
page_index,time_cycles
0,106890
page_index,time_cycles
0,132126
page_index,time_cycles
0,113342
page_index,time_cycles
0,113794
page_index,time_cycles
0,128126
page_index,time_cycles
0,144728
page_index,time_cycles
0,127276
page_index,time_cycles
0,138810
page_index,time_cycles
0,76026
page_index,time_cycles
0,83502
page_index,time_cycles
0,135814
page_index,time_cycles
0,132632
page_index,time_cycles
0,145282
page_index,time_cycles
0,140662
page_index,time_cycles
0,121632
page_index,time_cycles
0,143822
page_index,time_cycles
0,131654
page_index,time_cycles
0,97944
page_index,time_cycles
0,82946
page_index,time_cycles
0,117452
page_index,time_cycles
0,134398
page_index,time_cycles
0,155904
page_index,time_cycles
0,137592
page_index,time_cycles
0,1900822
page_index,time_cycles
0,126024
page_index,time_cycles
0,94220
page_index,time_cycles
0,147306
page_index,time_cycles
0,79522
page_index,time_cycles
0,136510
page_index,time_cycles
0,127584
page_index,time_cycles
0,130794
page_index,time_cycles
0,144436
page_index,time_cycles
0,82112
page_index,time_cycles
0,135466
page_index,time_cycles
0,309188
page_index,time_cycles
0,141688
page_index,time_cycles
0,138142
page_index,time_cycles
0,141216
page_index,time_cycles
0,123208
page_index,time_cycles
0,78400
page_index,time_cycles
0,141216
page_index,time_cycles
0,141772
page_index,time_cycles
0,79892
page_index,time_cycles
0,129410
page_index,time_cycles
0,133002
page_index,time_cycles
0,141696
page_index,time_cycles
0,109246
page_index,time_cycles
0,116960
page_index,time_cycles
0,128756
page_index,time_cycles
0,131966
page_index,time_cycles
0,80614
page_index,time_cycles
0,84670
page_index,time_cycles
0,79732
page_index,time_cycles
0,84362
page_index,time_cycles
0,195314
page_index,time_cycles
0,97462
page_index,time_cycles
0,138606
page_index,time_cycles
0,150160
page_index,time_cycles
0,143904
page_index,time_cycles
0,142034
page_index,time_cycles
0,143680
page_index,time_cycles
0,148166
page_index,time_cycles
0,192976
page_index,time_cycles
0,139960
page_index,time_cycles
0,94434
page_index,time_cycles
0,146984
page_index,time_cycles
0,114064
page_index,time_cycles
0,118678
page_index,time_cycles
0,89922
page_index,time_cycles
0,116252
page_index,time_cycles
0,113282
page_index,time_cycles
0,79104
page_index,time_cycles
0,98346
page_index,time_cycles
0,142994
page_index,time_cycles
0,77194
page_index,time_cycles
0,126176
page_index,time_cycles
0,147300
page_index,time_cycles
0,113950
page_index,time_cycles
0,117552
page_index,time_cycles
0,127382
page_index,time_cycles
0,140366
page_index,time_cycles
0,117516
page_index,time_cycles
0,125176
page_index,time_cycles
0,127156
page_index,time_cycles
0,113252
page_index,time_cycles
0,147376
page_index,time_cycles
0,178262
page_index,time_cycles
0,79670
page_index,time_cycles
0,101956
page_index,time_cycles
0,82904
page_index,time_cycles
0,148134
page_index,time_cycles
0,118926
page_index,time_cycles
0,93892
page_index,time_cycles
0,96008
page_index,time_cycles
0,143202
page_index,time_cycles
0,110430
page_index,time_cycles
0,142400
page_index,time_cycles
0,129010
page_index,time_cycles
0,81862
page_index,time_cycles
0,85178
page_index,time_cycles
0,153346
page_index,time_cycles
0,166746
page_index,time_cycles
0,153976
page_index,time_cycles
0,125340
page_index,time_cycles
0,123068
page_index,time_cycles
0,121478
page_index,time_cycles
0,178674
page_index,time_cycles
0,128336
page_index,time_cycles
0,139976
page_index,time_cycles
0,98752
page_index,time_cycles
0,141804
page_index,time_cycles
0,170622
page_index,time_cycles
0,134278
page_index,time_cycles
0,82260
page_index,time_cycles
0,139442
page_index,time_cycles
0,117106
page_index,time_cycles
0,132076
page_index,time_cycles
0,114002
page_index,time_cycles
0,130106
page_index,time_cycles
0,81126
page_index,time_cycles
0,103190
page_index,time_cycles
0,137202
page_index,time_cycles
0,79120
page_index,time_cycles
0,110088
page_index,time_cycles
0,128828
page_index,time_cycles
0,80932
page_index,time_cycles
0,132718
page_index,time_cycles
0,179180
page_index,time_cycles
0,80896
page_index,time_cycles
0,126268
page_index,time_cycles
0,81484
page_index,time_cycles
0,141036
page_index,time_cycles
0,118788
page_index,time_cycles
0,81134
page_index,time_cycles
0,151376
page_index,time_cycles
0,119016
page_index,time_cycles
0,114492
page_index,time_cycles
0,83516
page_index,time_cycles
0,153076
page_index,time_cycles
0,132504
page_index,time_cycles
0,76804
page_index,time_cycles
0,130478
page_index,time_cycles
0,132068
page_index,time_cycles
0,103614
page_index,time_cycles
0,136910
page_index,time_cycles
0,149518
page_index,time_cycles
0,113476
page_index,time_cycles
0,81130
page_index,time_cycles
0,118038
page_index,time_cycles
0,76496
page_index,time_cycles
0,77790
page_index,time_cycles
0,137030
page_index,time_cycles
0,220126
page_index,time_cycles
0,130962
page_index,time_cycles
0,91880
page_index,time_cycles
0,169172
page_index,time_cycles
0,129664
page_index,time_cycles
0,93926
page_index,time_cycles
0,130368
page_index,time_cycles
0,126010
page_index,time_cycles
0,115996
page_index,time_cycles
0,127674
page_index,time_cycles
0,115980
page_index,time_cycles
0,129880
page_index,time_cycles
0,91412
page_index,time_cycles
0,133064
page_index,time_cycles
0,138494
page_index,time_cycles
0,159222
page_index,time_cycles
0,173498
page_index,time_cycles
0,115160
page_index,time_cycles
0,128980
page_index,time_cycles
0,133138
page_index,time_cycles
0,135314
page_index,time_cycles
0,135934
page_index,time_cycles
0,149282
page_index,time_cycles
0,133656
page_index,time_cycles
0,133652
page_index,time_cycles
0,141114
page_index,time_cycles
0,80900
page_index,time_cycles
0,160814
page_index,time_cycles
0,114042
page_index,time_cycles
0,158420
page_index,time_cycles
0,108838
page_index,time_cycles
0,149278
page_index,time_cycles
0,129688
page_index,time_cycles
0,152746
page_index,time_cycles
0,134458
page_index,time_cycles
0,146042
page_index,time_cycles
0,112232
page_index,time_cycles
0,76316
page_index,time_cycles
0,104672
page_index,time_cycles
0,184872
page_index,time_cycles
0,115048
page_index,time_cycles
0,149220
page_index,time_cycles
0,128698
page_index,time_cycles
0,128160
page_index,time_cycles
0,93460
page_index,time_cycles
0,124070
page_index,time_cycles
0,125590
page_index,time_cycles
0,82694
page_index,time_cycles
0,130726
page_index,time_cycles
0,127714
page_index,time_cycles
0,83614
page_index,time_cycles
0,181114
page_index,time_cycles
0,76486
page_index,time_cycles
0,136464
page_index,time_cycles
0,181020
page_index,time_cycles
0,83156
page_index,time_cycles
0,124492
page_index,time_cycles
0,111206
page_index,time_cycles
0,194170
page_index,time_cycles
0,148898
page_index,time_cycles
0,138108
page_index,time_cycles
0,135452
page_index,time_cycles
0,105728
page_index,time_cycles
0,76700
page_index,time_cycles
0,129326
page_index,time_cycles
0,83048
page_index,time_cycles
0,146446
page_index,time_cycles
0,84398
page_index,time_cycles
0,78586
page_index,time_cycles
0,113778
page_index,time_cycles
0,152026
page_index,time_cycles
0,154178
page_index,time_cycles
0,196464
page_index,time_cycles
0,139802
page_index,time_cycles
0,130340
page_index,time_cycles
0,131516
page_index,time_cycles
0,143530
page_index,time_cycles
0,96040
page_index,time_cycles
0,140218
page_index,time_cycles
0,81818
page_index,time_cycles
0,104570
page_index,time_cycles
0,126214
page_index,time_cycles
0,100380
page_index,time_cycles
0,92858
page_index,time_cycles
0,128922
page_index,time_cycles
0,119554
page_index,time_cycles
0,94218
page_index,time_cycles
0,141288
page_index,time_cycles
0,104208
page_index,time_cycles
0,138240
page_index,time_cycles
0,101080
page_index,time_cycles
0,120936
page_index,time_cycles
0,175690
page_index,time_cycles
0,113502
page_index,time_cycles
0,112544
page_index,time_cycles
0,132914
page_index,time_cycles
0,131500
page_index,time_cycles
0,126546
page_index,time_cycles
0,83340
page_index,time_cycles
0,126366
page_index,time_cycles
0,99864
page_index,time_cycles
0,136302
page_index,time_cycles
0,138854
page_index,time_cycles
0,132444
page_index,time_cycles
0,143246
page_index,time_cycles
0,80984
page_index,time_cycles
0,90286
page_index,time_cycles
0,134010
page_index,time_cycles
0,140334
page_index,time_cycles
0,140164
page_index,time_cycles
0,132624
page_index,time_cycles
0,89370
page_index,time_cycles
0,107042
page_index,time_cycles
0,142090
page_index,time_cycles
0,78574
page_index,time_cycles
0,136984
page_index,time_cycles
0,194154
page_index,time_cycles
0,117606
page_index,time_cycles
0,144100
page_index,time_cycles
0,110218
page_index,time_cycles
0,92062
page_index,time_cycles
0,141380
page_index,time_cycles
0,132748
page_index,time_cycles
0,185302
page_index,time_cycles
0,146076
page_index,time_cycles
0,141806
page_index,time_cycles
0,147630
page_index,time_cycles
0,80614
page_index,time_cycles
0,129484
page_index,time_cycles
0,93958
page_index,time_cycles
0,94194
page_index,time_cycles
0,116200
page_index,time_cycles
0,85944
page_index,time_cycles
0,129702
page_index,time_cycles
0,81248
page_index,time_cycles
0,145334
page_index,time_cycles
0,114328
page_index,time_cycles
0,143624
page_index,time_cycles
0,79932
page_index,time_cycles
0,84572
page_index,time_cycles
0,129312
page_index,time_cycles
0,130992
page_index,time_cycles
0,127222
page_index,time_cycles
0,109154
page_index,time_cycles
0,111120
page_index,time_cycles
0,114702
page_index,time_cycles
0,150830
page_index,time_cycles
0,144394
page_index,time_cycles
0,139812
page_index,time_cycles
0,154288
page_index,time_cycles
0,124136
page_index,time_cycles
0,84706
page_index,time_cycles
0,142978
page_index,time_cycles
0,157914
page_index,time_cycles
0,131358
page_index,time_cycles
0,108886
page_index,time_cycles
0,79094
page_index,time_cycles
0,130280
page_index,time_cycles
0,128722
page_index,time_cycles
0,142686
page_index,time_cycles
0,106560
page_index,time_cycles
0,146210
page_index,time_cycles
0,114466
page_index,time_cycles
0,83308
page_index,time_cycles
0,80762
page_index,time_cycles
0,82762
page_index,time_cycles
0,204916
page_index,time_cycles
0,128028
page_index,time_cycles
0,113920
page_index,time_cycles
0,145996
page_index,time_cycles
0,136570
page_index,time_cycles
0,90686
page_index,time_cycles
0,129486
page_index,time_cycles
0,224368
page_index,time_cycles
0,105488
page_index,time_cycles
0,108706
page_index,time_cycles
0,132858
page_index,time_cycles
0,194842
page_index,time_cycles
0,135802
page_index,time_cycles
0,116200
page_index,time_cycles
0,137888
page_index,time_cycles
0,135942
page_index,time_cycles
0,142990
page_index,time_cycles
0,153782
page_index,time_cycles
0,159178
page_index,time_cycles
0,121702
page_index,time_cycles
0,101354
page_index,time_cycles
0,82290
page_index,time_cycles
0,110540
page_index,time_cycles
0,121318
page_index,time_cycles
0,109288
page_index,time_cycles
0,114124
page_index,time_cycles
0,87412
page_index,time_cycles
0,109792
page_index,time_cycles
0,129616
page_index,time_cycles
0,141574
page_index,time_cycles
0,163452
page_index,time_cycles
0,85202
page_index,time_cycles
0,119320
page_index,time_cycles
0,157638
page_index,time_cycles
0,143724
page_index,time_cycles
0,142272
page_index,time_cycles
0,133714
page_index,time_cycles
0,134962
page_index,time_cycles
0,102362
page_index,time_cycles
0,138196
page_index,time_cycles
0,79886
page_index,time_cycles
0,125728
page_index,time_cycles
0,95688
page_index,time_cycles
0,78082
page_index,time_cycles
0,110970
page_index,time_cycles
0,145852
page_index,time_cycles
0,129890
page_index,time_cycles
0,84484
page_index,time_cycles
0,135976
page_index,time_cycles
0,140904
page_index,time_cycles
0,157204
page_index,time_cycles
0,104682
page_index,time_cycles
0,113296
page_index,time_cycles
0,101384
page_index,time_cycles
0,118240
page_index,time_cycles
0,118266
page_index,time_cycles
0,128800
page_index,time_cycles
0,177760
page_index,time_cycles
0,108610
page_index,time_cycles
0,141858
page_index,time_cycles
0,92068
page_index,time_cycles
0,132988
page_index,time_cycles
0,129642
page_index,time_cycles
0,141724
page_index,time_cycles
0,140116
page_index,time_cycles
0,85346
page_index,time_cycles
0,145906
page_index,time_cycles
0,175040
page_index,time_cycles
0,128078
page_index,time_cycles
0,117050
page_index,time_cycles
0,127664
page_index,time_cycles
0,134980
page_index,time_cycles
0,128972
page_index,time_cycles
0,134842
page_index,time_cycles
0,112818
page_index,time_cycles
0,101100
page_index,time_cycles
0,144812
page_index,time_cycles
0,110936
page_index,time_cycles
0,167692
page_index,time_cycles
0,150782
page_index,time_cycles
0,111290
page_index,time_cycles
0,128546
page_index,time_cycles
0,145056
page_index,time_cycles
0,143424
page_index,time_cycles
0,149494
page_index,time_cycles
0,83732
page_index,time_cycles
0,83506
page_index,time_cycles
0,142960
page_index,time_cycles
0,140178
page_index,time_cycles
0,82756
page_index,time_cycles
0,81888
page_index,time_cycles
0,106424
page_index,time_cycles
0,135336
page_index,time_cycles
0,127922
page_index,time_cycles
0,133366
page_index,time_cycles
0,141472
page_index,time_cycles
0,179922
page_index,time_cycles
0,138054
page_index,time_cycles
0,135850
page_index,time_cycles
0,125636
page_index,time_cycles
0,134076
page_index,time_cycles
0,81768
page_index,time_cycles
0,125036
page_index,time_cycles
0,81136
page_index,time_cycles
0,129522
page_index,time_cycles
0,115046
page_index,time_cycles
0,80022
page_index,time_cycles
0,84122
page_index,time_cycles
0,104884
page_index,time_cycles
0,113210
page_index,time_cycles
0,85110
page_index,time_cycles
0,133264
page_index,time_cycles
0,152990
page_index,time_cycles
0,148364
page_index,time_cycles
0,87250
page_index,time_cycles
0,194372
page_index,time_cycles
0,107816
page_index,time_cycles
0,82390
page_index,time_cycles
0,78688
page_index,time_cycles
0,147960
page_index,time_cycles
0,178500
page_index,time_cycles
0,128976
page_index,time_cycles
0,257310
page_index,time_cycles
0,134718
page_index,time_cycles
0,141600
page_index,time_cycles
0,115680
page_index,time_cycles
0,126234
page_index,time_cycles
0,131476
page_index,time_cycles
0,80232
page_index,time_cycles
0,135610
page_index,time_cycles
0,126556
page_index,time_cycles
0,160764
page_index,time_cycles
0,133962
page_index,time_cycles
0,272260
page_index,time_cycles
0,135204
page_index,time_cycles
0,131248
page_index,time_cycles
0,137992
page_index,time_cycles
0,98286
page_index,time_cycles
0,134760
page_index,time_cycles
0,82900
page_index,time_cycles
0,102956
page_index,time_cycles
0,100466
page_index,time_cycles
0,140702
page_index,time_cycles
0,107036
page_index,time_cycles
0,77662
page_index,time_cycles
0,131862
page_index,time_cycles
0,126290
page_index,time_cycles
0,158020
page_index,time_cycles
0,143860
page_index,time_cycles
0,195458
page_index,time_cycles
0,126750
page_index,time_cycles
0,117428
page_index,time_cycles
0,140300
page_index,time_cycles
0,112884
page_index,time_cycles
0,149288
page_index,time_cycles
0,133802
page_index,time_cycles
0,78522
page_index,time_cycles
0,138058
page_index,time_cycles
0,131004
page_index,time_cycles
0,144936
page_index,time_cycles
0,92496
page_index,time_cycles
0,120750
page_index,time_cycles
0,99330
page_index,time_cycles
0,127462
page_index,time_cycles
0,139506
page_index,time_cycles
0,133444
page_index,time_cycles
0,142202
page_index,time_cycles
0,115134
page_index,time_cycles
0,124942
page_index,time_cycles
0,82746
page_index,time_cycles
0,145366
page_index,time_cycles
0,126830
page_index,time_cycles
0,122928
page_index,time_cycles
0,139834
page_index,time_cycles
0,100734
page_index,time_cycles
0,130472
page_index,time_cycles
0,190442
page_index,time_cycles
0,160900
page_index,time_cycles
0,130238
page_index,time_cycles
0,124940
page_index,time_cycles
0,89434
page_index,time_cycles
0,137614
page_index,time_cycles
0,140626
page_index,time_cycles
0,113144
page_index,time_cycles
0,77716
page_index,time_cycles
0,139060
page_index,time_cycles
0,147500
page_index,time_cycles
0,143430
page_index,time_cycles
0,140938
page_index,time_cycles
0,152286
page_index,time_cycles
0,165404
page_index,time_cycles
0,80324
page_index,time_cycles
0,80526
page_index,time_cycles
0,135016
page_index,time_cycles
0,117184
page_index,time_cycles
0,136354
page_index,time_cycles
0,194094
page_index,time_cycles
0,139642
page_index,time_cycles
0,133254
page_index,time_cycles
0,153806
page_index,time_cycles
0,79124
page_index,time_cycles
0,152312
page_index,time_cycles
0,143240
page_index,time_cycles
0,110420
page_index,time_cycles
0,82830
page_index,time_cycles
0,129950
page_index,time_cycles
0,175064
page_index,time_cycles
0,83722
page_index,time_cycles
0,134192
page_index,time_cycles
0,130852
page_index,time_cycles
0,81842
page_index,time_cycles
0,128202
page_index,time_cycles
0,122280
page_index,time_cycles
0,139838
page_index,time_cycles
0,116006
page_index,time_cycles
0,140566
page_index,time_cycles
0,112232
page_index,time_cycles
0,135784
page_index,time_cycles
0,126342
page_index,time_cycles
0,100628
page_index,time_cycles
0,149330
page_index,time_cycles
0,147044
page_index,time_cycles
0,141364
page_index,time_cycles
0,126880
page_index,time_cycles
0,175490
page_index,time_cycles
0,120592
page_index,time_cycles
0,130172
page_index,time_cycles
0,83256
page_index,time_cycles
0,81258
page_index,time_cycles
0,122702
page_index,time_cycles
0,98112
page_index,time_cycles
0,141982
page_index,time_cycles
0,116184
page_index,time_cycles
0,130420
page_index,time_cycles
0,120278
page_index,time_cycles
0,81742
page_index,time_cycles
0,121192
page_index,time_cycles
0,120080
page_index,time_cycles
0,146770
page_index,time_cycles
0,152670
page_index,time_cycles
0,77436
page_index,time_cycles
0,138676
page_index,time_cycles
0,119652
page_index,time_cycles
0,137986
page_index,time_cycles
0,79140
page_index,time_cycles
0,136410
page_index,time_cycles
0,95286
page_index,time_cycles
0,92914
page_index,time_cycles
0,93846
page_index,time_cycles
0,80508
page_index,time_cycles
0,174782
page_index,time_cycles
0,148832
page_index,time_cycles
0,127762
page_index,time_cycles
0,144036
page_index,time_cycles
0,127762
page_index,time_cycles
0,119782
page_index,time_cycles
0,103446
page_index,time_cycles
0,142478
page_index,time_cycles
0,94002
page_index,time_cycles
0,134776
page_index,time_cycles
0,192108
page_index,time_cycles
0,121480
page_index,time_cycles
0,142688
page_index,time_cycles
0,82490
page_index,time_cycles
0,80948
page_index,time_cycles
0,133036
page_index,time_cycles
0,130316
page_index,time_cycles
0,112848
page_index,time_cycles
0,141160
page_index,time_cycles
0,83288
page_index,time_cycles
0,79380
page_index,time_cycles
0,128826
page_index,time_cycles
0,78450
page_index,time_cycles
0,126674
page_index,time_cycles
0,221022
page_index,time_cycles
0,86964
page_index,time_cycles
0,143128
page_index,time_cycles
0,105970
page_index,time_cycles
0,195142
page_index,time_cycles
0,176012
page_index,time_cycles
0,129194
page_index,time_cycles
0,121412
page_index,time_cycles
0,133282
page_index,time_cycles
0,125718
page_index,time_cycles
0,138038
page_index,time_cycles
0,79358
page_index,time_cycles
0,115590
page_index,time_cycles
0,142982
page_index,time_cycles
0,128832
page_index,time_cycles
0,136888
page_index,time_cycles
0,81816
page_index,time_cycles
0,154942
page_index,time_cycles
0,114210
page_index,time_cycles
0,78796
page_index,time_cycles
0,151026
page_index,time_cycles
0,157286
page_index,time_cycles
0,132200
page_index,time_cycles
0,127850
page_index,time_cycles
0,139306
page_index,time_cycles
0,140556
page_index,time_cycles
0,84976
page_index,time_cycles
0,80986
page_index,time_cycles
0,130612
page_index,time_cycles
0,110904
page_index,time_cycles
0,174660
page_index,time_cycles
0,144268
page_index,time_cycles
0,141176
page_index,time_cycles
0,135214
page_index,time_cycles
0,127866
page_index,time_cycles
0,120702
page_index,time_cycles
0,272764
page_index,time_cycles
0,158782
page_index,time_cycles
0,159830
page_index,time_cycles
0,133268
page_index,time_cycles
0,129164
page_index,time_cycles
0,146508
page_index,time_cycles
0,110386
page_index,time_cycles
0,109084
page_index,time_cycles
0,132742
page_index,time_cycles
0,104960
page_index,time_cycles
0,106470
page_index,time_cycles
0,134286
page_index,time_cycles
0,135792
page_index,time_cycles
0,140818
page_index,time_cycles
0,187082
page_index,time_cycles
0,92396
page_index,time_cycles
0,128214
page_index,time_cycles
0,131688
page_index,time_cycles
0,77232
page_index,time_cycles
0,100324
page_index,time_cycles
0,78266
page_index,time_cycles
0,128462
page_index,time_cycles
0,83568
page_index,time_cycles
0,81120
page_index,time_cycles
0,91224
page_index,time_cycles
0,123450
page_index,time_cycles
0,188396
page_index,time_cycles
0,80066
page_index,time_cycles
0,103144
page_index,time_cycles
0,184248
page_index,time_cycles
0,131200
page_index,time_cycles
0,165426
page_index,time_cycles
0,130054
page_index,time_cycles
0,145674
page_index,time_cycles
0,149428
page_index,time_cycles
0,78334
page_index,time_cycles
0,137196
page_index,time_cycles
0,79574
page_index,time_cycles
0,145682
page_index,time_cycles
0,115756
page_index,time_cycles
0,86052
page_index,time_cycles
0,154060
page_index,time_cycles
0,137540
page_index,time_cycles
0,123628
page_index,time_cycles
0,113798
page_index,time_cycles
0,131258
page_index,time_cycles
0,97888
page_index,time_cycles
0,82108
page_index,time_cycles
0,107262
page_index,time_cycles
0,125202
page_index,time_cycles
0,204508
page_index,time_cycles
0,133974
page_index,time_cycles
0,147612
page_index,time_cycles
0,132510
page_index,time_cycles
0,156916
page_index,time_cycles
0,144850
page_index,time_cycles
0,114912
page_index,time_cycles
0,128244
page_index,time_cycles
0,127268
page_index,time_cycles
0,83266
page_index,time_cycles
0,142834
page_index,time_cycles
0,156462
page_index,time_cycles
0,95286
page_index,time_cycles
0,91248
page_index,time_cycles
0,80294
page_index,time_cycles
0,114954
page_index,time_cycles
0,132656
page_index,time_cycles
0,117454
page_index,time_cycles
0,108240
page_index,time_cycles
0,134988
page_index,time_cycles
0,134820
page_index,time_cycles
0,126144
page_index,time_cycles
0,87684
page_index,time_cycles
0,77314
page_index,time_cycles
0,128640
page_index,time_cycles
0,112584
page_index,time_cycles
0,83704
page_index,time_cycles
0,116060
page_index,time_cycles
0,138462
page_index,time_cycles
0,136754
page_index,time_cycles
0,80160
page_index,time_cycles
0,155736
page_index,time_cycles
0,127720
page_index,time_cycles
0,79964
page_index,time_cycles
0,120880
page_index,time_cycles
0,189192
page_index,time_cycles
0,126314
page_index,time_cycles
0,115080
page_index,time_cycles
0,137496
page_index,time_cycles
0,143338
page_index,time_cycles
0,147916
page_index,time_cycles
0,121558
page_index,time_cycles
0,128708
page_index,time_cycles
0,128516
page_index,time_cycles
0,136534
page_index,time_cycles
0,131890
page_index,time_cycles
0,130112
page_index,time_cycles
0,156470
page_index,time_cycles
0,82122
page_index,time_cycles
0,82410
page_index,time_cycles
0,136484
page_index,time_cycles
0,93242
page_index,time_cycles
0,92798
page_index,time_cycles
0,139032
page_index,time_cycles
0,135952
page_index,time_cycles
0,133304
page_index,time_cycles
0,82676
page_index,time_cycles
0,176170
page_index,time_cycles
0,130374
page_index,time_cycles
0,166340
page_index,time_cycles
0,146666
page_index,time_cycles
0,132012
page_index,time_cycles
0,110468
page_index,time_cycles
0,111450
page_index,time_cycles
0,139724
page_index,time_cycles
0,130016
page_index,time_cycles
0,80680
page_index,time_cycles
0,134572
page_index,time_cycles
0,138724
page_index,time_cycles
0,79484
page_index,time_cycles
0,95336
page_index,time_cycles
0,130140
page_index,time_cycles
0,79028
page_index,time_cycles
0,137612
page_index,time_cycles
0,159582
page_index,time_cycles
0,80700
page_index,time_cycles
0,154928
page_index,time_cycles
0,145970
page_index,time_cycles
0,176432
page_index,time_cycles
0,135576
page_index,time_cycles
0,133300
page_index,time_cycles
0,145114
page_index,time_cycles
0,128206
page_index,time_cycles
0,145438
page_index,time_cycles
0,263918
page_index,time_cycles
0,119956
page_index,time_cycles
0,80386
page_index,time_cycles
0,154720
page_index,time_cycles
0,137026
page_index,time_cycles
0,129426
page_index,time_cycles
0,82038
page_index,time_cycles
0,116170
page_index,time_cycles
0,84212
page_index,time_cycles
0,95762
page_index,time_cycles
0,112990
page_index,time_cycles
0,110956
page_index,time_cycles
0,87784
page_index,time_cycles
0,186412
page_index,time_cycles
0,83598
page_index,time_cycles
0,114288
page_index,time_cycles
0,120610
page_index,time_cycles
0,182948
page_index,time_cycles
0,108654
page_index,time_cycles
0,142070
page_index,time_cycles
0,106962
page_index,time_cycles
0,76710
page_index,time_cycles
0,82326
page_index,time_cycles
0,110640
page_index,time_cycles
0,126608
page_index,time_cycles
0,151598
page_index,time_cycles
0,132744
page_index,time_cycles
0,113376
page_index,time_cycles
0,131576
page_index,time_cycles
0,115146
page_index,time_cycles
0,116358
page_index,time_cycles
0,145018
page_index,time_cycles
0,133300
page_index,time_cycles
0,134232
page_index,time_cycles
0,105460
page_index,time_cycles
0,167090
page_index,time_cycles
0,129364
page_index,time_cycles
0,125632
page_index,time_cycles
0,129706
page_index,time_cycles
0,134140
page_index,time_cycles
0,129508
page_index,time_cycles
0,146262
page_index,time_cycles
0,130336
page_index,time_cycles
0,191580
page_index,time_cycles
0,176526
page_index,time_cycles
0,128786
page_index,time_cycles
0,80134
page_index,time_cycles
0,144054
page_index,time_cycles
0,128814
page_index,time_cycles
0,139620
page_index,time_cycles
0,79206
page_index,time_cycles
0,101978
page_index,time_cycles
0,128124
page_index,time_cycles
0,144734
page_index,time_cycles
0,127384
page_index,time_cycles
0,82130
page_index,time_cycles
0,132884
page_index,time_cycles
0,129116
page_index,time_cycles
0,133050
page_index,time_cycles
0,141888
page_index,time_cycles
0,120608
page_index,time_cycles
0,170200
page_index,time_cycles
0,139938
page_index,time_cycles
0,100052
page_index,time_cycles
0,139554
page_index,time_cycles
0,128794
page_index,time_cycles
0,79218
page_index,time_cycles
0,120266
page_index,time_cycles
0,104088
page_index,time_cycles
0,159634
page_index,time_cycles
0,100012
page_index,time_cycles
0,135960
page_index,time_cycles
0,135082
page_index,time_cycles
0,81098
page_index,time_cycles
0,89730
page_index,time_cycles
0,141192
page_index,time_cycles
0,111236
page_index,time_cycles
0,81080
page_index,time_cycles
0,137284
page_index,time_cycles
0,101926
page_index,time_cycles
0,135774
page_index,time_cycles
0,157864
page_index,time_cycles
0,110728
page_index,time_cycles
0,143366
page_index,time_cycles
0,119524
page_index,time_cycles
0,79792
page_index,time_cycles
0,133120
page_index,time_cycles
0,110024
page_index,time_cycles
0,131172
page_index,time_cycles
0,120932
page_index,time_cycles
0,97306
page_index,time_cycles
0,103766
page_index,time_cycles
0,104830
page_index,time_cycles
0,157262
page_index,time_cycles
0,134994
page_index,time_cycles
0,129494
page_index,time_cycles
0,80892
page_index,time_cycles
0,126546
page_index,time_cycles
0,90454
page_index,time_cycles
0,138954
page_index,time_cycles
0,98952
page_index,time_cycles
0,81078
page_index,time_cycles
0,130968
page_index,time_cycles
0,77600
page_index,time_cycles
0,139060
page_index,time_cycles
0,127398
page_index,time_cycles
0,129528
page_index,time_cycles
0,143960
page_index,time_cycles
0,178028
page_index,time_cycles
0,136268
page_index,time_cycles
0,89864
page_index,time_cycles
0,183040
page_index,time_cycles
0,240236
page_index,time_cycles
0,111248
page_index,time_cycles
0,108448
page_index,time_cycles
0,137260
page_index,time_cycles
0,138158
page_index,time_cycles
0,119392
page_index,time_cycles
0,190382
page_index,time_cycles
0,101866
page_index,time_cycles
0,102422
page_index,time_cycles
0,116958
page_index,time_cycles
0,131982
page_index,time_cycles
0,138508
page_index,time_cycles
0,139282
page_index,time_cycles
0,111970
page_index,time_cycles
0,129284
page_index,time_cycles
0,143922
page_index,time_cycles
0,199654
page_index,time_cycles
0,121788
page_index,time_cycles
0,127992
page_index,time_cycles
0,182946
page_index,time_cycles
0,119874
page_index,time_cycles
0,131698
page_index,time_cycles
0,143668
page_index,time_cycles
0,84724
page_index,time_cycles
0,90576
page_index,time_cycles
0,134064
page_index,time_cycles
0,132110
page_index,time_cycles
0,134782
page_index,time_cycles
0,80342
page_index,time_cycles
0,113356
page_index,time_cycles
0,155748
page_index,time_cycles
0,227508
page_index,time_cycles
0,132480
page_index,time_cycles
0,133882
page_index,time_cycles
0,156356
page_index,time_cycles
0,101024
page_index,time_cycles
0,147878
page_index,time_cycles
0,143826
page_index,time_cycles
0,139974
page_index,time_cycles
0,157922
page_index,time_cycles
0,80320
page_index,time_cycles
0,130708
page_index,time_cycles
0,81512
page_index,time_cycles
0,135298
page_index,time_cycles
0,86730
page_index,time_cycles
0,138332
page_index,time_cycles
0,78630
page_index,time_cycles
0,110002
page_index,time_cycles
0,126250
page_index,time_cycles
0,84450
page_index,time_cycles
0,129842
page_index,time_cycles
0,128076
page_index,time_cycles
0,156468
page_index,time_cycles
0,149154
page_index,time_cycles
0,148350
page_index,time_cycles
0,121864
page_index,time_cycles
0,78052
page_index,time_cycles
0,134256
page_index,time_cycles
0,102626
page_index,time_cycles
0,116708
page_index,time_cycles
0,128562
page_index,time_cycles
0,131786
page_index,time_cycles
0,142230
page_index,time_cycles
0,134828
page_index,time_cycles
0,94600
page_index,time_cycles
0,145860
page_index,time_cycles
0,125750
page_index,time_cycles
0,105812
page_index,time_cycles
0,145702
page_index,time_cycles
0,137700
page_index,time_cycles
0,110336
page_index,time_cycles
0,122302
page_index,time_cycles
0,128108
page_index,time_cycles
0,131618
page_index,time_cycles
0,81784
page_index,time_cycles
0,143536
page_index,time_cycles
0,157096
page_index,time_cycles
0,155064
page_index,time_cycles
0,168806
page_index,time_cycles
0,100376
page_index,time_cycles
0,128768
page_index,time_cycles
0,180820
page_index,time_cycles
0,128170
page_index,time_cycles
0,118930
page_index,time_cycles
0,159406
page_index,time_cycles
0,130126
page_index,time_cycles
0,92086
page_index,time_cycles
0,98598
page_index,time_cycles
0,80368
page_index,time_cycles
0,189396
page_index,time_cycles
0,144270
page_index,time_cycles
0,131452
page_index,time_cycles
0,134334
page_index,time_cycles
0,149492
page_index,time_cycles
0,113836
page_index,time_cycles
0,130538
page_index,time_cycles
0,132794
page_index,time_cycles
0,140458
page_index,time_cycles
0,118140
page_index,time_cycles
0,131168
page_index,time_cycles
0,125916
page_index,time_cycles
0,134592
page_index,time_cycles
0,137182
page_index,time_cycles
0,141526
page_index,time_cycles
0,151576
page_index,time_cycles
0,137666
page_index,time_cycles
0,135146
page_index,time_cycles
0,144180
page_index,time_cycles
0,138734
page_index,time_cycles
0,137910
page_index,time_cycles
0,129738
page_index,time_cycles
0,100338
page_index,time_cycles
0,133992
page_index,time_cycles
0,125880
page_index,time_cycles
0,149834
page_index,time_cycles
0,78260
page_index,time_cycles
0,137076
page_index,time_cycles
0,133484
page_index,time_cycles
0,137582
page_index,time_cycles
0,127870
page_index,time_cycles
0,82334
page_index,time_cycles
0,130004
page_index,time_cycles
0,144162
page_index,time_cycles
0,84270
page_index,time_cycles
0,133836
page_index,time_cycles
0,178490
page_index,time_cycles
0,112402
page_index,time_cycles
0,145116
page_index,time_cycles
0,131644
page_index,time_cycles
0,78020
page_index,time_cycles
0,83230
page_index,time_cycles
0,146092
page_index,time_cycles
0,131426
page_index,time_cycles
0,134988
page_index,time_cycles
0,105562
page_index,time_cycles
0,127588
page_index,time_cycles
0,144380
page_index,time_cycles
0,110330
page_index,time_cycles
0,110166
page_index,time_cycles
0,294812
page_index,time_cycles
0,134160
page_index,time_cycles
0,85214
page_index,time_cycles
0,139562
page_index,time_cycles
0,84912
page_index,time_cycles
0,108082
page_index,time_cycles
0,124378
page_index,time_cycles
0,110842
page_index,time_cycles
0,126798
page_index,time_cycles
0,99152
page_index,time_cycles
0,104944
page_index,time_cycles
0,114040
page_index,time_cycles
0,193570
page_index,time_cycles
0,175902
page_index,time_cycles
0,133570
page_index,time_cycles
0,142426
page_index,time_cycles
0,81406
page_index,time_cycles
0,117634
page_index,time_cycles
0,86326
page_index,time_cycles
0,129372
page_index,time_cycles
0,198560
page_index,time_cycles
0,79252
page_index,time_cycles
0,140060
page_index,time_cycles
0,133082
page_index,time_cycles
0,127216
page_index,time_cycles
0,139924
page_index,time_cycles
0,79412
page_index,time_cycles
0,115140
page_index,time_cycles
0,118616
page_index,time_cycles
0,127898
page_index,time_cycles
0,80218
page_index,time_cycles
0,76160
page_index,time_cycles
0,115690
page_index,time_cycles
0,186852
page_index,time_cycles
0,147270
page_index,time_cycles
0,144958
page_index,time_cycles
0,112578
page_index,time_cycles
0,121908
page_index,time_cycles
0,118234
page_index,time_cycles
0,215388
page_index,time_cycles
0,130518
page_index,time_cycles
0,139876
page_index,time_cycles
0,127914
page_index,time_cycles
0,140614
page_index,time_cycles
0,79042
page_index,time_cycles
0,151102
page_index,time_cycles
0,185460
page_index,time_cycles
0,119070
page_index,time_cycles
0,150152
page_index,time_cycles
0,128576
page_index,time_cycles
0,76798
page_index,time_cycles
0,154496
page_index,time_cycles
0,83456
page_index,time_cycles
0,160316
page_index,time_cycles
0,108486
page_index,time_cycles
0,142208
page_index,time_cycles
0,96980
page_index,time_cycles
0,135776
page_index,time_cycles
0,127382
page_index,time_cycles
0,133316
page_index,time_cycles
0,129526
page_index,time_cycles
0,116630
page_index,time_cycles
0,115554
page_index,time_cycles
0,158126
page_index,time_cycles
0,131286
page_index,time_cycles
0,125806
page_index,time_cycles
0,135748
page_index,time_cycles
0,155476
page_index,time_cycles
0,144358
page_index,time_cycles
0,111008
page_index,time_cycles
0,126850
page_index,time_cycles
0,117068
page_index,time_cycles
0,105746
page_index,time_cycles
0,148394
page_index,time_cycles
0,103840
page_index,time_cycles
0,108324
page_index,time_cycles
0,134330
page_index,time_cycles
0,134308
page_index,time_cycles
0,144576
page_index,time_cycles
0,85350
page_index,time_cycles
0,158972
page_index,time_cycles
0,126266
page_index,time_cycles
0,140878
page_index,time_cycles
0,151508
page_index,time_cycles
0,139556
page_index,time_cycles
0,135464
page_index,time_cycles
0,182000
page_index,time_cycles
0,117476
page_index,time_cycles
0,146346
page_index,time_cycles
0,79778
page_index,time_cycles
0,133702
page_index,time_cycles
0,155108
page_index,time_cycles
0,157430
page_index,time_cycles
0,137026
page_index,time_cycles
0,77122
page_index,time_cycles
0,119518
page_index,time_cycles
0,84710
page_index,time_cycles
0,148096
page_index,time_cycles
0,93046
page_index,time_cycles
0,130546
page_index,time_cycles
0,131342
page_index,time_cycles
0,88538
page_index,time_cycles
0,137262
page_index,time_cycles
0,84110
page_index,time_cycles
0,175268
page_index,time_cycles
0,108542
page_index,time_cycles
0,134760
page_index,time_cycles
0,132818
page_index,time_cycles
0,138012
page_index,time_cycles
0,113568
page_index,time_cycles
0,119656
page_index,time_cycles
0,133222
page_index,time_cycles
0,148328
page_index,time_cycles
0,101766
page_index,time_cycles
0,176718
page_index,time_cycles
0,123352
page_index,time_cycles
0,81680
page_index,time_cycles
0,83094
page_index,time_cycles
0,146512
page_index,time_cycles
0,113464
page_index,time_cycles
0,187712
page_index,time_cycles
0,177932
page_index,time_cycles
0,84562
page_index,time_cycles
0,117120
page_index,time_cycles
0,133100
page_index,time_cycles
0,80878
page_index,time_cycles
0,145704
page_index,time_cycles
0,124432
page_index,time_cycles
0,130556
page_index,time_cycles
0,185214
page_index,time_cycles
0,135632
page_index,time_cycles
0,151808
page_index,time_cycles
0,103144
page_index,time_cycles
0,129748
page_index,time_cycles
0,85340
page_index,time_cycles
0,84000
page_index,time_cycles
0,133734
page_index,time_cycles
0,133894
page_index,time_cycles
0,108106
page_index,time_cycles
0,97684
page_index,time_cycles
0,140458
page_index,time_cycles
0,101038
page_index,time_cycles
0,104830
page_index,time_cycles
0,138598
page_index,time_cycles
0,113388
page_index,time_cycles
0,117112
page_index,time_cycles
0,116538
page_index,time_cycles
0,120666
page_index,time_cycles
0,78480
page_index,time_cycles
0,111000
page_index,time_cycles
0,140840
page_index,time_cycles
0,133366
page_index,time_cycles
0,91950
page_index,time_cycles
0,147022
page_index,time_cycles
0,131222
page_index,time_cycles
0,81196
page_index,time_cycles
0,116934
page_index,time_cycles
0,182104
page_index,time_cycles
0,144336
page_index,time_cycles
0,85114
page_index,time_cycles
0,139230
page_index,time_cycles
0,134376
page_index,time_cycles
0,124498
page_index,time_cycles
0,138172
page_index,time_cycles
0,132406
page_index,time_cycles
0,169942
page_index,time_cycles
0,142100
page_index,time_cycles
0,106502
page_index,time_cycles
0,136430
page_index,time_cycles
0,130306
page_index,time_cycles
0,134274
page_index,time_cycles
0,126780
page_index,time_cycles
0,115650
page_index,time_cycles
0,109518
page_index,time_cycles
0,133584
page_index,time_cycles
0,148428
page_index,time_cycles
0,80858
page_index,time_cycles
0,124588
page_index,time_cycles
0,133340
page_index,time_cycles
0,125926
page_index,time_cycles
0,138866
page_index,time_cycles
0,134538
page_index,time_cycles
0,82416
page_index,time_cycles
0,79946
page_index,time_cycles
0,131070
page_index,time_cycles
0,134726
page_index,time_cycles
0,79202
page_index,time_cycles
0,98854
page_index,time_cycles
0,195572
page_index,time_cycles
0,130018
page_index,time_cycles
0,133836
page_index,time_cycles
0,128700
page_index,time_cycles
0,129112
page_index,time_cycles
0,91796
page_index,time_cycles
0,128856
page_index,time_cycles
0,94256
page_index,time_cycles
0,85792
page_index,time_cycles
0,106304
page_index,time_cycles
0,146386
page_index,time_cycles
0,134216
page_index,time_cycles
0,104592
page_index,time_cycles
0,83286
page_index,time_cycles
0,82490
page_index,time_cycles
0,113610
page_index,time_cycles
0,107360
page_index,time_cycles
0,138784
page_index,time_cycles
0,82000
page_index,time_cycles
0,100612
page_index,time_cycles
0,154630
page_index,time_cycles
0,131086
page_index,time_cycles
0,83710
page_index,time_cycles
0,122238
page_index,time_cycles
0,78892
page_index,time_cycles
0,93590
page_index,time_cycles
0,82464
page_index,time_cycles
0,82300
page_index,time_cycles
0,82008
page_index,time_cycles
0,78706
page_index,time_cycles
0,138026
page_index,time_cycles
0,100632
page_index,time_cycles
0,128326
page_index,time_cycles
0,135286
page_index,time_cycles
0,137548
page_index,time_cycles
0,116398
page_index,time_cycles
0,84042
page_index,time_cycles
0,130978
page_index,time_cycles
0,177362
page_index,time_cycles
0,80276
page_index,time_cycles
0,178016
page_index,time_cycles
0,82264
page_index,time_cycles
0,133910
page_index,time_cycles
0,146114
page_index,time_cycles
0,143382
page_index,time_cycles
0,137818
page_index,time_cycles
0,158032
page_index,time_cycles
0,86834
page_index,time_cycles
0,130380
page_index,time_cycles
0,130104
page_index,time_cycles
0,96086
page_index,time_cycles
0,130878
page_index,time_cycles
0,86464
page_index,time_cycles
0,144924
page_index,time_cycles
0,101648
page_index,time_cycles
0,88686
page_index,time_cycles
0,117556
page_index,time_cycles
0,77816
page_index,time_cycles
0,138216
page_index,time_cycles
0,187714
page_index,time_cycles
0,97412
page_index,time_cycles
0,178054
page_index,time_cycles
0,131208
page_index,time_cycles
0,111696
page_index,time_cycles
0,132986
page_index,time_cycles
0,140220
page_index,time_cycles
0,125724
page_index,time_cycles
0,130062
page_index,time_cycles
0,198864
page_index,time_cycles
0,121850
page_index,time_cycles
0,150976
page_index,time_cycles
0,138216
page_index,time_cycles
0,122600
page_index,time_cycles
0,83330
page_index,time_cycles
0,77578
page_index,time_cycles
0,82212
page_index,time_cycles
0,113868
page_index,time_cycles
0,80500
page_index,time_cycles
0,97232
page_index,time_cycles
0,143242
page_index,time_cycles
0,182264
page_index,time_cycles
0,148808
page_index,time_cycles
0,81138
page_index,time_cycles
0,126412
page_index,time_cycles
0,160432
page_index,time_cycles
0,131892
page_index,time_cycles
0,137498
page_index,time_cycles
0,210656
page_index,time_cycles
0,146500
page_index,time_cycles
0,180148
page_index,time_cycles
0,131108
page_index,time_cycles
0,117872
page_index,time_cycles
0,175856
page_index,time_cycles
0,130616
page_index,time_cycles
0,180444
page_index,time_cycles
0,82148
page_index,time_cycles
0,80534
page_index,time_cycles
0,122126
page_index,time_cycles
0,113652
page_index,time_cycles
0,95912
page_index,time_cycles
0,137366
page_index,time_cycles
0,143048
page_index,time_cycles
0,133732
page_index,time_cycles
0,128640
page_index,time_cycles
0,109340
page_index,time_cycles
0,151530
page_index,time_cycles
0,107272
page_index,time_cycles
0,142272
page_index,time_cycles
0,141646
page_index,time_cycles
0,133360
page_index,time_cycles
0,145844
page_index,time_cycles
0,116880
page_index,time_cycles
0,103216
page_index,time_cycles
0,129138
page_index,time_cycles
0,105862
page_index,time_cycles
0,132608
page_index,time_cycles
0,250506
page_index,time_cycles
0,78072
page_index,time_cycles
0,111776
page_index,time_cycles
0,149126
page_index,time_cycles
0,192804
page_index,time_cycles
0,79924
page_index,time_cycles
0,80954
page_index,time_cycles
0,109700
page_index,time_cycles
0,140836
page_index,time_cycles
0,129788
page_index,time_cycles
0,114970
page_index,time_cycles
0,141316
page_index,time_cycles
0,185456
page_index,time_cycles
0,132164
page_index,time_cycles
0,192030
page_index,time_cycles
0,132748
page_index,time_cycles
0,131362
page_index,time_cycles
0,129704
page_index,time_cycles
0,84498
page_index,time_cycles
0,185490
page_index,time_cycles
0,134760
page_index,time_cycles
0,99234
page_index,time_cycles
0,152960
page_index,time_cycles
0,113162
page_index,time_cycles
0,91008
page_index,time_cycles
0,101224
page_index,time_cycles
0,110142
page_index,time_cycles
0,81384
page_index,time_cycles
0,130470
page_index,time_cycles
0,147762
page_index,time_cycles
0,128234
page_index,time_cycles
0,80976
page_index,time_cycles
0,128030
page_index,time_cycles
0,129298
page_index,time_cycles
0,97184
page_index,time_cycles
0,138816
page_index,time_cycles
0,144760
page_index,time_cycles
0,180020
page_index,time_cycles
0,83454
page_index,time_cycles
0,128608
page_index,time_cycles
0,151040
page_index,time_cycles
0,95268
page_index,time_cycles
0,137596
page_index,time_cycles
0,110444
page_index,time_cycles
0,161474
page_index,time_cycles
0,128204
page_index,time_cycles
0,97052
page_index,time_cycles
0,82540
page_index,time_cycles
0,124692
page_index,time_cycles
0,83760
page_index,time_cycles
0,129560
page_index,time_cycles
0,120926
page_index,time_cycles
0,145348
page_index,time_cycles
0,127130
page_index,time_cycles
0,133460
page_index,time_cycles
0,79802
page_index,time_cycles
0,79528
page_index,time_cycles
0,158450
page_index,time_cycles
0,141948
page_index,time_cycles
0,86958
page_index,time_cycles
0,116588
page_index,time_cycles
0,133066
page_index,time_cycles
0,93252
page_index,time_cycles
0,145116
page_index,time_cycles
0,115014
page_index,time_cycles
0,99398
page_index,time_cycles
0,140772
page_index,time_cycles
0,157724
page_index,time_cycles
0,132234
page_index,time_cycles
0,108766
page_index,time_cycles
0,142344
page_index,time_cycles
0,133332
page_index,time_cycles
0,109514
page_index,time_cycles
0,132446
page_index,time_cycles
0,128362
page_index,time_cycles
0,186618
page_index,time_cycles
0,143132
page_index,time_cycles
0,137234
page_index,time_cycles
0,88838
page_index,time_cycles
0,162182
page_index,time_cycles
0,81050
page_index,time_cycles
0,131854
page_index,time_cycles
0,130852
page_index,time_cycles
0,132832
page_index,time_cycles
0,83746
page_index,time_cycles
0,153644
page_index,time_cycles
0,137220
page_index,time_cycles
0,125370
page_index,time_cycles
0,80368
page_index,time_cycles
0,82592
page_index,time_cycles
0,116108
page_index,time_cycles
0,210586
page_index,time_cycles
0,135338
page_index,time_cycles
0,137516
page_index,time_cycles
0,112038
page_index,time_cycles
0,84140
page_index,time_cycles
0,134020
page_index,time_cycles
0,133666
page_index,time_cycles
0,126730
page_index,time_cycles
0,175974
page_index,time_cycles
0,194436
page_index,time_cycles
0,770132
page_index,time_cycles
0,113922
page_index,time_cycles
0,134336
page_index,time_cycles
0,148696
page_index,time_cycles
0,188320
page_index,time_cycles
0,131764
page_index,time_cycles
0,139508
page_index,time_cycles
0,100102
page_index,time_cycles
0,82416
page_index,time_cycles
0,114656
page_index,time_cycles
0,158888
page_index,time_cycles
0,146008
page_index,time_cycles
0,123918
page_index,time_cycles
0,108140
page_index,time_cycles
0,166682
page_index,time_cycles
0,144494
page_index,time_cycles
0,78060
page_index,time_cycles
0,129504
page_index,time_cycles
0,145774
page_index,time_cycles
0,160008
page_index,time_cycles
0,128912
page_index,time_cycles
0,107852
page_index,time_cycles
0,207838
page_index,time_cycles
0,76802
page_index,time_cycles
0,79662
page_index,time_cycles
0,125628
page_index,time_cycles
0,110108
page_index,time_cycles
0,120310
page_index,time_cycles
0,149464
page_index,time_cycles
0,227154
page_index,time_cycles
0,226700
page_index,time_cycles
0,84670
page_index,time_cycles
0,184220
page_index,time_cycles
0,81910
page_index,time_cycles
0,126380
page_index,time_cycles
0,83450
page_index,time_cycles
0,113878
page_index,time_cycles
0,127738
page_index,time_cycles
0,128444
page_index,time_cycles
0,156044
page_index,time_cycles
0,132142
page_index,time_cycles
0,147234
page_index,time_cycles
0,120546
page_index,time_cycles
0,143400
page_index,time_cycles
0,119430
page_index,time_cycles
0,138952
page_index,time_cycles
0,179254
page_index,time_cycles
0,148370
page_index,time_cycles
0,144318
page_index,time_cycles
0,87600
page_index,time_cycles
0,79446
page_index,time_cycles
0,148566
page_index,time_cycles
0,129654
page_index,time_cycles
0,179022
page_index,time_cycles
0,78378
page_index,time_cycles
0,99524
page_index,time_cycles
0,150744
page_index,time_cycles
0,107600
page_index,time_cycles
0,112500
page_index,time_cycles
0,123094
page_index,time_cycles
0,148302
page_index,time_cycles
0,82656
page_index,time_cycles
0,81992
page_index,time_cycles
0,130846
page_index,time_cycles
0,148658
page_index,time_cycles
0,94874
page_index,time_cycles
0,131040
page_index,time_cycles
0,130146
page_index,time_cycles
0,142220
page_index,time_cycles
0,134376
page_index,time_cycles
0,84374
page_index,time_cycles
0,121998
page_index,time_cycles
0,327456
page_index,time_cycles
0,113520
page_index,time_cycles
0,104564
page_index,time_cycles
0,101678
page_index,time_cycles
0,80802
page_index,time_cycles
0,112840
page_index,time_cycles
0,178776
page_index,time_cycles
0,186172
page_index,time_cycles
0,128712
page_index,time_cycles
0,79554
page_index,time_cycles
0,130348
page_index,time_cycles
0,78258
page_index,time_cycles
0,127348
page_index,time_cycles
0,194490
page_index,time_cycles
0,78690
page_index,time_cycles
0,140638
page_index,time_cycles
0,80188
page_index,time_cycles
0,95518
page_index,time_cycles
0,113576
page_index,time_cycles
0,183610
page_index,time_cycles
0,141902
page_index,time_cycles
0,125284
page_index,time_cycles
0,78806
page_index,time_cycles
0,145598
page_index,time_cycles
0,113814
page_index,time_cycles
0,133900
page_index,time_cycles
0,136256
page_index,time_cycles
0,128620
page_index,time_cycles
0,153926
page_index,time_cycles
0,125772
page_index,time_cycles
0,141052
page_index,time_cycles
0,143076
page_index,time_cycles
0,130618
page_index,time_cycles
0,124850
page_index,time_cycles
0,146186
page_index,time_cycles
0,106768
page_index,time_cycles
0,133232
page_index,time_cycles
0,125932
page_index,time_cycles
0,98890
page_index,time_cycles
0,132992
page_index,time_cycles
0,148842
page_index,time_cycles
0,132362
page_index,time_cycles
0,130776
page_index,time_cycles
0,111202
page_index,time_cycles
0,90986
page_index,time_cycles
0,129764
page_index,time_cycles
0,158466
page_index,time_cycles
0,78340
page_index,time_cycles
0,105348
page_index,time_cycles
0,138658
page_index,time_cycles
0,93162
page_index,time_cycles
0,125620
page_index,time_cycles
0,78682
page_index,time_cycles
0,144318
page_index,time_cycles
0,103778
page_index,time_cycles
0,155684
page_index,time_cycles
0,114154
page_index,time_cycles
0,135008
page_index,time_cycles
0,124360
page_index,time_cycles
0,144336
page_index,time_cycles
0,85944
page_index,time_cycles
0,80668
page_index,time_cycles
0,185792
page_index,time_cycles
0,141460
page_index,time_cycles
0,126592
page_index,time_cycles
0,134708
page_index,time_cycles
0,143786
page_index,time_cycles
0,117338
page_index,time_cycles
0,125804
page_index,time_cycles
0,83404
page_index,time_cycles
0,151004
page_index,time_cycles
0,79094
page_index,time_cycles
0,133914
page_index,time_cycles
0,143334
page_index,time_cycles
0,135828
page_index,time_cycles
0,105840
page_index,time_cycles
0,83754
page_index,time_cycles
0,109926
page_index,time_cycles
0,95090
page_index,time_cycles
0,134992
page_index,time_cycles
0,79988
page_index,time_cycles
0,132394
page_index,time_cycles
0,118556
page_index,time_cycles
0,151568
page_index,time_cycles
0,143386
page_index,time_cycles
0,88008
page_index,time_cycles
0,144842
page_index,time_cycles
0,110286
page_index,time_cycles
0,129918
page_index,time_cycles
0,82146
page_index,time_cycles
0,145832
page_index,time_cycles
0,136312
page_index,time_cycles
0,80582
page_index,time_cycles
0,79786
page_index,time_cycles
0,83182
page_index,time_cycles
0,134122
page_index,time_cycles
0,131332
page_index,time_cycles
0,107516
page_index,time_cycles
0,135670
page_index,time_cycles
0,129118
page_index,time_cycles
0,166012
page_index,time_cycles
0,80018
page_index,time_cycles
0,138450
page_index,time_cycles
0,134688
page_index,time_cycles
0,112402
page_index,time_cycles
0,144964
page_index,time_cycles
0,78052
page_index,time_cycles
0,135848
page_index,time_cycles
0,144556
page_index,time_cycles
0,106616
page_index,time_cycles
0,132462
page_index,time_cycles
0,114580
page_index,time_cycles
0,180814
page_index,time_cycles
0,135242
page_index,time_cycles
0,111294
page_index,time_cycles
0,141366
page_index,time_cycles
0,110372
page_index,time_cycles
0,131532
page_index,time_cycles
0,97260
page_index,time_cycles
0,142080
page_index,time_cycles
0,159400
page_index,time_cycles
0,130142
page_index,time_cycles
0,141962
page_index,time_cycles
0,135018
page_index,time_cycles
0,196826
page_index,time_cycles
0,110926
page_index,time_cycles
0,85166
page_index,time_cycles
0,113304
page_index,time_cycles
0,80178
page_index,time_cycles
0,80576
page_index,time_cycles
0,133176
page_index,time_cycles
0,148036
page_index,time_cycles
0,121068
page_index,time_cycles
0,143190
page_index,time_cycles
0,134976
page_index,time_cycles
0,128194
page_index,time_cycles
0,102130
page_index,time_cycles
0,143028
page_index,time_cycles
0,81556
page_index,time_cycles
0,129478
page_index,time_cycles
0,135686
page_index,time_cycles
0,143930
page_index,time_cycles
0,123350
page_index,time_cycles
0,128176
page_index,time_cycles
0,166734
page_index,time_cycles
0,104118
page_index,time_cycles
0,110408
page_index,time_cycles
0,154152
page_index,time_cycles
0,97450
page_index,time_cycles
0,113800
page_index,time_cycles
0,187210
page_index,time_cycles
0,132132
page_index,time_cycles
0,143438
page_index,time_cycles
0,79714
page_index,time_cycles
0,101544
page_index,time_cycles
0,148848
page_index,time_cycles
0,140646
page_index,time_cycles
0,119438
page_index,time_cycles
0,86010
page_index,time_cycles
0,100424
page_index,time_cycles
0,127712
page_index,time_cycles
0,140264
page_index,time_cycles
0,129752
page_index,time_cycles
0,101772
page_index,time_cycles
0,124444
page_index,time_cycles
0,116950
page_index,time_cycles
0,137572
page_index,time_cycles
0,129606
page_index,time_cycles
0,130034
page_index,time_cycles
0,112822
page_index,time_cycles
0,139764
page_index,time_cycles
0,143582
page_index,time_cycles
0,142716
page_index,time_cycles
0,131274
page_index,time_cycles
0,158916
page_index,time_cycles
0,128604
page_index,time_cycles
0,151602
page_index,time_cycles
0,79370
page_index,time_cycles
0,144558
page_index,time_cycles
0,108382
page_index,time_cycles
0,102422
page_index,time_cycles
0,123366
page_index,time_cycles
0,144712
page_index,time_cycles
0,147862
page_index,time_cycles
0,139928
page_index,time_cycles
0,129734
page_index,time_cycles
0,180488
page_index,time_cycles
0,129776
page_index,time_cycles
0,120122
page_index,time_cycles
0,82352
page_index,time_cycles
0,155100
page_index,time_cycles
0,108238
page_index,time_cycles
0,97312
page_index,time_cycles
0,176750
page_index,time_cycles
0,89776
page_index,time_cycles
0,142104
page_index,time_cycles
0,118080
page_index,time_cycles
0,96100
page_index,time_cycles
0,132082
page_index,time_cycles
0,113166
page_index,time_cycles
0,100968
page_index,time_cycles
0,135962
page_index,time_cycles
0,130202
page_index,time_cycles
0,141290
page_index,time_cycles
0,148084
page_index,time_cycles
0,93398
page_index,time_cycles
0,140038
page_index,time_cycles
0,146874
page_index,time_cycles
0,130862
page_index,time_cycles
0,138432
page_index,time_cycles
0,142534
page_index,time_cycles
0,167274
page_index,time_cycles
0,82952
page_index,time_cycles
0,133652
page_index,time_cycles
0,83624
page_index,time_cycles
0,147680
page_index,time_cycles
0,84290
page_index,time_cycles
0,189064
page_index,time_cycles
0,115942
page_index,time_cycles
0,94476
page_index,time_cycles
0,136240
page_index,time_cycles
0,139196
page_index,time_cycles
0,124484
page_index,time_cycles
0,129960
page_index,time_cycles
0,133176
page_index,time_cycles
0,128930
page_index,time_cycles
0,145824
page_index,time_cycles
0,133632
page_index,time_cycles
0,129966
page_index,time_cycles
0,162298
page_index,time_cycles
0,131840
page_index,time_cycles
0,180010
page_index,time_cycles
0,140464
page_index,time_cycles
0,135544
page_index,time_cycles
0,134466
page_index,time_cycles
0,130714
page_index,time_cycles
0,225392
page_index,time_cycles
0,130898
page_index,time_cycles
0,132570
page_index,time_cycles
0,100690
page_index,time_cycles
0,80792
page_index,time_cycles
0,145226
page_index,time_cycles
0,165648
page_index,time_cycles
0,133174
page_index,time_cycles
0,108410
page_index,time_cycles
0,97100
page_index,time_cycles
0,130802
page_index,time_cycles
0,129778
page_index,time_cycles
0,140182
page_index,time_cycles
0,129842
page_index,time_cycles
0,117096
page_index,time_cycles
0,134982
page_index,time_cycles
0,132202
page_index,time_cycles
0,162436
page_index,time_cycles
0,135766
page_index,time_cycles
0,109530
page_index,time_cycles
0,79056
page_index,time_cycles
0,128750
page_index,time_cycles
0,143566
page_index,time_cycles
0,81010
page_index,time_cycles
0,146034
page_index,time_cycles
0,141468
page_index,time_cycles
0,212898
page_index,time_cycles
0,122522
page_index,time_cycles
0,137806
page_index,time_cycles
0,77330
page_index,time_cycles
0,83402
page_index,time_cycles
0,117924
page_index,time_cycles
0,131678
page_index,time_cycles
0,130048
page_index,time_cycles
0,212214
page_index,time_cycles
0,130090
page_index,time_cycles
0,113342
page_index,time_cycles
0,139704
page_index,time_cycles
0,84092
page_index,time_cycles
0,174570
page_index,time_cycles
0,128196
page_index,time_cycles
0,142206
page_index,time_cycles
0,176542
page_index,time_cycles
0,78104
page_index,time_cycles
0,147240
page_index,time_cycles
0,92284
page_index,time_cycles
0,113574
page_index,time_cycles
0,86302
page_index,time_cycles
0,154430
page_index,time_cycles
0,138850
page_index,time_cycles
0,153102
page_index,time_cycles
0,97574
page_index,time_cycles
0,127362
page_index,time_cycles
0,125334
page_index,time_cycles
0,128440
page_index,time_cycles
0,136600
page_index,time_cycles
0,81138
page_index,time_cycles
0,86230
page_index,time_cycles
0,107392
page_index,time_cycles
0,107108
page_index,time_cycles
0,179222
page_index,time_cycles
0,134770
page_index,time_cycles
0,130958
page_index,time_cycles
0,132398
page_index,time_cycles
0,179394
page_index,time_cycles
0,145756
page_index,time_cycles
0,124426
page_index,time_cycles
0,129278
page_index,time_cycles
0,115676
page_index,time_cycles
0,115592
page_index,time_cycles
0,78406
page_index,time_cycles
0,119142
page_index,time_cycles
0,80476
page_index,time_cycles
0,96628
page_index,time_cycles
0,198560
page_index,time_cycles
0,138708
page_index,time_cycles
0,155484
page_index,time_cycles
0,120616
page_index,time_cycles
0,144406
page_index,time_cycles
0,132132
page_index,time_cycles
0,97246
page_index,time_cycles
0,133514
page_index,time_cycles
0,136562
page_index,time_cycles
0,88866
page_index,time_cycles
0,81688
page_index,time_cycles
0,114976
page_index,time_cycles
0,80372
page_index,time_cycles
0,80984
page_index,time_cycles
0,81900
page_index,time_cycles
0,117710
page_index,time_cycles
0,78798
page_index,time_cycles
0,110664
page_index,time_cycles
0,141154
page_index,time_cycles
0,116826
page_index,time_cycles
0,179752
page_index,time_cycles
0,130610
page_index,time_cycles
0,133638
page_index,time_cycles
0,133636
page_index,time_cycles
0,114884
page_index,time_cycles
0,119022
page_index,time_cycles
0,97960
page_index,time_cycles
0,133528
page_index,time_cycles
0,119236
page_index,time_cycles
0,174152
page_index,time_cycles
0,140054
page_index,time_cycles
0,146846
page_index,time_cycles
0,128678
page_index,time_cycles
0,179084
page_index,time_cycles
0,109146
page_index,time_cycles
0,182168
page_index,time_cycles
0,134600
page_index,time_cycles
0,82400
page_index,time_cycles
0,101772
page_index,time_cycles
0,201686
page_index,time_cycles
0,82790
page_index,time_cycles
0,108774
page_index,time_cycles
0,202152
page_index,time_cycles
0,77408
page_index,time_cycles
0,130026
page_index,time_cycles
0,128268
page_index,time_cycles
0,107078
page_index,time_cycles
0,110064
page_index,time_cycles
0,79816
page_index,time_cycles
0,138588
page_index,time_cycles
0,79670
page_index,time_cycles
0,116038
page_index,time_cycles
0,104710
page_index,time_cycles
0,141936
page_index,time_cycles
0,84408
page_index,time_cycles
0,105124
page_index,time_cycles
0,83196
page_index,time_cycles
0,116534
page_index,time_cycles
0,144724
page_index,time_cycles
0,173928
page_index,time_cycles
0,135542
page_index,time_cycles
0,132412
page_index,time_cycles
0,132292
page_index,time_cycles
0,144960
page_index,time_cycles
0,140298
page_index,time_cycles
0,150352
page_index,time_cycles
0,145582
page_index,time_cycles
0,132310
page_index,time_cycles
0,135790
page_index,time_cycles
0,83046
page_index,time_cycles
0,127912
page_index,time_cycles
0,155502
page_index,time_cycles
0,126416
page_index,time_cycles
0,127836
page_index,time_cycles
0,105666
page_index,time_cycles
0,218022
page_index,time_cycles
0,126090
page_index,time_cycles
0,128836
page_index,time_cycles
0,156206
page_index,time_cycles
0,146444
page_index,time_cycles
0,140270
page_index,time_cycles
0,138410
page_index,time_cycles
0,131546
page_index,time_cycles
0,117554
page_index,time_cycles
0,107770
page_index,time_cycles
0,164302
page_index,time_cycles
0,127560
page_index,time_cycles
0,219374
page_index,time_cycles
0,119010
page_index,time_cycles
0,134120
page_index,time_cycles
0,136270
page_index,time_cycles
0,143526
page_index,time_cycles
0,102606
page_index,time_cycles
0,167288
page_index,time_cycles
0,82574
page_index,time_cycles
0,128714
page_index,time_cycles
0,127292
page_index,time_cycles
0,136558
page_index,time_cycles
0,146286
page_index,time_cycles
0,79666
page_index,time_cycles
0,146928
page_index,time_cycles
0,128172
page_index,time_cycles
0,92866
page_index,time_cycles
0,108874
page_index,time_cycles
0,151646
page_index,time_cycles
0,126342
page_index,time_cycles
0,81352
page_index,time_cycles
0,79526
page_index,time_cycles
0,141802
page_index,time_cycles
0,102676
page_index,time_cycles
0,131244
page_index,time_cycles
0,123884
page_index,time_cycles
0,141870
page_index,time_cycles
0,126760
page_index,time_cycles
0,124726
page_index,time_cycles
0,127640
page_index,time_cycles
0,109978
page_index,time_cycles
0,109226
page_index,time_cycles
0,144296
page_index,time_cycles
0,106774
page_index,time_cycles
0,81580
page_index,time_cycles
0,81180
page_index,time_cycles
0,104510
page_index,time_cycles
0,136672
page_index,time_cycles
0,129634
page_index,time_cycles
0,126712
page_index,time_cycles
0,80906
page_index,time_cycles
0,127856
page_index,time_cycles
0,129766
page_index,time_cycles
0,106006
page_index,time_cycles
0,95022
page_index,time_cycles
0,113268
page_index,time_cycles
0,77230
page_index,time_cycles
0,121924
page_index,time_cycles
0,147366
page_index,time_cycles
0,147222
page_index,time_cycles
0,145124
page_index,time_cycles
0,140618
page_index,time_cycles
0,82678
page_index,time_cycles
0,132966
page_index,time_cycles
0,83146
page_index,time_cycles
0,221146
page_index,time_cycles
0,113316
page_index,time_cycles
0,143142
page_index,time_cycles
0,132824
page_index,time_cycles
0,146262
page_index,time_cycles
0,178900
page_index,time_cycles
0,110608
page_index,time_cycles
0,151376
page_index,time_cycles
0,124836
page_index,time_cycles
0,140468
page_index,time_cycles
0,124334
page_index,time_cycles
0,140262
page_index,time_cycles
0,118118
page_index,time_cycles
0,128872
page_index,time_cycles
0,113888
page_index,time_cycles
0,131440
page_index,time_cycles
0,145900
page_index,time_cycles
0,128196
page_index,time_cycles
0,121428
page_index,time_cycles
0,146488
page_index,time_cycles
0,130706
page_index,time_cycles
0,125308
page_index,time_cycles
0,131866
page_index,time_cycles
0,135680
page_index,time_cycles
0,118932
page_index,time_cycles
0,132174
page_index,time_cycles
0,80934
page_index,time_cycles
0,129474
page_index,time_cycles
0,119834
page_index,time_cycles
0,87214
page_index,time_cycles
0,146548
page_index,time_cycles
0,84808
page_index,time_cycles
0,138012
page_index,time_cycles
0,142286
page_index,time_cycles
0,125426
page_index,time_cycles
0,144198
page_index,time_cycles
0,89010
page_index,time_cycles
0,99480
page_index,time_cycles
0,80812
page_index,time_cycles
0,147676
page_index,time_cycles
0,135068
page_index,time_cycles
0,142878
page_index,time_cycles
0,138872
page_index,time_cycles
0,128518
page_index,time_cycles
0,191016
page_index,time_cycles
0,131012
page_index,time_cycles
0,138138
page_index,time_cycles
0,123854
page_index,time_cycles
0,129304
page_index,time_cycles
0,164604
page_index,time_cycles
0,125650
page_index,time_cycles
0,84852
page_index,time_cycles
0,125614
page_index,time_cycles
0,91112
page_index,time_cycles
0,78888
page_index,time_cycles
0,110660
page_index,time_cycles
0,115878
page_index,time_cycles
0,179792
page_index,time_cycles
0,186210
page_index,time_cycles
0,132516
page_index,time_cycles
0,113514
page_index,time_cycles
0,130972
page_index,time_cycles
0,134298
page_index,time_cycles
0,100188
page_index,time_cycles
0,82190
page_index,time_cycles
0,153312
page_index,time_cycles
0,131802
page_index,time_cycles
0,134430
page_index,time_cycles
0,129618
page_index,time_cycles
0,79608
page_index,time_cycles
0,115260
page_index,time_cycles
0,122076
page_index,time_cycles
0,108148
page_index,time_cycles
0,121134
page_index,time_cycles
0,131148
page_index,time_cycles
0,148916
page_index,time_cycles
0,88468
page_index,time_cycles
0,88758
page_index,time_cycles
0,140198
page_index,time_cycles
0,99880
page_index,time_cycles
0,95622
page_index,time_cycles
0,153226
page_index,time_cycles
0,106924
page_index,time_cycles
0,135640
page_index,time_cycles
0,129020
page_index,time_cycles
0,133084
page_index,time_cycles
0,127948
page_index,time_cycles
0,130168
page_index,time_cycles
0,136916
page_index,time_cycles
0,134148
page_index,time_cycles
0,129298
page_index,time_cycles
0,132188
page_index,time_cycles
0,77946
page_index,time_cycles
0,125736
page_index,time_cycles
0,121210
page_index,time_cycles
0,80476
page_index,time_cycles
0,80826
page_index,time_cycles
0,140538
page_index,time_cycles
0,143718
page_index,time_cycles
0,78292
page_index,time_cycles
0,78600
page_index,time_cycles
0,81768
page_index,time_cycles
0,84342
page_index,time_cycles
0,79062
page_index,time_cycles
0,113286
page_index,time_cycles
0,77638
page_index,time_cycles
0,121910
page_index,time_cycles
0,144138
page_index,time_cycles
0,77604
page_index,time_cycles
0,133768
page_index,time_cycles
0,131068
page_index,time_cycles
0,121884
page_index,time_cycles
0,143058
page_index,time_cycles
0,144108
page_index,time_cycles
0,126662
page_index,time_cycles
0,133216
page_index,time_cycles
0,107474
page_index,time_cycles
0,143246
page_index,time_cycles
0,167398
page_index,time_cycles
0,150710
page_index,time_cycles
0,174102
page_index,time_cycles
0,87650
page_index,time_cycles
0,134742
page_index,time_cycles
0,135762
page_index,time_cycles
0,113434
page_index,time_cycles
0,104824
page_index,time_cycles
0,95634
page_index,time_cycles
0,150916
page_index,time_cycles
0,117894
page_index,time_cycles
0,136952
page_index,time_cycles
0,143686
page_index,time_cycles
0,119528
page_index,time_cycles
0,128168
page_index,time_cycles
0,135124
page_index,time_cycles
0,99696
page_index,time_cycles
0,90536
page_index,time_cycles
0,100186
page_index,time_cycles
0,119306
page_index,time_cycles
0,127332
page_index,time_cycles
0,141962
page_index,time_cycles
0,78972
page_index,time_cycles
0,128706
page_index,time_cycles
0,147010
page_index,time_cycles
0,83476
page_index,time_cycles
0,89740
page_index,time_cycles
0,78766
page_index,time_cycles
0,127330
page_index,time_cycles
0,80546
page_index,time_cycles
0,132016
page_index,time_cycles
0,142304
page_index,time_cycles
0,137966
page_index,time_cycles
0,112128
page_index,time_cycles
0,175292
page_index,time_cycles
0,97948
page_index,time_cycles
0,82570
page_index,time_cycles
0,101162
page_index,time_cycles
0,108034
page_index,time_cycles
0,131732
page_index,time_cycles
0,189550
page_index,time_cycles
0,111210
page_index,time_cycles
0,133630
page_index,time_cycles
0,128762
page_index,time_cycles
0,123526
page_index,time_cycles
0,139038
page_index,time_cycles
0,129704
page_index,time_cycles
0,93626
page_index,time_cycles
0,126136
page_index,time_cycles
0,127512
page_index,time_cycles
0,143138
page_index,time_cycles
0,96976
page_index,time_cycles
0,134262
page_index,time_cycles
0,79134
page_index,time_cycles
0,133940
page_index,time_cycles
0,81800
page_index,time_cycles
0,104324
page_index,time_cycles
0,130216
page_index,time_cycles
0,80688
page_index,time_cycles
0,134670
page_index,time_cycles
0,100534
page_index,time_cycles
0,134748
page_index,time_cycles
0,136080
page_index,time_cycles
0,143080
page_index,time_cycles
0,120874
page_index,time_cycles
0,153642
page_index,time_cycles
0,133544
page_index,time_cycles
0,107212
page_index,time_cycles
0,131874
page_index,time_cycles
0,76048
page_index,time_cycles
0,134610
page_index,time_cycles
0,152154
page_index,time_cycles
0,117852
page_index,time_cycles
0,124102
page_index,time_cycles
0,78094
page_index,time_cycles
0,99884
page_index,time_cycles
0,141216
page_index,time_cycles
0,114044
page_index,time_cycles
0,141620
page_index,time_cycles
0,126040
page_index,time_cycles
0,140064
page_index,time_cycles
0,132856
page_index,time_cycles
0,102562
page_index,time_cycles
0,98918
page_index,time_cycles
0,153286
page_index,time_cycles
0,186550
page_index,time_cycles
0,90134
page_index,time_cycles
0,154984
page_index,time_cycles
0,148176
page_index,time_cycles
0,78816
page_index,time_cycles
0,87056
page_index,time_cycles
0,133240
page_index,time_cycles
0,142008
page_index,time_cycles
0,133824
page_index,time_cycles
0,196224
page_index,time_cycles
0,83712
page_index,time_cycles
0,142790
page_index,time_cycles
0,112106
page_index,time_cycles
0,77386
page_index,time_cycles
0,94274
page_index,time_cycles
0,151572
page_index,time_cycles
0,114330
page_index,time_cycles
0,133560
page_index,time_cycles
0,133472
page_index,time_cycles
0,141484
page_index,time_cycles
0,80730
page_index,time_cycles
0,129818
page_index,time_cycles
0,129234
page_index,time_cycles
0,133628
page_index,time_cycles
0,128104
page_index,time_cycles
0,132102
page_index,time_cycles
0,81968
page_index,time_cycles
0,135224
page_index,time_cycles
0,82476
page_index,time_cycles
0,101090
page_index,time_cycles
0,117242
page_index,time_cycles
0,132114
page_index,time_cycles
0,143824
page_index,time_cycles
0,142210
page_index,time_cycles
0,133950
page_index,time_cycles
0,122218
page_index,time_cycles
0,123456
page_index,time_cycles
0,131644
page_index,time_cycles
0,130494
page_index,time_cycles
0,127192
page_index,time_cycles
0,113892
page_index,time_cycles
0,138418
page_index,time_cycles
0,112348
page_index,time_cycles
0,125926
page_index,time_cycles
0,79592
page_index,time_cycles
0,145446
page_index,time_cycles
0,144782
page_index,time_cycles
0,98288
page_index,time_cycles
0,102668
page_index,time_cycles
0,133634
page_index,time_cycles
0,137160
page_index,time_cycles
0,758610
page_index,time_cycles
0,134112
page_index,time_cycles
0,91088
page_index,time_cycles
0,130650
page_index,time_cycles
0,133542
page_index,time_cycles
0,116842
page_index,time_cycles
0,187938
page_index,time_cycles
0,142100
page_index,time_cycles
0,145724
page_index,time_cycles
0,194648
page_index,time_cycles
0,108500
page_index,time_cycles
0,102048
page_index,time_cycles
0,115610
page_index,time_cycles
0,81962
page_index,time_cycles
0,146116
page_index,time_cycles
0,118534
page_index,time_cycles
0,122928
page_index,time_cycles
0,129696
page_index,time_cycles
0,140108
page_index,time_cycles
0,141134
page_index,time_cycles
0,145522
page_index,time_cycles
0,144066
page_index,time_cycles
0,117350
page_index,time_cycles
0,125794
page_index,time_cycles
0,153968
page_index,time_cycles
0,106242
page_index,time_cycles
0,78244
page_index,time_cycles
0,110558
page_index,time_cycles
0,78796
page_index,time_cycles
0,125596
page_index,time_cycles
0,82534
page_index,time_cycles
0,182482
page_index,time_cycles
0,104340
page_index,time_cycles
0,192414
page_index,time_cycles
0,146378
page_index,time_cycles
0,97600
page_index,time_cycles
0,142022
page_index,time_cycles
0,80716
page_index,time_cycles
0,142034
page_index,time_cycles
0,123178
page_index,time_cycles
0,77700
page_index,time_cycles
0,131628
page_index,time_cycles
0,142418
page_index,time_cycles
0,134760
page_index,time_cycles
0,124560
page_index,time_cycles
0,160100
page_index,time_cycles
0,137564
page_index,time_cycles
0,140382
page_index,time_cycles
0,151858
page_index,time_cycles
0,81432
page_index,time_cycles
0,130348
page_index,time_cycles
0,132288
page_index,time_cycles
0,111594
page_index,time_cycles
0,134588
page_index,time_cycles
0,129264
page_index,time_cycles
0,130834
page_index,time_cycles
0,125786
page_index,time_cycles
0,130636
page_index,time_cycles
0,132040
page_index,time_cycles
0,128184
page_index,time_cycles
0,82106
page_index,time_cycles
0,147848
page_index,time_cycles
0,113722
page_index,time_cycles
0,140622
page_index,time_cycles
0,128522
page_index,time_cycles
0,113462
page_index,time_cycles
0,132816
page_index,time_cycles
0,169268
page_index,time_cycles
0,126406
page_index,time_cycles
0,155270
page_index,time_cycles
0,143724
page_index,time_cycles
0,78222
page_index,time_cycles
0,116132
page_index,time_cycles
0,131166
page_index,time_cycles
0,117756
page_index,time_cycles
0,81644
page_index,time_cycles
0,113356
page_index,time_cycles
0,131144
page_index,time_cycles
0,130780
page_index,time_cycles
0,81570
page_index,time_cycles
0,145266
page_index,time_cycles
0,148868
page_index,time_cycles
0,133418
page_index,time_cycles
0,131560
page_index,time_cycles
0,87366
page_index,time_cycles
0,83788
page_index,time_cycles
0,146252
page_index,time_cycles
0,104976
page_index,time_cycles
0,83724
page_index,time_cycles
0,84344
page_index,time_cycles
0,140064
page_index,time_cycles
0,174350
page_index,time_cycles
0,80408
page_index,time_cycles
0,133110
page_index,time_cycles
0,137578
page_index,time_cycles
0,146842
page_index,time_cycles
0,182018
page_index,time_cycles
0,125192
page_index,time_cycles
0,273518
page_index,time_cycles
0,153024
page_index,time_cycles
0,147618
page_index,time_cycles
0,173604
page_index,time_cycles
0,124626
page_index,time_cycles
0,83948
page_index,time_cycles
0,139012
page_index,time_cycles
0,132398
page_index,time_cycles
0,81596
page_index,time_cycles
0,111198
page_index,time_cycles
0,126870
page_index,time_cycles
0,150228
page_index,time_cycles
0,80812
page_index,time_cycles
0,136504
page_index,time_cycles
0,78254
page_index,time_cycles
0,130516
page_index,time_cycles
0,174858
page_index,time_cycles
0,129996
page_index,time_cycles
0,112428
page_index,time_cycles
0,112568
page_index,time_cycles
0,81092
page_index,time_cycles
0,130410
page_index,time_cycles
0,112052
page_index,time_cycles
0,130760
page_index,time_cycles
0,87142
page_index,time_cycles
0,83748
page_index,time_cycles
0,136434
page_index,time_cycles
0,136220
page_index,time_cycles
0,114536
page_index,time_cycles
0,133054
page_index,time_cycles
0,169100
page_index,time_cycles
0,99912
page_index,time_cycles
0,128134
page_index,time_cycles
0,153430
page_index,time_cycles
0,81528
page_index,time_cycles
0,104784
page_index,time_cycles
0,137332
page_index,time_cycles
0,119088
page_index,time_cycles
0,142480
page_index,time_cycles
0,111290
page_index,time_cycles
0,98980
page_index,time_cycles
0,135516
page_index,time_cycles
0,91938
page_index,time_cycles
0,130348
page_index,time_cycles
0,96440
page_index,time_cycles
0,85476
page_index,time_cycles
0,144448
page_index,time_cycles
0,116346
page_index,time_cycles
0,142882
page_index,time_cycles
0,83606
page_index,time_cycles
0,82924
page_index,time_cycles
0,110890
page_index,time_cycles
0,143590
page_index,time_cycles
0,148902
page_index,time_cycles
0,132118
page_index,time_cycles
0,80952
page_index,time_cycles
0,88542
page_index,time_cycles
0,82146
page_index,time_cycles
0,198060
page_index,time_cycles
0,83364
page_index,time_cycles
0,119580
page_index,time_cycles
0,126388
page_index,time_cycles
0,105826
page_index,time_cycles
0,136912
page_index,time_cycles
0,222696
page_index,time_cycles
0,128458
page_index,time_cycles
0,139894
page_index,time_cycles
0,82600
page_index,time_cycles
0,132870
page_index,time_cycles
0,127034
page_index,time_cycles
0,83222
page_index,time_cycles
0,142278
page_index,time_cycles
0,81684
page_index,time_cycles
0,142530
page_index,time_cycles
0,159194
page_index,time_cycles
0,95240
page_index,time_cycles
0,144052
page_index,time_cycles
0,128790
page_index,time_cycles
0,99624
page_index,time_cycles
0,141058
page_index,time_cycles
0,138238
page_index,time_cycles
0,143278
page_index,time_cycles
0,159768
page_index,time_cycles
0,81596
page_index,time_cycles
0,143062
page_index,time_cycles
0,83048
page_index,time_cycles
0,141830
page_index,time_cycles
0,83324
page_index,time_cycles
0,137788
page_index,time_cycles
0,99134
page_index,time_cycles
0,148146
page_index,time_cycles
0,179688
page_index,time_cycles
0,110934
page_index,time_cycles
0,83660
page_index,time_cycles
0,216108
page_index,time_cycles
0,95454
page_index,time_cycles
0,132718
page_index,time_cycles
0,87086
page_index,time_cycles
0,110138
page_index,time_cycles
0,128176
page_index,time_cycles
0,167580
page_index,time_cycles
0,120742
page_index,time_cycles
0,140496
page_index,time_cycles
0,144102
page_index,time_cycles
0,134250
page_index,time_cycles
0,151472
page_index,time_cycles
0,83926
page_index,time_cycles
0,117850
page_index,time_cycles
0,109808
page_index,time_cycles
0,178378
page_index,time_cycles
0,107970
page_index,time_cycles
0,141772
page_index,time_cycles
0,79572
page_index,time_cycles
0,155208
page_index,time_cycles
0,91268
page_index,time_cycles
0,131088
page_index,time_cycles
0,104872
page_index,time_cycles
0,139610
page_index,time_cycles
0,98268
page_index,time_cycles
0,104050
page_index,time_cycles
0,111130
page_index,time_cycles
0,138364
page_index,time_cycles
0,143980
page_index,time_cycles
0,108880
page_index,time_cycles
0,144892
page_index,time_cycles
0,106978
page_index,time_cycles
0,79940
page_index,time_cycles
0,106088
page_index,time_cycles
0,139688
page_index,time_cycles
0,132052
page_index,time_cycles
0,162018
page_index,time_cycles
0,121188
page_index,time_cycles
0,83002
page_index,time_cycles
0,83334
page_index,time_cycles
0,153038
page_index,time_cycles
0,120190
page_index,time_cycles
0,142700
page_index,time_cycles
0,109494
page_index,time_cycles
0,94970
page_index,time_cycles
0,85870
page_index,time_cycles
0,93210
page_index,time_cycles
0,135210
page_index,time_cycles
0,128444
page_index,time_cycles
0,119752
page_index,time_cycles
0,109952
page_index,time_cycles
0,118002
page_index,time_cycles
0,143686
page_index,time_cycles
0,129098
page_index,time_cycles
0,110740
page_index,time_cycles
0,115340
page_index,time_cycles
0,119008
page_index,time_cycles
0,136044
page_index,time_cycles
0,99840
page_index,time_cycles
0,175630
page_index,time_cycles
0,206542
page_index,time_cycles
0,106880
page_index,time_cycles
0,192640
page_index,time_cycles
0,81058
page_index,time_cycles
0,141820
page_index,time_cycles
0,80334
page_index,time_cycles
0,154968
page_index,time_cycles
0,107940
page_index,time_cycles
0,79802
page_index,time_cycles
0,133334
page_index,time_cycles
0,111068
page_index,time_cycles
0,140988
page_index,time_cycles
0,100428
page_index,time_cycles
0,81016
page_index,time_cycles
0,131416
page_index,time_cycles
0,191786
page_index,time_cycles
0,104596
page_index,time_cycles
0,129880
page_index,time_cycles
0,97096
page_index,time_cycles
0,128440
page_index,time_cycles
0,105158
page_index,time_cycles
0,84518
page_index,time_cycles
0,83202
page_index,time_cycles
0,93744
page_index,time_cycles
0,109000
page_index,time_cycles
0,133376
page_index,time_cycles
0,127280
page_index,time_cycles
0,126406
page_index,time_cycles
0,124868
page_index,time_cycles
0,83516
page_index,time_cycles
0,140982
page_index,time_cycles
0,196102
page_index,time_cycles
0,135718
page_index,time_cycles
0,195580
page_index,time_cycles
0,141224
page_index,time_cycles
0,140444
page_index,time_cycles
0,180244
page_index,time_cycles
0,129760
page_index,time_cycles
0,115878
page_index,time_cycles
0,80194
page_index,time_cycles
0,79790
page_index,time_cycles
0,111954
page_index,time_cycles
0,80616
page_index,time_cycles
0,105650
page_index,time_cycles
0,80324
page_index,time_cycles
0,145148
page_index,time_cycles
0,141164
page_index,time_cycles
0,130658
page_index,time_cycles
0,143700
page_index,time_cycles
0,77772
page_index,time_cycles
0,129778
page_index,time_cycles
0,80566
page_index,time_cycles
0,104182
page_index,time_cycles
0,147020
page_index,time_cycles
0,81698
page_index,time_cycles
0,80682
page_index,time_cycles
0,153216
page_index,time_cycles
0,135062
page_index,time_cycles
0,137072
page_index,time_cycles
0,116356
page_index,time_cycles
0,114784
page_index,time_cycles
0,145338
page_index,time_cycles
0,157708
page_index,time_cycles
0,112398
page_index,time_cycles
0,119552
page_index,time_cycles
0,83076
page_index,time_cycles
0,95774
page_index,time_cycles
0,133066
page_index,time_cycles
0,90026
page_index,time_cycles
0,150624
page_index,time_cycles
0,101026
page_index,time_cycles
0,79722
page_index,time_cycles
0,116770
page_index,time_cycles
0,91906
page_index,time_cycles
0,138218
page_index,time_cycles
0,144158
page_index,time_cycles
0,131392
page_index,time_cycles
0,80978
page_index,time_cycles
0,114882
page_index,time_cycles
0,160822
page_index,time_cycles
0,129374
page_index,time_cycles
0,124548
page_index,time_cycles
0,105320
page_index,time_cycles
0,115766
page_index,time_cycles
0,142876
page_index,time_cycles
0,128302
page_index,time_cycles
0,137016
page_index,time_cycles
0,133174
page_index,time_cycles
0,125698
page_index,time_cycles
0,127296
page_index,time_cycles
0,166738
page_index,time_cycles
0,119632
page_index,time_cycles
0,116146
page_index,time_cycles
0,129086
page_index,time_cycles
0,79928
page_index,time_cycles
0,199946
page_index,time_cycles
0,80704
page_index,time_cycles
0,156792
page_index,time_cycles
0,127156
page_index,time_cycles
0,82632
page_index,time_cycles
0,91558
page_index,time_cycles
0,98340
page_index,time_cycles
0,144964
page_index,time_cycles
0,143084
page_index,time_cycles
0,179114
page_index,time_cycles
0,144276
page_index,time_cycles
0,116962
page_index,time_cycles
0,127912
page_index,time_cycles
0,130086
page_index,time_cycles
0,79226
page_index,time_cycles
0,133118
page_index,time_cycles
0,133438
page_index,time_cycles
0,99376
page_index,time_cycles
0,126436
page_index,time_cycles
0,137700
page_index,time_cycles
0,145606
page_index,time_cycles
0,125278
page_index,time_cycles
0,77776
page_index,time_cycles
0,125824
page_index,time_cycles
0,144768
page_index,time_cycles
0,101430
page_index,time_cycles
0,131686
page_index,time_cycles
0,111212
page_index,time_cycles
0,166234
page_index,time_cycles
0,137258
page_index,time_cycles
0,128750
page_index,time_cycles
0,145688
page_index,time_cycles
0,140668
page_index,time_cycles
0,135154
page_index,time_cycles
0,122398
page_index,time_cycles
0,155280
page_index,time_cycles
0,147846
page_index,time_cycles
0,129156
page_index,time_cycles
0,121086
page_index,time_cycles
0,114906
page_index,time_cycles
0,144240
page_index,time_cycles
0,109710
page_index,time_cycles
0,105030
page_index,time_cycles
0,273966
page_index,time_cycles
0,133222
page_index,time_cycles
0,138072
page_index,time_cycles
0,89764
page_index,time_cycles
0,130476
page_index,time_cycles
0,125518
page_index,time_cycles
0,142850
page_index,time_cycles
0,108904
page_index,time_cycles
0,113958
page_index,time_cycles
0,111992
page_index,time_cycles
0,147648
page_index,time_cycles
0,146292
page_index,time_cycles
0,142868
page_index,time_cycles
0,77946
page_index,time_cycles
0,114832
page_index,time_cycles
0,125832
page_index,time_cycles
0,137964
page_index,time_cycles
0,136374
page_index,time_cycles
0,127472
page_index,time_cycles
0,126790
page_index,time_cycles
0,153174
page_index,time_cycles
0,135244
page_index,time_cycles
0,131756
page_index,time_cycles
0,115336
page_index,time_cycles
0,115404
page_index,time_cycles
0,134778
page_index,time_cycles
0,158642
page_index,time_cycles
0,128396
page_index,time_cycles
0,167776
page_index,time_cycles
0,127850
page_index,time_cycles
0,155530
page_index,time_cycles
0,131486
page_index,time_cycles
0,135140
page_index,time_cycles
0,81236
page_index,time_cycles
0,144542
page_index,time_cycles
0,120290
page_index,time_cycles
0,146584
page_index,time_cycles
0,82702
page_index,time_cycles
0,128540
page_index,time_cycles
0,179726
page_index,time_cycles
0,81850
page_index,time_cycles
0,80198
page_index,time_cycles
0,109308
page_index,time_cycles
0,104728
page_index,time_cycles
0,103468
page_index,time_cycles
0,130888
page_index,time_cycles
0,121896
page_index,time_cycles
0,132278
page_index,time_cycles
0,118726
page_index,time_cycles
0,145304
page_index,time_cycles
0,161186
page_index,time_cycles
0,140086
page_index,time_cycles
0,213120
page_index,time_cycles
0,130926
page_index,time_cycles
0,157718
page_index,time_cycles
0,105638
page_index,time_cycles
0,192594
page_index,time_cycles
0,159404
page_index,time_cycles
0,145414
page_index,time_cycles
0,140688
page_index,time_cycles
0,159062
page_index,time_cycles
0,131510
page_index,time_cycles
0,115956
page_index,time_cycles
0,128820
page_index,time_cycles
0,97012
page_index,time_cycles
0,133764
page_index,time_cycles
0,106414
page_index,time_cycles
0,133938
page_index,time_cycles
0,92690
page_index,time_cycles
0,112386
page_index,time_cycles
0,79816
page_index,time_cycles
0,133168
page_index,time_cycles
0,187674
page_index,time_cycles
0,130256
page_index,time_cycles
0,129360
page_index,time_cycles
0,130548
page_index,time_cycles
0,128582
page_index,time_cycles
0,79796
page_index,time_cycles
0,111648
page_index,time_cycles
0,126882
page_index,time_cycles
0,143460
page_index,time_cycles
0,114954
page_index,time_cycles
0,95194
page_index,time_cycles
0,145340
page_index,time_cycles
0,222664
page_index,time_cycles
0,142138
page_index,time_cycles
0,132972
page_index,time_cycles
0,111704
page_index,time_cycles
0,117332
page_index,time_cycles
0,126962
page_index,time_cycles
0,132168
page_index,time_cycles
0,94008
page_index,time_cycles
0,107332
page_index,time_cycles
0,130538
page_index,time_cycles
0,197938
page_index,time_cycles
0,129044
page_index,time_cycles
0,81134
page_index,time_cycles
0,180460
page_index,time_cycles
0,107264
page_index,time_cycles
0,113224
page_index,time_cycles
0,79776
page_index,time_cycles
0,132562
page_index,time_cycles
0,122556
page_index,time_cycles
0,103382
page_index,time_cycles
0,130692
page_index,time_cycles
0,123124
page_index,time_cycles
0,81542
page_index,time_cycles
0,77946
page_index,time_cycles
0,168640
page_index,time_cycles
0,128568
page_index,time_cycles
0,126962
page_index,time_cycles
0,156922
page_index,time_cycles
0,77378
page_index,time_cycles
0,191094
page_index,time_cycles
0,136558
page_index,time_cycles
0,137626
page_index,time_cycles
0,126048
page_index,time_cycles
0,129410
page_index,time_cycles
0,143964
page_index,time_cycles
0,133316
page_index,time_cycles
0,190564
page_index,time_cycles
0,81668
page_index,time_cycles
0,133494
page_index,time_cycles
0,158008
page_index,time_cycles
0,193966
page_index,time_cycles
0,134782
page_index,time_cycles
0,101702
page_index,time_cycles
0,81522
page_index,time_cycles
0,79934
page_index,time_cycles
0,142934
page_index,time_cycles
0,136192
page_index,time_cycles
0,128466
page_index,time_cycles
0,121846
page_index,time_cycles
0,87886
page_index,time_cycles
0,184170
page_index,time_cycles
0,131012
page_index,time_cycles
0,81106
page_index,time_cycles
0,178974
page_index,time_cycles
0,151904
page_index,time_cycles
0,79406
page_index,time_cycles
0,147806
page_index,time_cycles
0,144128
page_index,time_cycles
0,151252
page_index,time_cycles
0,142686
page_index,time_cycles
0,82140
page_index,time_cycles
0,151442
page_index,time_cycles
0,131520
page_index,time_cycles
0,140298
page_index,time_cycles
0,122202
page_index,time_cycles
0,132310
page_index,time_cycles
0,118398
page_index,time_cycles
0,139708
page_index,time_cycles
0,110446
page_index,time_cycles
0,130094
page_index,time_cycles
0,110750
page_index,time_cycles
0,116202
page_index,time_cycles
0,139420
page_index,time_cycles
0,131434
page_index,time_cycles
0,121468
page_index,time_cycles
0,113044
page_index,time_cycles
0,188986
page_index,time_cycles
0,114958
page_index,time_cycles
0,176342
page_index,time_cycles
0,81296
page_index,time_cycles
0,131282
page_index,time_cycles
0,135968
page_index,time_cycles
0,117466
page_index,time_cycles
0,129236
page_index,time_cycles
0,137480
page_index,time_cycles
0,110212
page_index,time_cycles
0,95980
page_index,time_cycles
0,145980
page_index,time_cycles
0,83030
page_index,time_cycles
0,84482
page_index,time_cycles
0,112554
page_index,time_cycles
0,128146
page_index,time_cycles
0,132470
page_index,time_cycles
0,139052
page_index,time_cycles
0,111272
page_index,time_cycles
0,132036
page_index,time_cycles
0,136724
page_index,time_cycles
0,128006
page_index,time_cycles
0,80600
page_index,time_cycles
0,79096
page_index,time_cycles
0,129028
page_index,time_cycles
0,131206
page_index,time_cycles
0,148296
page_index,time_cycles
0,129352
page_index,time_cycles
0,144446
page_index,time_cycles
0,136360
page_index,time_cycles
0,123668
page_index,time_cycles
0,123670
page_index,time_cycles
0,124628
page_index,time_cycles
0,109664
page_index,time_cycles
0,135232
page_index,time_cycles
0,82042
page_index,time_cycles
0,83130
page_index,time_cycles
0,138758
page_index,time_cycles
0,132052
page_index,time_cycles
0,92784
page_index,time_cycles
0,182752
page_index,time_cycles
0,131262
page_index,time_cycles
0,143210
page_index,time_cycles
0,139086
page_index,time_cycles
0,180306
page_index,time_cycles
0,143526
page_index,time_cycles
0,128648
page_index,time_cycles
0,115540
page_index,time_cycles
0,131730
page_index,time_cycles
0,140264
page_index,time_cycles
0,111106
page_index,time_cycles
0,132514
page_index,time_cycles
0,142900
page_index,time_cycles
0,137972
page_index,time_cycles
0,77984
page_index,time_cycles
0,131780
page_index,time_cycles
0,127152
page_index,time_cycles
0,143492
page_index,time_cycles
0,131630
page_index,time_cycles
0,129778
page_index,time_cycles
0,130402
page_index,time_cycles
0,135428
page_index,time_cycles
0,164134
page_index,time_cycles
0,152750
page_index,time_cycles
0,115694
page_index,time_cycles
0,127534
page_index,time_cycles
0,86172
page_index,time_cycles
0,157748
page_index,time_cycles
0,133930
page_index,time_cycles
0,112150
page_index,time_cycles
0,122266
page_index,time_cycles
0,117370
page_index,time_cycles
0,179656
page_index,time_cycles
0,114326
page_index,time_cycles
0,122096
page_index,time_cycles
0,117742
page_index,time_cycles
0,143186
page_index,time_cycles
0,134384
page_index,time_cycles
0,115822
page_index,time_cycles
0,178472
page_index,time_cycles
0,117464
page_index,time_cycles
0,154444
page_index,time_cycles
0,81364
page_index,time_cycles
0,135430
page_index,time_cycles
0,124080
page_index,time_cycles
0,80422
page_index,time_cycles
0,130990
page_index,time_cycles
0,180758
page_index,time_cycles
0,153176
page_index,time_cycles
0,134992
page_index,time_cycles
0,131326
page_index,time_cycles
0,85442
page_index,time_cycles
0,145684
page_index,time_cycles
0,168012
page_index,time_cycles
0,82414
page_index,time_cycles
0,91816
page_index,time_cycles
0,84312
page_index,time_cycles
0,110630
page_index,time_cycles
0,157742
page_index,time_cycles
0,155470
page_index,time_cycles
0,132330
page_index,time_cycles
0,141830
page_index,time_cycles
0,175386
page_index,time_cycles
0,140266
page_index,time_cycles
0,121570
page_index,time_cycles
0,86016
page_index,time_cycles
0,136878
page_index,time_cycles
0,145308
page_index,time_cycles
0,112256
page_index,time_cycles
0,141582
page_index,time_cycles
0,123920
page_index,time_cycles
0,129334
page_index,time_cycles
0,146678
page_index,time_cycles
0,142996
page_index,time_cycles
0,131480
page_index,time_cycles
0,188308
page_index,time_cycles
0,136880
page_index,time_cycles
0,140014
page_index,time_cycles
0,138704
page_index,time_cycles
0,121596
page_index,time_cycles
0,131840
page_index,time_cycles
0,145662
page_index,time_cycles
0,119312
page_index,time_cycles
0,143602
page_index,time_cycles
0,145604
page_index,time_cycles
0,133934
page_index,time_cycles
0,81580
page_index,time_cycles
0,127134
page_index,time_cycles
0,110324
page_index,time_cycles
0,137252
page_index,time_cycles
0,126886
page_index,time_cycles
0,75974
page_index,time_cycles
0,160650
page_index,time_cycles
0,144294
page_index,time_cycles
0,141340
page_index,time_cycles
0,128228
page_index,time_cycles
0,79576
page_index,time_cycles
0,118042
page_index,time_cycles
0,113030
page_index,time_cycles
0,171806
page_index,time_cycles
0,113042
page_index,time_cycles
0,107938
page_index,time_cycles
0,138052
page_index,time_cycles
0,172836
page_index,time_cycles
0,78452
page_index,time_cycles
0,141396
page_index,time_cycles
0,133184
page_index,time_cycles
0,113316
page_index,time_cycles
0,133442
page_index,time_cycles
0,93694
page_index,time_cycles
0,98776
page_index,time_cycles
0,154116
page_index,time_cycles
0,90202
page_index,time_cycles
0,197480
page_index,time_cycles
0,181092
page_index,time_cycles
0,136642
page_index,time_cycles
0,184294
page_index,time_cycles
0,119834
page_index,time_cycles
0,145982
page_index,time_cycles
0,93176
page_index,time_cycles
0,118164
page_index,time_cycles
0,135204
page_index,time_cycles
0,145512
page_index,time_cycles
0,153634
page_index,time_cycles
0,131546
page_index,time_cycles
0,107894
page_index,time_cycles
0,116218
page_index,time_cycles
0,132900
page_index,time_cycles
0,139804
page_index,time_cycles
0,140938
page_index,time_cycles
0,111720
page_index,time_cycles
0,91580
page_index,time_cycles
0,106474
page_index,time_cycles
0,197052
page_index,time_cycles
0,146750
page_index,time_cycles
0,133136
page_index,time_cycles
0,138322
page_index,time_cycles
0,138096
page_index,time_cycles
0,94728
page_index,time_cycles
0,124778
page_index,time_cycles
0,135358
page_index,time_cycles
0,172246
page_index,time_cycles
0,115130
page_index,time_cycles
0,148032
page_index,time_cycles
0,132334
page_index,time_cycles
0,134900
page_index,time_cycles
0,94786
page_index,time_cycles
0,131618
page_index,time_cycles
0,132824
page_index,time_cycles
0,84428
page_index,time_cycles
0,148324
page_index,time_cycles
0,127144
page_index,time_cycles
0,158572
page_index,time_cycles
0,127218
page_index,time_cycles
0,144890
page_index,time_cycles
0,89378
page_index,time_cycles
0,127164
page_index,time_cycles
0,114256
page_index,time_cycles
0,140618
page_index,time_cycles
0,99138
page_index,time_cycles
0,131844
page_index,time_cycles
0,136820
page_index,time_cycles
0,147182
page_index,time_cycles
0,81002
page_index,time_cycles
0,135508
page_index,time_cycles
0,109860
page_index,time_cycles
0,109412
page_index,time_cycles
0,141124
page_index,time_cycles
0,176710
page_index,time_cycles
0,142158
page_index,time_cycles
0,80460
page_index,time_cycles
0,82702
page_index,time_cycles
0,117882
page_index,time_cycles
0,131378
page_index,time_cycles
0,118626
page_index,time_cycles
0,110600
page_index,time_cycles
0,135486
page_index,time_cycles
0,143318
page_index,time_cycles
0,98168
page_index,time_cycles
0,97360
page_index,time_cycles
0,114300
page_index,time_cycles
0,130548
page_index,time_cycles
0,102702
page_index,time_cycles
0,134640
page_index,time_cycles
0,198052
page_index,time_cycles
0,142984
page_index,time_cycles
0,105838
page_index,time_cycles
0,130964
page_index,time_cycles
0,141058
page_index,time_cycles
0,179330
page_index,time_cycles
0,81170
page_index,time_cycles
0,101800
page_index,time_cycles
0,130152
page_index,time_cycles
0,93680
page_index,time_cycles
0,118998
page_index,time_cycles
0,131024
page_index,time_cycles
0,113494
page_index,time_cycles
0,131826
page_index,time_cycles
0,146448
page_index,time_cycles
0,122256
page_index,time_cycles
0,81008
page_index,time_cycles
0,107470
page_index,time_cycles
0,143978
page_index,time_cycles
0,143120
page_index,time_cycles
0,139336
page_index,time_cycles
0,139162
page_index,time_cycles
0,176270
page_index,time_cycles
0,132454
page_index,time_cycles
0,124038
page_index,time_cycles
0,199062
page_index,time_cycles
0,133046
page_index,time_cycles
0,80046
page_index,time_cycles
0,118224
page_index,time_cycles
0,82876
page_index,time_cycles
0,164524
page_index,time_cycles
0,118688
page_index,time_cycles
0,180000
page_index,time_cycles
0,80602
page_index,time_cycles
0,117860
page_index,time_cycles
0,145798
page_index,time_cycles
0,129392
page_index,time_cycles
0,138580
page_index,time_cycles
0,142050
page_index,time_cycles
0,126962
page_index,time_cycles
0,82266
page_index,time_cycles
0,83228
page_index,time_cycles
0,104308
page_index,time_cycles
0,95358
page_index,time_cycles
0,135720
page_index,time_cycles
0,99508
page_index,time_cycles
0,81320
page_index,time_cycles
0,144080
page_index,time_cycles
0,137548
page_index,time_cycles
0,115974
page_index,time_cycles
0,163880
page_index,time_cycles
0,137304
page_index,time_cycles
0,130298
page_index,time_cycles
0,82062
page_index,time_cycles
0,129580
page_index,time_cycles
0,118984
page_index,time_cycles
0,154258
page_index,time_cycles
0,142546
page_index,time_cycles
0,154812
page_index,time_cycles
0,194676
page_index,time_cycles
0,100524
page_index,time_cycles
0,139446
page_index,time_cycles
0,136980
page_index,time_cycles
0,140500
page_index,time_cycles
0,94032
page_index,time_cycles
0,131534
page_index,time_cycles
0,126500
page_index,time_cycles
0,135698
page_index,time_cycles
0,132450
page_index,time_cycles
0,128532
page_index,time_cycles
0,116522
page_index,time_cycles
0,129712
page_index,time_cycles
0,115716
page_index,time_cycles
0,134996
page_index,time_cycles
0,114810
page_index,time_cycles
0,145338
page_index,time_cycles
0,143926
page_index,time_cycles
0,135446
page_index,time_cycles
0,178540
page_index,time_cycles
0,136292
page_index,time_cycles
0,222974
page_index,time_cycles
0,127636
page_index,time_cycles
0,179406
page_index,time_cycles
0,95858
page_index,time_cycles
0,178266
page_index,time_cycles
0,145458
page_index,time_cycles
0,128800
page_index,time_cycles
0,114642
page_index,time_cycles
0,130478
page_index,time_cycles
0,133930
page_index,time_cycles
0,197468
page_index,time_cycles
0,133324
page_index,time_cycles
0,126656
page_index,time_cycles
0,128792
page_index,time_cycles
0,83144
page_index,time_cycles
0,113784
page_index,time_cycles
0,139182
page_index,time_cycles
0,115218
page_index,time_cycles
0,96610
page_index,time_cycles
0,141000
page_index,time_cycles
0,125036
page_index,time_cycles
0,130494
page_index,time_cycles
0,107478
page_index,time_cycles
0,107448
page_index,time_cycles
0,144636
page_index,time_cycles
0,143640
page_index,time_cycles
0,135020
page_index,time_cycles
0,112764
page_index,time_cycles
0,87274
page_index,time_cycles
0,171692
page_index,time_cycles
0,162354
page_index,time_cycles
0,132974
page_index,time_cycles
0,176012
page_index,time_cycles
0,81318
page_index,time_cycles
0,107478
page_index,time_cycles
0,131740
page_index,time_cycles
0,135010
page_index,time_cycles
0,144230
page_index,time_cycles
0,143102
page_index,time_cycles
0,109564
page_index,time_cycles
0,80820
page_index,time_cycles
0,126922
page_index,time_cycles
0,113134
page_index,time_cycles
0,130874
page_index,time_cycles
0,124338
page_index,time_cycles
0,145714
page_index,time_cycles
0,129272
page_index,time_cycles
0,120402
page_index,time_cycles
0,129736
page_index,time_cycles
0,126758
page_index,time_cycles
0,157614
page_index,time_cycles
0,138990
page_index,time_cycles
0,146196
page_index,time_cycles
0,161026
page_index,time_cycles
0,78896
page_index,time_cycles
0,103278
page_index,time_cycles
0,140342
page_index,time_cycles
0,133946
page_index,time_cycles
0,90798
page_index,time_cycles
0,129592
page_index,time_cycles
0,80204
page_index,time_cycles
0,112280
page_index,time_cycles
0,76872
page_index,time_cycles
0,111882
page_index,time_cycles
0,106180
page_index,time_cycles
0,80026
page_index,time_cycles
0,140048
page_index,time_cycles
0,148860
page_index,time_cycles
0,174574
page_index,time_cycles
0,184928
page_index,time_cycles
0,139806
page_index,time_cycles
0,129252
page_index,time_cycles
0,79002
page_index,time_cycles
0,110436
page_index,time_cycles
0,108722
page_index,time_cycles
0,76626
page_index,time_cycles
0,129962
page_index,time_cycles
0,128974
page_index,time_cycles
0,105450
page_index,time_cycles
0,128612
page_index,time_cycles
0,143238
page_index,time_cycles
0,80596
page_index,time_cycles
0,95530
page_index,time_cycles
0,107234
page_index,time_cycles
0,140048
page_index,time_cycles
0,82646
page_index,time_cycles
0,92878
page_index,time_cycles
0,78926
page_index,time_cycles
0,131408
page_index,time_cycles
0,135970
page_index,time_cycles
0,176768
page_index,time_cycles
0,96444
page_index,time_cycles
0,127328
page_index,time_cycles
0,178034
page_index,time_cycles
0,80628
page_index,time_cycles
0,151424
page_index,time_cycles
0,122128
page_index,time_cycles
0,127166
page_index,time_cycles
0,139612
page_index,time_cycles
0,113432
page_index,time_cycles
0,81496
page_index,time_cycles
0,130024
page_index,time_cycles
0,174220
page_index,time_cycles
0,140122
page_index,time_cycles
0,149916
page_index,time_cycles
0,160220
page_index,time_cycles
0,127992
page_index,time_cycles
0,147336
page_index,time_cycles
0,148710
page_index,time_cycles
0,80860
page_index,time_cycles
0,189398
page_index,time_cycles
0,116922
page_index,time_cycles
0,77758
page_index,time_cycles
0,157906
page_index,time_cycles
0,90412
page_index,time_cycles
0,85982
page_index,time_cycles
0,94758
page_index,time_cycles
0,127598
page_index,time_cycles
0,82248
page_index,time_cycles
0,111972
page_index,time_cycles
0,132972
page_index,time_cycles
0,88448
page_index,time_cycles
0,112724
page_index,time_cycles
0,172694
page_index,time_cycles
0,134452
page_index,time_cycles
0,156034
page_index,time_cycles
0,79090
page_index,time_cycles
0,81564
page_index,time_cycles
0,142218
page_index,time_cycles
0,125056
page_index,time_cycles
0,131268
page_index,time_cycles
0,108686
page_index,time_cycles
0,83232
page_index,time_cycles
0,147528
page_index,time_cycles
0,205772
page_index,time_cycles
0,144130
page_index,time_cycles
0,83420
page_index,time_cycles
0,173502
page_index,time_cycles
0,91372
page_index,time_cycles
0,146238
page_index,time_cycles
0,141270
page_index,time_cycles
0,199724
page_index,time_cycles
0,142908
page_index,time_cycles
0,103986
page_index,time_cycles
0,149792
page_index,time_cycles
0,82480
page_index,time_cycles
0,97966
page_index,time_cycles
0,114106
page_index,time_cycles
0,116302
page_index,time_cycles
0,146448
page_index,time_cycles
0,142440
page_index,time_cycles
0,95854
page_index,time_cycles
0,133616
page_index,time_cycles
0,120440
page_index,time_cycles
0,150754
page_index,time_cycles
0,235716
page_index,time_cycles
0,143550
page_index,time_cycles
0,134582
page_index,time_cycles
0,225590
page_index,time_cycles
0,126548
page_index,time_cycles
0,128866
page_index,time_cycles
0,148832
page_index,time_cycles
0,149344
page_index,time_cycles
0,120642
page_index,time_cycles
0,98838
page_index,time_cycles
0,87276
page_index,time_cycles
0,107354
page_index,time_cycles
0,142022
page_index,time_cycles
0,140196
page_index,time_cycles
0,100316
page_index,time_cycles
0,141830
page_index,time_cycles
0,145152
page_index,time_cycles
0,109030
page_index,time_cycles
0,138830
page_index,time_cycles
0,80344
page_index,time_cycles
0,107018
page_index,time_cycles
0,81072
page_index,time_cycles
0,197488
page_index,time_cycles
0,138196
page_index,time_cycles
0,131162
page_index,time_cycles
0,145062
page_index,time_cycles
0,144312
page_index,time_cycles
0,177582
page_index,time_cycles
0,98198
page_index,time_cycles
0,95646
page_index,time_cycles
0,118518
page_index,time_cycles
0,80058
page_index,time_cycles
0,152138
page_index,time_cycles
0,77126
page_index,time_cycles
0,130834
page_index,time_cycles
0,115642
page_index,time_cycles
0,133710
page_index,time_cycles
0,131164
page_index,time_cycles
0,130694
page_index,time_cycles
0,111910
page_index,time_cycles
0,118654
page_index,time_cycles
0,105096
page_index,time_cycles
0,137812
page_index,time_cycles
0,132722
page_index,time_cycles
0,131758
page_index,time_cycles
0,87412
page_index,time_cycles
0,79326
page_index,time_cycles
0,129972
page_index,time_cycles
0,130464
page_index,time_cycles
0,141290
page_index,time_cycles
0,83290
page_index,time_cycles
0,82580
page_index,time_cycles
0,81276
page_index,time_cycles
0,148586
page_index,time_cycles
0,157316
page_index,time_cycles
0,145996
page_index,time_cycles
0,108164
page_index,time_cycles
0,132718
page_index,time_cycles
0,130422
page_index,time_cycles
0,83202
page_index,time_cycles
0,172078
page_index,time_cycles
0,139850
page_index,time_cycles
0,108284
page_index,time_cycles
0,146862
page_index,time_cycles
0,143410
page_index,time_cycles
0,152550
page_index,time_cycles
0,142982
page_index,time_cycles
0,132280
page_index,time_cycles
0,129820
page_index,time_cycles
0,128276
page_index,time_cycles
0,130372
page_index,time_cycles
0,107980
page_index,time_cycles
0,82564
page_index,time_cycles
0,165222
page_index,time_cycles
0,130308
page_index,time_cycles
0,121128
page_index,time_cycles
0,120538
page_index,time_cycles
0,119542
page_index,time_cycles
0,80138
page_index,time_cycles
0,97136
page_index,time_cycles
0,134370
page_index,time_cycles
0,144284
page_index,time_cycles
0,117714
page_index,time_cycles
0,157752
page_index,time_cycles
0,126416
page_index,time_cycles
0,158448
page_index,time_cycles
0,121026
page_index,time_cycles
0,249804
page_index,time_cycles
0,109674
page_index,time_cycles
0,136926
page_index,time_cycles
0,130702
page_index,time_cycles
0,118784
page_index,time_cycles
0,105744
page_index,time_cycles
0,121724
page_index,time_cycles
0,209012
page_index,time_cycles
0,130750
page_index,time_cycles
0,146346
page_index,time_cycles
0,129482
page_index,time_cycles
0,183154
page_index,time_cycles
0,96144
page_index,time_cycles
0,143898
page_index,time_cycles
0,108286
page_index,time_cycles
0,147070
page_index,time_cycles
0,86484
page_index,time_cycles
0,134706
page_index,time_cycles
0,103122
page_index,time_cycles
0,93766
page_index,time_cycles
0,81076
page_index,time_cycles
0,108748
page_index,time_cycles
0,147148
page_index,time_cycles
0,79450
page_index,time_cycles
0,130514
page_index,time_cycles
0,132650
page_index,time_cycles
0,169796
page_index,time_cycles
0,138328
page_index,time_cycles
0,131524
page_index,time_cycles
0,133670
page_index,time_cycles
0,130574
page_index,time_cycles
0,143204
page_index,time_cycles
0,124604
page_index,time_cycles
0,83356
page_index,time_cycles
0,132002
page_index,time_cycles
0,162454
page_index,time_cycles
0,125794
page_index,time_cycles
0,145136
page_index,time_cycles
0,148168
page_index,time_cycles
0,193278
page_index,time_cycles
0,104682
page_index,time_cycles
0,76802
page_index,time_cycles
0,162340
page_index,time_cycles
0,132592
page_index,time_cycles
0,125368
page_index,time_cycles
0,80600
page_index,time_cycles
0,129720
page_index,time_cycles
0,112834
page_index,time_cycles
0,152774
page_index,time_cycles
0,133208
page_index,time_cycles
0,144280
page_index,time_cycles
0,140588
page_index,time_cycles
0,112412
page_index,time_cycles
0,134102
page_index,time_cycles
0,81170
page_index,time_cycles
0,146828
page_index,time_cycles
0,81360
page_index,time_cycles
0,90820
page_index,time_cycles
0,191990
page_index,time_cycles
0,79114
page_index,time_cycles
0,81772
page_index,time_cycles
0,80982
page_index,time_cycles
0,126956
page_index,time_cycles
0,115064
page_index,time_cycles
0,158028
page_index,time_cycles
0,82608
page_index,time_cycles
0,124820
page_index,time_cycles
0,145352
page_index,time_cycles
0,136128
page_index,time_cycles
0,112602
page_index,time_cycles
0,135956
page_index,time_cycles
0,95846
page_index,time_cycles
0,118876
page_index,time_cycles
0,131240
page_index,time_cycles
0,135428
page_index,time_cycles
0,140924
page_index,time_cycles
0,133798
page_index,time_cycles
0,99674
page_index,time_cycles
0,115816
page_index,time_cycles
0,130542
page_index,time_cycles
0,102964
page_index,time_cycles
0,79552
page_index,time_cycles
0,159698
page_index,time_cycles
0,186272
page_index,time_cycles
0,133940
page_index,time_cycles
0,126072
page_index,time_cycles
0,196506
page_index,time_cycles
0,93634
page_index,time_cycles
0,152442
page_index,time_cycles
0,152120
page_index,time_cycles
0,112658
page_index,time_cycles
0,160170
page_index,time_cycles
0,183454
page_index,time_cycles
0,129862
page_index,time_cycles
0,79680
page_index,time_cycles
0,84152
page_index,time_cycles
0,136454
page_index,time_cycles
0,80162
page_index,time_cycles
0,102296
page_index,time_cycles
0,139046
page_index,time_cycles
0,178642
page_index,time_cycles
0,133146
page_index,time_cycles
0,141458
page_index,time_cycles
0,178920
page_index,time_cycles
0,109012
page_index,time_cycles
0,175028
page_index,time_cycles
0,137436
page_index,time_cycles
0,128454
page_index,time_cycles
0,115216
page_index,time_cycles
0,118368
page_index,time_cycles
0,86980
page_index,time_cycles
0,78604
page_index,time_cycles
0,131788
page_index,time_cycles
0,126478
page_index,time_cycles
0,131938
page_index,time_cycles
0,127574
page_index,time_cycles
0,77644
page_index,time_cycles
0,139320
page_index,time_cycles
0,92402
page_index,time_cycles
0,88874
page_index,time_cycles
0,142562
page_index,time_cycles
0,128558
page_index,time_cycles
0,146184
page_index,time_cycles
0,118462
page_index,time_cycles
0,126354
page_index,time_cycles
0,130976
page_index,time_cycles
0,79258
page_index,time_cycles
0,94672
page_index,time_cycles
0,139046
page_index,time_cycles
0,157658
page_index,time_cycles
0,153608
page_index,time_cycles
0,80654
page_index,time_cycles
0,96114
page_index,time_cycles
0,108536
page_index,time_cycles
0,110216
page_index,time_cycles
0,198060
page_index,time_cycles
0,84136
page_index,time_cycles
0,148324
page_index,time_cycles
0,83292
page_index,time_cycles
0,145914
page_index,time_cycles
0,85498
page_index,time_cycles
0,143706
page_index,time_cycles
0,139816
page_index,time_cycles
0,112622
page_index,time_cycles
0,132790
page_index,time_cycles
0,148560
page_index,time_cycles
0,121502
page_index,time_cycles
0,81216
page_index,time_cycles
0,139550
page_index,time_cycles
0,192612
page_index,time_cycles
0,84040
page_index,time_cycles
0,109924
page_index,time_cycles
0,120094
page_index,time_cycles
0,141952
page_index,time_cycles
0,113154
page_index,time_cycles
0,145942
page_index,time_cycles
0,128778
page_index,time_cycles
0,127832
page_index,time_cycles
0,80436
page_index,time_cycles
0,147490
page_index,time_cycles
0,117788
page_index,time_cycles
0,113188
page_index,time_cycles
0,85354
page_index,time_cycles
0,128278
page_index,time_cycles
0,130114
page_index,time_cycles
0,125734
page_index,time_cycles
0,106144
page_index,time_cycles
0,144836
page_index,time_cycles
0,157530
page_index,time_cycles
0,135278
page_index,time_cycles
0,201958
page_index,time_cycles
0,109094
page_index,time_cycles
0,150438
page_index,time_cycles
0,80838
page_index,time_cycles
0,128284
page_index,time_cycles
0,146288
page_index,time_cycles
0,110004
page_index,time_cycles
0,121488
page_index,time_cycles
0,80860
page_index,time_cycles
0,110780
page_index,time_cycles
0,130110
page_index,time_cycles
0,451316
page_index,time_cycles
0,129304
page_index,time_cycles
0,137310
page_index,time_cycles
0,141080
page_index,time_cycles
0,80062
page_index,time_cycles
0,145600
page_index,time_cycles
0,170646
page_index,time_cycles
0,191128
page_index,time_cycles
0,115176
page_index,time_cycles
0,81722
page_index,time_cycles
0,170810
page_index,time_cycles
0,97322
page_index,time_cycles
0,133810
page_index,time_cycles
0,176048
page_index,time_cycles
0,76732
page_index,time_cycles
0,115620
page_index,time_cycles
0,138854
page_index,time_cycles
0,135438
page_index,time_cycles
0,199808
page_index,time_cycles
0,111702
page_index,time_cycles
0,128722
page_index,time_cycles
0,83622
page_index,time_cycles
0,145764
page_index,time_cycles
0,156092
page_index,time_cycles
0,88344
page_index,time_cycles
0,125962
page_index,time_cycles
0,79454
page_index,time_cycles
0,130412
page_index,time_cycles
0,145054
page_index,time_cycles
0,130340
page_index,time_cycles
0,100736
page_index,time_cycles
0,100362
page_index,time_cycles
0,130630
page_index,time_cycles
0,141944
page_index,time_cycles
0,134176
page_index,time_cycles
0,110796
page_index,time_cycles
0,96042
page_index,time_cycles
0,138744
page_index,time_cycles
0,133700
page_index,time_cycles
0,137468
page_index,time_cycles
0,80630
page_index,time_cycles
0,120158
page_index,time_cycles
0,134618
page_index,time_cycles
0,127592
page_index,time_cycles
0,155830
page_index,time_cycles
0,139916
page_index,time_cycles
0,101740
page_index,time_cycles
0,78476
page_index,time_cycles
0,82268
page_index,time_cycles
0,82856
page_index,time_cycles
0,136010
page_index,time_cycles
0,185764
page_index,time_cycles
0,122948
page_index,time_cycles
0,81804
page_index,time_cycles
0,82598
page_index,time_cycles
0,142984
page_index,time_cycles
0,177650
page_index,time_cycles
0,151798
page_index,time_cycles
0,94472
page_index,time_cycles
0,116174
page_index,time_cycles
0,133882
page_index,time_cycles
0,94284
page_index,time_cycles
0,79378
page_index,time_cycles
0,103872
page_index,time_cycles
0,84324
page_index,time_cycles
0,133540
page_index,time_cycles
0,85578
page_index,time_cycles
0,130444
page_index,time_cycles
0,158456
page_index,time_cycles
0,142584
page_index,time_cycles
0,126582
page_index,time_cycles
0,103310
page_index,time_cycles
0,140906
page_index,time_cycles
0,145948
page_index,time_cycles
0,141568
page_index,time_cycles
0,81478
page_index,time_cycles
0,129872
page_index,time_cycles
0,97848
page_index,time_cycles
0,164694
page_index,time_cycles
0,121514
page_index,time_cycles
0,156608
page_index,time_cycles
0,78596
page_index,time_cycles
0,151860
page_index,time_cycles
0,129660
page_index,time_cycles
0,121712
page_index,time_cycles
0,125570
page_index,time_cycles
0,79962
page_index,time_cycles
0,129130
page_index,time_cycles
0,129360
page_index,time_cycles
0,169790
page_index,time_cycles
0,104370
page_index,time_cycles
0,117108
page_index,time_cycles
0,132608
page_index,time_cycles
0,107974
page_index,time_cycles
0,113272
page_index,time_cycles
0,114974
page_index,time_cycles
0,135166
page_index,time_cycles
0,103526
page_index,time_cycles
0,122102
page_index,time_cycles
0,129422
page_index,time_cycles
0,159172
page_index,time_cycles
0,84568
page_index,time_cycles
0,81676
page_index,time_cycles
0,132386
page_index,time_cycles
0,142110
page_index,time_cycles
0,126524
page_index,time_cycles
0,132828
page_index,time_cycles
0,178010
page_index,time_cycles
0,132606
page_index,time_cycles
0,134826
page_index,time_cycles
0,139498
page_index,time_cycles
0,101322
page_index,time_cycles
0,110888
page_index,time_cycles
0,110438
page_index,time_cycles
0,132650
page_index,time_cycles
0,123326
page_index,time_cycles
0,110458
page_index,time_cycles
0,150698
page_index,time_cycles
0,120192
page_index,time_cycles
0,134018
page_index,time_cycles
0,140554
page_index,time_cycles
0,142874
page_index,time_cycles
0,138512
page_index,time_cycles
0,121614
page_index,time_cycles
0,148066
page_index,time_cycles
0,139726
page_index,time_cycles
0,127832
page_index,time_cycles
0,135040
page_index,time_cycles
0,101350
page_index,time_cycles
0,133650
page_index,time_cycles
0,120130
page_index,time_cycles
0,107078
page_index,time_cycles
0,127814
page_index,time_cycles
0,121796
page_index,time_cycles
0,146610
page_index,time_cycles
0,93832
page_index,time_cycles
0,125544
page_index,time_cycles
0,153300
page_index,time_cycles
0,126672
page_index,time_cycles
0,109612
page_index,time_cycles
0,128586
page_index,time_cycles
0,104536
page_index,time_cycles
0,84748
page_index,time_cycles
0,144608
page_index,time_cycles
0,109772
page_index,time_cycles
0,117546
page_index,time_cycles
0,83400
page_index,time_cycles
0,115416
page_index,time_cycles
0,130438
page_index,time_cycles
0,122410
page_index,time_cycles
0,144324
page_index,time_cycles
0,118280
page_index,time_cycles
0,179622
page_index,time_cycles
0,118250
page_index,time_cycles
0,244514
page_index,time_cycles
0,78444
page_index,time_cycles
0,126652
page_index,time_cycles
0,117464
page_index,time_cycles
0,132924
page_index,time_cycles
0,90032
page_index,time_cycles
0,79048
page_index,time_cycles
0,139638
page_index,time_cycles
0,135440
page_index,time_cycles
0,132506
page_index,time_cycles
0,130676
page_index,time_cycles
0,141200
page_index,time_cycles
0,126222
page_index,time_cycles
0,140678
page_index,time_cycles
0,149880
page_index,time_cycles
0,131010
page_index,time_cycles
0,127996
page_index,time_cycles
0,134640
page_index,time_cycles
0,137014
page_index,time_cycles
0,99482
page_index,time_cycles
0,297404
page_index,time_cycles
0,113682
page_index,time_cycles
0,115776
page_index,time_cycles
0,133454
page_index,time_cycles
0,133616
page_index,time_cycles
0,111840
page_index,time_cycles
0,84276
page_index,time_cycles
0,139600
page_index,time_cycles
0,128156
page_index,time_cycles
0,130600
page_index,time_cycles
0,142318
page_index,time_cycles
0,99088
page_index,time_cycles
0,141022
page_index,time_cycles
0,79402
page_index,time_cycles
0,107586
page_index,time_cycles
0,157274
page_index,time_cycles
0,134756
page_index,time_cycles
0,81670
page_index,time_cycles
0,135694
page_index,time_cycles
0,151960
page_index,time_cycles
0,105038
page_index,time_cycles
0,141226
page_index,time_cycles
0,78572
page_index,time_cycles
0,77070
page_index,time_cycles
0,154786
page_index,time_cycles
0,135570
page_index,time_cycles
0,136664
page_index,time_cycles
0,87300
page_index,time_cycles
0,90542
page_index,time_cycles
0,140966
page_index,time_cycles
0,134646
page_index,time_cycles
0,160986
page_index,time_cycles
0,99572
page_index,time_cycles
0,118692
page_index,time_cycles
0,138770
page_index,time_cycles
0,144612
page_index,time_cycles
0,141400
page_index,time_cycles
0,113188
page_index,time_cycles
0,108062
page_index,time_cycles
0,151748
page_index,time_cycles
0,134476
page_index,time_cycles
0,102334
page_index,time_cycles
0,126286
page_index,time_cycles
0,129424
page_index,time_cycles
0,125420
page_index,time_cycles
0,134436
page_index,time_cycles
0,135084
page_index,time_cycles
0,157348
page_index,time_cycles
0,82208
page_index,time_cycles
0,115064
page_index,time_cycles
0,119226
page_index,time_cycles
0,106026
page_index,time_cycles
0,78780
page_index,time_cycles
0,140762
page_index,time_cycles
0,119248
page_index,time_cycles
0,237986
page_index,time_cycles
0,176144
page_index,time_cycles
0,78912
page_index,time_cycles
0,119402
page_index,time_cycles
0,130588
page_index,time_cycles
0,99790
page_index,time_cycles
0,154044
page_index,time_cycles
0,88580
page_index,time_cycles
0,126516
page_index,time_cycles
0,157230
page_index,time_cycles
0,126086
page_index,time_cycles
0,81284
page_index,time_cycles
0,138374
page_index,time_cycles
0,139436
page_index,time_cycles
0,118650
page_index,time_cycles
0,79438
page_index,time_cycles
0,146550
page_index,time_cycles
0,107726
page_index,time_cycles
0,119668
page_index,time_cycles
0,126420
page_index,time_cycles
0,106030
page_index,time_cycles
0,142740
page_index,time_cycles
0,174570
page_index,time_cycles
0,78796
page_index,time_cycles
0,96598
page_index,time_cycles
0,117508
page_index,time_cycles
0,79534
page_index,time_cycles
0,149646
page_index,time_cycles
0,113022
page_index,time_cycles
0,124618
page_index,time_cycles
0,108428
page_index,time_cycles
0,131496
page_index,time_cycles
0,143928
page_index,time_cycles
0,137802
page_index,time_cycles
0,85222
page_index,time_cycles
0,76892
page_index,time_cycles
0,143096
page_index,time_cycles
0,106862
page_index,time_cycles
0,124856
page_index,time_cycles
0,80694
page_index,time_cycles
0,86972
page_index,time_cycles
0,119462
page_index,time_cycles
0,134776
page_index,time_cycles
0,141334
page_index,time_cycles
0,102776
page_index,time_cycles
0,113368
page_index,time_cycles
0,92652
page_index,time_cycles
0,108496
page_index,time_cycles
0,105834
page_index,time_cycles
0,112810
page_index,time_cycles
0,83258
page_index,time_cycles
0,79350
page_index,time_cycles
0,140660
page_index,time_cycles
0,118156
page_index,time_cycles
0,126884
page_index,time_cycles
0,105644
page_index,time_cycles
0,146924
page_index,time_cycles
0,136474
page_index,time_cycles
0,87362
page_index,time_cycles
0,102268
page_index,time_cycles
0,188282
page_index,time_cycles
0,100670
page_index,time_cycles
0,93264
page_index,time_cycles
0,83770
page_index,time_cycles
0,152140
page_index,time_cycles
0,127826
page_index,time_cycles
0,127878
page_index,time_cycles
0,131522
page_index,time_cycles
0,118046
page_index,time_cycles
0,137232
page_index,time_cycles
0,138100
page_index,time_cycles
0,144022
page_index,time_cycles
0,131866
page_index,time_cycles
0,114440
page_index,time_cycles
0,105266
page_index,time_cycles
0,101466
page_index,time_cycles
0,138632
page_index,time_cycles
0,139122
page_index,time_cycles
0,107464
page_index,time_cycles
0,90248
page_index,time_cycles
0,127450
page_index,time_cycles
0,133478
page_index,time_cycles
0,196570
page_index,time_cycles
0,123798
page_index,time_cycles
0,118968
page_index,time_cycles
0,128498
page_index,time_cycles
0,195888
page_index,time_cycles
0,123102
page_index,time_cycles
0,123142
page_index,time_cycles
0,105222
page_index,time_cycles
0,128168
page_index,time_cycles
0,139988
page_index,time_cycles
0,135260
page_index,time_cycles
0,116646
page_index,time_cycles
0,217004
page_index,time_cycles
0,146416
page_index,time_cycles
0,141000
page_index,time_cycles
0,129212
page_index,time_cycles
0,137736
page_index,time_cycles
0,115294
page_index,time_cycles
0,116636
page_index,time_cycles
0,129244
page_index,time_cycles
0,120604
page_index,time_cycles
0,119266
page_index,time_cycles
0,129886
page_index,time_cycles
0,122122
page_index,time_cycles
0,127412
page_index,time_cycles
0,113902
page_index,time_cycles
0,146850
page_index,time_cycles
0,129368
page_index,time_cycles
0,109416
page_index,time_cycles
0,83004
page_index,time_cycles
0,144482
page_index,time_cycles
0,135434
page_index,time_cycles
0,116104
page_index,time_cycles
0,117628
page_index,time_cycles
0,125560
page_index,time_cycles
0,124124
page_index,time_cycles
0,137560
page_index,time_cycles
0,82516
page_index,time_cycles
0,127424
page_index,time_cycles
0,80104
page_index,time_cycles
0,105774
page_index,time_cycles
0,124698
page_index,time_cycles
0,78224
page_index,time_cycles
0,129860
page_index,time_cycles
0,126428
page_index,time_cycles
0,138138
page_index,time_cycles
0,141870
page_index,time_cycles
0,131478
page_index,time_cycles
0,198614
page_index,time_cycles
0,118954
page_index,time_cycles
0,125546
page_index,time_cycles
0,130702
page_index,time_cycles
0,132418
page_index,time_cycles
0,167986
page_index,time_cycles
0,112568
page_index,time_cycles
0,185102
page_index,time_cycles
0,82410
page_index,time_cycles
0,139094
page_index,time_cycles
0,134404
page_index,time_cycles
0,117890
page_index,time_cycles
0,191414
page_index,time_cycles
0,133956
page_index,time_cycles
0,123098
page_index,time_cycles
0,115886
page_index,time_cycles
0,81078
page_index,time_cycles
0,107448
page_index,time_cycles
0,184556
page_index,time_cycles
0,119640
page_index,time_cycles
0,82970
page_index,time_cycles
0,154918
page_index,time_cycles
0,121650
page_index,time_cycles
0,127828
page_index,time_cycles
0,127756
page_index,time_cycles
0,96568
page_index,time_cycles
0,141748
page_index,time_cycles
0,143902
page_index,time_cycles
0,131890
page_index,time_cycles
0,131242
page_index,time_cycles
0,132254
page_index,time_cycles
0,80842
page_index,time_cycles
0,170374
page_index,time_cycles
0,129674
page_index,time_cycles
0,130178
page_index,time_cycles
0,130324
page_index,time_cycles
0,103824
page_index,time_cycles
0,82556
page_index,time_cycles
0,116786
page_index,time_cycles
0,167622
page_index,time_cycles
0,143188
page_index,time_cycles
0,131854
page_index,time_cycles
0,127988
page_index,time_cycles
0,236758
page_index,time_cycles
0,109258
page_index,time_cycles
0,147042
page_index,time_cycles
0,126006
page_index,time_cycles
0,133186
page_index,time_cycles
0,81900
page_index,time_cycles
0,131088
page_index,time_cycles
0,139782
page_index,time_cycles
0,133450
page_index,time_cycles
0,141496
page_index,time_cycles
0,147622
page_index,time_cycles
0,114160
page_index,time_cycles
0,129826
page_index,time_cycles
0,272354
page_index,time_cycles
0,136338
page_index,time_cycles
0,189850
page_index,time_cycles
0,132852
page_index,time_cycles
0,135224
page_index,time_cycles
0,136182
page_index,time_cycles
0,150572
page_index,time_cycles
0,127790
page_index,time_cycles
0,100366
page_index,time_cycles
0,108194
page_index,time_cycles
0,130338
page_index,time_cycles
0,142950
page_index,time_cycles
0,131580
page_index,time_cycles
0,79814
page_index,time_cycles
0,131374
page_index,time_cycles
0,152528
page_index,time_cycles
0,85864
page_index,time_cycles
0,132418
page_index,time_cycles
0,129764
page_index,time_cycles
0,127082
page_index,time_cycles
0,134996
page_index,time_cycles
0,153120
page_index,time_cycles
0,141604
page_index,time_cycles
0,122216
page_index,time_cycles
0,119734
page_index,time_cycles
0,139322
page_index,time_cycles
0,126466
page_index,time_cycles
0,142584
page_index,time_cycles
0,102910
page_index,time_cycles
0,116718
page_index,time_cycles
0,133934
page_index,time_cycles
0,143946
page_index,time_cycles
0,140270
page_index,time_cycles
0,134716
page_index,time_cycles
0,113612
page_index,time_cycles
0,168842
page_index,time_cycles
0,84766
page_index,time_cycles
0,140146
page_index,time_cycles
0,144826
page_index,time_cycles
0,145102
page_index,time_cycles
0,144624
page_index,time_cycles
0,146554
page_index,time_cycles
0,143258
page_index,time_cycles
0,107974
page_index,time_cycles
0,144070
page_index,time_cycles
0,82582
page_index,time_cycles
0,165452
page_index,time_cycles
0,146364
page_index,time_cycles
0,147512
page_index,time_cycles
0,127750
page_index,time_cycles
0,144718
page_index,time_cycles
0,125954
page_index,time_cycles
0,78650
page_index,time_cycles
0,125862
page_index,time_cycles
0,136496
page_index,time_cycles
0,219906
page_index,time_cycles
0,143544
page_index,time_cycles
0,145410
page_index,time_cycles
0,136894
page_index,time_cycles
0,82904
page_index,time_cycles
0,107050
page_index,time_cycles
0,147502
page_index,time_cycles
0,131212
page_index,time_cycles
0,132758
page_index,time_cycles
0,82296
page_index,time_cycles
0,81384
page_index,time_cycles
0,144382
page_index,time_cycles
0,78650
page_index,time_cycles
0,150644
page_index,time_cycles
0,79160
page_index,time_cycles
0,167074
page_index,time_cycles
0,143370
page_index,time_cycles
0,139006
page_index,time_cycles
0,83066
page_index,time_cycles
0,109518
page_index,time_cycles
0,128256
page_index,time_cycles
0,83832
page_index,time_cycles
0,145508
page_index,time_cycles
0,150068
page_index,time_cycles
0,109308
page_index,time_cycles
0,109328
page_index,time_cycles
0,131674
page_index,time_cycles
0,179966
page_index,time_cycles
0,112060
page_index,time_cycles
0,142516
page_index,time_cycles
0,132288
page_index,time_cycles
0,98800
page_index,time_cycles
0,127708
page_index,time_cycles
0,113070
page_index,time_cycles
0,144282
page_index,time_cycles
0,142084
page_index,time_cycles
0,116356
page_index,time_cycles
0,127038
page_index,time_cycles
0,128286
page_index,time_cycles
0,83166
page_index,time_cycles
0,140870
page_index,time_cycles
0,110280
page_index,time_cycles
0,128998
page_index,time_cycles
0,180394
page_index,time_cycles
0,127444
page_index,time_cycles
0,151650
page_index,time_cycles
0,86528
page_index,time_cycles
0,136102
page_index,time_cycles
0,139330
page_index,time_cycles
0,101896
page_index,time_cycles
0,102356
page_index,time_cycles
0,132084
page_index,time_cycles
0,224612
page_index,time_cycles
0,128514
page_index,time_cycles
0,106114
page_index,time_cycles
0,92040
page_index,time_cycles
0,128714
page_index,time_cycles
0,113448
page_index,time_cycles
0,80286
page_index,time_cycles
0,145810
page_index,time_cycles
0,136354
page_index,time_cycles
0,144092
page_index,time_cycles
0,145186
page_index,time_cycles
0,80294
page_index,time_cycles
0,107218
page_index,time_cycles
0,81984
page_index,time_cycles
0,209324
page_index,time_cycles
0,130008
page_index,time_cycles
0,124054
page_index,time_cycles
0,141384
page_index,time_cycles
0,82668
page_index,time_cycles
0,83862
page_index,time_cycles
0,158964
page_index,time_cycles
0,130884
page_index,time_cycles
0,123266
page_index,time_cycles
0,77398
page_index,time_cycles
0,132230
page_index,time_cycles
0,150236
page_index,time_cycles
0,146578
page_index,time_cycles
0,124322
page_index,time_cycles
0,95946
page_index,time_cycles
0,147192
page_index,time_cycles
0,136852
page_index,time_cycles
0,119818
page_index,time_cycles
0,82550
page_index,time_cycles
0,127632
page_index,time_cycles
0,113242
page_index,time_cycles
0,156876
page_index,time_cycles
0,132944
page_index,time_cycles
0,130190
page_index,time_cycles
0,123384
page_index,time_cycles
0,153816
page_index,time_cycles
0,149428
page_index,time_cycles
0,133462
page_index,time_cycles
0,127208
page_index,time_cycles
0,86188
page_index,time_cycles
0,136754
page_index,time_cycles
0,131186
page_index,time_cycles
0,115496
page_index,time_cycles
0,79334
page_index,time_cycles
0,99292
page_index,time_cycles
0,138494
page_index,time_cycles
0,80748
page_index,time_cycles
0,138500
page_index,time_cycles
0,105490
page_index,time_cycles
0,105702
page_index,time_cycles
0,83250
page_index,time_cycles
0,156010
page_index,time_cycles
0,110482
page_index,time_cycles
0,150502
page_index,time_cycles
0,191618
page_index,time_cycles
0,131916
page_index,time_cycles
0,175092
page_index,time_cycles
0,156272
page_index,time_cycles
0,78090
page_index,time_cycles
0,97744
page_index,time_cycles
0,141770
page_index,time_cycles
0,130214
page_index,time_cycles
0,133486
page_index,time_cycles
0,174552
page_index,time_cycles
0,146788
page_index,time_cycles
0,79214
page_index,time_cycles
0,214102
page_index,time_cycles
0,153116
page_index,time_cycles
0,127792
page_index,time_cycles
0,146936
page_index,time_cycles
0,108436
page_index,time_cycles
0,147202
page_index,time_cycles
0,135432
page_index,time_cycles
0,129846
page_index,time_cycles
0,145648
page_index,time_cycles
0,148142
page_index,time_cycles
0,97804
page_index,time_cycles
0,141738
page_index,time_cycles
0,141668
page_index,time_cycles
0,144014
page_index,time_cycles
0,80722
page_index,time_cycles
0,153820
page_index,time_cycles
0,112260
page_index,time_cycles
0,112512
page_index,time_cycles
0,132592
page_index,time_cycles
0,131258
page_index,time_cycles
0,102610
page_index,time_cycles
0,128442
page_index,time_cycles
0,120744
page_index,time_cycles
0,130064
page_index,time_cycles
0,128620
page_index,time_cycles
0,142236
page_index,time_cycles
0,81082
page_index,time_cycles
0,165712
page_index,time_cycles
0,102836
page_index,time_cycles
0,131798
page_index,time_cycles
0,150348
page_index,time_cycles
0,132612
page_index,time_cycles
0,138558
page_index,time_cycles
0,129802
page_index,time_cycles
0,143502
page_index,time_cycles
0,140546
page_index,time_cycles
0,130734
page_index,time_cycles
0,129802
page_index,time_cycles
0,125516
page_index,time_cycles
0,97314
page_index,time_cycles
0,109336
page_index,time_cycles
0,101420
page_index,time_cycles
0,141122
page_index,time_cycles
0,136576
page_index,time_cycles
0,114166
page_index,time_cycles
0,142064
page_index,time_cycles
0,79786
page_index,time_cycles
0,130876
page_index,time_cycles
0,126984
page_index,time_cycles
0,127438
page_index,time_cycles
0,125110
page_index,time_cycles
0,101864
page_index,time_cycles
0,99444
page_index,time_cycles
0,129126
page_index,time_cycles
0,100896
page_index,time_cycles
0,120810
page_index,time_cycles
0,144350
page_index,time_cycles
0,123604
page_index,time_cycles
0,108208
page_index,time_cycles
0,131526
page_index,time_cycles
0,77284
page_index,time_cycles
0,131732
page_index,time_cycles
0,140602
page_index,time_cycles
0,129498
page_index,time_cycles
0,129480
page_index,time_cycles
0,123494
page_index,time_cycles
0,119654
page_index,time_cycles
0,79004
page_index,time_cycles
0,111808
page_index,time_cycles
0,127992
page_index,time_cycles
0,138990
page_index,time_cycles
0,185388
page_index,time_cycles
0,202378
page_index,time_cycles
0,140964
page_index,time_cycles
0,134034
page_index,time_cycles
0,114076
page_index,time_cycles
0,130960
page_index,time_cycles
0,140876
page_index,time_cycles
0,144914
page_index,time_cycles
0,139872
page_index,time_cycles
0,115210
page_index,time_cycles
0,128900
page_index,time_cycles
0,131846
page_index,time_cycles
0,107906
page_index,time_cycles
0,121532
page_index,time_cycles
0,129172
page_index,time_cycles
0,141786
page_index,time_cycles
0,107836
page_index,time_cycles
0,130250
page_index,time_cycles
0,81078
page_index,time_cycles
0,144594
page_index,time_cycles
0,134278
page_index,time_cycles
0,132730
page_index,time_cycles
0,78990
page_index,time_cycles
0,134920
page_index,time_cycles
0,129188
page_index,time_cycles
0,88018
page_index,time_cycles
0,136538
page_index,time_cycles
0,125496
page_index,time_cycles
0,180488
page_index,time_cycles
0,81558
page_index,time_cycles
0,81264
page_index,time_cycles
0,130176
page_index,time_cycles
0,137462
page_index,time_cycles
0,127790
page_index,time_cycles
0,128998
page_index,time_cycles
0,113040
page_index,time_cycles
0,94020
page_index,time_cycles
0,132370
page_index,time_cycles
0,137624
page_index,time_cycles
0,160688
page_index,time_cycles
0,116592
page_index,time_cycles
0,119156
page_index,time_cycles
0,160364
page_index,time_cycles
0,80886
page_index,time_cycles
0,130220
page_index,time_cycles
0,128650
page_index,time_cycles
0,83024
page_index,time_cycles
0,113660
page_index,time_cycles
0,123708
page_index,time_cycles
0,130620
page_index,time_cycles
0,75630
page_index,time_cycles
0,81154
page_index,time_cycles
0,124258
page_index,time_cycles
0,79630
page_index,time_cycles
0,82272
page_index,time_cycles
0,86496
page_index,time_cycles
0,187824
page_index,time_cycles
0,140178
page_index,time_cycles
0,152496
page_index,time_cycles
0,138746
page_index,time_cycles
0,146144
page_index,time_cycles
0,110650
page_index,time_cycles
0,119910
page_index,time_cycles
0,181108
page_index,time_cycles
0,117578
page_index,time_cycles
0,93734
page_index,time_cycles
0,159388
page_index,time_cycles
0,84360
page_index,time_cycles
0,126654
page_index,time_cycles
0,132718
page_index,time_cycles
0,125992
page_index,time_cycles
0,131914
page_index,time_cycles
0,104848
page_index,time_cycles
0,94920
page_index,time_cycles
0,83562
page_index,time_cycles
0,125724
page_index,time_cycles
0,143378
page_index,time_cycles
0,110890
page_index,time_cycles
0,79686
page_index,time_cycles
0,118554
page_index,time_cycles
0,186756
page_index,time_cycles
0,116104
page_index,time_cycles
0,143370
page_index,time_cycles
0,107424
page_index,time_cycles
0,139292
page_index,time_cycles
0,81326
page_index,time_cycles
0,137246
page_index,time_cycles
0,103536
page_index,time_cycles
0,117366
page_index,time_cycles
0,132002
page_index,time_cycles
0,134898
page_index,time_cycles
0,95762
page_index,time_cycles
0,141316
page_index,time_cycles
0,111324
page_index,time_cycles
0,109682
page_index,time_cycles
0,137882
page_index,time_cycles
0,155864
page_index,time_cycles
0,106030
page_index,time_cycles
0,109242
page_index,time_cycles
0,134442
page_index,time_cycles
0,98834
page_index,time_cycles
0,118390
page_index,time_cycles
0,82726
page_index,time_cycles
0,113734
page_index,time_cycles
0,132666
page_index,time_cycles
0,187466
page_index,time_cycles
0,125496
page_index,time_cycles
0,148066
page_index,time_cycles
0,129734
page_index,time_cycles
0,121462
page_index,time_cycles
0,142010
page_index,time_cycles
0,130298
page_index,time_cycles
0,131752
page_index,time_cycles
0,190262
page_index,time_cycles
0,149296
page_index,time_cycles
0,112148
page_index,time_cycles
0,121096
page_index,time_cycles
0,138676
page_index,time_cycles
0,139874
page_index,time_cycles
0,119000
page_index,time_cycles
0,132218
page_index,time_cycles
0,129552
page_index,time_cycles
0,174794
page_index,time_cycles
0,78550
page_index,time_cycles
0,96552
page_index,time_cycles
0,131954
page_index,time_cycles
0,138438
page_index,time_cycles
0,132318
page_index,time_cycles
0,143136
page_index,time_cycles
0,131394
page_index,time_cycles
0,84494
page_index,time_cycles
0,115578
page_index,time_cycles
0,126442
page_index,time_cycles
0,148518
page_index,time_cycles
0,126640
page_index,time_cycles
0,145638
page_index,time_cycles
0,136628
page_index,time_cycles
0,226518
page_index,time_cycles
0,113638
page_index,time_cycles
0,131106
page_index,time_cycles
0,190610
page_index,time_cycles
0,112520
page_index,time_cycles
0,141488
page_index,time_cycles
0,129246
page_index,time_cycles
0,133966
page_index,time_cycles
0,130490
page_index,time_cycles
0,160134
page_index,time_cycles
0,131250
page_index,time_cycles
0,140740
page_index,time_cycles
0,142238
page_index,time_cycles
0,130780
page_index,time_cycles
0,193188
page_index,time_cycles
0,80310
page_index,time_cycles
0,142708
page_index,time_cycles
0,148482
page_index,time_cycles
0,82732
page_index,time_cycles
0,115202
page_index,time_cycles
0,179232
page_index,time_cycles
0,132174
page_index,time_cycles
0,135326
page_index,time_cycles
0,96292
page_index,time_cycles
0,194950
page_index,time_cycles
0,140642
page_index,time_cycles
0,132520
page_index,time_cycles
0,114494
page_index,time_cycles
0,127692
page_index,time_cycles
0,152846
page_index,time_cycles
0,131466
page_index,time_cycles
0,128708
page_index,time_cycles
0,127710
page_index,time_cycles
0,122558
page_index,time_cycles
0,184574
page_index,time_cycles
0,133210
page_index,time_cycles
0,131180
page_index,time_cycles
0,93662
page_index,time_cycles
0,112690
page_index,time_cycles
0,129590
page_index,time_cycles
0,132168
page_index,time_cycles
0,115152
page_index,time_cycles
0,128018
page_index,time_cycles
0,102470
page_index,time_cycles
0,126848
page_index,time_cycles
0,112864
page_index,time_cycles
0,128240
page_index,time_cycles
0,102428
page_index,time_cycles
0,93846
page_index,time_cycles
0,145226
page_index,time_cycles
0,147212
page_index,time_cycles
0,144194
page_index,time_cycles
0,141216
page_index,time_cycles
0,113622
page_index,time_cycles
0,131680
page_index,time_cycles
0,129868
page_index,time_cycles
0,139990
page_index,time_cycles
0,138270
page_index,time_cycles
0,131348
page_index,time_cycles
0,81414
page_index,time_cycles
0,88386
page_index,time_cycles
0,84304
page_index,time_cycles
0,141716
page_index,time_cycles
0,143356
page_index,time_cycles
0,144254
page_index,time_cycles
0,120000
page_index,time_cycles
0,136564
page_index,time_cycles
0,137390
page_index,time_cycles
0,88280
page_index,time_cycles
0,143422
page_index,time_cycles
0,103808
page_index,time_cycles
0,80046
page_index,time_cycles
0,127524
page_index,time_cycles
0,131352
page_index,time_cycles
0,83094
page_index,time_cycles
0,134842
page_index,time_cycles
0,95352
page_index,time_cycles
0,173128
page_index,time_cycles
0,132072
page_index,time_cycles
0,142202
page_index,time_cycles
0,81080
page_index,time_cycles
0,142716
page_index,time_cycles
0,140980
page_index,time_cycles
0,170562
page_index,time_cycles
0,132968
page_index,time_cycles
0,105404
page_index,time_cycles
0,154864
page_index,time_cycles
0,79772
page_index,time_cycles
0,151834
page_index,time_cycles
0,87684
page_index,time_cycles
0,116020
page_index,time_cycles
0,84132
page_index,time_cycles
0,118696
page_index,time_cycles
0,82374
page_index,time_cycles
0,117050
page_index,time_cycles
0,146172
page_index,time_cycles
0,89624
page_index,time_cycles
0,127534
page_index,time_cycles
0,85310
page_index,time_cycles
0,111540
page_index,time_cycles
0,132898
page_index,time_cycles
0,103848
page_index,time_cycles
0,80716
page_index,time_cycles
0,123158
page_index,time_cycles
0,158642
page_index,time_cycles
0,139886
page_index,time_cycles
0,82798
page_index,time_cycles
0,135454
page_index,time_cycles
0,197396
page_index,time_cycles
0,94782
page_index,time_cycles
0,129436
page_index,time_cycles
0,79952
page_index,time_cycles
0,132154
page_index,time_cycles
0,118786
page_index,time_cycles
0,148308
page_index,time_cycles
0,136530
page_index,time_cycles
0,126808
page_index,time_cycles
0,141494
page_index,time_cycles
0,162654
page_index,time_cycles
0,83194
page_index,time_cycles
0,93468
page_index,time_cycles
0,200406
page_index,time_cycles
0,145628
page_index,time_cycles
0,78408
page_index,time_cycles
0,88260
page_index,time_cycles
0,130620
page_index,time_cycles
0,130088
page_index,time_cycles
0,137336
page_index,time_cycles
0,162058
page_index,time_cycles
0,179384
page_index,time_cycles
0,99946
page_index,time_cycles
0,166280
page_index,time_cycles
0,119338
page_index,time_cycles
0,77676
page_index,time_cycles
0,105506
page_index,time_cycles
0,158778
page_index,time_cycles
0,103274
page_index,time_cycles
0,182528
page_index,time_cycles
0,108096
page_index,time_cycles
0,131658
page_index,time_cycles
0,113192
page_index,time_cycles
0,135560
page_index,time_cycles
0,141022
page_index,time_cycles
0,131524
page_index,time_cycles
0,130506
page_index,time_cycles
0,142620
page_index,time_cycles
0,94782
page_index,time_cycles
0,92622
page_index,time_cycles
0,84656
page_index,time_cycles
0,131248
page_index,time_cycles
0,133528
page_index,time_cycles
0,103336
page_index,time_cycles
0,106214
page_index,time_cycles
0,129616
page_index,time_cycles
0,129636
page_index,time_cycles
0,148974
page_index,time_cycles
0,249066
page_index,time_cycles
0,114984
page_index,time_cycles
0,83746
page_index,time_cycles
0,136986
page_index,time_cycles
0,114608
page_index,time_cycles
0,117244
page_index,time_cycles
0,104830
page_index,time_cycles
0,100206
page_index,time_cycles
0,82972
page_index,time_cycles
0,112950
page_index,time_cycles
0,132614
page_index,time_cycles
0,130734
page_index,time_cycles
0,80318
page_index,time_cycles
0,130312
page_index,time_cycles
0,130628
page_index,time_cycles
0,142760
page_index,time_cycles
0,137522
page_index,time_cycles
0,103768
page_index,time_cycles
0,148416
page_index,time_cycles
0,140698
page_index,time_cycles
0,116366
page_index,time_cycles
0,138312
page_index,time_cycles
0,97418
page_index,time_cycles
0,135838
page_index,time_cycles
0,96156
page_index,time_cycles
0,128650
page_index,time_cycles
0,140382
page_index,time_cycles
0,129380
page_index,time_cycles
0,125780
page_index,time_cycles
0,147218
page_index,time_cycles
0,75988
page_index,time_cycles
0,149054
page_index,time_cycles
0,145818
page_index,time_cycles
0,101270
page_index,time_cycles
0,110878
page_index,time_cycles
0,104522
page_index,time_cycles
0,141104
page_index,time_cycles
0,97918
page_index,time_cycles
0,129072
page_index,time_cycles
0,110228
page_index,time_cycles
0,89384
page_index,time_cycles
0,115720
page_index,time_cycles
0,141884
page_index,time_cycles
0,155406
page_index,time_cycles
0,139170
page_index,time_cycles
0,89806
page_index,time_cycles
0,80956
page_index,time_cycles
0,127322
page_index,time_cycles
0,128404
page_index,time_cycles
0,182912
page_index,time_cycles
0,211886
page_index,time_cycles
0,142794
page_index,time_cycles
0,134698
page_index,time_cycles
0,141568
page_index,time_cycles
0,119696
page_index,time_cycles
0,127688
page_index,time_cycles
0,127532
page_index,time_cycles
0,79636
page_index,time_cycles
0,129124
page_index,time_cycles
0,145510
page_index,time_cycles
0,106768
page_index,time_cycles
0,139682
page_index,time_cycles
0,83096
page_index,time_cycles
0,137812
page_index,time_cycles
0,111646
page_index,time_cycles
0,141180
page_index,time_cycles
0,144042
page_index,time_cycles
0,130456
page_index,time_cycles
0,137412
page_index,time_cycles
0,80042
page_index,time_cycles
0,137062
page_index,time_cycles
0,116854
page_index,time_cycles
0,103404
page_index,time_cycles
0,112814
page_index,time_cycles
0,134724
page_index,time_cycles
0,182070
page_index,time_cycles
0,107134
page_index,time_cycles
0,141140
page_index,time_cycles
0,80976
page_index,time_cycles
0,117778
page_index,time_cycles
0,81208
page_index,time_cycles
0,115772
page_index,time_cycles
0,134866
page_index,time_cycles
0,120440
page_index,time_cycles
0,139946
page_index,time_cycles
0,138836
page_index,time_cycles
0,103548
page_index,time_cycles
0,80572
page_index,time_cycles
0,140286
page_index,time_cycles
0,132056
page_index,time_cycles
0,143080
page_index,time_cycles
0,82502
page_index,time_cycles
0,84802
page_index,time_cycles
0,118304
page_index,time_cycles
0,144594
page_index,time_cycles
0,125416
page_index,time_cycles
0,133052
page_index,time_cycles
0,134518
page_index,time_cycles
0,202886
page_index,time_cycles
0,148854
page_index,time_cycles
0,135160
page_index,time_cycles
0,92514
page_index,time_cycles
0,134980
page_index,time_cycles
0,188942
page_index,time_cycles
0,140612
page_index,time_cycles
0,114642
page_index,time_cycles
0,168850
page_index,time_cycles
0,79536
page_index,time_cycles
0,161672
page_index,time_cycles
0,125808
page_index,time_cycles
0,99698
page_index,time_cycles
0,128728
page_index,time_cycles
0,114952
page_index,time_cycles
0,134882
page_index,time_cycles
0,79650
page_index,time_cycles
0,106832
page_index,time_cycles
0,96780
page_index,time_cycles
0,131900
page_index,time_cycles
0,81468
page_index,time_cycles
0,129466
page_index,time_cycles
0,127302
page_index,time_cycles
0,112942
page_index,time_cycles
0,145426
page_index,time_cycles
0,84910
page_index,time_cycles
0,142448
page_index,time_cycles
0,134138
page_index,time_cycles
0,76620
page_index,time_cycles
0,127208
page_index,time_cycles
0,120696
page_index,time_cycles
0,140870
page_index,time_cycles
0,148760
page_index,time_cycles
0,100030
page_index,time_cycles
0,126764
page_index,time_cycles
0,120900
page_index,time_cycles
0,101212
page_index,time_cycles
0,139734
page_index,time_cycles
0,83842
page_index,time_cycles
0,144832
page_index,time_cycles
0,158560
page_index,time_cycles
0,123382
page_index,time_cycles
0,106964
page_index,time_cycles
0,124244
page_index,time_cycles
0,100756
page_index,time_cycles
0,129794
page_index,time_cycles
0,146852
page_index,time_cycles
0,82742
page_index,time_cycles
0,84466
page_index,time_cycles
0,113442
page_index,time_cycles
0,148498
page_index,time_cycles
0,131418
page_index,time_cycles
0,159150
page_index,time_cycles
0,80098
page_index,time_cycles
0,165062
page_index,time_cycles
0,115324
page_index,time_cycles
0,108056
page_index,time_cycles
0,78534
page_index,time_cycles
0,142036
page_index,time_cycles
0,189250
page_index,time_cycles
0,98116
page_index,time_cycles
0,142616
page_index,time_cycles
0,205102
page_index,time_cycles
0,146334
page_index,time_cycles
0,178882
page_index,time_cycles
0,113190
page_index,time_cycles
0,179958
page_index,time_cycles
0,170552
page_index,time_cycles
0,129434
page_index,time_cycles
0,116154
page_index,time_cycles
0,102458
page_index,time_cycles
0,145334
page_index,time_cycles
0,131166
page_index,time_cycles
0,143846
page_index,time_cycles
0,141442
page_index,time_cycles
0,114728
page_index,time_cycles
0,127400
page_index,time_cycles
0,127616
page_index,time_cycles
0,115548
page_index,time_cycles
0,127904
page_index,time_cycles
0,140030
page_index,time_cycles
0,195710
page_index,time_cycles
0,107724
page_index,time_cycles
0,195754
page_index,time_cycles
0,112438
page_index,time_cycles
0,100630
page_index,time_cycles
0,104568
page_index,time_cycles
0,189494
page_index,time_cycles
0,106948
page_index,time_cycles
0,137578
page_index,time_cycles
0,114434
page_index,time_cycles
0,134440
page_index,time_cycles
0,145038
page_index,time_cycles
0,120826
page_index,time_cycles
0,79068
page_index,time_cycles
0,81714
page_index,time_cycles
0,151782
page_index,time_cycles
0,132020
page_index,time_cycles
0,135926
page_index,time_cycles
0,96028
page_index,time_cycles
0,192360
page_index,time_cycles
0,124924
page_index,time_cycles
0,182038
page_index,time_cycles
0,132768
page_index,time_cycles
0,173110
page_index,time_cycles
0,134700
page_index,time_cycles
0,132396
page_index,time_cycles
0,79970
page_index,time_cycles
0,140090
page_index,time_cycles
0,107132
page_index,time_cycles
0,81330
page_index,time_cycles
0,150934
page_index,time_cycles
0,142340
page_index,time_cycles
0,116270
page_index,time_cycles
0,136248
page_index,time_cycles
0,138202
page_index,time_cycles
0,130374
page_index,time_cycles
0,142962
page_index,time_cycles
0,173404
page_index,time_cycles
0,181448
page_index,time_cycles
0,144376
page_index,time_cycles
0,83450
page_index,time_cycles
0,114806
page_index,time_cycles
0,113498
page_index,time_cycles
0,134296
page_index,time_cycles
0,82010
page_index,time_cycles
0,130140
page_index,time_cycles
0,109142
page_index,time_cycles
0,129996
page_index,time_cycles
0,128294
page_index,time_cycles
0,143574
page_index,time_cycles
0,114824
page_index,time_cycles
0,109978
page_index,time_cycles
0,127764
page_index,time_cycles
0,84252
page_index,time_cycles
0,121794
page_index,time_cycles
0,83374
page_index,time_cycles
0,127136
page_index,time_cycles
0,85560
page_index,time_cycles
0,135528
page_index,time_cycles
0,132554
page_index,time_cycles
0,80740
page_index,time_cycles
0,145666
page_index,time_cycles
0,126120
page_index,time_cycles
0,128162
page_index,time_cycles
0,133176
page_index,time_cycles
0,126700
page_index,time_cycles
0,115270
page_index,time_cycles
0,120876
page_index,time_cycles
0,128736
page_index,time_cycles
0,141680
page_index,time_cycles
0,119050
page_index,time_cycles
0,124934
page_index,time_cycles
0,132468
page_index,time_cycles
0,84850
page_index,time_cycles
0,113194
page_index,time_cycles
0,79422
page_index,time_cycles
0,141148
page_index,time_cycles
0,132844
page_index,time_cycles
0,130594
page_index,time_cycles
0,138278
page_index,time_cycles
0,199588
page_index,time_cycles
0,204632
page_index,time_cycles
0,134182
page_index,time_cycles
0,87264
page_index,time_cycles
0,110372
page_index,time_cycles
0,143720
page_index,time_cycles
0,142706
page_index,time_cycles
0,122776
page_index,time_cycles
0,120370
page_index,time_cycles
0,171504
page_index,time_cycles
0,113850
page_index,time_cycles
0,105928
page_index,time_cycles
0,157768
page_index,time_cycles
0,183172
page_index,time_cycles
0,176030
page_index,time_cycles
0,111232
page_index,time_cycles
0,193480
page_index,time_cycles
0,80912
page_index,time_cycles
0,113570
page_index,time_cycles
0,125216
page_index,time_cycles
0,134354
page_index,time_cycles
0,87568
page_index,time_cycles
0,141308
page_index,time_cycles
0,141152
page_index,time_cycles
0,84324
page_index,time_cycles
0,81124
page_index,time_cycles
0,135712
page_index,time_cycles
0,144630
page_index,time_cycles
0,138318
page_index,time_cycles
0,100500
page_index,time_cycles
0,132324
page_index,time_cycles
0,140652
page_index,time_cycles
0,114000
page_index,time_cycles
0,130768
page_index,time_cycles
0,183800
page_index,time_cycles
0,140050
page_index,time_cycles
0,82178
page_index,time_cycles
0,139778
page_index,time_cycles
0,118300
page_index,time_cycles
0,227550
page_index,time_cycles
0,86500
page_index,time_cycles
0,127054
page_index,time_cycles
0,138046
page_index,time_cycles
0,101844
page_index,time_cycles
0,115636
page_index,time_cycles
0,133896
page_index,time_cycles
0,85470
page_index,time_cycles
0,143950
page_index,time_cycles
0,109574
page_index,time_cycles
0,147694
page_index,time_cycles
0,157720
page_index,time_cycles
0,138748
page_index,time_cycles
0,95298
page_index,time_cycles
0,193112
page_index,time_cycles
0,128132
page_index,time_cycles
0,158084
page_index,time_cycles
0,84400
page_index,time_cycles
0,177200
page_index,time_cycles
0,78648
page_index,time_cycles
0,82314
page_index,time_cycles
0,81266
page_index,time_cycles
0,108410
page_index,time_cycles
0,135272
page_index,time_cycles
0,79904
page_index,time_cycles
0,79582
page_index,time_cycles
0,126812
page_index,time_cycles
0,86082
page_index,time_cycles
0,153304
page_index,time_cycles
0,118800
page_index,time_cycles
0,127276
page_index,time_cycles
0,133736
page_index,time_cycles
0,100616
page_index,time_cycles
0,80522
page_index,time_cycles
0,130688
page_index,time_cycles
0,157576
page_index,time_cycles
0,133822
page_index,time_cycles
0,140144
page_index,time_cycles
0,132226
page_index,time_cycles
0,97006
page_index,time_cycles
0,79474
page_index,time_cycles
0,178362
page_index,time_cycles
0,119578
page_index,time_cycles
0,127568
page_index,time_cycles
0,130944
page_index,time_cycles
0,107444
page_index,time_cycles
0,119048
page_index,time_cycles
0,128850
page_index,time_cycles
0,148110
page_index,time_cycles
0,126726
page_index,time_cycles
0,102080
page_index,time_cycles
0,129138
page_index,time_cycles
0,129928
page_index,time_cycles
0,116352
page_index,time_cycles
0,159726
page_index,time_cycles
0,131606
page_index,time_cycles
0,101834
page_index,time_cycles
0,83222
page_index,time_cycles
0,129008
page_index,time_cycles
0,199264
page_index,time_cycles
0,81290
page_index,time_cycles
0,131440
page_index,time_cycles
0,115204
page_index,time_cycles
0,134362
page_index,time_cycles
0,143192
page_index,time_cycles
0,94984
page_index,time_cycles
0,140662
page_index,time_cycles
0,110846
page_index,time_cycles
0,137692
page_index,time_cycles
0,146038
page_index,time_cycles
0,126582
page_index,time_cycles
0,133444
page_index,time_cycles
0,130816
page_index,time_cycles
0,156364
page_index,time_cycles
0,118202
page_index,time_cycles
0,83288
page_index,time_cycles
0,92032
page_index,time_cycles
0,124256
page_index,time_cycles
0,130108
page_index,time_cycles
0,79350
page_index,time_cycles
0,142018
page_index,time_cycles
0,79750
page_index,time_cycles
0,122104
page_index,time_cycles
0,130898
page_index,time_cycles
0,132106
page_index,time_cycles
0,179110
page_index,time_cycles
0,168186
page_index,time_cycles
0,178698
page_index,time_cycles
0,132466
page_index,time_cycles
0,126726
page_index,time_cycles
0,127702
page_index,time_cycles
0,133024
page_index,time_cycles
0,108708
page_index,time_cycles
0,127680
page_index,time_cycles
0,128460
page_index,time_cycles
0,130210
page_index,time_cycles
0,135886
page_index,time_cycles
0,107134
page_index,time_cycles
0,128916
page_index,time_cycles
0,140954
page_index,time_cycles
0,139214
page_index,time_cycles
0,115790
page_index,time_cycles
0,103864
page_index,time_cycles
0,141274
page_index,time_cycles
0,121780
page_index,time_cycles
0,139936
page_index,time_cycles
0,150380
page_index,time_cycles
0,156696
page_index,time_cycles
0,133106
page_index,time_cycles
0,134552
page_index,time_cycles
0,129702
page_index,time_cycles
0,142496
page_index,time_cycles
0,125680
page_index,time_cycles
0,138528
page_index,time_cycles
0,135104
page_index,time_cycles
0,241300
page_index,time_cycles
0,135998
page_index,time_cycles
0,119354
page_index,time_cycles
0,147298
page_index,time_cycles
0,119266
page_index,time_cycles
0,149860
page_index,time_cycles
0,146268
page_index,time_cycles
0,171444
page_index,time_cycles
0,114934
page_index,time_cycles
0,80260
page_index,time_cycles
0,141380
page_index,time_cycles
0,86054
page_index,time_cycles
0,93182
page_index,time_cycles
0,123694
page_index,time_cycles
0,145042
page_index,time_cycles
0,136070
page_index,time_cycles
0,135762
page_index,time_cycles
0,141876
page_index,time_cycles
0,111642
page_index,time_cycles
0,140406
page_index,time_cycles
0,141270
page_index,time_cycles
0,132154
page_index,time_cycles
0,151096
page_index,time_cycles
0,107046
page_index,time_cycles
0,146592
page_index,time_cycles
0,176548
page_index,time_cycles
0,143578
page_index,time_cycles
0,116710
page_index,time_cycles
0,139122
page_index,time_cycles
0,136650
page_index,time_cycles
0,142924
page_index,time_cycles
0,133028
page_index,time_cycles
0,143312
page_index,time_cycles
0,79958
page_index,time_cycles
0,176758
page_index,time_cycles
0,107756
page_index,time_cycles
0,130536
page_index,time_cycles
0,134892
page_index,time_cycles
0,131638
page_index,time_cycles
0,138044
page_index,time_cycles
0,122242
page_index,time_cycles
0,90200
page_index,time_cycles
0,78804
page_index,time_cycles
0,142898
page_index,time_cycles
0,131368
page_index,time_cycles
0,105058
page_index,time_cycles
0,129824
page_index,time_cycles
0,137616
page_index,time_cycles
0,147062
page_index,time_cycles
0,113400
page_index,time_cycles
0,132636
page_index,time_cycles
0,154696
page_index,time_cycles
0,85270
page_index,time_cycles
0,123772
page_index,time_cycles
0,136558
page_index,time_cycles
0,143482
page_index,time_cycles
0,154242
page_index,time_cycles
0,128600
page_index,time_cycles
0,137782
page_index,time_cycles
0,135702
page_index,time_cycles
0,193106
page_index,time_cycles
0,130426
page_index,time_cycles
0,131404
page_index,time_cycles
0,92828
page_index,time_cycles
0,115786
page_index,time_cycles
0,102706
page_index,time_cycles
0,119138
page_index,time_cycles
0,143038
page_index,time_cycles
0,113022
page_index,time_cycles
0,114166
page_index,time_cycles
0,88364
page_index,time_cycles
0,133124
page_index,time_cycles
0,168084
page_index,time_cycles
0,122148
page_index,time_cycles
0,151170
page_index,time_cycles
0,139558
page_index,time_cycles
0,131730
page_index,time_cycles
0,83362
page_index,time_cycles
0,78060
page_index,time_cycles
0,133456
page_index,time_cycles
0,131154
page_index,time_cycles
0,94928
page_index,time_cycles
0,136244
page_index,time_cycles
0,140024
page_index,time_cycles
0,102750
page_index,time_cycles
0,197160
page_index,time_cycles
0,133086
page_index,time_cycles
0,155962
page_index,time_cycles
0,88186
page_index,time_cycles
0,84604
page_index,time_cycles
0,81620
page_index,time_cycles
0,133804
page_index,time_cycles
0,82244
page_index,time_cycles
0,84094
page_index,time_cycles
0,79810
page_index,time_cycles
0,143578
page_index,time_cycles
0,103266
page_index,time_cycles
0,109284
page_index,time_cycles
0,128384
page_index,time_cycles
0,134372
page_index,time_cycles
0,135798
page_index,time_cycles
0,126062
page_index,time_cycles
0,111490
page_index,time_cycles
0,173320
page_index,time_cycles
0,128300
page_index,time_cycles
0,141266
page_index,time_cycles
0,130724
page_index,time_cycles
0,145950
page_index,time_cycles
0,143466
page_index,time_cycles
0,101222
page_index,time_cycles
0,78932
page_index,time_cycles
0,128088
page_index,time_cycles
0,147454
page_index,time_cycles
0,87922
page_index,time_cycles
0,197964
page_index,time_cycles
0,132600
page_index,time_cycles
0,129962
page_index,time_cycles
0,136214
page_index,time_cycles
0,107114
page_index,time_cycles
0,127232
page_index,time_cycles
0,113474
page_index,time_cycles
0,113090
page_index,time_cycles
0,135024
page_index,time_cycles
0,120894
page_index,time_cycles
0,144678
page_index,time_cycles
0,146078
page_index,time_cycles
0,118692
page_index,time_cycles
0,111476
page_index,time_cycles
0,131884
page_index,time_cycles
0,129434
page_index,time_cycles
0,111964
page_index,time_cycles
0,100804
page_index,time_cycles
0,80116
page_index,time_cycles
0,130958
page_index,time_cycles
0,87468
page_index,time_cycles
0,138814
page_index,time_cycles
0,128562
page_index,time_cycles
0,128520
page_index,time_cycles
0,82642
page_index,time_cycles
0,171356
page_index,time_cycles
0,151624
page_index,time_cycles
0,131850
page_index,time_cycles
0,146490
page_index,time_cycles
0,133576
page_index,time_cycles
0,106030
page_index,time_cycles
0,125962
page_index,time_cycles
0,133744
page_index,time_cycles
0,108754
page_index,time_cycles
0,133836
page_index,time_cycles
0,107838
page_index,time_cycles
0,135504
page_index,time_cycles
0,145364
page_index,time_cycles
0,139536
page_index,time_cycles
0,110844
page_index,time_cycles
0,168666
page_index,time_cycles
0,140550
page_index,time_cycles
0,149442
page_index,time_cycles
0,94342
page_index,time_cycles
0,131516
page_index,time_cycles
0,142938
page_index,time_cycles
0,132370
page_index,time_cycles
0,164518
page_index,time_cycles
0,106384
page_index,time_cycles
0,82012
page_index,time_cycles
0,128308
page_index,time_cycles
0,175940
page_index,time_cycles
0,103488
page_index,time_cycles
0,99094
page_index,time_cycles
0,143516
page_index,time_cycles
0,130922
page_index,time_cycles
0,140042
page_index,time_cycles
0,130558
page_index,time_cycles
0,139622
page_index,time_cycles
0,83896
page_index,time_cycles
0,153902
page_index,time_cycles
0,78882
page_index,time_cycles
0,114992
page_index,time_cycles
0,108854
page_index,time_cycles
0,93422
page_index,time_cycles
0,136280
page_index,time_cycles
0,79848
page_index,time_cycles
0,143854
page_index,time_cycles
0,128500
page_index,time_cycles
0,116752
page_index,time_cycles
0,121028
page_index,time_cycles
0,148456
page_index,time_cycles
0,125530
page_index,time_cycles
0,87100
page_index,time_cycles
0,147970
page_index,time_cycles
0,78326
page_index,time_cycles
0,137578
page_index,time_cycles
0,146762
page_index,time_cycles
0,134406
page_index,time_cycles
0,140342
page_index,time_cycles
0,129210
page_index,time_cycles
0,133580
page_index,time_cycles
0,121116
page_index,time_cycles
0,132540
page_index,time_cycles
0,108532
page_index,time_cycles
0,114724
page_index,time_cycles
0,142332
page_index,time_cycles
0,84270
page_index,time_cycles
0,128572
page_index,time_cycles
0,101854
page_index,time_cycles
0,143530
page_index,time_cycles
0,146556
page_index,time_cycles
0,140834
page_index,time_cycles
0,105060
page_index,time_cycles
0,79666
page_index,time_cycles
0,120336
page_index,time_cycles
0,128712
page_index,time_cycles
0,101858
page_index,time_cycles
0,129750
page_index,time_cycles
0,134768
page_index,time_cycles
0,128522
page_index,time_cycles
0,129248
page_index,time_cycles
0,95168
page_index,time_cycles
0,77800
page_index,time_cycles
0,94616
page_index,time_cycles
0,140684
page_index,time_cycles
0,132232
page_index,time_cycles
0,152996
page_index,time_cycles
0,212446
page_index,time_cycles
0,95284
page_index,time_cycles
0,129118
page_index,time_cycles
0,111718
page_index,time_cycles
0,140098
page_index,time_cycles
0,128166
page_index,time_cycles
0,134378
page_index,time_cycles
0,128588
page_index,time_cycles
0,79014
page_index,time_cycles
0,138286
page_index,time_cycles
0,140704
page_index,time_cycles
0,100336
page_index,time_cycles
0,102166
page_index,time_cycles
0,154224
page_index,time_cycles
0,147134
page_index,time_cycles
0,107050
page_index,time_cycles
0,77966
page_index,time_cycles
0,77748
page_index,time_cycles
0,82084
page_index,time_cycles
0,125926
page_index,time_cycles
0,140592
page_index,time_cycles
0,81738
page_index,time_cycles
0,109330
page_index,time_cycles
0,98502
page_index,time_cycles
0,94170
page_index,time_cycles
0,140534
page_index,time_cycles
0,128104
page_index,time_cycles
0,154674
page_index,time_cycles
0,87494
page_index,time_cycles
0,137106
page_index,time_cycles
0,111108
page_index,time_cycles
0,128528
page_index,time_cycles
0,89466
page_index,time_cycles
0,101448
page_index,time_cycles
0,79136
page_index,time_cycles
0,150764
page_index,time_cycles
0,138078
page_index,time_cycles
0,129410
page_index,time_cycles
0,128580
page_index,time_cycles
0,129446
page_index,time_cycles
0,80176
page_index,time_cycles
0,116152
page_index,time_cycles
0,84840
page_index,time_cycles
0,83244
page_index,time_cycles
0,101170
page_index,time_cycles
0,115054
page_index,time_cycles
0,145444
page_index,time_cycles
0,146420
page_index,time_cycles
0,126664
page_index,time_cycles
0,83520
page_index,time_cycles
0,105416
page_index,time_cycles
0,133890
page_index,time_cycles
0,130778
page_index,time_cycles
0,132440
page_index,time_cycles
0,166082
page_index,time_cycles
0,142394
page_index,time_cycles
0,143124
page_index,time_cycles
0,83444
page_index,time_cycles
0,128768
page_index,time_cycles
0,136590
page_index,time_cycles
0,131218
page_index,time_cycles
0,139334
page_index,time_cycles
0,98280
page_index,time_cycles
0,118740
page_index,time_cycles
0,122990
page_index,time_cycles
0,78726
page_index,time_cycles
0,84054
page_index,time_cycles
0,101622
page_index,time_cycles
0,141704
page_index,time_cycles
0,198920
page_index,time_cycles
0,94326
page_index,time_cycles
0,156476
page_index,time_cycles
0,132188
page_index,time_cycles
0,151756
page_index,time_cycles
0,129692
page_index,time_cycles
0,144424
page_index,time_cycles
0,142808
page_index,time_cycles
0,130906
page_index,time_cycles
0,81726
page_index,time_cycles
0,93206
page_index,time_cycles
0,125832
page_index,time_cycles
0,82058
page_index,time_cycles
0,107082
page_index,time_cycles
0,80624
page_index,time_cycles
0,97874
page_index,time_cycles
0,143490
page_index,time_cycles
0,132012
page_index,time_cycles
0,138658
page_index,time_cycles
0,130032
page_index,time_cycles
0,143538
page_index,time_cycles
0,128720
page_index,time_cycles
0,111876
page_index,time_cycles
0,75068
page_index,time_cycles
0,109410
page_index,time_cycles
0,144482
page_index,time_cycles
0,143388
page_index,time_cycles
0,140732
page_index,time_cycles
0,138284
page_index,time_cycles
0,80436
page_index,time_cycles
0,120078
page_index,time_cycles
0,80574
page_index,time_cycles
0,110690
page_index,time_cycles
0,144196
page_index,time_cycles
0,145616
page_index,time_cycles
0,174862
page_index,time_cycles
0,82960
page_index,time_cycles
0,79710
page_index,time_cycles
0,100116
page_index,time_cycles
0,85906
page_index,time_cycles
0,126032
page_index,time_cycles
0,80048
page_index,time_cycles
0,171950
page_index,time_cycles
0,77738
page_index,time_cycles
0,124544
page_index,time_cycles
0,97034
page_index,time_cycles
0,133924
page_index,time_cycles
0,102498
page_index,time_cycles
0,119982
page_index,time_cycles
0,94628
page_index,time_cycles
0,228820
page_index,time_cycles
0,100946
page_index,time_cycles
0,193888
page_index,time_cycles
0,119382
page_index,time_cycles
0,113354
page_index,time_cycles
0,165922
page_index,time_cycles
0,135424
page_index,time_cycles
0,136398
page_index,time_cycles
0,116804
page_index,time_cycles
0,77060
page_index,time_cycles
0,131706
page_index,time_cycles
0,78098
page_index,time_cycles
0,133650
page_index,time_cycles
0,127580
page_index,time_cycles
0,80180
page_index,time_cycles
0,115518
page_index,time_cycles
0,259138
page_index,time_cycles
0,150098
page_index,time_cycles
0,108050
page_index,time_cycles
0,77096
page_index,time_cycles
0,83830
page_index,time_cycles
0,143984
page_index,time_cycles
0,138416
page_index,time_cycles
0,126918
page_index,time_cycles
0,127862
page_index,time_cycles
0,104220
page_index,time_cycles
0,162214
page_index,time_cycles
0,140380
page_index,time_cycles
0,113410
page_index,time_cycles
0,129224
page_index,time_cycles
0,115654
page_index,time_cycles
0,109762
page_index,time_cycles
0,156754
page_index,time_cycles
0,148930
page_index,time_cycles
0,84240
page_index,time_cycles
0,139126
page_index,time_cycles
0,137312
page_index,time_cycles
0,145336
page_index,time_cycles
0,131986
page_index,time_cycles
0,131092
page_index,time_cycles
0,138300
page_index,time_cycles
0,101394
page_index,time_cycles
0,180180
page_index,time_cycles
0,81174
page_index,time_cycles
0,87712
page_index,time_cycles
0,132104
page_index,time_cycles
0,141910
page_index,time_cycles
0,222666
page_index,time_cycles
0,169894
page_index,time_cycles
0,132982
page_index,time_cycles
0,79736
page_index,time_cycles
0,129558
page_index,time_cycles
0,132828
page_index,time_cycles
0,125224
page_index,time_cycles
0,130332
page_index,time_cycles
0,154350
page_index,time_cycles
0,131082
page_index,time_cycles
0,141048
page_index,time_cycles
0,106642
page_index,time_cycles
0,133228
page_index,time_cycles
0,143344
page_index,time_cycles
0,99826
page_index,time_cycles
0,134414
page_index,time_cycles
0,137680
page_index,time_cycles
0,130072
page_index,time_cycles
0,138020
page_index,time_cycles
0,139116
page_index,time_cycles
0,128876
page_index,time_cycles
0,82494
page_index,time_cycles
0,80658
page_index,time_cycles
0,112406
page_index,time_cycles
0,134096
page_index,time_cycles
0,103686
page_index,time_cycles
0,103646
page_index,time_cycles
0,128112
page_index,time_cycles
0,145056
page_index,time_cycles
0,121490
page_index,time_cycles
0,161092
page_index,time_cycles
0,105866
page_index,time_cycles
0,100004
page_index,time_cycles
0,131714
page_index,time_cycles
0,132928
page_index,time_cycles
0,114502
page_index,time_cycles
0,153952
page_index,time_cycles
0,127032
page_index,time_cycles
0,95110
page_index,time_cycles
0,143176
page_index,time_cycles
0,145794
page_index,time_cycles
0,80188
page_index,time_cycles
0,156130
page_index,time_cycles
0,81594
page_index,time_cycles
0,133008
page_index,time_cycles
0,152028
page_index,time_cycles
0,137572
page_index,time_cycles
0,109298
page_index,time_cycles
0,130754
page_index,time_cycles
0,130810
page_index,time_cycles
0,84024
page_index,time_cycles
0,132314
page_index,time_cycles
0,130404
page_index,time_cycles
0,142734
page_index,time_cycles
0,141480
page_index,time_cycles
0,154844
page_index,time_cycles
0,144296
page_index,time_cycles
0,94466
page_index,time_cycles
0,129420
page_index,time_cycles
0,139922
page_index,time_cycles
0,142098
page_index,time_cycles
0,130850
page_index,time_cycles
0,126398
page_index,time_cycles
0,114328
page_index,time_cycles
0,131228
page_index,time_cycles
0,117716
page_index,time_cycles
0,140726
page_index,time_cycles
0,80848
page_index,time_cycles
0,83782
page_index,time_cycles
0,114862
page_index,time_cycles
0,82938
page_index,time_cycles
0,135682
page_index,time_cycles
0,129486
page_index,time_cycles
0,126864
page_index,time_cycles
0,96064
page_index,time_cycles
0,196848
page_index,time_cycles
0,132658
page_index,time_cycles
0,106384
page_index,time_cycles
0,132302
page_index,time_cycles
0,158494
page_index,time_cycles
0,112522
page_index,time_cycles
0,106980
page_index,time_cycles
0,143316
page_index,time_cycles
0,124600
page_index,time_cycles
0,82950
page_index,time_cycles
0,156982
page_index,time_cycles
0,96282
page_index,time_cycles
0,146434
page_index,time_cycles
0,145752
page_index,time_cycles
0,145680
page_index,time_cycles
0,111498
page_index,time_cycles
0,129410
page_index,time_cycles
0,140574
page_index,time_cycles
0,106282
page_index,time_cycles
0,129928
page_index,time_cycles
0,128886
page_index,time_cycles
0,142238
page_index,time_cycles
0,202736
page_index,time_cycles
0,110714
page_index,time_cycles
0,124716
page_index,time_cycles
0,80662
page_index,time_cycles
0,118142
page_index,time_cycles
0,144886
page_index,time_cycles
0,147372
page_index,time_cycles
0,135800
page_index,time_cycles
0,138374
page_index,time_cycles
0,105844
page_index,time_cycles
0,142900
page_index,time_cycles
0,141854
page_index,time_cycles
0,126466
page_index,time_cycles
0,143862
page_index,time_cycles
0,131792
page_index,time_cycles
0,126932
page_index,time_cycles
0,121136
page_index,time_cycles
0,103710
page_index,time_cycles
0,78074
page_index,time_cycles
0,130870
page_index,time_cycles
0,79266
page_index,time_cycles
0,145252
page_index,time_cycles
0,131128
page_index,time_cycles
0,144442
page_index,time_cycles
0,134778
page_index,time_cycles
0,102830
page_index,time_cycles
0,130464
page_index,time_cycles
0,127946
page_index,time_cycles
0,144522
page_index,time_cycles
0,131772
page_index,time_cycles
0,126430
page_index,time_cycles
0,141892
page_index,time_cycles
0,156936
page_index,time_cycles
0,80318
page_index,time_cycles
0,179906
page_index,time_cycles
0,123920
page_index,time_cycles
0,205360
page_index,time_cycles
0,141480
page_index,time_cycles
0,139802
page_index,time_cycles
0,149634
page_index,time_cycles
0,157812
page_index,time_cycles
0,137984
page_index,time_cycles
0,239590
page_index,time_cycles
0,126692
page_index,time_cycles
0,177636
page_index,time_cycles
0,143894
page_index,time_cycles
0,138490
page_index,time_cycles
0,131020
page_index,time_cycles
0,114444
page_index,time_cycles
0,156864
page_index,time_cycles
0,121016
page_index,time_cycles
0,78356
page_index,time_cycles
0,141814
page_index,time_cycles
0,83338
page_index,time_cycles
0,98824
page_index,time_cycles
0,144376
page_index,time_cycles
0,80350
page_index,time_cycles
0,99580
page_index,time_cycles
0,107852
page_index,time_cycles
0,148270
page_index,time_cycles
0,133396
page_index,time_cycles
0,130536
page_index,time_cycles
0,133550
page_index,time_cycles
0,130586
page_index,time_cycles
0,118180
page_index,time_cycles
0,89906
page_index,time_cycles
0,92746
page_index,time_cycles
0,205666
page_index,time_cycles
0,106912
page_index,time_cycles
0,126068
page_index,time_cycles
0,133114
page_index,time_cycles
0,165686
page_index,time_cycles
0,173192
page_index,time_cycles
0,88814
page_index,time_cycles
0,136070
page_index,time_cycles
0,146150
page_index,time_cycles
0,146184
page_index,time_cycles
0,161714
page_index,time_cycles
0,128066
page_index,time_cycles
0,96158
page_index,time_cycles
0,125540
page_index,time_cycles
0,109692
page_index,time_cycles
0,81940
page_index,time_cycles
0,123788
page_index,time_cycles
0,102242
page_index,time_cycles
0,130872
page_index,time_cycles
0,177844
page_index,time_cycles
0,153016
page_index,time_cycles
0,141188
page_index,time_cycles
0,127584
page_index,time_cycles
0,75870
page_index,time_cycles
0,123858
page_index,time_cycles
0,113872
page_index,time_cycles
0,77006
page_index,time_cycles
0,241822
page_index,time_cycles
0,79178
page_index,time_cycles
0,148650
page_index,time_cycles
0,89808
page_index,time_cycles
0,143434
page_index,time_cycles
0,126424
page_index,time_cycles
0,170346
page_index,time_cycles
0,80596
page_index,time_cycles
0,80756
page_index,time_cycles
0,143598
page_index,time_cycles
0,76404
page_index,time_cycles
0,131166
page_index,time_cycles
0,131996
page_index,time_cycles
0,164408
page_index,time_cycles
0,78012
page_index,time_cycles
0,117806
page_index,time_cycles
0,100312
page_index,time_cycles
0,117864
page_index,time_cycles
0,114782
page_index,time_cycles
0,76408
page_index,time_cycles
0,80028
page_index,time_cycles
0,78152
page_index,time_cycles
0,78606
page_index,time_cycles
0,134458
page_index,time_cycles
0,171248
page_index,time_cycles
0,146116
page_index,time_cycles
0,111872
page_index,time_cycles
0,141148
page_index,time_cycles
0,142050
page_index,time_cycles
0,141820
page_index,time_cycles
0,106958
page_index,time_cycles
0,109874
page_index,time_cycles
0,114250
page_index,time_cycles
0,104380
page_index,time_cycles
0,80140
page_index,time_cycles
0,134470
page_index,time_cycles
0,116334
page_index,time_cycles
0,125576
page_index,time_cycles
0,79904
page_index,time_cycles
0,112698
page_index,time_cycles
0,128844
page_index,time_cycles
0,80152
page_index,time_cycles
0,81008
page_index,time_cycles
0,192370
page_index,time_cycles
0,132472
page_index,time_cycles
0,81862
page_index,time_cycles
0,116728
page_index,time_cycles
0,82830
page_index,time_cycles
0,128338
page_index,time_cycles
0,214154
page_index,time_cycles
0,110816
page_index,time_cycles
0,131108
page_index,time_cycles
0,111904
page_index,time_cycles
0,184616
page_index,time_cycles
0,133680
page_index,time_cycles
0,132906
page_index,time_cycles
0,157278
page_index,time_cycles
0,79572
page_index,time_cycles
0,128440
page_index,time_cycles
0,140362
page_index,time_cycles
0,131500
page_index,time_cycles
0,78422
page_index,time_cycles
0,117166
page_index,time_cycles
0,127834
page_index,time_cycles
0,142470
page_index,time_cycles
0,118200
page_index,time_cycles
0,132932
page_index,time_cycles
0,115006
page_index,time_cycles
0,133726
page_index,time_cycles
0,89230
page_index,time_cycles
0,81624
page_index,time_cycles
0,143088
page_index,time_cycles
0,159096
page_index,time_cycles
0,128728
page_index,time_cycles
0,80174
page_index,time_cycles
0,114526
page_index,time_cycles
0,78594
page_index,time_cycles
0,146222
page_index,time_cycles
0,133402
page_index,time_cycles
0,130350
page_index,time_cycles
0,134720
page_index,time_cycles
0,144386
page_index,time_cycles
0,100844
page_index,time_cycles
0,111184
page_index,time_cycles
0,126910
page_index,time_cycles
0,138832
page_index,time_cycles
0,141346
page_index,time_cycles
0,127160
page_index,time_cycles
0,131070
page_index,time_cycles
0,125562
page_index,time_cycles
0,110762
page_index,time_cycles
0,82354
page_index,time_cycles
0,79602
page_index,time_cycles
0,136448
page_index,time_cycles
0,137068
page_index,time_cycles
0,140894
page_index,time_cycles
0,141192
page_index,time_cycles
0,116588
page_index,time_cycles
0,79788
page_index,time_cycles
0,142008
page_index,time_cycles
0,129982
page_index,time_cycles
0,158466
page_index,time_cycles
0,119880
page_index,time_cycles
0,146312
page_index,time_cycles
0,191842
page_index,time_cycles
0,143662
page_index,time_cycles
0,105308
page_index,time_cycles
0,107796
page_index,time_cycles
0,116224
page_index,time_cycles
0,132348
page_index,time_cycles
0,96456
page_index,time_cycles
0,144214
page_index,time_cycles
0,103616
page_index,time_cycles
0,81076
page_index,time_cycles
0,105994
page_index,time_cycles
0,114420
page_index,time_cycles
0,131444
page_index,time_cycles
0,131942
page_index,time_cycles
0,134234
page_index,time_cycles
0,123358
page_index,time_cycles
0,198756
page_index,time_cycles
0,124212
page_index,time_cycles
0,77518
page_index,time_cycles
0,128090
page_index,time_cycles
0,88770
page_index,time_cycles
0,192726
page_index,time_cycles
0,118720
page_index,time_cycles
0,130754
page_index,time_cycles
0,131722
page_index,time_cycles
0,117842
page_index,time_cycles
0,128982
page_index,time_cycles
0,145650
page_index,time_cycles
0,147340
page_index,time_cycles
0,129912
page_index,time_cycles
0,128748
page_index,time_cycles
0,137816
page_index,time_cycles
0,79110
page_index,time_cycles
0,145864
page_index,time_cycles
0,140144
page_index,time_cycles
0,91080
page_index,time_cycles
0,139988
page_index,time_cycles
0,80804
page_index,time_cycles
0,132524
page_index,time_cycles
0,127414
page_index,time_cycles
0,140956
page_index,time_cycles
0,191834
page_index,time_cycles
0,79106
page_index,time_cycles
0,207254
page_index,time_cycles
0,153610
page_index,time_cycles
0,128864
page_index,time_cycles
0,82678
page_index,time_cycles
0,134600
page_index,time_cycles
0,141542
page_index,time_cycles
0,85654
page_index,time_cycles
0,136390
page_index,time_cycles
0,152466
page_index,time_cycles
0,83564
page_index,time_cycles
0,98312
page_index,time_cycles
0,181372
page_index,time_cycles
0,130376
page_index,time_cycles
0,82568
page_index,time_cycles
0,84076
page_index,time_cycles
0,142312
page_index,time_cycles
0,76706
page_index,time_cycles
0,129900
page_index,time_cycles
0,110700
page_index,time_cycles
0,104236
page_index,time_cycles
0,134288
page_index,time_cycles
0,178054
page_index,time_cycles
0,106650
page_index,time_cycles
0,110070
page_index,time_cycles
0,128588
page_index,time_cycles
0,82678
page_index,time_cycles
0,114718
page_index,time_cycles
0,107702
page_index,time_cycles
0,143838
page_index,time_cycles
0,80256
page_index,time_cycles
0,184368
page_index,time_cycles
0,126884
page_index,time_cycles
0,84660
page_index,time_cycles
0,150346
page_index,time_cycles
0,132148
page_index,time_cycles
0,130092
page_index,time_cycles
0,118942
page_index,time_cycles
0,187686
page_index,time_cycles
0,124984
page_index,time_cycles
0,106912
page_index,time_cycles
0,141838
page_index,time_cycles
0,111436
page_index,time_cycles
0,190264
page_index,time_cycles
0,78770
page_index,time_cycles
0,129956
page_index,time_cycles
0,143712
page_index,time_cycles
0,77820
page_index,time_cycles
0,113564
page_index,time_cycles
0,115532
page_index,time_cycles
0,100330
page_index,time_cycles
0,138138
page_index,time_cycles
0,110812
page_index,time_cycles
0,139374
page_index,time_cycles
0,78330
page_index,time_cycles
0,117538
page_index,time_cycles
0,80354
page_index,time_cycles
0,93336
page_index,time_cycles
0,129312
page_index,time_cycles
0,136088
page_index,time_cycles
0,145646
page_index,time_cycles
0,75958
page_index,time_cycles
0,115412
page_index,time_cycles
0,101412
page_index,time_cycles
0,105658
page_index,time_cycles
0,80660
page_index,time_cycles
0,156260
page_index,time_cycles
0,143128
page_index,time_cycles
0,113628
page_index,time_cycles
0,143562
page_index,time_cycles
0,132444
page_index,time_cycles
0,140962
page_index,time_cycles
0,80860
page_index,time_cycles
0,127838
page_index,time_cycles
0,79362
page_index,time_cycles
0,149858
page_index,time_cycles
0,141068
page_index,time_cycles
0,111134
page_index,time_cycles
0,133104
page_index,time_cycles
0,133512
page_index,time_cycles
0,185442
page_index,time_cycles
0,80408
page_index,time_cycles
0,136242
page_index,time_cycles
0,143844
page_index,time_cycles
0,125992
page_index,time_cycles
0,142328
page_index,time_cycles
0,99058
page_index,time_cycles
0,135758
page_index,time_cycles
0,128258
page_index,time_cycles
0,132586
page_index,time_cycles
0,136082
page_index,time_cycles
0,105130
page_index,time_cycles
0,196386
page_index,time_cycles
0,114612
page_index,time_cycles
0,132436
page_index,time_cycles
0,77426
page_index,time_cycles
0,128740
page_index,time_cycles
0,135492
page_index,time_cycles
0,130448
page_index,time_cycles
0,87704
page_index,time_cycles
0,104280
page_index,time_cycles
0,95568
page_index,time_cycles
0,106446
page_index,time_cycles
0,78994
page_index,time_cycles
0,134422
page_index,time_cycles
0,141542
page_index,time_cycles
0,135362
page_index,time_cycles
0,99560
page_index,time_cycles
0,124856
page_index,time_cycles
0,94708
page_index,time_cycles
0,135030
page_index,time_cycles
0,173358
page_index,time_cycles
0,113106
page_index,time_cycles
0,83096
page_index,time_cycles
0,142660
page_index,time_cycles
0,85576
page_index,time_cycles
0,78490
page_index,time_cycles
0,125258
page_index,time_cycles
0,176634
page_index,time_cycles
0,84094
page_index,time_cycles
0,114976
page_index,time_cycles
0,82132
page_index,time_cycles
0,135352
page_index,time_cycles
0,148022
page_index,time_cycles
0,149368
page_index,time_cycles
0,123678
page_index,time_cycles
0,130766
page_index,time_cycles
0,174458
page_index,time_cycles
0,129586
page_index,time_cycles
0,106360
page_index,time_cycles
0,130876
page_index,time_cycles
0,133324
page_index,time_cycles
0,141966
page_index,time_cycles
0,123890
page_index,time_cycles
0,185964
page_index,time_cycles
0,132836
page_index,time_cycles
0,95020
page_index,time_cycles
0,144402
page_index,time_cycles
0,79652
page_index,time_cycles
0,138256
page_index,time_cycles
0,143786
page_index,time_cycles
0,132710
page_index,time_cycles
0,191956
page_index,time_cycles
0,125926
page_index,time_cycles
0,85126
page_index,time_cycles
0,135650
page_index,time_cycles
0,111218
page_index,time_cycles
0,202352
page_index,time_cycles
0,79304
page_index,time_cycles
0,121344
page_index,time_cycles
0,136350
page_index,time_cycles
0,81072
page_index,time_cycles
0,160032
page_index,time_cycles
0,79844
page_index,time_cycles
0,126504
page_index,time_cycles
0,98522
page_index,time_cycles
0,150256
page_index,time_cycles
0,130934
page_index,time_cycles
0,95996
page_index,time_cycles
0,157842
page_index,time_cycles
0,158628
page_index,time_cycles
0,131218
page_index,time_cycles
0,179224
page_index,time_cycles
0,128010
page_index,time_cycles
0,141002
page_index,time_cycles
0,147124
page_index,time_cycles
0,82068
page_index,time_cycles
0,127046
page_index,time_cycles
0,78560
page_index,time_cycles
0,170930
page_index,time_cycles
0,145108
page_index,time_cycles
0,102070
page_index,time_cycles
0,105540
page_index,time_cycles
0,90578
page_index,time_cycles
0,97722
page_index,time_cycles
0,83250
page_index,time_cycles
0,82638
page_index,time_cycles
0,141888
page_index,time_cycles
0,143350
page_index,time_cycles
0,82886
page_index,time_cycles
0,148064
page_index,time_cycles
0,141340
page_index,time_cycles
0,128732
page_index,time_cycles
0,133540
page_index,time_cycles
0,81250
page_index,time_cycles
0,88324
page_index,time_cycles
0,192592
page_index,time_cycles
0,146584
page_index,time_cycles
0,81610
page_index,time_cycles
0,79290
page_index,time_cycles
0,127258
page_index,time_cycles
0,154370
page_index,time_cycles
0,97024
page_index,time_cycles
0,102948
page_index,time_cycles
0,218922
page_index,time_cycles
0,121334
page_index,time_cycles
0,125174
page_index,time_cycles
0,102424
page_index,time_cycles
0,139948
page_index,time_cycles
0,112114
page_index,time_cycles
0,118984
page_index,time_cycles
0,97882
page_index,time_cycles
0,159444
page_index,time_cycles
0,117654
page_index,time_cycles
0,142714
page_index,time_cycles
0,137970
page_index,time_cycles
0,274514
page_index,time_cycles
0,135444
page_index,time_cycles
0,109278
page_index,time_cycles
0,140154
page_index,time_cycles
0,114464
page_index,time_cycles
0,184284
page_index,time_cycles
0,172330
page_index,time_cycles
0,173590
page_index,time_cycles
0,80532
page_index,time_cycles
0,124900
page_index,time_cycles
0,115352
page_index,time_cycles
0,111176
page_index,time_cycles
0,112896
page_index,time_cycles
0,126986
page_index,time_cycles
0,111356
page_index,time_cycles
0,77574
page_index,time_cycles
0,131740
page_index,time_cycles
0,110836
page_index,time_cycles
0,134332
page_index,time_cycles
0,152772
page_index,time_cycles
0,88770
page_index,time_cycles
0,140948
page_index,time_cycles
0,127542
page_index,time_cycles
0,94930
page_index,time_cycles
0,125248
page_index,time_cycles
0,131718
page_index,time_cycles
0,146598
page_index,time_cycles
0,96922
page_index,time_cycles
0,142844
page_index,time_cycles
0,131080
page_index,time_cycles
0,117902
page_index,time_cycles
0,191112
page_index,time_cycles
0,151550
page_index,time_cycles
0,116138
page_index,time_cycles
0,105270
page_index,time_cycles
0,127226
page_index,time_cycles
0,128668
page_index,time_cycles
0,140208
page_index,time_cycles
0,135512
page_index,time_cycles
0,151012
page_index,time_cycles
0,101718
page_index,time_cycles
0,77762
page_index,time_cycles
0,104084
page_index,time_cycles
0,78280
page_index,time_cycles
0,78106
page_index,time_cycles
0,124896
page_index,time_cycles
0,90202
page_index,time_cycles
0,79270
page_index,time_cycles
0,109544
page_index,time_cycles
0,110734
page_index,time_cycles
0,77942
page_index,time_cycles
0,125096
page_index,time_cycles
0,132498
page_index,time_cycles
0,130642
page_index,time_cycles
0,133670
page_index,time_cycles
0,173850
page_index,time_cycles
0,144186
page_index,time_cycles
0,1151960
page_index,time_cycles
0,79084
page_index,time_cycles
0,139660
page_index,time_cycles
0,122152
page_index,time_cycles
0,97330
page_index,time_cycles
0,138706
page_index,time_cycles
0,99978
page_index,time_cycles
0,196042
page_index,time_cycles
0,129912
page_index,time_cycles
0,91818
page_index,time_cycles
0,96584
page_index,time_cycles
0,112752
page_index,time_cycles
0,147576
page_index,time_cycles
0,155806
page_index,time_cycles
0,151318
page_index,time_cycles
0,115130
page_index,time_cycles
0,114556
page_index,time_cycles
0,140676
page_index,time_cycles
0,99102
page_index,time_cycles
0,134442
page_index,time_cycles
0,128350
page_index,time_cycles
0,142646
page_index,time_cycles
0,100328
page_index,time_cycles
0,86656
page_index,time_cycles
0,148270
page_index,time_cycles
0,142514
page_index,time_cycles
0,132438
page_index,time_cycles
0,143714
page_index,time_cycles
0,113710
page_index,time_cycles
0,133558
page_index,time_cycles
0,80792
page_index,time_cycles
0,82948
page_index,time_cycles
0,125212
page_index,time_cycles
0,190796
page_index,time_cycles
0,106696
page_index,time_cycles
0,117394
page_index,time_cycles
0,119086
page_index,time_cycles
0,156694
page_index,time_cycles
0,80470
page_index,time_cycles
0,214038
page_index,time_cycles
0,145002
page_index,time_cycles
0,147704
page_index,time_cycles
0,135764
page_index,time_cycles
0,130258
page_index,time_cycles
0,140384
page_index,time_cycles
0,138052
page_index,time_cycles
0,127522
page_index,time_cycles
0,122784
page_index,time_cycles
0,87420
page_index,time_cycles
0,140886
page_index,time_cycles
0,81498
page_index,time_cycles
0,149518
page_index,time_cycles
0,82420
page_index,time_cycles
0,129056
page_index,time_cycles
0,147144
page_index,time_cycles
0,125442
page_index,time_cycles
0,131314
page_index,time_cycles
0,184814
page_index,time_cycles
0,111244
page_index,time_cycles
0,127146
page_index,time_cycles
0,100724
page_index,time_cycles
0,106608
page_index,time_cycles
0,143304
page_index,time_cycles
0,129580
page_index,time_cycles
0,119200
page_index,time_cycles
0,156380
page_index,time_cycles
0,125800
page_index,time_cycles
0,143452
page_index,time_cycles
0,125446
page_index,time_cycles
0,134674
page_index,time_cycles
0,351850
page_index,time_cycles
0,164238
page_index,time_cycles
0,80604
page_index,time_cycles
0,128690
page_index,time_cycles
0,132762
page_index,time_cycles
0,243916
page_index,time_cycles
0,141606
page_index,time_cycles
0,129382
page_index,time_cycles
0,126610
page_index,time_cycles
0,134952
page_index,time_cycles
0,132278
page_index,time_cycles
0,79592
page_index,time_cycles
0,96012
page_index,time_cycles
0,79688
page_index,time_cycles
0,213586
page_index,time_cycles
0,119856
page_index,time_cycles
0,130722
page_index,time_cycles
0,134176
page_index,time_cycles
0,99222
page_index,time_cycles
0,145736
page_index,time_cycles
0,76972
page_index,time_cycles
0,139562
page_index,time_cycles
0,129550
page_index,time_cycles
0,119854
page_index,time_cycles
0,101740
page_index,time_cycles
0,85806
page_index,time_cycles
0,131206
page_index,time_cycles
0,141812
page_index,time_cycles
0,129858
page_index,time_cycles
0,130638
page_index,time_cycles
0,166656
page_index,time_cycles
0,126996
page_index,time_cycles
0,107738
page_index,time_cycles
0,126800
page_index,time_cycles
0,134706
page_index,time_cycles
0,132178
page_index,time_cycles
0,136130
page_index,time_cycles
0,141472
page_index,time_cycles
0,136574
page_index,time_cycles
0,150984
page_index,time_cycles
0,144734
page_index,time_cycles
0,130998
page_index,time_cycles
0,140358
page_index,time_cycles
0,126046
page_index,time_cycles
0,129286
page_index,time_cycles
0,130796
page_index,time_cycles
0,80790
page_index,time_cycles
0,131970
page_index,time_cycles
0,112404
page_index,time_cycles
0,108784
page_index,time_cycles
0,79742
page_index,time_cycles
0,102158
page_index,time_cycles
0,113492
page_index,time_cycles
0,133342
page_index,time_cycles
0,142526
page_index,time_cycles
0,130988
page_index,time_cycles
0,78438
page_index,time_cycles
0,138898
page_index,time_cycles
0,150080
page_index,time_cycles
0,143128
page_index,time_cycles
0,129960
page_index,time_cycles
0,125858
page_index,time_cycles
0,143368
page_index,time_cycles
0,133150
page_index,time_cycles
0,143706
page_index,time_cycles
0,81722
page_index,time_cycles
0,122260
page_index,time_cycles
0,92110
page_index,time_cycles
0,129466
page_index,time_cycles
0,104458
page_index,time_cycles
0,174676
page_index,time_cycles
0,129880
page_index,time_cycles
0,107886
page_index,time_cycles
0,234142
page_index,time_cycles
0,139004
page_index,time_cycles
0,141960
page_index,time_cycles
0,106170
page_index,time_cycles
0,77068
page_index,time_cycles
0,145706
page_index,time_cycles
0,137520
page_index,time_cycles
0,88564
page_index,time_cycles
0,128996
page_index,time_cycles
0,146302
page_index,time_cycles
0,80556
page_index,time_cycles
0,118738
page_index,time_cycles
0,78958
page_index,time_cycles
0,142154
page_index,time_cycles
0,134542
page_index,time_cycles
0,82438
page_index,time_cycles
0,98768
page_index,time_cycles
0,132134
page_index,time_cycles
0,165052
page_index,time_cycles
0,137362
page_index,time_cycles
0,117354
page_index,time_cycles
0,129688
page_index,time_cycles
0,118360
page_index,time_cycles
0,127904
page_index,time_cycles
0,153318
page_index,time_cycles
0,130288
page_index,time_cycles
0,136796
page_index,time_cycles
0,133432
page_index,time_cycles
0,125850
page_index,time_cycles
0,143102
page_index,time_cycles
0,106226
page_index,time_cycles
0,98862
page_index,time_cycles
0,102428
page_index,time_cycles
0,128462
page_index,time_cycles
0,158914
page_index,time_cycles
0,140008
page_index,time_cycles
0,109384
page_index,time_cycles
0,115930
page_index,time_cycles
0,133286
page_index,time_cycles
0,129698
page_index,time_cycles
0,79290
page_index,time_cycles
0,107166
page_index,time_cycles
0,136848
page_index,time_cycles
0,123220
page_index,time_cycles
0,141546
page_index,time_cycles
0,116996
page_index,time_cycles
0,79186
page_index,time_cycles
0,85424
page_index,time_cycles
0,204226
page_index,time_cycles
0,156528
page_index,time_cycles
0,91742
page_index,time_cycles
0,117076
page_index,time_cycles
0,77962
page_index,time_cycles
0,132946
page_index,time_cycles
0,108632
page_index,time_cycles
0,138822
page_index,time_cycles
0,145124
page_index,time_cycles
0,120676
page_index,time_cycles
0,105762
page_index,time_cycles
0,138356
page_index,time_cycles
0,117660
page_index,time_cycles
0,83492
page_index,time_cycles
0,192012
page_index,time_cycles
0,105156
page_index,time_cycles
0,121934
page_index,time_cycles
0,182956
page_index,time_cycles
0,126830
page_index,time_cycles
0,97862
page_index,time_cycles
0,136638
page_index,time_cycles
0,129780
page_index,time_cycles
0,126240
page_index,time_cycles
0,197952
page_index,time_cycles
0,115668
page_index,time_cycles
0,95438
page_index,time_cycles
0,102520
page_index,time_cycles
0,141236
page_index,time_cycles
0,129904
page_index,time_cycles
0,157436
page_index,time_cycles
0,110252
page_index,time_cycles
0,144256
page_index,time_cycles
0,87924
page_index,time_cycles
0,108986
page_index,time_cycles
0,108018
page_index,time_cycles
0,105792
page_index,time_cycles
0,78072
page_index,time_cycles
0,123200
page_index,time_cycles
0,133256
page_index,time_cycles
0,109504
page_index,time_cycles
0,167288
page_index,time_cycles
0,132592
page_index,time_cycles
0,77258
page_index,time_cycles
0,110698
page_index,time_cycles
0,81086
page_index,time_cycles
0,142508
page_index,time_cycles
0,92028
page_index,time_cycles
0,100260
page_index,time_cycles
0,140942
page_index,time_cycles
0,145740
page_index,time_cycles
0,127336
page_index,time_cycles
0,78104
page_index,time_cycles
0,139972
page_index,time_cycles
0,132580
page_index,time_cycles
0,140210
page_index,time_cycles
0,133132
page_index,time_cycles
0,100066
page_index,time_cycles
0,125718
page_index,time_cycles
0,100490
page_index,time_cycles
0,82214
page_index,time_cycles
0,131784
page_index,time_cycles
0,140164
page_index,time_cycles
0,118244
page_index,time_cycles
0,101212
page_index,time_cycles
0,105274
page_index,time_cycles
0,134438
page_index,time_cycles
0,76728
page_index,time_cycles
0,107152
page_index,time_cycles
0,107074
page_index,time_cycles
0,80406
page_index,time_cycles
0,76996
page_index,time_cycles
0,109150
page_index,time_cycles
0,181910
page_index,time_cycles
0,142546
page_index,time_cycles
0,135934
page_index,time_cycles
0,130318
page_index,time_cycles
0,139560
page_index,time_cycles
0,152710
page_index,time_cycles
0,122874
page_index,time_cycles
0,138666
page_index,time_cycles
0,84778
page_index,time_cycles
0,103232
page_index,time_cycles
0,244836
page_index,time_cycles
0,131036
page_index,time_cycles
0,81194
page_index,time_cycles
0,116184
page_index,time_cycles
0,115832
page_index,time_cycles
0,126682
page_index,time_cycles
0,114336
page_index,time_cycles
0,146866
page_index,time_cycles
0,182168
page_index,time_cycles
0,75294
page_index,time_cycles
0,111292
page_index,time_cycles
0,128470
page_index,time_cycles
0,94170
page_index,time_cycles
0,120572
page_index,time_cycles
0,178616
page_index,time_cycles
0,98042
page_index,time_cycles
0,129502
page_index,time_cycles
0,78410
page_index,time_cycles
0,81614
page_index,time_cycles
0,101132
page_index,time_cycles
0,116010
page_index,time_cycles
0,143876
page_index,time_cycles
0,83466
page_index,time_cycles
0,111568
page_index,time_cycles
0,137002
page_index,time_cycles
0,108560
page_index,time_cycles
0,111610
page_index,time_cycles
0,75212
page_index,time_cycles
0,85804
page_index,time_cycles
0,131802
page_index,time_cycles
0,143022
page_index,time_cycles
0,120928
page_index,time_cycles
0,134278
page_index,time_cycles
0,86868
page_index,time_cycles
0,132094
page_index,time_cycles
0,131138
page_index,time_cycles
0,129072
page_index,time_cycles
0,79740
page_index,time_cycles
0,95572
page_index,time_cycles
0,92350
page_index,time_cycles
0,133962
page_index,time_cycles
0,81462
page_index,time_cycles
0,80294
page_index,time_cycles
0,101128
page_index,time_cycles
0,87976
page_index,time_cycles
0,140722
page_index,time_cycles
0,112864
page_index,time_cycles
0,133066
page_index,time_cycles
0,76354
page_index,time_cycles
0,79516
page_index,time_cycles
0,119924
page_index,time_cycles
0,81448
page_index,time_cycles
0,115676
page_index,time_cycles
0,135252
page_index,time_cycles
0,132172
page_index,time_cycles
0,144570
page_index,time_cycles
0,143454
page_index,time_cycles
0,122638
page_index,time_cycles
0,127580
page_index,time_cycles
0,131898
page_index,time_cycles
0,111544
page_index,time_cycles
0,89866
page_index,time_cycles
0,146372
page_index,time_cycles
0,138524
page_index,time_cycles
0,130624
page_index,time_cycles
0,138916
page_index,time_cycles
0,113722
page_index,time_cycles
0,126508
page_index,time_cycles
0,141960
page_index,time_cycles
0,79868
page_index,time_cycles
0,83084
page_index,time_cycles
0,132408
page_index,time_cycles
0,132708
page_index,time_cycles
0,140892
page_index,time_cycles
0,130574
page_index,time_cycles
0,196452
page_index,time_cycles
0,270044
page_index,time_cycles
0,200276
page_index,time_cycles
0,242112
page_index,time_cycles
0,108936
page_index,time_cycles
0,146334
page_index,time_cycles
0,112812
page_index,time_cycles
0,173318
page_index,time_cycles
0,126760
page_index,time_cycles
0,135256
page_index,time_cycles
0,157306
page_index,time_cycles
0,130986
page_index,time_cycles
0,191890
page_index,time_cycles
0,79692
page_index,time_cycles
0,83404
page_index,time_cycles
0,109102
page_index,time_cycles
0,131016
page_index,time_cycles
0,79628
page_index,time_cycles
0,143124
page_index,time_cycles
0,121918
page_index,time_cycles
0,86256
page_index,time_cycles
0,132660
page_index,time_cycles
0,190480
page_index,time_cycles
0,79974
page_index,time_cycles
0,134040
page_index,time_cycles
0,132620
page_index,time_cycles
0,129042
page_index,time_cycles
0,129624
page_index,time_cycles
0,127614
page_index,time_cycles
0,80464
page_index,time_cycles
0,145956
page_index,time_cycles
0,109582
page_index,time_cycles
0,129524
page_index,time_cycles
0,117130
page_index,time_cycles
0,146350
page_index,time_cycles
0,150510
page_index,time_cycles
0,87980
page_index,time_cycles
0,142402
page_index,time_cycles
0,141448
page_index,time_cycles
0,138850
page_index,time_cycles
0,155648
page_index,time_cycles
0,84150
page_index,time_cycles
0,132636
page_index,time_cycles
0,108768
page_index,time_cycles
0,134214
page_index,time_cycles
0,132196
page_index,time_cycles
0,135902
page_index,time_cycles
0,158204
page_index,time_cycles
0,120530
page_index,time_cycles
0,168576
page_index,time_cycles
0,81048
page_index,time_cycles
0,132714
page_index,time_cycles
0,148460
page_index,time_cycles
0,130364
page_index,time_cycles
0,77488
page_index,time_cycles
0,85690
page_index,time_cycles
0,144848
page_index,time_cycles
0,140906
page_index,time_cycles
0,105894
page_index,time_cycles
0,152900
page_index,time_cycles
0,85072
page_index,time_cycles
0,132776
page_index,time_cycles
0,148138
page_index,time_cycles
0,148370
page_index,time_cycles
0,133698
page_index,time_cycles
0,112442
page_index,time_cycles
0,170096
page_index,time_cycles
0,105016
page_index,time_cycles
0,154056
page_index,time_cycles
0,134190
page_index,time_cycles
0,141160
page_index,time_cycles
0,131784
page_index,time_cycles
0,79774
page_index,time_cycles
0,102660
page_index,time_cycles
0,107352
page_index,time_cycles
0,137572
page_index,time_cycles
0,118054
page_index,time_cycles
0,81266
page_index,time_cycles
0,148084
page_index,time_cycles
0,129134
page_index,time_cycles
0,107706
page_index,time_cycles
0,182460
page_index,time_cycles
0,130758
page_index,time_cycles
0,93944
page_index,time_cycles
0,108232
page_index,time_cycles
0,130606
page_index,time_cycles
0,109016
page_index,time_cycles
0,105384
page_index,time_cycles
0,94842
page_index,time_cycles
0,143336
page_index,time_cycles
0,111334
page_index,time_cycles
0,175350
page_index,time_cycles
0,80430
page_index,time_cycles
0,78692
page_index,time_cycles
0,128544
page_index,time_cycles
0,175558
page_index,time_cycles
0,133752
page_index,time_cycles
0,152466
page_index,time_cycles
0,125082
page_index,time_cycles
0,143850
page_index,time_cycles
0,139568
page_index,time_cycles
0,135620
page_index,time_cycles
0,117706
page_index,time_cycles
0,131436
page_index,time_cycles
0,121824
page_index,time_cycles
0,108176
page_index,time_cycles
0,131290
page_index,time_cycles
0,123148
page_index,time_cycles
0,114998
page_index,time_cycles
0,99932
page_index,time_cycles
0,127364
page_index,time_cycles
0,148548
page_index,time_cycles
0,126328
page_index,time_cycles
0,85526
page_index,time_cycles
0,91310
page_index,time_cycles
0,136836
page_index,time_cycles
0,131056
page_index,time_cycles
0,198866
page_index,time_cycles
0,80496
page_index,time_cycles
0,81906
page_index,time_cycles
0,114416
page_index,time_cycles
0,82338
page_index,time_cycles
0,156444
page_index,time_cycles
0,117994
page_index,time_cycles
0,175420
page_index,time_cycles
0,322184
page_index,time_cycles
0,98528
page_index,time_cycles
0,99566
page_index,time_cycles
0,129482
page_index,time_cycles
0,191380
page_index,time_cycles
0,139438
page_index,time_cycles
0,83960
page_index,time_cycles
0,79870
page_index,time_cycles
0,126130
page_index,time_cycles
0,140460
page_index,time_cycles
0,136758
page_index,time_cycles
0,122722
page_index,time_cycles
0,131102
page_index,time_cycles
0,127520
page_index,time_cycles
0,219906
page_index,time_cycles
0,115604
page_index,time_cycles
0,79832
page_index,time_cycles
0,86626
page_index,time_cycles
0,140176
page_index,time_cycles
0,129968
page_index,time_cycles
0,137592
page_index,time_cycles
0,134776
page_index,time_cycles
0,80480
page_index,time_cycles
0,92152
page_index,time_cycles
0,123190
page_index,time_cycles
0,81602
page_index,time_cycles
0,130342
page_index,time_cycles
0,1081388
page_index,time_cycles
0,141170
page_index,time_cycles
0,79482
page_index,time_cycles
0,142654
page_index,time_cycles
0,86128
page_index,time_cycles
0,128354
page_index,time_cycles
0,143016
page_index,time_cycles
0,134906
page_index,time_cycles
0,125150
page_index,time_cycles
0,106200
page_index,time_cycles
0,129908
page_index,time_cycles
0,131694
page_index,time_cycles
0,129166
page_index,time_cycles
0,86064
page_index,time_cycles
0,142356
page_index,time_cycles
0,82788
page_index,time_cycles
0,135080
page_index,time_cycles
0,127944
page_index,time_cycles
0,154038
page_index,time_cycles
0,181408
page_index,time_cycles
0,118110
page_index,time_cycles
0,83586
page_index,time_cycles
0,131078
page_index,time_cycles
0,129848
page_index,time_cycles
0,85614
page_index,time_cycles
0,128212
page_index,time_cycles
0,76980
page_index,time_cycles
0,135112
page_index,time_cycles
0,79932
page_index,time_cycles
0,101946
page_index,time_cycles
0,78720
page_index,time_cycles
0,113962
page_index,time_cycles
0,138302
page_index,time_cycles
0,104750
page_index,time_cycles
0,141038
page_index,time_cycles
0,76000
page_index,time_cycles
0,178400
page_index,time_cycles
0,107554
page_index,time_cycles
0,128570
page_index,time_cycles
0,134812
page_index,time_cycles
0,146994
page_index,time_cycles
0,147586
page_index,time_cycles
0,137972
page_index,time_cycles
0,115908
page_index,time_cycles
0,78302
page_index,time_cycles
0,125092
page_index,time_cycles
0,104016
page_index,time_cycles
0,79408
page_index,time_cycles
0,148910
page_index,time_cycles
0,124930
page_index,time_cycles
0,184682
page_index,time_cycles
0,78302
page_index,time_cycles
0,141480
page_index,time_cycles
0,142800
page_index,time_cycles
0,82746
page_index,time_cycles
0,129546
page_index,time_cycles
0,126906
page_index,time_cycles
0,136176
page_index,time_cycles
0,172526
page_index,time_cycles
0,105892
page_index,time_cycles
0,217102
page_index,time_cycles
0,128378
page_index,time_cycles
0,118378
page_index,time_cycles
0,217314
page_index,time_cycles
0,130310
page_index,time_cycles
0,83264
page_index,time_cycles
0,125770
page_index,time_cycles
0,121910
page_index,time_cycles
0,103220
page_index,time_cycles
0,113170
page_index,time_cycles
0,183604
page_index,time_cycles
0,139874
page_index,time_cycles
0,77184
page_index,time_cycles
0,189584
page_index,time_cycles
0,164302
page_index,time_cycles
0,127406
page_index,time_cycles
0,134928
page_index,time_cycles
0,130182
page_index,time_cycles
0,115412
page_index,time_cycles
0,162296
page_index,time_cycles
0,147416
page_index,time_cycles
0,109924
page_index,time_cycles
0,113936
page_index,time_cycles
0,110276
page_index,time_cycles
0,111072
page_index,time_cycles
0,148308
page_index,time_cycles
0,177114
page_index,time_cycles
0,134580
page_index,time_cycles
0,126288
page_index,time_cycles
0,94808
page_index,time_cycles
0,129202
page_index,time_cycles
0,134332
page_index,time_cycles
0,137186
page_index,time_cycles
0,132778
page_index,time_cycles
0,126504
page_index,time_cycles
0,130562
page_index,time_cycles
0,80964
page_index,time_cycles
0,143580
page_index,time_cycles
0,208678
page_index,time_cycles
0,129788
page_index,time_cycles
0,78602
page_index,time_cycles
0,294048
page_index,time_cycles
0,81818
page_index,time_cycles
0,87498
page_index,time_cycles
0,96678
page_index,time_cycles
0,126270
page_index,time_cycles
0,127352
page_index,time_cycles
0,113764
page_index,time_cycles
0,171888
page_index,time_cycles
0,163656
page_index,time_cycles
0,127514
page_index,time_cycles
0,145924
page_index,time_cycles
0,137506
page_index,time_cycles
0,127694
page_index,time_cycles
0,118526
page_index,time_cycles
0,141044
page_index,time_cycles
0,113334
page_index,time_cycles
0,91206
page_index,time_cycles
0,142588
page_index,time_cycles
0,96632
page_index,time_cycles
0,114218
page_index,time_cycles
0,159696
page_index,time_cycles
0,132856
page_index,time_cycles
0,114998
page_index,time_cycles
0,84050
page_index,time_cycles
0,91308
page_index,time_cycles
0,250260
page_index,time_cycles
0,140288
page_index,time_cycles
0,139074
page_index,time_cycles
0,161616
page_index,time_cycles
0,132958
page_index,time_cycles
0,133014
page_index,time_cycles
0,80642
page_index,time_cycles
0,116420
page_index,time_cycles
0,147396
page_index,time_cycles
0,75806
page_index,time_cycles
0,161974
page_index,time_cycles
0,206810
page_index,time_cycles
0,120342
page_index,time_cycles
0,129278
page_index,time_cycles
0,144302
page_index,time_cycles
0,129856
page_index,time_cycles
0,127800
page_index,time_cycles
0,135292
page_index,time_cycles
0,130378
page_index,time_cycles
0,119470
page_index,time_cycles
0,102668
page_index,time_cycles
0,77814
page_index,time_cycles
0,191102
page_index,time_cycles
0,80558
page_index,time_cycles
0,81156
page_index,time_cycles
0,160356
page_index,time_cycles
0,137070
page_index,time_cycles
0,127902
page_index,time_cycles
0,113256
page_index,time_cycles
0,173958
page_index,time_cycles
0,137062
page_index,time_cycles
0,77144
page_index,time_cycles
0,98554
page_index,time_cycles
0,118726
page_index,time_cycles
0,143768
page_index,time_cycles
0,174318
page_index,time_cycles
0,103862
page_index,time_cycles
0,129392
page_index,time_cycles
0,140550
page_index,time_cycles
0,134214
page_index,time_cycles
0,123100
page_index,time_cycles
0,127160
page_index,time_cycles
0,121894
page_index,time_cycles
0,125382
page_index,time_cycles
0,142698
page_index,time_cycles
0,135254
page_index,time_cycles
0,127014
page_index,time_cycles
0,113676
page_index,time_cycles
0,80400
page_index,time_cycles
0,79598
page_index,time_cycles
0,138784
page_index,time_cycles
0,93918
page_index,time_cycles
0,129748
page_index,time_cycles
0,135660
page_index,time_cycles
0,128476
page_index,time_cycles
0,80164
page_index,time_cycles
0,101258
page_index,time_cycles
0,77604
page_index,time_cycles
0,135572
page_index,time_cycles
0,134690
page_index,time_cycles
0,116444
page_index,time_cycles
0,134820
page_index,time_cycles
0,114746
page_index,time_cycles
0,166500
page_index,time_cycles
0,128110
page_index,time_cycles
0,132462
page_index,time_cycles
0,121432
page_index,time_cycles
0,122922
page_index,time_cycles
0,128164
page_index,time_cycles
0,92778
page_index,time_cycles
0,209488
page_index,time_cycles
0,121748
page_index,time_cycles
0,97470
page_index,time_cycles
0,141574
page_index,time_cycles
0,180908
page_index,time_cycles
0,106578
page_index,time_cycles
0,139472
page_index,time_cycles
0,112292
page_index,time_cycles
0,100986
page_index,time_cycles
0,134766
page_index,time_cycles
0,147328
page_index,time_cycles
0,141252
page_index,time_cycles
0,79046
page_index,time_cycles
0,79060
page_index,time_cycles
0,122374
page_index,time_cycles
0,79088
page_index,time_cycles
0,89334
page_index,time_cycles
0,118780
page_index,time_cycles
0,142696
page_index,time_cycles
0,146648
page_index,time_cycles
0,143806
page_index,time_cycles
0,135440
page_index,time_cycles
0,133446
page_index,time_cycles
0,130506
page_index,time_cycles
0,78062
page_index,time_cycles
0,148012
page_index,time_cycles
0,128642
page_index,time_cycles
0,146274
page_index,time_cycles
0,143766
page_index,time_cycles
0,141054
page_index,time_cycles
0,143972
page_index,time_cycles
0,144640
page_index,time_cycles
0,82950
page_index,time_cycles
0,149968
page_index,time_cycles
0,100202
page_index,time_cycles
0,132254
page_index,time_cycles
0,86182
page_index,time_cycles
0,124360
page_index,time_cycles
0,153984
page_index,time_cycles
0,175988
page_index,time_cycles
0,143624
page_index,time_cycles
0,108140
page_index,time_cycles
0,128872
page_index,time_cycles
0,124868
page_index,time_cycles
0,190560
page_index,time_cycles
0,159702
page_index,time_cycles
0,133978
page_index,time_cycles
0,79248
page_index,time_cycles
0,131688
page_index,time_cycles
0,150634
page_index,time_cycles
0,139490
page_index,time_cycles
0,102292
page_index,time_cycles
0,115176
page_index,time_cycles
0,84580
page_index,time_cycles
0,131338
page_index,time_cycles
0,148086
page_index,time_cycles
0,114350
page_index,time_cycles
0,211140
page_index,time_cycles
0,118280
page_index,time_cycles
0,126346
page_index,time_cycles
0,140858
page_index,time_cycles
0,93164
page_index,time_cycles
0,150814
page_index,time_cycles
0,131990
page_index,time_cycles
0,80300
page_index,time_cycles
0,119494
page_index,time_cycles
0,81038
page_index,time_cycles
0,79034
page_index,time_cycles
0,125558
page_index,time_cycles
0,132986
page_index,time_cycles
0,103106
page_index,time_cycles
0,129674
page_index,time_cycles
0,81718
page_index,time_cycles
0,112764
page_index,time_cycles
0,129444
page_index,time_cycles
0,141388
page_index,time_cycles
0,86608
page_index,time_cycles
0,132880
page_index,time_cycles
0,126270
page_index,time_cycles
0,127380
page_index,time_cycles
0,128240
page_index,time_cycles
0,115868
page_index,time_cycles
0,110352
page_index,time_cycles
0,165798
page_index,time_cycles
0,111032
page_index,time_cycles
0,112196
page_index,time_cycles
0,145432
page_index,time_cycles
0,144650
page_index,time_cycles
0,79100
page_index,time_cycles
0,138220
page_index,time_cycles
0,137138
page_index,time_cycles
0,96382
page_index,time_cycles
0,134966
page_index,time_cycles
0,79604
page_index,time_cycles
0,190832
page_index,time_cycles
0,145610
page_index,time_cycles
0,140594
page_index,time_cycles
0,129540
page_index,time_cycles
0,133286
page_index,time_cycles
0,128450
page_index,time_cycles
0,171196
page_index,time_cycles
0,138122
page_index,time_cycles
0,115260
page_index,time_cycles
0,132616
page_index,time_cycles
0,104178
page_index,time_cycles
0,118510
page_index,time_cycles
0,141762
page_index,time_cycles
0,76498
page_index,time_cycles
0,132158
page_index,time_cycles
0,119240
page_index,time_cycles
0,130734
page_index,time_cycles
0,130170
page_index,time_cycles
0,121150
page_index,time_cycles
0,121996
page_index,time_cycles
0,168878
page_index,time_cycles
0,114376
page_index,time_cycles
0,134714
page_index,time_cycles
0,143158
page_index,time_cycles
0,126694
page_index,time_cycles
0,163268
page_index,time_cycles
0,85764
page_index,time_cycles
0,115948
page_index,time_cycles
0,133680
page_index,time_cycles
0,132872
page_index,time_cycles
0,144468
page_index,time_cycles
0,79916
page_index,time_cycles
0,132838
page_index,time_cycles
0,130334
page_index,time_cycles
0,130888
page_index,time_cycles
0,150814
page_index,time_cycles
0,129766
page_index,time_cycles
0,115468
page_index,time_cycles
0,91768
page_index,time_cycles
0,147662
page_index,time_cycles
0,141854
page_index,time_cycles
0,98558
page_index,time_cycles
0,135892
page_index,time_cycles
0,106066
page_index,time_cycles
0,144134
page_index,time_cycles
0,129500
page_index,time_cycles
0,91808
page_index,time_cycles
0,109094
page_index,time_cycles
0,138858
page_index,time_cycles
0,142850
page_index,time_cycles
0,131194
page_index,time_cycles
0,124338
page_index,time_cycles
0,99954
page_index,time_cycles
0,97520
page_index,time_cycles
0,78458
page_index,time_cycles
0,80588
page_index,time_cycles
0,81858
page_index,time_cycles
0,196754
page_index,time_cycles
0,128406
page_index,time_cycles
0,143166
page_index,time_cycles
0,159010
page_index,time_cycles
0,106120
page_index,time_cycles
0,118842
page_index,time_cycles
0,135602
page_index,time_cycles
0,104750
page_index,time_cycles
0,136844
page_index,time_cycles
0,185668
page_index,time_cycles
0,111518
page_index,time_cycles
0,184946
page_index,time_cycles
0,128048
page_index,time_cycles
0,117050
page_index,time_cycles
0,102628
page_index,time_cycles
0,130204
page_index,time_cycles
0,143994
page_index,time_cycles
0,82062
page_index,time_cycles
0,183352
page_index,time_cycles
0,80498
page_index,time_cycles
0,140136
page_index,time_cycles
0,76850
page_index,time_cycles
0,134386
page_index,time_cycles
0,113216
page_index,time_cycles
0,112988
page_index,time_cycles
0,144680
page_index,time_cycles
0,147322
page_index,time_cycles
0,78962
page_index,time_cycles
0,145106
page_index,time_cycles
0,144996
page_index,time_cycles
0,104026
page_index,time_cycles
0,180248
page_index,time_cycles
0,201704
page_index,time_cycles
0,106832
page_index,time_cycles
0,115544
page_index,time_cycles
0,112446
page_index,time_cycles
0,134936
page_index,time_cycles
0,90776
page_index,time_cycles
0,142814
page_index,time_cycles
0,164592
page_index,time_cycles
0,149350
page_index,time_cycles
0,141648
page_index,time_cycles
0,131884
page_index,time_cycles
0,141400
page_index,time_cycles
0,142966
page_index,time_cycles
0,133530
page_index,time_cycles
0,111376
page_index,time_cycles
0,126912
page_index,time_cycles
0,112902
page_index,time_cycles
0,127016
page_index,time_cycles
0,78414
page_index,time_cycles
0,118260
page_index,time_cycles
0,91016
page_index,time_cycles
0,80208
page_index,time_cycles
0,105976
page_index,time_cycles
0,192428
page_index,time_cycles
0,129576
page_index,time_cycles
0,128322
page_index,time_cycles
0,80714
page_index,time_cycles
0,134346
page_index,time_cycles
0,136846
page_index,time_cycles
0,154656
page_index,time_cycles
0,143150
page_index,time_cycles
0,133058
page_index,time_cycles
0,107302
page_index,time_cycles
0,129168
page_index,time_cycles
0,80316
page_index,time_cycles
0,89126
page_index,time_cycles
0,178094
page_index,time_cycles
0,103242
page_index,time_cycles
0,136364
page_index,time_cycles
0,118030
page_index,time_cycles
0,137956
page_index,time_cycles
0,205236
page_index,time_cycles
0,131510
page_index,time_cycles
0,144252
page_index,time_cycles
0,77620
page_index,time_cycles
0,142876
page_index,time_cycles
0,82954
page_index,time_cycles
0,128616
page_index,time_cycles
0,136078
page_index,time_cycles
0,131338
page_index,time_cycles
0,86324
page_index,time_cycles
0,103538
page_index,time_cycles
0,102780
page_index,time_cycles
0,89094
page_index,time_cycles
0,148160
page_index,time_cycles
0,134030
page_index,time_cycles
0,130220
page_index,time_cycles
0,78430
page_index,time_cycles
0,129286
page_index,time_cycles
0,81776
page_index,time_cycles
0,132336
page_index,time_cycles
0,92550
page_index,time_cycles
0,87560
page_index,time_cycles
0,91780
page_index,time_cycles
0,157532
page_index,time_cycles
0,79098
page_index,time_cycles
0,129566
page_index,time_cycles
0,132608
page_index,time_cycles
0,108704
page_index,time_cycles
0,113494
page_index,time_cycles
0,137040
page_index,time_cycles
0,129226
page_index,time_cycles
0,142014
page_index,time_cycles
0,86592
page_index,time_cycles
0,116412
page_index,time_cycles
0,325828
page_index,time_cycles
0,134162
page_index,time_cycles
0,79896
page_index,time_cycles
0,130194
page_index,time_cycles
0,138920
page_index,time_cycles
0,119724
page_index,time_cycles
0,130772
page_index,time_cycles
0,181320
page_index,time_cycles
0,81084
page_index,time_cycles
0,78808
page_index,time_cycles
0,141616
page_index,time_cycles
0,78194
page_index,time_cycles
0,106188
page_index,time_cycles
0,133570
page_index,time_cycles
0,128818
page_index,time_cycles
0,78838
page_index,time_cycles
0,138044
page_index,time_cycles
0,79908
page_index,time_cycles
0,95238
page_index,time_cycles
0,161576
page_index,time_cycles
0,76986
page_index,time_cycles
0,106072
page_index,time_cycles
0,130196
page_index,time_cycles
0,136592
page_index,time_cycles
0,131792
page_index,time_cycles
0,91312
page_index,time_cycles
0,127918
page_index,time_cycles
0,112996
page_index,time_cycles
0,82576
page_index,time_cycles
0,128260
page_index,time_cycles
0,142618
page_index,time_cycles
0,146394
page_index,time_cycles
0,168244
page_index,time_cycles
0,131458
page_index,time_cycles
0,142698
page_index,time_cycles
0,137316
page_index,time_cycles
0,143022
page_index,time_cycles
0,130684
page_index,time_cycles
0,132760
page_index,time_cycles
0,82856
page_index,time_cycles
0,82672
page_index,time_cycles
0,115224
page_index,time_cycles
0,113124
page_index,time_cycles
0,131848
page_index,time_cycles
0,139356
page_index,time_cycles
0,151554
page_index,time_cycles
0,145322
page_index,time_cycles
0,166920
page_index,time_cycles
0,140700
page_index,time_cycles
0,117670
page_index,time_cycles
0,144544
page_index,time_cycles
0,100946
page_index,time_cycles
0,102368
page_index,time_cycles
0,125238
page_index,time_cycles
0,136708
page_index,time_cycles
0,138906
page_index,time_cycles
0,143114
page_index,time_cycles
0,135146
page_index,time_cycles
0,111346
page_index,time_cycles
0,81912
page_index,time_cycles
0,130344
page_index,time_cycles
0,129246
page_index,time_cycles
0,127044
page_index,time_cycles
0,113920
page_index,time_cycles
0,112336
page_index,time_cycles
0,79688
page_index,time_cycles
0,211022
page_index,time_cycles
0,127080
page_index,time_cycles
0,137114
page_index,time_cycles
0,102002
page_index,time_cycles
0,79900
page_index,time_cycles
0,130806
page_index,time_cycles
0,142954
page_index,time_cycles
0,112176
page_index,time_cycles
0,144886
page_index,time_cycles
0,158118
page_index,time_cycles
0,153146
page_index,time_cycles
0,82218
page_index,time_cycles
0,140110
page_index,time_cycles
0,102534
page_index,time_cycles
0,123108
page_index,time_cycles
0,78780
page_index,time_cycles
0,139806
page_index,time_cycles
0,116958
page_index,time_cycles
0,79344
page_index,time_cycles
0,139556
page_index,time_cycles
0,146502
page_index,time_cycles
0,127568
page_index,time_cycles
0,107284
page_index,time_cycles
0,116766
page_index,time_cycles
0,131098
page_index,time_cycles
0,154996
page_index,time_cycles
0,129056
page_index,time_cycles
0,81416
page_index,time_cycles
0,116570
page_index,time_cycles
0,108058
page_index,time_cycles
0,137206
page_index,time_cycles
0,127640
page_index,time_cycles
0,160248
page_index,time_cycles
0,124636
page_index,time_cycles
0,142818
page_index,time_cycles
0,99428
page_index,time_cycles
0,174928
page_index,time_cycles
0,77412
page_index,time_cycles
0,139494
page_index,time_cycles
0,81450
page_index,time_cycles
0,108810
page_index,time_cycles
0,170702
page_index,time_cycles
0,128154
page_index,time_cycles
0,132226
page_index,time_cycles
0,104306
page_index,time_cycles
0,142144
page_index,time_cycles
0,120530
page_index,time_cycles
0,131478
page_index,time_cycles
0,150740
page_index,time_cycles
0,158822
page_index,time_cycles
0,132812
page_index,time_cycles
0,139728
page_index,time_cycles
0,125652
page_index,time_cycles
0,127096
page_index,time_cycles
0,81096
page_index,time_cycles
0,115436
page_index,time_cycles
0,112884
page_index,time_cycles
0,80812
page_index,time_cycles
0,82872
page_index,time_cycles
0,122900
page_index,time_cycles
0,103220
page_index,time_cycles
0,126606
page_index,time_cycles
0,132836
page_index,time_cycles
0,180600
page_index,time_cycles
0,127268
page_index,time_cycles
0,119748
page_index,time_cycles
0,124726
page_index,time_cycles
0,85028
page_index,time_cycles
0,168762
page_index,time_cycles
0,103278
page_index,time_cycles
0,95486
page_index,time_cycles
0,137878
page_index,time_cycles
0,147876
page_index,time_cycles
0,78948
page_index,time_cycles
0,103236
page_index,time_cycles
0,134466
page_index,time_cycles
0,100514
page_index,time_cycles
0,142946
page_index,time_cycles
0,110138
page_index,time_cycles
0,156446
page_index,time_cycles
0,134906
page_index,time_cycles
0,142146
page_index,time_cycles
0,130500
page_index,time_cycles
0,116478
page_index,time_cycles
0,140276
page_index,time_cycles
0,79416
page_index,time_cycles
0,141630
page_index,time_cycles
0,91984
page_index,time_cycles
0,138834
page_index,time_cycles
0,101456
page_index,time_cycles
0,115986
page_index,time_cycles
0,128960
page_index,time_cycles
0,139876
page_index,time_cycles
0,130328
page_index,time_cycles
0,129118
page_index,time_cycles
0,143412
page_index,time_cycles
0,129986
page_index,time_cycles
0,132762
page_index,time_cycles
0,150648
page_index,time_cycles
0,138628
page_index,time_cycles
0,138964
page_index,time_cycles
0,115952
page_index,time_cycles
0,124070
page_index,time_cycles
0,130940
page_index,time_cycles
0,143824
page_index,time_cycles
0,178786
page_index,time_cycles
0,128284
page_index,time_cycles
0,110236
page_index,time_cycles
0,131202
page_index,time_cycles
0,142224
page_index,time_cycles
0,140312
page_index,time_cycles
0,151576
page_index,time_cycles
0,139862
page_index,time_cycles
0,115286
page_index,time_cycles
0,120850
page_index,time_cycles
0,85206
page_index,time_cycles
0,173724
page_index,time_cycles
0,143974
page_index,time_cycles
0,133588
page_index,time_cycles
0,101240
page_index,time_cycles
0,142428
page_index,time_cycles
0,137660
page_index,time_cycles
0,187712
page_index,time_cycles
0,137722
page_index,time_cycles
0,143340
page_index,time_cycles
0,87240
page_index,time_cycles
0,98636
page_index,time_cycles
0,81528
page_index,time_cycles
0,139850
page_index,time_cycles
0,132638
page_index,time_cycles
0,79978
page_index,time_cycles
0,124294
page_index,time_cycles
0,145798
page_index,time_cycles
0,131444
page_index,time_cycles
0,112462
page_index,time_cycles
0,143282
page_index,time_cycles
0,115376
page_index,time_cycles
0,131090
page_index,time_cycles
0,152140
page_index,time_cycles
0,127724
page_index,time_cycles
0,133000
page_index,time_cycles
0,95704
page_index,time_cycles
0,111922
page_index,time_cycles
0,143732
page_index,time_cycles
0,101428
page_index,time_cycles
0,116684
page_index,time_cycles
0,142972
page_index,time_cycles
0,129094
page_index,time_cycles
0,142124
page_index,time_cycles
0,86788
page_index,time_cycles
0,182974
page_index,time_cycles
0,105116
page_index,time_cycles
0,80520
page_index,time_cycles
0,131780
page_index,time_cycles
0,105368
page_index,time_cycles
0,82616
page_index,time_cycles
0,134032
page_index,time_cycles
0,78310
page_index,time_cycles
0,149278
page_index,time_cycles
0,81638
page_index,time_cycles
0,143806
page_index,time_cycles
0,80360
page_index,time_cycles
0,144852
page_index,time_cycles
0,114016
page_index,time_cycles
0,163962
page_index,time_cycles
0,130648
page_index,time_cycles
0,156878
page_index,time_cycles
0,91098
page_index,time_cycles
0,119632
page_index,time_cycles
0,92758
page_index,time_cycles
0,84408
page_index,time_cycles
0,133388
page_index,time_cycles
0,140274
page_index,time_cycles
0,81000
page_index,time_cycles
0,133524
page_index,time_cycles
0,135246
page_index,time_cycles
0,135826
page_index,time_cycles
0,176912
page_index,time_cycles
0,131738
page_index,time_cycles
0,161702
page_index,time_cycles
0,135612
page_index,time_cycles
0,202672
page_index,time_cycles
0,115396
page_index,time_cycles
0,102336
page_index,time_cycles
0,120438
page_index,time_cycles
0,140378
page_index,time_cycles
0,79402
page_index,time_cycles
0,77470
page_index,time_cycles
0,82978
page_index,time_cycles
0,80982
page_index,time_cycles
0,129280
page_index,time_cycles
0,110062
page_index,time_cycles
0,136632
page_index,time_cycles
0,145236
page_index,time_cycles
0,109606
page_index,time_cycles
0,129808
page_index,time_cycles
0,144178
page_index,time_cycles
0,114872
page_index,time_cycles
0,80512
page_index,time_cycles
0,117992
page_index,time_cycles
0,136402
page_index,time_cycles
0,115780
page_index,time_cycles
0,130828
page_index,time_cycles
0,130858
page_index,time_cycles
0,124678
page_index,time_cycles
0,75336
page_index,time_cycles
0,114476
page_index,time_cycles
0,171390
page_index,time_cycles
0,122832
page_index,time_cycles
0,112228
page_index,time_cycles
0,111202
page_index,time_cycles
0,76070
page_index,time_cycles
0,151404
page_index,time_cycles
0,124396
page_index,time_cycles
0,81808
page_index,time_cycles
0,79960
page_index,time_cycles
0,100684
page_index,time_cycles
0,405424
page_index,time_cycles
0,127824
page_index,time_cycles
0,117744
page_index,time_cycles
0,180326
page_index,time_cycles
0,133826
page_index,time_cycles
0,189030
page_index,time_cycles
0,130224
page_index,time_cycles
0,131498
page_index,time_cycles
0,85050
page_index,time_cycles
0,132268
page_index,time_cycles
0,149940
page_index,time_cycles
0,94978
page_index,time_cycles
0,105946
page_index,time_cycles
0,94748
page_index,time_cycles
0,128232
page_index,time_cycles
0,126972
page_index,time_cycles
0,138494
page_index,time_cycles
0,160490
page_index,time_cycles
0,76094
page_index,time_cycles
0,122808
page_index,time_cycles
0,83424
page_index,time_cycles
0,146470
page_index,time_cycles
0,108806
page_index,time_cycles
0,130456
page_index,time_cycles
0,135016
page_index,time_cycles
0,114966
page_index,time_cycles
0,154640
page_index,time_cycles
0,144510
page_index,time_cycles
0,146074
page_index,time_cycles
0,82682
page_index,time_cycles
0,107686
page_index,time_cycles
0,142864
page_index,time_cycles
0,130954
page_index,time_cycles
0,141490
page_index,time_cycles
0,145226
page_index,time_cycles
0,77652
page_index,time_cycles
0,85106
page_index,time_cycles
0,104552
page_index,time_cycles
0,130394
page_index,time_cycles
0,130388
page_index,time_cycles
0,113162
page_index,time_cycles
0,133212
page_index,time_cycles
0,117708
page_index,time_cycles
0,143560
page_index,time_cycles
0,147954
page_index,time_cycles
0,107336
page_index,time_cycles
0,147852
page_index,time_cycles
0,140764
page_index,time_cycles
0,141414
page_index,time_cycles
0,141232
page_index,time_cycles
0,129324
page_index,time_cycles
0,140122
page_index,time_cycles
0,199430
page_index,time_cycles
0,137030
page_index,time_cycles
0,125804
page_index,time_cycles
0,98600
page_index,time_cycles
0,137366
page_index,time_cycles
0,139178
page_index,time_cycles
0,81490
page_index,time_cycles
0,133082
page_index,time_cycles
0,143430
page_index,time_cycles
0,103034
page_index,time_cycles
0,79150
page_index,time_cycles
0,114900
page_index,time_cycles
0,132112
page_index,time_cycles
0,79824
page_index,time_cycles
0,153488
page_index,time_cycles
0,134448
page_index,time_cycles
0,113584
page_index,time_cycles
0,127704
page_index,time_cycles
0,78504
page_index,time_cycles
0,140706
page_index,time_cycles
0,110202
page_index,time_cycles
0,144500
page_index,time_cycles
0,150748
page_index,time_cycles
0,132140
page_index,time_cycles
0,112312
page_index,time_cycles
0,127910
page_index,time_cycles
0,117708
page_index,time_cycles
0,103162
page_index,time_cycles
0,82446
page_index,time_cycles
0,128146
page_index,time_cycles
0,80810
page_index,time_cycles
0,109582
page_index,time_cycles
0,112952
page_index,time_cycles
0,138350
page_index,time_cycles
0,117332
page_index,time_cycles
0,80408
page_index,time_cycles
0,131694
page_index,time_cycles
0,130832
page_index,time_cycles
0,132902
page_index,time_cycles
0,78486
page_index,time_cycles
0,140848
page_index,time_cycles
0,127604
page_index,time_cycles
0,132176
page_index,time_cycles
0,127474
page_index,time_cycles
0,130792
page_index,time_cycles
0,127932
page_index,time_cycles
0,133062
page_index,time_cycles
0,137016
page_index,time_cycles
0,129318
page_index,time_cycles
0,81818
page_index,time_cycles
0,139656
page_index,time_cycles
0,182282
page_index,time_cycles
0,140314
page_index,time_cycles
0,100424
page_index,time_cycles
0,129904
page_index,time_cycles
0,149652
page_index,time_cycles
0,134268
page_index,time_cycles
0,131920
page_index,time_cycles
0,140028
page_index,time_cycles
0,77946
page_index,time_cycles
0,130428
page_index,time_cycles
0,128860
page_index,time_cycles
0,110226
page_index,time_cycles
0,195050
page_index,time_cycles
0,143390
page_index,time_cycles
0,150108
page_index,time_cycles
0,182982
page_index,time_cycles
0,145288
page_index,time_cycles
0,77526
page_index,time_cycles
0,118476
page_index,time_cycles
0,123142
page_index,time_cycles
0,144418
page_index,time_cycles
0,136410
page_index,time_cycles
0,89054
page_index,time_cycles
0,134544
page_index,time_cycles
0,148402
page_index,time_cycles
0,80734
page_index,time_cycles
0,93654
page_index,time_cycles
0,162374
page_index,time_cycles
0,158550
page_index,time_cycles
0,133350
page_index,time_cycles
0,146294
page_index,time_cycles
0,164428
page_index,time_cycles
0,83528
page_index,time_cycles
0,131386
page_index,time_cycles
0,83296
page_index,time_cycles
0,134098
page_index,time_cycles
0,130746
page_index,time_cycles
0,116566
page_index,time_cycles
0,96980
page_index,time_cycles
0,113480
page_index,time_cycles
0,136140
page_index,time_cycles
0,137350
page_index,time_cycles
0,142130
page_index,time_cycles
0,305410
page_index,time_cycles
0,142400
page_index,time_cycles
0,142494
page_index,time_cycles
0,139276
page_index,time_cycles
0,133348
page_index,time_cycles
0,124972
page_index,time_cycles
0,140224
page_index,time_cycles
0,139258
page_index,time_cycles
0,127526
page_index,time_cycles
0,129822
page_index,time_cycles
0,92004
page_index,time_cycles
0,107590
page_index,time_cycles
0,148518
page_index,time_cycles
0,139458
page_index,time_cycles
0,101112
page_index,time_cycles
0,81944
page_index,time_cycles
0,129166
page_index,time_cycles
0,131678
page_index,time_cycles
0,140564
page_index,time_cycles
0,84546
page_index,time_cycles
0,129040
page_index,time_cycles
0,180434
page_index,time_cycles
0,175340
page_index,time_cycles
0,124272
page_index,time_cycles
0,83604
page_index,time_cycles
0,80666
page_index,time_cycles
0,144808
page_index,time_cycles
0,82144
page_index,time_cycles
0,77912
page_index,time_cycles
0,99812
page_index,time_cycles
0,90378
page_index,time_cycles
0,106638
page_index,time_cycles
0,106472
page_index,time_cycles
0,115730
page_index,time_cycles
0,125682
page_index,time_cycles
0,166794
page_index,time_cycles
0,199540
page_index,time_cycles
0,126846
page_index,time_cycles
0,105488
page_index,time_cycles
0,129056
page_index,time_cycles
0,206376
page_index,time_cycles
0,87760
page_index,time_cycles
0,80918
page_index,time_cycles
0,147636
page_index,time_cycles
0,139254
page_index,time_cycles
0,145930
page_index,time_cycles
0,80282
page_index,time_cycles
0,170408
page_index,time_cycles
0,155090
page_index,time_cycles
0,87006
page_index,time_cycles
0,98588
page_index,time_cycles
0,83696
page_index,time_cycles
0,139862
page_index,time_cycles
0,101300
page_index,time_cycles
0,128950
page_index,time_cycles
0,84386
page_index,time_cycles
0,106934
page_index,time_cycles
0,130784
page_index,time_cycles
0,128164
page_index,time_cycles
0,140692
page_index,time_cycles
0,129178
page_index,time_cycles
0,98594
page_index,time_cycles
0,142496
page_index,time_cycles
0,78416
page_index,time_cycles
0,128270
page_index,time_cycles
0,133116
page_index,time_cycles
0,131460
page_index,time_cycles
0,130812
page_index,time_cycles
0,125642
page_index,time_cycles
0,121118
page_index,time_cycles
0,135662
page_index,time_cycles
0,128564
page_index,time_cycles
0,148390
page_index,time_cycles
0,179556
page_index,time_cycles
0,160780
page_index,time_cycles
0,141996
page_index,time_cycles
0,124132
page_index,time_cycles
0,133632
page_index,time_cycles
0,133334
page_index,time_cycles
0,154704
page_index,time_cycles
0,127362
page_index,time_cycles
0,75946
page_index,time_cycles
0,77424
page_index,time_cycles
0,133146
page_index,time_cycles
0,106150
page_index,time_cycles
0,110738
page_index,time_cycles
0,113888
page_index,time_cycles
0,82134
page_index,time_cycles
0,81064
page_index,time_cycles
0,142680
page_index,time_cycles
0,135316
page_index,time_cycles
0,116296
page_index,time_cycles
0,144154
page_index,time_cycles
0,180610
page_index,time_cycles
0,95440
page_index,time_cycles
0,127432
page_index,time_cycles
0,131552
page_index,time_cycles
0,78548
page_index,time_cycles
0,134084
page_index,time_cycles
0,123848
page_index,time_cycles
0,133796
page_index,time_cycles
0,134218
page_index,time_cycles
0,121580
page_index,time_cycles
0,158298
page_index,time_cycles
0,118326
page_index,time_cycles
0,78320
page_index,time_cycles
0,110510
page_index,time_cycles
0,87344
page_index,time_cycles
0,126450
page_index,time_cycles
0,185394
page_index,time_cycles
0,125836
page_index,time_cycles
0,117754
page_index,time_cycles
0,78490
page_index,time_cycles
0,158828
page_index,time_cycles
0,139762
page_index,time_cycles
0,111008
page_index,time_cycles
0,122258
page_index,time_cycles
0,130406
page_index,time_cycles
0,139444
page_index,time_cycles
0,150820
page_index,time_cycles
0,179520
page_index,time_cycles
0,100232
page_index,time_cycles
0,101348
page_index,time_cycles
0,145326
page_index,time_cycles
0,187920
page_index,time_cycles
0,142352
page_index,time_cycles
0,114476
page_index,time_cycles
0,190018
page_index,time_cycles
0,108980
page_index,time_cycles
0,147842
page_index,time_cycles
0,77930
page_index,time_cycles
0,123848
page_index,time_cycles
0,178720
page_index,time_cycles
0,129894
page_index,time_cycles
0,111322
page_index,time_cycles
0,118148
page_index,time_cycles
0,175870
page_index,time_cycles
0,130490
page_index,time_cycles
0,97140
page_index,time_cycles
0,101722
page_index,time_cycles
0,129458
page_index,time_cycles
0,114306
page_index,time_cycles
0,110870
page_index,time_cycles
0,90206
page_index,time_cycles
0,120722
page_index,time_cycles
0,110224
page_index,time_cycles
0,97856
page_index,time_cycles
0,193620
page_index,time_cycles
0,133024
page_index,time_cycles
0,109402
page_index,time_cycles
0,123978
page_index,time_cycles
0,126400
page_index,time_cycles
0,408002
page_index,time_cycles
0,170712
page_index,time_cycles
0,142908
page_index,time_cycles
0,109700
page_index,time_cycles
0,144626
page_index,time_cycles
0,124062
page_index,time_cycles
0,139928
page_index,time_cycles
0,102244
page_index,time_cycles
0,202000
page_index,time_cycles
0,134826
page_index,time_cycles
0,165850
page_index,time_cycles
0,90806
page_index,time_cycles
0,152500
page_index,time_cycles
0,126340
page_index,time_cycles
0,133118
page_index,time_cycles
0,111762
page_index,time_cycles
0,126698
page_index,time_cycles
0,143556
page_index,time_cycles
0,140242
page_index,time_cycles
0,78246
page_index,time_cycles
0,78790
page_index,time_cycles
0,133612
page_index,time_cycles
0,116152
page_index,time_cycles
0,116002
page_index,time_cycles
0,131182
page_index,time_cycles
0,124086
page_index,time_cycles
0,146770
page_index,time_cycles
0,111374
page_index,time_cycles
0,77424
page_index,time_cycles
0,132978
page_index,time_cycles
0,142160
page_index,time_cycles
0,105052
page_index,time_cycles
0,104018
page_index,time_cycles
0,146618
page_index,time_cycles
0,127008
page_index,time_cycles
0,125516
page_index,time_cycles
0,150184
page_index,time_cycles
0,106860
page_index,time_cycles
0,115402
page_index,time_cycles
0,130636
page_index,time_cycles
0,124766
page_index,time_cycles
0,130680
page_index,time_cycles
0,143658
page_index,time_cycles
0,149016
page_index,time_cycles
0,131408
page_index,time_cycles
0,118360
page_index,time_cycles
0,114986
page_index,time_cycles
0,138102
page_index,time_cycles
0,87472
page_index,time_cycles
0,196346
page_index,time_cycles
0,139726
page_index,time_cycles
0,80078
page_index,time_cycles
0,113298
page_index,time_cycles
0,79662
page_index,time_cycles
0,151550
page_index,time_cycles
0,146364
page_index,time_cycles
0,126480
page_index,time_cycles
0,125228
page_index,time_cycles
0,79710
page_index,time_cycles
0,109572
page_index,time_cycles
0,88824
page_index,time_cycles
0,195878
page_index,time_cycles
0,91804
page_index,time_cycles
0,80236
page_index,time_cycles
0,145252
page_index,time_cycles
0,82500
page_index,time_cycles
0,113896
page_index,time_cycles
0,131010
page_index,time_cycles
0,132580
page_index,time_cycles
0,126896
page_index,time_cycles
0,124898
page_index,time_cycles
0,109088
page_index,time_cycles
0,97734
page_index,time_cycles
0,145276
page_index,time_cycles
0,113242
page_index,time_cycles
0,125116
page_index,time_cycles
0,138588
page_index,time_cycles
0,143736
page_index,time_cycles
0,80836
page_index,time_cycles
0,113132
page_index,time_cycles
0,142026
page_index,time_cycles
0,129440
page_index,time_cycles
0,105358
page_index,time_cycles
0,78372
page_index,time_cycles
0,135150
page_index,time_cycles
0,138094
page_index,time_cycles
0,100982
page_index,time_cycles
0,120132
page_index,time_cycles
0,130282
page_index,time_cycles
0,113500
page_index,time_cycles
0,148454
page_index,time_cycles
0,140848
page_index,time_cycles
0,79124
page_index,time_cycles
0,108386
page_index,time_cycles
0,135970
page_index,time_cycles
0,83786
page_index,time_cycles
0,133474
page_index,time_cycles
0,146502
page_index,time_cycles
0,138320
page_index,time_cycles
0,148026
page_index,time_cycles
0,79090
page_index,time_cycles
0,79356
page_index,time_cycles
0,115520
page_index,time_cycles
0,113840
page_index,time_cycles
0,172848
page_index,time_cycles
0,126814
page_index,time_cycles
0,131948
page_index,time_cycles
0,220108
page_index,time_cycles
0,129784
page_index,time_cycles
0,107112
page_index,time_cycles
0,132898
page_index,time_cycles
0,80664
page_index,time_cycles
0,124746
page_index,time_cycles
0,135646
page_index,time_cycles
0,125914
page_index,time_cycles
0,117960
page_index,time_cycles
0,342740
page_index,time_cycles
0,103460
page_index,time_cycles
0,81700
page_index,time_cycles
0,78068
page_index,time_cycles
0,162990
page_index,time_cycles
0,127420
page_index,time_cycles
0,82632
page_index,time_cycles
0,135554
page_index,time_cycles
0,103670
page_index,time_cycles
0,126068
page_index,time_cycles
0,82920
page_index,time_cycles
0,79562
page_index,time_cycles
0,134626
page_index,time_cycles
0,130216
page_index,time_cycles
0,135090
page_index,time_cycles
0,118804
page_index,time_cycles
0,76620
page_index,time_cycles
0,116552
page_index,time_cycles
0,142072
page_index,time_cycles
0,132650
page_index,time_cycles
0,107926
page_index,time_cycles
0,78484
page_index,time_cycles
0,79052
page_index,time_cycles
0,126492
page_index,time_cycles
0,141694
page_index,time_cycles
0,130522
page_index,time_cycles
0,88926
page_index,time_cycles
0,83656
page_index,time_cycles
0,135772
page_index,time_cycles
0,127626
page_index,time_cycles
0,140694
page_index,time_cycles
0,149716
page_index,time_cycles
0,114204
page_index,time_cycles
0,79852
page_index,time_cycles
0,112584
page_index,time_cycles
0,82194
page_index,time_cycles
0,127184
page_index,time_cycles
0,142602
page_index,time_cycles
0,117964
page_index,time_cycles
0,139398
page_index,time_cycles
0,132138
page_index,time_cycles
0,125766
page_index,time_cycles
0,140492
page_index,time_cycles
0,136634
page_index,time_cycles
0,90222
page_index,time_cycles
0,151210
page_index,time_cycles
0,95436
page_index,time_cycles
0,102552
page_index,time_cycles
0,151492
page_index,time_cycles
0,78984
page_index,time_cycles
0,134688
page_index,time_cycles
0,151372
page_index,time_cycles
0,106468
page_index,time_cycles
0,136864
page_index,time_cycles
0,197834
page_index,time_cycles
0,119398
page_index,time_cycles
0,85092
page_index,time_cycles
0,142364
page_index,time_cycles
0,141842
page_index,time_cycles
0,132016
page_index,time_cycles
0,178698
page_index,time_cycles
0,108840
page_index,time_cycles
0,98028
page_index,time_cycles
0,83860
page_index,time_cycles
0,137844
page_index,time_cycles
0,92342
page_index,time_cycles
0,128990
page_index,time_cycles
0,130184
page_index,time_cycles
0,156500
page_index,time_cycles
0,152614
page_index,time_cycles
0,129176
page_index,time_cycles
0,130754
page_index,time_cycles
0,133118
page_index,time_cycles
0,81740
page_index,time_cycles
0,133042
page_index,time_cycles
0,129322
page_index,time_cycles
0,137622
page_index,time_cycles
0,78352
page_index,time_cycles
0,97056
page_index,time_cycles
0,121464
page_index,time_cycles
0,121240
page_index,time_cycles
0,125972
page_index,time_cycles
0,82114
page_index,time_cycles
0,81750
page_index,time_cycles
0,133750
page_index,time_cycles
0,128786
page_index,time_cycles
0,78770
page_index,time_cycles
0,178242
page_index,time_cycles
0,130838
page_index,time_cycles
0,131954
page_index,time_cycles
0,140296
page_index,time_cycles
0,134772
page_index,time_cycles
0,112674
page_index,time_cycles
0,76744
page_index,time_cycles
0,104164
page_index,time_cycles
0,95584
page_index,time_cycles
0,136934
page_index,time_cycles
0,126970
page_index,time_cycles
0,167038
page_index,time_cycles
0,149198
page_index,time_cycles
0,127518
page_index,time_cycles
0,78148
page_index,time_cycles
0,126656
page_index,time_cycles
0,147420
page_index,time_cycles
0,149216
page_index,time_cycles
0,134002
page_index,time_cycles
0,79146
page_index,time_cycles
0,139680
page_index,time_cycles
0,128356
page_index,time_cycles
0,119670
page_index,time_cycles
0,129794
page_index,time_cycles
0,141520
page_index,time_cycles
0,143012
page_index,time_cycles
0,115674
page_index,time_cycles
0,80332
page_index,time_cycles
0,134500
page_index,time_cycles
0,153438
page_index,time_cycles
0,133170
page_index,time_cycles
0,180336
page_index,time_cycles
0,80408
page_index,time_cycles
0,150738
page_index,time_cycles
0,102046
page_index,time_cycles
0,132798
page_index,time_cycles
0,130502
page_index,time_cycles
0,187048
page_index,time_cycles
0,130546
page_index,time_cycles
0,94646
page_index,time_cycles
0,160478
page_index,time_cycles
0,146722
page_index,time_cycles
0,133778
page_index,time_cycles
0,78418
page_index,time_cycles
0,80626
page_index,time_cycles
0,130122
page_index,time_cycles
0,124996
page_index,time_cycles
0,128036
page_index,time_cycles
0,130410
page_index,time_cycles
0,81698
page_index,time_cycles
0,102708
page_index,time_cycles
0,129506
page_index,time_cycles
0,125330
page_index,time_cycles
0,139276
page_index,time_cycles
0,133544
page_index,time_cycles
0,143586
page_index,time_cycles
0,138184
page_index,time_cycles
0,123446
page_index,time_cycles
0,84126
page_index,time_cycles
0,119864
page_index,time_cycles
0,112040
page_index,time_cycles
0,180462
page_index,time_cycles
0,118574
page_index,time_cycles
0,124806
page_index,time_cycles
0,97184
page_index,time_cycles
0,147192
page_index,time_cycles
0,95784
page_index,time_cycles
0,153968
page_index,time_cycles
0,215942
page_index,time_cycles
0,79986
page_index,time_cycles
0,120004
page_index,time_cycles
0,99008
page_index,time_cycles
0,137448
page_index,time_cycles
0,85008
page_index,time_cycles
0,144622
page_index,time_cycles
0,151572
page_index,time_cycles
0,113806
page_index,time_cycles
0,125802
page_index,time_cycles
0,128388
page_index,time_cycles
0,128630
page_index,time_cycles
0,78692
page_index,time_cycles
0,103648
page_index,time_cycles
0,108248
page_index,time_cycles
0,131642
page_index,time_cycles
0,128160
page_index,time_cycles
0,80598
page_index,time_cycles
0,81300
page_index,time_cycles
0,141734
page_index,time_cycles
0,175974
page_index,time_cycles
0,81564
page_index,time_cycles
0,134542
page_index,time_cycles
0,116794
page_index,time_cycles
0,211334
page_index,time_cycles
0,149650
page_index,time_cycles
0,85614
page_index,time_cycles
0,128478
page_index,time_cycles
0,112332
page_index,time_cycles
0,131554
page_index,time_cycles
0,132960
page_index,time_cycles
0,82740
page_index,time_cycles
0,133042
page_index,time_cycles
0,109410
page_index,time_cycles
0,125634
page_index,time_cycles
0,138630
page_index,time_cycles
0,117388
page_index,time_cycles
0,219750
page_index,time_cycles
0,192106
page_index,time_cycles
0,141506
page_index,time_cycles
0,130478
page_index,time_cycles
0,128148
page_index,time_cycles
0,105756
page_index,time_cycles
0,140884
page_index,time_cycles
0,135380
page_index,time_cycles
0,150210
page_index,time_cycles
0,78228
page_index,time_cycles
0,116802
page_index,time_cycles
0,121166
page_index,time_cycles
0,117434
page_index,time_cycles
0,79822
page_index,time_cycles
0,95852
page_index,time_cycles
0,132974
page_index,time_cycles
0,83054
page_index,time_cycles
0,126002
page_index,time_cycles
0,117414
page_index,time_cycles
0,130006
page_index,time_cycles
0,85946
page_index,time_cycles
0,130318
page_index,time_cycles
0,101656
page_index,time_cycles
0,116882
page_index,time_cycles
0,129790
page_index,time_cycles
0,175178
page_index,time_cycles
0,133402
page_index,time_cycles
0,78698
page_index,time_cycles
0,137474
page_index,time_cycles
0,140302
page_index,time_cycles
0,135014
page_index,time_cycles
0,131006
page_index,time_cycles
0,109834
page_index,time_cycles
0,135636
page_index,time_cycles
0,115110
page_index,time_cycles
0,136334
page_index,time_cycles
0,140952
page_index,time_cycles
0,111626
page_index,time_cycles
0,135194
page_index,time_cycles
0,81268
page_index,time_cycles
0,104036
page_index,time_cycles
0,148438
page_index,time_cycles
0,79816
page_index,time_cycles
0,151958
page_index,time_cycles
0,107544
page_index,time_cycles
0,122660
page_index,time_cycles
0,144992
page_index,time_cycles
0,131830
page_index,time_cycles
0,77336
page_index,time_cycles
0,80974
page_index,time_cycles
0,99956
page_index,time_cycles
0,131928
page_index,time_cycles
0,85702
page_index,time_cycles
0,141762
page_index,time_cycles
0,78392
page_index,time_cycles
0,130536
page_index,time_cycles
0,103872
page_index,time_cycles
0,133142
page_index,time_cycles
0,185902
page_index,time_cycles
0,103496
page_index,time_cycles
0,133578
page_index,time_cycles
0,132174
page_index,time_cycles
0,78338
page_index,time_cycles
0,90934
page_index,time_cycles
0,141430
page_index,time_cycles
0,143398
page_index,time_cycles
0,132818
page_index,time_cycles
0,79514
page_index,time_cycles
0,128976
page_index,time_cycles
0,136938
page_index,time_cycles
0,114624
page_index,time_cycles
0,134456
page_index,time_cycles
0,142378
page_index,time_cycles
0,145936
page_index,time_cycles
0,137568
page_index,time_cycles
0,199316
page_index,time_cycles
0,76964
page_index,time_cycles
0,80326
page_index,time_cycles
0,104898
page_index,time_cycles
0,143556
page_index,time_cycles
0,116942
page_index,time_cycles
0,136092
page_index,time_cycles
0,136122
page_index,time_cycles
0,128070
page_index,time_cycles
0,130294
page_index,time_cycles
0,114622
page_index,time_cycles
0,80084
page_index,time_cycles
0,130858
page_index,time_cycles
0,180810
page_index,time_cycles
0,137470
page_index,time_cycles
0,123052
page_index,time_cycles
0,148916
page_index,time_cycles
0,149234
page_index,time_cycles
0,141772
page_index,time_cycles
0,129788
page_index,time_cycles
0,149332
page_index,time_cycles
0,143170
page_index,time_cycles
0,136180
page_index,time_cycles
0,81458
page_index,time_cycles
0,132018
page_index,time_cycles
0,139958
page_index,time_cycles
0,151614
page_index,time_cycles
0,123428
page_index,time_cycles
0,169856
page_index,time_cycles
0,108092
page_index,time_cycles
0,110862
page_index,time_cycles
0,131072
page_index,time_cycles
0,133784
page_index,time_cycles
0,129338
page_index,time_cycles
0,79218
page_index,time_cycles
0,81884
page_index,time_cycles
0,97306
page_index,time_cycles
0,144712
page_index,time_cycles
0,135220
page_index,time_cycles
0,140320
page_index,time_cycles
0,132714
page_index,time_cycles
0,154960
page_index,time_cycles
0,124926
page_index,time_cycles
0,121238
page_index,time_cycles
0,179308
page_index,time_cycles
0,132554
page_index,time_cycles
0,143780
page_index,time_cycles
0,111456
page_index,time_cycles
0,87968
page_index,time_cycles
0,81674
page_index,time_cycles
0,151712
page_index,time_cycles
0,126262
page_index,time_cycles
0,147464
page_index,time_cycles
0,151878
page_index,time_cycles
0,146092
page_index,time_cycles
0,122808
page_index,time_cycles
0,128406
page_index,time_cycles
0,134268
page_index,time_cycles
0,129742
page_index,time_cycles
0,134496
page_index,time_cycles
0,146350
page_index,time_cycles
0,132480
page_index,time_cycles
0,131978
page_index,time_cycles
0,182570
page_index,time_cycles
0,95174
page_index,time_cycles
0,108958
page_index,time_cycles
0,231922
page_index,time_cycles
0,130496
page_index,time_cycles
0,79458
page_index,time_cycles
0,77222
page_index,time_cycles
0,126854
page_index,time_cycles
0,142184
page_index,time_cycles
0,141334
page_index,time_cycles
0,130486
page_index,time_cycles
0,134136
page_index,time_cycles
0,111216
page_index,time_cycles
0,121066
page_index,time_cycles
0,171772
page_index,time_cycles
0,145546
page_index,time_cycles
0,143890
page_index,time_cycles
0,118228
page_index,time_cycles
0,111846
page_index,time_cycles
0,88758
page_index,time_cycles
0,90344
page_index,time_cycles
0,84896
page_index,time_cycles
0,90326
page_index,time_cycles
0,140586
page_index,time_cycles
0,140444
page_index,time_cycles
0,84448
page_index,time_cycles
0,138070
page_index,time_cycles
0,136522
page_index,time_cycles
0,155670
page_index,time_cycles
0,124050
page_index,time_cycles
0,79034
page_index,time_cycles
0,144222
page_index,time_cycles
0,118514
page_index,time_cycles
0,82854
page_index,time_cycles
0,94318
page_index,time_cycles
0,151508
page_index,time_cycles
0,107422
page_index,time_cycles
0,127412
page_index,time_cycles
0,134878
page_index,time_cycles
0,139838
page_index,time_cycles
0,106120
page_index,time_cycles
0,132122
page_index,time_cycles
0,102888
page_index,time_cycles
0,138512
page_index,time_cycles
0,140270
page_index,time_cycles
0,134094
page_index,time_cycles
0,123782
page_index,time_cycles
0,180954
page_index,time_cycles
0,131878
page_index,time_cycles
0,80996
page_index,time_cycles
0,155324
page_index,time_cycles
0,116586
page_index,time_cycles
0,151036
page_index,time_cycles
0,83838
page_index,time_cycles
0,141702
page_index,time_cycles
0,81666
page_index,time_cycles
0,183142
page_index,time_cycles
0,82736
page_index,time_cycles
0,135074
page_index,time_cycles
0,106556
page_index,time_cycles
0,126490
page_index,time_cycles
0,105342
page_index,time_cycles
0,138780
page_index,time_cycles
0,112538
page_index,time_cycles
0,128222
page_index,time_cycles
0,75618
page_index,time_cycles
0,114164
page_index,time_cycles
0,136268
page_index,time_cycles
0,143882
page_index,time_cycles
0,186828
page_index,time_cycles
0,128342
page_index,time_cycles
0,201506
page_index,time_cycles
0,116804
page_index,time_cycles
0,130510
page_index,time_cycles
0,131566
page_index,time_cycles
0,142232
page_index,time_cycles
0,115058
page_index,time_cycles
0,133670
page_index,time_cycles
0,80072
page_index,time_cycles
0,91654
page_index,time_cycles
0,81814
page_index,time_cycles
0,141274
page_index,time_cycles
0,139522
page_index,time_cycles
0,81076
page_index,time_cycles
0,79400
page_index,time_cycles
0,85090
page_index,time_cycles
0,131504
page_index,time_cycles
0,132186
page_index,time_cycles
0,132188
page_index,time_cycles
0,101438
page_index,time_cycles
0,116572
page_index,time_cycles
0,132944
page_index,time_cycles
0,135186
page_index,time_cycles
0,99228
page_index,time_cycles
0,127974
page_index,time_cycles
0,119992
page_index,time_cycles
0,126532
page_index,time_cycles
0,132020
page_index,time_cycles
0,145230
page_index,time_cycles
0,224992
page_index,time_cycles
0,99834
page_index,time_cycles
0,113084
page_index,time_cycles
0,96894
page_index,time_cycles
0,144194
page_index,time_cycles
0,139180
page_index,time_cycles
0,141618
page_index,time_cycles
0,189054
page_index,time_cycles
0,207348
page_index,time_cycles
0,137498
page_index,time_cycles
0,153794
page_index,time_cycles
0,87618
page_index,time_cycles
0,132862
page_index,time_cycles
0,154828
page_index,time_cycles
0,80034
page_index,time_cycles
0,172464
page_index,time_cycles
0,125524
page_index,time_cycles
0,182592
page_index,time_cycles
0,141188
page_index,time_cycles
0,95982
page_index,time_cycles
0,103950
page_index,time_cycles
0,119504
page_index,time_cycles
0,117646
page_index,time_cycles
0,158940
page_index,time_cycles
0,146490
page_index,time_cycles
0,136970
page_index,time_cycles
0,85700
page_index,time_cycles
0,141820
page_index,time_cycles
0,177406
page_index,time_cycles
0,82044
page_index,time_cycles
0,118304
page_index,time_cycles
0,138502
page_index,time_cycles
0,130186
page_index,time_cycles
0,83308
page_index,time_cycles
0,119136
page_index,time_cycles
0,107404
page_index,time_cycles
0,145048
page_index,time_cycles
0,133144
page_index,time_cycles
0,102626
page_index,time_cycles
0,170420
page_index,time_cycles
0,81018
page_index,time_cycles
0,132142
page_index,time_cycles
0,80200
page_index,time_cycles
0,150610
page_index,time_cycles
0,137586
page_index,time_cycles
0,115186
page_index,time_cycles
0,119442
page_index,time_cycles
0,81104
page_index,time_cycles
0,115104
page_index,time_cycles
0,147898
page_index,time_cycles
0,139240
page_index,time_cycles
0,133168
page_index,time_cycles
0,92516
page_index,time_cycles
0,142918
page_index,time_cycles
0,102246
page_index,time_cycles
0,125370
page_index,time_cycles
0,101542
page_index,time_cycles
0,77818
page_index,time_cycles
0,132942
page_index,time_cycles
0,206038
page_index,time_cycles
0,112562
page_index,time_cycles
0,145606
page_index,time_cycles
0,139748
page_index,time_cycles
0,107348
page_index,time_cycles
0,94922
page_index,time_cycles
0,131962
page_index,time_cycles
0,149640
page_index,time_cycles
0,136164
page_index,time_cycles
0,164700
page_index,time_cycles
0,129102
page_index,time_cycles
0,138396
page_index,time_cycles
0,105776
page_index,time_cycles
0,149720
page_index,time_cycles
0,116614
page_index,time_cycles
0,124696
page_index,time_cycles
0,124654
page_index,time_cycles
0,101964
page_index,time_cycles
0,130178
page_index,time_cycles
0,140750
page_index,time_cycles
0,106662
page_index,time_cycles
0,93472
page_index,time_cycles
0,132904
page_index,time_cycles
0,113528
page_index,time_cycles
0,79818
page_index,time_cycles
0,144278
page_index,time_cycles
0,80070
page_index,time_cycles
0,131004
page_index,time_cycles
0,133062
page_index,time_cycles
0,153176
page_index,time_cycles
0,131346
page_index,time_cycles
0,179626
page_index,time_cycles
0,195156
page_index,time_cycles
0,99756
page_index,time_cycles
0,151010
page_index,time_cycles
0,140246
page_index,time_cycles
0,175952
page_index,time_cycles
0,150914
page_index,time_cycles
0,136276
page_index,time_cycles
0,109856
page_index,time_cycles
0,81190
page_index,time_cycles
0,148128
page_index,time_cycles
0,143016
page_index,time_cycles
0,115210
page_index,time_cycles
0,150378
page_index,time_cycles
0,132892
page_index,time_cycles
0,179108
page_index,time_cycles
0,129064
page_index,time_cycles
0,141850
page_index,time_cycles
0,131628
page_index,time_cycles
0,108984
page_index,time_cycles
0,143724
page_index,time_cycles
0,158728
page_index,time_cycles
0,81802
page_index,time_cycles
0,81564
page_index,time_cycles
0,128098
page_index,time_cycles
0,130484
page_index,time_cycles
0,128258
page_index,time_cycles
0,131784
page_index,time_cycles
0,134110
page_index,time_cycles
0,79032
page_index,time_cycles
0,142358
page_index,time_cycles
0,195654
page_index,time_cycles
0,121546
page_index,time_cycles
0,164342
page_index,time_cycles
0,140142
page_index,time_cycles
0,113524
page_index,time_cycles
0,89672
page_index,time_cycles
0,124406
page_index,time_cycles
0,116292
page_index,time_cycles
0,108024
page_index,time_cycles
0,129554
page_index,time_cycles
0,132106
page_index,time_cycles
0,127286
page_index,time_cycles
0,118716
page_index,time_cycles
0,106096
page_index,time_cycles
0,98926
page_index,time_cycles
0,143974
page_index,time_cycles
0,130326
page_index,time_cycles
0,155390
page_index,time_cycles
0,139442
page_index,time_cycles
0,132434
page_index,time_cycles
0,108858
page_index,time_cycles
0,130588
page_index,time_cycles
0,137126
page_index,time_cycles
0,126598
page_index,time_cycles
0,149998
page_index,time_cycles
0,76744
page_index,time_cycles
0,132996
page_index,time_cycles
0,84032
page_index,time_cycles
0,111324
page_index,time_cycles
0,126864
page_index,time_cycles
0,127364
page_index,time_cycles
0,87160
page_index,time_cycles
0,136696
page_index,time_cycles
0,141054
page_index,time_cycles
0,105348
page_index,time_cycles
0,117332
page_index,time_cycles
0,128848
page_index,time_cycles
0,123246
page_index,time_cycles
0,140342
page_index,time_cycles
0,77286
page_index,time_cycles
0,155648
page_index,time_cycles
0,102536
page_index,time_cycles
0,103834
page_index,time_cycles
0,137214
page_index,time_cycles
0,78676
page_index,time_cycles
0,76110
page_index,time_cycles
0,188800
page_index,time_cycles
0,77782
page_index,time_cycles
0,81948
page_index,time_cycles
0,111078
page_index,time_cycles
0,186538
page_index,time_cycles
0,97344
page_index,time_cycles
0,78130
page_index,time_cycles
0,145104
page_index,time_cycles
0,129322
page_index,time_cycles
0,139368
page_index,time_cycles
0,119906
page_index,time_cycles
0,203162
page_index,time_cycles
0,98180
page_index,time_cycles
0,121848
page_index,time_cycles
0,154218
page_index,time_cycles
0,131422
page_index,time_cycles
0,91452
page_index,time_cycles
0,130404
page_index,time_cycles
0,128644
page_index,time_cycles
0,117646
page_index,time_cycles
0,118358
page_index,time_cycles
0,92524
page_index,time_cycles
0,117662
page_index,time_cycles
0,114572
page_index,time_cycles
0,127986
page_index,time_cycles
0,81330
page_index,time_cycles
0,130822
page_index,time_cycles
0,118198
page_index,time_cycles
0,139714
page_index,time_cycles
0,133632
page_index,time_cycles
0,77516
page_index,time_cycles
0,127958
page_index,time_cycles
0,149092
page_index,time_cycles
0,108392
page_index,time_cycles
0,151982
page_index,time_cycles
0,110042
page_index,time_cycles
0,130890
page_index,time_cycles
0,131514
page_index,time_cycles
0,127418
page_index,time_cycles
0,130572
page_index,time_cycles
0,130492
page_index,time_cycles
0,107928
page_index,time_cycles
0,83118
page_index,time_cycles
0,112200
page_index,time_cycles
0,92500
page_index,time_cycles
0,128074
page_index,time_cycles
0,142838
page_index,time_cycles
0,80550
page_index,time_cycles
0,118432
page_index,time_cycles
0,131190
page_index,time_cycles
0,94934
page_index,time_cycles
0,126610
page_index,time_cycles
0,118110
page_index,time_cycles
0,132626
page_index,time_cycles
0,137662
page_index,time_cycles
0,113404
page_index,time_cycles
0,134304
page_index,time_cycles
0,132342
page_index,time_cycles
0,162432
page_index,time_cycles
0,83156
page_index,time_cycles
0,131530
page_index,time_cycles
0,143572
page_index,time_cycles
0,106316
page_index,time_cycles
0,135968
page_index,time_cycles
0,133334
page_index,time_cycles
0,92504
page_index,time_cycles
0,134678
page_index,time_cycles
0,115100
page_index,time_cycles
0,133054
page_index,time_cycles
0,86572
page_index,time_cycles
0,135512
page_index,time_cycles
0,135178
page_index,time_cycles
0,128398
page_index,time_cycles
0,130980
page_index,time_cycles
0,131254
page_index,time_cycles
0,130264
page_index,time_cycles
0,133282
page_index,time_cycles
0,167388
page_index,time_cycles
0,135486
page_index,time_cycles
0,81426
page_index,time_cycles
0,118168
page_index,time_cycles
0,99618
page_index,time_cycles
0,142628
page_index,time_cycles
0,149944
page_index,time_cycles
0,132008
page_index,time_cycles
0,117054
page_index,time_cycles
0,115504
page_index,time_cycles
0,129064
page_index,time_cycles
0,105398
page_index,time_cycles
0,170044
page_index,time_cycles
0,131516
page_index,time_cycles
0,129202
page_index,time_cycles
0,143718
page_index,time_cycles
0,80368
page_index,time_cycles
0,136648
page_index,time_cycles
0,143446
page_index,time_cycles
0,127570
page_index,time_cycles
0,129900
page_index,time_cycles
0,139596
page_index,time_cycles
0,131892
page_index,time_cycles
0,109842
page_index,time_cycles
0,81652
page_index,time_cycles
0,130582
page_index,time_cycles
0,131194
page_index,time_cycles
0,83500
page_index,time_cycles
0,133216
page_index,time_cycles
0,124874
page_index,time_cycles
0,83756
page_index,time_cycles
0,142588
page_index,time_cycles
0,156264
page_index,time_cycles
0,79248
page_index,time_cycles
0,176702
page_index,time_cycles
0,109292
page_index,time_cycles
0,81478
page_index,time_cycles
0,79548
page_index,time_cycles
0,166474
page_index,time_cycles
0,142506
page_index,time_cycles
0,115652
page_index,time_cycles
0,82354
page_index,time_cycles
0,138886
page_index,time_cycles
0,187712
page_index,time_cycles
0,143250
page_index,time_cycles
0,127518
page_index,time_cycles
0,143960
page_index,time_cycles
0,123078
page_index,time_cycles
0,157158
page_index,time_cycles
0,81624
page_index,time_cycles
0,146798
page_index,time_cycles
0,143468
page_index,time_cycles
0,85676
page_index,time_cycles
0,127896
page_index,time_cycles
0,137142
page_index,time_cycles
0,132488
page_index,time_cycles
0,93120
page_index,time_cycles
0,82428
page_index,time_cycles
0,120558
page_index,time_cycles
0,117618
page_index,time_cycles
0,113174
page_index,time_cycles
0,106172
page_index,time_cycles
0,138206
page_index,time_cycles
0,114464
page_index,time_cycles
0,78752
page_index,time_cycles
0,135350
page_index,time_cycles
0,79576
page_index,time_cycles
0,141354
page_index,time_cycles
0,135220
page_index,time_cycles
0,130502
page_index,time_cycles
0,116964
page_index,time_cycles
0,123388
page_index,time_cycles
0,113914
page_index,time_cycles
0,143272
page_index,time_cycles
0,141682
page_index,time_cycles
0,124342
page_index,time_cycles
0,109756
page_index,time_cycles
0,111280
page_index,time_cycles
0,77644
page_index,time_cycles
0,111516
page_index,time_cycles
0,187726
page_index,time_cycles
0,114390
page_index,time_cycles
0,98346
page_index,time_cycles
0,85758
page_index,time_cycles
0,129198
page_index,time_cycles
0,99536
page_index,time_cycles
0,86814
page_index,time_cycles
0,99210
page_index,time_cycles
0,90850
page_index,time_cycles
0,99136
page_index,time_cycles
0,90156
page_index,time_cycles
0,129530
page_index,time_cycles
0,140668
page_index,time_cycles
0,113196
page_index,time_cycles
0,143582
page_index,time_cycles
0,85660
page_index,time_cycles
0,93632
page_index,time_cycles
0,133624
page_index,time_cycles
0,142074
page_index,time_cycles
0,131458
page_index,time_cycles
0,393982
page_index,time_cycles
0,80806
page_index,time_cycles
0,143886
page_index,time_cycles
0,136876
page_index,time_cycles
0,122368
page_index,time_cycles
0,105688
page_index,time_cycles
0,132838
page_index,time_cycles
0,143594
page_index,time_cycles
0,165886
page_index,time_cycles
0,116240
page_index,time_cycles
0,81002
page_index,time_cycles
0,134198
page_index,time_cycles
0,79876
page_index,time_cycles
0,88864
page_index,time_cycles
0,130158
page_index,time_cycles
0,130266
page_index,time_cycles
0,128302
page_index,time_cycles
0,135470
page_index,time_cycles
0,94894
page_index,time_cycles
0,127806
page_index,time_cycles
0,120164
page_index,time_cycles
0,119868
page_index,time_cycles
0,118506
page_index,time_cycles
0,142348
page_index,time_cycles
0,129438
page_index,time_cycles
0,161730
page_index,time_cycles
0,142200
page_index,time_cycles
0,118126
page_index,time_cycles
0,143202
page_index,time_cycles
0,141638
page_index,time_cycles
0,78376
page_index,time_cycles
0,150236
page_index,time_cycles
0,143952
page_index,time_cycles
0,101254
page_index,time_cycles
0,82838
page_index,time_cycles
0,212366
page_index,time_cycles
0,145050
page_index,time_cycles
0,110840
page_index,time_cycles
0,77708
page_index,time_cycles
0,91790
page_index,time_cycles
0,125836
page_index,time_cycles
0,126434
page_index,time_cycles
0,110060
page_index,time_cycles
0,81448
page_index,time_cycles
0,132896
page_index,time_cycles
0,152010
page_index,time_cycles
0,106024
page_index,time_cycles
0,128114
page_index,time_cycles
0,138532
page_index,time_cycles
0,118130
page_index,time_cycles
0,131290
page_index,time_cycles
0,130728
page_index,time_cycles
0,77462
page_index,time_cycles
0,80342
page_index,time_cycles
0,122600
page_index,time_cycles
0,133120
page_index,time_cycles
0,93808
page_index,time_cycles
0,139192
page_index,time_cycles
0,118682
page_index,time_cycles
0,129692
page_index,time_cycles
0,124676
page_index,time_cycles
0,97234
page_index,time_cycles
0,105276
page_index,time_cycles
0,83724
page_index,time_cycles
0,258992
page_index,time_cycles
0,141502
page_index,time_cycles
0,106404
page_index,time_cycles
0,131542
page_index,time_cycles
0,139648
page_index,time_cycles
0,107444
page_index,time_cycles
0,95654
page_index,time_cycles
0,134896
page_index,time_cycles
0,125666
page_index,time_cycles
0,152068
page_index,time_cycles
0,115006
page_index,time_cycles
0,79672
page_index,time_cycles
0,201144
page_index,time_cycles
0,93332
page_index,time_cycles
0,79060
page_index,time_cycles
0,140544
page_index,time_cycles
0,135834
page_index,time_cycles
0,174836
page_index,time_cycles
0,79162
page_index,time_cycles
0,145824
page_index,time_cycles
0,124010
page_index,time_cycles
0,81626
page_index,time_cycles
0,99552
page_index,time_cycles
0,119038
page_index,time_cycles
0,140046
page_index,time_cycles
0,79940
page_index,time_cycles
0,78048
page_index,time_cycles
0,141758
page_index,time_cycles
0,121428
page_index,time_cycles
0,104982
page_index,time_cycles
0,103508
page_index,time_cycles
0,110370
page_index,time_cycles
0,129466
page_index,time_cycles
0,131590
page_index,time_cycles
0,159508
page_index,time_cycles
0,79340
page_index,time_cycles
0,141116
page_index,time_cycles
0,149356
page_index,time_cycles
0,78232
page_index,time_cycles
0,157494
page_index,time_cycles
0,132674
page_index,time_cycles
0,129152
page_index,time_cycles
0,131096
page_index,time_cycles
0,127562
page_index,time_cycles
0,116584
page_index,time_cycles
0,160130
page_index,time_cycles
0,131602
page_index,time_cycles
0,134190
page_index,time_cycles
0,78078
page_index,time_cycles
0,127924
page_index,time_cycles
0,138322
page_index,time_cycles
0,78730
page_index,time_cycles
0,181454
page_index,time_cycles
0,81068
page_index,time_cycles
0,132216
page_index,time_cycles
0,145070
page_index,time_cycles
0,114740
page_index,time_cycles
0,131466
page_index,time_cycles
0,83498
page_index,time_cycles
0,114962
page_index,time_cycles
0,173950
page_index,time_cycles
0,114748
page_index,time_cycles
0,135884
page_index,time_cycles
0,139504
page_index,time_cycles
0,130082
page_index,time_cycles
0,101414
page_index,time_cycles
0,126566
page_index,time_cycles
0,147758
page_index,time_cycles
0,90420
page_index,time_cycles
0,113858
page_index,time_cycles
0,80830
page_index,time_cycles
0,140944
page_index,time_cycles
0,130574
page_index,time_cycles
0,83260
page_index,time_cycles
0,76760
page_index,time_cycles
0,144006
page_index,time_cycles
0,171296
page_index,time_cycles
0,194390
page_index,time_cycles
0,83338
page_index,time_cycles
0,210556
page_index,time_cycles
0,130118
page_index,time_cycles
0,181576
page_index,time_cycles
0,124348
page_index,time_cycles
0,115756
page_index,time_cycles
0,93818
page_index,time_cycles
0,100082
page_index,time_cycles
0,132314
page_index,time_cycles
0,121882
page_index,time_cycles
0,104644
page_index,time_cycles
0,117390
page_index,time_cycles
0,132680
page_index,time_cycles
0,128268
page_index,time_cycles
0,104688
page_index,time_cycles
0,129430
page_index,time_cycles
0,229570
page_index,time_cycles
0,96256
page_index,time_cycles
0,140834
page_index,time_cycles
0,123982
page_index,time_cycles
0,87060
page_index,time_cycles
0,126452
page_index,time_cycles
0,140530
page_index,time_cycles
0,127750
page_index,time_cycles
0,174186
page_index,time_cycles
0,129128
page_index,time_cycles
0,118116
page_index,time_cycles
0,128794
page_index,time_cycles
0,79828
page_index,time_cycles
0,120408
page_index,time_cycles
0,81824
page_index,time_cycles
0,161924
page_index,time_cycles
0,107742
page_index,time_cycles
0,139518
page_index,time_cycles
0,216848
page_index,time_cycles
0,113988
page_index,time_cycles
0,80842
page_index,time_cycles
0,84838
page_index,time_cycles
0,124750
page_index,time_cycles
0,144358
page_index,time_cycles
0,128686
page_index,time_cycles
0,129754
page_index,time_cycles
0,145440
page_index,time_cycles
0,130842
page_index,time_cycles
0,132268
page_index,time_cycles
0,85676
page_index,time_cycles
0,129582
page_index,time_cycles
0,139794
page_index,time_cycles
0,125702
page_index,time_cycles
0,135264
page_index,time_cycles
0,114874
page_index,time_cycles
0,194714
page_index,time_cycles
0,157632
page_index,time_cycles
0,97362
page_index,time_cycles
0,79282
page_index,time_cycles
0,160778
page_index,time_cycles
0,77788
page_index,time_cycles
0,95908
page_index,time_cycles
0,131556
page_index,time_cycles
0,79036
page_index,time_cycles
0,138830
page_index,time_cycles
0,81114
page_index,time_cycles
0,106890
page_index,time_cycles
0,77906
page_index,time_cycles
0,117074
page_index,time_cycles
0,133430
page_index,time_cycles
0,152992
page_index,time_cycles
0,76872
page_index,time_cycles
0,131556
page_index,time_cycles
0,152474
page_index,time_cycles
0,142818
page_index,time_cycles
0,142576
page_index,time_cycles
0,155358
page_index,time_cycles
0,90736
page_index,time_cycles
0,137868
page_index,time_cycles
0,86026
page_index,time_cycles
0,130388
page_index,time_cycles
0,110958
page_index,time_cycles
0,81408
page_index,time_cycles
0,100378
page_index,time_cycles
0,120974
page_index,time_cycles
0,125262
page_index,time_cycles
0,128332
page_index,time_cycles
0,130520
page_index,time_cycles
0,154800
page_index,time_cycles
0,115122
page_index,time_cycles
0,143628
page_index,time_cycles
0,127238
page_index,time_cycles
0,134096
page_index,time_cycles
0,125384
page_index,time_cycles
0,144570
page_index,time_cycles
0,107994
page_index,time_cycles
0,139420
page_index,time_cycles
0,132240
page_index,time_cycles
0,94208
page_index,time_cycles
0,79364
page_index,time_cycles
0,78904
page_index,time_cycles
0,183698
page_index,time_cycles
0,128734
page_index,time_cycles
0,125920
page_index,time_cycles
0,113162
page_index,time_cycles
0,199098
page_index,time_cycles
0,132840
page_index,time_cycles
0,131652
page_index,time_cycles
0,82958
page_index,time_cycles
0,82040
page_index,time_cycles
0,90174
page_index,time_cycles
0,79946
page_index,time_cycles
0,141438
page_index,time_cycles
0,115474
page_index,time_cycles
0,95056
page_index,time_cycles
0,131512
page_index,time_cycles
0,134766
page_index,time_cycles
0,130658
page_index,time_cycles
0,138534
page_index,time_cycles
0,123974
page_index,time_cycles
0,121276
page_index,time_cycles
0,96990
page_index,time_cycles
0,124394
page_index,time_cycles
0,131004
page_index,time_cycles
0,79470
page_index,time_cycles
0,84400
page_index,time_cycles
0,130290
page_index,time_cycles
0,127660
page_index,time_cycles
0,134398
page_index,time_cycles
0,114516
page_index,time_cycles
0,130042
page_index,time_cycles
0,101308
page_index,time_cycles
0,135872
page_index,time_cycles
0,151820
page_index,time_cycles
0,143366
page_index,time_cycles
0,96650
page_index,time_cycles
0,140722
page_index,time_cycles
0,149940
page_index,time_cycles
0,77162
page_index,time_cycles
0,80990
page_index,time_cycles
0,125652
page_index,time_cycles
0,133310
page_index,time_cycles
0,135074
page_index,time_cycles
0,148166
page_index,time_cycles
0,139706
page_index,time_cycles
0,79756
page_index,time_cycles
0,138252
page_index,time_cycles
0,188426
page_index,time_cycles
0,131174
page_index,time_cycles
0,131338
page_index,time_cycles
0,95926
page_index,time_cycles
0,113014
page_index,time_cycles
0,127782
page_index,time_cycles
0,133776
page_index,time_cycles
0,131384
page_index,time_cycles
0,137958
page_index,time_cycles
0,92994
page_index,time_cycles
0,124352
page_index,time_cycles
0,131792
page_index,time_cycles
0,135790
page_index,time_cycles
0,80516
page_index,time_cycles
0,76154
page_index,time_cycles
0,82302
page_index,time_cycles
0,141484
page_index,time_cycles
0,131792
page_index,time_cycles
0,129118
page_index,time_cycles
0,129642
page_index,time_cycles
0,107488
page_index,time_cycles
0,106404
page_index,time_cycles
0,141796
page_index,time_cycles
0,129268
page_index,time_cycles
0,180276
page_index,time_cycles
0,176526
page_index,time_cycles
0,108982
page_index,time_cycles
0,102564
page_index,time_cycles
0,98684
page_index,time_cycles
0,145560
page_index,time_cycles
0,94208
page_index,time_cycles
0,78544
page_index,time_cycles
0,82540
page_index,time_cycles
0,118806
page_index,time_cycles
0,115420
page_index,time_cycles
0,137102
page_index,time_cycles
0,137378
page_index,time_cycles
0,127374
page_index,time_cycles
0,112564
page_index,time_cycles
0,262054
page_index,time_cycles
0,134872
page_index,time_cycles
0,132278
page_index,time_cycles
0,121232
page_index,time_cycles
0,128252
page_index,time_cycles
0,132040
page_index,time_cycles
0,127500
page_index,time_cycles
0,76796
page_index,time_cycles
0,112872
page_index,time_cycles
0,114814
page_index,time_cycles
0,117560
page_index,time_cycles
0,92732
page_index,time_cycles
0,178890
page_index,time_cycles
0,128596
page_index,time_cycles
0,134304
page_index,time_cycles
0,161046
page_index,time_cycles
0,81398
page_index,time_cycles
0,122022
page_index,time_cycles
0,138370
page_index,time_cycles
0,151150
page_index,time_cycles
0,118818
page_index,time_cycles
0,96414
page_index,time_cycles
0,115256
page_index,time_cycles
0,108628
page_index,time_cycles
0,134990
page_index,time_cycles
0,80386
page_index,time_cycles
0,136036
page_index,time_cycles
0,134852
page_index,time_cycles
0,94076
page_index,time_cycles
0,154982
page_index,time_cycles
0,105490
page_index,time_cycles
0,122744
page_index,time_cycles
0,147320
page_index,time_cycles
0,113334
page_index,time_cycles
0,132304
page_index,time_cycles
0,203096
page_index,time_cycles
0,151948
page_index,time_cycles
0,116660
page_index,time_cycles
0,107924
page_index,time_cycles
0,83612
page_index,time_cycles
0,78938
page_index,time_cycles
0,146130
page_index,time_cycles
0,142300
page_index,time_cycles
0,140006
page_index,time_cycles
0,180144
page_index,time_cycles
0,109588
page_index,time_cycles
0,126374
page_index,time_cycles
0,139398
page_index,time_cycles
0,192876
page_index,time_cycles
0,84160
page_index,time_cycles
0,144478
page_index,time_cycles
0,127666
page_index,time_cycles
0,110616
page_index,time_cycles
0,106524
page_index,time_cycles
0,127218
page_index,time_cycles
0,145312
page_index,time_cycles
0,107502
page_index,time_cycles
0,141642
page_index,time_cycles
0,124610
page_index,time_cycles
0,128520
page_index,time_cycles
0,139418
page_index,time_cycles
0,138782
page_index,time_cycles
0,130956
page_index,time_cycles
0,114670
page_index,time_cycles
0,101172
page_index,time_cycles
0,90378
page_index,time_cycles
0,167960
page_index,time_cycles
0,178032
page_index,time_cycles
0,101698
page_index,time_cycles
0,181762
page_index,time_cycles
0,112392
page_index,time_cycles
0,107950
page_index,time_cycles
0,114704
page_index,time_cycles
0,247948
page_index,time_cycles
0,93022
page_index,time_cycles
0,77180
page_index,time_cycles
0,77976
page_index,time_cycles
0,126572
page_index,time_cycles
0,139186
page_index,time_cycles
0,130522
page_index,time_cycles
0,141160
page_index,time_cycles
0,183666
page_index,time_cycles
0,152706
page_index,time_cycles
0,178102
page_index,time_cycles
0,90200
page_index,time_cycles
0,124878
page_index,time_cycles
0,176598
page_index,time_cycles
0,82560
page_index,time_cycles
0,146590
page_index,time_cycles
0,185132
page_index,time_cycles
0,82942
page_index,time_cycles
0,129076
page_index,time_cycles
0,172594
page_index,time_cycles
0,133728
page_index,time_cycles
0,213730
page_index,time_cycles
0,179228
page_index,time_cycles
0,88198
page_index,time_cycles
0,271016
page_index,time_cycles
0,124434
page_index,time_cycles
0,128734
page_index,time_cycles
0,147044
page_index,time_cycles
0,129428
page_index,time_cycles
0,128138
page_index,time_cycles
0,159432
page_index,time_cycles
0,130730
page_index,time_cycles
0,148706
page_index,time_cycles
0,129968
page_index,time_cycles
0,132816
page_index,time_cycles
0,131138
page_index,time_cycles
0,109072
page_index,time_cycles
0,86184
page_index,time_cycles
0,93394
page_index,time_cycles
0,79534
page_index,time_cycles
0,133006
page_index,time_cycles
0,82508
page_index,time_cycles
0,124566
page_index,time_cycles
0,156922
page_index,time_cycles
0,144380
page_index,time_cycles
0,126502
page_index,time_cycles
0,112748
page_index,time_cycles
0,119166
page_index,time_cycles
0,125666
page_index,time_cycles
0,118118
page_index,time_cycles
0,142156
page_index,time_cycles
0,127872
page_index,time_cycles
0,199244
page_index,time_cycles
0,98360
page_index,time_cycles
0,132816
page_index,time_cycles
0,135578
page_index,time_cycles
0,90896
page_index,time_cycles
0,255264
page_index,time_cycles
0,115088
page_index,time_cycles
0,131430
page_index,time_cycles
0,99080
page_index,time_cycles
0,103966
page_index,time_cycles
0,135312
page_index,time_cycles
0,78630
page_index,time_cycles
0,107430
page_index,time_cycles
0,142776
page_index,time_cycles
0,156292
page_index,time_cycles
0,82780
page_index,time_cycles
0,82144
page_index,time_cycles
0,163670
page_index,time_cycles
0,108750
page_index,time_cycles
0,130284
page_index,time_cycles
0,135328
page_index,time_cycles
0,113858
page_index,time_cycles
0,79086
page_index,time_cycles
0,87096
page_index,time_cycles
0,133940
page_index,time_cycles
0,107386
page_index,time_cycles
0,139016
page_index,time_cycles
0,90804
page_index,time_cycles
0,83774
page_index,time_cycles
0,79900
page_index,time_cycles
0,137864
page_index,time_cycles
0,79364
page_index,time_cycles
0,142816
page_index,time_cycles
0,138058
page_index,time_cycles
0,111418
page_index,time_cycles
0,135080
page_index,time_cycles
0,147436
page_index,time_cycles
0,177370
page_index,time_cycles
0,108512
page_index,time_cycles
0,101210
page_index,time_cycles
0,135082
page_index,time_cycles
0,133520
page_index,time_cycles
0,119750
page_index,time_cycles
0,107448
page_index,time_cycles
0,155234
page_index,time_cycles
0,140962
page_index,time_cycles
0,160424
page_index,time_cycles
0,143778
page_index,time_cycles
0,135916
page_index,time_cycles
0,79070
page_index,time_cycles
0,110438
page_index,time_cycles
0,127438
page_index,time_cycles
0,81174
page_index,time_cycles
0,109122
page_index,time_cycles
0,127168
page_index,time_cycles
0,155462
page_index,time_cycles
0,140048
page_index,time_cycles
0,104612
page_index,time_cycles
0,104074
page_index,time_cycles
0,130976
page_index,time_cycles
0,81302
page_index,time_cycles
0,203096
page_index,time_cycles
0,136764
page_index,time_cycles
0,138562
page_index,time_cycles
0,81816
page_index,time_cycles
0,194362
page_index,time_cycles
0,108496
page_index,time_cycles
0,131466
page_index,time_cycles
0,80786
page_index,time_cycles
0,149362
page_index,time_cycles
0,114610
page_index,time_cycles
0,106756
page_index,time_cycles
0,129256
page_index,time_cycles
0,123936
page_index,time_cycles
0,133244
page_index,time_cycles
0,135816
page_index,time_cycles
0,107702
page_index,time_cycles
0,94248
page_index,time_cycles
0,142628
page_index,time_cycles
0,108794
page_index,time_cycles
0,177456
page_index,time_cycles
0,86930
page_index,time_cycles
0,158190
page_index,time_cycles
0,156364
page_index,time_cycles
0,123726
page_index,time_cycles
0,148912
page_index,time_cycles
0,131564
page_index,time_cycles
0,115174
page_index,time_cycles
0,147532
page_index,time_cycles
0,197664
page_index,time_cycles
0,136058
page_index,time_cycles
0,128380
page_index,time_cycles
0,144290
page_index,time_cycles
0,129370
page_index,time_cycles
0,137296
page_index,time_cycles
0,139866
page_index,time_cycles
0,129798
page_index,time_cycles
0,126084
page_index,time_cycles
0,103212
page_index,time_cycles
0,96590
page_index,time_cycles
0,150478
page_index,time_cycles
0,154936
page_index,time_cycles
0,149924
page_index,time_cycles
0,128974
page_index,time_cycles
0,122502
page_index,time_cycles
0,79668
page_index,time_cycles
0,119700
page_index,time_cycles
0,316210
page_index,time_cycles
0,95922
page_index,time_cycles
0,258350
page_index,time_cycles
0,97640
page_index,time_cycles
0,185948
page_index,time_cycles
0,133332
page_index,time_cycles
0,139754
page_index,time_cycles
0,125636
page_index,time_cycles
0,117206
page_index,time_cycles
0,166656
page_index,time_cycles
0,91518
page_index,time_cycles
0,98044
page_index,time_cycles
0,177364
page_index,time_cycles
0,126760
page_index,time_cycles
0,168964
page_index,time_cycles
0,148874
page_index,time_cycles
0,187774
page_index,time_cycles
0,128092
page_index,time_cycles
0,187750
page_index,time_cycles
0,129260
page_index,time_cycles
0,125378
page_index,time_cycles
0,119518
page_index,time_cycles
0,133618
page_index,time_cycles
0,124602
page_index,time_cycles
0,120708
page_index,time_cycles
0,124908
page_index,time_cycles
0,130960
page_index,time_cycles
0,139870
page_index,time_cycles
0,115838
page_index,time_cycles
0,126856
page_index,time_cycles
0,174244
page_index,time_cycles
0,129776
page_index,time_cycles
0,139540
page_index,time_cycles
0,179458
page_index,time_cycles
0,129264
page_index,time_cycles
0,133588
page_index,time_cycles
0,140030
page_index,time_cycles
0,102426
page_index,time_cycles
0,130210
page_index,time_cycles
0,117800
page_index,time_cycles
0,147810
page_index,time_cycles
0,125372
page_index,time_cycles
0,129750
page_index,time_cycles
0,79514
page_index,time_cycles
0,141736
page_index,time_cycles
0,98758
page_index,time_cycles
0,119054
page_index,time_cycles
0,126016
page_index,time_cycles
0,129982
page_index,time_cycles
0,81632
page_index,time_cycles
0,139218
page_index,time_cycles
0,113846
page_index,time_cycles
0,137342
page_index,time_cycles
0,151688
page_index,time_cycles
0,130400
page_index,time_cycles
0,128942
page_index,time_cycles
0,212592
page_index,time_cycles
0,127152
page_index,time_cycles
0,147314
page_index,time_cycles
0,178996
page_index,time_cycles
0,80610
page_index,time_cycles
0,125418
page_index,time_cycles
0,128226
page_index,time_cycles
0,171978
page_index,time_cycles
0,124668
page_index,time_cycles
0,151754
page_index,time_cycles
0,131404
page_index,time_cycles
0,79626
page_index,time_cycles
0,82814
page_index,time_cycles
0,106454
page_index,time_cycles
0,99396
page_index,time_cycles
0,83164
SUMMARY,COUNT=10000,MEAN=126522.85,STD=39639.25
