page_index,time_cycles
0,1424020
page_index,time_cycles
0,1256724
page_index,time_cycles
0,1914540
page_index,time_cycles
0,424104
page_index,time_cycles
0,464822
page_index,time_cycles
0,1669960
page_index,time_cycles
0,1474966
page_index,time_cycles
0,1187710
page_index,time_cycles
0,864444
page_index,time_cycles
0,357344
page_index,time_cycles
0,1625970
page_index,time_cycles
0,299606
page_index,time_cycles
0,212822
page_index,time_cycles
0,1307952
page_index,time_cycles
0,686688
page_index,time_cycles
0,260966
page_index,time_cycles
0,1281328
page_index,time_cycles
0,1483522
page_index,time_cycles
0,1236168
page_index,time_cycles
0,1167506
page_index,time_cycles
0,996834
page_index,time_cycles
0,1121078
page_index,time_cycles
0,822026
page_index,time_cycles
0,1826272
page_index,time_cycles
0,1409004
page_index,time_cycles
0,1158208
page_index,time_cycles
0,2471762
page_index,time_cycles
0,1522514
page_index,time_cycles
0,1077054
page_index,time_cycles
0,1170306
page_index,time_cycles
0,1250814
page_index,time_cycles
0,280938
page_index,time_cycles
0,1124438
page_index,time_cycles
0,317482
page_index,time_cycles
0,1567812
page_index,time_cycles
0,1286832
page_index,time_cycles
0,841652
page_index,time_cycles
0,510436
page_index,time_cycles
0,1208586
page_index,time_cycles
0,323478
page_index,time_cycles
0,997384
page_index,time_cycles
0,1554078
page_index,time_cycles
0,1088182
page_index,time_cycles
0,713380
page_index,time_cycles
0,1607714
page_index,time_cycles
0,489464
page_index,time_cycles
0,1084522
page_index,time_cycles
0,2214346
page_index,time_cycles
0,597996
page_index,time_cycles
0,653436
page_index,time_cycles
0,278820
page_index,time_cycles
0,1207494
page_index,time_cycles
0,359408
page_index,time_cycles
0,1716846
page_index,time_cycles
0,917746
page_index,time_cycles
0,1557298
page_index,time_cycles
0,2330712
page_index,time_cycles
0,1162266
page_index,time_cycles
0,1949412
page_index,time_cycles
0,1508578
page_index,time_cycles
0,1935158
page_index,time_cycles
0,2757126
page_index,time_cycles
0,279802
page_index,time_cycles
0,637124
page_index,time_cycles
0,1461696
page_index,time_cycles
0,350920
page_index,time_cycles
0,1235704
page_index,time_cycles
0,1533672
page_index,time_cycles
0,1076858
page_index,time_cycles
0,2520700
page_index,time_cycles
0,1483352
page_index,time_cycles
0,369504
page_index,time_cycles
0,1024992
page_index,time_cycles
0,219998
page_index,time_cycles
0,936592
page_index,time_cycles
0,1738286
page_index,time_cycles
0,1147688
page_index,time_cycles
0,873886
page_index,time_cycles
0,1515816
page_index,time_cycles
0,814660
page_index,time_cycles
0,1095954
page_index,time_cycles
0,1305454
page_index,time_cycles
0,1270980
page_index,time_cycles
0,1199038
page_index,time_cycles
0,1696878
page_index,time_cycles
0,320448
page_index,time_cycles
0,1368976
page_index,time_cycles
0,640166
page_index,time_cycles
0,752968
page_index,time_cycles
0,1612994
page_index,time_cycles
0,959916
page_index,time_cycles
0,244388
page_index,time_cycles
0,1568756
page_index,time_cycles
0,2455720
page_index,time_cycles
0,278374
page_index,time_cycles
0,1591314
page_index,time_cycles
0,1271280
page_index,time_cycles
0,226240
page_index,time_cycles
0,271878
page_index,time_cycles
0,844108
page_index,time_cycles
0,632228
page_index,time_cycles
0,302598
page_index,time_cycles
0,1186230
page_index,time_cycles
0,1239662
page_index,time_cycles
0,2071932
page_index,time_cycles
0,1847350
page_index,time_cycles
0,1433506
page_index,time_cycles
0,752668
page_index,time_cycles
0,1148704
page_index,time_cycles
0,782068
page_index,time_cycles
0,1959682
page_index,time_cycles
0,2003144
page_index,time_cycles
0,1580284
page_index,time_cycles
0,1037674
page_index,time_cycles
0,1441492
page_index,time_cycles
0,312542
page_index,time_cycles
0,530720
page_index,time_cycles
0,1273740
page_index,time_cycles
0,1604162
page_index,time_cycles
0,282354
page_index,time_cycles
0,242118
page_index,time_cycles
0,222258
page_index,time_cycles
0,1686308
page_index,time_cycles
0,315250
page_index,time_cycles
0,465458
page_index,time_cycles
0,1404386
page_index,time_cycles
0,1103536
page_index,time_cycles
0,309186
page_index,time_cycles
0,369994
page_index,time_cycles
0,705130
page_index,time_cycles
0,1439556
page_index,time_cycles
0,1300476
page_index,time_cycles
0,845378
page_index,time_cycles
0,220604
page_index,time_cycles
0,897846
page_index,time_cycles
0,806576
page_index,time_cycles
0,2624332
page_index,time_cycles
0,940696
page_index,time_cycles
0,290504
page_index,time_cycles
0,836230
page_index,time_cycles
0,2852094
page_index,time_cycles
0,699178
page_index,time_cycles
0,279432
page_index,time_cycles
0,658288
page_index,time_cycles
0,1080572
page_index,time_cycles
0,1574862
page_index,time_cycles
0,1103686
page_index,time_cycles
0,1211670
page_index,time_cycles
0,1694712
page_index,time_cycles
0,215260
page_index,time_cycles
0,245256
page_index,time_cycles
0,1399582
page_index,time_cycles
0,620456
page_index,time_cycles
0,1323658
page_index,time_cycles
0,1102244
page_index,time_cycles
0,542626
page_index,time_cycles
0,999014
page_index,time_cycles
0,1323298
page_index,time_cycles
0,798938
page_index,time_cycles
0,2078116
page_index,time_cycles
0,2980162
page_index,time_cycles
0,1927032
page_index,time_cycles
0,2821856
page_index,time_cycles
0,899036
page_index,time_cycles
0,1191558
page_index,time_cycles
0,1075454
page_index,time_cycles
0,857232
page_index,time_cycles
0,867376
page_index,time_cycles
0,470510
page_index,time_cycles
0,2781666
page_index,time_cycles
0,1176532
page_index,time_cycles
0,1721840
page_index,time_cycles
0,1827768
page_index,time_cycles
0,1210312
page_index,time_cycles
0,1461736
page_index,time_cycles
0,2079480
page_index,time_cycles
0,1712240
page_index,time_cycles
0,2989852
page_index,time_cycles
0,329032
page_index,time_cycles
0,644008
page_index,time_cycles
0,1580012
page_index,time_cycles
0,723170
page_index,time_cycles
0,928200
page_index,time_cycles
0,374642
page_index,time_cycles
0,1218158
page_index,time_cycles
0,1241618
page_index,time_cycles
0,268382
page_index,time_cycles
0,2007988
page_index,time_cycles
0,1974472
page_index,time_cycles
0,1386458
page_index,time_cycles
0,989466
page_index,time_cycles
0,1198752
page_index,time_cycles
0,2171662
page_index,time_cycles
0,298884
page_index,time_cycles
0,306912
page_index,time_cycles
0,1111520
page_index,time_cycles
0,961348
page_index,time_cycles
0,1560856
page_index,time_cycles
0,2973770
page_index,time_cycles
0,1473030
page_index,time_cycles
0,1027682
page_index,time_cycles
0,977014
page_index,time_cycles
0,1768098
page_index,time_cycles
0,1592424
page_index,time_cycles
0,382550
page_index,time_cycles
0,653622
page_index,time_cycles
0,1445060
page_index,time_cycles
0,1558822
page_index,time_cycles
0,1400754
page_index,time_cycles
0,1851708
page_index,time_cycles
0,1490964
page_index,time_cycles
0,1603388
page_index,time_cycles
0,1475480
page_index,time_cycles
0,1599038
page_index,time_cycles
0,3251914
page_index,time_cycles
0,1072734
page_index,time_cycles
0,526060
page_index,time_cycles
0,1676344
page_index,time_cycles
0,1228564
page_index,time_cycles
0,1572846
page_index,time_cycles
0,1156634
page_index,time_cycles
0,2342608
page_index,time_cycles
0,655820
page_index,time_cycles
0,611566
page_index,time_cycles
0,658884
page_index,time_cycles
0,397438
page_index,time_cycles
0,1757012
page_index,time_cycles
0,1814178
page_index,time_cycles
0,1376330
page_index,time_cycles
0,271584
page_index,time_cycles
0,1465856
page_index,time_cycles
0,1347476
page_index,time_cycles
0,348148
page_index,time_cycles
0,1174316
page_index,time_cycles
0,1581246
page_index,time_cycles
0,329620
page_index,time_cycles
0,912512
page_index,time_cycles
0,965040
page_index,time_cycles
0,1363766
page_index,time_cycles
0,2960770
page_index,time_cycles
0,276216
page_index,time_cycles
0,1775272
page_index,time_cycles
0,279916
page_index,time_cycles
0,393564
page_index,time_cycles
0,431794
page_index,time_cycles
0,1031512
page_index,time_cycles
0,279426
page_index,time_cycles
0,315548
page_index,time_cycles
0,1683418
page_index,time_cycles
0,713224
page_index,time_cycles
0,1107722
page_index,time_cycles
0,330442
page_index,time_cycles
0,875776
page_index,time_cycles
0,1220308
page_index,time_cycles
0,1182680
page_index,time_cycles
0,1385582
page_index,time_cycles
0,1600586
page_index,time_cycles
0,2060170
page_index,time_cycles
0,227364
page_index,time_cycles
0,1328344
page_index,time_cycles
0,1487860
page_index,time_cycles
0,1021870
page_index,time_cycles
0,4121568
page_index,time_cycles
0,1304508
page_index,time_cycles
0,1358424
page_index,time_cycles
0,269118
page_index,time_cycles
0,274870
page_index,time_cycles
0,1155066
page_index,time_cycles
0,686128
page_index,time_cycles
0,849686
page_index,time_cycles
0,863976
page_index,time_cycles
0,1703870
page_index,time_cycles
0,1195060
page_index,time_cycles
0,1269546
page_index,time_cycles
0,1118602
page_index,time_cycles
0,1341822
page_index,time_cycles
0,1609008
page_index,time_cycles
0,710634
page_index,time_cycles
0,263710
page_index,time_cycles
0,1050978
page_index,time_cycles
0,696342
page_index,time_cycles
0,486308
page_index,time_cycles
0,1885126
page_index,time_cycles
0,1396310
page_index,time_cycles
0,278278
page_index,time_cycles
0,1369614
page_index,time_cycles
0,1943414
page_index,time_cycles
0,1689284
page_index,time_cycles
0,1018160
page_index,time_cycles
0,932616
page_index,time_cycles
0,1143124
page_index,time_cycles
0,315112
page_index,time_cycles
0,1106420
page_index,time_cycles
0,1297116
page_index,time_cycles
0,1275650
page_index,time_cycles
0,1704822
page_index,time_cycles
0,1482322
page_index,time_cycles
0,428920
page_index,time_cycles
0,1812838
page_index,time_cycles
0,1249378
page_index,time_cycles
0,1073804
page_index,time_cycles
0,593556
page_index,time_cycles
0,409806
page_index,time_cycles
0,1356710
page_index,time_cycles
0,938248
page_index,time_cycles
0,1296956
page_index,time_cycles
0,1294476
page_index,time_cycles
0,1265764
page_index,time_cycles
0,640290
page_index,time_cycles
0,1206920
page_index,time_cycles
0,1404090
page_index,time_cycles
0,1380042
page_index,time_cycles
0,860702
page_index,time_cycles
0,1675918
page_index,time_cycles
0,2499680
page_index,time_cycles
0,1226524
page_index,time_cycles
0,1213536
page_index,time_cycles
0,1476208
page_index,time_cycles
0,277232
page_index,time_cycles
0,1469030
page_index,time_cycles
0,338638
page_index,time_cycles
0,1333550
page_index,time_cycles
0,1931972
page_index,time_cycles
0,1405506
page_index,time_cycles
0,1553694
page_index,time_cycles
0,1234162
page_index,time_cycles
0,1011884
page_index,time_cycles
0,1310426
page_index,time_cycles
0,930928
page_index,time_cycles
0,1623092
page_index,time_cycles
0,982152
page_index,time_cycles
0,318740
page_index,time_cycles
0,1656940
page_index,time_cycles
0,1544174
page_index,time_cycles
0,2580808
page_index,time_cycles
0,534614
page_index,time_cycles
0,406656
page_index,time_cycles
0,717650
page_index,time_cycles
0,1869576
page_index,time_cycles
0,812638
page_index,time_cycles
0,1669648
page_index,time_cycles
0,1290920
page_index,time_cycles
0,1011548
page_index,time_cycles
0,1714792
page_index,time_cycles
0,1470044
page_index,time_cycles
0,1479102
page_index,time_cycles
0,274144
page_index,time_cycles
0,1189836
page_index,time_cycles
0,1342882
page_index,time_cycles
0,823968
page_index,time_cycles
0,744962
page_index,time_cycles
0,813464
page_index,time_cycles
0,303846
page_index,time_cycles
0,1708634
page_index,time_cycles
0,581600
page_index,time_cycles
0,1992874
page_index,time_cycles
0,774728
page_index,time_cycles
0,1072612
page_index,time_cycles
0,1033426
page_index,time_cycles
0,1603686
page_index,time_cycles
0,1125528
page_index,time_cycles
0,223082
page_index,time_cycles
0,1531320
page_index,time_cycles
0,547332
page_index,time_cycles
0,2103154
page_index,time_cycles
0,498182
page_index,time_cycles
0,1171506
page_index,time_cycles
0,609270
page_index,time_cycles
0,1057544
page_index,time_cycles
0,1885152
page_index,time_cycles
0,527852
page_index,time_cycles
0,1739424
page_index,time_cycles
0,3051420
page_index,time_cycles
0,720750
page_index,time_cycles
0,1831032
page_index,time_cycles
0,1063880
page_index,time_cycles
0,425424
page_index,time_cycles
0,1117312
page_index,time_cycles
0,1035614
page_index,time_cycles
0,1024260
page_index,time_cycles
0,433502
page_index,time_cycles
0,1377944
page_index,time_cycles
0,828484
page_index,time_cycles
0,1248350
page_index,time_cycles
0,792522
page_index,time_cycles
0,433734
page_index,time_cycles
0,1137296
page_index,time_cycles
0,1316950
page_index,time_cycles
0,491072
page_index,time_cycles
0,998312
page_index,time_cycles
0,1082688
page_index,time_cycles
0,1240286
page_index,time_cycles
0,1186288
page_index,time_cycles
0,1529616
page_index,time_cycles
0,872986
page_index,time_cycles
0,623070
page_index,time_cycles
0,1313542
page_index,time_cycles
0,1174738
page_index,time_cycles
0,2250460
page_index,time_cycles
0,1382468
page_index,time_cycles
0,813156
page_index,time_cycles
0,1304246
page_index,time_cycles
0,384462
page_index,time_cycles
0,761878
page_index,time_cycles
0,752756
page_index,time_cycles
0,614496
page_index,time_cycles
0,1475064
page_index,time_cycles
0,2763444
page_index,time_cycles
0,547806
page_index,time_cycles
0,1138344
page_index,time_cycles
0,930726
page_index,time_cycles
0,1309756
page_index,time_cycles
0,1035282
page_index,time_cycles
0,1447064
page_index,time_cycles
0,807324
page_index,time_cycles
0,1183224
page_index,time_cycles
0,1378532
page_index,time_cycles
0,1693060
page_index,time_cycles
0,566134
page_index,time_cycles
0,296196
page_index,time_cycles
0,291682
page_index,time_cycles
0,1734276
page_index,time_cycles
0,1694260
page_index,time_cycles
0,1114952
page_index,time_cycles
0,2000442
page_index,time_cycles
0,357192
page_index,time_cycles
0,1399298
page_index,time_cycles
0,1257728
page_index,time_cycles
0,1540694
page_index,time_cycles
0,657224
page_index,time_cycles
0,1617842
page_index,time_cycles
0,826282
page_index,time_cycles
0,1645382
page_index,time_cycles
0,691036
page_index,time_cycles
0,287672
page_index,time_cycles
0,408048
page_index,time_cycles
0,431166
page_index,time_cycles
0,1368150
page_index,time_cycles
0,367002
page_index,time_cycles
0,1933444
page_index,time_cycles
0,1214512
page_index,time_cycles
0,278438
page_index,time_cycles
0,1711898
page_index,time_cycles
0,349670
page_index,time_cycles
0,271334
page_index,time_cycles
0,423616
page_index,time_cycles
0,1582430
page_index,time_cycles
0,919106
page_index,time_cycles
0,1346524
page_index,time_cycles
0,348236
page_index,time_cycles
0,1415910
page_index,time_cycles
0,276614
page_index,time_cycles
0,1654674
page_index,time_cycles
0,1327270
page_index,time_cycles
0,797030
page_index,time_cycles
0,715688
page_index,time_cycles
0,1472538
page_index,time_cycles
0,237782
page_index,time_cycles
0,1570178
page_index,time_cycles
0,1659610
page_index,time_cycles
0,1802144
page_index,time_cycles
0,1171612
page_index,time_cycles
0,1123934
page_index,time_cycles
0,732080
page_index,time_cycles
0,300648
page_index,time_cycles
0,1356176
page_index,time_cycles
0,1162702
page_index,time_cycles
0,1137248
page_index,time_cycles
0,312166
page_index,time_cycles
0,809456
page_index,time_cycles
0,1153426
page_index,time_cycles
0,1902628
page_index,time_cycles
0,1624356
page_index,time_cycles
0,1199892
page_index,time_cycles
0,967914
page_index,time_cycles
0,950980
page_index,time_cycles
0,1383284
page_index,time_cycles
0,602066
page_index,time_cycles
0,1034442
page_index,time_cycles
0,952780
page_index,time_cycles
0,3289464
page_index,time_cycles
0,1489786
page_index,time_cycles
0,563070
page_index,time_cycles
0,1431304
page_index,time_cycles
0,1045570
page_index,time_cycles
0,1954680
page_index,time_cycles
0,643844
page_index,time_cycles
0,1185480
page_index,time_cycles
0,2043474
page_index,time_cycles
0,1130302
page_index,time_cycles
0,1030990
page_index,time_cycles
0,1010674
page_index,time_cycles
0,1128022
page_index,time_cycles
0,900892
page_index,time_cycles
0,3327792
page_index,time_cycles
0,1142804
page_index,time_cycles
0,1928534
page_index,time_cycles
0,1782890
page_index,time_cycles
0,284510
page_index,time_cycles
0,252160
page_index,time_cycles
0,2105198
page_index,time_cycles
0,1512574
page_index,time_cycles
0,1076448
page_index,time_cycles
0,257684
page_index,time_cycles
0,1947918
page_index,time_cycles
0,1526238
page_index,time_cycles
0,784624
page_index,time_cycles
0,1825920
page_index,time_cycles
0,288814
page_index,time_cycles
0,1658696
page_index,time_cycles
0,1346564
page_index,time_cycles
0,1079124
page_index,time_cycles
0,592114
page_index,time_cycles
0,993096
page_index,time_cycles
0,325094
page_index,time_cycles
0,282054
page_index,time_cycles
0,333126
page_index,time_cycles
0,1357928
page_index,time_cycles
0,1435920
page_index,time_cycles
0,966554
page_index,time_cycles
0,783774
page_index,time_cycles
0,1745780
page_index,time_cycles
0,2065714
page_index,time_cycles
0,484002
page_index,time_cycles
0,371616
page_index,time_cycles
0,2724970
page_index,time_cycles
0,1008530
page_index,time_cycles
0,1899036
page_index,time_cycles
0,227798
page_index,time_cycles
0,1749300
page_index,time_cycles
0,1984572
page_index,time_cycles
0,1310154
page_index,time_cycles
0,1674404
page_index,time_cycles
0,1315964
page_index,time_cycles
0,1381574
page_index,time_cycles
0,595558
page_index,time_cycles
0,1057596
page_index,time_cycles
0,1341604
page_index,time_cycles
0,1140798
page_index,time_cycles
0,1404488
page_index,time_cycles
0,793914
page_index,time_cycles
0,258620
page_index,time_cycles
0,306514
page_index,time_cycles
0,2028626
page_index,time_cycles
0,281220
page_index,time_cycles
0,826318
page_index,time_cycles
0,1044582
page_index,time_cycles
0,2387828
page_index,time_cycles
0,1075608
page_index,time_cycles
0,309262
page_index,time_cycles
0,1685000
page_index,time_cycles
0,1214508
page_index,time_cycles
0,1319040
page_index,time_cycles
0,1374080
page_index,time_cycles
0,260586
page_index,time_cycles
0,1375970
page_index,time_cycles
0,1486058
page_index,time_cycles
0,929638
page_index,time_cycles
0,1099780
page_index,time_cycles
0,1252164
page_index,time_cycles
0,1703226
page_index,time_cycles
0,1852712
page_index,time_cycles
0,2472936
page_index,time_cycles
0,1807078
page_index,time_cycles
0,1325796
page_index,time_cycles
0,1208430
page_index,time_cycles
0,1382794
page_index,time_cycles
0,535520
page_index,time_cycles
0,384946
page_index,time_cycles
0,832942
page_index,time_cycles
0,718836
page_index,time_cycles
0,849602
page_index,time_cycles
0,1378882
page_index,time_cycles
0,1482192
page_index,time_cycles
0,1811574
page_index,time_cycles
0,2590502
page_index,time_cycles
0,1370016
page_index,time_cycles
0,1414352
page_index,time_cycles
0,1250982
page_index,time_cycles
0,1042870
page_index,time_cycles
0,1380708
page_index,time_cycles
0,1718594
page_index,time_cycles
0,1206478
page_index,time_cycles
0,951548
page_index,time_cycles
0,253528
page_index,time_cycles
0,1151112
page_index,time_cycles
0,3075066
page_index,time_cycles
0,2167790
page_index,time_cycles
0,1277598
page_index,time_cycles
0,315570
page_index,time_cycles
0,1865058
page_index,time_cycles
0,1357962
page_index,time_cycles
0,2235544
page_index,time_cycles
0,1314778
page_index,time_cycles
0,325228
page_index,time_cycles
0,1434196
page_index,time_cycles
0,755696
page_index,time_cycles
0,1605142
page_index,time_cycles
0,1397824
page_index,time_cycles
0,285974
page_index,time_cycles
0,1997734
page_index,time_cycles
0,272830
page_index,time_cycles
0,245406
page_index,time_cycles
0,264030
page_index,time_cycles
0,1124680
page_index,time_cycles
0,330384
page_index,time_cycles
0,1203498
page_index,time_cycles
0,1897554
page_index,time_cycles
0,328542
page_index,time_cycles
0,1931336
page_index,time_cycles
0,1353174
page_index,time_cycles
0,301424
page_index,time_cycles
0,951172
page_index,time_cycles
0,2155292
page_index,time_cycles
0,639036
page_index,time_cycles
0,971596
page_index,time_cycles
0,1888506
page_index,time_cycles
0,1763816
page_index,time_cycles
0,1877164
page_index,time_cycles
0,1246416
page_index,time_cycles
0,1529202
page_index,time_cycles
0,1675336
page_index,time_cycles
0,1553704
page_index,time_cycles
0,1581422
page_index,time_cycles
0,1967230
page_index,time_cycles
0,620070
page_index,time_cycles
0,1705282
page_index,time_cycles
0,1435680
page_index,time_cycles
0,1806288
page_index,time_cycles
0,1981722
page_index,time_cycles
0,1144304
page_index,time_cycles
0,1865518
page_index,time_cycles
0,2111850
page_index,time_cycles
0,1001408
page_index,time_cycles
0,3711268
page_index,time_cycles
0,1254896
page_index,time_cycles
0,277974
page_index,time_cycles
0,232182
page_index,time_cycles
0,1889692
page_index,time_cycles
0,1226646
page_index,time_cycles
0,1448920
page_index,time_cycles
0,1616938
page_index,time_cycles
0,280090
page_index,time_cycles
0,310338
page_index,time_cycles
0,300440
page_index,time_cycles
0,1846060
page_index,time_cycles
0,1175766
page_index,time_cycles
0,690906
page_index,time_cycles
0,1331804
page_index,time_cycles
0,206950
page_index,time_cycles
0,956996
page_index,time_cycles
0,1638968
page_index,time_cycles
0,1286084
page_index,time_cycles
0,788912
page_index,time_cycles
0,1265846
page_index,time_cycles
0,1151020
page_index,time_cycles
0,489084
page_index,time_cycles
0,2760564
page_index,time_cycles
0,931460
page_index,time_cycles
0,556488
page_index,time_cycles
0,334690
page_index,time_cycles
0,314170
page_index,time_cycles
0,1984538
page_index,time_cycles
0,836674
page_index,time_cycles
0,800016
page_index,time_cycles
0,1184430
page_index,time_cycles
0,1628574
page_index,time_cycles
0,309916
page_index,time_cycles
0,277864
page_index,time_cycles
0,1341578
page_index,time_cycles
0,1687162
page_index,time_cycles
0,833386
page_index,time_cycles
0,283388
page_index,time_cycles
0,1129078
page_index,time_cycles
0,1222362
page_index,time_cycles
0,1067086
page_index,time_cycles
0,195920
page_index,time_cycles
0,897444
page_index,time_cycles
0,806860
page_index,time_cycles
0,298128
page_index,time_cycles
0,1179934
page_index,time_cycles
0,792050
page_index,time_cycles
0,1225188
page_index,time_cycles
0,1906026
page_index,time_cycles
0,1476588
page_index,time_cycles
0,1004240
page_index,time_cycles
0,232918
page_index,time_cycles
0,1718768
page_index,time_cycles
0,848082
page_index,time_cycles
0,1257292
page_index,time_cycles
0,2446446
page_index,time_cycles
0,1699574
page_index,time_cycles
0,348310
page_index,time_cycles
0,342466
page_index,time_cycles
0,984102
page_index,time_cycles
0,1110902
page_index,time_cycles
0,960752
page_index,time_cycles
0,1801866
page_index,time_cycles
0,2037974
page_index,time_cycles
0,1106406
page_index,time_cycles
0,1287020
page_index,time_cycles
0,2445968
page_index,time_cycles
0,262842
page_index,time_cycles
0,1151852
page_index,time_cycles
0,1065374
page_index,time_cycles
0,1556468
page_index,time_cycles
0,1755674
page_index,time_cycles
0,1426110
page_index,time_cycles
0,899796
page_index,time_cycles
0,1536206
page_index,time_cycles
0,1353666
page_index,time_cycles
0,524352
page_index,time_cycles
0,1463048
page_index,time_cycles
0,1349946
page_index,time_cycles
0,1935420
page_index,time_cycles
0,829526
page_index,time_cycles
0,1177074
page_index,time_cycles
0,1262492
page_index,time_cycles
0,1273116
page_index,time_cycles
0,222924
page_index,time_cycles
0,979514
page_index,time_cycles
0,1094544
page_index,time_cycles
0,1194828
page_index,time_cycles
0,1130004
page_index,time_cycles
0,1552930
page_index,time_cycles
0,340894
page_index,time_cycles
0,668546
page_index,time_cycles
0,1287288
page_index,time_cycles
0,2687692
page_index,time_cycles
0,1476450
page_index,time_cycles
0,929994
page_index,time_cycles
0,2122722
page_index,time_cycles
0,1509730
page_index,time_cycles
0,925802
page_index,time_cycles
0,424560
page_index,time_cycles
0,268780
page_index,time_cycles
0,785594
page_index,time_cycles
0,1432774
page_index,time_cycles
0,1248592
page_index,time_cycles
0,1771056
page_index,time_cycles
0,278624
page_index,time_cycles
0,1175022
page_index,time_cycles
0,1429708
page_index,time_cycles
0,1339234
page_index,time_cycles
0,772244
page_index,time_cycles
0,1610682
page_index,time_cycles
0,1863674
page_index,time_cycles
0,662600
page_index,time_cycles
0,849292
page_index,time_cycles
0,1602428
page_index,time_cycles
0,963996
page_index,time_cycles
0,2689074
page_index,time_cycles
0,1566284
page_index,time_cycles
0,2134248
page_index,time_cycles
0,1398918
page_index,time_cycles
0,1027780
page_index,time_cycles
0,580574
page_index,time_cycles
0,1670672
page_index,time_cycles
0,277048
page_index,time_cycles
0,724006
page_index,time_cycles
0,198242
page_index,time_cycles
0,1758274
page_index,time_cycles
0,1486398
page_index,time_cycles
0,1352174
page_index,time_cycles
0,2359852
page_index,time_cycles
0,932154
page_index,time_cycles
0,1214426
page_index,time_cycles
0,962116
page_index,time_cycles
0,804298
page_index,time_cycles
0,301118
page_index,time_cycles
0,2056288
page_index,time_cycles
0,2908644
page_index,time_cycles
0,685374
page_index,time_cycles
0,809788
page_index,time_cycles
0,270436
page_index,time_cycles
0,568466
page_index,time_cycles
0,266868
page_index,time_cycles
0,717164
page_index,time_cycles
0,1927728
page_index,time_cycles
0,1244570
page_index,time_cycles
0,259216
page_index,time_cycles
0,764242
page_index,time_cycles
0,1190622
page_index,time_cycles
0,1907864
page_index,time_cycles
0,283158
page_index,time_cycles
0,541320
page_index,time_cycles
0,1319234
page_index,time_cycles
0,1175044
page_index,time_cycles
0,1789976
page_index,time_cycles
0,276530
page_index,time_cycles
0,358292
page_index,time_cycles
0,492490
page_index,time_cycles
0,1344438
page_index,time_cycles
0,273602
page_index,time_cycles
0,697104
page_index,time_cycles
0,1380342
page_index,time_cycles
0,275380
page_index,time_cycles
0,1268190
page_index,time_cycles
0,620790
page_index,time_cycles
0,285750
page_index,time_cycles
0,1401338
page_index,time_cycles
0,1541882
page_index,time_cycles
0,228606
page_index,time_cycles
0,1674572
page_index,time_cycles
0,1317490
page_index,time_cycles
0,974834
page_index,time_cycles
0,1606324
page_index,time_cycles
0,295386
page_index,time_cycles
0,1394294
page_index,time_cycles
0,1054240
page_index,time_cycles
0,2374510
page_index,time_cycles
0,1196734
page_index,time_cycles
0,1446520
page_index,time_cycles
0,1711294
page_index,time_cycles
0,298138
page_index,time_cycles
0,274342
page_index,time_cycles
0,1471756
page_index,time_cycles
0,1288886
page_index,time_cycles
0,1304062
page_index,time_cycles
0,1440554
page_index,time_cycles
0,786392
page_index,time_cycles
0,1143610
page_index,time_cycles
0,1888460
page_index,time_cycles
0,1326504
page_index,time_cycles
0,2534620
page_index,time_cycles
0,274418
page_index,time_cycles
0,1721722
page_index,time_cycles
0,1118184
page_index,time_cycles
0,1832714
page_index,time_cycles
0,761008
page_index,time_cycles
0,388472
page_index,time_cycles
0,1750764
page_index,time_cycles
0,697700
page_index,time_cycles
0,1751572
page_index,time_cycles
0,1019432
page_index,time_cycles
0,758556
page_index,time_cycles
0,1738462
page_index,time_cycles
0,1069886
page_index,time_cycles
0,2099010
page_index,time_cycles
0,270928
page_index,time_cycles
0,278232
page_index,time_cycles
0,2049722
page_index,time_cycles
0,277122
page_index,time_cycles
0,1687860
page_index,time_cycles
0,476000
page_index,time_cycles
0,901266
page_index,time_cycles
0,364130
page_index,time_cycles
0,2245610
page_index,time_cycles
0,2027780
page_index,time_cycles
0,1171346
page_index,time_cycles
0,1608884
page_index,time_cycles
0,1663788
page_index,time_cycles
0,965552
page_index,time_cycles
0,1204594
page_index,time_cycles
0,1048156
page_index,time_cycles
0,1399432
page_index,time_cycles
0,1909186
page_index,time_cycles
0,950926
page_index,time_cycles
0,2158926
page_index,time_cycles
0,1353244
page_index,time_cycles
0,1448314
page_index,time_cycles
0,1264632
page_index,time_cycles
0,274928
page_index,time_cycles
0,1503122
page_index,time_cycles
0,1503782
page_index,time_cycles
0,1515626
page_index,time_cycles
0,563652
page_index,time_cycles
0,271776
page_index,time_cycles
0,1943560
page_index,time_cycles
0,3522592
page_index,time_cycles
0,2584628
page_index,time_cycles
0,1969802
page_index,time_cycles
0,274596
page_index,time_cycles
0,756790
page_index,time_cycles
0,1045772
page_index,time_cycles
0,1630496
page_index,time_cycles
0,1469316
page_index,time_cycles
0,973180
page_index,time_cycles
0,1791008
page_index,time_cycles
0,918358
page_index,time_cycles
0,1533842
page_index,time_cycles
0,2420406
page_index,time_cycles
0,2263682
page_index,time_cycles
0,2183200
page_index,time_cycles
0,716698
page_index,time_cycles
0,1271658
page_index,time_cycles
0,230266
page_index,time_cycles
0,2447452
page_index,time_cycles
0,1631748
page_index,time_cycles
0,1358362
page_index,time_cycles
0,1315904
page_index,time_cycles
0,285258
page_index,time_cycles
0,1375032
page_index,time_cycles
0,853544
page_index,time_cycles
0,437942
page_index,time_cycles
0,257186
page_index,time_cycles
0,568348
page_index,time_cycles
0,1326838
page_index,time_cycles
0,268282
page_index,time_cycles
0,1705568
page_index,time_cycles
0,638938
page_index,time_cycles
0,1191744
page_index,time_cycles
0,1952246
page_index,time_cycles
0,598782
page_index,time_cycles
0,1561576
page_index,time_cycles
0,874730
page_index,time_cycles
0,3021106
page_index,time_cycles
0,608854
page_index,time_cycles
0,792780
page_index,time_cycles
0,1403624
page_index,time_cycles
0,664956
page_index,time_cycles
0,1113790
page_index,time_cycles
0,443138
page_index,time_cycles
0,227410
page_index,time_cycles
0,1221036
page_index,time_cycles
0,1496272
page_index,time_cycles
0,2077316
page_index,time_cycles
0,292404
page_index,time_cycles
0,1067474
page_index,time_cycles
0,200052
page_index,time_cycles
0,1603992
page_index,time_cycles
0,816958
page_index,time_cycles
0,1215426
page_index,time_cycles
0,283572
page_index,time_cycles
0,2246028
page_index,time_cycles
0,1149012
page_index,time_cycles
0,1140712
page_index,time_cycles
0,1040230
page_index,time_cycles
0,415630
page_index,time_cycles
0,765500
page_index,time_cycles
0,2514430
page_index,time_cycles
0,911008
page_index,time_cycles
0,1887618
page_index,time_cycles
0,255116
page_index,time_cycles
0,278480
page_index,time_cycles
0,1171732
page_index,time_cycles
0,256876
page_index,time_cycles
0,1464262
page_index,time_cycles
0,1746090
page_index,time_cycles
0,1221506
page_index,time_cycles
0,1143676
page_index,time_cycles
0,2629616
page_index,time_cycles
0,1718498
page_index,time_cycles
0,1568488
page_index,time_cycles
0,1284752
page_index,time_cycles
0,1091110
page_index,time_cycles
0,1374016
page_index,time_cycles
0,1545900
page_index,time_cycles
0,585216
page_index,time_cycles
0,1794408
page_index,time_cycles
0,278442
page_index,time_cycles
0,283798
page_index,time_cycles
0,1256480
page_index,time_cycles
0,1718946
page_index,time_cycles
0,303684
page_index,time_cycles
0,2138238
page_index,time_cycles
0,1457828
page_index,time_cycles
0,272818
page_index,time_cycles
0,273996
page_index,time_cycles
0,1391074
page_index,time_cycles
0,1685182
page_index,time_cycles
0,866172
page_index,time_cycles
0,1779914
page_index,time_cycles
0,272746
page_index,time_cycles
0,285320
page_index,time_cycles
0,1249898
page_index,time_cycles
0,631090
page_index,time_cycles
0,1269072
page_index,time_cycles
0,966148
page_index,time_cycles
0,2559104
page_index,time_cycles
0,1226460
page_index,time_cycles
0,267926
page_index,time_cycles
0,1105086
page_index,time_cycles
0,1646414
page_index,time_cycles
0,514090
page_index,time_cycles
0,1052474
page_index,time_cycles
0,1827268
page_index,time_cycles
0,2335804
page_index,time_cycles
0,1037044
page_index,time_cycles
0,272506
page_index,time_cycles
0,913458
page_index,time_cycles
0,1046494
page_index,time_cycles
0,278448
page_index,time_cycles
0,1443456
page_index,time_cycles
0,451080
page_index,time_cycles
0,275300
page_index,time_cycles
0,1107586
page_index,time_cycles
0,713600
page_index,time_cycles
0,494358
page_index,time_cycles
0,1504910
page_index,time_cycles
0,1733996
page_index,time_cycles
0,569956
page_index,time_cycles
0,1074700
page_index,time_cycles
0,1121574
page_index,time_cycles
0,1468990
page_index,time_cycles
0,803950
page_index,time_cycles
0,1365014
page_index,time_cycles
0,1094370
page_index,time_cycles
0,783364
page_index,time_cycles
0,1657132
page_index,time_cycles
0,1122170
page_index,time_cycles
0,2909184
page_index,time_cycles
0,286468
page_index,time_cycles
0,1758006
page_index,time_cycles
0,1546376
page_index,time_cycles
0,708904
page_index,time_cycles
0,1154848
page_index,time_cycles
0,1534540
page_index,time_cycles
0,1780360
page_index,time_cycles
0,737226
page_index,time_cycles
0,954680
page_index,time_cycles
0,1809480
page_index,time_cycles
0,3847608
page_index,time_cycles
0,1207884
page_index,time_cycles
0,1335820
page_index,time_cycles
0,1626564
page_index,time_cycles
0,404906
page_index,time_cycles
0,1518338
page_index,time_cycles
0,1594344
page_index,time_cycles
0,410116
page_index,time_cycles
0,1141170
page_index,time_cycles
0,1598364
page_index,time_cycles
0,2525800
page_index,time_cycles
0,2425814
page_index,time_cycles
0,1739418
page_index,time_cycles
0,759494
page_index,time_cycles
0,1915486
page_index,time_cycles
0,2968476
page_index,time_cycles
0,605484
page_index,time_cycles
0,882004
page_index,time_cycles
0,1710092
page_index,time_cycles
0,1729982
page_index,time_cycles
0,1182856
page_index,time_cycles
0,1328836
page_index,time_cycles
0,1254508
page_index,time_cycles
0,1137344
page_index,time_cycles
0,1066788
page_index,time_cycles
0,1318620
page_index,time_cycles
0,1082228
page_index,time_cycles
0,1032226
page_index,time_cycles
0,1365836
page_index,time_cycles
0,2472064
page_index,time_cycles
0,1996496
page_index,time_cycles
0,274082
page_index,time_cycles
0,846328
page_index,time_cycles
0,1075790
page_index,time_cycles
0,1043772
page_index,time_cycles
0,1297082
page_index,time_cycles
0,716148
page_index,time_cycles
0,1838982
page_index,time_cycles
0,200284
page_index,time_cycles
0,971920
page_index,time_cycles
0,288932
page_index,time_cycles
0,1871546
page_index,time_cycles
0,311272
page_index,time_cycles
0,1218446
page_index,time_cycles
0,735786
page_index,time_cycles
0,628984
page_index,time_cycles
0,310428
page_index,time_cycles
0,386176
page_index,time_cycles
0,988372
page_index,time_cycles
0,225456
page_index,time_cycles
0,2953752
page_index,time_cycles
0,1038848
page_index,time_cycles
0,1113644
page_index,time_cycles
0,1043406
page_index,time_cycles
0,664194
page_index,time_cycles
0,1104124
page_index,time_cycles
0,358738
page_index,time_cycles
0,352810
page_index,time_cycles
0,1679306
page_index,time_cycles
0,343140
page_index,time_cycles
0,1118254
page_index,time_cycles
0,1324290
page_index,time_cycles
0,1247206
page_index,time_cycles
0,1618372
page_index,time_cycles
0,960912
page_index,time_cycles
0,1294352
page_index,time_cycles
0,277870
page_index,time_cycles
0,1637308
page_index,time_cycles
0,214724
page_index,time_cycles
0,1477124
page_index,time_cycles
0,657696
page_index,time_cycles
0,277222
page_index,time_cycles
0,2856342
page_index,time_cycles
0,654830
page_index,time_cycles
0,1009866
page_index,time_cycles
0,2366870
page_index,time_cycles
0,1177436
page_index,time_cycles
0,1040168
page_index,time_cycles
0,369280
page_index,time_cycles
0,1990706
page_index,time_cycles
0,1896094
page_index,time_cycles
0,1199960
page_index,time_cycles
0,914822
page_index,time_cycles
0,1661134
page_index,time_cycles
0,1324884
page_index,time_cycles
0,2578520
page_index,time_cycles
0,324212
page_index,time_cycles
0,1664404
page_index,time_cycles
0,305094
page_index,time_cycles
0,2096260
page_index,time_cycles
0,1432322
page_index,time_cycles
0,2633064
page_index,time_cycles
0,414208
page_index,time_cycles
0,2735004
page_index,time_cycles
0,1201042
page_index,time_cycles
0,1414366
page_index,time_cycles
0,1096738
page_index,time_cycles
0,1291578
page_index,time_cycles
0,1376256
page_index,time_cycles
0,1485496
page_index,time_cycles
0,1901330
page_index,time_cycles
0,326220
page_index,time_cycles
0,312650
page_index,time_cycles
0,315888
page_index,time_cycles
0,2050810
page_index,time_cycles
0,2747200
page_index,time_cycles
0,1466334
page_index,time_cycles
0,1222412
page_index,time_cycles
0,1235942
page_index,time_cycles
0,1115048
page_index,time_cycles
0,2575222
page_index,time_cycles
0,2747090
page_index,time_cycles
0,748724
page_index,time_cycles
0,1697280
page_index,time_cycles
0,1191358
page_index,time_cycles
0,1142306
page_index,time_cycles
0,274416
page_index,time_cycles
0,976572
page_index,time_cycles
0,1120970
page_index,time_cycles
0,1216796
page_index,time_cycles
0,1312502
page_index,time_cycles
0,1617470
page_index,time_cycles
0,532228
page_index,time_cycles
0,1189348
page_index,time_cycles
0,627522
page_index,time_cycles
0,1461136
page_index,time_cycles
0,568700
page_index,time_cycles
0,1177092
page_index,time_cycles
0,1236890
page_index,time_cycles
0,1287306
page_index,time_cycles
0,1083826
page_index,time_cycles
0,1673248
page_index,time_cycles
0,1844638
page_index,time_cycles
0,1321138
page_index,time_cycles
0,592378
page_index,time_cycles
0,1404566
page_index,time_cycles
0,1062432
page_index,time_cycles
0,628802
page_index,time_cycles
0,1345130
page_index,time_cycles
0,430492
page_index,time_cycles
0,405824
page_index,time_cycles
0,968734
page_index,time_cycles
0,824754
page_index,time_cycles
0,1013424
page_index,time_cycles
0,559356
page_index,time_cycles
0,421952
page_index,time_cycles
0,1061098
page_index,time_cycles
0,856006
page_index,time_cycles
0,1238426
page_index,time_cycles
0,1122432
page_index,time_cycles
0,1613992
page_index,time_cycles
0,1673008
page_index,time_cycles
0,1299726
page_index,time_cycles
0,1034108
page_index,time_cycles
0,318958
page_index,time_cycles
0,618140
page_index,time_cycles
0,1772556
page_index,time_cycles
0,291662
page_index,time_cycles
0,426880
page_index,time_cycles
0,2160858
page_index,time_cycles
0,488292
page_index,time_cycles
0,304746
page_index,time_cycles
0,1364850
page_index,time_cycles
0,1253094
page_index,time_cycles
0,1354828
page_index,time_cycles
0,277980
page_index,time_cycles
0,882198
page_index,time_cycles
0,881976
page_index,time_cycles
0,701670
page_index,time_cycles
0,239494
page_index,time_cycles
0,915364
page_index,time_cycles
0,1441316
page_index,time_cycles
0,275358
page_index,time_cycles
0,971796
page_index,time_cycles
0,1311084
page_index,time_cycles
0,1356770
page_index,time_cycles
0,294436
page_index,time_cycles
0,552484
page_index,time_cycles
0,687384
page_index,time_cycles
0,1960342
page_index,time_cycles
0,1459674
page_index,time_cycles
0,4168312
page_index,time_cycles
0,838588
page_index,time_cycles
0,790136
page_index,time_cycles
0,974212
page_index,time_cycles
0,881492
page_index,time_cycles
0,627748
page_index,time_cycles
0,1219622
page_index,time_cycles
0,1519056
page_index,time_cycles
0,1836618
page_index,time_cycles
0,1676438
page_index,time_cycles
0,2416404
page_index,time_cycles
0,1339486
page_index,time_cycles
0,1412706
page_index,time_cycles
0,1546340
page_index,time_cycles
0,285788
page_index,time_cycles
0,1776916
page_index,time_cycles
0,582862
page_index,time_cycles
0,274730
page_index,time_cycles
0,1236906
page_index,time_cycles
0,1676040
page_index,time_cycles
0,1390212
page_index,time_cycles
0,219050
page_index,time_cycles
0,1449392
page_index,time_cycles
0,1605854
page_index,time_cycles
0,2025082
page_index,time_cycles
0,1955332
page_index,time_cycles
0,2114622
page_index,time_cycles
0,1091436
page_index,time_cycles
0,1089016
page_index,time_cycles
0,311752
page_index,time_cycles
0,974172
page_index,time_cycles
0,444048
page_index,time_cycles
0,1491566
page_index,time_cycles
0,1979092
page_index,time_cycles
0,1394758
page_index,time_cycles
0,1364886
page_index,time_cycles
0,690334
page_index,time_cycles
0,548030
page_index,time_cycles
0,933796
page_index,time_cycles
0,1136164
page_index,time_cycles
0,268842
page_index,time_cycles
0,1556930
page_index,time_cycles
0,1160500
page_index,time_cycles
0,1915102
page_index,time_cycles
0,307964
page_index,time_cycles
0,1709604
page_index,time_cycles
0,674602
page_index,time_cycles
0,1497402
page_index,time_cycles
0,1121766
page_index,time_cycles
0,364082
page_index,time_cycles
0,1595400
page_index,time_cycles
0,1311932
page_index,time_cycles
0,1195266
page_index,time_cycles
0,852612
page_index,time_cycles
0,1166492
page_index,time_cycles
0,1184900
page_index,time_cycles
0,1375846
page_index,time_cycles
0,697880
page_index,time_cycles
0,955336
page_index,time_cycles
0,1778734
page_index,time_cycles
0,222220
page_index,time_cycles
0,1158966
page_index,time_cycles
0,313986
page_index,time_cycles
0,1199434
page_index,time_cycles
0,1708632
page_index,time_cycles
0,412186
page_index,time_cycles
0,1192484
page_index,time_cycles
0,2673330
page_index,time_cycles
0,1434364
page_index,time_cycles
0,1615048
page_index,time_cycles
0,1341706
page_index,time_cycles
0,1115208
page_index,time_cycles
0,955228
page_index,time_cycles
0,1235786
page_index,time_cycles
0,1054830
page_index,time_cycles
0,777632
page_index,time_cycles
0,1425554
page_index,time_cycles
0,1237732
page_index,time_cycles
0,1425644
page_index,time_cycles
0,323036
page_index,time_cycles
0,845580
page_index,time_cycles
0,836928
page_index,time_cycles
0,1265082
page_index,time_cycles
0,2122958
page_index,time_cycles
0,757796
page_index,time_cycles
0,1452988
page_index,time_cycles
0,2678382
page_index,time_cycles
0,268832
page_index,time_cycles
0,1838236
page_index,time_cycles
0,1915556
page_index,time_cycles
0,917694
page_index,time_cycles
0,291072
page_index,time_cycles
0,277968
page_index,time_cycles
0,2038320
page_index,time_cycles
0,1158608
page_index,time_cycles
0,1932164
page_index,time_cycles
0,1309646
page_index,time_cycles
0,383224
page_index,time_cycles
0,706370
page_index,time_cycles
0,1535908
page_index,time_cycles
0,1369894
page_index,time_cycles
0,1117674
page_index,time_cycles
0,626236
page_index,time_cycles
0,912844
page_index,time_cycles
0,746916
page_index,time_cycles
0,1108654
page_index,time_cycles
0,1224846
page_index,time_cycles
0,990814
page_index,time_cycles
0,1246508
page_index,time_cycles
0,946640
page_index,time_cycles
0,210836
page_index,time_cycles
0,1922536
page_index,time_cycles
0,1399352
page_index,time_cycles
0,1173122
page_index,time_cycles
0,599766
page_index,time_cycles
0,1297152
page_index,time_cycles
0,1386732
page_index,time_cycles
0,1098306
page_index,time_cycles
0,1121498
page_index,time_cycles
0,1318080
page_index,time_cycles
0,1957372
page_index,time_cycles
0,1982534
page_index,time_cycles
0,1501020
page_index,time_cycles
0,885396
page_index,time_cycles
0,339804
page_index,time_cycles
0,2212970
page_index,time_cycles
0,328344
page_index,time_cycles
0,2198830
page_index,time_cycles
0,1142584
page_index,time_cycles
0,798294
page_index,time_cycles
0,629726
page_index,time_cycles
0,1760224
page_index,time_cycles
0,1070368
page_index,time_cycles
0,266974
page_index,time_cycles
0,278410
page_index,time_cycles
0,856760
page_index,time_cycles
0,1173980
page_index,time_cycles
0,1754544
page_index,time_cycles
0,572462
page_index,time_cycles
0,1491674
page_index,time_cycles
0,761064
page_index,time_cycles
0,1698826
page_index,time_cycles
0,4054062
page_index,time_cycles
0,876946
page_index,time_cycles
0,2429624
page_index,time_cycles
0,280450
page_index,time_cycles
0,1699156
page_index,time_cycles
0,948760
page_index,time_cycles
0,715574
page_index,time_cycles
0,1695764
page_index,time_cycles
0,3380336
page_index,time_cycles
0,1224216
page_index,time_cycles
0,1280936
page_index,time_cycles
0,1430124
page_index,time_cycles
0,1826808
page_index,time_cycles
0,1279768
page_index,time_cycles
0,1613226
page_index,time_cycles
0,1622980
page_index,time_cycles
0,2106222
page_index,time_cycles
0,555466
page_index,time_cycles
0,1360286
page_index,time_cycles
0,1656290
page_index,time_cycles
0,1206666
page_index,time_cycles
0,1594948
page_index,time_cycles
0,1382364
page_index,time_cycles
0,870796
page_index,time_cycles
0,1409148
page_index,time_cycles
0,2589462
page_index,time_cycles
0,769492
page_index,time_cycles
0,1499988
page_index,time_cycles
0,312000
page_index,time_cycles
0,1118066
page_index,time_cycles
0,782412
page_index,time_cycles
0,205388
page_index,time_cycles
0,275086
page_index,time_cycles
0,1388606
page_index,time_cycles
0,931780
page_index,time_cycles
0,1384602
page_index,time_cycles
0,1249860
page_index,time_cycles
0,1247032
page_index,time_cycles
0,1869162
page_index,time_cycles
0,2053186
page_index,time_cycles
0,2590072
page_index,time_cycles
0,1687964
page_index,time_cycles
0,1125360
page_index,time_cycles
0,537990
page_index,time_cycles
0,2397158
page_index,time_cycles
0,1572142
page_index,time_cycles
0,1564248
page_index,time_cycles
0,1325990
page_index,time_cycles
0,1483628
page_index,time_cycles
0,276102
page_index,time_cycles
0,1114206
page_index,time_cycles
0,1618198
page_index,time_cycles
0,902662
page_index,time_cycles
0,1199430
page_index,time_cycles
0,2599292
page_index,time_cycles
0,837230
page_index,time_cycles
0,1380112
page_index,time_cycles
0,1053696
page_index,time_cycles
0,1732218
page_index,time_cycles
0,1788364
page_index,time_cycles
0,669212
page_index,time_cycles
0,1461636
page_index,time_cycles
0,1167846
page_index,time_cycles
0,858978
page_index,time_cycles
0,1326746
page_index,time_cycles
0,1334918
page_index,time_cycles
0,1120790
page_index,time_cycles
0,784188
page_index,time_cycles
0,1785808
page_index,time_cycles
0,918046
page_index,time_cycles
0,1239586
page_index,time_cycles
0,2025444
page_index,time_cycles
0,814048
page_index,time_cycles
0,981502
page_index,time_cycles
0,755254
page_index,time_cycles
0,1023446
page_index,time_cycles
0,1353158
page_index,time_cycles
0,507126
page_index,time_cycles
0,522004
page_index,time_cycles
0,1653576
page_index,time_cycles
0,1121416
page_index,time_cycles
0,1907786
page_index,time_cycles
0,963916
page_index,time_cycles
0,637050
page_index,time_cycles
0,352042
page_index,time_cycles
0,1315148
page_index,time_cycles
0,535450
page_index,time_cycles
0,1129008
page_index,time_cycles
0,1003480
page_index,time_cycles
0,784350
page_index,time_cycles
0,570462
page_index,time_cycles
0,513304
page_index,time_cycles
0,274212
page_index,time_cycles
0,494680
page_index,time_cycles
0,1694828
page_index,time_cycles
0,1077534
page_index,time_cycles
0,2955270
page_index,time_cycles
0,738586
page_index,time_cycles
0,1511162
page_index,time_cycles
0,1235404
page_index,time_cycles
0,1351424
page_index,time_cycles
0,1371846
page_index,time_cycles
0,1178902
page_index,time_cycles
0,243942
page_index,time_cycles
0,1588894
page_index,time_cycles
0,1262180
page_index,time_cycles
0,386100
page_index,time_cycles
0,699410
page_index,time_cycles
0,635942
page_index,time_cycles
0,2028230
page_index,time_cycles
0,690322
page_index,time_cycles
0,1316878
page_index,time_cycles
0,1485868
page_index,time_cycles
0,286966
page_index,time_cycles
0,1740498
page_index,time_cycles
0,1924874
page_index,time_cycles
0,837268
page_index,time_cycles
0,1518612
page_index,time_cycles
0,315302
page_index,time_cycles
0,1301946
page_index,time_cycles
0,337246
page_index,time_cycles
0,1480598
page_index,time_cycles
0,1361660
page_index,time_cycles
0,276018
page_index,time_cycles
0,1412082
page_index,time_cycles
0,1680048
page_index,time_cycles
0,1496680
page_index,time_cycles
0,1649098
page_index,time_cycles
0,1181928
page_index,time_cycles
0,1715042
page_index,time_cycles
0,2045752
page_index,time_cycles
0,989488
page_index,time_cycles
0,2354030
page_index,time_cycles
0,2413938
page_index,time_cycles
0,1771854
page_index,time_cycles
0,1332166
page_index,time_cycles
0,327110
page_index,time_cycles
0,365506
page_index,time_cycles
0,289852
page_index,time_cycles
0,1335682
page_index,time_cycles
0,2659492
page_index,time_cycles
0,571306
page_index,time_cycles
0,2612574
page_index,time_cycles
0,1267216
page_index,time_cycles
0,288660
page_index,time_cycles
0,1048702
page_index,time_cycles
0,418118
page_index,time_cycles
0,1906094
page_index,time_cycles
0,1739516
page_index,time_cycles
0,330384
page_index,time_cycles
0,2700716
page_index,time_cycles
0,268522
page_index,time_cycles
0,1238218
page_index,time_cycles
0,624450
page_index,time_cycles
0,3144706
page_index,time_cycles
0,633088
page_index,time_cycles
0,1064164
page_index,time_cycles
0,780656
page_index,time_cycles
0,2481374
page_index,time_cycles
0,2136798
page_index,time_cycles
0,2504264
page_index,time_cycles
0,1813888
page_index,time_cycles
0,902506
page_index,time_cycles
0,1414364
page_index,time_cycles
0,266872
page_index,time_cycles
0,2327572
page_index,time_cycles
0,1701144
page_index,time_cycles
0,1674320
page_index,time_cycles
0,2158924
page_index,time_cycles
0,402164
page_index,time_cycles
0,286530
page_index,time_cycles
0,1373746
page_index,time_cycles
0,541544
page_index,time_cycles
0,1126106
page_index,time_cycles
0,1193958
page_index,time_cycles
0,1784458
page_index,time_cycles
0,1786376
page_index,time_cycles
0,1630720
page_index,time_cycles
0,396164
page_index,time_cycles
0,2543420
page_index,time_cycles
0,1964528
page_index,time_cycles
0,694236
page_index,time_cycles
0,910626
page_index,time_cycles
0,1237564
page_index,time_cycles
0,1280818
page_index,time_cycles
0,1157670
page_index,time_cycles
0,737112
page_index,time_cycles
0,447288
page_index,time_cycles
0,568190
page_index,time_cycles
0,319766
page_index,time_cycles
0,1931836
page_index,time_cycles
0,2222392
page_index,time_cycles
0,2113922
page_index,time_cycles
0,1501838
page_index,time_cycles
0,2340552
page_index,time_cycles
0,270158
page_index,time_cycles
0,300490
page_index,time_cycles
0,1588806
page_index,time_cycles
0,320716
page_index,time_cycles
0,1937108
page_index,time_cycles
0,318434
page_index,time_cycles
0,1333164
page_index,time_cycles
0,1333192
page_index,time_cycles
0,1831056
page_index,time_cycles
0,1025612
page_index,time_cycles
0,1526560
page_index,time_cycles
0,1180602
page_index,time_cycles
0,837688
page_index,time_cycles
0,1116888
page_index,time_cycles
0,2814868
page_index,time_cycles
0,1533426
page_index,time_cycles
0,274932
page_index,time_cycles
0,227064
page_index,time_cycles
0,1185450
page_index,time_cycles
0,1593222
page_index,time_cycles
0,2068280
page_index,time_cycles
0,1049254
page_index,time_cycles
0,1330316
page_index,time_cycles
0,939130
page_index,time_cycles
0,331038
page_index,time_cycles
0,284480
page_index,time_cycles
0,1485638
page_index,time_cycles
0,1149896
page_index,time_cycles
0,1160376
page_index,time_cycles
0,1622968
page_index,time_cycles
0,284998
page_index,time_cycles
0,1595066
page_index,time_cycles
0,1509536
page_index,time_cycles
0,1424018
page_index,time_cycles
0,1566446
page_index,time_cycles
0,526892
page_index,time_cycles
0,2003076
page_index,time_cycles
0,1315000
page_index,time_cycles
0,1888636
page_index,time_cycles
0,239364
page_index,time_cycles
0,2120592
page_index,time_cycles
0,382474
page_index,time_cycles
0,1740248
page_index,time_cycles
0,1382880
page_index,time_cycles
0,1164882
page_index,time_cycles
0,1517598
page_index,time_cycles
0,610650
page_index,time_cycles
0,370448
page_index,time_cycles
0,274544
page_index,time_cycles
0,946198
page_index,time_cycles
0,313102
page_index,time_cycles
0,2436680
page_index,time_cycles
0,1420174
page_index,time_cycles
0,1482016
page_index,time_cycles
0,1437886
page_index,time_cycles
0,1453242
page_index,time_cycles
0,541768
page_index,time_cycles
0,884714
page_index,time_cycles
0,1531888
page_index,time_cycles
0,2055954
page_index,time_cycles
0,1197068
page_index,time_cycles
0,1092930
page_index,time_cycles
0,1792096
page_index,time_cycles
0,1492544
page_index,time_cycles
0,1126302
page_index,time_cycles
0,343578
page_index,time_cycles
0,864210
page_index,time_cycles
0,508984
page_index,time_cycles
0,1293880
page_index,time_cycles
0,280552
page_index,time_cycles
0,509406
page_index,time_cycles
0,282870
page_index,time_cycles
0,2026484
page_index,time_cycles
0,1732058
page_index,time_cycles
0,1321292
page_index,time_cycles
0,1338160
page_index,time_cycles
0,2968110
page_index,time_cycles
0,1172518
page_index,time_cycles
0,844600
page_index,time_cycles
0,741306
page_index,time_cycles
0,1030302
page_index,time_cycles
0,1486210
page_index,time_cycles
0,1138554
page_index,time_cycles
0,265948
page_index,time_cycles
0,625462
page_index,time_cycles
0,615040
page_index,time_cycles
0,2682206
page_index,time_cycles
0,1167692
page_index,time_cycles
0,699700
page_index,time_cycles
0,1490294
page_index,time_cycles
0,1378480
page_index,time_cycles
0,319534
page_index,time_cycles
0,1058832
page_index,time_cycles
0,238738
page_index,time_cycles
0,267856
page_index,time_cycles
0,1736406
page_index,time_cycles
0,1282916
page_index,time_cycles
0,1880686
page_index,time_cycles
0,2223534
page_index,time_cycles
0,1068898
page_index,time_cycles
0,2031918
page_index,time_cycles
0,1803068
page_index,time_cycles
0,536492
page_index,time_cycles
0,1092788
page_index,time_cycles
0,1747648
page_index,time_cycles
0,941922
page_index,time_cycles
0,512170
page_index,time_cycles
0,279210
page_index,time_cycles
0,272308
page_index,time_cycles
0,1296208
page_index,time_cycles
0,1131112
page_index,time_cycles
0,401440
page_index,time_cycles
0,1499892
page_index,time_cycles
0,996588
page_index,time_cycles
0,1591584
page_index,time_cycles
0,396528
page_index,time_cycles
0,1205272
page_index,time_cycles
0,1305914
page_index,time_cycles
0,1118510
page_index,time_cycles
0,837464
page_index,time_cycles
0,1670510
page_index,time_cycles
0,1546840
page_index,time_cycles
0,1843226
page_index,time_cycles
0,1848158
page_index,time_cycles
0,1322340
page_index,time_cycles
0,1292056
page_index,time_cycles
0,1737652
page_index,time_cycles
0,1214772
page_index,time_cycles
0,845456
page_index,time_cycles
0,617260
page_index,time_cycles
0,1319436
page_index,time_cycles
0,289386
page_index,time_cycles
0,1367506
page_index,time_cycles
0,1654582
page_index,time_cycles
0,593064
page_index,time_cycles
0,1378138
page_index,time_cycles
0,1877226
page_index,time_cycles
0,325972
page_index,time_cycles
0,2546990
page_index,time_cycles
0,1063970
page_index,time_cycles
0,1983976
page_index,time_cycles
0,258778
page_index,time_cycles
0,1026602
page_index,time_cycles
0,910118
page_index,time_cycles
0,1268006
page_index,time_cycles
0,2001706
page_index,time_cycles
0,639088
page_index,time_cycles
0,1557160
page_index,time_cycles
0,1560874
page_index,time_cycles
0,1015468
page_index,time_cycles
0,2535114
page_index,time_cycles
0,314328
page_index,time_cycles
0,1093654
page_index,time_cycles
0,1561984
page_index,time_cycles
0,766122
page_index,time_cycles
0,284196
page_index,time_cycles
0,6367958
page_index,time_cycles
0,720778
page_index,time_cycles
0,681442
page_index,time_cycles
0,1374450
page_index,time_cycles
0,1559542
page_index,time_cycles
0,1502840
page_index,time_cycles
0,1439186
page_index,time_cycles
0,834052
page_index,time_cycles
0,2098446
page_index,time_cycles
0,1213302
page_index,time_cycles
0,1710306
page_index,time_cycles
0,1432698
page_index,time_cycles
0,1360612
page_index,time_cycles
0,764782
page_index,time_cycles
0,1323642
page_index,time_cycles
0,1500944
page_index,time_cycles
0,1625340
page_index,time_cycles
0,782464
page_index,time_cycles
0,650452
page_index,time_cycles
0,203804
page_index,time_cycles
0,1227582
page_index,time_cycles
0,1248250
page_index,time_cycles
0,1208148
page_index,time_cycles
0,395768
page_index,time_cycles
0,1455620
page_index,time_cycles
0,1250668
page_index,time_cycles
0,293658
page_index,time_cycles
0,1629768
page_index,time_cycles
0,245354
page_index,time_cycles
0,543792
page_index,time_cycles
0,436844
page_index,time_cycles
0,1652618
page_index,time_cycles
0,1940316
page_index,time_cycles
0,840956
page_index,time_cycles
0,455776
page_index,time_cycles
0,959474
page_index,time_cycles
0,269876
page_index,time_cycles
0,896818
page_index,time_cycles
0,684562
page_index,time_cycles
0,1393254
page_index,time_cycles
0,1289842
page_index,time_cycles
0,1473432
page_index,time_cycles
0,1276902
page_index,time_cycles
0,696382
page_index,time_cycles
0,1792196
page_index,time_cycles
0,918426
page_index,time_cycles
0,1173474
page_index,time_cycles
0,702550
page_index,time_cycles
0,1477262
page_index,time_cycles
0,1549398
page_index,time_cycles
0,2255502
page_index,time_cycles
0,797580
page_index,time_cycles
0,2135488
page_index,time_cycles
0,790634
page_index,time_cycles
0,2220434
page_index,time_cycles
0,1810290
page_index,time_cycles
0,342120
page_index,time_cycles
0,1652036
page_index,time_cycles
0,270992
page_index,time_cycles
0,1934666
page_index,time_cycles
0,1303518
page_index,time_cycles
0,1111740
page_index,time_cycles
0,1188186
page_index,time_cycles
0,2517744
page_index,time_cycles
0,1888104
page_index,time_cycles
0,1017194
page_index,time_cycles
0,329520
page_index,time_cycles
0,1480472
page_index,time_cycles
0,694212
page_index,time_cycles
0,1546100
page_index,time_cycles
0,363836
page_index,time_cycles
0,1335060
page_index,time_cycles
0,289954
page_index,time_cycles
0,317422
page_index,time_cycles
0,1282232
page_index,time_cycles
0,1820960
page_index,time_cycles
0,254266
page_index,time_cycles
0,285480
page_index,time_cycles
0,1512588
page_index,time_cycles
0,3113876
page_index,time_cycles
0,1264490
page_index,time_cycles
0,1121244
page_index,time_cycles
0,1558858
page_index,time_cycles
0,1763906
page_index,time_cycles
0,531672
page_index,time_cycles
0,1110590
page_index,time_cycles
0,1027476
page_index,time_cycles
0,675276
page_index,time_cycles
0,304114
page_index,time_cycles
0,2019350
page_index,time_cycles
0,298384
page_index,time_cycles
0,585560
page_index,time_cycles
0,756864
page_index,time_cycles
0,729280
page_index,time_cycles
0,1278568
page_index,time_cycles
0,278600
page_index,time_cycles
0,435276
page_index,time_cycles
0,1012868
page_index,time_cycles
0,341718
page_index,time_cycles
0,1976920
page_index,time_cycles
0,1185902
page_index,time_cycles
0,1588078
page_index,time_cycles
0,1239678
page_index,time_cycles
0,1183090
page_index,time_cycles
0,273656
page_index,time_cycles
0,891684
page_index,time_cycles
0,1180968
page_index,time_cycles
0,836166
page_index,time_cycles
0,618888
page_index,time_cycles
0,753308
page_index,time_cycles
0,1367488
page_index,time_cycles
0,1337300
page_index,time_cycles
0,1418820
page_index,time_cycles
0,225364
page_index,time_cycles
0,955932
page_index,time_cycles
0,1406850
page_index,time_cycles
0,1161972
page_index,time_cycles
0,1270026
page_index,time_cycles
0,1089800
page_index,time_cycles
0,1429084
page_index,time_cycles
0,442010
page_index,time_cycles
0,271342
page_index,time_cycles
0,2328552
page_index,time_cycles
0,1838400
page_index,time_cycles
0,588792
page_index,time_cycles
0,756964
page_index,time_cycles
0,1233390
page_index,time_cycles
0,1846750
page_index,time_cycles
0,1048694
page_index,time_cycles
0,540392
page_index,time_cycles
0,1163718
page_index,time_cycles
0,1491710
page_index,time_cycles
0,279566
page_index,time_cycles
0,1488540
page_index,time_cycles
0,933104
page_index,time_cycles
0,2153802
page_index,time_cycles
0,1588694
page_index,time_cycles
0,471606
page_index,time_cycles
0,201758
page_index,time_cycles
0,368256
page_index,time_cycles
0,1830988
page_index,time_cycles
0,1225024
page_index,time_cycles
0,657594
page_index,time_cycles
0,354206
page_index,time_cycles
0,4355504
page_index,time_cycles
0,1636058
page_index,time_cycles
0,389634
page_index,time_cycles
0,1366598
page_index,time_cycles
0,541638
page_index,time_cycles
0,1137388
page_index,time_cycles
0,1923552
page_index,time_cycles
0,596288
page_index,time_cycles
0,270184
page_index,time_cycles
0,922988
page_index,time_cycles
0,399686
page_index,time_cycles
0,1174136
page_index,time_cycles
0,1687270
page_index,time_cycles
0,205274
page_index,time_cycles
0,1121154
page_index,time_cycles
0,1387570
page_index,time_cycles
0,766914
page_index,time_cycles
0,1133064
page_index,time_cycles
0,1580870
page_index,time_cycles
0,404212
page_index,time_cycles
0,723172
page_index,time_cycles
0,229568
page_index,time_cycles
0,1714394
page_index,time_cycles
0,1692336
page_index,time_cycles
0,817048
page_index,time_cycles
0,1721162
page_index,time_cycles
0,1522226
page_index,time_cycles
0,323740
page_index,time_cycles
0,970550
page_index,time_cycles
0,1273442
page_index,time_cycles
0,616600
page_index,time_cycles
0,1135620
page_index,time_cycles
0,1282212
page_index,time_cycles
0,850284
page_index,time_cycles
0,1535530
page_index,time_cycles
0,1751404
page_index,time_cycles
0,1162726
page_index,time_cycles
0,1595368
page_index,time_cycles
0,1760340
page_index,time_cycles
0,1067410
page_index,time_cycles
0,265384
page_index,time_cycles
0,919280
page_index,time_cycles
0,715528
page_index,time_cycles
0,1377138
page_index,time_cycles
0,2072100
page_index,time_cycles
0,2444158
page_index,time_cycles
0,1347634
page_index,time_cycles
0,1449764
page_index,time_cycles
0,1659096
page_index,time_cycles
0,664314
page_index,time_cycles
0,1341552
page_index,time_cycles
0,2254050
page_index,time_cycles
0,712432
page_index,time_cycles
0,950960
page_index,time_cycles
0,2528298
page_index,time_cycles
0,1452562
page_index,time_cycles
0,288888
page_index,time_cycles
0,1500014
page_index,time_cycles
0,1303444
page_index,time_cycles
0,1807518
page_index,time_cycles
0,314614
page_index,time_cycles
0,1431358
page_index,time_cycles
0,270284
page_index,time_cycles
0,741196
page_index,time_cycles
0,431120
page_index,time_cycles
0,1273676
page_index,time_cycles
0,1088184
page_index,time_cycles
0,2055582
page_index,time_cycles
0,329118
page_index,time_cycles
0,1764946
page_index,time_cycles
0,1914760
page_index,time_cycles
0,978078
page_index,time_cycles
0,701554
page_index,time_cycles
0,648092
page_index,time_cycles
0,473150
page_index,time_cycles
0,1633412
page_index,time_cycles
0,1396930
page_index,time_cycles
0,836274
page_index,time_cycles
0,298238
page_index,time_cycles
0,1429556
page_index,time_cycles
0,998102
page_index,time_cycles
0,296638
page_index,time_cycles
0,1450692
page_index,time_cycles
0,1579228
page_index,time_cycles
0,1979962
page_index,time_cycles
0,263638
page_index,time_cycles
0,1811300
page_index,time_cycles
0,1332778
page_index,time_cycles
0,2474990
page_index,time_cycles
0,529090
page_index,time_cycles
0,1006062
page_index,time_cycles
0,1551332
page_index,time_cycles
0,1567766
page_index,time_cycles
0,290350
page_index,time_cycles
0,1130630
page_index,time_cycles
0,855306
page_index,time_cycles
0,340122
page_index,time_cycles
0,4023372
page_index,time_cycles
0,742910
page_index,time_cycles
0,1524782
page_index,time_cycles
0,281102
page_index,time_cycles
0,327808
page_index,time_cycles
0,1165076
page_index,time_cycles
0,1428388
page_index,time_cycles
0,292940
page_index,time_cycles
0,774200
page_index,time_cycles
0,1384814
page_index,time_cycles
0,1224108
page_index,time_cycles
0,272404
page_index,time_cycles
0,2543314
page_index,time_cycles
0,1120084
page_index,time_cycles
0,1194136
page_index,time_cycles
0,549800
page_index,time_cycles
0,222086
page_index,time_cycles
0,930406
page_index,time_cycles
0,1214178
page_index,time_cycles
0,1499564
page_index,time_cycles
0,1073404
page_index,time_cycles
0,1461778
page_index,time_cycles
0,746662
page_index,time_cycles
0,678272
page_index,time_cycles
0,2473396
page_index,time_cycles
0,1713892
page_index,time_cycles
0,1664610
page_index,time_cycles
0,1954262
page_index,time_cycles
0,385708
page_index,time_cycles
0,1447248
page_index,time_cycles
0,319036
page_index,time_cycles
0,1633846
page_index,time_cycles
0,1046718
page_index,time_cycles
0,280758
page_index,time_cycles
0,1364050
page_index,time_cycles
0,1442006
page_index,time_cycles
0,323780
page_index,time_cycles
0,1219176
page_index,time_cycles
0,228250
page_index,time_cycles
0,684406
page_index,time_cycles
0,1415308
page_index,time_cycles
0,1893720
page_index,time_cycles
0,802902
page_index,time_cycles
0,2045060
page_index,time_cycles
0,1436330
page_index,time_cycles
0,2525552
page_index,time_cycles
0,1190048
page_index,time_cycles
0,329546
page_index,time_cycles
0,273584
page_index,time_cycles
0,1128506
page_index,time_cycles
0,1346510
page_index,time_cycles
0,1284108
page_index,time_cycles
0,1490394
page_index,time_cycles
0,1139428
page_index,time_cycles
0,1291240
page_index,time_cycles
0,266766
page_index,time_cycles
0,1704828
page_index,time_cycles
0,2004712
page_index,time_cycles
0,1089218
page_index,time_cycles
0,352748
page_index,time_cycles
0,3426474
page_index,time_cycles
0,2144774
page_index,time_cycles
0,1697524
page_index,time_cycles
0,544964
page_index,time_cycles
0,808712
page_index,time_cycles
0,1365576
page_index,time_cycles
0,1711822
page_index,time_cycles
0,313650
page_index,time_cycles
0,2023494
page_index,time_cycles
0,381374
page_index,time_cycles
0,1495268
page_index,time_cycles
0,1351354
page_index,time_cycles
0,570896
page_index,time_cycles
0,1006132
page_index,time_cycles
0,966062
page_index,time_cycles
0,1637226
page_index,time_cycles
0,2418492
page_index,time_cycles
0,1082530
page_index,time_cycles
0,1915840
page_index,time_cycles
0,1792208
page_index,time_cycles
0,1135332
page_index,time_cycles
0,1004160
page_index,time_cycles
0,1587166
page_index,time_cycles
0,779870
page_index,time_cycles
0,341034
page_index,time_cycles
0,1770556
page_index,time_cycles
0,1381434
page_index,time_cycles
0,957706
page_index,time_cycles
0,2276788
page_index,time_cycles
0,1766578
page_index,time_cycles
0,284542
page_index,time_cycles
0,864196
page_index,time_cycles
0,716366
page_index,time_cycles
0,2000454
page_index,time_cycles
0,353196
page_index,time_cycles
0,706674
page_index,time_cycles
0,1199962
page_index,time_cycles
0,1485494
page_index,time_cycles
0,328332
page_index,time_cycles
0,1528612
page_index,time_cycles
0,1585914
page_index,time_cycles
0,2061792
page_index,time_cycles
0,1696732
page_index,time_cycles
0,1742770
page_index,time_cycles
0,1626126
page_index,time_cycles
0,2140858
page_index,time_cycles
0,637876
page_index,time_cycles
0,1591054
page_index,time_cycles
0,1464378
page_index,time_cycles
0,591834
page_index,time_cycles
0,1103946
page_index,time_cycles
0,1318902
page_index,time_cycles
0,1559628
page_index,time_cycles
0,1950106
page_index,time_cycles
0,1595952
page_index,time_cycles
0,1318122
page_index,time_cycles
0,880344
page_index,time_cycles
0,1443858
page_index,time_cycles
0,1888926
page_index,time_cycles
0,1782154
page_index,time_cycles
0,802938
page_index,time_cycles
0,1379254
page_index,time_cycles
0,1451496
page_index,time_cycles
0,736678
page_index,time_cycles
0,1035278
page_index,time_cycles
0,3475978
page_index,time_cycles
0,525328
page_index,time_cycles
0,1423160
page_index,time_cycles
0,3319098
page_index,time_cycles
0,2823578
page_index,time_cycles
0,1170348
page_index,time_cycles
0,265632
page_index,time_cycles
0,1651890
page_index,time_cycles
0,2499296
page_index,time_cycles
0,362338
page_index,time_cycles
0,314400
page_index,time_cycles
0,281952
page_index,time_cycles
0,538432
page_index,time_cycles
0,328168
page_index,time_cycles
0,874708
page_index,time_cycles
0,922928
page_index,time_cycles
0,1521986
page_index,time_cycles
0,1667916
page_index,time_cycles
0,1244918
page_index,time_cycles
0,1309418
page_index,time_cycles
0,436588
page_index,time_cycles
0,427680
page_index,time_cycles
0,1162700
page_index,time_cycles
0,2097150
page_index,time_cycles
0,2270956
page_index,time_cycles
0,1192914
page_index,time_cycles
0,1527376
page_index,time_cycles
0,590860
page_index,time_cycles
0,1062236
page_index,time_cycles
0,659846
page_index,time_cycles
0,1869830
page_index,time_cycles
0,1882200
page_index,time_cycles
0,1444680
page_index,time_cycles
0,1070620
page_index,time_cycles
0,332962
page_index,time_cycles
0,1149926
page_index,time_cycles
0,1478292
page_index,time_cycles
0,1731212
page_index,time_cycles
0,568600
page_index,time_cycles
0,296538
page_index,time_cycles
0,2060576
page_index,time_cycles
0,1133338
page_index,time_cycles
0,1410788
page_index,time_cycles
0,360336
page_index,time_cycles
0,1113064
page_index,time_cycles
0,1582260
page_index,time_cycles
0,519956
page_index,time_cycles
0,1500774
page_index,time_cycles
0,1705312
page_index,time_cycles
0,1899416
page_index,time_cycles
0,1966212
page_index,time_cycles
0,911052
page_index,time_cycles
0,306584
page_index,time_cycles
0,875702
page_index,time_cycles
0,347842
page_index,time_cycles
0,1142806
page_index,time_cycles
0,1207264
page_index,time_cycles
0,496430
page_index,time_cycles
0,1094310
page_index,time_cycles
0,1098794
page_index,time_cycles
0,1782898
page_index,time_cycles
0,311360
page_index,time_cycles
0,270852
page_index,time_cycles
0,1254270
page_index,time_cycles
0,347794
page_index,time_cycles
0,1623714
page_index,time_cycles
0,1477214
page_index,time_cycles
0,1358614
page_index,time_cycles
0,1198538
page_index,time_cycles
0,1765188
page_index,time_cycles
0,758442
page_index,time_cycles
0,822306
page_index,time_cycles
0,1700766
page_index,time_cycles
0,1430806
page_index,time_cycles
0,269578
page_index,time_cycles
0,1514666
page_index,time_cycles
0,1615814
page_index,time_cycles
0,1701764
page_index,time_cycles
0,416288
page_index,time_cycles
0,572744
page_index,time_cycles
0,1305352
page_index,time_cycles
0,1961160
page_index,time_cycles
0,1293464
page_index,time_cycles
0,260430
page_index,time_cycles
0,377742
page_index,time_cycles
0,1355226
page_index,time_cycles
0,370992
page_index,time_cycles
0,746484
page_index,time_cycles
0,923172
page_index,time_cycles
0,2371590
page_index,time_cycles
0,1482372
page_index,time_cycles
0,1384326
page_index,time_cycles
0,1579638
page_index,time_cycles
0,1166366
page_index,time_cycles
0,1270578
page_index,time_cycles
0,619514
page_index,time_cycles
0,1341882
page_index,time_cycles
0,1577316
page_index,time_cycles
0,2473556
page_index,time_cycles
0,1476068
page_index,time_cycles
0,1193574
page_index,time_cycles
0,2138086
page_index,time_cycles
0,1605462
page_index,time_cycles
0,2198134
page_index,time_cycles
0,1909524
page_index,time_cycles
0,1716856
page_index,time_cycles
0,248822
page_index,time_cycles
0,2180200
page_index,time_cycles
0,980410
page_index,time_cycles
0,898186
page_index,time_cycles
0,1318236
page_index,time_cycles
0,1463566
page_index,time_cycles
0,1640202
page_index,time_cycles
0,339696
page_index,time_cycles
0,1552812
page_index,time_cycles
0,1595222
page_index,time_cycles
0,1104920
page_index,time_cycles
0,367294
page_index,time_cycles
0,2645628
page_index,time_cycles
0,1383892
page_index,time_cycles
0,1144972
page_index,time_cycles
0,1515738
page_index,time_cycles
0,2072180
page_index,time_cycles
0,714562
page_index,time_cycles
0,850406
page_index,time_cycles
0,1328226
page_index,time_cycles
0,1873626
page_index,time_cycles
0,2236268
page_index,time_cycles
0,1206752
page_index,time_cycles
0,2164554
page_index,time_cycles
0,1898574
page_index,time_cycles
0,1196730
page_index,time_cycles
0,1824154
page_index,time_cycles
0,773714
page_index,time_cycles
0,1956552
page_index,time_cycles
0,1428106
page_index,time_cycles
0,335486
page_index,time_cycles
0,395840
page_index,time_cycles
0,1624060
page_index,time_cycles
0,1028762
page_index,time_cycles
0,1301936
page_index,time_cycles
0,388576
page_index,time_cycles
0,2022916
page_index,time_cycles
0,1272804
page_index,time_cycles
0,1108168
page_index,time_cycles
0,615538
page_index,time_cycles
0,2009432
page_index,time_cycles
0,1431194
page_index,time_cycles
0,1168232
page_index,time_cycles
0,1474554
page_index,time_cycles
0,1564870
page_index,time_cycles
0,1459040
page_index,time_cycles
0,796470
page_index,time_cycles
0,1423114
page_index,time_cycles
0,274490
page_index,time_cycles
0,1718604
page_index,time_cycles
0,791034
page_index,time_cycles
0,1489938
page_index,time_cycles
0,2388786
page_index,time_cycles
0,966672
page_index,time_cycles
0,2214322
page_index,time_cycles
0,1018822
page_index,time_cycles
0,336170
page_index,time_cycles
0,1791324
page_index,time_cycles
0,733152
page_index,time_cycles
0,1359118
page_index,time_cycles
0,580228
page_index,time_cycles
0,1578238
page_index,time_cycles
0,1335206
page_index,time_cycles
0,2524746
page_index,time_cycles
0,804384
page_index,time_cycles
0,552938
page_index,time_cycles
0,2602922
page_index,time_cycles
0,3233948
page_index,time_cycles
0,2297374
page_index,time_cycles
0,1336688
page_index,time_cycles
0,801220
page_index,time_cycles
0,1825938
page_index,time_cycles
0,1079864
page_index,time_cycles
0,749686
page_index,time_cycles
0,1386658
page_index,time_cycles
0,1822884
page_index,time_cycles
0,823092
page_index,time_cycles
0,1594686
page_index,time_cycles
0,1197164
page_index,time_cycles
0,928592
page_index,time_cycles
0,1274306
page_index,time_cycles
0,2031782
page_index,time_cycles
0,282470
page_index,time_cycles
0,1113616
page_index,time_cycles
0,1093334
page_index,time_cycles
0,1055492
page_index,time_cycles
0,814120
page_index,time_cycles
0,1722612
page_index,time_cycles
0,1535894
page_index,time_cycles
0,1132034
page_index,time_cycles
0,275618
page_index,time_cycles
0,1809100
page_index,time_cycles
0,773938
page_index,time_cycles
0,1615924
page_index,time_cycles
0,649962
page_index,time_cycles
0,961978
page_index,time_cycles
0,2037830
page_index,time_cycles
0,331906
page_index,time_cycles
0,1109058
page_index,time_cycles
0,2708378
page_index,time_cycles
0,3130024
page_index,time_cycles
0,1354020
page_index,time_cycles
0,292474
page_index,time_cycles
0,1305286
page_index,time_cycles
0,380054
page_index,time_cycles
0,696872
page_index,time_cycles
0,1501248
page_index,time_cycles
0,1868860
page_index,time_cycles
0,409812
page_index,time_cycles
0,1323886
page_index,time_cycles
0,2158410
page_index,time_cycles
0,1317062
page_index,time_cycles
0,1406952
page_index,time_cycles
0,1114414
page_index,time_cycles
0,1325710
page_index,time_cycles
0,506770
page_index,time_cycles
0,1780154
page_index,time_cycles
0,1419748
page_index,time_cycles
0,1608270
page_index,time_cycles
0,1936500
page_index,time_cycles
0,1239840
page_index,time_cycles
0,1853696
page_index,time_cycles
0,456920
page_index,time_cycles
0,1526864
page_index,time_cycles
0,1649086
page_index,time_cycles
0,929946
page_index,time_cycles
0,1100416
page_index,time_cycles
0,692010
page_index,time_cycles
0,1362720
page_index,time_cycles
0,840096
page_index,time_cycles
0,486210
page_index,time_cycles
0,1800150
page_index,time_cycles
0,1182298
page_index,time_cycles
0,1507214
page_index,time_cycles
0,492534
page_index,time_cycles
0,1576446
page_index,time_cycles
0,1382720
page_index,time_cycles
0,1208170
page_index,time_cycles
0,1879014
page_index,time_cycles
0,660022
page_index,time_cycles
0,854882
page_index,time_cycles
0,316670
page_index,time_cycles
0,215494
page_index,time_cycles
0,649842
page_index,time_cycles
0,813772
page_index,time_cycles
0,1487866
page_index,time_cycles
0,847268
page_index,time_cycles
0,1207832
page_index,time_cycles
0,350204
page_index,time_cycles
0,1541946
page_index,time_cycles
0,277872
page_index,time_cycles
0,776852
page_index,time_cycles
0,659902
page_index,time_cycles
0,307834
page_index,time_cycles
0,1038268
page_index,time_cycles
0,2307506
page_index,time_cycles
0,1872502
page_index,time_cycles
0,906154
page_index,time_cycles
0,1540336
page_index,time_cycles
0,795582
page_index,time_cycles
0,307694
page_index,time_cycles
0,1658564
page_index,time_cycles
0,2053412
page_index,time_cycles
0,1090428
page_index,time_cycles
0,706104
page_index,time_cycles
0,882962
page_index,time_cycles
0,1806600
page_index,time_cycles
0,1410328
page_index,time_cycles
0,992574
page_index,time_cycles
0,1406798
page_index,time_cycles
0,776370
page_index,time_cycles
0,1423278
page_index,time_cycles
0,2993820
page_index,time_cycles
0,1997018
page_index,time_cycles
0,905588
page_index,time_cycles
0,1202598
page_index,time_cycles
0,1079718
page_index,time_cycles
0,2227970
page_index,time_cycles
0,1683284
page_index,time_cycles
0,2024366
page_index,time_cycles
0,1818882
page_index,time_cycles
0,520542
page_index,time_cycles
0,1638544
page_index,time_cycles
0,1855448
page_index,time_cycles
0,1204234
page_index,time_cycles
0,1706172
page_index,time_cycles
0,468520
page_index,time_cycles
0,1152830
page_index,time_cycles
0,793518
page_index,time_cycles
0,791594
page_index,time_cycles
0,1378134
page_index,time_cycles
0,320952
page_index,time_cycles
0,810056
page_index,time_cycles
0,342230
page_index,time_cycles
0,1317610
page_index,time_cycles
0,1987522
page_index,time_cycles
0,551968
page_index,time_cycles
0,1808476
page_index,time_cycles
0,1638140
page_index,time_cycles
0,2123782
page_index,time_cycles
0,1143310
page_index,time_cycles
0,1277204
page_index,time_cycles
0,728102
page_index,time_cycles
0,472058
page_index,time_cycles
0,732998
page_index,time_cycles
0,977034
page_index,time_cycles
0,2146298
page_index,time_cycles
0,399174
page_index,time_cycles
0,1156426
page_index,time_cycles
0,1366370
page_index,time_cycles
0,396670
page_index,time_cycles
0,888098
page_index,time_cycles
0,1759714
page_index,time_cycles
0,1421970
page_index,time_cycles
0,2831582
page_index,time_cycles
0,1199232
page_index,time_cycles
0,337486
page_index,time_cycles
0,1569098
page_index,time_cycles
0,1562216
page_index,time_cycles
0,1290720
page_index,time_cycles
0,618842
page_index,time_cycles
0,336540
page_index,time_cycles
0,1321592
page_index,time_cycles
0,1521714
page_index,time_cycles
0,1031350
page_index,time_cycles
0,379940
page_index,time_cycles
0,633626
page_index,time_cycles
0,233452
page_index,time_cycles
0,1085966
page_index,time_cycles
0,1266766
page_index,time_cycles
0,1722278
page_index,time_cycles
0,720642
page_index,time_cycles
0,1534580
page_index,time_cycles
0,2108512
page_index,time_cycles
0,232944
page_index,time_cycles
0,836546
page_index,time_cycles
0,425106
page_index,time_cycles
0,1455880
page_index,time_cycles
0,1803192
page_index,time_cycles
0,1872302
page_index,time_cycles
0,342178
page_index,time_cycles
0,1320486
page_index,time_cycles
0,1461960
page_index,time_cycles
0,1489872
page_index,time_cycles
0,991680
page_index,time_cycles
0,1278398
page_index,time_cycles
0,306542
page_index,time_cycles
0,1965616
page_index,time_cycles
0,1484034
page_index,time_cycles
0,859872
page_index,time_cycles
0,1378140
page_index,time_cycles
0,284538
page_index,time_cycles
0,1883826
page_index,time_cycles
0,833238
page_index,time_cycles
0,1166738
page_index,time_cycles
0,1396402
page_index,time_cycles
0,1497128
page_index,time_cycles
0,250852
page_index,time_cycles
0,507856
page_index,time_cycles
0,2230508
page_index,time_cycles
0,1743224
page_index,time_cycles
0,1510976
page_index,time_cycles
0,1810088
page_index,time_cycles
0,611938
page_index,time_cycles
0,1364856
page_index,time_cycles
0,2039330
page_index,time_cycles
0,1382970
page_index,time_cycles
0,1807246
page_index,time_cycles
0,1049090
page_index,time_cycles
0,1667198
page_index,time_cycles
0,1797296
page_index,time_cycles
0,844784
page_index,time_cycles
0,1228354
page_index,time_cycles
0,1089922
page_index,time_cycles
0,1633562
page_index,time_cycles
0,1257016
page_index,time_cycles
0,1224408
page_index,time_cycles
0,1189884
page_index,time_cycles
0,777358
page_index,time_cycles
0,975584
page_index,time_cycles
0,1252146
page_index,time_cycles
0,1368718
page_index,time_cycles
0,2018838
page_index,time_cycles
0,373816
page_index,time_cycles
0,1737348
page_index,time_cycles
0,828920
page_index,time_cycles
0,1029974
page_index,time_cycles
0,1372746
page_index,time_cycles
0,321046
page_index,time_cycles
0,771216
page_index,time_cycles
0,1749306
page_index,time_cycles
0,1089748
page_index,time_cycles
0,1812726
page_index,time_cycles
0,1318864
page_index,time_cycles
0,1418152
page_index,time_cycles
0,918544
page_index,time_cycles
0,268880
page_index,time_cycles
0,496430
page_index,time_cycles
0,2281466
page_index,time_cycles
0,1301416
page_index,time_cycles
0,365306
page_index,time_cycles
0,2002010
page_index,time_cycles
0,382190
page_index,time_cycles
0,1175694
page_index,time_cycles
0,577466
page_index,time_cycles
0,1301732
page_index,time_cycles
0,1220302
page_index,time_cycles
0,288884
page_index,time_cycles
0,1806252
page_index,time_cycles
0,910756
page_index,time_cycles
0,1313546
page_index,time_cycles
0,795870
page_index,time_cycles
0,1578688
page_index,time_cycles
0,1245628
page_index,time_cycles
0,364142
page_index,time_cycles
0,2171006
page_index,time_cycles
0,2321372
page_index,time_cycles
0,668758
page_index,time_cycles
0,463530
page_index,time_cycles
0,1015962
page_index,time_cycles
0,315254
page_index,time_cycles
0,1187944
page_index,time_cycles
0,737090
page_index,time_cycles
0,1141930
page_index,time_cycles
0,3060952
page_index,time_cycles
0,1500762
page_index,time_cycles
0,1501624
page_index,time_cycles
0,1836846
page_index,time_cycles
0,1924216
page_index,time_cycles
0,1194042
page_index,time_cycles
0,759698
page_index,time_cycles
0,1307914
page_index,time_cycles
0,312752
page_index,time_cycles
0,2614638
page_index,time_cycles
0,1308996
page_index,time_cycles
0,1340730
page_index,time_cycles
0,1563800
page_index,time_cycles
0,1366036
page_index,time_cycles
0,2374912
page_index,time_cycles
0,302794
page_index,time_cycles
0,1233878
page_index,time_cycles
0,311770
page_index,time_cycles
0,1319006
page_index,time_cycles
0,2040908
page_index,time_cycles
0,1543680
page_index,time_cycles
0,635476
page_index,time_cycles
0,1054330
page_index,time_cycles
0,1408512
page_index,time_cycles
0,970860
page_index,time_cycles
0,344148
page_index,time_cycles
0,1109442
page_index,time_cycles
0,678790
page_index,time_cycles
0,1369758
page_index,time_cycles
0,2082880
page_index,time_cycles
0,1335714
page_index,time_cycles
0,1301096
page_index,time_cycles
0,1866444
page_index,time_cycles
0,1205820
page_index,time_cycles
0,1655100
page_index,time_cycles
0,1250762
page_index,time_cycles
0,652208
page_index,time_cycles
0,1253174
page_index,time_cycles
0,1020502
page_index,time_cycles
0,1278318
page_index,time_cycles
0,299624
page_index,time_cycles
0,1705432
page_index,time_cycles
0,1968954
page_index,time_cycles
0,1105078
page_index,time_cycles
0,277870
page_index,time_cycles
0,2098052
page_index,time_cycles
0,1808530
page_index,time_cycles
0,1877790
page_index,time_cycles
0,215490
page_index,time_cycles
0,1259726
page_index,time_cycles
0,1553306
page_index,time_cycles
0,629990
page_index,time_cycles
0,340216
page_index,time_cycles
0,909096
page_index,time_cycles
0,557648
page_index,time_cycles
0,424256
page_index,time_cycles
0,328306
page_index,time_cycles
0,608164
page_index,time_cycles
0,1039526
page_index,time_cycles
0,831382
page_index,time_cycles
0,1575046
page_index,time_cycles
0,1876494
page_index,time_cycles
0,586948
page_index,time_cycles
0,1111814
page_index,time_cycles
0,1122534
page_index,time_cycles
0,245778
page_index,time_cycles
0,706238
page_index,time_cycles
0,1407202
page_index,time_cycles
0,1502088
page_index,time_cycles
0,1110512
page_index,time_cycles
0,1601404
page_index,time_cycles
0,281002
page_index,time_cycles
0,1281540
page_index,time_cycles
0,1093252
page_index,time_cycles
0,1818508
page_index,time_cycles
0,1479576
page_index,time_cycles
0,1244744
page_index,time_cycles
0,1650974
page_index,time_cycles
0,994296
page_index,time_cycles
0,1816810
page_index,time_cycles
0,1147578
page_index,time_cycles
0,1831628
page_index,time_cycles
0,1401504
page_index,time_cycles
0,1497748
page_index,time_cycles
0,647102
page_index,time_cycles
0,1122750
page_index,time_cycles
0,1346096
page_index,time_cycles
0,1201942
page_index,time_cycles
0,2381084
page_index,time_cycles
0,1623212
page_index,time_cycles
0,1528052
page_index,time_cycles
0,1926594
page_index,time_cycles
0,352650
page_index,time_cycles
0,2815770
page_index,time_cycles
0,1737832
page_index,time_cycles
0,1672144
page_index,time_cycles
0,1093426
page_index,time_cycles
0,947378
page_index,time_cycles
0,1352964
page_index,time_cycles
0,795498
page_index,time_cycles
0,294664
page_index,time_cycles
0,1929674
page_index,time_cycles
0,1535936
page_index,time_cycles
0,1282606
page_index,time_cycles
0,2501512
page_index,time_cycles
0,2248990
page_index,time_cycles
0,1577508
page_index,time_cycles
0,1265034
page_index,time_cycles
0,731556
page_index,time_cycles
0,1659882
page_index,time_cycles
0,426020
page_index,time_cycles
0,439502
page_index,time_cycles
0,1212392
page_index,time_cycles
0,1514108
page_index,time_cycles
0,369368
page_index,time_cycles
0,1759046
page_index,time_cycles
0,220452
page_index,time_cycles
0,951662
page_index,time_cycles
0,1752398
page_index,time_cycles
0,2002866
page_index,time_cycles
0,484536
page_index,time_cycles
0,772790
page_index,time_cycles
0,1199220
page_index,time_cycles
0,331650
page_index,time_cycles
0,417184
page_index,time_cycles
0,1214686
page_index,time_cycles
0,236420
page_index,time_cycles
0,1793840
page_index,time_cycles
0,1195214
page_index,time_cycles
0,1123824
page_index,time_cycles
0,1338644
page_index,time_cycles
0,732060
page_index,time_cycles
0,745856
page_index,time_cycles
0,1690104
page_index,time_cycles
0,1013300
page_index,time_cycles
0,355722
page_index,time_cycles
0,321996
page_index,time_cycles
0,987816
page_index,time_cycles
0,1190766
page_index,time_cycles
0,1543504
page_index,time_cycles
0,279838
page_index,time_cycles
0,1377576
page_index,time_cycles
0,222774
page_index,time_cycles
0,1074218
page_index,time_cycles
0,276784
page_index,time_cycles
0,1242044
page_index,time_cycles
0,617986
page_index,time_cycles
0,1462328
page_index,time_cycles
0,838106
page_index,time_cycles
0,828448
page_index,time_cycles
0,813222
page_index,time_cycles
0,2291244
page_index,time_cycles
0,1913674
page_index,time_cycles
0,245080
page_index,time_cycles
0,1171550
page_index,time_cycles
0,291834
page_index,time_cycles
0,1109892
page_index,time_cycles
0,1505086
page_index,time_cycles
0,812956
page_index,time_cycles
0,965252
page_index,time_cycles
0,1981352
page_index,time_cycles
0,1312684
page_index,time_cycles
0,1201830
page_index,time_cycles
0,1766348
page_index,time_cycles
0,872408
page_index,time_cycles
0,600002
page_index,time_cycles
0,1143936
page_index,time_cycles
0,2308548
page_index,time_cycles
0,494252
page_index,time_cycles
0,2861772
page_index,time_cycles
0,1145208
page_index,time_cycles
0,1190490
page_index,time_cycles
0,1025046
page_index,time_cycles
0,1621760
page_index,time_cycles
0,390790
page_index,time_cycles
0,1310154
page_index,time_cycles
0,462520
page_index,time_cycles
0,1048096
page_index,time_cycles
0,1301714
page_index,time_cycles
0,1417960
page_index,time_cycles
0,2103634
page_index,time_cycles
0,320020
page_index,time_cycles
0,1376800
page_index,time_cycles
0,1240152
page_index,time_cycles
0,2877590
page_index,time_cycles
0,1547446
page_index,time_cycles
0,1466566
page_index,time_cycles
0,1878954
page_index,time_cycles
0,1189868
page_index,time_cycles
0,1917352
page_index,time_cycles
0,304268
page_index,time_cycles
0,919074
page_index,time_cycles
0,706062
page_index,time_cycles
0,1088208
page_index,time_cycles
0,561850
page_index,time_cycles
0,1024994
page_index,time_cycles
0,1652134
page_index,time_cycles
0,264742
page_index,time_cycles
0,712762
page_index,time_cycles
0,1055498
page_index,time_cycles
0,1758446
page_index,time_cycles
0,2366028
page_index,time_cycles
0,410512
page_index,time_cycles
0,1594746
page_index,time_cycles
0,847026
page_index,time_cycles
0,874594
page_index,time_cycles
0,231282
page_index,time_cycles
0,704412
page_index,time_cycles
0,2381820
page_index,time_cycles
0,781438
page_index,time_cycles
0,1351794
page_index,time_cycles
0,1751924
page_index,time_cycles
0,1280136
page_index,time_cycles
0,1334356
page_index,time_cycles
0,236928
page_index,time_cycles
0,1408550
page_index,time_cycles
0,969860
page_index,time_cycles
0,1580446
page_index,time_cycles
0,726390
page_index,time_cycles
0,288680
page_index,time_cycles
0,2118088
page_index,time_cycles
0,1109404
page_index,time_cycles
0,1137408
page_index,time_cycles
0,581354
page_index,time_cycles
0,1006980
page_index,time_cycles
0,1096356
page_index,time_cycles
0,1437026
page_index,time_cycles
0,930048
page_index,time_cycles
0,1295236
page_index,time_cycles
0,220196
page_index,time_cycles
0,1036346
page_index,time_cycles
0,1909644
page_index,time_cycles
0,1477052
page_index,time_cycles
0,401504
page_index,time_cycles
0,1233634
page_index,time_cycles
0,1171602
page_index,time_cycles
0,276642
page_index,time_cycles
0,2155650
page_index,time_cycles
0,353866
page_index,time_cycles
0,913640
page_index,time_cycles
0,1495312
page_index,time_cycles
0,2188696
page_index,time_cycles
0,1187472
page_index,time_cycles
0,1204330
page_index,time_cycles
0,645964
page_index,time_cycles
0,353252
page_index,time_cycles
0,755884
page_index,time_cycles
0,1646026
page_index,time_cycles
0,877804
page_index,time_cycles
0,1439786
page_index,time_cycles
0,1006956
page_index,time_cycles
0,1793178
page_index,time_cycles
0,1159706
page_index,time_cycles
0,1622988
page_index,time_cycles
0,714152
page_index,time_cycles
0,1592200
page_index,time_cycles
0,903164
page_index,time_cycles
0,2213900
page_index,time_cycles
0,2036122
page_index,time_cycles
0,613638
page_index,time_cycles
0,1712836
page_index,time_cycles
0,1252764
page_index,time_cycles
0,290932
page_index,time_cycles
0,1555282
page_index,time_cycles
0,1317672
page_index,time_cycles
0,2623068
page_index,time_cycles
0,2089954
page_index,time_cycles
0,952814
page_index,time_cycles
0,1850642
page_index,time_cycles
0,254418
page_index,time_cycles
0,517546
page_index,time_cycles
0,288316
page_index,time_cycles
0,1373938
page_index,time_cycles
0,1814056
page_index,time_cycles
0,713010
page_index,time_cycles
0,776548
page_index,time_cycles
0,1263664
page_index,time_cycles
0,475600
page_index,time_cycles
0,1030746
page_index,time_cycles
0,271834
page_index,time_cycles
0,810518
page_index,time_cycles
0,824148
page_index,time_cycles
0,1133896
page_index,time_cycles
0,301024
page_index,time_cycles
0,296640
page_index,time_cycles
0,1268072
page_index,time_cycles
0,287270
page_index,time_cycles
0,2068690
page_index,time_cycles
0,338516
page_index,time_cycles
0,2212562
page_index,time_cycles
0,767852
page_index,time_cycles
0,1784492
page_index,time_cycles
0,1003218
page_index,time_cycles
0,1106302
page_index,time_cycles
0,1646176
page_index,time_cycles
0,226004
page_index,time_cycles
0,1309924
page_index,time_cycles
0,953512
page_index,time_cycles
0,2654458
page_index,time_cycles
0,242508
page_index,time_cycles
0,973342
page_index,time_cycles
0,2290824
page_index,time_cycles
0,1198810
page_index,time_cycles
0,1179540
page_index,time_cycles
0,1023394
page_index,time_cycles
0,1225410
page_index,time_cycles
0,1498510
page_index,time_cycles
0,462008
page_index,time_cycles
0,1003098
page_index,time_cycles
0,1959694
page_index,time_cycles
0,1370810
page_index,time_cycles
0,1240242
page_index,time_cycles
0,418354
page_index,time_cycles
0,1483594
page_index,time_cycles
0,821362
page_index,time_cycles
0,943502
page_index,time_cycles
0,1725006
page_index,time_cycles
0,267498
page_index,time_cycles
0,2022784
page_index,time_cycles
0,2417282
page_index,time_cycles
0,1161948
page_index,time_cycles
0,1458162
page_index,time_cycles
0,282570
page_index,time_cycles
0,1789362
page_index,time_cycles
0,1153554
page_index,time_cycles
0,1489180
page_index,time_cycles
0,1812460
page_index,time_cycles
0,286504
page_index,time_cycles
0,1413850
page_index,time_cycles
0,2968546
page_index,time_cycles
0,1680306
page_index,time_cycles
0,983428
page_index,time_cycles
0,953366
page_index,time_cycles
0,1676458
page_index,time_cycles
0,1743180
page_index,time_cycles
0,431844
page_index,time_cycles
0,749744
page_index,time_cycles
0,518524
page_index,time_cycles
0,2028258
page_index,time_cycles
0,919368
page_index,time_cycles
0,2227404
page_index,time_cycles
0,1818706
page_index,time_cycles
0,1516314
page_index,time_cycles
0,1067612
page_index,time_cycles
0,2054680
page_index,time_cycles
0,757994
page_index,time_cycles
0,907274
page_index,time_cycles
0,582012
page_index,time_cycles
0,1167920
page_index,time_cycles
0,2230828
page_index,time_cycles
0,268864
page_index,time_cycles
0,1761082
page_index,time_cycles
0,725766
page_index,time_cycles
0,2280806
page_index,time_cycles
0,1744908
page_index,time_cycles
0,619292
page_index,time_cycles
0,926544
page_index,time_cycles
0,2608276
page_index,time_cycles
0,1187146
page_index,time_cycles
0,948668
page_index,time_cycles
0,218722
page_index,time_cycles
0,1498292
page_index,time_cycles
0,2295754
page_index,time_cycles
0,613748
page_index,time_cycles
0,2141774
page_index,time_cycles
0,2216142
page_index,time_cycles
0,1608182
page_index,time_cycles
0,1355582
page_index,time_cycles
0,789906
page_index,time_cycles
0,260340
page_index,time_cycles
0,1718738
page_index,time_cycles
0,1213396
page_index,time_cycles
0,1421452
page_index,time_cycles
0,1319116
page_index,time_cycles
0,498080
page_index,time_cycles
0,886256
page_index,time_cycles
0,1888364
page_index,time_cycles
0,1143040
page_index,time_cycles
0,1404984
page_index,time_cycles
0,274460
page_index,time_cycles
0,1511960
page_index,time_cycles
0,1740144
page_index,time_cycles
0,279336
page_index,time_cycles
0,243996
page_index,time_cycles
0,760136
page_index,time_cycles
0,2242274
page_index,time_cycles
0,270658
page_index,time_cycles
0,1827018
page_index,time_cycles
0,1455816
page_index,time_cycles
0,312986
page_index,time_cycles
0,2129490
page_index,time_cycles
0,1411434
page_index,time_cycles
0,2183956
page_index,time_cycles
0,1280224
page_index,time_cycles
0,1716410
page_index,time_cycles
0,1480770
page_index,time_cycles
0,448366
page_index,time_cycles
0,1722188
page_index,time_cycles
0,1076736
page_index,time_cycles
0,1217542
page_index,time_cycles
0,1027398
page_index,time_cycles
0,975486
page_index,time_cycles
0,2063482
page_index,time_cycles
0,2018458
page_index,time_cycles
0,1326488
page_index,time_cycles
0,1387382
page_index,time_cycles
0,1492810
page_index,time_cycles
0,1221050
page_index,time_cycles
0,541614
page_index,time_cycles
0,1355202
page_index,time_cycles
0,218550
page_index,time_cycles
0,1319900
page_index,time_cycles
0,1763062
page_index,time_cycles
0,1047604
page_index,time_cycles
0,1283796
page_index,time_cycles
0,1628050
page_index,time_cycles
0,1284490
page_index,time_cycles
0,268634
page_index,time_cycles
0,281848
page_index,time_cycles
0,314594
page_index,time_cycles
0,1004570
page_index,time_cycles
0,477836
page_index,time_cycles
0,1327732
page_index,time_cycles
0,278096
page_index,time_cycles
0,589952
page_index,time_cycles
0,1395628
page_index,time_cycles
0,1376726
page_index,time_cycles
0,1945056
page_index,time_cycles
0,292270
page_index,time_cycles
0,384934
page_index,time_cycles
0,2056468
page_index,time_cycles
0,739132
page_index,time_cycles
0,1383024
page_index,time_cycles
0,1322310
page_index,time_cycles
0,1339528
page_index,time_cycles
0,845080
page_index,time_cycles
0,742974
page_index,time_cycles
0,2100278
page_index,time_cycles
0,1054254
page_index,time_cycles
0,1334574
page_index,time_cycles
0,568954
page_index,time_cycles
0,1032076
page_index,time_cycles
0,367488
page_index,time_cycles
0,2390536
page_index,time_cycles
0,778698
page_index,time_cycles
0,1229610
page_index,time_cycles
0,1197512
page_index,time_cycles
0,1246142
page_index,time_cycles
0,3071476
page_index,time_cycles
0,1250532
page_index,time_cycles
0,332892
page_index,time_cycles
0,1654962
page_index,time_cycles
0,1523114
page_index,time_cycles
0,217402
page_index,time_cycles
0,1624534
page_index,time_cycles
0,1233940
page_index,time_cycles
0,210298
page_index,time_cycles
0,450910
page_index,time_cycles
0,1692618
page_index,time_cycles
0,1998980
page_index,time_cycles
0,1591034
page_index,time_cycles
0,1081120
page_index,time_cycles
0,896504
page_index,time_cycles
0,2108002
page_index,time_cycles
0,1890164
page_index,time_cycles
0,1738798
page_index,time_cycles
0,1609566
page_index,time_cycles
0,1568458
page_index,time_cycles
0,269036
page_index,time_cycles
0,522922
page_index,time_cycles
0,709586
page_index,time_cycles
0,1393470
page_index,time_cycles
0,1209780
page_index,time_cycles
0,325294
page_index,time_cycles
0,1482592
page_index,time_cycles
0,1272870
page_index,time_cycles
0,1516798
page_index,time_cycles
0,763070
page_index,time_cycles
0,330206
page_index,time_cycles
0,1136238
page_index,time_cycles
0,355748
page_index,time_cycles
0,1740752
page_index,time_cycles
0,368802
page_index,time_cycles
0,1595476
page_index,time_cycles
0,3098334
page_index,time_cycles
0,1229326
page_index,time_cycles
0,398566
page_index,time_cycles
0,1837736
page_index,time_cycles
0,1708284
page_index,time_cycles
0,1538902
page_index,time_cycles
0,1421440
page_index,time_cycles
0,1273010
page_index,time_cycles
0,1932968
page_index,time_cycles
0,534780
page_index,time_cycles
0,1609006
page_index,time_cycles
0,1577100
page_index,time_cycles
0,1648240
page_index,time_cycles
0,273346
page_index,time_cycles
0,1420674
page_index,time_cycles
0,1942920
page_index,time_cycles
0,1584064
page_index,time_cycles
0,1574556
page_index,time_cycles
0,1673672
page_index,time_cycles
0,1334520
page_index,time_cycles
0,1928876
page_index,time_cycles
0,655096
page_index,time_cycles
0,521598
page_index,time_cycles
0,273738
page_index,time_cycles
0,284538
page_index,time_cycles
0,1434182
page_index,time_cycles
0,1522524
page_index,time_cycles
0,1416318
page_index,time_cycles
0,1183746
page_index,time_cycles
0,1448506
page_index,time_cycles
0,2003106
page_index,time_cycles
0,717904
page_index,time_cycles
0,282002
page_index,time_cycles
0,1105280
page_index,time_cycles
0,1143026
page_index,time_cycles
0,587272
page_index,time_cycles
0,2263636
page_index,time_cycles
0,884284
page_index,time_cycles
0,1265732
page_index,time_cycles
0,1708302
page_index,time_cycles
0,1114518
page_index,time_cycles
0,1214126
page_index,time_cycles
0,370718
page_index,time_cycles
0,1479970
page_index,time_cycles
0,1249710
page_index,time_cycles
0,364436
page_index,time_cycles
0,1157642
page_index,time_cycles
0,1748114
page_index,time_cycles
0,314684
page_index,time_cycles
0,1274428
page_index,time_cycles
0,294744
page_index,time_cycles
0,2069412
page_index,time_cycles
0,631628
page_index,time_cycles
0,1205644
page_index,time_cycles
0,1412644
page_index,time_cycles
0,1717134
page_index,time_cycles
0,1292284
page_index,time_cycles
0,933568
page_index,time_cycles
0,268306
page_index,time_cycles
0,1954618
page_index,time_cycles
0,282326
page_index,time_cycles
0,382770
page_index,time_cycles
0,1764246
page_index,time_cycles
0,2374104
page_index,time_cycles
0,820450
page_index,time_cycles
0,1109124
page_index,time_cycles
0,1517380
page_index,time_cycles
0,1724368
page_index,time_cycles
0,1337808
page_index,time_cycles
0,963626
page_index,time_cycles
0,278116
page_index,time_cycles
0,318526
page_index,time_cycles
0,282448
page_index,time_cycles
0,1355464
page_index,time_cycles
0,918308
page_index,time_cycles
0,248408
page_index,time_cycles
0,684102
page_index,time_cycles
0,284366
page_index,time_cycles
0,1448926
page_index,time_cycles
0,315460
page_index,time_cycles
0,1467066
page_index,time_cycles
0,1378966
page_index,time_cycles
0,874498
page_index,time_cycles
0,1213464
page_index,time_cycles
0,1205360
page_index,time_cycles
0,1049620
page_index,time_cycles
0,1245784
page_index,time_cycles
0,265740
page_index,time_cycles
0,1214326
page_index,time_cycles
0,1360724
page_index,time_cycles
0,1579324
page_index,time_cycles
0,1072558
page_index,time_cycles
0,1093332
page_index,time_cycles
0,984376
page_index,time_cycles
0,914150
page_index,time_cycles
0,1591032
page_index,time_cycles
0,926616
page_index,time_cycles
0,874054
page_index,time_cycles
0,454716
page_index,time_cycles
0,519572
page_index,time_cycles
0,1210300
page_index,time_cycles
0,309874
page_index,time_cycles
0,1669916
page_index,time_cycles
0,1263948
page_index,time_cycles
0,2291912
page_index,time_cycles
0,1225858
page_index,time_cycles
0,1482406
page_index,time_cycles
0,716814
page_index,time_cycles
0,1306978
page_index,time_cycles
0,1210666
page_index,time_cycles
0,1569808
page_index,time_cycles
0,2482884
page_index,time_cycles
0,1167114
page_index,time_cycles
0,1036312
page_index,time_cycles
0,1964524
page_index,time_cycles
0,1217484
page_index,time_cycles
0,688642
page_index,time_cycles
0,559328
page_index,time_cycles
0,723492
page_index,time_cycles
0,1063096
page_index,time_cycles
0,570138
page_index,time_cycles
0,906540
page_index,time_cycles
0,1558008
page_index,time_cycles
0,523798
page_index,time_cycles
0,1598144
page_index,time_cycles
0,1240424
page_index,time_cycles
0,1789068
page_index,time_cycles
0,2327096
page_index,time_cycles
0,2012102
page_index,time_cycles
0,1174740
page_index,time_cycles
0,2243924
page_index,time_cycles
0,1009228
page_index,time_cycles
0,281044
page_index,time_cycles
0,2159886
page_index,time_cycles
0,414382
page_index,time_cycles
0,1149892
page_index,time_cycles
0,1525018
page_index,time_cycles
0,1434252
page_index,time_cycles
0,1082992
page_index,time_cycles
0,556116
page_index,time_cycles
0,1145318
page_index,time_cycles
0,220274
page_index,time_cycles
0,814128
page_index,time_cycles
0,1070706
page_index,time_cycles
0,1426874
page_index,time_cycles
0,1282358
page_index,time_cycles
0,2044000
page_index,time_cycles
0,1323462
page_index,time_cycles
0,1870406
page_index,time_cycles
0,953830
page_index,time_cycles
0,279866
page_index,time_cycles
0,1300528
page_index,time_cycles
0,1178522
page_index,time_cycles
0,814450
page_index,time_cycles
0,1538770
page_index,time_cycles
0,763780
page_index,time_cycles
0,488928
page_index,time_cycles
0,1838812
page_index,time_cycles
0,272706
page_index,time_cycles
0,269976
page_index,time_cycles
0,1448520
page_index,time_cycles
0,364374
page_index,time_cycles
0,607652
page_index,time_cycles
0,665842
page_index,time_cycles
0,783762
page_index,time_cycles
0,757240
page_index,time_cycles
0,273686
page_index,time_cycles
0,1183780
page_index,time_cycles
0,1290978
page_index,time_cycles
0,1062596
page_index,time_cycles
0,2050496
page_index,time_cycles
0,1784534
page_index,time_cycles
0,1340292
page_index,time_cycles
0,1945118
page_index,time_cycles
0,280384
page_index,time_cycles
0,1262512
page_index,time_cycles
0,1233060
page_index,time_cycles
0,1613064
page_index,time_cycles
0,1451676
page_index,time_cycles
0,1515448
page_index,time_cycles
0,1618534
page_index,time_cycles
0,295206
page_index,time_cycles
0,650670
page_index,time_cycles
0,1582412
page_index,time_cycles
0,1106462
page_index,time_cycles
0,688316
page_index,time_cycles
0,1510556
page_index,time_cycles
0,1378396
page_index,time_cycles
0,863498
page_index,time_cycles
0,776338
page_index,time_cycles
0,554036
page_index,time_cycles
0,1210276
page_index,time_cycles
0,1280470
page_index,time_cycles
0,1817370
page_index,time_cycles
0,854492
page_index,time_cycles
0,1721898
page_index,time_cycles
0,467258
page_index,time_cycles
0,425832
page_index,time_cycles
0,1299394
page_index,time_cycles
0,1240728
page_index,time_cycles
0,797890
page_index,time_cycles
0,1414680
page_index,time_cycles
0,1247590
page_index,time_cycles
0,268822
page_index,time_cycles
0,1100370
page_index,time_cycles
0,1277672
page_index,time_cycles
0,2760092
page_index,time_cycles
0,2473762
page_index,time_cycles
0,210552
page_index,time_cycles
0,3266044
page_index,time_cycles
0,936082
page_index,time_cycles
0,1773398
page_index,time_cycles
0,1115332
page_index,time_cycles
0,272386
page_index,time_cycles
0,290808
page_index,time_cycles
0,510178
page_index,time_cycles
0,1340516
page_index,time_cycles
0,207016
page_index,time_cycles
0,1037758
page_index,time_cycles
0,1427506
page_index,time_cycles
0,1412888
page_index,time_cycles
0,649796
page_index,time_cycles
0,228462
page_index,time_cycles
0,1163440
page_index,time_cycles
0,892696
page_index,time_cycles
0,291422
page_index,time_cycles
0,2199440
page_index,time_cycles
0,1299838
page_index,time_cycles
0,1278584
page_index,time_cycles
0,1962320
page_index,time_cycles
0,896344
page_index,time_cycles
0,871136
page_index,time_cycles
0,2269632
page_index,time_cycles
0,565332
page_index,time_cycles
0,1024472
page_index,time_cycles
0,755946
page_index,time_cycles
0,270044
page_index,time_cycles
0,311910
page_index,time_cycles
0,1070818
page_index,time_cycles
0,829546
page_index,time_cycles
0,1249336
page_index,time_cycles
0,638884
page_index,time_cycles
0,1771206
page_index,time_cycles
0,1324658
page_index,time_cycles
0,279332
page_index,time_cycles
0,747998
page_index,time_cycles
0,1697582
page_index,time_cycles
0,670146
page_index,time_cycles
0,681996
page_index,time_cycles
0,3301286
page_index,time_cycles
0,1516060
page_index,time_cycles
0,1373778
page_index,time_cycles
0,867900
page_index,time_cycles
0,345918
page_index,time_cycles
0,1098660
page_index,time_cycles
0,1637002
page_index,time_cycles
0,1401214
page_index,time_cycles
0,1980926
page_index,time_cycles
0,1362218
page_index,time_cycles
0,654462
page_index,time_cycles
0,314544
page_index,time_cycles
0,1653726
page_index,time_cycles
0,1761492
page_index,time_cycles
0,250282
page_index,time_cycles
0,280224
page_index,time_cycles
0,1850468
page_index,time_cycles
0,285294
page_index,time_cycles
0,1420380
page_index,time_cycles
0,2060508
page_index,time_cycles
0,1246556
page_index,time_cycles
0,1279832
page_index,time_cycles
0,951694
page_index,time_cycles
0,1398052
page_index,time_cycles
0,1469292
page_index,time_cycles
0,712182
page_index,time_cycles
0,1717634
page_index,time_cycles
0,1360002
page_index,time_cycles
0,610936
page_index,time_cycles
0,1194366
page_index,time_cycles
0,1127400
page_index,time_cycles
0,535722
page_index,time_cycles
0,286344
page_index,time_cycles
0,1556696
page_index,time_cycles
0,1199120
page_index,time_cycles
0,320522
page_index,time_cycles
0,581268
page_index,time_cycles
0,1086902
page_index,time_cycles
0,1298742
page_index,time_cycles
0,1251992
page_index,time_cycles
0,641066
page_index,time_cycles
0,314194
page_index,time_cycles
0,1735772
page_index,time_cycles
0,1245764
page_index,time_cycles
0,1221094
page_index,time_cycles
0,469666
page_index,time_cycles
0,1273114
page_index,time_cycles
0,1291666
page_index,time_cycles
0,817774
page_index,time_cycles
0,1336686
page_index,time_cycles
0,1205878
page_index,time_cycles
0,270108
page_index,time_cycles
0,1463792
page_index,time_cycles
0,1032006
page_index,time_cycles
0,897982
page_index,time_cycles
0,215480
page_index,time_cycles
0,1775300
page_index,time_cycles
0,337004
page_index,time_cycles
0,1342008
page_index,time_cycles
0,1734894
page_index,time_cycles
0,1831854
page_index,time_cycles
0,1187188
page_index,time_cycles
0,264274
page_index,time_cycles
0,791366
page_index,time_cycles
0,986572
page_index,time_cycles
0,1513296
page_index,time_cycles
0,1285340
page_index,time_cycles
0,2056868
page_index,time_cycles
0,1143630
page_index,time_cycles
0,2240966
page_index,time_cycles
0,248012
page_index,time_cycles
0,1477022
page_index,time_cycles
0,1149140
page_index,time_cycles
0,1261098
page_index,time_cycles
0,267272
page_index,time_cycles
0,313914
page_index,time_cycles
0,815808
page_index,time_cycles
0,477232
page_index,time_cycles
0,1051982
page_index,time_cycles
0,1327732
page_index,time_cycles
0,257696
page_index,time_cycles
0,1774214
page_index,time_cycles
0,259042
page_index,time_cycles
0,1322486
page_index,time_cycles
0,414970
page_index,time_cycles
0,2689958
page_index,time_cycles
0,271318
page_index,time_cycles
0,804964
page_index,time_cycles
0,1058504
page_index,time_cycles
0,983252
page_index,time_cycles
0,1534400
page_index,time_cycles
0,1702872
page_index,time_cycles
0,1518148
page_index,time_cycles
0,711178
page_index,time_cycles
0,2403086
page_index,time_cycles
0,1422740
page_index,time_cycles
0,1455248
page_index,time_cycles
0,1221226
page_index,time_cycles
0,1031594
page_index,time_cycles
0,1274526
page_index,time_cycles
0,1639396
page_index,time_cycles
0,250292
page_index,time_cycles
0,1591894
page_index,time_cycles
0,1281508
page_index,time_cycles
0,270072
page_index,time_cycles
0,1588404
page_index,time_cycles
0,1904040
page_index,time_cycles
0,279074
page_index,time_cycles
0,1182124
page_index,time_cycles
0,2253572
page_index,time_cycles
0,1382556
page_index,time_cycles
0,1313410
page_index,time_cycles
0,1255032
page_index,time_cycles
0,1496908
page_index,time_cycles
0,1890640
page_index,time_cycles
0,1229838
page_index,time_cycles
0,1104676
page_index,time_cycles
0,1373950
page_index,time_cycles
0,210834
page_index,time_cycles
0,1515184
page_index,time_cycles
0,1497152
page_index,time_cycles
0,2182152
page_index,time_cycles
0,572506
page_index,time_cycles
0,1690318
page_index,time_cycles
0,1447652
page_index,time_cycles
0,1777200
page_index,time_cycles
0,2112938
page_index,time_cycles
0,743164
page_index,time_cycles
0,1196800
page_index,time_cycles
0,530896
page_index,time_cycles
0,280480
page_index,time_cycles
0,1494522
page_index,time_cycles
0,1568502
page_index,time_cycles
0,1313510
page_index,time_cycles
0,1245500
page_index,time_cycles
0,1453130
page_index,time_cycles
0,1802616
page_index,time_cycles
0,744232
page_index,time_cycles
0,1379430
page_index,time_cycles
0,1046690
page_index,time_cycles
0,577452
page_index,time_cycles
0,1997114
page_index,time_cycles
0,2383248
page_index,time_cycles
0,306444
page_index,time_cycles
0,561588
page_index,time_cycles
0,1283666
page_index,time_cycles
0,404490
page_index,time_cycles
0,2075314
page_index,time_cycles
0,1259482
page_index,time_cycles
0,1492852
page_index,time_cycles
0,1543980
page_index,time_cycles
0,543864
page_index,time_cycles
0,313384
page_index,time_cycles
0,1161532
page_index,time_cycles
0,1297134
page_index,time_cycles
0,1441184
page_index,time_cycles
0,1117766
page_index,time_cycles
0,1136038
page_index,time_cycles
0,1533600
page_index,time_cycles
0,1149460
page_index,time_cycles
0,776896
page_index,time_cycles
0,753254
page_index,time_cycles
0,2070972
page_index,time_cycles
0,923994
page_index,time_cycles
0,559996
page_index,time_cycles
0,527318
page_index,time_cycles
0,1637414
page_index,time_cycles
0,535410
page_index,time_cycles
0,1139880
page_index,time_cycles
0,555444
page_index,time_cycles
0,2206914
page_index,time_cycles
0,804634
page_index,time_cycles
0,916294
page_index,time_cycles
0,1347214
page_index,time_cycles
0,294492
page_index,time_cycles
0,1779914
page_index,time_cycles
0,1609748
page_index,time_cycles
0,480004
page_index,time_cycles
0,329502
page_index,time_cycles
0,285318
page_index,time_cycles
0,2386566
page_index,time_cycles
0,1557604
page_index,time_cycles
0,1935620
page_index,time_cycles
0,1788950
page_index,time_cycles
0,930062
page_index,time_cycles
0,1190744
page_index,time_cycles
0,470098
page_index,time_cycles
0,939138
page_index,time_cycles
0,1343520
page_index,time_cycles
0,1553786
page_index,time_cycles
0,1569094
page_index,time_cycles
0,1380888
page_index,time_cycles
0,1155138
page_index,time_cycles
0,1224234
page_index,time_cycles
0,1403728
page_index,time_cycles
0,971390
page_index,time_cycles
0,1153410
page_index,time_cycles
0,894200
page_index,time_cycles
0,1196500
page_index,time_cycles
0,789928
page_index,time_cycles
0,1278614
page_index,time_cycles
0,2524274
page_index,time_cycles
0,1232988
page_index,time_cycles
0,1291330
page_index,time_cycles
0,541582
page_index,time_cycles
0,295488
page_index,time_cycles
0,1407226
page_index,time_cycles
0,958934
page_index,time_cycles
0,1360908
page_index,time_cycles
0,413978
page_index,time_cycles
0,309544
page_index,time_cycles
0,1325640
page_index,time_cycles
0,2161554
page_index,time_cycles
0,1358404
page_index,time_cycles
0,1108590
page_index,time_cycles
0,1317158
page_index,time_cycles
0,1206276
page_index,time_cycles
0,754430
page_index,time_cycles
0,2156902
page_index,time_cycles
0,1332486
page_index,time_cycles
0,277906
page_index,time_cycles
0,1497286
page_index,time_cycles
0,1162612
page_index,time_cycles
0,2087836
page_index,time_cycles
0,2066350
page_index,time_cycles
0,835146
page_index,time_cycles
0,1381924
page_index,time_cycles
0,2431336
page_index,time_cycles
0,785762
page_index,time_cycles
0,523364
page_index,time_cycles
0,2125186
page_index,time_cycles
0,1062796
page_index,time_cycles
0,1470354
page_index,time_cycles
0,973642
page_index,time_cycles
0,1655620
page_index,time_cycles
0,1421584
page_index,time_cycles
0,1859152
page_index,time_cycles
0,1466548
page_index,time_cycles
0,1539654
page_index,time_cycles
0,1676536
page_index,time_cycles
0,1165596
page_index,time_cycles
0,1153686
page_index,time_cycles
0,1410284
page_index,time_cycles
0,992334
page_index,time_cycles
0,1392850
page_index,time_cycles
0,1133520
page_index,time_cycles
0,1591164
page_index,time_cycles
0,955216
page_index,time_cycles
0,399068
page_index,time_cycles
0,2043734
page_index,time_cycles
0,1774526
page_index,time_cycles
0,1988234
page_index,time_cycles
0,1888692
page_index,time_cycles
0,1525098
page_index,time_cycles
0,1752358
page_index,time_cycles
0,1111710
page_index,time_cycles
0,317428
page_index,time_cycles
0,997196
page_index,time_cycles
0,283550
page_index,time_cycles
0,1798336
page_index,time_cycles
0,2375670
page_index,time_cycles
0,505716
page_index,time_cycles
0,637780
page_index,time_cycles
0,1345222
page_index,time_cycles
0,1380144
page_index,time_cycles
0,755482
page_index,time_cycles
0,2100638
page_index,time_cycles
0,333956
page_index,time_cycles
0,909540
page_index,time_cycles
0,389324
page_index,time_cycles
0,347488
page_index,time_cycles
0,1941128
page_index,time_cycles
0,1337574
page_index,time_cycles
0,1241948
page_index,time_cycles
0,1283842
page_index,time_cycles
0,2155148
page_index,time_cycles
0,891334
page_index,time_cycles
0,983516
page_index,time_cycles
0,1700596
page_index,time_cycles
0,544238
page_index,time_cycles
0,2725220
page_index,time_cycles
0,1303048
page_index,time_cycles
0,1121148
page_index,time_cycles
0,1123892
page_index,time_cycles
0,625336
page_index,time_cycles
0,594774
page_index,time_cycles
0,390384
page_index,time_cycles
0,914062
page_index,time_cycles
0,1645164
page_index,time_cycles
0,267646
page_index,time_cycles
0,1211012
page_index,time_cycles
0,673814
page_index,time_cycles
0,256078
page_index,time_cycles
0,1486360
page_index,time_cycles
0,283284
page_index,time_cycles
0,1379170
page_index,time_cycles
0,681802
page_index,time_cycles
0,2321858
page_index,time_cycles
0,2070668
page_index,time_cycles
0,276336
page_index,time_cycles
0,1267518
page_index,time_cycles
0,1598826
page_index,time_cycles
0,785018
page_index,time_cycles
0,1671128
page_index,time_cycles
0,299266
page_index,time_cycles
0,1491088
page_index,time_cycles
0,1131956
page_index,time_cycles
0,1244442
page_index,time_cycles
0,289612
page_index,time_cycles
0,1774288
page_index,time_cycles
0,1238658
page_index,time_cycles
0,1244810
page_index,time_cycles
0,1191954
page_index,time_cycles
0,1038200
page_index,time_cycles
0,811692
page_index,time_cycles
0,1646736
page_index,time_cycles
0,1658290
page_index,time_cycles
0,1270100
page_index,time_cycles
0,268578
page_index,time_cycles
0,1720898
page_index,time_cycles
0,1686120
page_index,time_cycles
0,645874
page_index,time_cycles
0,1016216
page_index,time_cycles
0,224328
page_index,time_cycles
0,1444392
page_index,time_cycles
0,1116692
page_index,time_cycles
0,275534
page_index,time_cycles
0,598680
page_index,time_cycles
0,1954254
page_index,time_cycles
0,1599464
page_index,time_cycles
0,1069116
page_index,time_cycles
0,809476
page_index,time_cycles
0,820580
page_index,time_cycles
0,1251072
page_index,time_cycles
0,1443826
page_index,time_cycles
0,2008124
page_index,time_cycles
0,1365726
page_index,time_cycles
0,801008
page_index,time_cycles
0,254610
page_index,time_cycles
0,2033366
page_index,time_cycles
0,728534
page_index,time_cycles
0,739654
page_index,time_cycles
0,1752834
page_index,time_cycles
0,2284418
page_index,time_cycles
0,1169142
page_index,time_cycles
0,276024
page_index,time_cycles
0,338204
page_index,time_cycles
0,1439394
page_index,time_cycles
0,1107746
page_index,time_cycles
0,1930624
page_index,time_cycles
0,948074
page_index,time_cycles
0,2605464
page_index,time_cycles
0,259338
page_index,time_cycles
0,1048984
page_index,time_cycles
0,274934
page_index,time_cycles
0,1285386
page_index,time_cycles
0,1051048
page_index,time_cycles
0,1189684
page_index,time_cycles
0,1089136
page_index,time_cycles
0,523756
page_index,time_cycles
0,560248
page_index,time_cycles
0,2339246
page_index,time_cycles
0,1238788
page_index,time_cycles
0,501948
page_index,time_cycles
0,1657016
page_index,time_cycles
0,1993550
page_index,time_cycles
0,1225256
page_index,time_cycles
0,1209536
page_index,time_cycles
0,805130
page_index,time_cycles
0,1701044
page_index,time_cycles
0,392290
page_index,time_cycles
0,2163790
page_index,time_cycles
0,2280878
page_index,time_cycles
0,870798
page_index,time_cycles
0,1277676
page_index,time_cycles
0,809046
page_index,time_cycles
0,767548
page_index,time_cycles
0,1292674
page_index,time_cycles
0,1595572
page_index,time_cycles
0,678068
page_index,time_cycles
0,1685382
page_index,time_cycles
0,1131158
page_index,time_cycles
0,796488
page_index,time_cycles
0,1128434
page_index,time_cycles
0,1263338
page_index,time_cycles
0,913366
page_index,time_cycles
0,1044306
page_index,time_cycles
0,1443638
page_index,time_cycles
0,1164994
page_index,time_cycles
0,1482678
page_index,time_cycles
0,1351050
page_index,time_cycles
0,2652492
page_index,time_cycles
0,1123860
page_index,time_cycles
0,871002
page_index,time_cycles
0,1004294
page_index,time_cycles
0,1035936
page_index,time_cycles
0,823874
page_index,time_cycles
0,2590192
page_index,time_cycles
0,885522
page_index,time_cycles
0,1467962
page_index,time_cycles
0,1860858
page_index,time_cycles
0,1308490
page_index,time_cycles
0,1279002
page_index,time_cycles
0,889828
page_index,time_cycles
0,1899944
page_index,time_cycles
0,573526
page_index,time_cycles
0,1022684
page_index,time_cycles
0,1003452
page_index,time_cycles
0,2833838
page_index,time_cycles
0,1812604
page_index,time_cycles
0,525518
page_index,time_cycles
0,1664646
page_index,time_cycles
0,1365582
page_index,time_cycles
0,310206
page_index,time_cycles
0,327036
page_index,time_cycles
0,588624
page_index,time_cycles
0,954682
page_index,time_cycles
0,2400524
page_index,time_cycles
0,893520
page_index,time_cycles
0,1318890
page_index,time_cycles
0,355368
page_index,time_cycles
0,554792
page_index,time_cycles
0,1289508
page_index,time_cycles
0,824714
page_index,time_cycles
0,415884
page_index,time_cycles
0,273550
page_index,time_cycles
0,1183142
page_index,time_cycles
0,1327468
page_index,time_cycles
0,1319348
page_index,time_cycles
0,205230
page_index,time_cycles
0,1262092
page_index,time_cycles
0,1524876
page_index,time_cycles
0,288288
page_index,time_cycles
0,660602
page_index,time_cycles
0,1864808
page_index,time_cycles
0,1914882
page_index,time_cycles
0,1164574
page_index,time_cycles
0,670594
page_index,time_cycles
0,1405596
page_index,time_cycles
0,346732
page_index,time_cycles
0,648820
page_index,time_cycles
0,1360686
page_index,time_cycles
0,1358044
page_index,time_cycles
0,1622550
page_index,time_cycles
0,1752358
page_index,time_cycles
0,945420
page_index,time_cycles
0,259948
page_index,time_cycles
0,961794
page_index,time_cycles
0,1334726
page_index,time_cycles
0,509676
page_index,time_cycles
0,1304764
page_index,time_cycles
0,1797276
page_index,time_cycles
0,1284326
page_index,time_cycles
0,1212312
page_index,time_cycles
0,2308812
page_index,time_cycles
0,1097170
page_index,time_cycles
0,912502
page_index,time_cycles
0,1266396
page_index,time_cycles
0,970968
page_index,time_cycles
0,911924
page_index,time_cycles
0,267272
page_index,time_cycles
0,1478122
page_index,time_cycles
0,1514288
page_index,time_cycles
0,1496506
page_index,time_cycles
0,1381878
page_index,time_cycles
0,1822962
page_index,time_cycles
0,405462
page_index,time_cycles
0,1855712
page_index,time_cycles
0,1660318
page_index,time_cycles
0,1462150
page_index,time_cycles
0,1583400
page_index,time_cycles
0,286464
page_index,time_cycles
0,780144
page_index,time_cycles
0,981262
page_index,time_cycles
0,2085304
page_index,time_cycles
0,1012190
page_index,time_cycles
0,1388906
page_index,time_cycles
0,656012
page_index,time_cycles
0,1052982
page_index,time_cycles
0,2038114
page_index,time_cycles
0,1507602
page_index,time_cycles
0,910664
page_index,time_cycles
0,1437190
page_index,time_cycles
0,244626
page_index,time_cycles
0,1403128
page_index,time_cycles
0,1028736
page_index,time_cycles
0,1789896
page_index,time_cycles
0,943726
page_index,time_cycles
0,604142
page_index,time_cycles
0,353612
page_index,time_cycles
0,919134
page_index,time_cycles
0,2344692
page_index,time_cycles
0,1364994
page_index,time_cycles
0,359914
page_index,time_cycles
0,1891180
page_index,time_cycles
0,1718596
page_index,time_cycles
0,1383682
page_index,time_cycles
0,795880
page_index,time_cycles
0,584206
page_index,time_cycles
0,1506716
page_index,time_cycles
0,225072
page_index,time_cycles
0,1025560
page_index,time_cycles
0,1245214
page_index,time_cycles
0,640488
page_index,time_cycles
0,1355676
page_index,time_cycles
0,1721880
page_index,time_cycles
0,744362
page_index,time_cycles
0,2056626
page_index,time_cycles
0,229228
page_index,time_cycles
0,2274878
page_index,time_cycles
0,1445078
page_index,time_cycles
0,816358
page_index,time_cycles
0,1825826
page_index,time_cycles
0,1530210
page_index,time_cycles
0,1032408
page_index,time_cycles
0,693786
page_index,time_cycles
0,1740078
page_index,time_cycles
0,288166
page_index,time_cycles
0,1798036
page_index,time_cycles
0,1298196
page_index,time_cycles
0,1109988
page_index,time_cycles
0,2500256
page_index,time_cycles
0,1304478
page_index,time_cycles
0,1508970
page_index,time_cycles
0,353830
page_index,time_cycles
0,1254504
page_index,time_cycles
0,521306
page_index,time_cycles
0,2280558
page_index,time_cycles
0,235812
page_index,time_cycles
0,1689438
page_index,time_cycles
0,1933044
page_index,time_cycles
0,1129098
page_index,time_cycles
0,1342236
page_index,time_cycles
0,262644
page_index,time_cycles
0,527430
page_index,time_cycles
0,2141336
page_index,time_cycles
0,1217354
page_index,time_cycles
0,454764
page_index,time_cycles
0,1982708
page_index,time_cycles
0,248086
page_index,time_cycles
0,1180650
page_index,time_cycles
0,820630
page_index,time_cycles
0,1323306
page_index,time_cycles
0,1572626
page_index,time_cycles
0,2199578
page_index,time_cycles
0,1496278
page_index,time_cycles
0,409250
page_index,time_cycles
0,346442
page_index,time_cycles
0,1112034
page_index,time_cycles
0,1087444
page_index,time_cycles
0,1204816
page_index,time_cycles
0,1386612
page_index,time_cycles
0,1189146
page_index,time_cycles
0,821964
page_index,time_cycles
0,1136472
page_index,time_cycles
0,842710
page_index,time_cycles
0,1397076
page_index,time_cycles
0,2281668
page_index,time_cycles
0,1371662
page_index,time_cycles
0,1551554
page_index,time_cycles
0,210314
page_index,time_cycles
0,295474
page_index,time_cycles
0,899442
page_index,time_cycles
0,1547540
page_index,time_cycles
0,2393902
page_index,time_cycles
0,316292
page_index,time_cycles
0,1139662
page_index,time_cycles
0,1992732
page_index,time_cycles
0,527172
page_index,time_cycles
0,837470
page_index,time_cycles
0,1708836
page_index,time_cycles
0,904632
page_index,time_cycles
0,1461554
page_index,time_cycles
0,1623220
page_index,time_cycles
0,319550
page_index,time_cycles
0,1301328
page_index,time_cycles
0,895628
page_index,time_cycles
0,1714236
page_index,time_cycles
0,1129374
page_index,time_cycles
0,1191666
page_index,time_cycles
0,1941600
page_index,time_cycles
0,354768
page_index,time_cycles
0,1363600
page_index,time_cycles
0,1931750
page_index,time_cycles
0,1367816
page_index,time_cycles
0,589924
page_index,time_cycles
0,1762532
page_index,time_cycles
0,1475290
page_index,time_cycles
0,1286672
page_index,time_cycles
0,1239776
page_index,time_cycles
0,2460484
page_index,time_cycles
0,568962
page_index,time_cycles
0,1011390
page_index,time_cycles
0,1370450
page_index,time_cycles
0,1306134
page_index,time_cycles
0,1150512
page_index,time_cycles
0,614338
page_index,time_cycles
0,1342872
page_index,time_cycles
0,320994
page_index,time_cycles
0,905730
page_index,time_cycles
0,2865474
page_index,time_cycles
0,1931846
page_index,time_cycles
0,487624
page_index,time_cycles
0,292032
page_index,time_cycles
0,621300
page_index,time_cycles
0,570438
page_index,time_cycles
0,322420
page_index,time_cycles
0,351978
page_index,time_cycles
0,623498
page_index,time_cycles
0,2205392
page_index,time_cycles
0,1392332
page_index,time_cycles
0,946450
page_index,time_cycles
0,1456638
page_index,time_cycles
0,1429528
page_index,time_cycles
0,1598928
page_index,time_cycles
0,2114214
page_index,time_cycles
0,621416
page_index,time_cycles
0,1240792
page_index,time_cycles
0,1610556
page_index,time_cycles
0,1005294
page_index,time_cycles
0,1554800
page_index,time_cycles
0,1640850
page_index,time_cycles
0,3132412
page_index,time_cycles
0,367416
page_index,time_cycles
0,1267024
page_index,time_cycles
0,1294426
page_index,time_cycles
0,1659128
page_index,time_cycles
0,1502412
page_index,time_cycles
0,2045398
page_index,time_cycles
0,2071484
page_index,time_cycles
0,1071398
page_index,time_cycles
0,660810
page_index,time_cycles
0,1121426
page_index,time_cycles
0,1541748
page_index,time_cycles
0,2843660
page_index,time_cycles
0,1128112
page_index,time_cycles
0,847866
page_index,time_cycles
0,2236140
page_index,time_cycles
0,1037856
page_index,time_cycles
0,571716
page_index,time_cycles
0,1859018
page_index,time_cycles
0,390342
page_index,time_cycles
0,974174
page_index,time_cycles
0,957770
page_index,time_cycles
0,1599940
page_index,time_cycles
0,1648674
page_index,time_cycles
0,1314510
page_index,time_cycles
0,280622
page_index,time_cycles
0,207356
page_index,time_cycles
0,1746098
page_index,time_cycles
0,2479130
page_index,time_cycles
0,1775162
page_index,time_cycles
0,1755936
page_index,time_cycles
0,1573344
page_index,time_cycles
0,1488404
page_index,time_cycles
0,875516
page_index,time_cycles
0,777138
page_index,time_cycles
0,1837726
page_index,time_cycles
0,1729608
page_index,time_cycles
0,1220336
page_index,time_cycles
0,616460
page_index,time_cycles
0,479568
page_index,time_cycles
0,1094052
page_index,time_cycles
0,658502
page_index,time_cycles
0,575302
page_index,time_cycles
0,1339188
page_index,time_cycles
0,2195790
page_index,time_cycles
0,772794
page_index,time_cycles
0,277274
page_index,time_cycles
0,2756942
page_index,time_cycles
0,1457690
page_index,time_cycles
0,223502
page_index,time_cycles
0,1726376
page_index,time_cycles
0,1013332
page_index,time_cycles
0,725122
page_index,time_cycles
0,286534
page_index,time_cycles
0,292690
page_index,time_cycles
0,307788
page_index,time_cycles
0,1342284
page_index,time_cycles
0,607566
page_index,time_cycles
0,387882
page_index,time_cycles
0,1391534
page_index,time_cycles
0,1864776
page_index,time_cycles
0,786290
page_index,time_cycles
0,3003228
page_index,time_cycles
0,411316
page_index,time_cycles
0,1122168
page_index,time_cycles
0,351752
page_index,time_cycles
0,2001400
page_index,time_cycles
0,1380982
page_index,time_cycles
0,1312974
page_index,time_cycles
0,3273844
page_index,time_cycles
0,1324188
page_index,time_cycles
0,1805000
page_index,time_cycles
0,1233134
page_index,time_cycles
0,268114
page_index,time_cycles
0,984272
page_index,time_cycles
0,1161638
page_index,time_cycles
0,1350770
page_index,time_cycles
0,1743552
page_index,time_cycles
0,1224176
page_index,time_cycles
0,2168922
page_index,time_cycles
0,439382
page_index,time_cycles
0,1415824
page_index,time_cycles
0,1390776
page_index,time_cycles
0,265938
page_index,time_cycles
0,1828790
page_index,time_cycles
0,1033506
page_index,time_cycles
0,287512
page_index,time_cycles
0,952272
page_index,time_cycles
0,276444
page_index,time_cycles
0,970032
page_index,time_cycles
0,428050
page_index,time_cycles
0,822286
page_index,time_cycles
0,1116354
page_index,time_cycles
0,1419588
page_index,time_cycles
0,1358794
page_index,time_cycles
0,1069246
page_index,time_cycles
0,1865676
page_index,time_cycles
0,1893942
page_index,time_cycles
0,2151342
page_index,time_cycles
0,402392
page_index,time_cycles
0,435786
page_index,time_cycles
0,1815096
page_index,time_cycles
0,1231906
page_index,time_cycles
0,335710
page_index,time_cycles
0,799038
page_index,time_cycles
0,1107326
page_index,time_cycles
0,1822636
page_index,time_cycles
0,589484
page_index,time_cycles
0,1491534
page_index,time_cycles
0,1132580
page_index,time_cycles
0,2275680
page_index,time_cycles
0,1056230
page_index,time_cycles
0,1918446
page_index,time_cycles
0,1662508
page_index,time_cycles
0,675824
page_index,time_cycles
0,956536
page_index,time_cycles
0,1992998
page_index,time_cycles
0,1116748
page_index,time_cycles
0,1115928
page_index,time_cycles
0,1952288
page_index,time_cycles
0,528182
page_index,time_cycles
0,1738048
page_index,time_cycles
0,1418626
page_index,time_cycles
0,1320828
page_index,time_cycles
0,1035698
page_index,time_cycles
0,911172
page_index,time_cycles
0,778620
page_index,time_cycles
0,1471552
page_index,time_cycles
0,1042754
page_index,time_cycles
0,866958
page_index,time_cycles
0,1274750
page_index,time_cycles
0,1279214
page_index,time_cycles
0,1074956
page_index,time_cycles
0,2296326
page_index,time_cycles
0,1227572
page_index,time_cycles
0,1748230
page_index,time_cycles
0,1031752
page_index,time_cycles
0,889528
page_index,time_cycles
0,1366166
page_index,time_cycles
0,1397496
page_index,time_cycles
0,985098
page_index,time_cycles
0,1375976
page_index,time_cycles
0,1460264
page_index,time_cycles
0,1374744
page_index,time_cycles
0,1261826
page_index,time_cycles
0,556526
page_index,time_cycles
0,2252638
page_index,time_cycles
0,1239068
page_index,time_cycles
0,510152
page_index,time_cycles
0,2010452
page_index,time_cycles
0,1867964
page_index,time_cycles
0,1498968
page_index,time_cycles
0,414484
page_index,time_cycles
0,553456
page_index,time_cycles
0,1395146
page_index,time_cycles
0,1436598
page_index,time_cycles
0,1081458
page_index,time_cycles
0,1439678
page_index,time_cycles
0,1355784
page_index,time_cycles
0,1843908
page_index,time_cycles
0,769584
page_index,time_cycles
0,375174
page_index,time_cycles
0,344996
page_index,time_cycles
0,595792
page_index,time_cycles
0,1354622
page_index,time_cycles
0,608246
page_index,time_cycles
0,2012824
page_index,time_cycles
0,224154
page_index,time_cycles
0,411980
page_index,time_cycles
0,1094262
page_index,time_cycles
0,233090
page_index,time_cycles
0,1210540
page_index,time_cycles
0,1806680
page_index,time_cycles
0,904252
page_index,time_cycles
0,409380
page_index,time_cycles
0,370562
page_index,time_cycles
0,1964588
page_index,time_cycles
0,294958
page_index,time_cycles
0,684582
page_index,time_cycles
0,346530
page_index,time_cycles
0,2674386
page_index,time_cycles
0,221136
page_index,time_cycles
0,274454
page_index,time_cycles
0,1226772
page_index,time_cycles
0,2232656
page_index,time_cycles
0,814984
page_index,time_cycles
0,1438324
page_index,time_cycles
0,256122
page_index,time_cycles
0,1512054
page_index,time_cycles
0,1442646
page_index,time_cycles
0,203500
page_index,time_cycles
0,2241666
page_index,time_cycles
0,1288226
page_index,time_cycles
0,1995316
page_index,time_cycles
0,1796672
page_index,time_cycles
0,1702604
page_index,time_cycles
0,1758308
page_index,time_cycles
0,1333396
page_index,time_cycles
0,225356
page_index,time_cycles
0,1083504
page_index,time_cycles
0,806406
page_index,time_cycles
0,316112
page_index,time_cycles
0,1579564
page_index,time_cycles
0,1410904
page_index,time_cycles
0,757742
page_index,time_cycles
0,1314008
page_index,time_cycles
0,891986
page_index,time_cycles
0,1214508
page_index,time_cycles
0,1328290
page_index,time_cycles
0,984646
page_index,time_cycles
0,1054524
page_index,time_cycles
0,1308164
page_index,time_cycles
0,2061084
page_index,time_cycles
0,771022
page_index,time_cycles
0,1337136
page_index,time_cycles
0,816116
page_index,time_cycles
0,1264344
page_index,time_cycles
0,1112112
page_index,time_cycles
0,1065416
page_index,time_cycles
0,629642
page_index,time_cycles
0,1842782
page_index,time_cycles
0,276828
page_index,time_cycles
0,671262
page_index,time_cycles
0,1185842
page_index,time_cycles
0,1567412
page_index,time_cycles
0,963214
page_index,time_cycles
0,1708696
page_index,time_cycles
0,221938
page_index,time_cycles
0,738134
page_index,time_cycles
0,282960
page_index,time_cycles
0,1109630
page_index,time_cycles
0,766910
page_index,time_cycles
0,2378202
page_index,time_cycles
0,2493444
page_index,time_cycles
0,907156
page_index,time_cycles
0,1080842
page_index,time_cycles
0,1039454
page_index,time_cycles
0,292926
page_index,time_cycles
0,332176
page_index,time_cycles
0,281540
page_index,time_cycles
0,1816204
page_index,time_cycles
0,504080
page_index,time_cycles
0,1361872
page_index,time_cycles
0,852656
page_index,time_cycles
0,1595244
page_index,time_cycles
0,1829374
page_index,time_cycles
0,232896
page_index,time_cycles
0,1244586
page_index,time_cycles
0,1647096
page_index,time_cycles
0,283582
page_index,time_cycles
0,1601638
page_index,time_cycles
0,348694
page_index,time_cycles
0,1461766
page_index,time_cycles
0,691188
page_index,time_cycles
0,281936
page_index,time_cycles
0,294048
page_index,time_cycles
0,473182
page_index,time_cycles
0,927808
page_index,time_cycles
0,3147812
page_index,time_cycles
0,470046
page_index,time_cycles
0,280962
page_index,time_cycles
0,274686
page_index,time_cycles
0,1888860
page_index,time_cycles
0,1715810
page_index,time_cycles
0,238014
page_index,time_cycles
0,2301888
page_index,time_cycles
0,1113404
page_index,time_cycles
0,849208
page_index,time_cycles
0,1078958
page_index,time_cycles
0,1703610
page_index,time_cycles
0,568666
page_index,time_cycles
0,327360
page_index,time_cycles
0,316152
page_index,time_cycles
0,1516598
page_index,time_cycles
0,1419836
page_index,time_cycles
0,276460
page_index,time_cycles
0,2610926
page_index,time_cycles
0,1388718
page_index,time_cycles
0,560426
page_index,time_cycles
0,1216016
page_index,time_cycles
0,552952
page_index,time_cycles
0,2406866
page_index,time_cycles
0,776994
page_index,time_cycles
0,1215850
page_index,time_cycles
0,1893360
page_index,time_cycles
0,2348250
page_index,time_cycles
0,1175776
page_index,time_cycles
0,1316708
page_index,time_cycles
0,1789980
page_index,time_cycles
0,632056
page_index,time_cycles
0,319912
page_index,time_cycles
0,1556144
page_index,time_cycles
0,297756
page_index,time_cycles
0,975114
page_index,time_cycles
0,1879192
page_index,time_cycles
0,1297930
page_index,time_cycles
0,1669974
page_index,time_cycles
0,1809048
page_index,time_cycles
0,301212
page_index,time_cycles
0,699578
page_index,time_cycles
0,3137448
page_index,time_cycles
0,1455712
page_index,time_cycles
0,2314310
page_index,time_cycles
0,1379170
page_index,time_cycles
0,1166922
page_index,time_cycles
0,887332
page_index,time_cycles
0,1366582
page_index,time_cycles
0,1238398
page_index,time_cycles
0,267836
page_index,time_cycles
0,1132810
page_index,time_cycles
0,1453304
page_index,time_cycles
0,1802260
page_index,time_cycles
0,1073422
page_index,time_cycles
0,803268
page_index,time_cycles
0,1143678
page_index,time_cycles
0,1632988
page_index,time_cycles
0,1502136
page_index,time_cycles
0,1554484
page_index,time_cycles
0,462424
page_index,time_cycles
0,1572872
page_index,time_cycles
0,1875930
page_index,time_cycles
0,1950712
page_index,time_cycles
0,1794764
page_index,time_cycles
0,912856
page_index,time_cycles
0,2364508
page_index,time_cycles
0,1508114
page_index,time_cycles
0,2103220
page_index,time_cycles
0,1447000
page_index,time_cycles
0,1674368
page_index,time_cycles
0,1533910
page_index,time_cycles
0,1102686
page_index,time_cycles
0,1844754
page_index,time_cycles
0,1023558
page_index,time_cycles
0,1481334
page_index,time_cycles
0,1628984
page_index,time_cycles
0,1246502
page_index,time_cycles
0,1100148
page_index,time_cycles
0,931506
page_index,time_cycles
0,1736906
page_index,time_cycles
0,427366
page_index,time_cycles
0,1499566
page_index,time_cycles
0,1488828
page_index,time_cycles
0,1857378
page_index,time_cycles
0,4669732
page_index,time_cycles
0,453884
page_index,time_cycles
0,1328190
page_index,time_cycles
0,715726
page_index,time_cycles
0,208588
page_index,time_cycles
0,1146014
page_index,time_cycles
0,1635458
page_index,time_cycles
0,233406
page_index,time_cycles
0,1731476
page_index,time_cycles
0,1010480
page_index,time_cycles
0,2069902
page_index,time_cycles
0,274406
page_index,time_cycles
0,280820
page_index,time_cycles
0,662860
page_index,time_cycles
0,351164
page_index,time_cycles
0,1378440
page_index,time_cycles
0,689328
page_index,time_cycles
0,714944
page_index,time_cycles
0,1771496
page_index,time_cycles
0,915838
page_index,time_cycles
0,3858352
page_index,time_cycles
0,311610
page_index,time_cycles
0,1501140
page_index,time_cycles
0,1112466
page_index,time_cycles
0,455668
page_index,time_cycles
0,1249018
page_index,time_cycles
0,809028
page_index,time_cycles
0,1241100
page_index,time_cycles
0,1075360
page_index,time_cycles
0,1475812
page_index,time_cycles
0,281586
page_index,time_cycles
0,639796
page_index,time_cycles
0,280848
page_index,time_cycles
0,1628306
page_index,time_cycles
0,2214674
page_index,time_cycles
0,1605986
page_index,time_cycles
0,1563194
page_index,time_cycles
0,1182826
page_index,time_cycles
0,1331094
page_index,time_cycles
0,1407966
page_index,time_cycles
0,2078546
page_index,time_cycles
0,1059460
page_index,time_cycles
0,531814
page_index,time_cycles
0,2290884
page_index,time_cycles
0,923094
page_index,time_cycles
0,1464284
page_index,time_cycles
0,694328
page_index,time_cycles
0,1413148
page_index,time_cycles
0,1266918
page_index,time_cycles
0,1248150
page_index,time_cycles
0,1553612
page_index,time_cycles
0,562854
page_index,time_cycles
0,1250276
page_index,time_cycles
0,265432
page_index,time_cycles
0,1304666
page_index,time_cycles
0,433812
page_index,time_cycles
0,1501974
page_index,time_cycles
0,1946584
page_index,time_cycles
0,1194180
page_index,time_cycles
0,2252138
page_index,time_cycles
0,786772
page_index,time_cycles
0,1568274
page_index,time_cycles
0,1841790
page_index,time_cycles
0,1977322
page_index,time_cycles
0,1977510
page_index,time_cycles
0,1131138
page_index,time_cycles
0,1657244
page_index,time_cycles
0,963560
page_index,time_cycles
0,2005408
page_index,time_cycles
0,1884022
page_index,time_cycles
0,332808
page_index,time_cycles
0,339936
page_index,time_cycles
0,361652
page_index,time_cycles
0,589980
page_index,time_cycles
0,531220
page_index,time_cycles
0,1273270
page_index,time_cycles
0,920048
page_index,time_cycles
0,1588932
page_index,time_cycles
0,1124590
page_index,time_cycles
0,1273562
page_index,time_cycles
0,1392646
page_index,time_cycles
0,1828418
page_index,time_cycles
0,1370796
page_index,time_cycles
0,2970206
page_index,time_cycles
0,1452958
page_index,time_cycles
0,726020
page_index,time_cycles
0,1245436
page_index,time_cycles
0,333222
page_index,time_cycles
0,503504
page_index,time_cycles
0,1638176
page_index,time_cycles
0,1617626
page_index,time_cycles
0,740946
page_index,time_cycles
0,1967164
page_index,time_cycles
0,1183276
page_index,time_cycles
0,1102606
page_index,time_cycles
0,1959502
page_index,time_cycles
0,284366
page_index,time_cycles
0,825860
page_index,time_cycles
0,1343258
page_index,time_cycles
0,284104
page_index,time_cycles
0,1506832
page_index,time_cycles
0,783886
page_index,time_cycles
0,1914556
page_index,time_cycles
0,1694776
page_index,time_cycles
0,1324760
page_index,time_cycles
0,698334
page_index,time_cycles
0,488558
page_index,time_cycles
0,695632
page_index,time_cycles
0,1264028
page_index,time_cycles
0,1606870
page_index,time_cycles
0,1200282
page_index,time_cycles
0,2042468
page_index,time_cycles
0,797064
page_index,time_cycles
0,1771720
page_index,time_cycles
0,1968414
page_index,time_cycles
0,1153708
page_index,time_cycles
0,648776
page_index,time_cycles
0,990786
page_index,time_cycles
0,285738
page_index,time_cycles
0,2435916
page_index,time_cycles
0,556216
page_index,time_cycles
0,1866166
page_index,time_cycles
0,1293054
page_index,time_cycles
0,1827102
page_index,time_cycles
0,1906840
page_index,time_cycles
0,1941692
page_index,time_cycles
0,1369586
page_index,time_cycles
0,1666634
page_index,time_cycles
0,2136096
page_index,time_cycles
0,1335620
page_index,time_cycles
0,1494806
page_index,time_cycles
0,614150
page_index,time_cycles
0,320664
page_index,time_cycles
0,203620
page_index,time_cycles
0,1363366
page_index,time_cycles
0,1717892
page_index,time_cycles
0,825302
page_index,time_cycles
0,1580366
page_index,time_cycles
0,1572896
page_index,time_cycles
0,1343670
page_index,time_cycles
0,1584262
page_index,time_cycles
0,336732
page_index,time_cycles
0,1281278
page_index,time_cycles
0,1636084
page_index,time_cycles
0,1317012
page_index,time_cycles
0,565008
page_index,time_cycles
0,1314366
page_index,time_cycles
0,772110
page_index,time_cycles
0,1501182
page_index,time_cycles
0,1245048
page_index,time_cycles
0,378568
page_index,time_cycles
0,2567094
page_index,time_cycles
0,1709654
page_index,time_cycles
0,1913704
page_index,time_cycles
0,871984
page_index,time_cycles
0,1110256
page_index,time_cycles
0,1717178
page_index,time_cycles
0,369374
page_index,time_cycles
0,1583576
page_index,time_cycles
0,738900
page_index,time_cycles
0,1761006
page_index,time_cycles
0,1095894
page_index,time_cycles
0,1661176
page_index,time_cycles
0,911344
page_index,time_cycles
0,2754394
page_index,time_cycles
0,1272560
page_index,time_cycles
0,679902
page_index,time_cycles
0,2106216
page_index,time_cycles
0,1988068
page_index,time_cycles
0,1370170
page_index,time_cycles
0,1427354
page_index,time_cycles
0,284742
page_index,time_cycles
0,786594
page_index,time_cycles
0,1080226
page_index,time_cycles
0,1349482
page_index,time_cycles
0,320510
page_index,time_cycles
0,1033778
page_index,time_cycles
0,562766
page_index,time_cycles
0,938552
page_index,time_cycles
0,740636
page_index,time_cycles
0,1255024
page_index,time_cycles
0,800540
page_index,time_cycles
0,412048
page_index,time_cycles
0,1291970
page_index,time_cycles
0,637348
page_index,time_cycles
0,1579390
page_index,time_cycles
0,1935600
page_index,time_cycles
0,1375026
page_index,time_cycles
0,605846
page_index,time_cycles
0,1266144
page_index,time_cycles
0,716918
page_index,time_cycles
0,729162
page_index,time_cycles
0,1561180
page_index,time_cycles
0,1293172
page_index,time_cycles
0,1330232
page_index,time_cycles
0,365018
page_index,time_cycles
0,1601302
page_index,time_cycles
0,2106142
page_index,time_cycles
0,1084446
page_index,time_cycles
0,1194744
page_index,time_cycles
0,996550
page_index,time_cycles
0,1897758
page_index,time_cycles
0,1392666
page_index,time_cycles
0,1633958
page_index,time_cycles
0,1731564
page_index,time_cycles
0,272750
page_index,time_cycles
0,1568038
page_index,time_cycles
0,736162
page_index,time_cycles
0,1100714
page_index,time_cycles
0,2105298
page_index,time_cycles
0,280576
page_index,time_cycles
0,1195418
page_index,time_cycles
0,1673290
page_index,time_cycles
0,716774
page_index,time_cycles
0,1886218
page_index,time_cycles
0,1241924
page_index,time_cycles
0,1303656
page_index,time_cycles
0,1019722
page_index,time_cycles
0,1290836
page_index,time_cycles
0,1272166
page_index,time_cycles
0,1372556
page_index,time_cycles
0,1880886
page_index,time_cycles
0,1580556
page_index,time_cycles
0,275814
page_index,time_cycles
0,1472566
page_index,time_cycles
0,503062
page_index,time_cycles
0,325176
page_index,time_cycles
0,1196444
page_index,time_cycles
0,2388294
page_index,time_cycles
0,241142
page_index,time_cycles
0,304456
page_index,time_cycles
0,297366
page_index,time_cycles
0,2369616
page_index,time_cycles
0,279738
page_index,time_cycles
0,2626630
page_index,time_cycles
0,790802
page_index,time_cycles
0,2344014
page_index,time_cycles
0,765268
page_index,time_cycles
0,1397954
page_index,time_cycles
0,349642
page_index,time_cycles
0,272058
page_index,time_cycles
0,1804258
page_index,time_cycles
0,294208
page_index,time_cycles
0,4719494
page_index,time_cycles
0,1147294
page_index,time_cycles
0,851898
page_index,time_cycles
0,2307052
page_index,time_cycles
0,1442262
page_index,time_cycles
0,3578792
page_index,time_cycles
0,571312
page_index,time_cycles
0,1193902
page_index,time_cycles
0,2129144
page_index,time_cycles
0,1192390
page_index,time_cycles
0,1785636
page_index,time_cycles
0,1628326
page_index,time_cycles
0,1110464
page_index,time_cycles
0,2011360
page_index,time_cycles
0,761666
page_index,time_cycles
0,560980
page_index,time_cycles
0,1624726
page_index,time_cycles
0,488848
page_index,time_cycles
0,499534
page_index,time_cycles
0,1208356
page_index,time_cycles
0,230038
page_index,time_cycles
0,1761376
page_index,time_cycles
0,1050738
page_index,time_cycles
0,1537214
page_index,time_cycles
0,542600
page_index,time_cycles
0,314930
page_index,time_cycles
0,1499722
page_index,time_cycles
0,951440
page_index,time_cycles
0,1355034
page_index,time_cycles
0,751178
page_index,time_cycles
0,1429126
page_index,time_cycles
0,1721016
page_index,time_cycles
0,731998
page_index,time_cycles
0,1082830
page_index,time_cycles
0,1397466
page_index,time_cycles
0,1124902
page_index,time_cycles
0,1096998
page_index,time_cycles
0,1285150
page_index,time_cycles
0,1542302
page_index,time_cycles
0,1094638
page_index,time_cycles
0,2774426
page_index,time_cycles
0,977120
page_index,time_cycles
0,1624722
page_index,time_cycles
0,2495200
page_index,time_cycles
0,2813336
page_index,time_cycles
0,2127920
page_index,time_cycles
0,3002046
page_index,time_cycles
0,2093214
page_index,time_cycles
0,528836
page_index,time_cycles
0,310948
page_index,time_cycles
0,1678230
page_index,time_cycles
0,1248976
page_index,time_cycles
0,1173868
page_index,time_cycles
0,1159120
page_index,time_cycles
0,729560
page_index,time_cycles
0,1087564
page_index,time_cycles
0,224608
page_index,time_cycles
0,577858
page_index,time_cycles
0,1566430
page_index,time_cycles
0,360592
page_index,time_cycles
0,2228468
page_index,time_cycles
0,1930726
page_index,time_cycles
0,1642712
page_index,time_cycles
0,1649906
page_index,time_cycles
0,1158734
page_index,time_cycles
0,2008314
page_index,time_cycles
0,1503226
page_index,time_cycles
0,1493820
page_index,time_cycles
0,1432490
page_index,time_cycles
0,418976
page_index,time_cycles
0,538246
page_index,time_cycles
0,286124
page_index,time_cycles
0,1619544
page_index,time_cycles
0,903862
page_index,time_cycles
0,2103378
page_index,time_cycles
0,1103168
page_index,time_cycles
0,1624192
page_index,time_cycles
0,770336
page_index,time_cycles
0,274848
page_index,time_cycles
0,2626676
page_index,time_cycles
0,1589986
page_index,time_cycles
0,1746562
page_index,time_cycles
0,1234386
page_index,time_cycles
0,1649160
page_index,time_cycles
0,1249338
page_index,time_cycles
0,1916622
page_index,time_cycles
0,1359460
page_index,time_cycles
0,1185064
page_index,time_cycles
0,421644
page_index,time_cycles
0,324646
page_index,time_cycles
0,1766774
page_index,time_cycles
0,659672
page_index,time_cycles
0,2370574
page_index,time_cycles
0,1129694
page_index,time_cycles
0,2427318
page_index,time_cycles
0,2157472
page_index,time_cycles
0,939520
page_index,time_cycles
0,887112
page_index,time_cycles
0,1107488
page_index,time_cycles
0,733942
page_index,time_cycles
0,1255570
page_index,time_cycles
0,1133510
page_index,time_cycles
0,2214686
page_index,time_cycles
0,1540482
page_index,time_cycles
0,360876
page_index,time_cycles
0,537356
page_index,time_cycles
0,2086436
page_index,time_cycles
0,1154746
page_index,time_cycles
0,1222822
page_index,time_cycles
0,786058
page_index,time_cycles
0,1669406
page_index,time_cycles
0,1078526
page_index,time_cycles
0,539646
page_index,time_cycles
0,1618916
page_index,time_cycles
0,1912164
page_index,time_cycles
0,2763826
page_index,time_cycles
0,2800484
page_index,time_cycles
0,1168606
page_index,time_cycles
0,1295474
page_index,time_cycles
0,1315506
page_index,time_cycles
0,424160
page_index,time_cycles
0,1653466
page_index,time_cycles
0,780898
page_index,time_cycles
0,1171888
page_index,time_cycles
0,1540260
page_index,time_cycles
0,1479214
page_index,time_cycles
0,272332
page_index,time_cycles
0,1772418
page_index,time_cycles
0,239010
page_index,time_cycles
0,1700898
page_index,time_cycles
0,1043304
page_index,time_cycles
0,385206
page_index,time_cycles
0,1345018
page_index,time_cycles
0,647728
page_index,time_cycles
0,284422
page_index,time_cycles
0,2056328
page_index,time_cycles
0,282324
page_index,time_cycles
0,2182154
page_index,time_cycles
0,976114
page_index,time_cycles
0,417894
page_index,time_cycles
0,1197720
page_index,time_cycles
0,1068104
page_index,time_cycles
0,1599226
page_index,time_cycles
0,2214920
page_index,time_cycles
0,956948
page_index,time_cycles
0,509374
page_index,time_cycles
0,698104
page_index,time_cycles
0,438132
page_index,time_cycles
0,1231436
page_index,time_cycles
0,220764
page_index,time_cycles
0,347816
page_index,time_cycles
0,1873100
page_index,time_cycles
0,642990
page_index,time_cycles
0,937872
page_index,time_cycles
0,776278
page_index,time_cycles
0,900426
page_index,time_cycles
0,2754562
page_index,time_cycles
0,2219006
page_index,time_cycles
0,1319542
page_index,time_cycles
0,643064
page_index,time_cycles
0,1511136
page_index,time_cycles
0,1087218
page_index,time_cycles
0,1720838
page_index,time_cycles
0,1630688
page_index,time_cycles
0,1170260
page_index,time_cycles
0,1086012
page_index,time_cycles
0,1176322
page_index,time_cycles
0,235628
page_index,time_cycles
0,835304
page_index,time_cycles
0,310584
page_index,time_cycles
0,696402
page_index,time_cycles
0,1032592
page_index,time_cycles
0,1591772
page_index,time_cycles
0,1385702
page_index,time_cycles
0,1682134
page_index,time_cycles
0,2251682
page_index,time_cycles
0,2798718
page_index,time_cycles
0,896026
page_index,time_cycles
0,729958
page_index,time_cycles
0,987998
page_index,time_cycles
0,301346
page_index,time_cycles
0,1234406
page_index,time_cycles
0,1628886
page_index,time_cycles
0,492036
page_index,time_cycles
0,1877632
page_index,time_cycles
0,360324
page_index,time_cycles
0,1283496
page_index,time_cycles
0,1618806
page_index,time_cycles
0,1413252
page_index,time_cycles
0,705466
page_index,time_cycles
0,917462
page_index,time_cycles
0,1792416
page_index,time_cycles
0,1548890
page_index,time_cycles
0,1126442
page_index,time_cycles
0,1054802
page_index,time_cycles
0,1340434
page_index,time_cycles
0,1551330
page_index,time_cycles
0,1712412
page_index,time_cycles
0,1151302
page_index,time_cycles
0,1861324
page_index,time_cycles
0,1825872
page_index,time_cycles
0,1659818
page_index,time_cycles
0,1496096
page_index,time_cycles
0,669302
page_index,time_cycles
0,896860
page_index,time_cycles
0,255618
page_index,time_cycles
0,1506592
page_index,time_cycles
0,2084198
page_index,time_cycles
0,2110200
page_index,time_cycles
0,3316962
page_index,time_cycles
0,982936
page_index,time_cycles
0,1719344
page_index,time_cycles
0,3501440
page_index,time_cycles
0,1051500
page_index,time_cycles
0,362112
page_index,time_cycles
0,1450124
page_index,time_cycles
0,1542120
page_index,time_cycles
0,484152
page_index,time_cycles
0,274272
page_index,time_cycles
0,878236
page_index,time_cycles
0,1231994
page_index,time_cycles
0,975060
page_index,time_cycles
0,661294
page_index,time_cycles
0,937884
page_index,time_cycles
0,1187972
page_index,time_cycles
0,1283740
page_index,time_cycles
0,217894
page_index,time_cycles
0,1405590
page_index,time_cycles
0,1181184
page_index,time_cycles
0,1078814
page_index,time_cycles
0,1534894
page_index,time_cycles
0,349956
page_index,time_cycles
0,1392008
page_index,time_cycles
0,605536
page_index,time_cycles
0,813922
page_index,time_cycles
0,583276
page_index,time_cycles
0,1175016
page_index,time_cycles
0,1291482
page_index,time_cycles
0,1464648
page_index,time_cycles
0,240236
page_index,time_cycles
0,1716646
page_index,time_cycles
0,1009488
page_index,time_cycles
0,2255914
page_index,time_cycles
0,1597370
page_index,time_cycles
0,1972582
page_index,time_cycles
0,1480590
page_index,time_cycles
0,1270942
page_index,time_cycles
0,1613412
page_index,time_cycles
0,1227536
page_index,time_cycles
0,275484
page_index,time_cycles
0,1717194
page_index,time_cycles
0,2018820
page_index,time_cycles
0,265840
page_index,time_cycles
0,1281358
page_index,time_cycles
0,1677758
page_index,time_cycles
0,1615982
page_index,time_cycles
0,1547280
page_index,time_cycles
0,2235602
page_index,time_cycles
0,1666490
page_index,time_cycles
0,722084
page_index,time_cycles
0,1617066
page_index,time_cycles
0,1353344
page_index,time_cycles
0,1692792
page_index,time_cycles
0,1862204
page_index,time_cycles
0,288970
page_index,time_cycles
0,1950132
page_index,time_cycles
0,1499572
page_index,time_cycles
0,1100124
page_index,time_cycles
0,1197834
page_index,time_cycles
0,459418
page_index,time_cycles
0,1235820
page_index,time_cycles
0,1042562
page_index,time_cycles
0,587986
page_index,time_cycles
0,1383256
page_index,time_cycles
0,735958
page_index,time_cycles
0,1791662
page_index,time_cycles
0,1049764
page_index,time_cycles
0,685300
page_index,time_cycles
0,1336336
page_index,time_cycles
0,1670118
page_index,time_cycles
0,1641360
page_index,time_cycles
0,620292
page_index,time_cycles
0,1344004
page_index,time_cycles
0,1600112
page_index,time_cycles
0,2074382
page_index,time_cycles
0,1938346
page_index,time_cycles
0,559270
page_index,time_cycles
0,1431334
page_index,time_cycles
0,1230856
page_index,time_cycles
0,1432068
page_index,time_cycles
0,590316
page_index,time_cycles
0,1190908
page_index,time_cycles
0,324992
page_index,time_cycles
0,258832
page_index,time_cycles
0,309498
page_index,time_cycles
0,1862000
page_index,time_cycles
0,612510
page_index,time_cycles
0,998216
page_index,time_cycles
0,466388
page_index,time_cycles
0,1440182
page_index,time_cycles
0,886632
page_index,time_cycles
0,1426012
page_index,time_cycles
0,1479330
page_index,time_cycles
0,548514
page_index,time_cycles
0,1162926
page_index,time_cycles
0,1505098
page_index,time_cycles
0,1014736
page_index,time_cycles
0,1849840
page_index,time_cycles
0,1561706
page_index,time_cycles
0,1890932
page_index,time_cycles
0,1526164
page_index,time_cycles
0,1362556
page_index,time_cycles
0,482998
page_index,time_cycles
0,1984818
page_index,time_cycles
0,1291074
page_index,time_cycles
0,275516
page_index,time_cycles
0,1243482
page_index,time_cycles
0,1456670
page_index,time_cycles
0,954344
page_index,time_cycles
0,1300388
page_index,time_cycles
0,717844
page_index,time_cycles
0,1877482
page_index,time_cycles
0,1932438
page_index,time_cycles
0,1168684
page_index,time_cycles
0,570782
page_index,time_cycles
0,1563226
page_index,time_cycles
0,921918
page_index,time_cycles
0,217248
page_index,time_cycles
0,1454328
page_index,time_cycles
0,1333340
page_index,time_cycles
0,1300458
page_index,time_cycles
0,1420948
page_index,time_cycles
0,337902
page_index,time_cycles
0,293894
page_index,time_cycles
0,1252462
page_index,time_cycles
0,1486634
page_index,time_cycles
0,977226
page_index,time_cycles
0,1293348
page_index,time_cycles
0,1937962
page_index,time_cycles
0,1845634
page_index,time_cycles
0,1407546
page_index,time_cycles
0,1684038
page_index,time_cycles
0,1453426
page_index,time_cycles
0,1454366
page_index,time_cycles
0,762380
page_index,time_cycles
0,1451668
page_index,time_cycles
0,1030380
page_index,time_cycles
0,1072798
page_index,time_cycles
0,867574
page_index,time_cycles
0,1987326
page_index,time_cycles
0,1210916
page_index,time_cycles
0,508022
page_index,time_cycles
0,918598
page_index,time_cycles
0,1749984
page_index,time_cycles
0,1973376
page_index,time_cycles
0,1155226
page_index,time_cycles
0,1265708
page_index,time_cycles
0,1953464
page_index,time_cycles
0,1093048
page_index,time_cycles
0,1226514
page_index,time_cycles
0,2138052
page_index,time_cycles
0,1703692
page_index,time_cycles
0,1710214
page_index,time_cycles
0,301420
page_index,time_cycles
0,1048770
page_index,time_cycles
0,1578834
page_index,time_cycles
0,654258
page_index,time_cycles
0,616996
page_index,time_cycles
0,1586942
page_index,time_cycles
0,1706360
page_index,time_cycles
0,1282270
page_index,time_cycles
0,1592050
page_index,time_cycles
0,654248
page_index,time_cycles
0,1472126
page_index,time_cycles
0,230052
page_index,time_cycles
0,2235790
page_index,time_cycles
0,277636
page_index,time_cycles
0,283912
page_index,time_cycles
0,1217856
page_index,time_cycles
0,2131838
page_index,time_cycles
0,1086070
page_index,time_cycles
0,1148134
page_index,time_cycles
0,1534180
page_index,time_cycles
0,727002
page_index,time_cycles
0,268148
page_index,time_cycles
0,892678
page_index,time_cycles
0,2157326
page_index,time_cycles
0,265766
page_index,time_cycles
0,824790
page_index,time_cycles
0,556094
page_index,time_cycles
0,1059190
page_index,time_cycles
0,1044934
page_index,time_cycles
0,1845240
page_index,time_cycles
0,2422650
page_index,time_cycles
0,1185938
page_index,time_cycles
0,1745150
page_index,time_cycles
0,609932
page_index,time_cycles
0,1257218
page_index,time_cycles
0,2629822
page_index,time_cycles
0,1745752
page_index,time_cycles
0,330602
page_index,time_cycles
0,1943292
page_index,time_cycles
0,1886942
page_index,time_cycles
0,1601966
page_index,time_cycles
0,1277368
page_index,time_cycles
0,1130314
page_index,time_cycles
0,1630226
page_index,time_cycles
0,2179118
page_index,time_cycles
0,730634
page_index,time_cycles
0,894088
page_index,time_cycles
0,1213190
page_index,time_cycles
0,1308794
page_index,time_cycles
0,1342806
page_index,time_cycles
0,589228
page_index,time_cycles
0,1435850
page_index,time_cycles
0,692396
page_index,time_cycles
0,1578408
page_index,time_cycles
0,1059102
page_index,time_cycles
0,2385200
page_index,time_cycles
0,297290
page_index,time_cycles
0,1584510
page_index,time_cycles
0,1245728
page_index,time_cycles
0,1482716
page_index,time_cycles
0,784010
page_index,time_cycles
0,548104
page_index,time_cycles
0,637010
page_index,time_cycles
0,1981006
page_index,time_cycles
0,1681338
page_index,time_cycles
0,711082
page_index,time_cycles
0,1252144
page_index,time_cycles
0,1372992
page_index,time_cycles
0,1278332
page_index,time_cycles
0,1011388
page_index,time_cycles
0,1229740
page_index,time_cycles
0,277254
page_index,time_cycles
0,813226
page_index,time_cycles
0,1382916
page_index,time_cycles
0,1936128
page_index,time_cycles
0,1588392
page_index,time_cycles
0,1083804
page_index,time_cycles
0,1633686
page_index,time_cycles
0,2225288
page_index,time_cycles
0,1740364
page_index,time_cycles
0,2588282
page_index,time_cycles
0,1207508
page_index,time_cycles
0,1182786
page_index,time_cycles
0,2221676
page_index,time_cycles
0,2059320
page_index,time_cycles
0,406796
page_index,time_cycles
0,1731300
page_index,time_cycles
0,1246888
page_index,time_cycles
0,1508356
page_index,time_cycles
0,326120
page_index,time_cycles
0,328044
page_index,time_cycles
0,292224
page_index,time_cycles
0,1617588
page_index,time_cycles
0,628572
page_index,time_cycles
0,643240
page_index,time_cycles
0,355374
page_index,time_cycles
0,2684120
page_index,time_cycles
0,1769478
page_index,time_cycles
0,1419092
page_index,time_cycles
0,1658652
page_index,time_cycles
0,2043226
page_index,time_cycles
0,1420370
page_index,time_cycles
0,1185688
page_index,time_cycles
0,1793768
page_index,time_cycles
0,1626642
page_index,time_cycles
0,643544
page_index,time_cycles
0,1098556
page_index,time_cycles
0,259138
page_index,time_cycles
0,1885890
page_index,time_cycles
0,361402
page_index,time_cycles
0,730420
page_index,time_cycles
0,1739758
page_index,time_cycles
0,1808608
page_index,time_cycles
0,1737732
page_index,time_cycles
0,268916
page_index,time_cycles
0,1725264
page_index,time_cycles
0,1730266
page_index,time_cycles
0,235952
page_index,time_cycles
0,497050
page_index,time_cycles
0,1086994
page_index,time_cycles
0,1497378
page_index,time_cycles
0,726822
page_index,time_cycles
0,1862416
page_index,time_cycles
0,1501922
page_index,time_cycles
0,325800
page_index,time_cycles
0,1334474
page_index,time_cycles
0,950570
page_index,time_cycles
0,821810
page_index,time_cycles
0,275888
page_index,time_cycles
0,1401012
page_index,time_cycles
0,877548
page_index,time_cycles
0,1710330
page_index,time_cycles
0,491356
page_index,time_cycles
0,2111536
page_index,time_cycles
0,1173454
page_index,time_cycles
0,909848
page_index,time_cycles
0,1525642
page_index,time_cycles
0,558758
page_index,time_cycles
0,240704
page_index,time_cycles
0,1188320
page_index,time_cycles
0,1341016
page_index,time_cycles
0,2167318
page_index,time_cycles
0,617724
page_index,time_cycles
0,2250008
page_index,time_cycles
0,1550984
page_index,time_cycles
0,1034148
page_index,time_cycles
0,967694
page_index,time_cycles
0,1094014
page_index,time_cycles
0,631112
page_index,time_cycles
0,1709550
page_index,time_cycles
0,1197158
page_index,time_cycles
0,1102962
page_index,time_cycles
0,1594726
page_index,time_cycles
0,675470
page_index,time_cycles
0,264196
page_index,time_cycles
0,1226814
page_index,time_cycles
0,1245068
page_index,time_cycles
0,1027494
page_index,time_cycles
0,527450
page_index,time_cycles
0,742504
page_index,time_cycles
0,339674
page_index,time_cycles
0,535658
page_index,time_cycles
0,682878
page_index,time_cycles
0,463722
page_index,time_cycles
0,798764
page_index,time_cycles
0,216522
page_index,time_cycles
0,1617568
page_index,time_cycles
0,1622736
page_index,time_cycles
0,1288706
page_index,time_cycles
0,1163814
page_index,time_cycles
0,1527352
page_index,time_cycles
0,216080
page_index,time_cycles
0,464116
page_index,time_cycles
0,807834
page_index,time_cycles
0,1247164
page_index,time_cycles
0,2197848
page_index,time_cycles
0,1082416
page_index,time_cycles
0,2172312
page_index,time_cycles
0,1256146
page_index,time_cycles
0,280674
page_index,time_cycles
0,1387132
page_index,time_cycles
0,2155392
page_index,time_cycles
0,1417060
page_index,time_cycles
0,1086430
page_index,time_cycles
0,935406
page_index,time_cycles
0,883774
page_index,time_cycles
0,1330730
page_index,time_cycles
0,798052
page_index,time_cycles
0,406676
page_index,time_cycles
0,1691940
page_index,time_cycles
0,285440
page_index,time_cycles
0,1710420
page_index,time_cycles
0,844100
page_index,time_cycles
0,262058
page_index,time_cycles
0,554830
page_index,time_cycles
0,2038710
page_index,time_cycles
0,995122
page_index,time_cycles
0,409112
page_index,time_cycles
0,1895008
page_index,time_cycles
0,1040272
page_index,time_cycles
0,1800226
page_index,time_cycles
0,1570012
page_index,time_cycles
0,739002
page_index,time_cycles
0,828666
page_index,time_cycles
0,1156482
page_index,time_cycles
0,2234442
page_index,time_cycles
0,607700
page_index,time_cycles
0,330638
page_index,time_cycles
0,1863256
page_index,time_cycles
0,1659830
page_index,time_cycles
0,494236
page_index,time_cycles
0,1900654
page_index,time_cycles
0,2574212
page_index,time_cycles
0,839168
page_index,time_cycles
0,704038
page_index,time_cycles
0,647842
page_index,time_cycles
0,1277626
page_index,time_cycles
0,1720938
page_index,time_cycles
0,1219146
page_index,time_cycles
0,1633828
page_index,time_cycles
0,1829494
page_index,time_cycles
0,2632426
page_index,time_cycles
0,1314808
page_index,time_cycles
0,937626
page_index,time_cycles
0,1630030
page_index,time_cycles
0,1253364
page_index,time_cycles
0,1650054
page_index,time_cycles
0,611646
page_index,time_cycles
0,2073824
page_index,time_cycles
0,1761046
page_index,time_cycles
0,304460
page_index,time_cycles
0,1695662
page_index,time_cycles
0,1172034
page_index,time_cycles
0,1590360
page_index,time_cycles
0,2080392
page_index,time_cycles
0,1599778
page_index,time_cycles
0,270780
page_index,time_cycles
0,1010450
page_index,time_cycles
0,601692
page_index,time_cycles
0,2072718
page_index,time_cycles
0,1026832
page_index,time_cycles
0,345754
page_index,time_cycles
0,351164
page_index,time_cycles
0,1371814
page_index,time_cycles
0,1320470
page_index,time_cycles
0,1771698
page_index,time_cycles
0,1132024
page_index,time_cycles
0,859562
page_index,time_cycles
0,644800
page_index,time_cycles
0,1878708
page_index,time_cycles
0,336308
page_index,time_cycles
0,362504
page_index,time_cycles
0,300754
page_index,time_cycles
0,1288110
page_index,time_cycles
0,2519062
page_index,time_cycles
0,2127208
page_index,time_cycles
0,888460
page_index,time_cycles
0,1094238
page_index,time_cycles
0,1733216
page_index,time_cycles
0,1476918
page_index,time_cycles
0,1489508
page_index,time_cycles
0,272876
page_index,time_cycles
0,1283048
page_index,time_cycles
0,610068
page_index,time_cycles
0,1293688
page_index,time_cycles
0,1359210
page_index,time_cycles
0,1916994
page_index,time_cycles
0,666154
page_index,time_cycles
0,880330
page_index,time_cycles
0,918908
page_index,time_cycles
0,1269940
page_index,time_cycles
0,1108934
page_index,time_cycles
0,694544
page_index,time_cycles
0,218374
page_index,time_cycles
0,278772
page_index,time_cycles
0,271802
page_index,time_cycles
0,1202430
page_index,time_cycles
0,1184638
page_index,time_cycles
0,1559014
page_index,time_cycles
0,430582
page_index,time_cycles
0,295386
page_index,time_cycles
0,644116
page_index,time_cycles
0,1350448
page_index,time_cycles
0,809534
page_index,time_cycles
0,1849954
page_index,time_cycles
0,1688314
page_index,time_cycles
0,1665496
page_index,time_cycles
0,351290
page_index,time_cycles
0,861642
page_index,time_cycles
0,1297182
page_index,time_cycles
0,2045750
page_index,time_cycles
0,821316
page_index,time_cycles
0,2126372
page_index,time_cycles
0,1325870
page_index,time_cycles
0,1272558
page_index,time_cycles
0,1389952
page_index,time_cycles
0,659464
page_index,time_cycles
0,1286614
page_index,time_cycles
0,861132
page_index,time_cycles
0,1921964
page_index,time_cycles
0,1243970
page_index,time_cycles
0,2115582
page_index,time_cycles
0,497654
page_index,time_cycles
0,603886
page_index,time_cycles
0,1442022
page_index,time_cycles
0,985322
page_index,time_cycles
0,1807318
page_index,time_cycles
0,273040
page_index,time_cycles
0,979228
page_index,time_cycles
0,275098
page_index,time_cycles
0,338896
page_index,time_cycles
0,282736
page_index,time_cycles
0,1409422
page_index,time_cycles
0,1203608
page_index,time_cycles
0,1440786
page_index,time_cycles
0,651800
page_index,time_cycles
0,1700452
page_index,time_cycles
0,1431448
page_index,time_cycles
0,1281044
page_index,time_cycles
0,279650
page_index,time_cycles
0,628958
page_index,time_cycles
0,2012792
page_index,time_cycles
0,1019174
page_index,time_cycles
0,530446
page_index,time_cycles
0,1424002
page_index,time_cycles
0,883818
page_index,time_cycles
0,682940
page_index,time_cycles
0,1304336
page_index,time_cycles
0,1225456
page_index,time_cycles
0,1012416
page_index,time_cycles
0,2006644
page_index,time_cycles
0,1313538
page_index,time_cycles
0,3529996
page_index,time_cycles
0,2672304
page_index,time_cycles
0,2780218
page_index,time_cycles
0,1343796
page_index,time_cycles
0,415336
page_index,time_cycles
0,280074
page_index,time_cycles
0,1062858
page_index,time_cycles
0,263922
page_index,time_cycles
0,1662036
page_index,time_cycles
0,1223026
page_index,time_cycles
0,1912958
page_index,time_cycles
0,1430816
page_index,time_cycles
0,2110990
page_index,time_cycles
0,693160
page_index,time_cycles
0,1330382
page_index,time_cycles
0,1571094
page_index,time_cycles
0,1387758
page_index,time_cycles
0,1288186
page_index,time_cycles
0,1876830
page_index,time_cycles
0,1516314
page_index,time_cycles
0,1634626
page_index,time_cycles
0,2225146
page_index,time_cycles
0,1375726
page_index,time_cycles
0,1491160
page_index,time_cycles
0,579574
page_index,time_cycles
0,912180
page_index,time_cycles
0,1327044
page_index,time_cycles
0,2262674
page_index,time_cycles
0,468430
page_index,time_cycles
0,404738
page_index,time_cycles
0,1204480
page_index,time_cycles
0,735668
page_index,time_cycles
0,2569006
page_index,time_cycles
0,1193448
page_index,time_cycles
0,1566490
page_index,time_cycles
0,1270950
page_index,time_cycles
0,419854
page_index,time_cycles
0,228796
page_index,time_cycles
0,813970
page_index,time_cycles
0,1651286
page_index,time_cycles
0,318986
page_index,time_cycles
0,680642
page_index,time_cycles
0,2083504
page_index,time_cycles
0,356196
page_index,time_cycles
0,1945332
page_index,time_cycles
0,729462
page_index,time_cycles
0,2009720
page_index,time_cycles
0,1396780
page_index,time_cycles
0,315398
page_index,time_cycles
0,1184264
page_index,time_cycles
0,1160132
page_index,time_cycles
0,810596
page_index,time_cycles
0,1216506
page_index,time_cycles
0,1300774
page_index,time_cycles
0,1261304
page_index,time_cycles
0,2516872
page_index,time_cycles
0,1019080
page_index,time_cycles
0,972674
page_index,time_cycles
0,1226530
page_index,time_cycles
0,1581922
page_index,time_cycles
0,412308
page_index,time_cycles
0,321700
page_index,time_cycles
0,2101326
page_index,time_cycles
0,1513820
page_index,time_cycles
0,1650408
page_index,time_cycles
0,287488
page_index,time_cycles
0,1597652
page_index,time_cycles
0,854780
page_index,time_cycles
0,2312256
page_index,time_cycles
0,1151308
page_index,time_cycles
0,1911890
page_index,time_cycles
0,1829018
page_index,time_cycles
0,976746
page_index,time_cycles
0,1080296
page_index,time_cycles
0,2494328
page_index,time_cycles
0,241674
page_index,time_cycles
0,1002376
page_index,time_cycles
0,695654
page_index,time_cycles
0,815892
page_index,time_cycles
0,2241404
page_index,time_cycles
0,1189406
page_index,time_cycles
0,2981004
page_index,time_cycles
0,250322
page_index,time_cycles
0,1799018
page_index,time_cycles
0,1924818
page_index,time_cycles
0,2031422
page_index,time_cycles
0,1107686
page_index,time_cycles
0,278462
page_index,time_cycles
0,1663824
page_index,time_cycles
0,1150156
page_index,time_cycles
0,573202
page_index,time_cycles
0,1404124
page_index,time_cycles
0,648992
page_index,time_cycles
0,2211800
page_index,time_cycles
0,925020
page_index,time_cycles
0,990988
page_index,time_cycles
0,1239500
page_index,time_cycles
0,1336696
page_index,time_cycles
0,1649466
page_index,time_cycles
0,1241572
page_index,time_cycles
0,1293826
page_index,time_cycles
0,272672
page_index,time_cycles
0,331532
page_index,time_cycles
0,907832
page_index,time_cycles
0,1456880
page_index,time_cycles
0,758794
page_index,time_cycles
0,668644
page_index,time_cycles
0,1126980
page_index,time_cycles
0,1709590
page_index,time_cycles
0,1482814
page_index,time_cycles
0,221558
page_index,time_cycles
0,661644
page_index,time_cycles
0,1909044
page_index,time_cycles
0,2018196
page_index,time_cycles
0,366316
page_index,time_cycles
0,364044
page_index,time_cycles
0,283694
page_index,time_cycles
0,369318
page_index,time_cycles
0,1258248
page_index,time_cycles
0,1266470
page_index,time_cycles
0,1598842
page_index,time_cycles
0,1832794
page_index,time_cycles
0,1029416
page_index,time_cycles
0,582290
page_index,time_cycles
0,1728174
page_index,time_cycles
0,1656492
page_index,time_cycles
0,2676800
page_index,time_cycles
0,304504
page_index,time_cycles
0,2445046
page_index,time_cycles
0,2810090
page_index,time_cycles
0,1151708
page_index,time_cycles
0,1858908
page_index,time_cycles
0,658626
page_index,time_cycles
0,1295832
page_index,time_cycles
0,1931440
page_index,time_cycles
0,1615308
page_index,time_cycles
0,677052
page_index,time_cycles
0,819362
page_index,time_cycles
0,822048
page_index,time_cycles
0,1727000
page_index,time_cycles
0,1841028
page_index,time_cycles
0,1057894
page_index,time_cycles
0,1881216
page_index,time_cycles
0,285764
page_index,time_cycles
0,366120
page_index,time_cycles
0,1604822
page_index,time_cycles
0,2157236
page_index,time_cycles
0,286406
page_index,time_cycles
0,835020
page_index,time_cycles
0,250362
page_index,time_cycles
0,1024138
page_index,time_cycles
0,364922
page_index,time_cycles
0,543876
page_index,time_cycles
0,1411488
page_index,time_cycles
0,1367788
page_index,time_cycles
0,1080374
page_index,time_cycles
0,1808942
page_index,time_cycles
0,1424796
page_index,time_cycles
0,1377202
page_index,time_cycles
0,770414
page_index,time_cycles
0,1579648
page_index,time_cycles
0,1759742
page_index,time_cycles
0,691132
page_index,time_cycles
0,1075938
page_index,time_cycles
0,719066
page_index,time_cycles
0,1749028
page_index,time_cycles
0,1975818
page_index,time_cycles
0,1634436
page_index,time_cycles
0,1602864
page_index,time_cycles
0,275222
page_index,time_cycles
0,2655802
page_index,time_cycles
0,1180796
page_index,time_cycles
0,915820
page_index,time_cycles
0,1103352
page_index,time_cycles
0,1052954
page_index,time_cycles
0,1818738
page_index,time_cycles
0,2068094
page_index,time_cycles
0,1827800
page_index,time_cycles
0,1219266
page_index,time_cycles
0,278010
page_index,time_cycles
0,661738
page_index,time_cycles
0,1511974
page_index,time_cycles
0,634716
page_index,time_cycles
0,1480182
page_index,time_cycles
0,2605250
page_index,time_cycles
0,335120
page_index,time_cycles
0,1538942
page_index,time_cycles
0,1986824
page_index,time_cycles
0,831374
page_index,time_cycles
0,1355602
page_index,time_cycles
0,850432
page_index,time_cycles
0,255664
page_index,time_cycles
0,2074686
page_index,time_cycles
0,988432
page_index,time_cycles
0,238232
page_index,time_cycles
0,281040
page_index,time_cycles
0,1790126
page_index,time_cycles
0,1033840
page_index,time_cycles
0,303652
page_index,time_cycles
0,913926
page_index,time_cycles
0,500542
page_index,time_cycles
0,1421530
page_index,time_cycles
0,1598124
page_index,time_cycles
0,275038
page_index,time_cycles
0,1978022
page_index,time_cycles
0,1217114
page_index,time_cycles
0,1367500
page_index,time_cycles
0,3752628
page_index,time_cycles
0,788518
page_index,time_cycles
0,718100
page_index,time_cycles
0,731608
page_index,time_cycles
0,669882
page_index,time_cycles
0,1278546
page_index,time_cycles
0,1284362
page_index,time_cycles
0,752146
page_index,time_cycles
0,889968
page_index,time_cycles
0,992382
page_index,time_cycles
0,1975052
page_index,time_cycles
0,277170
page_index,time_cycles
0,1816362
page_index,time_cycles
0,1404360
page_index,time_cycles
0,1773642
page_index,time_cycles
0,1702404
page_index,time_cycles
0,918744
page_index,time_cycles
0,217034
page_index,time_cycles
0,1494644
page_index,time_cycles
0,1747770
page_index,time_cycles
0,2132264
page_index,time_cycles
0,1884508
page_index,time_cycles
0,278786
page_index,time_cycles
0,1566348
page_index,time_cycles
0,1423880
page_index,time_cycles
0,1889776
page_index,time_cycles
0,848348
page_index,time_cycles
0,604066
page_index,time_cycles
0,275924
page_index,time_cycles
0,1372470
page_index,time_cycles
0,2257746
page_index,time_cycles
0,1422418
page_index,time_cycles
0,1242114
page_index,time_cycles
0,1256380
page_index,time_cycles
0,484590
page_index,time_cycles
0,1253116
page_index,time_cycles
0,1143272
page_index,time_cycles
0,1930204
page_index,time_cycles
0,1168706
page_index,time_cycles
0,608808
page_index,time_cycles
0,584038
page_index,time_cycles
0,758976
page_index,time_cycles
0,1586450
page_index,time_cycles
0,1626062
page_index,time_cycles
0,2014690
page_index,time_cycles
0,1309116
page_index,time_cycles
0,1519506
page_index,time_cycles
0,1018886
page_index,time_cycles
0,1065956
page_index,time_cycles
0,1340926
page_index,time_cycles
0,984456
page_index,time_cycles
0,405830
page_index,time_cycles
0,885820
page_index,time_cycles
0,838948
page_index,time_cycles
0,1449406
page_index,time_cycles
0,1024954
page_index,time_cycles
0,1637738
page_index,time_cycles
0,562962
page_index,time_cycles
0,1569354
page_index,time_cycles
0,1304980
page_index,time_cycles
0,1410766
page_index,time_cycles
0,921980
page_index,time_cycles
0,1291544
page_index,time_cycles
0,787700
page_index,time_cycles
0,1403708
page_index,time_cycles
0,905614
page_index,time_cycles
0,1636782
page_index,time_cycles
0,1429152
page_index,time_cycles
0,647724
page_index,time_cycles
0,793830
page_index,time_cycles
0,1148764
page_index,time_cycles
0,1216626
page_index,time_cycles
0,363792
page_index,time_cycles
0,267116
page_index,time_cycles
0,2114438
page_index,time_cycles
0,197420
page_index,time_cycles
0,292910
page_index,time_cycles
0,993592
page_index,time_cycles
0,1142798
page_index,time_cycles
0,1011714
page_index,time_cycles
0,1336278
page_index,time_cycles
0,494242
page_index,time_cycles
0,1693790
page_index,time_cycles
0,265534
page_index,time_cycles
0,3228072
page_index,time_cycles
0,1463546
page_index,time_cycles
0,2016190
page_index,time_cycles
0,2248950
page_index,time_cycles
0,1251450
page_index,time_cycles
0,1785914
page_index,time_cycles
0,1633188
page_index,time_cycles
0,1204950
page_index,time_cycles
0,2318024
page_index,time_cycles
0,1166658
page_index,time_cycles
0,1116298
page_index,time_cycles
0,283744
page_index,time_cycles
0,1327160
page_index,time_cycles
0,1833138
page_index,time_cycles
0,327744
page_index,time_cycles
0,1795498
page_index,time_cycles
0,1000068
page_index,time_cycles
0,1333238
page_index,time_cycles
0,1159364
page_index,time_cycles
0,1283356
page_index,time_cycles
0,1333290
page_index,time_cycles
0,2126882
page_index,time_cycles
0,1989748
page_index,time_cycles
0,1335464
page_index,time_cycles
0,633868
page_index,time_cycles
0,747604
page_index,time_cycles
0,1310512
page_index,time_cycles
0,1031984
page_index,time_cycles
0,272730
page_index,time_cycles
0,1793138
page_index,time_cycles
0,738752
page_index,time_cycles
0,277130
page_index,time_cycles
0,1247356
page_index,time_cycles
0,1152390
page_index,time_cycles
0,2304304
page_index,time_cycles
0,2798742
page_index,time_cycles
0,698824
page_index,time_cycles
0,1606246
page_index,time_cycles
0,350390
page_index,time_cycles
0,1188740
page_index,time_cycles
0,477530
page_index,time_cycles
0,2123086
page_index,time_cycles
0,2047638
page_index,time_cycles
0,6301696
page_index,time_cycles
0,1374938
page_index,time_cycles
0,835422
page_index,time_cycles
0,660038
page_index,time_cycles
0,2076224
page_index,time_cycles
0,688430
page_index,time_cycles
0,1296794
page_index,time_cycles
0,1455648
page_index,time_cycles
0,750322
page_index,time_cycles
0,287728
page_index,time_cycles
0,1208768
page_index,time_cycles
0,552642
page_index,time_cycles
0,1670604
page_index,time_cycles
0,1132312
page_index,time_cycles
0,288506
page_index,time_cycles
0,1054106
page_index,time_cycles
0,959634
page_index,time_cycles
0,1496024
page_index,time_cycles
0,1568406
page_index,time_cycles
0,1607220
page_index,time_cycles
0,1258998
page_index,time_cycles
0,1308782
page_index,time_cycles
0,896262
page_index,time_cycles
0,1654106
page_index,time_cycles
0,590392
page_index,time_cycles
0,1375784
page_index,time_cycles
0,1602678
page_index,time_cycles
0,1467546
page_index,time_cycles
0,1160052
page_index,time_cycles
0,1210526
page_index,time_cycles
0,1364040
page_index,time_cycles
0,783398
page_index,time_cycles
0,1473140
page_index,time_cycles
0,616276
page_index,time_cycles
0,1550794
page_index,time_cycles
0,2899116
page_index,time_cycles
0,541686
page_index,time_cycles
0,329902
page_index,time_cycles
0,608704
page_index,time_cycles
0,1264702
page_index,time_cycles
0,2924600
page_index,time_cycles
0,229082
page_index,time_cycles
0,753500
page_index,time_cycles
0,1484592
page_index,time_cycles
0,1826948
page_index,time_cycles
0,1119000
page_index,time_cycles
0,1581460
page_index,time_cycles
0,2079710
page_index,time_cycles
0,337020
page_index,time_cycles
0,1151388
page_index,time_cycles
0,305634
page_index,time_cycles
0,1300966
page_index,time_cycles
0,704182
page_index,time_cycles
0,218512
page_index,time_cycles
0,1297186
page_index,time_cycles
0,1053622
page_index,time_cycles
0,2103390
page_index,time_cycles
0,1016490
page_index,time_cycles
0,824372
page_index,time_cycles
0,323348
page_index,time_cycles
0,242528
page_index,time_cycles
0,282898
page_index,time_cycles
0,1698590
page_index,time_cycles
0,1721114
page_index,time_cycles
0,608624
page_index,time_cycles
0,1206078
page_index,time_cycles
0,2578894
page_index,time_cycles
0,1353946
page_index,time_cycles
0,941076
page_index,time_cycles
0,2527062
page_index,time_cycles
0,2261802
page_index,time_cycles
0,711030
page_index,time_cycles
0,711910
page_index,time_cycles
0,871632
page_index,time_cycles
0,271358
page_index,time_cycles
0,1345332
page_index,time_cycles
0,1402206
page_index,time_cycles
0,2009468
page_index,time_cycles
0,846256
page_index,time_cycles
0,2401992
page_index,time_cycles
0,2101776
page_index,time_cycles
0,314652
page_index,time_cycles
0,276554
page_index,time_cycles
0,1572508
page_index,time_cycles
0,537958
page_index,time_cycles
0,1464540
page_index,time_cycles
0,2078224
page_index,time_cycles
0,1626210
page_index,time_cycles
0,1397894
page_index,time_cycles
0,1761946
page_index,time_cycles
0,1751500
page_index,time_cycles
0,1270474
page_index,time_cycles
0,1786952
page_index,time_cycles
0,1672246
page_index,time_cycles
0,2039100
page_index,time_cycles
0,927654
page_index,time_cycles
0,1773392
page_index,time_cycles
0,1201932
page_index,time_cycles
0,238894
page_index,time_cycles
0,985106
page_index,time_cycles
0,219688
page_index,time_cycles
0,281850
page_index,time_cycles
0,1473274
page_index,time_cycles
0,1122416
page_index,time_cycles
0,1453496
page_index,time_cycles
0,1991298
page_index,time_cycles
0,835984
page_index,time_cycles
0,2432754
page_index,time_cycles
0,1224702
page_index,time_cycles
0,780860
page_index,time_cycles
0,1468754
page_index,time_cycles
0,1316130
page_index,time_cycles
0,1593020
page_index,time_cycles
0,1133644
page_index,time_cycles
0,1523324
page_index,time_cycles
0,1005910
page_index,time_cycles
0,278742
page_index,time_cycles
0,1305232
page_index,time_cycles
0,1433114
page_index,time_cycles
0,1134906
page_index,time_cycles
0,1288856
page_index,time_cycles
0,872246
page_index,time_cycles
0,2178600
page_index,time_cycles
0,1297696
page_index,time_cycles
0,1440746
page_index,time_cycles
0,2538796
page_index,time_cycles
0,308112
page_index,time_cycles
0,1047148
page_index,time_cycles
0,1492968
page_index,time_cycles
0,1033660
page_index,time_cycles
0,596246
page_index,time_cycles
0,2055408
page_index,time_cycles
0,1472188
page_index,time_cycles
0,1043760
page_index,time_cycles
0,1242730
page_index,time_cycles
0,361076
page_index,time_cycles
0,247966
page_index,time_cycles
0,3369634
page_index,time_cycles
0,1640688
page_index,time_cycles
0,1215624
page_index,time_cycles
0,1294552
page_index,time_cycles
0,750808
page_index,time_cycles
0,1244720
page_index,time_cycles
0,1594026
page_index,time_cycles
0,291354
page_index,time_cycles
0,1472606
page_index,time_cycles
0,413302
page_index,time_cycles
0,607362
page_index,time_cycles
0,1508990
page_index,time_cycles
0,1233340
page_index,time_cycles
0,951266
page_index,time_cycles
0,1472082
page_index,time_cycles
0,511580
page_index,time_cycles
0,271528
page_index,time_cycles
0,1361326
page_index,time_cycles
0,1233662
page_index,time_cycles
0,769304
page_index,time_cycles
0,1764688
page_index,time_cycles
0,1232288
page_index,time_cycles
0,426254
page_index,time_cycles
0,1684388
page_index,time_cycles
0,1216342
page_index,time_cycles
0,1299816
page_index,time_cycles
0,1448794
page_index,time_cycles
0,1177014
page_index,time_cycles
0,682328
page_index,time_cycles
0,1328572
page_index,time_cycles
0,733524
page_index,time_cycles
0,1257228
page_index,time_cycles
0,1151818
page_index,time_cycles
0,1355976
page_index,time_cycles
0,1698028
page_index,time_cycles
0,1668286
page_index,time_cycles
0,1170902
page_index,time_cycles
0,2463464
page_index,time_cycles
0,454648
page_index,time_cycles
0,1765512
page_index,time_cycles
0,984844
page_index,time_cycles
0,959812
page_index,time_cycles
0,780746
page_index,time_cycles
0,338768
page_index,time_cycles
0,2792902
page_index,time_cycles
0,735820
page_index,time_cycles
0,1470212
page_index,time_cycles
0,2438012
page_index,time_cycles
0,964620
page_index,time_cycles
0,1142834
page_index,time_cycles
0,703278
page_index,time_cycles
0,1163456
page_index,time_cycles
0,920278
page_index,time_cycles
0,1648872
page_index,time_cycles
0,1440698
page_index,time_cycles
0,837698
page_index,time_cycles
0,877980
page_index,time_cycles
0,309220
page_index,time_cycles
0,343118
page_index,time_cycles
0,336982
page_index,time_cycles
0,382296
page_index,time_cycles
0,303888
page_index,time_cycles
0,1167456
page_index,time_cycles
0,2969486
page_index,time_cycles
0,320990
page_index,time_cycles
0,587920
page_index,time_cycles
0,1765992
page_index,time_cycles
0,1114782
page_index,time_cycles
0,1455676
page_index,time_cycles
0,1617270
page_index,time_cycles
0,1618788
page_index,time_cycles
0,1294654
page_index,time_cycles
0,1270370
page_index,time_cycles
0,2121020
page_index,time_cycles
0,1577076
page_index,time_cycles
0,559638
page_index,time_cycles
0,1074028
page_index,time_cycles
0,1722558
page_index,time_cycles
0,521910
page_index,time_cycles
0,711918
page_index,time_cycles
0,282952
page_index,time_cycles
0,352156
page_index,time_cycles
0,1676252
page_index,time_cycles
0,1371612
page_index,time_cycles
0,277378
page_index,time_cycles
0,1775496
page_index,time_cycles
0,592552
page_index,time_cycles
0,1295238
page_index,time_cycles
0,1863448
page_index,time_cycles
0,931784
page_index,time_cycles
0,281026
page_index,time_cycles
0,1192806
page_index,time_cycles
0,970320
page_index,time_cycles
0,694192
page_index,time_cycles
0,716974
page_index,time_cycles
0,1757566
page_index,time_cycles
0,955406
page_index,time_cycles
0,1779462
page_index,time_cycles
0,4144472
page_index,time_cycles
0,282764
page_index,time_cycles
0,1790990
page_index,time_cycles
0,1143778
page_index,time_cycles
0,1600208
page_index,time_cycles
0,1237238
page_index,time_cycles
0,2372462
page_index,time_cycles
0,1488802
page_index,time_cycles
0,1685622
page_index,time_cycles
0,1104362
page_index,time_cycles
0,281886
page_index,time_cycles
0,569066
page_index,time_cycles
0,1257256
page_index,time_cycles
0,672690
page_index,time_cycles
0,1425032
page_index,time_cycles
0,835740
page_index,time_cycles
0,263242
page_index,time_cycles
0,1617000
page_index,time_cycles
0,1564628
page_index,time_cycles
0,412498
page_index,time_cycles
0,447496
page_index,time_cycles
0,1814434
page_index,time_cycles
0,276614
page_index,time_cycles
0,1251080
page_index,time_cycles
0,277654
page_index,time_cycles
0,1851932
page_index,time_cycles
0,1182644
page_index,time_cycles
0,1434396
page_index,time_cycles
0,1916290
page_index,time_cycles
0,1205198
page_index,time_cycles
0,2041122
page_index,time_cycles
0,930744
page_index,time_cycles
0,686308
page_index,time_cycles
0,1485416
page_index,time_cycles
0,1907228
page_index,time_cycles
0,1284474
page_index,time_cycles
0,1384358
page_index,time_cycles
0,1437378
page_index,time_cycles
0,1122108
page_index,time_cycles
0,288820
page_index,time_cycles
0,607926
page_index,time_cycles
0,1047470
page_index,time_cycles
0,729500
page_index,time_cycles
0,719792
page_index,time_cycles
0,274346
page_index,time_cycles
0,646232
page_index,time_cycles
0,3930402
page_index,time_cycles
0,1108130
page_index,time_cycles
0,1558846
page_index,time_cycles
0,1761582
page_index,time_cycles
0,522978
page_index,time_cycles
0,1032478
page_index,time_cycles
0,1283586
page_index,time_cycles
0,2396892
page_index,time_cycles
0,1109142
page_index,time_cycles
0,248838
page_index,time_cycles
0,442892
page_index,time_cycles
0,2013646
page_index,time_cycles
0,2413462
page_index,time_cycles
0,1093782
page_index,time_cycles
0,1038106
page_index,time_cycles
0,1171824
page_index,time_cycles
0,427360
page_index,time_cycles
0,1037866
page_index,time_cycles
0,219052
page_index,time_cycles
0,1281398
page_index,time_cycles
0,757410
page_index,time_cycles
0,606158
page_index,time_cycles
0,226470
page_index,time_cycles
0,1658732
page_index,time_cycles
0,773368
page_index,time_cycles
0,1983280
page_index,time_cycles
0,2107216
page_index,time_cycles
0,578056
page_index,time_cycles
0,1630384
page_index,time_cycles
0,1778502
page_index,time_cycles
0,1920846
page_index,time_cycles
0,315320
page_index,time_cycles
0,331828
page_index,time_cycles
0,1972110
page_index,time_cycles
0,1350000
page_index,time_cycles
0,1766878
page_index,time_cycles
0,1692950
page_index,time_cycles
0,1241658
page_index,time_cycles
0,1267618
page_index,time_cycles
0,2016284
page_index,time_cycles
0,1424994
page_index,time_cycles
0,1610956
page_index,time_cycles
0,1398044
page_index,time_cycles
0,1906672
page_index,time_cycles
0,2274866
page_index,time_cycles
0,1295678
page_index,time_cycles
0,1806834
page_index,time_cycles
0,728848
page_index,time_cycles
0,1693154
page_index,time_cycles
0,2077770
page_index,time_cycles
0,1574250
page_index,time_cycles
0,1328616
page_index,time_cycles
0,1199460
page_index,time_cycles
0,1108398
page_index,time_cycles
0,1429584
page_index,time_cycles
0,856448
page_index,time_cycles
0,1486052
page_index,time_cycles
0,284646
page_index,time_cycles
0,2194188
page_index,time_cycles
0,1268834
page_index,time_cycles
0,1247940
page_index,time_cycles
0,641206
page_index,time_cycles
0,825910
page_index,time_cycles
0,1398430
page_index,time_cycles
0,1669208
page_index,time_cycles
0,891230
page_index,time_cycles
0,1432916
page_index,time_cycles
0,294004
page_index,time_cycles
0,836554
page_index,time_cycles
0,2033288
page_index,time_cycles
0,951446
page_index,time_cycles
0,2642706
page_index,time_cycles
0,678554
page_index,time_cycles
0,300868
page_index,time_cycles
0,1041406
page_index,time_cycles
0,1653744
page_index,time_cycles
0,411426
page_index,time_cycles
0,346154
page_index,time_cycles
0,288576
page_index,time_cycles
0,1227526
page_index,time_cycles
0,1345002
page_index,time_cycles
0,1494882
page_index,time_cycles
0,1073476
page_index,time_cycles
0,1405218
page_index,time_cycles
0,1281498
page_index,time_cycles
0,1688474
page_index,time_cycles
0,1583974
page_index,time_cycles
0,1841040
page_index,time_cycles
0,2058714
page_index,time_cycles
0,783606
page_index,time_cycles
0,926106
page_index,time_cycles
0,1155144
page_index,time_cycles
0,321514
page_index,time_cycles
0,1941850
page_index,time_cycles
0,924394
page_index,time_cycles
0,1091448
page_index,time_cycles
0,1085892
page_index,time_cycles
0,600744
page_index,time_cycles
0,290220
page_index,time_cycles
0,1597872
page_index,time_cycles
0,2138174
page_index,time_cycles
0,912810
page_index,time_cycles
0,342382
page_index,time_cycles
0,283966
page_index,time_cycles
0,1184466
page_index,time_cycles
0,460238
page_index,time_cycles
0,2589952
page_index,time_cycles
0,1016178
page_index,time_cycles
0,762188
page_index,time_cycles
0,776052
page_index,time_cycles
0,945778
page_index,time_cycles
0,543374
page_index,time_cycles
0,302550
page_index,time_cycles
0,2001862
page_index,time_cycles
0,2109108
page_index,time_cycles
0,2072446
page_index,time_cycles
0,332722
page_index,time_cycles
0,404630
page_index,time_cycles
0,1253276
page_index,time_cycles
0,292866
page_index,time_cycles
0,865760
page_index,time_cycles
0,969512
page_index,time_cycles
0,475180
page_index,time_cycles
0,1575070
page_index,time_cycles
0,1313166
page_index,time_cycles
0,1021616
page_index,time_cycles
0,1869110
page_index,time_cycles
0,1120564
page_index,time_cycles
0,1340746
page_index,time_cycles
0,1371480
page_index,time_cycles
0,1694502
page_index,time_cycles
0,1700684
page_index,time_cycles
0,424348
page_index,time_cycles
0,1282298
page_index,time_cycles
0,1395122
page_index,time_cycles
0,443608
page_index,time_cycles
0,1112756
page_index,time_cycles
0,252396
page_index,time_cycles
0,1980606
page_index,time_cycles
0,304112
page_index,time_cycles
0,685386
page_index,time_cycles
0,1037436
page_index,time_cycles
0,728810
page_index,time_cycles
0,1256978
page_index,time_cycles
0,1161598
page_index,time_cycles
0,1776074
page_index,time_cycles
0,2519738
page_index,time_cycles
0,281382
page_index,time_cycles
0,999622
page_index,time_cycles
0,501310
page_index,time_cycles
0,2937060
page_index,time_cycles
0,1475406
page_index,time_cycles
0,1565580
page_index,time_cycles
0,2945970
page_index,time_cycles
0,2162458
page_index,time_cycles
0,1519458
page_index,time_cycles
0,1398036
page_index,time_cycles
0,1421774
page_index,time_cycles
0,848158
page_index,time_cycles
0,1137214
page_index,time_cycles
0,597880
page_index,time_cycles
0,1563470
page_index,time_cycles
0,1943388
page_index,time_cycles
0,273106
page_index,time_cycles
0,278382
page_index,time_cycles
0,1340422
page_index,time_cycles
0,274064
page_index,time_cycles
0,283886
page_index,time_cycles
0,1771876
page_index,time_cycles
0,1485534
page_index,time_cycles
0,689966
page_index,time_cycles
0,1308696
page_index,time_cycles
0,1364240
page_index,time_cycles
0,1248730
page_index,time_cycles
0,706540
page_index,time_cycles
0,270682
page_index,time_cycles
0,1127982
page_index,time_cycles
0,904154
page_index,time_cycles
0,2259312
page_index,time_cycles
0,1908972
page_index,time_cycles
0,1599330
page_index,time_cycles
0,948578
page_index,time_cycles
0,687060
page_index,time_cycles
0,1693716
page_index,time_cycles
0,941126
page_index,time_cycles
0,1066216
page_index,time_cycles
0,1102890
page_index,time_cycles
0,1334616
page_index,time_cycles
0,559708
page_index,time_cycles
0,726138
page_index,time_cycles
0,294212
page_index,time_cycles
0,613228
page_index,time_cycles
0,1240784
page_index,time_cycles
0,288876
page_index,time_cycles
0,2567690
page_index,time_cycles
0,1908884
page_index,time_cycles
0,1224414
page_index,time_cycles
0,1612270
page_index,time_cycles
0,2378372
page_index,time_cycles
0,1781344
page_index,time_cycles
0,904274
page_index,time_cycles
0,1358210
page_index,time_cycles
0,1052576
page_index,time_cycles
0,1702916
page_index,time_cycles
0,2119872
page_index,time_cycles
0,1526308
page_index,time_cycles
0,891212
page_index,time_cycles
0,1452962
page_index,time_cycles
0,282968
page_index,time_cycles
0,2349096
page_index,time_cycles
0,1823294
page_index,time_cycles
0,333332
page_index,time_cycles
0,1304108
page_index,time_cycles
0,1013862
page_index,time_cycles
0,947096
page_index,time_cycles
0,790198
page_index,time_cycles
0,638266
page_index,time_cycles
0,1350276
page_index,time_cycles
0,1280776
page_index,time_cycles
0,2577820
page_index,time_cycles
0,286156
page_index,time_cycles
0,1114674
page_index,time_cycles
0,1860514
page_index,time_cycles
0,1642202
page_index,time_cycles
0,651968
page_index,time_cycles
0,2147246
page_index,time_cycles
0,417746
page_index,time_cycles
0,986406
page_index,time_cycles
0,1378252
page_index,time_cycles
0,547372
page_index,time_cycles
0,1215230
page_index,time_cycles
0,1018036
page_index,time_cycles
0,1232370
page_index,time_cycles
0,650904
page_index,time_cycles
0,1364024
page_index,time_cycles
0,569896
page_index,time_cycles
0,1554462
page_index,time_cycles
0,2507156
page_index,time_cycles
0,788804
page_index,time_cycles
0,1030650
page_index,time_cycles
0,1107176
page_index,time_cycles
0,878054
page_index,time_cycles
0,2267924
page_index,time_cycles
0,624630
page_index,time_cycles
0,1645456
page_index,time_cycles
0,1223658
page_index,time_cycles
0,837930
page_index,time_cycles
0,857788
page_index,time_cycles
0,316830
page_index,time_cycles
0,1141386
page_index,time_cycles
0,326978
page_index,time_cycles
0,317934
page_index,time_cycles
0,1024520
page_index,time_cycles
0,1062542
page_index,time_cycles
0,728116
page_index,time_cycles
0,788788
page_index,time_cycles
0,1865826
page_index,time_cycles
0,346612
page_index,time_cycles
0,710502
page_index,time_cycles
0,659570
page_index,time_cycles
0,1970948
page_index,time_cycles
0,503308
page_index,time_cycles
0,273964
page_index,time_cycles
0,2368962
page_index,time_cycles
0,2178054
page_index,time_cycles
0,991612
page_index,time_cycles
0,1399878
page_index,time_cycles
0,224110
page_index,time_cycles
0,1549050
page_index,time_cycles
0,325778
page_index,time_cycles
0,1480886
page_index,time_cycles
0,1721038
page_index,time_cycles
0,1114496
page_index,time_cycles
0,808026
page_index,time_cycles
0,311204
page_index,time_cycles
0,1165114
page_index,time_cycles
0,1140248
page_index,time_cycles
0,1576808
page_index,time_cycles
0,1974904
page_index,time_cycles
0,856726
page_index,time_cycles
0,1301146
page_index,time_cycles
0,1240330
page_index,time_cycles
0,236116
page_index,time_cycles
0,1449608
page_index,time_cycles
0,2150748
page_index,time_cycles
0,698398
page_index,time_cycles
0,1074828
page_index,time_cycles
0,1251722
page_index,time_cycles
0,223498
page_index,time_cycles
0,1358220
page_index,time_cycles
0,885374
page_index,time_cycles
0,862368
page_index,time_cycles
0,1788482
page_index,time_cycles
0,857624
page_index,time_cycles
0,1671786
page_index,time_cycles
0,253548
page_index,time_cycles
0,1342308
page_index,time_cycles
0,1296970
page_index,time_cycles
0,866488
page_index,time_cycles
0,232970
page_index,time_cycles
0,969174
page_index,time_cycles
0,1345964
page_index,time_cycles
0,1247442
page_index,time_cycles
0,1713428
page_index,time_cycles
0,1249138
page_index,time_cycles
0,1528590
page_index,time_cycles
0,958936
page_index,time_cycles
0,269534
page_index,time_cycles
0,1626792
page_index,time_cycles
0,1185838
page_index,time_cycles
0,1574270
page_index,time_cycles
0,655468
page_index,time_cycles
0,1294284
page_index,time_cycles
0,1222992
page_index,time_cycles
0,745980
page_index,time_cycles
0,1155518
page_index,time_cycles
0,1353124
page_index,time_cycles
0,1664842
page_index,time_cycles
0,295694
page_index,time_cycles
0,1225822
page_index,time_cycles
0,992446
page_index,time_cycles
0,3719694
page_index,time_cycles
0,2299784
page_index,time_cycles
0,953180
page_index,time_cycles
0,1162776
page_index,time_cycles
0,355434
page_index,time_cycles
0,632302
page_index,time_cycles
0,1833476
page_index,time_cycles
0,3494448
page_index,time_cycles
0,349650
page_index,time_cycles
0,1855322
page_index,time_cycles
0,1351000
page_index,time_cycles
0,1192144
page_index,time_cycles
0,1297320
page_index,time_cycles
0,1502798
page_index,time_cycles
0,1790038
page_index,time_cycles
0,1615616
page_index,time_cycles
0,1220468
page_index,time_cycles
0,280372
page_index,time_cycles
0,301236
page_index,time_cycles
0,1559906
page_index,time_cycles
0,435236
page_index,time_cycles
0,268692
page_index,time_cycles
0,1306708
page_index,time_cycles
0,2276992
page_index,time_cycles
0,322880
page_index,time_cycles
0,1732922
page_index,time_cycles
0,1768190
page_index,time_cycles
0,1199176
page_index,time_cycles
0,275966
page_index,time_cycles
0,1091554
page_index,time_cycles
0,1514394
page_index,time_cycles
0,526206
page_index,time_cycles
0,1189276
page_index,time_cycles
0,1827142
page_index,time_cycles
0,1755532
page_index,time_cycles
0,977932
page_index,time_cycles
0,1294490
page_index,time_cycles
0,2092148
page_index,time_cycles
0,1043976
page_index,time_cycles
0,1472358
page_index,time_cycles
0,1456290
page_index,time_cycles
0,1330492
page_index,time_cycles
0,1112906
page_index,time_cycles
0,2055242
page_index,time_cycles
0,2005100
page_index,time_cycles
0,1164592
page_index,time_cycles
0,837948
page_index,time_cycles
0,270066
page_index,time_cycles
0,1203386
page_index,time_cycles
0,2009074
page_index,time_cycles
0,951866
page_index,time_cycles
0,1448862
page_index,time_cycles
0,1530922
page_index,time_cycles
0,1174284
page_index,time_cycles
0,2085770
page_index,time_cycles
0,1258482
page_index,time_cycles
0,2049902
page_index,time_cycles
0,390156
page_index,time_cycles
0,711652
page_index,time_cycles
0,1454630
page_index,time_cycles
0,1480290
page_index,time_cycles
0,531988
page_index,time_cycles
0,1626756
page_index,time_cycles
0,1852834
page_index,time_cycles
0,802892
page_index,time_cycles
0,1693160
page_index,time_cycles
0,1507156
page_index,time_cycles
0,670700
page_index,time_cycles
0,1819404
page_index,time_cycles
0,1481712
page_index,time_cycles
0,1670024
page_index,time_cycles
0,1392116
page_index,time_cycles
0,223430
page_index,time_cycles
0,2155856
page_index,time_cycles
0,541544
page_index,time_cycles
0,1327730
page_index,time_cycles
0,1330816
page_index,time_cycles
0,532160
page_index,time_cycles
0,602998
page_index,time_cycles
0,1113724
page_index,time_cycles
0,1065422
page_index,time_cycles
0,272654
page_index,time_cycles
0,741472
page_index,time_cycles
0,838130
page_index,time_cycles
0,2049798
page_index,time_cycles
0,2284840
page_index,time_cycles
0,611096
page_index,time_cycles
0,499178
page_index,time_cycles
0,1940250
page_index,time_cycles
0,1257580
page_index,time_cycles
0,1877414
page_index,time_cycles
0,465492
page_index,time_cycles
0,1962888
page_index,time_cycles
0,1454246
page_index,time_cycles
0,390390
page_index,time_cycles
0,1417262
page_index,time_cycles
0,935078
page_index,time_cycles
0,468648
page_index,time_cycles
0,1352224
page_index,time_cycles
0,211436
page_index,time_cycles
0,534454
page_index,time_cycles
0,1005416
page_index,time_cycles
0,2001942
page_index,time_cycles
0,310346
page_index,time_cycles
0,1369078
page_index,time_cycles
0,282374
page_index,time_cycles
0,663956
page_index,time_cycles
0,1435204
page_index,time_cycles
0,462590
page_index,time_cycles
0,1075330
page_index,time_cycles
0,1949634
page_index,time_cycles
0,1666956
page_index,time_cycles
0,1713788
page_index,time_cycles
0,1743930
page_index,time_cycles
0,590452
page_index,time_cycles
0,1610206
page_index,time_cycles
0,1817348
page_index,time_cycles
0,2206768
page_index,time_cycles
0,1477486
page_index,time_cycles
0,586014
page_index,time_cycles
0,912982
page_index,time_cycles
0,1739772
page_index,time_cycles
0,2419248
page_index,time_cycles
0,1434770
page_index,time_cycles
0,1438050
page_index,time_cycles
0,1760190
page_index,time_cycles
0,1347202
page_index,time_cycles
0,974082
page_index,time_cycles
0,2523614
page_index,time_cycles
0,1487810
page_index,time_cycles
0,1472344
page_index,time_cycles
0,1099738
page_index,time_cycles
0,1982868
page_index,time_cycles
0,931106
page_index,time_cycles
0,1206788
page_index,time_cycles
0,305958
page_index,time_cycles
0,751942
page_index,time_cycles
0,1572794
page_index,time_cycles
0,1928484
page_index,time_cycles
0,1027316
page_index,time_cycles
0,348080
page_index,time_cycles
0,1069308
page_index,time_cycles
0,287538
page_index,time_cycles
0,1703374
page_index,time_cycles
0,1105074
page_index,time_cycles
0,1207862
page_index,time_cycles
0,1473960
page_index,time_cycles
0,917190
page_index,time_cycles
0,1130088
page_index,time_cycles
0,1146954
page_index,time_cycles
0,2570102
page_index,time_cycles
0,1513470
page_index,time_cycles
0,992600
page_index,time_cycles
0,764718
page_index,time_cycles
0,232348
page_index,time_cycles
0,1457794
page_index,time_cycles
0,665776
page_index,time_cycles
0,1823784
page_index,time_cycles
0,299896
page_index,time_cycles
0,1260812
page_index,time_cycles
0,647348
page_index,time_cycles
0,1313048
page_index,time_cycles
0,1587418
page_index,time_cycles
0,331682
page_index,time_cycles
0,633426
page_index,time_cycles
0,287022
page_index,time_cycles
0,1189102
page_index,time_cycles
0,436008
page_index,time_cycles
0,1222368
page_index,time_cycles
0,1499196
page_index,time_cycles
0,1235384
page_index,time_cycles
0,960498
page_index,time_cycles
0,1689854
page_index,time_cycles
0,277718
page_index,time_cycles
0,1508074
page_index,time_cycles
0,729182
page_index,time_cycles
0,1243942
page_index,time_cycles
0,1253838
page_index,time_cycles
0,1110986
page_index,time_cycles
0,344288
page_index,time_cycles
0,1780960
page_index,time_cycles
0,393858
page_index,time_cycles
0,1119106
page_index,time_cycles
0,820918
page_index,time_cycles
0,1738980
page_index,time_cycles
0,1157556
page_index,time_cycles
0,1547274
page_index,time_cycles
0,1506800
page_index,time_cycles
0,2164148
page_index,time_cycles
0,1963316
page_index,time_cycles
0,284794
page_index,time_cycles
0,274586
page_index,time_cycles
0,832328
page_index,time_cycles
0,1108974
page_index,time_cycles
0,1316846
page_index,time_cycles
0,1317916
page_index,time_cycles
0,1133768
page_index,time_cycles
0,1302220
page_index,time_cycles
0,1418596
page_index,time_cycles
0,1135256
page_index,time_cycles
0,1129282
page_index,time_cycles
0,544178
page_index,time_cycles
0,1520396
page_index,time_cycles
0,1454696
page_index,time_cycles
0,278422
page_index,time_cycles
0,1064052
page_index,time_cycles
0,451408
page_index,time_cycles
0,1358252
page_index,time_cycles
0,1174156
page_index,time_cycles
0,1832938
page_index,time_cycles
0,935392
page_index,time_cycles
0,653056
page_index,time_cycles
0,1324918
page_index,time_cycles
0,1348804
page_index,time_cycles
0,1506906
page_index,time_cycles
0,251908
page_index,time_cycles
0,875590
page_index,time_cycles
0,492120
page_index,time_cycles
0,2914140
page_index,time_cycles
0,635860
page_index,time_cycles
0,880858
page_index,time_cycles
0,339038
page_index,time_cycles
0,1382344
page_index,time_cycles
0,344018
page_index,time_cycles
0,1472676
page_index,time_cycles
0,1375742
page_index,time_cycles
0,1678090
page_index,time_cycles
0,1055244
page_index,time_cycles
0,1391748
page_index,time_cycles
0,2670024
page_index,time_cycles
0,1263234
page_index,time_cycles
0,1792976
page_index,time_cycles
0,588468
page_index,time_cycles
0,1164964
page_index,time_cycles
0,1600520
page_index,time_cycles
0,1355652
page_index,time_cycles
0,447306
page_index,time_cycles
0,2138736
page_index,time_cycles
0,1030968
page_index,time_cycles
0,1158020
page_index,time_cycles
0,857742
page_index,time_cycles
0,1691334
page_index,time_cycles
0,1207966
page_index,time_cycles
0,1018560
page_index,time_cycles
0,1661432
page_index,time_cycles
0,1999094
page_index,time_cycles
0,1683074
page_index,time_cycles
0,1773312
page_index,time_cycles
0,1277982
page_index,time_cycles
0,1522256
page_index,time_cycles
0,341410
page_index,time_cycles
0,1304138
page_index,time_cycles
0,985000
page_index,time_cycles
0,1945610
page_index,time_cycles
0,1547068
page_index,time_cycles
0,2110970
page_index,time_cycles
0,1293382
page_index,time_cycles
0,1028224
page_index,time_cycles
0,773796
page_index,time_cycles
0,853524
page_index,time_cycles
0,802908
page_index,time_cycles
0,1235060
page_index,time_cycles
0,1402194
page_index,time_cycles
0,1975736
page_index,time_cycles
0,838400
page_index,time_cycles
0,1141370
page_index,time_cycles
0,1638162
page_index,time_cycles
0,644570
page_index,time_cycles
0,1347420
page_index,time_cycles
0,1345304
page_index,time_cycles
0,1479800
page_index,time_cycles
0,1657410
page_index,time_cycles
0,887478
page_index,time_cycles
0,1584832
page_index,time_cycles
0,325056
page_index,time_cycles
0,1087762
page_index,time_cycles
0,1247672
page_index,time_cycles
0,1554666
page_index,time_cycles
0,1756644
page_index,time_cycles
0,1346790
page_index,time_cycles
0,1439396
page_index,time_cycles
0,1561156
page_index,time_cycles
0,1103248
page_index,time_cycles
0,1120728
page_index,time_cycles
0,1166412
page_index,time_cycles
0,1702550
page_index,time_cycles
0,218726
page_index,time_cycles
0,1620232
page_index,time_cycles
0,1474920
page_index,time_cycles
0,1322458
page_index,time_cycles
0,2310528
page_index,time_cycles
0,1943932
page_index,time_cycles
0,1672180
page_index,time_cycles
0,990238
page_index,time_cycles
0,333692
page_index,time_cycles
0,1224986
page_index,time_cycles
0,268158
page_index,time_cycles
0,906682
page_index,time_cycles
0,1242016
page_index,time_cycles
0,366758
page_index,time_cycles
0,728456
page_index,time_cycles
0,622496
page_index,time_cycles
0,1523270
page_index,time_cycles
0,505490
page_index,time_cycles
0,1166916
page_index,time_cycles
0,1343094
page_index,time_cycles
0,1013616
page_index,time_cycles
0,1863002
page_index,time_cycles
0,298312
page_index,time_cycles
0,1009650
page_index,time_cycles
0,1011260
page_index,time_cycles
0,2223080
page_index,time_cycles
0,2122246
page_index,time_cycles
0,1192492
page_index,time_cycles
0,939034
page_index,time_cycles
0,284574
page_index,time_cycles
0,1464212
page_index,time_cycles
0,1195598
page_index,time_cycles
0,1360004
page_index,time_cycles
0,866876
page_index,time_cycles
0,1416714
page_index,time_cycles
0,1271846
page_index,time_cycles
0,1524228
page_index,time_cycles
0,595564
page_index,time_cycles
0,341994
page_index,time_cycles
0,1011550
page_index,time_cycles
0,1789120
page_index,time_cycles
0,989420
page_index,time_cycles
0,1621098
page_index,time_cycles
0,286428
page_index,time_cycles
0,1172256
page_index,time_cycles
0,1096032
page_index,time_cycles
0,1301138
page_index,time_cycles
0,277636
page_index,time_cycles
0,410190
page_index,time_cycles
0,1542128
page_index,time_cycles
0,1724156
page_index,time_cycles
0,1188968
page_index,time_cycles
0,1459614
page_index,time_cycles
0,2625106
page_index,time_cycles
0,988068
page_index,time_cycles
0,2050756
page_index,time_cycles
0,1597506
page_index,time_cycles
0,875452
page_index,time_cycles
0,1264976
page_index,time_cycles
0,267510
page_index,time_cycles
0,738924
page_index,time_cycles
0,1640710
page_index,time_cycles
0,1590994
page_index,time_cycles
0,894582
page_index,time_cycles
0,1712182
page_index,time_cycles
0,1071156
page_index,time_cycles
0,377360
page_index,time_cycles
0,1034632
page_index,time_cycles
0,559050
page_index,time_cycles
0,2240900
page_index,time_cycles
0,1309710
page_index,time_cycles
0,1930116
page_index,time_cycles
0,1105720
page_index,time_cycles
0,1369658
page_index,time_cycles
0,1554036
page_index,time_cycles
0,665532
page_index,time_cycles
0,1194500
page_index,time_cycles
0,1835128
page_index,time_cycles
0,1081492
page_index,time_cycles
0,466476
page_index,time_cycles
0,763068
page_index,time_cycles
0,2919790
page_index,time_cycles
0,1050618
page_index,time_cycles
0,270508
page_index,time_cycles
0,289430
page_index,time_cycles
0,731246
page_index,time_cycles
0,756798
page_index,time_cycles
0,1179186
page_index,time_cycles
0,2166456
page_index,time_cycles
0,1317340
page_index,time_cycles
0,1793984
page_index,time_cycles
0,1299008
page_index,time_cycles
0,1595330
page_index,time_cycles
0,1649416
page_index,time_cycles
0,1362428
page_index,time_cycles
0,1227112
page_index,time_cycles
0,2001140
page_index,time_cycles
0,1877164
page_index,time_cycles
0,1806266
page_index,time_cycles
0,283812
page_index,time_cycles
0,435390
page_index,time_cycles
0,1374586
page_index,time_cycles
0,1244048
page_index,time_cycles
0,1768496
page_index,time_cycles
0,1904496
page_index,time_cycles
0,658164
page_index,time_cycles
0,1343572
page_index,time_cycles
0,1902502
page_index,time_cycles
0,789232
page_index,time_cycles
0,1576530
page_index,time_cycles
0,318936
page_index,time_cycles
0,1281144
page_index,time_cycles
0,1715466
page_index,time_cycles
0,706156
page_index,time_cycles
0,1920728
page_index,time_cycles
0,597676
page_index,time_cycles
0,1384358
page_index,time_cycles
0,220526
page_index,time_cycles
0,1702458
page_index,time_cycles
0,329054
page_index,time_cycles
0,722246
page_index,time_cycles
0,275566
page_index,time_cycles
0,1699228
page_index,time_cycles
0,2111010
page_index,time_cycles
0,359398
page_index,time_cycles
0,274632
page_index,time_cycles
0,1615826
page_index,time_cycles
0,657886
page_index,time_cycles
0,1716676
page_index,time_cycles
0,1941682
page_index,time_cycles
0,1214724
page_index,time_cycles
0,281102
page_index,time_cycles
0,260758
page_index,time_cycles
0,771446
page_index,time_cycles
0,327740
page_index,time_cycles
0,1058154
page_index,time_cycles
0,2214848
page_index,time_cycles
0,1518582
page_index,time_cycles
0,1052922
page_index,time_cycles
0,1157202
page_index,time_cycles
0,795486
page_index,time_cycles
0,1151288
page_index,time_cycles
0,1793572
page_index,time_cycles
0,351368
page_index,time_cycles
0,1397114
page_index,time_cycles
0,1378848
page_index,time_cycles
0,1327848
page_index,time_cycles
0,940232
page_index,time_cycles
0,1112988
page_index,time_cycles
0,1701950
page_index,time_cycles
0,1583996
page_index,time_cycles
0,1566602
page_index,time_cycles
0,1464414
page_index,time_cycles
0,2007942
page_index,time_cycles
0,1126270
page_index,time_cycles
0,3070012
page_index,time_cycles
0,1960532
page_index,time_cycles
0,2285276
page_index,time_cycles
0,660240
page_index,time_cycles
0,1323038
page_index,time_cycles
0,583342
page_index,time_cycles
0,1716820
page_index,time_cycles
0,515220
page_index,time_cycles
0,1614260
page_index,time_cycles
0,1151160
page_index,time_cycles
0,1043684
page_index,time_cycles
0,1766198
page_index,time_cycles
0,1605810
page_index,time_cycles
0,1074904
page_index,time_cycles
0,1624696
page_index,time_cycles
0,766942
page_index,time_cycles
0,249054
page_index,time_cycles
0,1287490
page_index,time_cycles
0,276536
page_index,time_cycles
0,812924
page_index,time_cycles
0,310058
page_index,time_cycles
0,315110
page_index,time_cycles
0,1065052
page_index,time_cycles
0,1280772
page_index,time_cycles
0,1874600
page_index,time_cycles
0,3537732
page_index,time_cycles
0,1298996
page_index,time_cycles
0,357566
page_index,time_cycles
0,1254118
page_index,time_cycles
0,891734
page_index,time_cycles
0,487076
page_index,time_cycles
0,1284860
page_index,time_cycles
0,423704
page_index,time_cycles
0,1729510
page_index,time_cycles
0,780248
page_index,time_cycles
0,1639980
page_index,time_cycles
0,856638
page_index,time_cycles
0,2264902
page_index,time_cycles
0,511338
page_index,time_cycles
0,1286412
page_index,time_cycles
0,2353160
page_index,time_cycles
0,765876
page_index,time_cycles
0,1358730
page_index,time_cycles
0,307360
page_index,time_cycles
0,277082
page_index,time_cycles
0,820116
page_index,time_cycles
0,924918
page_index,time_cycles
0,974770
page_index,time_cycles
0,704530
page_index,time_cycles
0,1286280
page_index,time_cycles
0,1184644
page_index,time_cycles
0,2373008
page_index,time_cycles
0,767344
page_index,time_cycles
0,1169986
page_index,time_cycles
0,1863588
page_index,time_cycles
0,1062252
page_index,time_cycles
0,1499274
page_index,time_cycles
0,937908
page_index,time_cycles
0,1395472
page_index,time_cycles
0,1001034
page_index,time_cycles
0,1309708
page_index,time_cycles
0,625080
page_index,time_cycles
0,336220
page_index,time_cycles
0,876786
page_index,time_cycles
0,1161216
page_index,time_cycles
0,412296
page_index,time_cycles
0,2788098
page_index,time_cycles
0,238566
page_index,time_cycles
0,2088876
page_index,time_cycles
0,875044
page_index,time_cycles
0,1146648
page_index,time_cycles
0,820658
page_index,time_cycles
0,569966
page_index,time_cycles
0,1119982
page_index,time_cycles
0,1010648
page_index,time_cycles
0,1877892
page_index,time_cycles
0,1216782
page_index,time_cycles
0,1468256
page_index,time_cycles
0,1730822
page_index,time_cycles
0,1970328
page_index,time_cycles
0,1791070
page_index,time_cycles
0,277596
page_index,time_cycles
0,1661718
page_index,time_cycles
0,1553228
page_index,time_cycles
0,1578114
page_index,time_cycles
0,1034258
page_index,time_cycles
0,1314640
page_index,time_cycles
0,1754014
page_index,time_cycles
0,1479436
page_index,time_cycles
0,1892142
page_index,time_cycles
0,681840
page_index,time_cycles
0,2452796
page_index,time_cycles
0,1672990
page_index,time_cycles
0,1714502
page_index,time_cycles
0,207104
page_index,time_cycles
0,2212440
page_index,time_cycles
0,980640
page_index,time_cycles
0,2034004
page_index,time_cycles
0,829656
page_index,time_cycles
0,384708
page_index,time_cycles
0,1014040
page_index,time_cycles
0,1753916
page_index,time_cycles
0,1270216
page_index,time_cycles
0,1580506
page_index,time_cycles
0,415364
page_index,time_cycles
0,1854262
page_index,time_cycles
0,2002358
page_index,time_cycles
0,1471764
page_index,time_cycles
0,930428
page_index,time_cycles
0,1314390
page_index,time_cycles
0,1534400
page_index,time_cycles
0,2048944
page_index,time_cycles
0,1884534
page_index,time_cycles
0,1430214
page_index,time_cycles
0,266382
page_index,time_cycles
0,552904
page_index,time_cycles
0,1531546
page_index,time_cycles
0,462992
page_index,time_cycles
0,233384
page_index,time_cycles
0,1477152
page_index,time_cycles
0,1225236
page_index,time_cycles
0,271726
page_index,time_cycles
0,225804
page_index,time_cycles
0,700864
page_index,time_cycles
0,664538
page_index,time_cycles
0,1267888
page_index,time_cycles
0,1935302
page_index,time_cycles
0,1218582
page_index,time_cycles
0,1149316
page_index,time_cycles
0,1446444
page_index,time_cycles
0,2146284
page_index,time_cycles
0,1334336
page_index,time_cycles
0,1901708
page_index,time_cycles
0,1584684
page_index,time_cycles
0,484924
page_index,time_cycles
0,1339180
page_index,time_cycles
0,1560686
page_index,time_cycles
0,678064
page_index,time_cycles
0,1257494
page_index,time_cycles
0,1411338
page_index,time_cycles
0,1369716
page_index,time_cycles
0,1749484
page_index,time_cycles
0,1620436
page_index,time_cycles
0,352000
page_index,time_cycles
0,472462
page_index,time_cycles
0,1403142
page_index,time_cycles
0,1370760
page_index,time_cycles
0,336102
page_index,time_cycles
0,713006
page_index,time_cycles
0,300014
page_index,time_cycles
0,1623114
page_index,time_cycles
0,260926
page_index,time_cycles
0,206162
page_index,time_cycles
0,1615304
page_index,time_cycles
0,2398398
page_index,time_cycles
0,2077698
page_index,time_cycles
0,1321638
page_index,time_cycles
0,358978
page_index,time_cycles
0,986990
page_index,time_cycles
0,756406
page_index,time_cycles
0,262978
page_index,time_cycles
0,1269046
page_index,time_cycles
0,1371980
page_index,time_cycles
0,1424674
page_index,time_cycles
0,3258930
page_index,time_cycles
0,427192
page_index,time_cycles
0,1535546
page_index,time_cycles
0,268718
page_index,time_cycles
0,561986
page_index,time_cycles
0,510382
page_index,time_cycles
0,1176012
page_index,time_cycles
0,1447224
page_index,time_cycles
0,320582
page_index,time_cycles
0,1222690
page_index,time_cycles
0,1806990
page_index,time_cycles
0,1321494
page_index,time_cycles
0,435972
page_index,time_cycles
0,1414286
page_index,time_cycles
0,925028
page_index,time_cycles
0,325924
page_index,time_cycles
0,281158
page_index,time_cycles
0,948498
page_index,time_cycles
0,1630668
page_index,time_cycles
0,614506
page_index,time_cycles
0,1073790
page_index,time_cycles
0,1489372
page_index,time_cycles
0,2376840
page_index,time_cycles
0,696028
page_index,time_cycles
0,1326840
page_index,time_cycles
0,1691092
page_index,time_cycles
0,1411156
page_index,time_cycles
0,229020
page_index,time_cycles
0,381440
page_index,time_cycles
0,2385030
page_index,time_cycles
0,577406
page_index,time_cycles
0,2315420
page_index,time_cycles
0,1428404
page_index,time_cycles
0,1212636
page_index,time_cycles
0,1236634
page_index,time_cycles
0,1269164
page_index,time_cycles
0,1651332
page_index,time_cycles
0,1824166
page_index,time_cycles
0,645102
page_index,time_cycles
0,428492
page_index,time_cycles
0,211906
page_index,time_cycles
0,1484126
page_index,time_cycles
0,291746
page_index,time_cycles
0,1920032
page_index,time_cycles
0,984328
page_index,time_cycles
0,922850
page_index,time_cycles
0,1254168
page_index,time_cycles
0,1433110
page_index,time_cycles
0,860084
page_index,time_cycles
0,280146
page_index,time_cycles
0,547818
page_index,time_cycles
0,1597584
page_index,time_cycles
0,1309706
page_index,time_cycles
0,1807542
page_index,time_cycles
0,1564440
page_index,time_cycles
0,773112
page_index,time_cycles
0,943172
page_index,time_cycles
0,852692
page_index,time_cycles
0,1730398
page_index,time_cycles
0,1326598
page_index,time_cycles
0,1861832
page_index,time_cycles
0,850978
page_index,time_cycles
0,956536
page_index,time_cycles
0,2128986
page_index,time_cycles
0,1455444
page_index,time_cycles
0,2440532
page_index,time_cycles
0,213322
page_index,time_cycles
0,663460
page_index,time_cycles
0,2539056
page_index,time_cycles
0,296682
page_index,time_cycles
0,1967184
page_index,time_cycles
0,1741820
page_index,time_cycles
0,1448294
page_index,time_cycles
0,1119214
page_index,time_cycles
0,1866364
page_index,time_cycles
0,852478
page_index,time_cycles
0,270518
page_index,time_cycles
0,1995898
page_index,time_cycles
0,1264224
page_index,time_cycles
0,578818
page_index,time_cycles
0,3112914
page_index,time_cycles
0,1839928
page_index,time_cycles
0,1563976
page_index,time_cycles
0,1545770
page_index,time_cycles
0,1852936
page_index,time_cycles
0,1820252
page_index,time_cycles
0,2001310
page_index,time_cycles
0,1480554
page_index,time_cycles
0,2402332
page_index,time_cycles
0,748282
page_index,time_cycles
0,903094
page_index,time_cycles
0,1041966
page_index,time_cycles
0,462220
page_index,time_cycles
0,1394968
page_index,time_cycles
0,658442
page_index,time_cycles
0,1236744
page_index,time_cycles
0,295846
page_index,time_cycles
0,1982506
page_index,time_cycles
0,1956560
page_index,time_cycles
0,1440226
page_index,time_cycles
0,505562
page_index,time_cycles
0,1305180
page_index,time_cycles
0,2749756
page_index,time_cycles
0,692160
page_index,time_cycles
0,1035800
page_index,time_cycles
0,1090828
page_index,time_cycles
0,1291124
page_index,time_cycles
0,788974
page_index,time_cycles
0,793034
page_index,time_cycles
0,279266
page_index,time_cycles
0,1175320
page_index,time_cycles
0,1805722
page_index,time_cycles
0,996962
page_index,time_cycles
0,196190
page_index,time_cycles
0,1415578
page_index,time_cycles
0,1584128
page_index,time_cycles
0,2670806
page_index,time_cycles
0,1040976
page_index,time_cycles
0,1319250
page_index,time_cycles
0,707856
page_index,time_cycles
0,1757912
page_index,time_cycles
0,263022
page_index,time_cycles
0,2151292
page_index,time_cycles
0,1361280
page_index,time_cycles
0,326570
page_index,time_cycles
0,1403272
page_index,time_cycles
0,749118
page_index,time_cycles
0,1657074
page_index,time_cycles
0,276308
page_index,time_cycles
0,524392
page_index,time_cycles
0,612508
page_index,time_cycles
0,2130582
page_index,time_cycles
0,1055082
page_index,time_cycles
0,1399298
page_index,time_cycles
0,1428648
page_index,time_cycles
0,699086
page_index,time_cycles
0,2613592
page_index,time_cycles
0,1284874
page_index,time_cycles
0,865296
page_index,time_cycles
0,1325924
page_index,time_cycles
0,1504912
page_index,time_cycles
0,1089890
page_index,time_cycles
0,1502872
page_index,time_cycles
0,874870
page_index,time_cycles
0,505078
page_index,time_cycles
0,283420
page_index,time_cycles
0,1636858
page_index,time_cycles
0,2832194
page_index,time_cycles
0,1096186
page_index,time_cycles
0,229986
page_index,time_cycles
0,220358
page_index,time_cycles
0,1075930
page_index,time_cycles
0,1468872
page_index,time_cycles
0,856752
page_index,time_cycles
0,1011864
page_index,time_cycles
0,667944
page_index,time_cycles
0,805664
page_index,time_cycles
0,1510454
page_index,time_cycles
0,1113316
page_index,time_cycles
0,1947174
page_index,time_cycles
0,1102790
page_index,time_cycles
0,1276706
page_index,time_cycles
0,897980
page_index,time_cycles
0,1373978
page_index,time_cycles
0,1082366
page_index,time_cycles
0,230258
page_index,time_cycles
0,1414182
page_index,time_cycles
0,1866622
page_index,time_cycles
0,218292
page_index,time_cycles
0,1129008
page_index,time_cycles
0,1164774
page_index,time_cycles
0,1626524
page_index,time_cycles
0,952054
page_index,time_cycles
0,1480436
page_index,time_cycles
0,1673660
page_index,time_cycles
0,351258
page_index,time_cycles
0,303080
page_index,time_cycles
0,3308942
page_index,time_cycles
0,980730
page_index,time_cycles
0,1501668
page_index,time_cycles
0,276172
page_index,time_cycles
0,2194720
page_index,time_cycles
0,1357208
page_index,time_cycles
0,1105902
page_index,time_cycles
0,1004296
page_index,time_cycles
0,2559904
page_index,time_cycles
0,1427960
page_index,time_cycles
0,1078368
page_index,time_cycles
0,544132
page_index,time_cycles
0,1710158
page_index,time_cycles
0,1094574
page_index,time_cycles
0,426366
page_index,time_cycles
0,813594
page_index,time_cycles
0,503782
page_index,time_cycles
0,878970
page_index,time_cycles
0,1435860
page_index,time_cycles
0,1087822
page_index,time_cycles
0,800346
page_index,time_cycles
0,301348
page_index,time_cycles
0,1472820
page_index,time_cycles
0,2275570
page_index,time_cycles
0,1045190
page_index,time_cycles
0,1173352
page_index,time_cycles
0,2014234
page_index,time_cycles
0,1778040
page_index,time_cycles
0,1343946
page_index,time_cycles
0,311334
page_index,time_cycles
0,1967480
page_index,time_cycles
0,1640298
page_index,time_cycles
0,1437596
page_index,time_cycles
0,239868
page_index,time_cycles
0,908682
page_index,time_cycles
0,1480884
page_index,time_cycles
0,1103506
page_index,time_cycles
0,1291136
page_index,time_cycles
0,272710
page_index,time_cycles
0,1580864
page_index,time_cycles
0,1692058
page_index,time_cycles
0,1598876
page_index,time_cycles
0,1834714
page_index,time_cycles
0,1135678
page_index,time_cycles
0,529374
page_index,time_cycles
0,1284472
page_index,time_cycles
0,2176722
page_index,time_cycles
0,303508
page_index,time_cycles
0,1608218
page_index,time_cycles
0,276786
page_index,time_cycles
0,1303948
page_index,time_cycles
0,1972540
page_index,time_cycles
0,1343184
page_index,time_cycles
0,2434750
page_index,time_cycles
0,289240
page_index,time_cycles
0,1775932
page_index,time_cycles
0,689792
page_index,time_cycles
0,1356452
page_index,time_cycles
0,285024
page_index,time_cycles
0,1309106
page_index,time_cycles
0,275170
page_index,time_cycles
0,1183028
page_index,time_cycles
0,570642
page_index,time_cycles
0,1213754
page_index,time_cycles
0,2051198
page_index,time_cycles
0,2141706
page_index,time_cycles
0,330134
page_index,time_cycles
0,1420276
page_index,time_cycles
0,816082
page_index,time_cycles
0,737212
page_index,time_cycles
0,2488452
page_index,time_cycles
0,1160568
page_index,time_cycles
0,775148
page_index,time_cycles
0,1532212
page_index,time_cycles
0,759410
page_index,time_cycles
0,1362016
page_index,time_cycles
0,2107126
page_index,time_cycles
0,845504
page_index,time_cycles
0,1284270
page_index,time_cycles
0,1044940
page_index,time_cycles
0,1805118
page_index,time_cycles
0,1004836
page_index,time_cycles
0,988046
page_index,time_cycles
0,780940
page_index,time_cycles
0,1504660
page_index,time_cycles
0,1635302
page_index,time_cycles
0,1030642
page_index,time_cycles
0,1215412
page_index,time_cycles
0,1693582
page_index,time_cycles
0,840506
page_index,time_cycles
0,2950470
page_index,time_cycles
0,281432
page_index,time_cycles
0,1108640
page_index,time_cycles
0,278754
page_index,time_cycles
0,339194
page_index,time_cycles
0,727346
page_index,time_cycles
0,1309774
page_index,time_cycles
0,3588750
page_index,time_cycles
0,1100756
page_index,time_cycles
0,1215428
page_index,time_cycles
0,1349708
page_index,time_cycles
0,1165222
page_index,time_cycles
0,286714
page_index,time_cycles
0,2028192
page_index,time_cycles
0,1776386
page_index,time_cycles
0,333736
page_index,time_cycles
0,315616
page_index,time_cycles
0,889058
page_index,time_cycles
0,1355908
page_index,time_cycles
0,1089502
page_index,time_cycles
0,3327692
page_index,time_cycles
0,1463416
page_index,time_cycles
0,687598
page_index,time_cycles
0,1535360
page_index,time_cycles
0,310440
page_index,time_cycles
0,1624406
page_index,time_cycles
0,1434170
page_index,time_cycles
0,1556794
page_index,time_cycles
0,392012
page_index,time_cycles
0,2132732
page_index,time_cycles
0,860710
page_index,time_cycles
0,1102432
page_index,time_cycles
0,685140
page_index,time_cycles
0,1815402
page_index,time_cycles
0,554714
page_index,time_cycles
0,1526210
page_index,time_cycles
0,1701630
page_index,time_cycles
0,676458
page_index,time_cycles
0,1301406
page_index,time_cycles
0,1610390
page_index,time_cycles
0,1207054
page_index,time_cycles
0,2722370
page_index,time_cycles
0,2217654
page_index,time_cycles
0,1667140
page_index,time_cycles
0,2222754
page_index,time_cycles
0,1046652
page_index,time_cycles
0,618738
page_index,time_cycles
0,976178
page_index,time_cycles
0,1234798
page_index,time_cycles
0,385030
page_index,time_cycles
0,587500
page_index,time_cycles
0,1565682
page_index,time_cycles
0,1272140
page_index,time_cycles
0,1441192
page_index,time_cycles
0,1116874
page_index,time_cycles
0,1644090
page_index,time_cycles
0,873142
page_index,time_cycles
0,406486
page_index,time_cycles
0,273416
page_index,time_cycles
0,2569258
page_index,time_cycles
0,991432
page_index,time_cycles
0,2160682
page_index,time_cycles
0,335200
page_index,time_cycles
0,1523744
page_index,time_cycles
0,1422620
page_index,time_cycles
0,1583038
page_index,time_cycles
0,2147918
page_index,time_cycles
0,1168534
page_index,time_cycles
0,289146
page_index,time_cycles
0,862460
page_index,time_cycles
0,2038268
page_index,time_cycles
0,365072
page_index,time_cycles
0,2008648
page_index,time_cycles
0,598876
page_index,time_cycles
0,3065782
page_index,time_cycles
0,1530238
page_index,time_cycles
0,1306836
page_index,time_cycles
0,544676
page_index,time_cycles
0,299826
page_index,time_cycles
0,1651306
page_index,time_cycles
0,536636
page_index,time_cycles
0,1216472
page_index,time_cycles
0,947280
page_index,time_cycles
0,1741972
page_index,time_cycles
0,1262440
page_index,time_cycles
0,1305450
page_index,time_cycles
0,1097578
page_index,time_cycles
0,907376
page_index,time_cycles
0,1352234
page_index,time_cycles
0,901640
page_index,time_cycles
0,348710
page_index,time_cycles
0,464262
page_index,time_cycles
0,873994
page_index,time_cycles
0,2995828
page_index,time_cycles
0,2329804
page_index,time_cycles
0,2362828
page_index,time_cycles
0,1242882
page_index,time_cycles
0,1787906
page_index,time_cycles
0,1184100
page_index,time_cycles
0,1368498
page_index,time_cycles
0,2017546
page_index,time_cycles
0,947574
page_index,time_cycles
0,1153568
page_index,time_cycles
0,1326078
page_index,time_cycles
0,280422
page_index,time_cycles
0,1351242
page_index,time_cycles
0,1909874
page_index,time_cycles
0,1828066
page_index,time_cycles
0,809144
page_index,time_cycles
0,2638066
page_index,time_cycles
0,1393524
page_index,time_cycles
0,1279554
page_index,time_cycles
0,1222730
page_index,time_cycles
0,1188404
page_index,time_cycles
0,526478
page_index,time_cycles
0,799178
page_index,time_cycles
0,950564
page_index,time_cycles
0,2973564
page_index,time_cycles
0,1660496
page_index,time_cycles
0,1691566
page_index,time_cycles
0,1167654
page_index,time_cycles
0,1087012
page_index,time_cycles
0,550972
page_index,time_cycles
0,2015664
page_index,time_cycles
0,1334118
page_index,time_cycles
0,309314
page_index,time_cycles
0,1257770
page_index,time_cycles
0,1333062
page_index,time_cycles
0,872168
page_index,time_cycles
0,1542670
page_index,time_cycles
0,1524686
page_index,time_cycles
0,1399394
page_index,time_cycles
0,383544
page_index,time_cycles
0,762210
page_index,time_cycles
0,1040674
page_index,time_cycles
0,1664986
page_index,time_cycles
0,1013520
page_index,time_cycles
0,339064
page_index,time_cycles
0,426878
page_index,time_cycles
0,617694
page_index,time_cycles
0,1810446
page_index,time_cycles
0,413476
page_index,time_cycles
0,985836
page_index,time_cycles
0,1032474
page_index,time_cycles
0,1228264
page_index,time_cycles
0,1105542
page_index,time_cycles
0,1447528
page_index,time_cycles
0,1965690
page_index,time_cycles
0,1817064
page_index,time_cycles
0,1261372
page_index,time_cycles
0,1792116
page_index,time_cycles
0,1737624
page_index,time_cycles
0,1211992
page_index,time_cycles
0,1260124
page_index,time_cycles
0,284256
page_index,time_cycles
0,2028284
page_index,time_cycles
0,2636690
page_index,time_cycles
0,2159628
page_index,time_cycles
0,1365518
page_index,time_cycles
0,290518
page_index,time_cycles
0,1153730
page_index,time_cycles
0,1302434
page_index,time_cycles
0,391216
page_index,time_cycles
0,2296828
page_index,time_cycles
0,999920
page_index,time_cycles
0,2193970
page_index,time_cycles
0,324706
page_index,time_cycles
0,1317476
page_index,time_cycles
0,680396
page_index,time_cycles
0,2227446
page_index,time_cycles
0,2272334
page_index,time_cycles
0,650762
page_index,time_cycles
0,290024
page_index,time_cycles
0,1257690
page_index,time_cycles
0,1816114
page_index,time_cycles
0,3271276
page_index,time_cycles
0,774528
page_index,time_cycles
0,2427490
page_index,time_cycles
0,263298
page_index,time_cycles
0,943162
page_index,time_cycles
0,1424602
page_index,time_cycles
0,622542
page_index,time_cycles
0,1608976
page_index,time_cycles
0,592932
page_index,time_cycles
0,1189102
page_index,time_cycles
0,223556
page_index,time_cycles
0,541040
page_index,time_cycles
0,3289924
page_index,time_cycles
0,1255172
page_index,time_cycles
0,1936242
page_index,time_cycles
0,1562430
page_index,time_cycles
0,933578
page_index,time_cycles
0,2403174
page_index,time_cycles
0,1104226
page_index,time_cycles
0,1296918
page_index,time_cycles
0,434568
page_index,time_cycles
0,1021168
page_index,time_cycles
0,534974
page_index,time_cycles
0,1257004
page_index,time_cycles
0,295494
page_index,time_cycles
0,2582798
page_index,time_cycles
0,276256
page_index,time_cycles
0,287208
page_index,time_cycles
0,1283788
page_index,time_cycles
0,1079196
page_index,time_cycles
0,859998
page_index,time_cycles
0,1146896
page_index,time_cycles
0,356690
page_index,time_cycles
0,629356
page_index,time_cycles
0,236196
page_index,time_cycles
0,1755930
page_index,time_cycles
0,862250
page_index,time_cycles
0,2354700
page_index,time_cycles
0,335948
page_index,time_cycles
0,1171882
page_index,time_cycles
0,676254
page_index,time_cycles
0,1356022
page_index,time_cycles
0,296940
page_index,time_cycles
0,334956
page_index,time_cycles
0,1654414
page_index,time_cycles
0,264084
page_index,time_cycles
0,1510170
page_index,time_cycles
0,1381960
page_index,time_cycles
0,1081288
page_index,time_cycles
0,668202
page_index,time_cycles
0,1258188
page_index,time_cycles
0,329420
page_index,time_cycles
0,1773918
page_index,time_cycles
0,438282
page_index,time_cycles
0,1759474
page_index,time_cycles
0,417058
page_index,time_cycles
0,650498
page_index,time_cycles
0,1142970
page_index,time_cycles
0,1165150
page_index,time_cycles
0,325888
page_index,time_cycles
0,266060
page_index,time_cycles
0,295708
page_index,time_cycles
0,840592
page_index,time_cycles
0,2149552
page_index,time_cycles
0,1259862
page_index,time_cycles
0,271344
page_index,time_cycles
0,1445822
page_index,time_cycles
0,1524592
page_index,time_cycles
0,787724
page_index,time_cycles
0,648576
page_index,time_cycles
0,1624194
page_index,time_cycles
0,216206
page_index,time_cycles
0,2791164
page_index,time_cycles
0,1175456
page_index,time_cycles
0,923114
page_index,time_cycles
0,461142
page_index,time_cycles
0,292206
page_index,time_cycles
0,1500658
page_index,time_cycles
0,1739878
page_index,time_cycles
0,1999206
page_index,time_cycles
0,1382852
page_index,time_cycles
0,598978
page_index,time_cycles
0,623254
page_index,time_cycles
0,1109646
page_index,time_cycles
0,1377244
page_index,time_cycles
0,396058
page_index,time_cycles
0,1559996
page_index,time_cycles
0,2070474
page_index,time_cycles
0,1054436
page_index,time_cycles
0,2704032
page_index,time_cycles
0,2741854
page_index,time_cycles
0,1146216
page_index,time_cycles
0,651670
page_index,time_cycles
0,1649450
page_index,time_cycles
0,2543406
page_index,time_cycles
0,1707828
page_index,time_cycles
0,213516
page_index,time_cycles
0,3325980
page_index,time_cycles
0,1170304
page_index,time_cycles
0,1080382
page_index,time_cycles
0,2957760
page_index,time_cycles
0,1286580
page_index,time_cycles
0,526614
page_index,time_cycles
0,1649134
page_index,time_cycles
0,1464984
page_index,time_cycles
0,254714
page_index,time_cycles
0,1425154
page_index,time_cycles
0,683824
page_index,time_cycles
0,1406330
page_index,time_cycles
0,1332616
page_index,time_cycles
0,1732736
page_index,time_cycles
0,790566
page_index,time_cycles
0,1558050
page_index,time_cycles
0,1622934
page_index,time_cycles
0,1633368
page_index,time_cycles
0,1090808
page_index,time_cycles
0,328802
page_index,time_cycles
0,279504
page_index,time_cycles
0,1513950
page_index,time_cycles
0,1319338
page_index,time_cycles
0,777094
page_index,time_cycles
0,1310720
page_index,time_cycles
0,238982
page_index,time_cycles
0,1133708
page_index,time_cycles
0,279906
page_index,time_cycles
0,2875996
page_index,time_cycles
0,283916
page_index,time_cycles
0,293988
page_index,time_cycles
0,477836
page_index,time_cycles
0,1011854
page_index,time_cycles
0,1108182
page_index,time_cycles
0,1368990
page_index,time_cycles
0,1148924
page_index,time_cycles
0,1590634
page_index,time_cycles
0,1344138
page_index,time_cycles
0,1397124
page_index,time_cycles
0,1394574
page_index,time_cycles
0,1976730
page_index,time_cycles
0,2116252
page_index,time_cycles
0,1242020
page_index,time_cycles
0,938060
page_index,time_cycles
0,1298224
page_index,time_cycles
0,324576
page_index,time_cycles
0,219960
page_index,time_cycles
0,1200614
page_index,time_cycles
0,1451914
page_index,time_cycles
0,1291392
page_index,time_cycles
0,1304116
page_index,time_cycles
0,1168532
page_index,time_cycles
0,290938
page_index,time_cycles
0,1254976
page_index,time_cycles
0,2054050
page_index,time_cycles
0,361164
page_index,time_cycles
0,597802
page_index,time_cycles
0,1542118
page_index,time_cycles
0,1096144
page_index,time_cycles
0,1297112
page_index,time_cycles
0,925760
page_index,time_cycles
0,1123972
page_index,time_cycles
0,1231198
page_index,time_cycles
0,1064414
page_index,time_cycles
0,1936818
page_index,time_cycles
0,1306784
page_index,time_cycles
0,286168
page_index,time_cycles
0,1725110
page_index,time_cycles
0,328956
page_index,time_cycles
0,1436008
page_index,time_cycles
0,280348
page_index,time_cycles
0,1187166
page_index,time_cycles
0,1366804
page_index,time_cycles
0,1724616
page_index,time_cycles
0,2183060
page_index,time_cycles
0,1631230
page_index,time_cycles
0,263292
page_index,time_cycles
0,1587490
page_index,time_cycles
0,1320090
page_index,time_cycles
0,392780
page_index,time_cycles
0,1201136
page_index,time_cycles
0,306662
page_index,time_cycles
0,1776972
page_index,time_cycles
0,409934
page_index,time_cycles
0,691902
page_index,time_cycles
0,755108
page_index,time_cycles
0,998234
page_index,time_cycles
0,273212
page_index,time_cycles
0,901016
page_index,time_cycles
0,1714010
page_index,time_cycles
0,2072704
page_index,time_cycles
0,773964
page_index,time_cycles
0,840046
page_index,time_cycles
0,1163980
page_index,time_cycles
0,456954
page_index,time_cycles
0,418876
page_index,time_cycles
0,1663404
page_index,time_cycles
0,907942
page_index,time_cycles
0,1791162
page_index,time_cycles
0,2573326
page_index,time_cycles
0,1383458
page_index,time_cycles
0,1721182
page_index,time_cycles
0,965208
page_index,time_cycles
0,1096710
page_index,time_cycles
0,1119376
page_index,time_cycles
0,1281588
page_index,time_cycles
0,289276
page_index,time_cycles
0,921466
page_index,time_cycles
0,1225776
page_index,time_cycles
0,1740856
page_index,time_cycles
0,1745912
page_index,time_cycles
0,573836
page_index,time_cycles
0,3289536
page_index,time_cycles
0,598966
page_index,time_cycles
0,1048930
page_index,time_cycles
0,1485724
page_index,time_cycles
0,1434746
page_index,time_cycles
0,267072
page_index,time_cycles
0,2337228
page_index,time_cycles
0,1505754
page_index,time_cycles
0,242398
page_index,time_cycles
0,1364402
page_index,time_cycles
0,2141626
page_index,time_cycles
0,396800
page_index,time_cycles
0,1080776
page_index,time_cycles
0,1207436
page_index,time_cycles
0,1818110
page_index,time_cycles
0,906442
page_index,time_cycles
0,1672174
page_index,time_cycles
0,2412888
page_index,time_cycles
0,1818062
page_index,time_cycles
0,1888978
page_index,time_cycles
0,1617534
page_index,time_cycles
0,278458
page_index,time_cycles
0,1322504
page_index,time_cycles
0,1108796
page_index,time_cycles
0,2969314
page_index,time_cycles
0,1754286
page_index,time_cycles
0,1408020
page_index,time_cycles
0,1789466
page_index,time_cycles
0,1572008
page_index,time_cycles
0,1578092
page_index,time_cycles
0,1768178
page_index,time_cycles
0,461976
page_index,time_cycles
0,1120200
page_index,time_cycles
0,1432702
page_index,time_cycles
0,1595458
page_index,time_cycles
0,1594496
page_index,time_cycles
0,1748814
page_index,time_cycles
0,2015408
page_index,time_cycles
0,741406
page_index,time_cycles
0,630468
page_index,time_cycles
0,469882
page_index,time_cycles
0,1685294
page_index,time_cycles
0,1111408
page_index,time_cycles
0,426756
page_index,time_cycles
0,1783848
page_index,time_cycles
0,1278638
page_index,time_cycles
0,1539978
page_index,time_cycles
0,1605122
page_index,time_cycles
0,1982784
page_index,time_cycles
0,2756746
page_index,time_cycles
0,1200394
page_index,time_cycles
0,1388550
page_index,time_cycles
0,914748
page_index,time_cycles
0,1095986
page_index,time_cycles
0,1887370
page_index,time_cycles
0,1776332
page_index,time_cycles
0,728218
page_index,time_cycles
0,669532
page_index,time_cycles
0,1980388
page_index,time_cycles
0,2030844
page_index,time_cycles
0,300766
page_index,time_cycles
0,1699494
page_index,time_cycles
0,2143158
page_index,time_cycles
0,1158534
page_index,time_cycles
0,1666904
page_index,time_cycles
0,583090
page_index,time_cycles
0,332374
page_index,time_cycles
0,344096
page_index,time_cycles
0,534860
page_index,time_cycles
0,1253186
page_index,time_cycles
0,2123220
page_index,time_cycles
0,969156
page_index,time_cycles
0,1975542
page_index,time_cycles
0,339354
page_index,time_cycles
0,1235006
page_index,time_cycles
0,1727998
page_index,time_cycles
0,457872
page_index,time_cycles
0,1146942
page_index,time_cycles
0,1253074
page_index,time_cycles
0,1794196
page_index,time_cycles
0,1612806
page_index,time_cycles
0,1214428
page_index,time_cycles
0,1429188
page_index,time_cycles
0,954024
page_index,time_cycles
0,553676
page_index,time_cycles
0,1489734
page_index,time_cycles
0,1526552
page_index,time_cycles
0,1174514
page_index,time_cycles
0,1002108
page_index,time_cycles
0,728036
page_index,time_cycles
0,229166
page_index,time_cycles
0,1857874
page_index,time_cycles
0,640472
page_index,time_cycles
0,1820402
page_index,time_cycles
0,730462
page_index,time_cycles
0,2412432
page_index,time_cycles
0,2306274
page_index,time_cycles
0,1079950
page_index,time_cycles
0,1445382
page_index,time_cycles
0,580818
page_index,time_cycles
0,1033056
page_index,time_cycles
0,363240
page_index,time_cycles
0,3264034
page_index,time_cycles
0,4270930
page_index,time_cycles
0,948356
page_index,time_cycles
0,814600
page_index,time_cycles
0,1796670
page_index,time_cycles
0,524820
page_index,time_cycles
0,1159808
page_index,time_cycles
0,324574
page_index,time_cycles
0,1132934
page_index,time_cycles
0,1232064
page_index,time_cycles
0,1992982
page_index,time_cycles
0,1532056
page_index,time_cycles
0,962802
page_index,time_cycles
0,1420692
page_index,time_cycles
0,1594120
page_index,time_cycles
0,329912
page_index,time_cycles
0,2555580
page_index,time_cycles
0,1039584
page_index,time_cycles
0,1461240
page_index,time_cycles
0,311932
page_index,time_cycles
0,324796
page_index,time_cycles
0,517688
page_index,time_cycles
0,1666030
page_index,time_cycles
0,505360
page_index,time_cycles
0,1119290
page_index,time_cycles
0,1260918
page_index,time_cycles
0,275540
page_index,time_cycles
0,1222146
page_index,time_cycles
0,645228
page_index,time_cycles
0,1190118
page_index,time_cycles
0,789760
page_index,time_cycles
0,1106322
page_index,time_cycles
0,761154
page_index,time_cycles
0,569468
page_index,time_cycles
0,1140622
page_index,time_cycles
0,452228
page_index,time_cycles
0,370384
page_index,time_cycles
0,880522
page_index,time_cycles
0,1073598
page_index,time_cycles
0,1299632
page_index,time_cycles
0,282572
page_index,time_cycles
0,1092372
page_index,time_cycles
0,376634
page_index,time_cycles
0,954844
page_index,time_cycles
0,1383560
page_index,time_cycles
0,2674258
page_index,time_cycles
0,297820
page_index,time_cycles
0,1363118
page_index,time_cycles
0,629064
page_index,time_cycles
0,911806
page_index,time_cycles
0,235878
page_index,time_cycles
0,1417300
page_index,time_cycles
0,399126
page_index,time_cycles
0,282310
page_index,time_cycles
0,2743834
page_index,time_cycles
0,1666362
page_index,time_cycles
0,1318086
page_index,time_cycles
0,288946
page_index,time_cycles
0,1473988
page_index,time_cycles
0,287030
page_index,time_cycles
0,1645702
page_index,time_cycles
0,230972
page_index,time_cycles
0,1391174
page_index,time_cycles
0,1524050
page_index,time_cycles
0,1355738
page_index,time_cycles
0,1423830
page_index,time_cycles
0,275346
page_index,time_cycles
0,349522
page_index,time_cycles
0,974998
page_index,time_cycles
0,1263542
page_index,time_cycles
0,604752
page_index,time_cycles
0,2368374
page_index,time_cycles
0,1071280
page_index,time_cycles
0,2482006
page_index,time_cycles
0,1631762
page_index,time_cycles
0,952894
page_index,time_cycles
0,1887600
page_index,time_cycles
0,2069946
page_index,time_cycles
0,1251608
page_index,time_cycles
0,738430
page_index,time_cycles
0,1210838
page_index,time_cycles
0,1223524
page_index,time_cycles
0,453824
page_index,time_cycles
0,220098
page_index,time_cycles
0,430916
page_index,time_cycles
0,1420298
page_index,time_cycles
0,1050528
page_index,time_cycles
0,1581164
page_index,time_cycles
0,952998
page_index,time_cycles
0,2579060
page_index,time_cycles
0,1094216
page_index,time_cycles
0,1149772
page_index,time_cycles
0,973452
page_index,time_cycles
0,2651248
page_index,time_cycles
0,1464044
page_index,time_cycles
0,335616
page_index,time_cycles
0,762778
page_index,time_cycles
0,2016284
page_index,time_cycles
0,1519418
page_index,time_cycles
0,433294
page_index,time_cycles
0,1387038
page_index,time_cycles
0,279274
page_index,time_cycles
0,377504
page_index,time_cycles
0,358398
page_index,time_cycles
0,1304974
page_index,time_cycles
0,2598920
page_index,time_cycles
0,262536
page_index,time_cycles
0,1182378
page_index,time_cycles
0,761942
page_index,time_cycles
0,1320138
page_index,time_cycles
0,651256
page_index,time_cycles
0,1811830
page_index,time_cycles
0,2109176
page_index,time_cycles
0,1088584
page_index,time_cycles
0,288616
page_index,time_cycles
0,681568
page_index,time_cycles
0,1715164
page_index,time_cycles
0,1326974
page_index,time_cycles
0,2061736
page_index,time_cycles
0,674360
page_index,time_cycles
0,952692
page_index,time_cycles
0,1365578
page_index,time_cycles
0,1083180
page_index,time_cycles
0,1254026
page_index,time_cycles
0,879960
page_index,time_cycles
0,800932
page_index,time_cycles
0,260884
page_index,time_cycles
0,1239106
page_index,time_cycles
0,989982
page_index,time_cycles
0,2374734
page_index,time_cycles
0,306812
page_index,time_cycles
0,347498
page_index,time_cycles
0,339576
page_index,time_cycles
0,543460
page_index,time_cycles
0,646610
page_index,time_cycles
0,270340
page_index,time_cycles
0,908540
page_index,time_cycles
0,297196
page_index,time_cycles
0,268320
page_index,time_cycles
0,2194140
page_index,time_cycles
0,303314
page_index,time_cycles
0,1141734
page_index,time_cycles
0,836666
page_index,time_cycles
0,680494
page_index,time_cycles
0,278180
page_index,time_cycles
0,1784812
page_index,time_cycles
0,1019082
page_index,time_cycles
0,1080046
page_index,time_cycles
0,376768
page_index,time_cycles
0,1626276
page_index,time_cycles
0,1542444
page_index,time_cycles
0,256800
page_index,time_cycles
0,845322
page_index,time_cycles
0,1138020
page_index,time_cycles
0,1673432
page_index,time_cycles
0,2437066
page_index,time_cycles
0,913006
page_index,time_cycles
0,347622
page_index,time_cycles
0,667374
page_index,time_cycles
0,706850
page_index,time_cycles
0,1978726
page_index,time_cycles
0,3150858
page_index,time_cycles
0,280168
page_index,time_cycles
0,1639430
page_index,time_cycles
0,2374606
page_index,time_cycles
0,729608
page_index,time_cycles
0,505726
page_index,time_cycles
0,275206
page_index,time_cycles
0,367154
page_index,time_cycles
0,1637248
page_index,time_cycles
0,820186
page_index,time_cycles
0,1836578
page_index,time_cycles
0,672482
page_index,time_cycles
0,1191586
page_index,time_cycles
0,2025714
page_index,time_cycles
0,1240402
page_index,time_cycles
0,1285862
page_index,time_cycles
0,1191446
page_index,time_cycles
0,1224526
page_index,time_cycles
0,1768000
page_index,time_cycles
0,1330582
page_index,time_cycles
0,553010
page_index,time_cycles
0,275120
page_index,time_cycles
0,1156064
page_index,time_cycles
0,2142990
page_index,time_cycles
0,1981714
page_index,time_cycles
0,1178162
page_index,time_cycles
0,263066
page_index,time_cycles
0,509456
page_index,time_cycles
0,287444
page_index,time_cycles
0,3312210
page_index,time_cycles
0,1755764
page_index,time_cycles
0,909370
page_index,time_cycles
0,2194950
page_index,time_cycles
0,1227940
page_index,time_cycles
0,1139424
page_index,time_cycles
0,3215142
page_index,time_cycles
0,814260
page_index,time_cycles
0,2167824
page_index,time_cycles
0,1145938
page_index,time_cycles
0,1023192
page_index,time_cycles
0,2143306
page_index,time_cycles
0,1535524
page_index,time_cycles
0,426854
page_index,time_cycles
0,669206
page_index,time_cycles
0,1514224
page_index,time_cycles
0,2624424
page_index,time_cycles
0,1711844
page_index,time_cycles
0,1198198
page_index,time_cycles
0,1755336
page_index,time_cycles
0,1666898
page_index,time_cycles
0,1510836
page_index,time_cycles
0,1289158
page_index,time_cycles
0,1017564
page_index,time_cycles
0,1616328
page_index,time_cycles
0,1279794
page_index,time_cycles
0,348174
page_index,time_cycles
0,709112
page_index,time_cycles
0,282542
page_index,time_cycles
0,1267476
page_index,time_cycles
0,1383662
page_index,time_cycles
0,208088
page_index,time_cycles
0,1331944
page_index,time_cycles
0,840826
page_index,time_cycles
0,1115764
page_index,time_cycles
0,1783680
page_index,time_cycles
0,1680928
page_index,time_cycles
0,2937412
page_index,time_cycles
0,1523580
page_index,time_cycles
0,2011168
page_index,time_cycles
0,880892
page_index,time_cycles
0,231382
page_index,time_cycles
0,820920
page_index,time_cycles
0,817404
page_index,time_cycles
0,1513662
page_index,time_cycles
0,1373212
page_index,time_cycles
0,2127038
page_index,time_cycles
0,1043080
page_index,time_cycles
0,1484106
page_index,time_cycles
0,1199918
page_index,time_cycles
0,986754
page_index,time_cycles
0,298310
page_index,time_cycles
0,2108190
page_index,time_cycles
0,1053252
page_index,time_cycles
0,2369174
page_index,time_cycles
0,329794
page_index,time_cycles
0,1114478
page_index,time_cycles
0,1028420
page_index,time_cycles
0,2033748
page_index,time_cycles
0,294902
page_index,time_cycles
0,1239588
page_index,time_cycles
0,1455384
page_index,time_cycles
0,1430832
page_index,time_cycles
0,1443718
page_index,time_cycles
0,420744
page_index,time_cycles
0,664594
page_index,time_cycles
0,1978924
page_index,time_cycles
0,1042460
page_index,time_cycles
0,1657730
page_index,time_cycles
0,995044
page_index,time_cycles
0,375784
page_index,time_cycles
0,1119650
page_index,time_cycles
0,279478
page_index,time_cycles
0,740370
page_index,time_cycles
0,2421754
page_index,time_cycles
0,331052
page_index,time_cycles
0,5363426
page_index,time_cycles
0,342184
page_index,time_cycles
0,897342
page_index,time_cycles
0,1414122
page_index,time_cycles
0,256690
page_index,time_cycles
0,1796188
page_index,time_cycles
0,1769670
page_index,time_cycles
0,1187320
page_index,time_cycles
0,1384808
page_index,time_cycles
0,338214
page_index,time_cycles
0,1558986
page_index,time_cycles
0,1185700
page_index,time_cycles
0,669344
page_index,time_cycles
0,1384144
page_index,time_cycles
0,2005670
page_index,time_cycles
0,1738892
page_index,time_cycles
0,537484
page_index,time_cycles
0,1313628
page_index,time_cycles
0,499114
page_index,time_cycles
0,394736
page_index,time_cycles
0,1052390
page_index,time_cycles
0,2019200
page_index,time_cycles
0,1014154
page_index,time_cycles
0,1907536
page_index,time_cycles
0,1374990
page_index,time_cycles
0,1539260
page_index,time_cycles
0,534578
page_index,time_cycles
0,1280478
page_index,time_cycles
0,966084
page_index,time_cycles
0,1301088
page_index,time_cycles
0,1191796
page_index,time_cycles
0,910438
page_index,time_cycles
0,1127736
page_index,time_cycles
0,1281006
page_index,time_cycles
0,2156312
page_index,time_cycles
0,942244
page_index,time_cycles
0,532384
page_index,time_cycles
0,805808
page_index,time_cycles
0,268654
page_index,time_cycles
0,1566308
page_index,time_cycles
0,1945226
page_index,time_cycles
0,782614
page_index,time_cycles
0,486794
page_index,time_cycles
0,1222782
page_index,time_cycles
0,1105412
page_index,time_cycles
0,277330
page_index,time_cycles
0,275446
page_index,time_cycles
0,225696
page_index,time_cycles
0,550420
page_index,time_cycles
0,661154
page_index,time_cycles
0,1266984
page_index,time_cycles
0,422634
page_index,time_cycles
0,282274
page_index,time_cycles
0,1675662
page_index,time_cycles
0,1304268
page_index,time_cycles
0,804112
page_index,time_cycles
0,1443232
page_index,time_cycles
0,1541532
page_index,time_cycles
0,1370140
page_index,time_cycles
0,1569550
page_index,time_cycles
0,1976944
page_index,time_cycles
0,1742352
page_index,time_cycles
0,422118
page_index,time_cycles
0,1445854
page_index,time_cycles
0,275968
page_index,time_cycles
0,869326
page_index,time_cycles
0,1439102
page_index,time_cycles
0,324904
page_index,time_cycles
0,1483626
page_index,time_cycles
0,330680
page_index,time_cycles
0,588112
page_index,time_cycles
0,1049998
page_index,time_cycles
0,2532128
page_index,time_cycles
0,1458114
page_index,time_cycles
0,1349586
page_index,time_cycles
0,1651308
page_index,time_cycles
0,727970
page_index,time_cycles
0,2184086
page_index,time_cycles
0,280114
page_index,time_cycles
0,1705900
page_index,time_cycles
0,1294608
page_index,time_cycles
0,1658240
page_index,time_cycles
0,1893462
page_index,time_cycles
0,1758868
page_index,time_cycles
0,1409552
page_index,time_cycles
0,510420
page_index,time_cycles
0,997288
page_index,time_cycles
0,1526062
page_index,time_cycles
0,2357050
page_index,time_cycles
0,2054938
page_index,time_cycles
0,800098
page_index,time_cycles
0,1355662
page_index,time_cycles
0,313356
page_index,time_cycles
0,1641112
page_index,time_cycles
0,1736044
page_index,time_cycles
0,2256638
page_index,time_cycles
0,1615918
page_index,time_cycles
0,1293262
page_index,time_cycles
0,295358
page_index,time_cycles
0,1135852
page_index,time_cycles
0,1075940
page_index,time_cycles
0,530014
page_index,time_cycles
0,1392312
page_index,time_cycles
0,1160598
page_index,time_cycles
0,2354962
page_index,time_cycles
0,487088
page_index,time_cycles
0,373012
page_index,time_cycles
0,1800288
page_index,time_cycles
0,1324592
page_index,time_cycles
0,1322694
page_index,time_cycles
0,685412
page_index,time_cycles
0,1705502
page_index,time_cycles
0,981020
page_index,time_cycles
0,1065454
page_index,time_cycles
0,209728
page_index,time_cycles
0,2694846
page_index,time_cycles
0,1050674
page_index,time_cycles
0,606124
page_index,time_cycles
0,437650
page_index,time_cycles
0,387126
page_index,time_cycles
0,1208104
page_index,time_cycles
0,710620
page_index,time_cycles
0,1221626
page_index,time_cycles
0,1408562
page_index,time_cycles
0,1748464
page_index,time_cycles
0,1468992
page_index,time_cycles
0,265948
page_index,time_cycles
0,848368
page_index,time_cycles
0,1370730
page_index,time_cycles
0,1944414
page_index,time_cycles
0,1807570
page_index,time_cycles
0,292578
page_index,time_cycles
0,1718266
page_index,time_cycles
0,1519026
page_index,time_cycles
0,1026860
page_index,time_cycles
0,371532
page_index,time_cycles
0,1312642
page_index,time_cycles
0,645162
page_index,time_cycles
0,1514176
page_index,time_cycles
0,384524
page_index,time_cycles
0,738466
page_index,time_cycles
0,944458
page_index,time_cycles
0,1014550
page_index,time_cycles
0,1326628
page_index,time_cycles
0,1260254
page_index,time_cycles
0,1208400
page_index,time_cycles
0,429008
page_index,time_cycles
0,666802
page_index,time_cycles
0,2333348
page_index,time_cycles
0,777138
page_index,time_cycles
0,279930
page_index,time_cycles
0,1441830
page_index,time_cycles
0,1373490
page_index,time_cycles
0,1334770
page_index,time_cycles
0,1352696
page_index,time_cycles
0,975978
page_index,time_cycles
0,2440560
page_index,time_cycles
0,2432122
page_index,time_cycles
0,2259056
page_index,time_cycles
0,791238
page_index,time_cycles
0,1847214
page_index,time_cycles
0,1155142
page_index,time_cycles
0,718636
page_index,time_cycles
0,1592808
page_index,time_cycles
0,273904
page_index,time_cycles
0,1690960
page_index,time_cycles
0,2881482
page_index,time_cycles
0,1286802
page_index,time_cycles
0,1531270
page_index,time_cycles
0,2336230
page_index,time_cycles
0,216656
page_index,time_cycles
0,1077964
page_index,time_cycles
0,1391498
page_index,time_cycles
0,879416
page_index,time_cycles
0,1238824
page_index,time_cycles
0,689070
page_index,time_cycles
0,1181424
page_index,time_cycles
0,201428
page_index,time_cycles
0,1991848
page_index,time_cycles
0,1930560
page_index,time_cycles
0,760496
page_index,time_cycles
0,1127912
page_index,time_cycles
0,815560
page_index,time_cycles
0,970746
page_index,time_cycles
0,350950
page_index,time_cycles
0,674876
page_index,time_cycles
0,1214988
page_index,time_cycles
0,1495828
page_index,time_cycles
0,820830
page_index,time_cycles
0,919474
page_index,time_cycles
0,402736
page_index,time_cycles
0,297178
page_index,time_cycles
0,418710
page_index,time_cycles
0,934936
page_index,time_cycles
0,1512126
page_index,time_cycles
0,1964126
page_index,time_cycles
0,220224
page_index,time_cycles
0,718596
page_index,time_cycles
0,333744
page_index,time_cycles
0,850656
page_index,time_cycles
0,880604
page_index,time_cycles
0,250954
page_index,time_cycles
0,341880
page_index,time_cycles
0,1265362
page_index,time_cycles
0,1224836
page_index,time_cycles
0,473648
page_index,time_cycles
0,2487252
page_index,time_cycles
0,637246
page_index,time_cycles
0,794202
page_index,time_cycles
0,1885192
page_index,time_cycles
0,267526
page_index,time_cycles
0,519732
page_index,time_cycles
0,1533898
page_index,time_cycles
0,1656124
page_index,time_cycles
0,2936698
page_index,time_cycles
0,234072
page_index,time_cycles
0,1778130
page_index,time_cycles
0,1661570
page_index,time_cycles
0,2895816
page_index,time_cycles
0,316888
page_index,time_cycles
0,727570
page_index,time_cycles
0,758270
page_index,time_cycles
0,1129160
page_index,time_cycles
0,2008700
page_index,time_cycles
0,1388930
page_index,time_cycles
0,1212248
page_index,time_cycles
0,376088
page_index,time_cycles
0,292514
page_index,time_cycles
0,420942
page_index,time_cycles
0,1594982
page_index,time_cycles
0,307006
page_index,time_cycles
0,230822
page_index,time_cycles
0,1596140
page_index,time_cycles
0,705892
page_index,time_cycles
0,2178158
page_index,time_cycles
0,1475310
page_index,time_cycles
0,291018
page_index,time_cycles
0,1195620
page_index,time_cycles
0,1817700
page_index,time_cycles
0,307346
page_index,time_cycles
0,1077672
page_index,time_cycles
0,1215354
page_index,time_cycles
0,1715194
page_index,time_cycles
0,1711494
page_index,time_cycles
0,1238982
page_index,time_cycles
0,974262
page_index,time_cycles
0,869500
page_index,time_cycles
0,371788
page_index,time_cycles
0,3532554
page_index,time_cycles
0,1683638
page_index,time_cycles
0,2473120
page_index,time_cycles
0,1216986
page_index,time_cycles
0,2127508
page_index,time_cycles
0,770804
page_index,time_cycles
0,1720506
page_index,time_cycles
0,550250
page_index,time_cycles
0,277588
page_index,time_cycles
0,368066
page_index,time_cycles
0,834800
page_index,time_cycles
0,275016
page_index,time_cycles
0,1686480
page_index,time_cycles
0,1742656
page_index,time_cycles
0,1069850
page_index,time_cycles
0,758724
page_index,time_cycles
0,1765222
page_index,time_cycles
0,1472006
page_index,time_cycles
0,762520
page_index,time_cycles
0,1445570
page_index,time_cycles
0,707402
page_index,time_cycles
0,1060878
page_index,time_cycles
0,956838
page_index,time_cycles
0,892602
page_index,time_cycles
0,2462650
page_index,time_cycles
0,1349854
page_index,time_cycles
0,1410420
page_index,time_cycles
0,1163642
page_index,time_cycles
0,605028
page_index,time_cycles
0,539752
page_index,time_cycles
0,705996
page_index,time_cycles
0,558984
page_index,time_cycles
0,625406
page_index,time_cycles
0,524114
page_index,time_cycles
0,1301136
page_index,time_cycles
0,790516
page_index,time_cycles
0,1162824
page_index,time_cycles
0,2066180
page_index,time_cycles
0,475692
page_index,time_cycles
0,1746222
page_index,time_cycles
0,2103722
page_index,time_cycles
0,1103496
page_index,time_cycles
0,691212
page_index,time_cycles
0,1098836
page_index,time_cycles
0,1411490
page_index,time_cycles
0,1963942
page_index,time_cycles
0,1578214
page_index,time_cycles
0,567548
page_index,time_cycles
0,1889942
page_index,time_cycles
0,814960
page_index,time_cycles
0,717594
page_index,time_cycles
0,1250804
page_index,time_cycles
0,2013956
page_index,time_cycles
0,1266680
page_index,time_cycles
0,1651022
page_index,time_cycles
0,1300052
page_index,time_cycles
0,2099306
page_index,time_cycles
0,2270624
page_index,time_cycles
0,1657820
page_index,time_cycles
0,438890
page_index,time_cycles
0,1802384
page_index,time_cycles
0,530038
page_index,time_cycles
0,281594
page_index,time_cycles
0,1329382
page_index,time_cycles
0,1420922
page_index,time_cycles
0,391554
page_index,time_cycles
0,1316124
page_index,time_cycles
0,345672
page_index,time_cycles
0,289078
page_index,time_cycles
0,1930458
page_index,time_cycles
0,1721024
page_index,time_cycles
0,1010446
page_index,time_cycles
0,771380
page_index,time_cycles
0,1212080
page_index,time_cycles
0,1806934
page_index,time_cycles
0,1173046
page_index,time_cycles
0,1169328
page_index,time_cycles
0,695312
page_index,time_cycles
0,375294
page_index,time_cycles
0,682826
page_index,time_cycles
0,1172536
page_index,time_cycles
0,987580
page_index,time_cycles
0,288684
page_index,time_cycles
0,339032
page_index,time_cycles
0,1721382
page_index,time_cycles
0,723792
page_index,time_cycles
0,1662624
page_index,time_cycles
0,1327736
page_index,time_cycles
0,1184082
page_index,time_cycles
0,1165960
page_index,time_cycles
0,1416494
page_index,time_cycles
0,272918
page_index,time_cycles
0,1371660
page_index,time_cycles
0,794334
page_index,time_cycles
0,1851846
page_index,time_cycles
0,750516
page_index,time_cycles
0,325666
page_index,time_cycles
0,765170
page_index,time_cycles
0,1436536
page_index,time_cycles
0,2880538
page_index,time_cycles
0,525316
page_index,time_cycles
0,811202
page_index,time_cycles
0,1746680
page_index,time_cycles
0,1764856
page_index,time_cycles
0,276078
page_index,time_cycles
0,1301708
page_index,time_cycles
0,883102
page_index,time_cycles
0,443178
page_index,time_cycles
0,525324
page_index,time_cycles
0,2347122
page_index,time_cycles
0,993202
page_index,time_cycles
0,1182648
page_index,time_cycles
0,2167638
page_index,time_cycles
0,1519610
page_index,time_cycles
0,793482
page_index,time_cycles
0,1631850
page_index,time_cycles
0,352156
page_index,time_cycles
0,1842344
page_index,time_cycles
0,1410854
page_index,time_cycles
0,2067956
page_index,time_cycles
0,1567326
page_index,time_cycles
0,969540
page_index,time_cycles
0,1466224
page_index,time_cycles
0,212078
page_index,time_cycles
0,1737764
page_index,time_cycles
0,1220280
page_index,time_cycles
0,2409582
page_index,time_cycles
0,1064998
page_index,time_cycles
0,910744
page_index,time_cycles
0,1887072
page_index,time_cycles
0,522964
page_index,time_cycles
0,1749214
page_index,time_cycles
0,1826974
page_index,time_cycles
0,2263436
page_index,time_cycles
0,3143916
page_index,time_cycles
0,967944
page_index,time_cycles
0,2168044
page_index,time_cycles
0,653012
page_index,time_cycles
0,2037250
page_index,time_cycles
0,1534164
page_index,time_cycles
0,1731358
page_index,time_cycles
0,1391774
page_index,time_cycles
0,1078320
page_index,time_cycles
0,1436194
page_index,time_cycles
0,2505146
page_index,time_cycles
0,1933298
page_index,time_cycles
0,1515436
page_index,time_cycles
0,1859112
page_index,time_cycles
0,1245182
page_index,time_cycles
0,1579662
page_index,time_cycles
0,730656
page_index,time_cycles
0,1268044
page_index,time_cycles
0,3056488
page_index,time_cycles
0,1615708
page_index,time_cycles
0,2278198
page_index,time_cycles
0,1198106
page_index,time_cycles
0,1242270
page_index,time_cycles
0,1282922
page_index,time_cycles
0,547346
page_index,time_cycles
0,574420
page_index,time_cycles
0,1604342
page_index,time_cycles
0,519636
page_index,time_cycles
0,1021944
page_index,time_cycles
0,833058
page_index,time_cycles
0,1187668
page_index,time_cycles
0,1579290
page_index,time_cycles
0,1652196
page_index,time_cycles
0,1017722
page_index,time_cycles
0,727552
page_index,time_cycles
0,1449354
page_index,time_cycles
0,1993550
page_index,time_cycles
0,1078022
page_index,time_cycles
0,782356
page_index,time_cycles
0,1740298
page_index,time_cycles
0,1687826
page_index,time_cycles
0,825668
page_index,time_cycles
0,1375248
page_index,time_cycles
0,371802
page_index,time_cycles
0,1268430
page_index,time_cycles
0,1603578
page_index,time_cycles
0,1317126
page_index,time_cycles
0,1505100
page_index,time_cycles
0,297082
page_index,time_cycles
0,255638
page_index,time_cycles
0,1445044
page_index,time_cycles
0,1382050
page_index,time_cycles
0,1630404
page_index,time_cycles
0,1131688
page_index,time_cycles
0,235404
page_index,time_cycles
0,1623266
page_index,time_cycles
0,1088876
page_index,time_cycles
0,1901066
page_index,time_cycles
0,2124356
page_index,time_cycles
0,1511574
page_index,time_cycles
0,1870140
page_index,time_cycles
0,1492230
page_index,time_cycles
0,1614108
page_index,time_cycles
0,1878886
page_index,time_cycles
0,1234408
page_index,time_cycles
0,1134462
page_index,time_cycles
0,840512
page_index,time_cycles
0,1367590
page_index,time_cycles
0,1617150
page_index,time_cycles
0,296220
page_index,time_cycles
0,286390
page_index,time_cycles
0,1227698
page_index,time_cycles
0,2189562
page_index,time_cycles
0,1567036
page_index,time_cycles
0,363346
page_index,time_cycles
0,1630674
page_index,time_cycles
0,1212504
page_index,time_cycles
0,2413476
page_index,time_cycles
0,1466620
page_index,time_cycles
0,885226
page_index,time_cycles
0,1576838
page_index,time_cycles
0,1084110
page_index,time_cycles
0,358004
page_index,time_cycles
0,552884
page_index,time_cycles
0,283590
page_index,time_cycles
0,1385074
page_index,time_cycles
0,924996
page_index,time_cycles
0,695844
page_index,time_cycles
0,1071604
page_index,time_cycles
0,264218
page_index,time_cycles
0,1595472
page_index,time_cycles
0,1289662
page_index,time_cycles
0,2553920
page_index,time_cycles
0,1536154
page_index,time_cycles
0,1504380
page_index,time_cycles
0,1972568
page_index,time_cycles
0,1453424
page_index,time_cycles
0,1674358
page_index,time_cycles
0,2020178
page_index,time_cycles
0,1755134
page_index,time_cycles
0,890280
page_index,time_cycles
0,1278670
page_index,time_cycles
0,1554636
page_index,time_cycles
0,1233080
page_index,time_cycles
0,271002
page_index,time_cycles
0,1390904
page_index,time_cycles
0,980214
page_index,time_cycles
0,1314564
page_index,time_cycles
0,1608542
page_index,time_cycles
0,1776882
page_index,time_cycles
0,294294
page_index,time_cycles
0,1754556
page_index,time_cycles
0,2072150
page_index,time_cycles
0,217244
page_index,time_cycles
0,1816152
page_index,time_cycles
0,2808420
page_index,time_cycles
0,337356
page_index,time_cycles
0,1821892
page_index,time_cycles
0,771718
page_index,time_cycles
0,328886
page_index,time_cycles
0,286996
page_index,time_cycles
0,1144666
page_index,time_cycles
0,1356572
page_index,time_cycles
0,1141120
page_index,time_cycles
0,1161444
page_index,time_cycles
0,840138
page_index,time_cycles
0,1366102
page_index,time_cycles
0,359536
page_index,time_cycles
0,1636662
page_index,time_cycles
0,388914
page_index,time_cycles
0,1794464
page_index,time_cycles
0,589894
page_index,time_cycles
0,2526838
page_index,time_cycles
0,2097782
page_index,time_cycles
0,535448
page_index,time_cycles
0,832958
page_index,time_cycles
0,538694
page_index,time_cycles
0,1133540
page_index,time_cycles
0,284838
page_index,time_cycles
0,1087972
page_index,time_cycles
0,1363816
page_index,time_cycles
0,1826140
page_index,time_cycles
0,1340248
page_index,time_cycles
0,1548354
page_index,time_cycles
0,2145966
page_index,time_cycles
0,416054
page_index,time_cycles
0,1179470
page_index,time_cycles
0,1698226
page_index,time_cycles
0,1056982
page_index,time_cycles
0,1319910
page_index,time_cycles
0,294012
page_index,time_cycles
0,894522
page_index,time_cycles
0,1420252
page_index,time_cycles
0,1523940
page_index,time_cycles
0,1186346
page_index,time_cycles
0,274376
page_index,time_cycles
0,1698102
page_index,time_cycles
0,265190
page_index,time_cycles
0,854042
page_index,time_cycles
0,1366476
page_index,time_cycles
0,274646
page_index,time_cycles
0,438924
page_index,time_cycles
0,620770
page_index,time_cycles
0,809688
page_index,time_cycles
0,725470
page_index,time_cycles
0,331630
page_index,time_cycles
0,1833890
page_index,time_cycles
0,578488
page_index,time_cycles
0,1165742
page_index,time_cycles
0,679226
page_index,time_cycles
0,1262482
page_index,time_cycles
0,1750514
page_index,time_cycles
0,1301458
page_index,time_cycles
0,1226408
page_index,time_cycles
0,645070
page_index,time_cycles
0,921176
page_index,time_cycles
0,2210640
page_index,time_cycles
0,1133154
page_index,time_cycles
0,347972
page_index,time_cycles
0,2130964
page_index,time_cycles
0,297626
page_index,time_cycles
0,292232
page_index,time_cycles
0,832708
page_index,time_cycles
0,254592
page_index,time_cycles
0,891194
page_index,time_cycles
0,973944
page_index,time_cycles
0,2082980
page_index,time_cycles
0,2978026
page_index,time_cycles
0,998564
page_index,time_cycles
0,692406
page_index,time_cycles
0,1607694
page_index,time_cycles
0,529594
page_index,time_cycles
0,2313288
page_index,time_cycles
0,1420854
page_index,time_cycles
0,1203964
page_index,time_cycles
0,290094
page_index,time_cycles
0,2099010
page_index,time_cycles
0,1374214
page_index,time_cycles
0,348110
page_index,time_cycles
0,499294
page_index,time_cycles
0,1700194
page_index,time_cycles
0,1106804
page_index,time_cycles
0,987386
page_index,time_cycles
0,651434
page_index,time_cycles
0,654264
page_index,time_cycles
0,783100
page_index,time_cycles
0,866206
page_index,time_cycles
0,1382642
page_index,time_cycles
0,1855740
page_index,time_cycles
0,1486520
page_index,time_cycles
0,1567530
page_index,time_cycles
0,613244
page_index,time_cycles
0,263922
page_index,time_cycles
0,230552
page_index,time_cycles
0,689066
page_index,time_cycles
0,531622
page_index,time_cycles
0,1776826
page_index,time_cycles
0,1727416
page_index,time_cycles
0,570460
page_index,time_cycles
0,440488
page_index,time_cycles
0,1656322
page_index,time_cycles
0,659386
page_index,time_cycles
0,595576
page_index,time_cycles
0,1075880
page_index,time_cycles
0,2610008
page_index,time_cycles
0,1508082
page_index,time_cycles
0,1845632
page_index,time_cycles
0,1569074
page_index,time_cycles
0,1945936
page_index,time_cycles
0,357194
page_index,time_cycles
0,1317734
page_index,time_cycles
0,1144830
page_index,time_cycles
0,837246
page_index,time_cycles
0,1913990
page_index,time_cycles
0,718348
page_index,time_cycles
0,1442402
page_index,time_cycles
0,317106
page_index,time_cycles
0,2084118
page_index,time_cycles
0,1898592
page_index,time_cycles
0,1926134
page_index,time_cycles
0,1536324
page_index,time_cycles
0,2074628
page_index,time_cycles
0,599066
page_index,time_cycles
0,269572
page_index,time_cycles
0,1713690
page_index,time_cycles
0,998584
page_index,time_cycles
0,1732982
page_index,time_cycles
0,1240942
page_index,time_cycles
0,1168572
page_index,time_cycles
0,227324
page_index,time_cycles
0,1252388
page_index,time_cycles
0,490930
page_index,time_cycles
0,803960
page_index,time_cycles
0,2144268
page_index,time_cycles
0,1518498
page_index,time_cycles
0,268168
page_index,time_cycles
0,1514994
page_index,time_cycles
0,281676
page_index,time_cycles
0,424536
page_index,time_cycles
0,1421020
page_index,time_cycles
0,293268
page_index,time_cycles
0,515094
page_index,time_cycles
0,1298098
page_index,time_cycles
0,914418
page_index,time_cycles
0,2117260
page_index,time_cycles
0,641924
page_index,time_cycles
0,1064134
page_index,time_cycles
0,1165598
page_index,time_cycles
0,1168832
page_index,time_cycles
0,259052
page_index,time_cycles
0,534172
page_index,time_cycles
0,696300
page_index,time_cycles
0,1248408
page_index,time_cycles
0,1238520
page_index,time_cycles
0,2483810
page_index,time_cycles
0,802016
page_index,time_cycles
0,1131580
page_index,time_cycles
0,281384
page_index,time_cycles
0,1273102
page_index,time_cycles
0,253230
page_index,time_cycles
0,260652
page_index,time_cycles
0,391906
page_index,time_cycles
0,1094954
page_index,time_cycles
0,2106740
page_index,time_cycles
0,1356634
page_index,time_cycles
0,1121494
page_index,time_cycles
0,943374
page_index,time_cycles
0,1452254
page_index,time_cycles
0,1212306
page_index,time_cycles
0,1071050
page_index,time_cycles
0,684096
page_index,time_cycles
0,804414
page_index,time_cycles
0,1175130
page_index,time_cycles
0,442490
page_index,time_cycles
0,626672
page_index,time_cycles
0,340626
page_index,time_cycles
0,402170
page_index,time_cycles
0,1238056
page_index,time_cycles
0,410596
page_index,time_cycles
0,795956
page_index,time_cycles
0,1244294
page_index,time_cycles
0,1965038
page_index,time_cycles
0,1856818
page_index,time_cycles
0,1222758
page_index,time_cycles
0,1282302
page_index,time_cycles
0,970978
page_index,time_cycles
0,295428
page_index,time_cycles
0,432856
page_index,time_cycles
0,938256
page_index,time_cycles
0,282330
page_index,time_cycles
0,523692
page_index,time_cycles
0,1358018
page_index,time_cycles
0,1394648
page_index,time_cycles
0,1970520
page_index,time_cycles
0,1132654
page_index,time_cycles
0,3065916
page_index,time_cycles
0,1087762
page_index,time_cycles
0,918710
page_index,time_cycles
0,1203192
page_index,time_cycles
0,1097296
page_index,time_cycles
0,1080248
page_index,time_cycles
0,1151664
page_index,time_cycles
0,220590
page_index,time_cycles
0,1525572
page_index,time_cycles
0,1043286
page_index,time_cycles
0,1263250
page_index,time_cycles
0,215582
page_index,time_cycles
0,352368
page_index,time_cycles
0,3080544
page_index,time_cycles
0,215928
page_index,time_cycles
0,1249122
page_index,time_cycles
0,1903194
page_index,time_cycles
0,1093848
page_index,time_cycles
0,2465430
page_index,time_cycles
0,1736148
page_index,time_cycles
0,301158
page_index,time_cycles
0,968104
page_index,time_cycles
0,1538258
page_index,time_cycles
0,2140828
page_index,time_cycles
0,1680608
page_index,time_cycles
0,856114
page_index,time_cycles
0,1500516
page_index,time_cycles
0,1225486
page_index,time_cycles
0,677608
page_index,time_cycles
0,795034
page_index,time_cycles
0,435738
page_index,time_cycles
0,805324
page_index,time_cycles
0,1719008
page_index,time_cycles
0,2162768
page_index,time_cycles
0,1711680
page_index,time_cycles
0,900812
page_index,time_cycles
0,1087122
page_index,time_cycles
0,1324576
page_index,time_cycles
0,2615100
page_index,time_cycles
0,1308356
page_index,time_cycles
0,1622928
page_index,time_cycles
0,1801044
page_index,time_cycles
0,1729682
page_index,time_cycles
0,1126684
page_index,time_cycles
0,1026484
page_index,time_cycles
0,1763292
page_index,time_cycles
0,1081414
page_index,time_cycles
0,1264228
page_index,time_cycles
0,759312
page_index,time_cycles
0,2881742
page_index,time_cycles
0,339918
page_index,time_cycles
0,1724618
page_index,time_cycles
0,789886
page_index,time_cycles
0,911534
page_index,time_cycles
0,283468
page_index,time_cycles
0,1423668
page_index,time_cycles
0,1356936
page_index,time_cycles
0,1687622
page_index,time_cycles
0,1204664
page_index,time_cycles
0,293408
page_index,time_cycles
0,1278396
page_index,time_cycles
0,802580
page_index,time_cycles
0,858600
page_index,time_cycles
0,1530400
page_index,time_cycles
0,2478192
page_index,time_cycles
0,1534654
page_index,time_cycles
0,1381956
page_index,time_cycles
0,1249110
page_index,time_cycles
0,601240
page_index,time_cycles
0,1419752
page_index,time_cycles
0,1158716
page_index,time_cycles
0,1984724
page_index,time_cycles
0,1481392
page_index,time_cycles
0,361534
page_index,time_cycles
0,2056104
page_index,time_cycles
0,1110196
page_index,time_cycles
0,1270824
page_index,time_cycles
0,293736
page_index,time_cycles
0,2437808
page_index,time_cycles
0,1861958
page_index,time_cycles
0,530180
page_index,time_cycles
0,444116
page_index,time_cycles
0,684042
page_index,time_cycles
0,313592
page_index,time_cycles
0,1732690
page_index,time_cycles
0,1915872
page_index,time_cycles
0,547506
page_index,time_cycles
0,1520604
page_index,time_cycles
0,219336
page_index,time_cycles
0,1641082
page_index,time_cycles
0,280494
page_index,time_cycles
0,1236660
page_index,time_cycles
0,1911508
page_index,time_cycles
0,1969230
page_index,time_cycles
0,699138
page_index,time_cycles
0,1612754
page_index,time_cycles
0,985822
page_index,time_cycles
0,877710
page_index,time_cycles
0,610994
page_index,time_cycles
0,1121298
page_index,time_cycles
0,2061488
page_index,time_cycles
0,1753646
page_index,time_cycles
0,947890
page_index,time_cycles
0,1055368
page_index,time_cycles
0,1212402
page_index,time_cycles
0,1248032
page_index,time_cycles
0,1629466
page_index,time_cycles
0,570436
page_index,time_cycles
0,1536824
page_index,time_cycles
0,927964
page_index,time_cycles
0,426076
page_index,time_cycles
0,1356514
page_index,time_cycles
0,842630
page_index,time_cycles
0,307174
page_index,time_cycles
0,1482666
page_index,time_cycles
0,732222
page_index,time_cycles
0,974248
page_index,time_cycles
0,852892
page_index,time_cycles
0,753684
page_index,time_cycles
0,277208
page_index,time_cycles
0,2683078
page_index,time_cycles
0,1508286
page_index,time_cycles
0,895496
page_index,time_cycles
0,1997066
page_index,time_cycles
0,1530646
page_index,time_cycles
0,1795442
page_index,time_cycles
0,323420
page_index,time_cycles
0,1332370
page_index,time_cycles
0,1918912
page_index,time_cycles
0,842114
page_index,time_cycles
0,716020
page_index,time_cycles
0,563430
page_index,time_cycles
0,1137802
page_index,time_cycles
0,273482
page_index,time_cycles
0,1646530
page_index,time_cycles
0,1116142
page_index,time_cycles
0,563298
page_index,time_cycles
0,1403222
page_index,time_cycles
0,1798448
page_index,time_cycles
0,518160
page_index,time_cycles
0,718474
page_index,time_cycles
0,419724
page_index,time_cycles
0,636158
page_index,time_cycles
0,1380568
page_index,time_cycles
0,632624
page_index,time_cycles
0,2257672
page_index,time_cycles
0,1195960
page_index,time_cycles
0,1513288
page_index,time_cycles
0,280828
page_index,time_cycles
0,301382
page_index,time_cycles
0,1979528
page_index,time_cycles
0,1896650
page_index,time_cycles
0,1183530
page_index,time_cycles
0,780262
page_index,time_cycles
0,973118
page_index,time_cycles
0,1728144
page_index,time_cycles
0,1408294
page_index,time_cycles
0,275890
page_index,time_cycles
0,1513710
page_index,time_cycles
0,1628360
page_index,time_cycles
0,257700
page_index,time_cycles
0,1249668
page_index,time_cycles
0,2115828
page_index,time_cycles
0,1509464
page_index,time_cycles
0,1071838
page_index,time_cycles
0,1093422
page_index,time_cycles
0,1078816
page_index,time_cycles
0,211086
page_index,time_cycles
0,822562
page_index,time_cycles
0,1349758
page_index,time_cycles
0,1510912
page_index,time_cycles
0,1204104
page_index,time_cycles
0,1426680
page_index,time_cycles
0,1157032
page_index,time_cycles
0,1082518
page_index,time_cycles
0,349840
page_index,time_cycles
0,274684
page_index,time_cycles
0,994374
page_index,time_cycles
0,708538
page_index,time_cycles
0,274774
page_index,time_cycles
0,1744572
page_index,time_cycles
0,1332200
page_index,time_cycles
0,1459554
page_index,time_cycles
0,508944
page_index,time_cycles
0,1228792
page_index,time_cycles
0,1697954
page_index,time_cycles
0,539258
page_index,time_cycles
0,1314080
page_index,time_cycles
0,804236
page_index,time_cycles
0,1173912
page_index,time_cycles
0,1679796
page_index,time_cycles
0,1755088
page_index,time_cycles
0,1365922
page_index,time_cycles
0,902514
page_index,time_cycles
0,603256
page_index,time_cycles
0,1426880
page_index,time_cycles
0,1053094
page_index,time_cycles
0,1928322
page_index,time_cycles
0,882912
page_index,time_cycles
0,1189546
page_index,time_cycles
0,1925484
page_index,time_cycles
0,1063598
page_index,time_cycles
0,434438
page_index,time_cycles
0,269898
page_index,time_cycles
0,1738534
page_index,time_cycles
0,272468
page_index,time_cycles
0,264016
page_index,time_cycles
0,1510996
page_index,time_cycles
0,629478
page_index,time_cycles
0,905744
page_index,time_cycles
0,497572
page_index,time_cycles
0,209626
page_index,time_cycles
0,1462362
page_index,time_cycles
0,1869220
page_index,time_cycles
0,1571034
page_index,time_cycles
0,1216532
page_index,time_cycles
0,1239560
page_index,time_cycles
0,1679894
page_index,time_cycles
0,1373410
page_index,time_cycles
0,1341700
page_index,time_cycles
0,1063206
page_index,time_cycles
0,1969632
page_index,time_cycles
0,766276
page_index,time_cycles
0,1920478
page_index,time_cycles
0,1470970
page_index,time_cycles
0,1489324
page_index,time_cycles
0,1540904
page_index,time_cycles
0,476996
page_index,time_cycles
0,673136
page_index,time_cycles
0,2768596
page_index,time_cycles
0,825932
page_index,time_cycles
0,2239510
page_index,time_cycles
0,1857780
page_index,time_cycles
0,1168714
page_index,time_cycles
0,1613184
page_index,time_cycles
0,723884
page_index,time_cycles
0,755656
page_index,time_cycles
0,296246
page_index,time_cycles
0,1601368
page_index,time_cycles
0,359610
page_index,time_cycles
0,2144558
page_index,time_cycles
0,1423754
page_index,time_cycles
0,935330
page_index,time_cycles
0,331040
page_index,time_cycles
0,321520
page_index,time_cycles
0,335670
page_index,time_cycles
0,343664
page_index,time_cycles
0,1759152
page_index,time_cycles
0,585686
page_index,time_cycles
0,1374156
page_index,time_cycles
0,1106308
page_index,time_cycles
0,825822
page_index,time_cycles
0,1163388
page_index,time_cycles
0,831414
page_index,time_cycles
0,2146180
page_index,time_cycles
0,2034722
page_index,time_cycles
0,592916
page_index,time_cycles
0,290636
page_index,time_cycles
0,1957782
page_index,time_cycles
0,3432028
page_index,time_cycles
0,1166792
page_index,time_cycles
0,406848
page_index,time_cycles
0,1651358
page_index,time_cycles
0,1120480
page_index,time_cycles
0,1254436
page_index,time_cycles
0,1120000
page_index,time_cycles
0,1318844
page_index,time_cycles
0,459196
page_index,time_cycles
0,1447214
page_index,time_cycles
0,903518
page_index,time_cycles
0,1518550
page_index,time_cycles
0,1345306
page_index,time_cycles
0,1334228
page_index,time_cycles
0,1131774
page_index,time_cycles
0,1189318
page_index,time_cycles
0,589988
page_index,time_cycles
0,970208
page_index,time_cycles
0,1002550
page_index,time_cycles
0,909662
page_index,time_cycles
0,1243460
page_index,time_cycles
0,1346564
page_index,time_cycles
0,281688
page_index,time_cycles
0,1831400
page_index,time_cycles
0,1253228
page_index,time_cycles
0,1300234
page_index,time_cycles
0,604820
page_index,time_cycles
0,1598268
page_index,time_cycles
0,1127348
page_index,time_cycles
0,945042
page_index,time_cycles
0,1688876
page_index,time_cycles
0,1723312
page_index,time_cycles
0,1495052
page_index,time_cycles
0,1653112
page_index,time_cycles
0,2104964
page_index,time_cycles
0,1558042
page_index,time_cycles
0,2160406
page_index,time_cycles
0,1277564
page_index,time_cycles
0,2662324
page_index,time_cycles
0,262714
page_index,time_cycles
0,1406006
page_index,time_cycles
0,1683760
page_index,time_cycles
0,1157922
page_index,time_cycles
0,652602
page_index,time_cycles
0,276686
page_index,time_cycles
0,1608422
page_index,time_cycles
0,1500290
page_index,time_cycles
0,876168
page_index,time_cycles
0,1934196
page_index,time_cycles
0,2959620
page_index,time_cycles
0,1475552
page_index,time_cycles
0,1014128
page_index,time_cycles
0,1598298
page_index,time_cycles
0,1566916
page_index,time_cycles
0,1740324
page_index,time_cycles
0,301304
page_index,time_cycles
0,295966
page_index,time_cycles
0,280284
page_index,time_cycles
0,1492962
page_index,time_cycles
0,1473090
page_index,time_cycles
0,1415214
page_index,time_cycles
0,1171778
page_index,time_cycles
0,1107318
page_index,time_cycles
0,281976
page_index,time_cycles
0,619942
page_index,time_cycles
0,554188
page_index,time_cycles
0,1287322
page_index,time_cycles
0,1142478
page_index,time_cycles
0,1262092
page_index,time_cycles
0,829464
page_index,time_cycles
0,278700
page_index,time_cycles
0,1856372
page_index,time_cycles
0,1203898
page_index,time_cycles
0,1408728
page_index,time_cycles
0,661888
page_index,time_cycles
0,2200930
page_index,time_cycles
0,1163552
page_index,time_cycles
0,284338
page_index,time_cycles
0,1724290
page_index,time_cycles
0,1693206
page_index,time_cycles
0,654886
page_index,time_cycles
0,219272
page_index,time_cycles
0,685852
page_index,time_cycles
0,274772
page_index,time_cycles
0,1102494
page_index,time_cycles
0,1932220
page_index,time_cycles
0,1870366
page_index,time_cycles
0,1429526
page_index,time_cycles
0,1215098
page_index,time_cycles
0,1357978
page_index,time_cycles
0,1220446
page_index,time_cycles
0,836924
page_index,time_cycles
0,1658414
page_index,time_cycles
0,198390
page_index,time_cycles
0,529108
page_index,time_cycles
0,285786
page_index,time_cycles
0,658414
page_index,time_cycles
0,1488132
page_index,time_cycles
0,885316
page_index,time_cycles
0,1235994
page_index,time_cycles
0,1626282
page_index,time_cycles
0,851406
page_index,time_cycles
0,1068624
page_index,time_cycles
0,1501968
page_index,time_cycles
0,3060410
page_index,time_cycles
0,2297710
page_index,time_cycles
0,1460266
page_index,time_cycles
0,617984
page_index,time_cycles
0,601308
page_index,time_cycles
0,1048676
page_index,time_cycles
0,1161970
page_index,time_cycles
0,1088200
page_index,time_cycles
0,870292
page_index,time_cycles
0,1169948
page_index,time_cycles
0,796288
page_index,time_cycles
0,746852
page_index,time_cycles
0,691414
page_index,time_cycles
0,259430
page_index,time_cycles
0,326090
page_index,time_cycles
0,1300464
page_index,time_cycles
0,2850260
page_index,time_cycles
0,1420126
page_index,time_cycles
0,1605122
page_index,time_cycles
0,1418350
page_index,time_cycles
0,750238
page_index,time_cycles
0,834092
page_index,time_cycles
0,2751756
page_index,time_cycles
0,327008
page_index,time_cycles
0,1044224
page_index,time_cycles
0,1005290
page_index,time_cycles
0,1646176
page_index,time_cycles
0,1044550
page_index,time_cycles
0,1492642
page_index,time_cycles
0,529754
page_index,time_cycles
0,1488960
page_index,time_cycles
0,1166604
page_index,time_cycles
0,1219002
page_index,time_cycles
0,2354170
page_index,time_cycles
0,738832
page_index,time_cycles
0,688216
page_index,time_cycles
0,1432152
page_index,time_cycles
0,1395094
page_index,time_cycles
0,323254
page_index,time_cycles
0,1840628
page_index,time_cycles
0,269358
page_index,time_cycles
0,1154378
page_index,time_cycles
0,1427458
page_index,time_cycles
0,1335170
page_index,time_cycles
0,256288
page_index,time_cycles
0,280356
page_index,time_cycles
0,2054086
page_index,time_cycles
0,1407734
page_index,time_cycles
0,256432
page_index,time_cycles
0,1163294
page_index,time_cycles
0,1244486
page_index,time_cycles
0,996580
page_index,time_cycles
0,1398770
page_index,time_cycles
0,982706
page_index,time_cycles
0,341090
page_index,time_cycles
0,1262614
page_index,time_cycles
0,766198
page_index,time_cycles
0,1745592
page_index,time_cycles
0,1344294
page_index,time_cycles
0,1180532
page_index,time_cycles
0,1319422
page_index,time_cycles
0,1374892
page_index,time_cycles
0,808314
page_index,time_cycles
0,830528
page_index,time_cycles
0,267926
page_index,time_cycles
0,1924532
page_index,time_cycles
0,802572
page_index,time_cycles
0,1244224
page_index,time_cycles
0,1845402
page_index,time_cycles
0,1754806
page_index,time_cycles
0,839354
page_index,time_cycles
0,251606
page_index,time_cycles
0,1031490
page_index,time_cycles
0,612510
page_index,time_cycles
0,346364
page_index,time_cycles
0,329926
page_index,time_cycles
0,798682
page_index,time_cycles
0,2119106
page_index,time_cycles
0,1351904
page_index,time_cycles
0,1360894
page_index,time_cycles
0,2048420
page_index,time_cycles
0,1611256
page_index,time_cycles
0,277994
page_index,time_cycles
0,1310660
page_index,time_cycles
0,1797826
page_index,time_cycles
0,1235492
page_index,time_cycles
0,1094386
page_index,time_cycles
0,407960
page_index,time_cycles
0,1931848
page_index,time_cycles
0,284912
page_index,time_cycles
0,1045706
page_index,time_cycles
0,1271666
page_index,time_cycles
0,1640226
page_index,time_cycles
0,1813124
page_index,time_cycles
0,1199342
page_index,time_cycles
0,1016250
page_index,time_cycles
0,1128334
page_index,time_cycles
0,1300762
page_index,time_cycles
0,284710
page_index,time_cycles
0,715024
page_index,time_cycles
0,2216312
page_index,time_cycles
0,302180
page_index,time_cycles
0,263986
page_index,time_cycles
0,1128622
page_index,time_cycles
0,1888978
page_index,time_cycles
0,636442
page_index,time_cycles
0,1950792
page_index,time_cycles
0,949048
page_index,time_cycles
0,468934
page_index,time_cycles
0,788000
page_index,time_cycles
0,1148890
page_index,time_cycles
0,1248824
page_index,time_cycles
0,1964380
page_index,time_cycles
0,2401870
page_index,time_cycles
0,1337742
page_index,time_cycles
0,1140386
page_index,time_cycles
0,980458
page_index,time_cycles
0,2674402
page_index,time_cycles
0,643016
page_index,time_cycles
0,1606734
page_index,time_cycles
0,1492348
page_index,time_cycles
0,3051896
page_index,time_cycles
0,332828
page_index,time_cycles
0,984224
page_index,time_cycles
0,1395742
page_index,time_cycles
0,1099600
page_index,time_cycles
0,1133642
page_index,time_cycles
0,1166400
page_index,time_cycles
0,1468716
page_index,time_cycles
0,620774
page_index,time_cycles
0,1730450
page_index,time_cycles
0,554312
page_index,time_cycles
0,2129702
page_index,time_cycles
0,768878
page_index,time_cycles
0,687392
page_index,time_cycles
0,901730
page_index,time_cycles
0,649074
page_index,time_cycles
0,1122688
page_index,time_cycles
0,1092610
page_index,time_cycles
0,1306874
page_index,time_cycles
0,1572656
page_index,time_cycles
0,1436198
page_index,time_cycles
0,618742
page_index,time_cycles
0,1238320
page_index,time_cycles
0,1473560
page_index,time_cycles
0,1759286
page_index,time_cycles
0,1248730
page_index,time_cycles
0,1289342
page_index,time_cycles
0,521854
page_index,time_cycles
0,834372
page_index,time_cycles
0,1035994
page_index,time_cycles
0,1175530
page_index,time_cycles
0,788686
page_index,time_cycles
0,2078884
page_index,time_cycles
0,1207028
page_index,time_cycles
0,899956
page_index,time_cycles
0,2009942
page_index,time_cycles
0,2144518
page_index,time_cycles
0,838138
page_index,time_cycles
0,1268012
page_index,time_cycles
0,1577408
page_index,time_cycles
0,915038
page_index,time_cycles
0,856598
page_index,time_cycles
0,2015562
page_index,time_cycles
0,965768
page_index,time_cycles
0,987110
page_index,time_cycles
0,1034336
page_index,time_cycles
0,1463484
page_index,time_cycles
0,1200542
page_index,time_cycles
0,1432308
page_index,time_cycles
0,299482
page_index,time_cycles
0,958476
page_index,time_cycles
0,903992
page_index,time_cycles
0,1492906
page_index,time_cycles
0,387652
page_index,time_cycles
0,2003374
page_index,time_cycles
0,2547124
page_index,time_cycles
0,1148318
page_index,time_cycles
0,322654
page_index,time_cycles
0,326358
page_index,time_cycles
0,1093224
page_index,time_cycles
0,400696
page_index,time_cycles
0,585454
page_index,time_cycles
0,1205470
page_index,time_cycles
0,1633342
page_index,time_cycles
0,1872012
page_index,time_cycles
0,831100
page_index,time_cycles
0,286718
page_index,time_cycles
0,1769176
page_index,time_cycles
0,567826
page_index,time_cycles
0,1282748
page_index,time_cycles
0,867254
page_index,time_cycles
0,2307184
page_index,time_cycles
0,1132426
page_index,time_cycles
0,3247152
page_index,time_cycles
0,1035742
page_index,time_cycles
0,510716
page_index,time_cycles
0,1173878
page_index,time_cycles
0,747160
page_index,time_cycles
0,2100324
page_index,time_cycles
0,703406
page_index,time_cycles
0,876230
page_index,time_cycles
0,598404
page_index,time_cycles
0,2433372
page_index,time_cycles
0,1298488
page_index,time_cycles
0,2381802
page_index,time_cycles
0,859736
page_index,time_cycles
0,1648780
page_index,time_cycles
0,3964430
page_index,time_cycles
0,960840
page_index,time_cycles
0,1742860
page_index,time_cycles
0,1727664
page_index,time_cycles
0,843922
page_index,time_cycles
0,798622
page_index,time_cycles
0,1830492
page_index,time_cycles
0,1072200
page_index,time_cycles
0,1445700
page_index,time_cycles
0,1745946
page_index,time_cycles
0,933596
page_index,time_cycles
0,1002698
page_index,time_cycles
0,1465544
page_index,time_cycles
0,1261190
page_index,time_cycles
0,1580928
page_index,time_cycles
0,622824
page_index,time_cycles
0,1345378
page_index,time_cycles
0,622646
page_index,time_cycles
0,1289088
page_index,time_cycles
0,2744038
page_index,time_cycles
0,595622
page_index,time_cycles
0,2294516
page_index,time_cycles
0,433560
page_index,time_cycles
0,1744512
page_index,time_cycles
0,341464
page_index,time_cycles
0,2076354
page_index,time_cycles
0,1389212
page_index,time_cycles
0,280424
page_index,time_cycles
0,1056786
page_index,time_cycles
0,507724
page_index,time_cycles
0,2076050
page_index,time_cycles
0,1271540
page_index,time_cycles
0,633276
page_index,time_cycles
0,265382
page_index,time_cycles
0,1923956
page_index,time_cycles
0,264712
page_index,time_cycles
0,1669876
page_index,time_cycles
0,312404
page_index,time_cycles
0,1341088
page_index,time_cycles
0,708854
page_index,time_cycles
0,966410
page_index,time_cycles
0,770226
page_index,time_cycles
0,1958860
page_index,time_cycles
0,330072
page_index,time_cycles
0,2559140
page_index,time_cycles
0,1636908
page_index,time_cycles
0,2105584
page_index,time_cycles
0,1221544
page_index,time_cycles
0,1621912
page_index,time_cycles
0,2305784
page_index,time_cycles
0,553078
page_index,time_cycles
0,1504830
page_index,time_cycles
0,1408796
page_index,time_cycles
0,274238
page_index,time_cycles
0,852270
page_index,time_cycles
0,1097496
page_index,time_cycles
0,1274192
page_index,time_cycles
0,1316846
page_index,time_cycles
0,1758930
page_index,time_cycles
0,262354
page_index,time_cycles
0,314620
page_index,time_cycles
0,349602
page_index,time_cycles
0,1545338
page_index,time_cycles
0,312336
page_index,time_cycles
0,2449886
page_index,time_cycles
0,1323022
page_index,time_cycles
0,1227854
page_index,time_cycles
0,1462292
page_index,time_cycles
0,1490940
page_index,time_cycles
0,538672
page_index,time_cycles
0,1303760
page_index,time_cycles
0,1105390
page_index,time_cycles
0,1270578
page_index,time_cycles
0,799548
page_index,time_cycles
0,1784166
page_index,time_cycles
0,2175640
page_index,time_cycles
0,1313550
page_index,time_cycles
0,1912122
page_index,time_cycles
0,1843408
page_index,time_cycles
0,1573080
page_index,time_cycles
0,1884738
page_index,time_cycles
0,671450
page_index,time_cycles
0,1502468
page_index,time_cycles
0,1251078
page_index,time_cycles
0,1314326
page_index,time_cycles
0,595648
page_index,time_cycles
0,347066
page_index,time_cycles
0,1753414
page_index,time_cycles
0,346988
page_index,time_cycles
0,232016
page_index,time_cycles
0,427698
page_index,time_cycles
0,1185572
page_index,time_cycles
0,488272
page_index,time_cycles
0,1908868
page_index,time_cycles
0,1442338
page_index,time_cycles
0,2249052
page_index,time_cycles
0,455972
page_index,time_cycles
0,1707450
page_index,time_cycles
0,323422
page_index,time_cycles
0,1793120
page_index,time_cycles
0,1115052
page_index,time_cycles
0,1669082
page_index,time_cycles
0,1029294
page_index,time_cycles
0,680494
page_index,time_cycles
0,1910172
page_index,time_cycles
0,301658
page_index,time_cycles
0,1242232
page_index,time_cycles
0,1648024
page_index,time_cycles
0,1158418
page_index,time_cycles
0,552548
page_index,time_cycles
0,413770
page_index,time_cycles
0,652654
page_index,time_cycles
0,231228
page_index,time_cycles
0,1256866
page_index,time_cycles
0,1801150
page_index,time_cycles
0,1383570
page_index,time_cycles
0,2597404
page_index,time_cycles
0,1506106
page_index,time_cycles
0,940092
page_index,time_cycles
0,1464402
page_index,time_cycles
0,671682
page_index,time_cycles
0,1666552
page_index,time_cycles
0,1352138
page_index,time_cycles
0,1984168
page_index,time_cycles
0,1315060
page_index,time_cycles
0,1402948
page_index,time_cycles
0,648994
page_index,time_cycles
0,387688
page_index,time_cycles
0,919690
page_index,time_cycles
0,1272272
page_index,time_cycles
0,748850
page_index,time_cycles
0,717222
page_index,time_cycles
0,985056
page_index,time_cycles
0,1238786
page_index,time_cycles
0,282314
page_index,time_cycles
0,1250534
page_index,time_cycles
0,1221450
page_index,time_cycles
0,863650
page_index,time_cycles
0,2431694
page_index,time_cycles
0,1593156
page_index,time_cycles
0,440864
page_index,time_cycles
0,1533678
page_index,time_cycles
0,297032
page_index,time_cycles
0,596776
page_index,time_cycles
0,2171946
page_index,time_cycles
0,2180356
page_index,time_cycles
0,1802144
page_index,time_cycles
0,2845104
page_index,time_cycles
0,1063622
page_index,time_cycles
0,834556
page_index,time_cycles
0,2146984
page_index,time_cycles
0,509934
page_index,time_cycles
0,1997192
page_index,time_cycles
0,664464
page_index,time_cycles
0,1651716
page_index,time_cycles
0,528140
page_index,time_cycles
0,949490
page_index,time_cycles
0,1362886
page_index,time_cycles
0,1339154
page_index,time_cycles
0,1323704
page_index,time_cycles
0,1040662
page_index,time_cycles
0,942956
page_index,time_cycles
0,1114020
page_index,time_cycles
0,1099694
page_index,time_cycles
0,1210274
page_index,time_cycles
0,349254
page_index,time_cycles
0,3430198
page_index,time_cycles
0,226352
page_index,time_cycles
0,774694
page_index,time_cycles
0,1415924
page_index,time_cycles
0,925060
page_index,time_cycles
0,1914136
page_index,time_cycles
0,1497708
page_index,time_cycles
0,2145508
page_index,time_cycles
0,2510262
page_index,time_cycles
0,2371774
page_index,time_cycles
0,1208686
page_index,time_cycles
0,571978
page_index,time_cycles
0,717702
page_index,time_cycles
0,272326
page_index,time_cycles
0,1487756
page_index,time_cycles
0,1663982
page_index,time_cycles
0,355888
page_index,time_cycles
0,2799924
page_index,time_cycles
0,315374
page_index,time_cycles
0,1033678
page_index,time_cycles
0,1373906
page_index,time_cycles
0,1566114
page_index,time_cycles
0,1817520
page_index,time_cycles
0,2407054
page_index,time_cycles
0,2137664
page_index,time_cycles
0,1510140
page_index,time_cycles
0,1730294
page_index,time_cycles
0,393528
page_index,time_cycles
0,433648
page_index,time_cycles
0,257336
page_index,time_cycles
0,713796
page_index,time_cycles
0,366376
page_index,time_cycles
0,647052
page_index,time_cycles
0,768238
page_index,time_cycles
0,1760116
page_index,time_cycles
0,848844
page_index,time_cycles
0,463660
page_index,time_cycles
0,437752
page_index,time_cycles
0,290484
page_index,time_cycles
0,1428462
page_index,time_cycles
0,1934276
page_index,time_cycles
0,1157454
page_index,time_cycles
0,1566724
page_index,time_cycles
0,212312
page_index,time_cycles
0,1549458
page_index,time_cycles
0,2173272
page_index,time_cycles
0,1491862
page_index,time_cycles
0,755442
page_index,time_cycles
0,1837122
page_index,time_cycles
0,1291806
page_index,time_cycles
0,1535652
page_index,time_cycles
0,1428264
page_index,time_cycles
0,1258944
page_index,time_cycles
0,326912
page_index,time_cycles
0,1539070
page_index,time_cycles
0,1830048
page_index,time_cycles
0,300962
page_index,time_cycles
0,1361322
page_index,time_cycles
0,1908144
page_index,time_cycles
0,2027204
page_index,time_cycles
0,606126
page_index,time_cycles
0,278232
page_index,time_cycles
0,1269124
page_index,time_cycles
0,1770402
page_index,time_cycles
0,1238970
page_index,time_cycles
0,2556182
page_index,time_cycles
0,1546020
page_index,time_cycles
0,1303946
page_index,time_cycles
0,1322516
page_index,time_cycles
0,860928
page_index,time_cycles
0,681850
page_index,time_cycles
0,1760736
page_index,time_cycles
0,1959046
page_index,time_cycles
0,561472
page_index,time_cycles
0,1622708
page_index,time_cycles
0,1743288
page_index,time_cycles
0,1675508
page_index,time_cycles
0,1449934
page_index,time_cycles
0,1809754
page_index,time_cycles
0,603972
page_index,time_cycles
0,541078
page_index,time_cycles
0,1300254
page_index,time_cycles
0,302472
page_index,time_cycles
0,1734188
page_index,time_cycles
0,357130
page_index,time_cycles
0,1694782
page_index,time_cycles
0,1705154
page_index,time_cycles
0,230374
page_index,time_cycles
0,869206
page_index,time_cycles
0,609360
page_index,time_cycles
0,3033102
page_index,time_cycles
0,3622522
page_index,time_cycles
0,797498
page_index,time_cycles
0,1285324
page_index,time_cycles
0,277170
page_index,time_cycles
0,1151964
page_index,time_cycles
0,815394
page_index,time_cycles
0,1112216
page_index,time_cycles
0,585586
page_index,time_cycles
0,1500722
page_index,time_cycles
0,1215488
page_index,time_cycles
0,1721986
page_index,time_cycles
0,230200
page_index,time_cycles
0,1570864
page_index,time_cycles
0,1302776
page_index,time_cycles
0,1985452
page_index,time_cycles
0,1070774
page_index,time_cycles
0,426282
page_index,time_cycles
0,1058684
page_index,time_cycles
0,490950
page_index,time_cycles
0,1507278
page_index,time_cycles
0,1159314
page_index,time_cycles
0,256448
page_index,time_cycles
0,1521476
page_index,time_cycles
0,680232
page_index,time_cycles
0,963532
page_index,time_cycles
0,545896
page_index,time_cycles
0,1444088
page_index,time_cycles
0,1654862
page_index,time_cycles
0,1680758
page_index,time_cycles
0,1374126
page_index,time_cycles
0,1606642
page_index,time_cycles
0,2162308
page_index,time_cycles
0,1880004
page_index,time_cycles
0,894842
page_index,time_cycles
0,2215234
page_index,time_cycles
0,292964
page_index,time_cycles
0,639288
page_index,time_cycles
0,2163148
page_index,time_cycles
0,293958
page_index,time_cycles
0,719980
page_index,time_cycles
0,2289156
page_index,time_cycles
0,1164324
page_index,time_cycles
0,979028
page_index,time_cycles
0,889992
page_index,time_cycles
0,1768510
page_index,time_cycles
0,1746674
page_index,time_cycles
0,398040
page_index,time_cycles
0,1890884
page_index,time_cycles
0,1757934
page_index,time_cycles
0,560482
page_index,time_cycles
0,1278574
page_index,time_cycles
0,340204
page_index,time_cycles
0,1638556
page_index,time_cycles
0,335644
page_index,time_cycles
0,285292
page_index,time_cycles
0,1461440
page_index,time_cycles
0,1505426
page_index,time_cycles
0,1542774
page_index,time_cycles
0,630142
page_index,time_cycles
0,620966
page_index,time_cycles
0,412888
page_index,time_cycles
0,400394
page_index,time_cycles
0,955332
page_index,time_cycles
0,1194778
page_index,time_cycles
0,694204
page_index,time_cycles
0,812422
page_index,time_cycles
0,1122770
page_index,time_cycles
0,460884
page_index,time_cycles
0,228256
page_index,time_cycles
0,2141754
page_index,time_cycles
0,1529456
page_index,time_cycles
0,1345106
page_index,time_cycles
0,285764
page_index,time_cycles
0,1592404
page_index,time_cycles
0,1414870
page_index,time_cycles
0,1398090
page_index,time_cycles
0,1344792
page_index,time_cycles
0,318596
page_index,time_cycles
0,2819458
page_index,time_cycles
0,739530
page_index,time_cycles
0,1541528
page_index,time_cycles
0,1365208
page_index,time_cycles
0,861024
page_index,time_cycles
0,774906
page_index,time_cycles
0,1580658
page_index,time_cycles
0,1217256
page_index,time_cycles
0,324706
page_index,time_cycles
0,318236
page_index,time_cycles
0,876290
page_index,time_cycles
0,714866
page_index,time_cycles
0,913548
page_index,time_cycles
0,2093980
page_index,time_cycles
0,1425622
page_index,time_cycles
0,1301658
page_index,time_cycles
0,1986568
page_index,time_cycles
0,1037314
page_index,time_cycles
0,975196
page_index,time_cycles
0,1516778
page_index,time_cycles
0,277860
page_index,time_cycles
0,299886
page_index,time_cycles
0,1401566
page_index,time_cycles
0,772566
page_index,time_cycles
0,1378606
page_index,time_cycles
0,680378
page_index,time_cycles
0,940046
page_index,time_cycles
0,273330
page_index,time_cycles
0,583186
page_index,time_cycles
0,1155736
page_index,time_cycles
0,1245250
page_index,time_cycles
0,525002
page_index,time_cycles
0,2381326
page_index,time_cycles
0,2963882
page_index,time_cycles
0,951996
page_index,time_cycles
0,946534
page_index,time_cycles
0,1337662
page_index,time_cycles
0,2597652
page_index,time_cycles
0,966354
page_index,time_cycles
0,2673732
page_index,time_cycles
0,2367684
page_index,time_cycles
0,1522742
page_index,time_cycles
0,1010526
page_index,time_cycles
0,793162
page_index,time_cycles
0,281952
page_index,time_cycles
0,1306508
page_index,time_cycles
0,293536
page_index,time_cycles
0,1500040
page_index,time_cycles
0,1496758
page_index,time_cycles
0,1176114
page_index,time_cycles
0,704828
page_index,time_cycles
0,974388
page_index,time_cycles
0,1597348
page_index,time_cycles
0,1904538
page_index,time_cycles
0,1799796
page_index,time_cycles
0,1111974
page_index,time_cycles
0,224786
page_index,time_cycles
0,1487122
page_index,time_cycles
0,1415308
page_index,time_cycles
0,1591580
page_index,time_cycles
0,464656
page_index,time_cycles
0,2052228
page_index,time_cycles
0,1217724
page_index,time_cycles
0,1134602
page_index,time_cycles
0,1797738
page_index,time_cycles
0,1143110
page_index,time_cycles
0,290172
page_index,time_cycles
0,1949480
page_index,time_cycles
0,606314
page_index,time_cycles
0,1232564
page_index,time_cycles
0,1507364
page_index,time_cycles
0,1269198
page_index,time_cycles
0,1274254
page_index,time_cycles
0,286276
page_index,time_cycles
0,1270882
page_index,time_cycles
0,2622108
page_index,time_cycles
0,1238470
page_index,time_cycles
0,1804522
page_index,time_cycles
0,1525086
page_index,time_cycles
0,402408
page_index,time_cycles
0,296134
page_index,time_cycles
0,1942106
page_index,time_cycles
0,1496868
page_index,time_cycles
0,592560
page_index,time_cycles
0,1032812
page_index,time_cycles
0,1301708
page_index,time_cycles
0,1941098
page_index,time_cycles
0,286056
page_index,time_cycles
0,1319702
page_index,time_cycles
0,1559006
page_index,time_cycles
0,1089772
page_index,time_cycles
0,795340
page_index,time_cycles
0,1210620
page_index,time_cycles
0,1623648
page_index,time_cycles
0,1157272
page_index,time_cycles
0,2126306
page_index,time_cycles
0,540338
page_index,time_cycles
0,3136752
page_index,time_cycles
0,930712
page_index,time_cycles
0,338582
page_index,time_cycles
0,1691378
page_index,time_cycles
0,1267920
page_index,time_cycles
0,1469160
page_index,time_cycles
0,1493444
page_index,time_cycles
0,1731750
page_index,time_cycles
0,1859444
page_index,time_cycles
0,291338
page_index,time_cycles
0,268256
page_index,time_cycles
0,2093610
page_index,time_cycles
0,1353096
page_index,time_cycles
0,1083838
page_index,time_cycles
0,859708
page_index,time_cycles
0,1978054
page_index,time_cycles
0,1345928
page_index,time_cycles
0,431994
page_index,time_cycles
0,1477422
page_index,time_cycles
0,1551154
page_index,time_cycles
0,1174776
page_index,time_cycles
0,671490
page_index,time_cycles
0,873858
page_index,time_cycles
0,1135908
page_index,time_cycles
0,795784
page_index,time_cycles
0,1190558
page_index,time_cycles
0,291000
page_index,time_cycles
0,785984
page_index,time_cycles
0,256032
page_index,time_cycles
0,394760
page_index,time_cycles
0,1167664
page_index,time_cycles
0,880520
page_index,time_cycles
0,1268390
page_index,time_cycles
0,1656350
page_index,time_cycles
0,295064
page_index,time_cycles
0,1131770
page_index,time_cycles
0,1459624
page_index,time_cycles
0,392914
page_index,time_cycles
0,597746
page_index,time_cycles
0,1314318
page_index,time_cycles
0,2307048
page_index,time_cycles
0,1976680
page_index,time_cycles
0,415678
page_index,time_cycles
0,316844
page_index,time_cycles
0,401640
page_index,time_cycles
0,1532452
page_index,time_cycles
0,1198428
page_index,time_cycles
0,1267998
page_index,time_cycles
0,1597360
page_index,time_cycles
0,430254
page_index,time_cycles
0,216134
page_index,time_cycles
0,1378234
page_index,time_cycles
0,1231102
page_index,time_cycles
0,1226038
page_index,time_cycles
0,718966
page_index,time_cycles
0,1157086
page_index,time_cycles
0,561196
page_index,time_cycles
0,2192744
page_index,time_cycles
0,866556
page_index,time_cycles
0,1297934
page_index,time_cycles
0,2059552
page_index,time_cycles
0,2077186
page_index,time_cycles
0,1241878
page_index,time_cycles
0,1244642
page_index,time_cycles
0,1074362
page_index,time_cycles
0,211532
page_index,time_cycles
0,423928
page_index,time_cycles
0,1702420
page_index,time_cycles
0,2456662
page_index,time_cycles
0,2244522
page_index,time_cycles
0,622756
page_index,time_cycles
0,2024062
page_index,time_cycles
0,1532000
page_index,time_cycles
0,1013848
page_index,time_cycles
0,1117444
page_index,time_cycles
0,2260278
page_index,time_cycles
0,1633336
page_index,time_cycles
0,1392822
page_index,time_cycles
0,748696
page_index,time_cycles
0,266160
page_index,time_cycles
0,1196972
page_index,time_cycles
0,2441858
page_index,time_cycles
0,1247204
page_index,time_cycles
0,1549646
page_index,time_cycles
0,1545610
page_index,time_cycles
0,267870
page_index,time_cycles
0,1116698
page_index,time_cycles
0,1167806
page_index,time_cycles
0,2095526
page_index,time_cycles
0,696158
page_index,time_cycles
0,1334146
page_index,time_cycles
0,1718832
page_index,time_cycles
0,2197046
page_index,time_cycles
0,1565742
page_index,time_cycles
0,2411684
page_index,time_cycles
0,341670
page_index,time_cycles
0,293572
page_index,time_cycles
0,1397132
page_index,time_cycles
0,1627468
page_index,time_cycles
0,804208
page_index,time_cycles
0,1517218
page_index,time_cycles
0,2664520
page_index,time_cycles
0,1982594
page_index,time_cycles
0,1539950
page_index,time_cycles
0,1374798
page_index,time_cycles
0,1577016
page_index,time_cycles
0,257134
page_index,time_cycles
0,892204
page_index,time_cycles
0,1193276
page_index,time_cycles
0,1512776
page_index,time_cycles
0,310688
page_index,time_cycles
0,290690
page_index,time_cycles
0,649070
page_index,time_cycles
0,2070910
page_index,time_cycles
0,1416768
page_index,time_cycles
0,2240628
page_index,time_cycles
0,1134994
page_index,time_cycles
0,2390232
page_index,time_cycles
0,1456758
page_index,time_cycles
0,1602466
page_index,time_cycles
0,712332
page_index,time_cycles
0,532632
page_index,time_cycles
0,1726292
page_index,time_cycles
0,2078964
page_index,time_cycles
0,1290394
page_index,time_cycles
0,380066
page_index,time_cycles
0,292554
page_index,time_cycles
0,1343188
page_index,time_cycles
0,1580676
page_index,time_cycles
0,255790
page_index,time_cycles
0,253226
page_index,time_cycles
0,321940
page_index,time_cycles
0,1811196
page_index,time_cycles
0,1051298
page_index,time_cycles
0,1200670
page_index,time_cycles
0,732842
page_index,time_cycles
0,835756
page_index,time_cycles
0,1834444
page_index,time_cycles
0,1618762
page_index,time_cycles
0,1526906
page_index,time_cycles
0,1406238
page_index,time_cycles
0,1676506
page_index,time_cycles
0,1696688
page_index,time_cycles
0,277428
page_index,time_cycles
0,616962
page_index,time_cycles
0,763514
page_index,time_cycles
0,317764
page_index,time_cycles
0,2015494
page_index,time_cycles
0,2106932
page_index,time_cycles
0,949692
page_index,time_cycles
0,527182
page_index,time_cycles
0,741726
page_index,time_cycles
0,1316446
page_index,time_cycles
0,1170178
page_index,time_cycles
0,2024268
page_index,time_cycles
0,2310050
page_index,time_cycles
0,1049776
page_index,time_cycles
0,740692
page_index,time_cycles
0,719654
page_index,time_cycles
0,1341948
page_index,time_cycles
0,936504
page_index,time_cycles
0,1205830
page_index,time_cycles
0,1833314
page_index,time_cycles
0,2521754
page_index,time_cycles
0,1262246
page_index,time_cycles
0,1690976
page_index,time_cycles
0,244490
page_index,time_cycles
0,1266896
page_index,time_cycles
0,822570
page_index,time_cycles
0,362638
page_index,time_cycles
0,1166456
page_index,time_cycles
0,1058770
page_index,time_cycles
0,1437152
page_index,time_cycles
0,1794424
page_index,time_cycles
0,1661578
page_index,time_cycles
0,828690
page_index,time_cycles
0,1791976
page_index,time_cycles
0,1618464
page_index,time_cycles
0,785194
page_index,time_cycles
0,422722
page_index,time_cycles
0,256946
page_index,time_cycles
0,741656
page_index,time_cycles
0,3163336
page_index,time_cycles
0,1246828
page_index,time_cycles
0,1557578
page_index,time_cycles
0,1586680
page_index,time_cycles
0,1218160
page_index,time_cycles
0,1591012
page_index,time_cycles
0,573274
page_index,time_cycles
0,306256
page_index,time_cycles
0,1328872
page_index,time_cycles
0,1144906
page_index,time_cycles
0,402410
page_index,time_cycles
0,1451238
page_index,time_cycles
0,2001032
page_index,time_cycles
0,860228
page_index,time_cycles
0,1876956
page_index,time_cycles
0,932556
page_index,time_cycles
0,1022970
page_index,time_cycles
0,1178262
page_index,time_cycles
0,1220522
page_index,time_cycles
0,421098
page_index,time_cycles
0,2259992
page_index,time_cycles
0,240458
page_index,time_cycles
0,284598
page_index,time_cycles
0,899760
page_index,time_cycles
0,1693722
page_index,time_cycles
0,301624
page_index,time_cycles
0,1439150
page_index,time_cycles
0,889552
page_index,time_cycles
0,620820
page_index,time_cycles
0,287208
page_index,time_cycles
0,904626
page_index,time_cycles
0,1221134
page_index,time_cycles
0,1144260
page_index,time_cycles
0,968804
page_index,time_cycles
0,787900
page_index,time_cycles
0,2379532
page_index,time_cycles
0,1476542
page_index,time_cycles
0,265638
page_index,time_cycles
0,1482158
page_index,time_cycles
0,2207168
page_index,time_cycles
0,275458
page_index,time_cycles
0,1105150
page_index,time_cycles
0,1080308
page_index,time_cycles
0,355680
page_index,time_cycles
0,1642604
page_index,time_cycles
0,790500
page_index,time_cycles
0,992718
page_index,time_cycles
0,1291696
page_index,time_cycles
0,1391930
page_index,time_cycles
0,2383670
page_index,time_cycles
0,1651896
page_index,time_cycles
0,444054
page_index,time_cycles
0,1288284
page_index,time_cycles
0,1287224
page_index,time_cycles
0,335006
page_index,time_cycles
0,1235900
page_index,time_cycles
0,1565552
page_index,time_cycles
0,559060
page_index,time_cycles
0,273366
page_index,time_cycles
0,287144
page_index,time_cycles
0,1445816
page_index,time_cycles
0,1420170
page_index,time_cycles
0,1546520
page_index,time_cycles
0,1398274
page_index,time_cycles
0,4214594
page_index,time_cycles
0,1784908
page_index,time_cycles
0,2320744
page_index,time_cycles
0,893244
page_index,time_cycles
0,659072
page_index,time_cycles
0,1423720
page_index,time_cycles
0,1044636
page_index,time_cycles
0,920146
page_index,time_cycles
0,208124
page_index,time_cycles
0,2172074
page_index,time_cycles
0,1577114
page_index,time_cycles
0,583628
page_index,time_cycles
0,268968
page_index,time_cycles
0,591628
page_index,time_cycles
0,1200244
page_index,time_cycles
0,1782598
page_index,time_cycles
0,557334
page_index,time_cycles
0,1244054
page_index,time_cycles
0,1226920
page_index,time_cycles
0,780978
page_index,time_cycles
0,801050
page_index,time_cycles
0,1940846
page_index,time_cycles
0,1627138
page_index,time_cycles
0,1373648
page_index,time_cycles
0,302452
page_index,time_cycles
0,223232
page_index,time_cycles
0,927174
page_index,time_cycles
0,536836
page_index,time_cycles
0,268748
page_index,time_cycles
0,220522
page_index,time_cycles
0,1549720
page_index,time_cycles
0,429472
page_index,time_cycles
0,745448
page_index,time_cycles
0,288076
page_index,time_cycles
0,1571262
page_index,time_cycles
0,1831198
page_index,time_cycles
0,1141874
page_index,time_cycles
0,1607788
page_index,time_cycles
0,277224
page_index,time_cycles
0,2310224
page_index,time_cycles
0,551710
page_index,time_cycles
0,344016
page_index,time_cycles
0,843390
page_index,time_cycles
0,1248742
page_index,time_cycles
0,1259332
page_index,time_cycles
0,207126
page_index,time_cycles
0,288202
page_index,time_cycles
0,277068
page_index,time_cycles
0,1499512
page_index,time_cycles
0,1956626
page_index,time_cycles
0,390010
page_index,time_cycles
0,747746
page_index,time_cycles
0,1230826
page_index,time_cycles
0,554230
page_index,time_cycles
0,447274
page_index,time_cycles
0,1051970
page_index,time_cycles
0,1287120
page_index,time_cycles
0,400006
page_index,time_cycles
0,1008654
page_index,time_cycles
0,773092
page_index,time_cycles
0,779626
page_index,time_cycles
0,1522394
page_index,time_cycles
0,535718
page_index,time_cycles
0,1551478
page_index,time_cycles
0,1318092
page_index,time_cycles
0,2480582
page_index,time_cycles
0,1308634
page_index,time_cycles
0,1561668
page_index,time_cycles
0,608834
page_index,time_cycles
0,260206
page_index,time_cycles
0,507956
page_index,time_cycles
0,1703446
page_index,time_cycles
0,1465020
page_index,time_cycles
0,1215650
page_index,time_cycles
0,2040098
page_index,time_cycles
0,1045872
page_index,time_cycles
0,1985662
page_index,time_cycles
0,1248084
page_index,time_cycles
0,2207494
page_index,time_cycles
0,1096900
page_index,time_cycles
0,1563838
page_index,time_cycles
0,284086
page_index,time_cycles
0,1723398
page_index,time_cycles
0,1372364
page_index,time_cycles
0,1362620
page_index,time_cycles
0,467450
page_index,time_cycles
0,1717890
page_index,time_cycles
0,1508852
page_index,time_cycles
0,1031796
page_index,time_cycles
0,286298
page_index,time_cycles
0,1297730
page_index,time_cycles
0,796286
page_index,time_cycles
0,688196
page_index,time_cycles
0,239478
page_index,time_cycles
0,939538
page_index,time_cycles
0,1849040
page_index,time_cycles
0,1022856
page_index,time_cycles
0,831220
page_index,time_cycles
0,293728
page_index,time_cycles
0,2353452
page_index,time_cycles
0,1339022
page_index,time_cycles
0,389118
page_index,time_cycles
0,1033614
page_index,time_cycles
0,1028504
page_index,time_cycles
0,1274150
page_index,time_cycles
0,837642
page_index,time_cycles
0,369156
page_index,time_cycles
0,636566
page_index,time_cycles
0,1511120
page_index,time_cycles
0,1536320
page_index,time_cycles
0,1126680
page_index,time_cycles
0,1837988
page_index,time_cycles
0,252322
page_index,time_cycles
0,1824046
page_index,time_cycles
0,1850266
page_index,time_cycles
0,279610
page_index,time_cycles
0,1006222
page_index,time_cycles
0,217362
page_index,time_cycles
0,1162210
page_index,time_cycles
0,1273316
page_index,time_cycles
0,1149262
page_index,time_cycles
0,1333586
page_index,time_cycles
0,1422696
page_index,time_cycles
0,923402
page_index,time_cycles
0,1523066
page_index,time_cycles
0,303084
page_index,time_cycles
0,636204
page_index,time_cycles
0,1126524
page_index,time_cycles
0,1431948
page_index,time_cycles
0,530522
page_index,time_cycles
0,446926
page_index,time_cycles
0,275930
page_index,time_cycles
0,1401954
page_index,time_cycles
0,849138
page_index,time_cycles
0,1584044
page_index,time_cycles
0,1641844
page_index,time_cycles
0,1878368
page_index,time_cycles
0,1892350
page_index,time_cycles
0,1100704
page_index,time_cycles
0,2335608
page_index,time_cycles
0,303990
page_index,time_cycles
0,1382470
page_index,time_cycles
0,1025836
page_index,time_cycles
0,766134
page_index,time_cycles
0,946942
page_index,time_cycles
0,1297576
page_index,time_cycles
0,1946896
page_index,time_cycles
0,596314
page_index,time_cycles
0,880472
page_index,time_cycles
0,1833480
page_index,time_cycles
0,269064
page_index,time_cycles
0,2168066
page_index,time_cycles
0,869342
page_index,time_cycles
0,1618776
page_index,time_cycles
0,1842634
page_index,time_cycles
0,386852
page_index,time_cycles
0,2114888
page_index,time_cycles
0,1835690
page_index,time_cycles
0,1295242
page_index,time_cycles
0,1884636
page_index,time_cycles
0,1326368
page_index,time_cycles
0,2253508
page_index,time_cycles
0,381178
page_index,time_cycles
0,893548
page_index,time_cycles
0,1233598
page_index,time_cycles
0,1660964
page_index,time_cycles
0,1261654
page_index,time_cycles
0,1389716
page_index,time_cycles
0,844220
page_index,time_cycles
0,1273756
page_index,time_cycles
0,1587210
page_index,time_cycles
0,1042574
page_index,time_cycles
0,905242
page_index,time_cycles
0,513728
page_index,time_cycles
0,1300814
page_index,time_cycles
0,1283436
page_index,time_cycles
0,1606780
page_index,time_cycles
0,1245282
page_index,time_cycles
0,706396
page_index,time_cycles
0,1669242
page_index,time_cycles
0,1237386
page_index,time_cycles
0,834874
page_index,time_cycles
0,878500
page_index,time_cycles
0,1008882
page_index,time_cycles
0,274200
page_index,time_cycles
0,657020
page_index,time_cycles
0,1209458
page_index,time_cycles
0,1431784
page_index,time_cycles
0,734562
page_index,time_cycles
0,742562
page_index,time_cycles
0,1222818
page_index,time_cycles
0,1426498
page_index,time_cycles
0,553166
page_index,time_cycles
0,1817932
page_index,time_cycles
0,1346918
page_index,time_cycles
0,992128
page_index,time_cycles
0,302622
page_index,time_cycles
0,803648
page_index,time_cycles
0,1154586
page_index,time_cycles
0,646024
page_index,time_cycles
0,1646848
page_index,time_cycles
0,684814
page_index,time_cycles
0,439772
page_index,time_cycles
0,290574
page_index,time_cycles
0,1454338
page_index,time_cycles
0,287130
page_index,time_cycles
0,1424984
page_index,time_cycles
0,1891538
page_index,time_cycles
0,1707290
page_index,time_cycles
0,1364242
page_index,time_cycles
0,955024
page_index,time_cycles
0,1117038
page_index,time_cycles
0,2141638
page_index,time_cycles
0,689962
page_index,time_cycles
0,555092
page_index,time_cycles
0,272154
page_index,time_cycles
0,1317612
page_index,time_cycles
0,1323620
page_index,time_cycles
0,278290
page_index,time_cycles
0,1633832
page_index,time_cycles
0,1294014
page_index,time_cycles
0,1790312
page_index,time_cycles
0,857590
page_index,time_cycles
0,436522
page_index,time_cycles
0,1022610
page_index,time_cycles
0,1384534
page_index,time_cycles
0,230856
page_index,time_cycles
0,2333510
page_index,time_cycles
0,1581266
page_index,time_cycles
0,2200864
page_index,time_cycles
0,2158536
page_index,time_cycles
0,1644516
page_index,time_cycles
0,1470058
page_index,time_cycles
0,317156
page_index,time_cycles
0,426720
page_index,time_cycles
0,2319150
page_index,time_cycles
0,1559544
page_index,time_cycles
0,1538078
page_index,time_cycles
0,231204
page_index,time_cycles
0,1587964
page_index,time_cycles
0,1375810
page_index,time_cycles
0,1273274
page_index,time_cycles
0,2376030
page_index,time_cycles
0,1906768
page_index,time_cycles
0,766478
page_index,time_cycles
0,612776
page_index,time_cycles
0,2018598
page_index,time_cycles
0,1165062
page_index,time_cycles
0,424024
page_index,time_cycles
0,1806228
page_index,time_cycles
0,1290860
page_index,time_cycles
0,737516
page_index,time_cycles
0,1271522
page_index,time_cycles
0,2244308
page_index,time_cycles
0,1706914
page_index,time_cycles
0,1281024
page_index,time_cycles
0,1829318
page_index,time_cycles
0,1450920
page_index,time_cycles
0,1656118
page_index,time_cycles
0,2270894
page_index,time_cycles
0,892090
page_index,time_cycles
0,321852
page_index,time_cycles
0,614232
page_index,time_cycles
0,518584
page_index,time_cycles
0,1337984
page_index,time_cycles
0,1804076
page_index,time_cycles
0,1866252
page_index,time_cycles
0,921140
page_index,time_cycles
0,912102
page_index,time_cycles
0,1055790
page_index,time_cycles
0,1126794
page_index,time_cycles
0,648640
page_index,time_cycles
0,1283350
page_index,time_cycles
0,1542676
page_index,time_cycles
0,842878
page_index,time_cycles
0,1187962
page_index,time_cycles
0,769408
page_index,time_cycles
0,692508
page_index,time_cycles
0,541306
page_index,time_cycles
0,1013292
page_index,time_cycles
0,1384490
page_index,time_cycles
0,1457632
page_index,time_cycles
0,1334894
page_index,time_cycles
0,1339706
page_index,time_cycles
0,932866
page_index,time_cycles
0,575314
page_index,time_cycles
0,1643086
page_index,time_cycles
0,1517716
page_index,time_cycles
0,1624220
page_index,time_cycles
0,2707414
page_index,time_cycles
0,1376068
page_index,time_cycles
0,1356672
page_index,time_cycles
0,872690
page_index,time_cycles
0,1039512
page_index,time_cycles
0,1531022
page_index,time_cycles
0,1237022
page_index,time_cycles
0,846722
page_index,time_cycles
0,1340044
page_index,time_cycles
0,1653182
page_index,time_cycles
0,1673564
page_index,time_cycles
0,1675374
page_index,time_cycles
0,810146
page_index,time_cycles
0,1500882
page_index,time_cycles
0,1244286
page_index,time_cycles
0,421482
page_index,time_cycles
0,1084342
page_index,time_cycles
0,969228
page_index,time_cycles
0,1218312
page_index,time_cycles
0,1723518
page_index,time_cycles
0,773294
page_index,time_cycles
0,338648
page_index,time_cycles
0,1288722
page_index,time_cycles
0,570858
page_index,time_cycles
0,831448
page_index,time_cycles
0,242450
page_index,time_cycles
0,1817506
page_index,time_cycles
0,284018
page_index,time_cycles
0,1383722
page_index,time_cycles
0,1373286
page_index,time_cycles
0,1047152
page_index,time_cycles
0,2254068
page_index,time_cycles
0,1130724
page_index,time_cycles
0,838492
page_index,time_cycles
0,997410
page_index,time_cycles
0,1473506
page_index,time_cycles
0,1169302
page_index,time_cycles
0,1498568
page_index,time_cycles
0,1069790
page_index,time_cycles
0,646524
page_index,time_cycles
0,1379282
page_index,time_cycles
0,1197576
page_index,time_cycles
0,2987066
page_index,time_cycles
0,996920
page_index,time_cycles
0,1091380
page_index,time_cycles
0,2532148
page_index,time_cycles
0,1059312
page_index,time_cycles
0,700354
page_index,time_cycles
0,1305378
page_index,time_cycles
0,946736
page_index,time_cycles
0,1512294
page_index,time_cycles
0,2211848
page_index,time_cycles
0,219316
page_index,time_cycles
0,1522406
page_index,time_cycles
0,633742
page_index,time_cycles
0,1642696
page_index,time_cycles
0,971286
page_index,time_cycles
0,1053702
page_index,time_cycles
0,1446124
page_index,time_cycles
0,1253398
page_index,time_cycles
0,1047992
page_index,time_cycles
0,1635704
page_index,time_cycles
0,1336494
page_index,time_cycles
0,1608610
page_index,time_cycles
0,1464524
page_index,time_cycles
0,2000400
page_index,time_cycles
0,266432
page_index,time_cycles
0,717214
page_index,time_cycles
0,2099288
page_index,time_cycles
0,273636
page_index,time_cycles
0,363552
page_index,time_cycles
0,682428
page_index,time_cycles
0,1264396
page_index,time_cycles
0,281718
page_index,time_cycles
0,1716438
page_index,time_cycles
0,1407616
page_index,time_cycles
0,1179942
page_index,time_cycles
0,1361026
page_index,time_cycles
0,1686972
page_index,time_cycles
0,1637296
page_index,time_cycles
0,1672504
page_index,time_cycles
0,2362976
page_index,time_cycles
0,1064356
page_index,time_cycles
0,234900
page_index,time_cycles
0,948510
page_index,time_cycles
0,2230476
page_index,time_cycles
0,1528182
SUMMARY,COUNT=10000,MEAN=1196990.14,STD=636058.24
